,close
2005-01-03,89.9759521484375
2005-01-04,88.94990539550781
2005-01-05,88.88732147216797
2005-01-06,87.69444274902344
2005-01-07,88.68294525146484
2005-01-10,88.4869155883789
2005-01-11,86.79769134521484
2005-01-12,85.94679260253906
2005-01-13,87.08965301513672
2005-01-14,88.47859191894531
2005-01-17,92.60782623291016
2005-01-18,93.67977142333984
2005-01-19,99.53577423095705
2005-01-20,99.62753295898438
2005-01-24,100.17810821533205
2005-01-25,100.11555480957033
2005-01-27,105.01641845703124
2005-01-28,109.56696319580078
2005-01-31,112.7786102294922
2005-02-01,113.46678924560548
2005-02-02,115.65653228759766
2005-02-03,115.68154907226562
2005-02-04,115.8859634399414
2005-02-07,113.3166275024414
2005-02-08,110.13420867919922
2005-02-09,107.02267456054688
2005-02-10,112.16960144042967
2005-02-11,112.54918670654295
2005-02-14,114.8724136352539
2005-02-15,114.80567932128906
2005-02-16,115.85260009765624
2005-02-17,113.37922668457033
2005-02-18,111.91104125976562
2005-02-21,110.1175308227539
2005-02-22,109.01638793945312
2005-02-23,114.82652282714844
2005-02-24,114.96417999267578
2005-02-25,111.34797668457033
2005-02-28,111.41050720214844
2005-03-01,110.16339874267578
2005-03-02,118.39686584472656
2005-03-03,119.96517181396484
2005-03-04,121.72115325927734
2005-03-07,127.45201873779295
2005-03-08,127.6104736328125
2005-03-09,123.1017074584961
2005-03-10,121.94637298583984
2005-03-11,119.63148498535156
2005-03-14,117.6669464111328
2005-03-15,117.8212890625
2005-03-16,117.59188079833984
2005-03-17,117.25819396972656
2005-03-18,117.06635284423828
2005-03-21,116.43233489990234
2005-03-22,114.28849792480467
2005-03-23,113.29161071777344
2005-03-24,113.5543975830078
2005-03-28,116.74512481689452
2005-03-29,113.35832977294922
2005-03-30,113.15398406982422
2005-03-31,114.80982208251952
2005-04-01,114.44281768798828
2005-04-04,114.89323425292967
2005-04-05,113.3083038330078
2005-04-06,111.25202941894533
2005-04-07,110.66389465332033
2005-04-08,107.94441986083984
2005-04-11,105.95905303955078
2005-04-12,108.3865737915039
2005-04-13,109.31250762939452
2005-04-15,103.8193588256836
2005-04-18,102.04672241210938
2005-04-19,101.55452728271484
2005-04-20,103.9903793334961
2005-04-21,105.25001525878906
2005-04-22,105.8506317138672
2005-04-25,108.65767669677734
2005-04-26,109.45851135253906
2005-04-27,108.39073181152344
2005-04-28,109.6461944580078
2005-04-29,108.15296936035156
2005-05-02,108.90792846679688
2005-05-03,108.08627319335938
2005-05-04,107.66498565673828
2005-05-05,108.51592254638672
2005-05-06,108.41996002197266
2005-05-09,109.16236877441406
2005-05-10,110.38861846923828
2005-05-11,110.7139663696289
2005-05-12,108.99970245361328
2005-05-13,110.80572509765624
2005-05-16,114.58880615234376
2005-05-17,115.82340240478516
2005-05-18,114.93082427978516
2005-05-19,114.04241180419922
2005-05-20,114.28849792480467
2005-05-23,115.67740631103516
2005-05-24,114.55538177490234
2005-05-25,115.07261657714844
2005-05-26,113.73371124267578
2005-05-27,112.38235473632812
2005-05-30,112.16960144042967
2005-05-31,114.4386215209961
2005-06-01,115.11848449707033
2005-06-02,115.10598754882812
2005-06-03,115.93600463867188
2005-06-06,117.10389709472656
2005-06-07,117.21647644042967
2005-06-08,116.62417602539062
2005-06-09,119.58979034423828
2005-06-10,119.63982391357422
2005-06-13,119.68570709228516
2005-06-14,119.70654296875
2005-06-15,119.34788513183594
2005-06-16,117.92138671875
2005-06-17,117.29158020019533
2005-06-20,116.42819213867188
2005-06-21,117.3958511352539
2005-06-22,118.35933685302734
2005-06-23,119.59809112548828
2005-06-24,122.4510269165039
2005-06-27,124.857666015625
2005-06-28,121.78783416748048
2005-06-29,122.4093246459961
2005-06-30,120.99954223632812
2005-07-01,122.5553207397461
2005-07-04,121.86292266845705
2005-07-05,121.99226379394533
2005-07-06,122.4594268798828
2005-07-07,121.2623291015625
2005-07-08,122.8973388671875
2005-07-11,124.69499206542967
2005-07-12,126.07972717285156
2005-07-13,125.14129638671876
2005-07-14,126.9223175048828
2005-07-15,129.2371826171875
2005-07-18,130.80548095703125
2005-07-19,133.06201171875
2005-07-20,140.63583374023438
2005-07-21,134.20242309570312
2005-07-22,135.45565795898438
2005-07-25,135.87342834472656
2005-07-26,133.36688232421875
2005-07-27,136.20762634277344
2005-07-28,272.4152526855469
2005-07-29,130.40090942382812
2005-08-01,131.9465789794922
2005-08-02,131.88388061523438
2005-08-03,133.84732055664062
2005-08-04,132.42698669433594
2005-08-05,131.65411376953125
2005-08-08,126.76648712158205
2005-08-09,126.99624633789062
2005-08-10,129.44004821777344
2005-08-11,131.88388061523438
2005-08-12,131.4243621826172
2005-08-16,129.46096801757812
2005-08-17,129.89959716796875
2005-08-18,128.39573669433594
2005-08-19,127.60197448730467
2005-08-22,124.28084564208984
2005-08-23,122.0876693725586
2005-08-24,121.48189544677734
2005-08-25,121.711669921875
2005-08-26,125.17899322509766
2005-08-29,122.12947082519533
2005-08-30,132.88653564453125
2005-08-31,135.93612670898438
2005-09-01,136.01966857910156
2005-09-02,133.74290466308594
2005-09-05,133.22068786621094
2005-09-06,131.77947998046875
2005-09-08,133.61758422851562
2005-09-09,134.13980102539062
2005-09-12,137.3564453125
2005-09-13,139.6123046875
2005-09-14,137.89950561523438
2005-09-15,139.54962158203125
2005-09-16,139.31988525390625
2005-09-19,144.0404052734375
2005-09-20,144.4164276123047
2005-09-21,140.19717407226562
2005-09-22,132.9700469970703
2005-09-23,134.5992889404297
2005-09-26,140.510498046875
2005-09-27,141.3459930419922
2005-09-28,140.21804809570312
2005-09-29,139.09011840820312
2005-09-30,146.56785583496094
2005-10-03,151.51821899414062
2005-10-04,151.4764404296875
2005-10-05,150.9960174560547
2005-10-06,148.57305908203125
2005-10-07,147.69577026367188
2005-10-10,145.3563995361328
2005-10-11,144.458251953125
2005-10-13,141.0535125732422
2005-10-14,138.5888671875
2005-10-17,136.89695739746094
2005-10-18,135.9569549560547
2005-10-19,133.22068786621094
2005-10-20,131.04843139648438
2005-10-21,135.91519165039062
2005-10-24,134.66195678710938
2005-10-25,134.16067504882812
2005-10-26,132.802978515625
2005-10-27,125.09548950195312
2005-10-28,124.15550994873048
2005-10-31,134.4739990234375
2005-11-02,136.98049926757812
2005-11-04,136.98049926757812
2005-11-07,138.21279907226562
2005-11-08,140.9908447265625
2005-11-09,137.9622039794922
2005-11-10,138.7350616455078
2005-11-11,140.6984405517578
2005-11-14,142.22325134277344
2005-11-16,142.01438903808594
2005-11-17,143.3929443359375
2005-11-18,143.20497131347656
2005-11-21,146.48428344726562
2005-11-22,145.46078491210938
2005-11-23,147.29888916015625
2005-11-24,150.53651428222656
2005-11-25,151.07955932617188
2005-11-28,155.2779541015625
2005-11-29,152.58346557617188
2005-11-30,149.84716796875
2005-12-01,153.27273559570312
2005-12-02,158.91238403320312
2005-12-05,159.1839599609375
2005-12-06,160.7086944580078
2005-12-07,159.4554901123047
2005-12-08,161.20997619628906
2005-12-09,164.67735290527344
2005-12-12,163.92544555664062
2005-12-13,161.3353271484375
2005-12-14,158.61997985839844
2005-12-15,157.3875732421875
2005-12-16,159.85231018066406
2005-12-19,160.81321716308594
2005-12-20,160.08209228515625
2005-12-21,159.97764587402344
2005-12-22,160.5207061767578
2005-12-23,161.2726593017578
2005-12-26,153.6905059814453
2005-12-27,157.74267578125
2005-12-28,160.10299682617188
2005-12-29,163.00634765625
2005-12-30,163.92544555664062
2006-01-02,162.9854736328125
2006-01-03,162.1290740966797
2006-01-04,163.8418731689453
2006-01-05,164.9906768798828
2006-01-06,168.4580078125
2006-01-09,166.78701782226562
2006-01-10,164.96975708007812
2006-01-12,163.08987426757812
2006-01-13,163.88360595703125
2006-01-16,163.4658660888672
2006-01-17,161.12644958496094
2006-01-18,160.9803009033203
2006-01-19,164.3431396484375
2006-01-20,166.36923217773438
2006-01-23,164.0715789794922
2006-01-24,161.29360961914062
2006-01-25,160.81321716308594
2006-01-27,161.10557556152344
2006-01-30,159.81051635742188
2006-01-31,161.06378173828125
2006-02-01,159.05862426757812
2006-02-02,156.19703674316406
2006-02-03,158.55728149414062
2006-02-06,158.30670166015625
2006-02-07,173.28302001953125
2006-02-08,171.131591796875
2006-02-10,170.29608154296875
2006-02-13,174.16033935546875
2006-02-14,174.05584716796875
2006-02-15,173.3039093017578
2006-02-16,173.42922973632812
2006-02-17,168.0193634033203
2006-02-20,165.32492065429688
2006-02-21,169.02198791503906
2006-02-22,169.92010498046875
2006-02-23,166.78701782226562
2006-02-24,171.27783203125
2006-02-27,170.27517700195312
2006-02-28,174.0976104736328
2006-03-01,180.4892425537109
2006-03-02,179.9252471923828
2006-03-03,182.1393280029297
2006-03-06,182.306396484375
2006-03-07,186.5257110595703
2006-03-08,188.050521850586
2006-03-09,192.41604614257807
2006-03-10,196.99038696289065
2006-03-13,195.77883911132807
2006-03-14,193.7736968994141
2006-03-16,193.6483764648437
2006-03-17,191.6640625
2006-03-20,191.7058258056641
2006-03-21,189.76324462890625
2006-03-22,188.1967315673828
2006-03-23,185.23068237304688
2006-03-24,186.5048065185547
2006-03-27,186.7764129638672
2006-03-28,183.81033325195312
2006-03-29,181.5545196533203
2006-03-30,179.13148498535156
2006-03-31,186.04530334472656
2006-04-03,189.72149658203125
2006-04-04,191.7058258056641
2006-04-05,191.97732543945312
2006-04-07,188.13406372070312
2006-04-10,188.36378479003903
2006-04-12,182.9956817626953
2006-04-13,176.1446075439453
2006-04-17,178.88088989257812
2006-04-18,180.2385406494141
2006-04-19,178.69287109375
2006-04-20,180.80252075195312
2006-04-21,179.9252471923828
2006-04-24,180.6145477294922
2006-04-25,177.1681365966797
2006-04-26,178.42135620117188
2006-04-27,178.44229125976562
2006-04-28,178.14979553222656
2006-05-02,186.04530334472656
2006-05-03,186.1288452148437
2006-05-04,181.70069885253903
2006-05-05,180.38473510742188
2006-05-08,178.17066955566406
2006-05-09,178.5048828125
2006-05-10,181.01141357421875
2006-05-11,179.27774047851562
2006-05-12,177.7738494873047
2006-05-15,170.37969970703125
2006-05-16,167.95669555664062
2006-05-17,166.59898376464844
2006-05-18,153.81581115722656
2006-05-19,146.94383239746094
2006-05-22,144.8341522216797
2006-05-23,145.8785858154297
2006-05-24,144.91773986816406
2006-05-25,143.05877685546875
2006-05-26,142.76632690429688
2006-05-29,145.9621124267578
2006-05-30,146.23362731933594
2006-05-31,141.3459930419922
2006-06-01,133.0954132080078
2006-06-02,137.21026611328125
2006-06-05,135.70631408691406
2006-06-06,132.25990295410156
2006-06-07,118.28614044189452
2006-06-08,110.99639892578124
2006-06-09,125.93097686767578
2006-06-12,123.23650360107422
2006-06-13,116.76133728027344
2006-06-14,119.1843032836914
2006-06-15,131.09019470214844
2006-06-16,139.48696899414062
2006-06-19,135.39303588867188
2006-06-20,127.72730255126952
2006-06-21,129.08497619628906
2006-06-22,132.0301055908203
2006-06-23,130.94400024414062
2006-06-26,127.33043670654295
2006-06-27,120.31227111816406
2006-06-28,119.43499755859376
2006-06-29,121.8788070678711
2006-06-30,131.09019470214844
2006-07-03,131.90480041503906
2006-07-04,130.58888244628906
2006-07-05,135.56008911132812
2006-07-06,135.68539428710938
2006-07-07,127.85260009765624
2006-07-10,130.0667724609375
2006-07-11,125.2625503540039
2006-07-12,130.4426727294922
2006-07-13,131.8003387451172
2006-07-14,131.0275115966797
2006-07-17,129.75340270996094
2006-07-18,125.45049285888672
2006-07-19,122.56807708740234
2006-07-20,121.93498229980467
2006-07-21,120.96419525146484
2006-07-24,115.43515014648438
2006-07-25,117.58768463134766
2006-07-26,117.77762603759766
2006-07-27,117.98865509033205
2006-07-28,126.0290298461914
2006-07-31,126.99976348876952
2006-08-01,126.93649291992188
2006-08-02,129.97537231445312
2006-08-03,128.89906311035156
2006-08-04,128.28709411621094
2006-08-07,126.64102935791016
2006-08-08,126.6620864868164
2006-08-09,128.6457977294922
2006-08-10,129.74317932128906
2006-08-11,134.30154418945312
2006-08-14,137.00274658203125
2006-08-16,137.40365600585938
2006-08-17,141.4766387939453
2006-08-18,147.7443389892578
2006-08-21,147.469970703125
2006-08-22,146.45704650878906
2006-08-23,142.74282836914062
2006-08-24,144.9376220703125
2006-08-25,143.84017944335938
2006-08-28,143.861328125
2006-08-29,143.92465209960938
2006-08-30,141.58216857910156
2006-08-31,136.6650848388672
2006-09-01,137.17156982421875
2006-09-04,138.33226013183594
2006-09-05,140.18931579589844
2006-09-06,141.79318237304688
2006-09-07,143.94569396972656
2006-09-08,146.0771942138672
2006-09-11,138.47999572753906
2006-09-12,139.72509765625
2006-09-13,145.25411987304688
2006-09-14,146.4358673095703
2006-09-15,144.70545959472656
2006-09-18,145.12747192382812
2006-09-19,145.5074005126953
2006-09-20,145.92941284179688
2006-09-21,148.8839111328125
2006-09-22,149.2215576171875
2006-09-25,146.01385498046875
2006-09-26,146.3937225341797
2006-09-27,147.91314697265625
2006-09-28,147.23785400390625
2006-09-29,151.33187866210938
2006-10-03,152.28152465820312
2006-10-04,150.7620849609375
2006-10-05,152.5980987548828
2006-10-06,155.40484619140625
2006-10-09,154.32859802246094
2006-10-10,153.77987670898438
2006-10-11,150.61436462402344
2006-10-12,152.70362854003906
2006-10-13,151.69068908691406
2006-10-16,153.92755126953125
2006-10-17,152.76690673828125
2006-10-18,152.09164428710938
2006-10-19,147.5966339111328
2006-10-20,146.41481018066406
2006-10-23,145.33856201171875
2006-10-26,147.15342712402344
2006-10-27,147.3011932373047
2006-10-30,148.4196319580078
2006-10-31,151.43740844726562
2006-11-01,154.11752319335938
2006-11-02,155.78469848632812
2006-11-03,153.526611328125
2006-11-06,160.9549560546875
2006-11-07,158.8657989501953
2006-11-08,157.47296142578125
2006-11-09,158.57034301757812
2006-11-10,159.3933563232422
2006-11-13,160.15309143066406
2006-11-14,161.67254638671875
2006-11-15,165.89317321777344
2006-11-16,162.79098510742188
2006-11-17,155.826904296875
2006-11-20,157.1141815185547
2006-11-21,158.5914306640625
2006-11-22,160.0897674560547
2006-11-23,161.5880889892578
2006-11-24,159.0557098388672
2006-11-27,157.1141815185547
2006-11-28,156.29119873046875
2006-11-29,156.33335876464844
2006-11-30,153.37889099121094
2006-12-01,153.77987670898438
2006-12-04,151.03646850585938
2006-12-05,152.6614532470703
2006-12-06,151.6695556640625
2006-12-07,149.98130798339844
2006-12-08,147.2800750732422
2006-12-11,139.0919647216797
2006-12-12,131.66358947753906
2006-12-13,133.98500061035156
2006-12-14,139.9572296142578
2006-12-15,143.6291961669922
2006-12-18,143.20709228515625
2006-12-19,138.9231719970703
2006-12-20,138.69100952148438
2006-12-21,140.8224334716797
2006-12-22,141.26559448242188
2006-12-26,143.861328125
2006-12-27,149.6858673095703
2006-12-28,153.16790771484375
2006-12-29,153.18894958496094
2007-01-02,154.96165466308594
2007-01-03,153.4000244140625
2007-01-04,151.98614501953125
2007-01-05,150.3611602783203
2007-01-08,151.2474365234375
2007-01-09,151.1630401611328
2007-01-10,150.93093872070312
2007-01-11,154.43408203125
2007-01-12,157.662841796875
2007-01-15,157.07199096679688
2007-01-16,155.7635498046875
2007-01-17,153.92755126953125
2007-01-18,155.63694763183594
2007-01-19,155.5102996826172
2007-01-22,146.98458862304688
2007-01-23,149.49594116210938
2007-01-24,147.53329467773438
2007-01-25,148.0397491455078
2007-01-29,144.74771118164062
2007-01-31,141.18124389648438
2007-02-01,141.2445526123047
2007-02-02,144.03016662597656
2007-02-05,151.09974670410156
2007-02-06,150.3611602783203
2007-02-07,149.3903350830078
2007-02-08,152.7880096435547
2007-02-09,148.8839111328125
2007-02-12,141.35003662109375
2007-02-13,141.68765258789062
2007-02-14,139.93606567382812
2007-02-15,143.12271118164062
2007-02-19,142.70062255859375
2007-02-20,139.492919921875
2007-02-21,140.31594848632812
2007-02-22,138.52223205566406
2007-02-23,137.61471557617188
2007-02-26,141.20228576660156
2007-02-27,142.55288696289062
2007-02-28,138.8386993408203
2007-03-01,138.14230346679688
2007-03-02,135.52552795410156
2007-03-05,127.1263656616211
2007-03-06,129.80650329589844
2007-03-07,129.4689178466797
2007-03-08,131.34710693359375
2007-03-09,127.8650131225586
2007-03-12,132.10679626464844
2007-03-13,133.05641174316406
2007-03-14,128.70912170410156
2007-03-15,129.67990112304688
2007-03-16,129.44775390625
2007-03-19,130.35520935058594
2007-03-20,131.4736785888672
2007-03-21,131.38929748535156
2007-03-22,135.16673278808594
2007-03-23,136.30630493164062
2007-03-26,133.98500061035156
2007-03-28,133.05641174316406
2007-03-29,129.3843994140625
2007-03-30,133.18304443359375
2007-04-02,127.67505645751952
2007-04-03,128.6457977294922
2007-04-04,129.4899444580078
2007-04-05,128.9834747314453
2007-04-09,130.27078247070312
2007-04-10,130.58731079101562
2007-04-11,131.6846923828125
2007-04-12,132.3600311279297
2007-04-13,133.8372344970703
2007-04-16,133.96388244628906
2007-04-17,135.6310272216797
2007-04-18,134.9135284423828
2007-04-19,136.5806884765625
2007-04-20,135.8209686279297
2007-04-23,138.03677368164062
2007-04-24,138.14230346679688
2007-04-25,135.79986572265625
2007-04-26,136.2218780517578
2007-04-27,134.2170867919922
2007-04-30,136.62289428710938
2007-05-03,140.505859375
2007-05-04,143.37599182128906
2007-05-07,142.53182983398438
2007-05-08,142.4473876953125
2007-05-09,144.70545959472656
2007-05-10,145.23300170898438
2007-05-11,145.92941284179688
2007-05-14,146.3937225341797
2007-05-15,146.71026611328125
2007-05-16,146.92129516601562
2007-05-17,144.62103271484375
2007-05-18,142.21524047851562
2007-05-21,141.03347778320312
2007-05-22,143.6291961669922
2007-05-23,138.58544921875
2007-05-24,135.71546936035156
2007-05-25,139.0919647216797
2007-05-28,136.96054077148438
2007-05-29,138.05789184570312
2007-05-30,134.976806640625
2007-05-31,138.54327392578125
2007-06-01,141.62437438964844
2007-06-04,136.6650848388672
2007-06-05,136.81283569335938
2007-06-06,134.85020446777344
2007-06-07,134.66024780273438
2007-06-08,133.20411682128906
2007-06-11,130.96717834472656
2007-06-12,128.20265197753906
2007-06-13,124.55176544189452
2007-06-14,126.21893310546876
2007-06-15,128.49813842773438
2007-06-18,128.09710693359375
2007-06-19,130.10195922851562
2007-06-20,128.9834747314453
2007-06-21,129.30003356933594
2007-06-22,129.11007690429688
2007-06-25,129.13116455078125
2007-06-26,129.1522979736328
2007-06-27,131.6214141845703
2007-06-28,131.135986328125
2007-06-29,130.20742797851562
2007-07-02,130.08082580566406
2007-07-03,130.29188537597656
2007-07-04,129.7854461669922
2007-07-05,129.5532684326172
2007-07-06,130.86167907714844
2007-07-09,130.77725219726562
2007-07-10,133.8372344970703
2007-07-11,131.87461853027344
2007-07-12,131.853515625
2007-07-13,133.39407348632812
2007-07-16,133.5629119873047
2007-07-17,130.3974151611328
2007-07-18,130.6717071533203
2007-07-19,130.1808319091797
2007-07-20,130.0100555419922
2007-07-23,130.3088836669922
2007-07-24,128.68667602539062
2007-07-25,125.31424713134766
2007-07-26,123.60662841796876
2007-07-27,119.40180206298828
2007-07-30,120.6397705078125
2007-07-31,122.00579071044922
2007-08-01,117.24597930908205
2007-08-02,118.65475463867188
2007-08-03,118.65475463867188
2007-08-06,118.35588073730467
2007-08-07,118.35588073730467
2007-08-08,119.27371978759766
2007-08-09,117.63016510009766
2007-08-10,116.62701416015624
2007-08-13,116.75507354736328
2007-08-14,117.24597930908205
2007-08-16,113.51066589355467
2007-08-17,111.48291778564452
2007-08-20,115.96527099609376
2007-08-21,111.82447052001952
2007-08-22,112.44342803955078
2007-08-23,110.09553527832033
2007-08-24,111.63236236572266
2007-08-27,114.2790756225586
2007-08-28,114.02294158935548
2007-08-29,113.57469940185548
2007-08-30,114.23638916015624
2007-08-31,112.91302490234376
2007-09-03,117.22463989257812
2007-09-04,118.14242553710938
2007-09-05,116.4135284423828
2007-09-06,117.01117706298828
2007-09-07,115.7518539428711
2007-09-10,115.62378692626952
2007-09-11,115.28230285644533
2007-09-12,115.45304107666016
2007-09-13,115.34630584716795
2007-09-14,115.26091766357422
2007-09-17,115.28230285644533
2007-09-18,116.4135284423828
2007-09-19,119.7432861328125
2007-09-20,124.71662902832033
2007-09-21,122.24058532714844
2007-09-24,121.6002960205078
2007-09-25,120.6397705078125
2007-09-26,120.76781463623048
2007-09-27,121.45084381103516
2007-09-28,122.04850769042967
2007-10-01,122.26194763183594
2007-10-03,127.02182006835938
2007-10-04,125.78382873535156
2007-10-05,122.09123992919922
2007-10-08,117.95033264160156
2007-10-09,119.99942779541016
2007-10-10,120.08482360839844
2007-10-11,125.54906463623048
2007-10-12,123.99087524414062
2007-10-15,123.30787658691406
2007-10-16,121.32278442382812
2007-10-17,119.65789794921876
2007-10-18,121.68566131591795
2007-10-19,121.2801284790039
2007-10-22,123.26516723632812
2007-10-23,125.82650756835938
2007-10-24,128.8361358642578
2007-10-25,133.83078002929688
2007-10-26,143.64930725097656
2007-10-29,150.09536743164062
2007-10-30,149.79653930664062
2007-10-31,160.81033325195312
2007-11-01,148.9427490234375
2007-11-02,156.15721130371094
2007-11-05,155.60227966308594
2007-11-06,154.55636596679688
2007-11-07,154.81246948242188
2007-11-08,148.72927856445312
2007-11-12,145.03662109375
2007-11-13,150.94911193847656
2007-11-14,151.26927185058594
2007-11-15,149.22023010253906
2007-11-16,146.63751220703125
2007-11-19,144.58847045898438
2007-11-20,144.78053283691406
2007-11-21,142.34722900390625
2007-11-22,137.09646606445312
2007-11-23,143.09429931640625
2007-11-26,143.82003784179688
2007-11-27,141.66421508789062
2007-11-28,139.23097229003906
2007-11-29,134.6845245361328
2007-11-30,133.74533081054688
2007-12-03,137.60874938964844
2007-12-04,139.6151580810547
2007-12-05,142.43264770507812
2007-12-06,145.99717712402344
2007-12-07,150.33013916015625
2007-12-10,154.42832946777344
2007-12-11,154.83384704589844
2007-12-12,152.44326782226562
2007-12-13,154.47100830078125
2007-12-14,150.69297790527344
2007-12-17,149.62574768066406
2007-12-18,147.34190368652344
2007-12-19,146.87234497070312
2007-12-20,145.20742797851562
2007-12-24,144.97264099121094
2007-12-26,146.4454345703125
2007-12-27,145.5062713623047
2007-12-28,151.16258239746094
2007-12-31,151.20526123046875
2008-01-01,156.81887817382812
2008-01-02,157.4379119873047
2008-01-03,159.7644500732422
2008-01-04,158.05690002441406
2008-01-07,162.90211486816406
2008-01-08,156.75486755371094
2008-01-09,157.09637451171875
2008-01-10,156.19992065429688
2008-01-11,154.23619079589844
2008-01-14,152.03770446777344
2008-01-15,152.54998779296875
2008-01-16,149.81787109375
2008-01-17,156.8829345703125
2008-01-18,147.83279418945312
2008-01-21,132.55007934570312
2008-01-22,120.5117416381836
2008-01-23,124.43907928466795
2008-01-24,125.31424713134766
2008-01-25,123.35052490234376
2008-01-28,120.7251434326172
2008-01-29,123.05176544189452
2008-01-30,122.26194763183594
2008-01-31,120.53304290771484
2008-02-01,121.30144500732422
2008-02-04,123.1370849609375
2008-02-05,124.80199432373048
2008-02-06,121.49356842041016
2008-02-07,117.3740692138672
2008-02-08,119.80734252929688
2008-02-11,115.23959350585938
2008-02-12,114.59923553466795
2008-02-13,112.3794174194336
2008-02-14,118.69742584228516
2008-02-15,122.17662048339844
2008-02-18,129.647216796875
2008-02-19,128.1103973388672
2008-02-20,120.34097290039062
2008-02-21,121.40818786621094
2008-02-22,121.66432189941406
2008-02-25,121.40818786621094
2008-02-26,125.2288818359375
2008-02-27,121.45084381103516
2008-02-28,124.84471130371094
2008-02-29,123.6920166015625
2008-03-03,121.81372833251952
2008-03-04,118.84685516357422
2008-03-05,118.29188537597656
2008-03-07,118.2705307006836
2008-03-10,126.3174285888672
2008-03-11,124.50312042236328
2008-03-12,127.14990997314452
2008-03-13,115.4957275390625
2008-03-14,119.78595733642578
2008-03-17,108.21720886230467
2008-03-18,105.69854736328124
2008-03-19,109.09233856201172
2008-03-24,108.87889862060548
2008-03-25,112.59283447265624
2008-03-26,118.12110900878906
2008-03-27,119.85003662109376
2008-03-28,119.99942779541016
2008-03-31,114.04428100585938
2008-04-01,114.87673950195312
2008-04-02,115.94398498535156
2008-04-03,116.39220428466795
2008-04-04,113.93757629394533
2008-04-07,118.71874237060548
2008-04-08,116.9898681640625
2008-04-09,116.20008087158205
2008-04-10,118.01438903808594
2008-04-11,117.30998992919922
2008-04-15,119.27371978759766
2008-04-16,123.26516723632812
2008-04-17,124.97273254394533
2008-04-21,126.5095443725586
2008-04-22,125.82650756835938
2008-04-23,126.68035125732422
2008-04-24,126.10398864746094
2008-04-25,125.80517578125
2008-04-28,125.5277328491211
2008-04-29,128.1103973388672
2008-04-30,125.80517578125
2008-05-02,128.153076171875
2008-05-05,127.87557220458984
2008-05-06,130.75711059570312
2008-05-07,131.6962890625
2008-05-08,132.42198181152344
2008-05-09,132.84886169433594
2008-05-12,127.64079284667967
2008-05-13,122.92361450195312
2008-05-14,127.57676696777344
2008-05-15,127.555419921875
2008-05-16,127.38471221923828
2008-05-20,126.4668426513672
2008-05-21,125.39959716796876
2008-05-22,120.53304290771484
2008-05-23,118.37725067138672
2008-05-26,113.93757629394533
2008-05-27,113.29723358154295
2008-05-28,111.78177642822266
2008-05-29,110.3516845703125
2008-05-30,109.51922607421876
2008-06-02,108.2599105834961
2008-06-03,109.7753677368164
2008-06-04,105.82662200927734
2008-06-05,109.39116668701172
2008-06-06,107.04326629638672
2008-06-09,104.97283172607422
2008-06-10,105.0795440673828
2008-06-11,108.0037612915039
2008-06-12,106.53099822998048
2008-06-13,111.69637298583984
2008-06-16,109.83937072753906
2008-06-17,112.33673858642578
2008-06-18,109.17770385742188
2008-06-19,108.04645538330078
2008-06-20,103.15850067138672
2008-06-23,101.49365234375
2008-06-24,99.7007064819336
2008-06-25,102.60359191894533
2008-06-26,105.6772003173828
2008-06-27,104.4605484008789
2008-06-30,100.36238098144533
2008-07-01,96.9472427368164
2008-07-02,101.3228988647461
2008-07-03,98.12120056152344
2008-07-04,98.37734985351562
2008-07-07,98.5053939819336
2008-07-08,100.38375091552734
2008-07-09,101.2375030517578
2008-07-10,100.7679443359375
2008-07-11,101.17345428466795
2008-07-14,102.4328155517578
2008-07-15,98.86827850341795
2008-07-16,96.2215347290039
2008-07-17,103.9696273803711
2008-07-18,105.6772003173828
2008-07-21,108.2599105834961
2008-07-22,103.52140045166016
2008-07-23,109.7540054321289
2008-07-24,104.4178695678711
2008-07-25,104.33248901367188
2008-07-28,104.14038848876952
2008-07-29,103.79888153076172
2008-07-30,103.82022094726562
2008-07-31,110.7069091796875
2008-08-01,110.62028503417967
2008-08-04,110.62028503417967
2008-08-05,110.90179443359376
2008-08-06,116.55411529541016
2008-08-07,113.28398895263672
2008-08-08,115.51459503173828
2008-08-11,119.60761260986328
2008-08-12,117.00890350341795
2008-08-13,116.0776824951172
2008-08-14,115.92606353759766
2008-08-18,113.73880004882812
2008-08-19,115.40631866455078
2008-08-20,119.1528778076172
2008-08-21,116.66239166259766
2008-08-22,117.24712371826172
2008-08-25,115.01648712158205
2008-08-26,112.9808349609375
2008-08-27,111.16170501708984
2008-08-28,113.82540130615234
2008-08-29,115.75282287597656
2008-09-01,115.9477310180664
2008-09-02,116.7273406982422
2008-09-04,115.18975830078124
2008-09-05,108.71453857421876
2008-09-08,117.81016540527344
2008-09-09,115.57957458496094
2008-09-10,115.42799377441406
2008-09-11,114.38848114013672
2008-09-12,111.24830627441406
2008-09-15,107.95655822753906
2008-09-16,105.35783386230467
2008-09-17,103.95012664794922
2008-09-18,98.73098754882812
2008-09-19,99.25074768066406
2008-09-22,96.3271484375
2008-09-23,92.5805892944336
2008-09-24,92.9054718017578
2008-09-25,91.2379150390625
2008-09-26,85.6289291381836
2008-09-29,82.77030181884766
2008-09-30,79.933349609375
2008-10-01,79.91167449951172
2008-10-03,79.65181732177734
2008-10-06,74.71416473388672
2008-10-07,71.50904846191406
2008-10-08,70.859375
2008-10-10,61.98029327392578
2008-10-13,65.1854019165039
2008-10-14,69.21348571777344
2008-10-15,66.3548583984375
2008-10-16,61.80702972412109
2008-10-17,59.92293167114258
2008-10-20,58.06049728393555
2008-10-21,58.66686630249024
2008-10-22,55.82989883422852
2008-10-23,51.97506332397461
2008-10-24,43.962249755859375
2008-10-27,41.38515090942383
2008-10-29,48.250186920166016
2008-10-31,44.07053756713867
2008-11-03,45.261627197265625
2008-11-04,46.77756118774414
2008-11-05,45.32661056518555
2008-11-06,43.78899383544922
2008-11-07,43.98391342163086
2008-11-10,48.03362655639648
2008-11-11,44.373722076416016
2008-11-12,44.568626403808594
2008-11-14,44.265438079833984
2008-11-17,44.222129821777344
2008-11-18,44.17882537841797
2008-11-19,42.55459213256836
2008-11-20,39.08958435058594
2008-11-21,40.04246139526367
2008-11-24,39.50104904174805
2008-11-25,39.24118041992188
2008-11-26,38.18001556396485
2008-11-27,38.18001556396485
2008-11-28,37.96346664428711
2008-12-01,37.61696243286133
2008-12-02,36.33924102783203
2008-12-03,35.60292053222656
2008-12-04,37.96346664428711
2008-12-05,37.920143127441406
2008-12-08,38.13672256469727
2008-12-10,37.70358657836914
2008-12-11,36.512489318847656
2008-12-12,34.71501922607422
2008-12-15,35.4296875
2008-12-16,36.94561767578125
2008-12-17,37.09720993041992
2008-12-18,38.07174682617188
2008-12-19,37.70358657836914
2008-12-22,38.764747619628906
2008-12-23,36.81567001342773
2008-12-24,35.66789245605469
2008-12-26,34.17361831665039
2008-12-29,34.8016357421875
2008-12-30,35.66789245605469
2008-12-31,36.31758880615234
2009-01-02,37.876834869384766
2009-01-05,38.959659576416016
2009-01-06,40.19405364990234
2009-01-07,39.50104904174805
2009-01-09,38.78639602661133
2009-01-12,35.299739837646484
2009-01-13,34.36852264404297
2009-01-14,36.36090469360352
2009-01-15,34.9532356262207
2009-01-16,34.75833511352539
2009-01-19,35.92776870727539
2009-01-20,35.408016204833984
2009-01-21,33.91374206542969
2009-01-22,31.661487579345703
2009-01-23,32.89588928222656
2009-01-27,32.63602066040039
2009-01-28,34.56342697143555
2009-01-29,37.24880599975586
2009-01-30,36.77236557006836
2009-02-02,35.21310043334961
2009-02-03,35.32140350341797
2009-02-04,34.30354690551758
2009-02-05,34.28190231323242
2009-02-06,35.299739837646484
2009-02-09,37.313777923583984
2009-02-10,36.902305603027344
2009-02-11,35.278072357177734
2009-02-12,35.23477554321289
2009-02-13,35.949432373046875
2009-02-16,35.278072357177734
2009-02-17,36.20930480957031
2009-02-18,35.25642776489258
2009-02-19,34.99654769897461
2009-02-20,34.36852264404297
2009-02-24,35.79783248901367
2009-02-25,37.09720993041992
2009-02-26,38.63481140136719
2009-02-27,41.08196258544922
2009-03-02,40.49724578857422
2009-03-03,36.599117279052734
2009-03-04,36.77236557006836
2009-03-05,35.343048095703125
2009-03-06,35.343048095703125
2009-03-09,33.545589447021484
2009-03-12,35.51631164550781
2009-03-13,39.08958435058594
2009-03-16,41.1685905456543
2009-03-17,40.34566879272461
2009-03-18,40.23737716674805
2009-03-19,39.93418502807617
2009-03-20,40.28067779541016
2009-03-23,39.7825927734375
2009-03-24,39.609336853027344
2009-03-25,39.1978759765625
2009-03-26,38.82970428466797
2009-03-27,41.68834686279297
2009-03-30,42.79281234741211
2009-03-31,42.38134765625
2009-04-01,43.37752914428711
2009-04-02,46.84253692626953
2009-04-06,52.49483489990234
2009-04-08,54.57383346557617
2009-04-09,52.42986297607422
2009-04-13,54.40058517456055
2009-04-15,58.16875457763672
2009-04-16,52.60309982299805
2009-04-17,52.19164657592773
2009-04-20,51.02221298217773
2009-04-21,52.32158279418945
2009-04-22,53.64262390136719
2009-04-23,52.51648712158203
2009-04-24,53.46936798095703
2009-04-27,53.2527961730957
2009-04-28,52.29991149902344
2009-04-29,54.07572555541992
2009-04-30,54.07572555541992
2009-05-04,56.50124740600586
2009-05-05,58.926753997802734
2009-05-06,61.82868194580078
2009-05-07,61.63378143310547
2009-05-08,61.049072265625
2009-05-11,59.22993850708008
2009-05-12,60.87580108642578
2009-05-13,61.39557266235352
2009-05-14,63.56117630004883
2009-05-15,65.5752182006836
2009-05-18,76.59827423095703
2009-05-19,72.39695739746094
2009-05-20,69.1917953491211
2009-05-21,68.21727752685547
2009-05-22,69.73323822021484
2009-05-25,70.77273559570312
2009-05-26,67.5242691040039
2009-05-27,76.94475555419922
2009-05-28,82.85691833496094
2009-05-29,77.98426055908203
2009-06-01,76.59827423095703
2009-06-02,77.7677001953125
2009-06-03,82.44548034667969
2009-06-04,79.60847473144531
2009-06-05,76.53329467773438
2009-06-08,77.44287872314453
2009-06-09,76.46830749511719
2009-06-10,81.86072540283203
2009-06-11,80.17155456542969
2009-06-12,78.43905639648438
2009-06-15,76.20845031738281
2009-06-16,76.23009490966797
2009-06-17,74.43264770507812
2009-06-18,72.83008575439453
2009-06-19,71.72560119628906
2009-06-22,69.51667022705078
2009-06-23,67.63255310058594
2009-06-24,65.81344604492188
2009-06-25,65.1204605102539
2009-06-26,65.79177856445312
2009-06-29,65.29369354248047
2009-06-30,62.43506240844727
2009-07-01,61.352237701416016
2009-07-02,62.62993621826172
2009-07-03,62.8681869506836
2009-07-06,59.48980331420898
2009-07-07,59.53310012817383
2009-07-08,59.33820724487305
2009-07-09,58.42864990234375
2009-07-10,57.34584045410156
2009-07-13,55.743263244628906
2009-07-14,58.73183059692383
2009-07-15,61.17900085449219
2009-07-16,63.62179565429688
2009-07-17,64.66870880126953
2009-07-20,65.43208312988281
2009-07-21,66.63168334960938
2009-07-22,67.50410461425781
2009-07-23,69.66334533691406
2009-07-24,79.41275024414062
2009-07-27,80.74320983886719
2009-07-28,83.20780944824219
2009-07-29,82.09546661376953
2009-07-30,83.18597412109375
2009-07-31,91.77940368652344
2009-08-03,108.48639678955078
2009-08-04,105.67282104492188
2009-08-05,105.4546890258789
2009-08-06,102.0303955078125
2009-08-07,99.5876235961914
2009-08-10,95.07282257080078
2009-08-11,101.81231689453124
2009-08-12,99.02054595947266
2009-08-13,101.89959716796876
2009-08-14,98.71519470214844
2009-08-17,92.30287170410156
2009-08-18,99.84935760498048
2009-08-19,94.72384643554688
2009-08-20,94.72384643554688
2009-08-21,95.5308609008789
2009-08-24,100.39459991455078
2009-08-25,98.34441375732422
2009-08-26,96.68678283691406
2009-08-27,100.54730224609376
2009-08-28,98.9115219116211
2009-08-31,95.96704864501952
2009-09-01,94.65840911865234
2009-09-02,94.61480712890624
2009-09-03,94.4839324951172
2009-09-04,95.96704864501952
2009-09-07,98.54071807861328
2009-09-08,96.4905242919922
2009-09-09,94.57117462158205
2009-09-10,92.8917465209961
2009-09-11,92.86993408203124
2009-09-14,99.3258819580078
2009-09-15,101.07073974609376
2009-09-16,106.34894561767578
2009-09-17,111.03825378417967
2009-09-18,125.08433532714844
2009-09-22,118.47571563720705
2009-09-23,117.42878723144533
2009-09-24,120.37321472167967
2009-09-25,119.7625503540039
2009-09-29,119.78435516357422
2009-09-30,120.76581573486328
2009-10-01,121.57283782958984
2009-10-05,115.57487487792967
2009-10-06,119.41354370117188
2009-10-07,117.73411560058594
2009-10-08,120.43869018554688
2009-10-09,117.71231842041016
2009-10-12,118.8682861328125
2009-10-13,118.8682861328125
2009-10-14,125.71685791015624
2009-10-15,128.33412170410156
2009-10-16,125.73871612548828
2009-10-20,124.34274291992188
2009-10-21,121.09300231933594
2009-10-22,120.70037078857422
2009-10-23,118.8900375366211
2009-10-26,115.8583984375
2009-10-27,111.84524536132812
2009-10-28,113.41560363769533
2009-10-29,109.4678726196289
2009-10-30,109.16251373291016
2009-11-03,107.7884521484375
2009-11-04,115.88021087646484
2009-11-05,116.185546875
2009-11-06,118.08309173583984
2009-11-09,115.94562530517578
2009-11-10,119.0427703857422
2009-11-11,121.79093170166016
2009-11-12,116.07652282714844
2009-11-13,115.923828125
2009-11-16,118.17032623291016
2009-11-17,119.87155151367188
2009-11-18,119.41354370117188
2009-11-19,114.7460708618164
2009-11-20,115.48764038085938
2009-11-23,113.41560363769533
2009-11-24,121.68186950683594
2009-11-25,119.5661849975586
2009-11-26,115.05140686035156
2009-11-27,113.6773452758789
2009-11-30,115.22589874267578
2009-12-01,119.91517639160156
2009-12-02,119.50080871582033
2009-12-03,119.21729278564452
2009-12-04,118.6719741821289
2009-12-07,115.70573425292967
2009-12-08,117.49420928955078
2009-12-09,115.3349609375
2009-12-10,115.55307006835938
2009-12-11,119.50080871582033
2009-12-14,118.10492706298828
2009-12-15,114.0699234008789
2009-12-16,116.07652282714844
2009-12-17,115.37857055664062
2009-12-18,114.15719604492188
2009-12-21,112.89215087890624
2009-12-22,115.74935150146484
2009-12-23,117.58147430419922
2009-12-24,117.53785705566406
2009-12-29,117.42878723144533
2009-12-30,119.58805084228516
2009-12-31,118.73741149902344
2010-01-04,120.24237060546876
2010-01-05,122.77238464355467
2010-01-06,125.73871612548828
2010-01-07,123.49214935302734
2010-01-08,122.88142395019533
2010-01-11,124.03742218017578
2010-01-12,123.09955596923828
2010-01-13,124.29913330078124
2010-01-14,129.9263153076172
2010-01-15,128.48680114746094
2010-01-18,131.932861328125
2010-01-19,128.61769104003906
2010-01-20,127.96334838867188
2010-01-21,123.7756805419922
2010-01-22,123.5575714111328
2010-01-25,120.78761291503906
2010-01-27,114.02633666992188
2010-01-28,120.15513610839844
2010-01-29,116.55636596679688
2010-02-01,119.52259826660156
2010-02-02,116.6436004638672
2010-02-03,118.17032623291016
2010-02-04,114.5061264038086
2010-02-05,109.05348205566406
2010-02-08,108.48639678955078
2010-02-09,108.7044677734375
2010-02-10,106.93782806396484
2010-02-11,108.33373260498048
2010-02-15,107.7666473388672
2010-02-16,112.01972198486328
2010-02-17,109.64237213134766
2010-02-18,107.91932678222656
2010-02-19,106.28353881835938
2010-02-22,105.5419464111328
2010-02-23,103.55716705322266
2010-02-24,103.862548828125
2010-02-25,102.51026153564452
2010-02-26,107.15593719482422
2010-03-02,114.83332061767578
2010-03-03,115.13865661621094
2010-03-04,115.37857055664062
2010-03-05,115.74935150146484
2010-03-08,119.52259826660156
2010-03-09,118.49748229980467
2010-03-10,115.4222183227539
2010-03-11,113.5901107788086
2010-03-12,113.9826889038086
2010-03-15,113.65553283691406
2010-03-16,116.27278137207033
2010-03-17,114.3970718383789
2010-03-18,115.35677337646484
2010-03-19,114.15719604492188
2010-03-22,110.03495025634766
2010-03-23,109.83865356445312
2010-03-25,108.94441223144533
2010-03-26,109.14070129394533
2010-03-29,110.14403533935548
2010-03-30,110.71109771728516
2010-03-31,110.95100402832033
2010-04-01,111.82342529296876
2010-04-05,113.21931457519533
2010-04-06,114.3752670288086
2010-04-07,118.80281829833984
2010-04-08,117.25428771972656
2010-04-09,118.14854431152344
2010-04-12,117.51604461669922
2010-04-13,116.9925537109375
2010-04-15,118.23576354980467
2010-04-16,118.3448257446289
2010-04-19,119.0209503173828
2010-04-20,120.46043395996094
2010-04-21,120.43869018554688
2010-04-22,119.71893310546876
2010-04-23,119.89337921142578
2010-04-26,120.61312866210938
2010-04-27,119.98062133789062
2010-04-28,117.93043518066406
2010-04-29,118.41024017333984
2010-04-30,120.3296127319336
2010-05-03,118.80281829833984
2010-05-04,117.82135009765624
2010-05-05,118.69381713867188
2010-05-06,116.46910858154295
2010-05-07,112.65223693847656
2010-05-10,115.5966796875
2010-05-11,114.7460708618164
2010-05-12,114.3970718383789
2010-05-13,119.28268432617188
2010-05-14,116.22917175292967
2010-05-17,120.11149597167967
2010-05-18,117.2761001586914
2010-05-19,110.66748046875
2010-05-20,115.0732192993164
2010-05-21,113.6773452758789
2010-05-24,114.5933837890625
2010-05-25,108.791748046875
2010-05-26,112.84854888916016
2010-05-27,114.4843292236328
2010-05-28,115.1822738647461
2010-05-31,117.18885803222656
2010-06-01,113.80821228027344
2010-06-02,113.96085357666016
2010-06-03,117.3415298461914
2010-06-04,117.2761001586914
2010-06-07,112.5868148803711
2010-06-08,110.8855438232422
2010-06-09,115.55307006835938
2010-06-10,119.74071502685548
2010-06-11,120.52588653564452
2010-06-14,120.76581573486328
2010-06-15,122.2925796508789
2010-06-16,121.46376037597656
2010-06-17,123.7756805419922
2010-06-18,122.92506408691406
2010-06-21,126.63289642333984
2010-06-22,127.3308563232422
2010-06-23,127.28717803955078
2010-06-24,127.11273193359376
2010-06-25,126.56745910644533
2010-06-28,127.83246612548828
2010-06-29,123.16500091552734
2010-06-30,126.24032592773438
2010-07-01,125.7823257446289
2010-07-02,128.35594177246094
2010-07-05,127.24359130859376
2010-07-06,134.44114685058594
2010-07-07,134.1139678955078
2010-07-08,141.02792358398438
2010-07-09,144.0814208984375
2010-07-12,145.04112243652344
2010-07-13,143.4925537109375
2010-07-14,144.0814208984375
2010-07-15,145.0221405029297
2010-07-16,144.1688995361328
2010-07-19,147.23170471191406
2010-07-20,145.7222137451172
2010-07-21,146.31289672851562
2010-07-22,146.15968322753906
2010-07-23,145.19717407226562
2010-07-26,143.3157501220703
2010-07-27,142.61570739746094
2010-07-28,140.82177734375
2010-07-29,141.828125
2010-07-30,142.9219970703125
2010-08-02,143.70953369140625
2010-08-03,144.30020141601562
2010-08-04,143.2938995361328
2010-08-05,146.24728393554688
2010-08-06,147.05670166015625
2010-08-09,150.81956481933594
2010-08-10,150.3382568359375
2010-08-11,147.1223602294922
2010-08-12,148.30368041992188
2010-08-13,150.09756469726562
2010-08-16,151.4758758544922
2010-08-17,150.4913787841797
2010-08-18,151.03831481933594
2010-08-19,155.06365966796875
2010-08-20,153.77294921875
2010-08-23,154.45114135742188
2010-08-24,156.7044219970703
2010-08-25,155.6543731689453
2010-08-26,154.9324188232422
2010-08-27,154.80120849609375
2010-08-30,152.63534545898438
2010-08-31,153.0509490966797
2010-09-01,155.80747985839844
2010-09-02,157.07630920410156
2010-09-03,159.89846801757812
2010-09-06,161.32049560546875
2010-09-07,158.93585205078125
2010-09-08,158.65147399902344
2010-09-09,161.40798950195312
2010-09-13,160.3578643798828
2010-09-14,162.304931640625
2010-09-15,160.72975158691406
2010-09-16,158.25767517089844
2010-09-17,159.7015380859375
2010-09-20,158.41082763671875
2010-09-21,157.6888885498047
2010-09-22,157.77638244628906
2010-09-23,155.69810485839844
2010-09-24,156.37625122070312
2010-09-27,157.14198303222656
2010-09-28,158.7170867919922
2010-09-29,156.00437927246094
2010-09-30,158.6077117919922
2010-10-01,162.3924102783203
2010-10-04,163.3550567626953
2010-10-05,161.88929748535156
2010-10-06,165.8708953857422
2010-10-07,161.99868774414062
2010-10-08,161.3861083984375
2010-10-11,166.9209747314453
2010-10-12,164.07696533203125
2010-10-13,165.19265747070312
2010-10-14,166.48342895507812
2010-10-15,162.54554748535156
2010-10-18,160.99232482910156
2010-10-19,162.08616638183594
2010-10-20,164.8864288330078
2010-10-21,166.13340759277344
2010-10-22,166.15521240234375
2010-10-25,164.84262084960938
2010-10-26,164.36135864257812
2010-10-27,165.8708953857422
2010-10-28,161.84548950195312
2010-10-29,165.01763916015625
2010-11-01,165.69586181640625
2010-11-02,164.97390747070312
2010-11-03,163.94569396972656
2010-11-04,163.61756896972656
2010-11-08,163.50814819335938
2010-11-09,163.96759033203125
2010-11-10,169.218017578125
2010-11-11,166.94285583496094
2010-11-12,162.67681884765625
2010-11-15,162.04237365722656
2010-11-16,163.0050048828125
2010-11-18,162.45806884765625
2010-11-19,159.11093139648438
2010-11-22,163.02688598632812
2010-11-23,161.7361297607422
2010-11-24,160.5985107421875
2010-11-25,160.6204376220703
2010-11-26,161.4517364501953
2010-11-29,160.0078582763672
2010-11-30,163.46438598632812
2010-12-01,173.11216735839844
2010-12-02,175.5404510498047
2010-12-03,171.66822814941406
2010-12-06,171.07757568359375
2010-12-07,168.14605712890625
2010-12-08,164.6676025390625
2010-12-09,157.49203491210938
2010-12-10,162.43618774414062
2010-12-13,166.83340454101562
2010-12-14,167.53353881835938
2010-12-15,170.42123413085938
2010-12-16,169.17428588867188
2010-12-20,165.6083526611328
2010-12-21,167.64292907714844
2010-12-22,164.6676025390625
2010-12-23,163.3550567626953
2010-12-24,164.0332489013672
2010-12-27,162.2830352783203
2010-12-28,160.27037048339844
2010-12-29,161.84548950195312
2010-12-30,164.09884643554688
2010-12-31,165.8708953857422
2011-01-03,166.22091674804688
2011-01-04,168.5617218017578
2011-01-05,166.15521240234375
2011-01-06,163.46438598632812
2011-01-07,159.50465393066406
2011-01-10,155.1293487548828
2011-01-11,152.32907104492188
2011-01-12,158.45457458496094
2011-01-13,155.01986694335938
2011-01-14,153.0509490966797
2011-01-17,153.48849487304688
2011-01-18,152.50408935546875
2011-01-19,151.14768981933594
2011-01-20,150.5570526123047
2011-01-21,152.3071746826172
2011-01-24,156.4856719970703
2011-01-25,154.34170532226562
2011-01-27,150.79766845703125
2011-01-28,150.9508056640625
2011-01-31,149.8788604736328
2011-02-01,148.43492126464844
2011-02-02,149.04751586914062
2011-02-03,147.1660919189453
2011-02-04,145.8534698486328
2011-02-07,145.678466796875
2011-02-08,142.3969268798828
2011-02-09,136.24948120117188
2011-02-10,135.44004821777344
2011-02-11,137.89027404785156
2011-02-14,142.37503051757812
2011-02-15,140.1654815673828
2011-02-16,138.72157287597656
2011-02-17,141.52183532714844
2011-02-18,139.42166137695312
2011-02-21,140.90931701660156
2011-02-22,138.5028076171875
2011-02-23,138.69973754882812
2011-02-24,134.14932250976562
2011-02-25,132.98985290527344
2011-02-28,133.95242309570312
2011-03-01,145.9191436767578
2011-03-03,145.1096649169922
2011-03-04,146.466064453125
2011-03-07,139.15916442871094
2011-03-08,140.62486267089844
2011-03-09,139.79360961914062
2011-03-10,138.74349975585938
2011-03-11,137.40899658203125
2011-03-14,140.7779998779297
2011-03-15,138.2840118408203
2011-03-16,144.03768920898438
2011-03-17,144.36585998535156
2011-03-18,142.28756713867188
2011-03-21,139.88113403320312
2011-03-22,143.8845672607422
2011-03-23,146.26914978027344
2011-03-24,150.46951293945312
2011-03-25,150.53515625
2011-03-28,148.01927185058594
2011-03-29,148.7849578857422
2011-03-30,149.22254943847656
2011-03-31,151.9571533203125
2011-04-01,155.47938537597656
2011-04-04,159.15464782714844
2011-04-05,157.82017517089844
2011-04-06,159.7234344482422
2011-04-07,159.74533081054688
2011-04-08,156.726318359375
2011-04-11,154.12298583984375
2011-04-13,157.3388671875
2011-04-15,157.4482879638672
2011-04-18,153.4666290283203
2011-04-19,154.0136260986328
2011-04-20,156.1793670654297
2011-04-21,155.69810485839844
2011-04-25,157.4482879638672
2011-04-26,157.7326202392578
2011-04-27,157.99514770507812
2011-04-28,154.2979736328125
2011-04-29,152.0446319580078
2011-05-02,152.2853240966797
2011-05-03,148.1068115234375
2011-05-04,148.34744262695312
2011-05-05,147.8223876953125
2011-05-06,148.2818145751953
2011-05-09,150.5570526123047
2011-05-10,152.2196807861328
2011-05-11,152.32907104492188
2011-05-12,149.33189392089844
2011-05-13,149.11312866210938
2011-05-16,144.97842407226562
2011-05-17,144.7815399169922
2011-05-18,141.78440856933594
2011-05-19,145.45965576171875
2011-05-20,143.97206115722656
2011-05-23,142.4844512939453
2011-05-24,133.23046875
2011-05-25,137.0808563232422
2011-05-26,136.57765197753906
2011-05-27,138.72157287597656
2011-05-30,138.89663696289062
2011-05-31,139.90296936035156
2011-06-01,139.6404266357422
2011-06-02,137.8027801513672
2011-06-03,136.57765197753906
2011-06-06,136.53390502929688
2011-06-07,136.9933319091797
2011-06-08,136.9058074951172
2011-06-09,135.6150665283203
2011-06-10,134.67433166503906
2011-06-13,135.6588134765625
2011-06-14,136.7089385986328
2011-06-15,134.08367919921875
2011-06-16,133.71177673339844
2011-06-17,134.5431671142578
2011-06-20,129.38018798828125
2011-06-21,127.54248809814452
2011-06-22,126.79866790771484
2011-06-23,125.02664184570312
2011-06-24,131.30531311035156
2011-06-27,133.82119750976562
2011-06-28,134.5431671142578
2011-06-29,133.1648712158203
2011-06-30,134.65248107910156
2011-07-01,133.9961700439453
2011-07-04,136.00881958007812
2011-07-05,134.78375244140625
2011-07-06,140.95301818847656
2011-07-07,144.60653686523438
2011-07-08,144.75962829589844
2011-07-11,143.4032745361328
2011-07-12,141.4343719482422
2011-07-13,147.0348358154297
2011-07-14,148.06301879882812
2011-07-15,146.903564453125
2011-07-18,146.3348388671875
2011-07-19,146.72854614257812
2011-07-20,144.43148803710938
2011-07-21,144.40960693359375
2011-07-22,147.95364379882812
2011-07-25,149.9445037841797
2011-07-26,147.3192596435547
2011-07-27,147.8223876953125
2011-07-28,144.4533233642578
2011-07-29,144.4752655029297
2011-08-01,137.9340362548828
2011-08-02,130.2989959716797
2011-08-03,132.96792602539062
2011-08-04,130.4670867919922
2011-08-05,122.72090911865234
2011-08-08,119.68888092041016
2011-08-09,119.3790283203125
2011-08-10,125.99642944335938
2011-08-11,129.1170654296875
2011-08-12,129.27194213867188
2011-08-16,124.60211181640624
2011-08-17,125.17754364013672
2011-08-18,123.31851959228516
2011-08-19,123.05291748046876
2011-08-22,123.58406829833984
2011-08-23,124.73492431640624
2011-08-24,121.72498321533205
2011-08-25,120.77330780029295
2011-08-26,116.54615783691406
2011-08-29,120.30855560302734
2011-08-30,123.03081512451172
2011-09-02,126.2399444580078
2011-09-05,127.9219207763672
2011-09-06,129.47117614746094
2011-09-07,131.35238647460938
2011-09-08,129.36050415039062
2011-09-09,128.3645782470703
2011-09-12,125.26604461669922
2011-09-13,122.588134765625
2011-09-14,123.3405990600586
2011-09-15,123.16356658935548
2011-09-16,126.57189178466795
2011-09-19,128.49734497070312
2011-09-20,129.40472412109375
2011-09-21,128.56373596191406
2011-09-22,122.76522064208984
2011-09-23,120.46349334716795
2011-09-26,121.39301300048828
2011-09-27,121.1716766357422
2011-09-28,119.24625396728516
2011-09-29,120.77330780029295
2011-09-30,118.69294738769533
2011-10-03,115.06330871582033
2011-10-04,114.06739807128906
2011-10-05,112.3853759765625
2011-10-07,113.13785552978516
2011-10-10,117.9183120727539
2011-10-11,120.48560333251952
2011-10-12,126.1292495727539
2011-10-13,125.24394989013672
2011-10-14,128.14328002929688
2011-10-17,125.79727935791016
2011-10-18,124.60211181640624
2011-10-19,127.7669677734375
2011-10-20,127.01449584960938
2011-10-21,126.1956024169922
2011-10-24,125.7529525756836
2011-10-25,122.9643325805664
2011-10-28,133.3441925048828
2011-10-31,132.4810333251953
2011-11-01,128.60800170898438
2011-11-02,129.515380859375
2011-11-03,128.8514404296875
2011-11-04,131.37451171875
2011-11-08,128.5194549560547
2011-11-09,125.3324737548828
2011-11-11,125.46525573730467
2011-11-14,122.0127182006836
2011-11-15,121.0610580444336
2011-11-16,121.96842193603516
2011-11-17,122.16761779785156
2011-11-18,122.49960327148438
2011-11-21,119.42327880859376
2011-11-22,119.22412109375
2011-11-23,114.81987762451172
2011-11-24,118.91426849365234
2011-11-25,117.65274047851562
2011-11-28,118.0068588256836
2011-11-29,116.96664428710938
2011-11-30,114.81987762451172
2011-12-01,115.61664581298828
2011-12-02,119.48969268798828
2011-12-05,119.62249755859376
2011-12-07,118.8478546142578
2011-12-08,118.3831024169922
2011-12-09,116.52403259277344
2011-12-12,112.91653442382812
2011-12-13,112.25259399414062
2011-12-14,112.45177459716795
2011-12-15,112.29683685302734
2011-12-16,111.12386322021484
2011-12-19,108.8000030517578
2011-12-20,105.05973815917967
2011-12-21,111.7435302734375
2011-12-22,112.91653442382812
2011-12-23,111.76570129394533
2011-12-26,114.20018768310548
2011-12-27,112.62882232666016
2011-12-28,110.7476043701172
2011-12-29,109.61888885498048
2011-12-30,111.5886459350586
2012-01-02,111.01319122314452
2012-01-03,117.65274047851562
2012-01-04,115.70516967773438
2012-01-05,114.77560424804688
2012-01-06,114.84201049804688
2012-01-09,117.12158966064452
2012-01-10,122.94225311279295
2012-01-11,123.87176513671876
2012-01-12,122.8537368774414
2012-01-13,126.08499145507812
2012-01-16,127.14730834960938
2012-01-17,126.9481201171875
2012-01-18,123.25210571289062
2012-01-19,122.32257080078124
2012-01-20,125.35460662841795
2012-01-23,121.92415618896484
2012-01-24,126.48336791992188
2012-01-25,125.22183227539062
2012-01-27,128.03257751464844
2012-01-30,125.46525573730467
2012-01-31,128.8514404296875
2012-02-01,129.24984741210938
2012-02-02,130.48919677734375
2012-02-03,134.98196411132812
2012-02-06,135.6016845703125
2012-02-07,134.4729461669922
2012-02-08,136.24343872070312
2012-02-09,138.01400756835938
2012-02-10,134.95982360839844
2012-02-13,134.95982360839844
2012-02-14,137.83697509765625
2012-02-15,137.9254913330078
2012-02-16,142.01988220214844
2012-02-17,141.42230224609375
2012-02-21,140.8026123046875
2012-02-22,132.87942504882812
2012-02-23,135.1590576171875
2012-02-24,131.55152893066406
2012-02-27,129.24984741210938
2012-02-28,138.27960205078125
2012-02-29,136.50904846191406
2012-03-01,135.756591796875
2012-03-02,134.0745391845703
2012-03-05,134.4065399169922
2012-03-06,135.756591796875
2012-03-07,135.64537048339844
2012-03-09,137.80271911621094
2012-03-12,145.8092803955078
2012-03-13,142.1173858642578
2012-03-14,144.07452392578125
2012-03-15,143.5852508544922
2012-03-16,147.14376831054688
2012-03-19,143.9410858154297
2012-03-20,145.20883178710938
2012-03-21,146.03172302246094
2012-03-22,141.5613555908203
2012-03-23,138.35873413085938
2012-03-26,136.5350341796875
2012-03-27,133.82167053222656
2012-03-28,132.2425994873047
2012-03-29,137.0465087890625
2012-03-30,142.362060546875
2012-04-02,140.00450134277344
2012-04-03,137.51358032226562
2012-04-04,139.89334106445312
2012-04-09,139.38182067871094
2012-04-10,140.13795471191406
2012-04-11,140.82745361328125
2012-04-12,140.93865966796875
2012-04-13,137.7582550048828
2012-04-16,137.84719848632812
2012-04-17,143.76316833496094
2012-04-18,146.47650146484375
2012-04-19,143.7409210205078
2012-04-20,142.67337036132812
2012-04-23,141.73927307128906
2012-04-24,139.3595428466797
2012-04-25,139.8266143798828
2012-04-26,142.2063446044922
2012-04-27,140.31588745117188
2012-04-30,142.40652465820312
2012-05-02,145.4534454345703
2012-05-03,143.5852508544922
2012-05-04,142.40652465820312
2012-05-07,145.7870635986328
2012-05-08,149.52349853515625
2012-05-09,149.18988037109375
2012-05-10,149.74591064453125
2012-05-11,144.16358947753906
2012-05-14,143.6297607421875
2012-05-15,142.3397979736328
2012-05-16,140.56056213378906
2012-05-17,137.46908569335938
2012-05-18,138.0251007080078
2012-05-21,137.35789489746094
2012-05-22,137.2022247314453
2012-05-23,139.09266662597656
2012-05-24,136.77963256835938
2012-05-25,137.78045654296875
2012-05-28,141.5613555908203
2012-05-29,140.6050567626953
2012-05-30,140.31588745117188
2012-05-31,139.003662109375
2012-06-01,134.5333251953125
2012-06-04,133.57701110839844
2012-06-05,134.93368530273438
2012-06-06,138.49217224121094
2012-06-07,136.44602966308594
2012-06-08,137.06874084472656
2012-06-11,136.29031372070312
2012-06-12,138.71456909179688
2012-06-13,136.9575653076172
2012-06-14,135.97897338867188
2012-06-15,137.4468536376953
2012-06-18,135.51193237304688
2012-06-19,133.73272705078125
2012-06-20,135.46742248535156
2012-06-21,135.22280883789062
2012-06-22,131.5531005859375
2012-06-25,130.4855499267578
2012-06-26,128.728515625
2012-06-27,129.75160217285156
2012-06-28,129.28456115722656
2012-06-29,133.46580505371094
2012-07-02,133.33238220214844
2012-07-03,136.84634399414062
2012-07-04,139.6931610107422
2012-07-05,141.71702575683594
2012-07-06,138.6923370361328
2012-07-09,135.24502563476562
2012-07-10,136.49053955078125
2012-07-11,136.3125762939453
2012-07-12,134.88917541503906
2012-07-13,133.8438720703125
2012-07-16,134.3776397705078
2012-07-17,131.84225463867188
2012-07-18,133.9327850341797
2012-07-19,132.83392333984375
2012-07-20,133.0806427001953
2012-07-23,131.5331573486328
2012-07-24,133.75341796875
2012-07-25,132.74420166015625
2012-07-26,128.93167114257812
2012-07-27,130.9052276611328
2012-07-30,131.98171997070312
2012-07-31,134.6728973388672
2012-08-01,135.72702026367188
2012-08-02,134.3589630126953
2012-08-03,131.5331573486328
2012-08-06,134.6280517578125
2012-08-07,140.3917694091797
2012-08-08,139.3376922607422
2012-08-09,139.51710510253906
2012-08-10,139.9432373046875
2012-08-13,136.44464111328125
2012-08-14,135.92880249023438
2012-08-16,134.40380859375
2012-08-17,132.90122985839844
2012-08-21,131.84716796875
2012-08-22,130.05300903320312
2012-08-23,128.90921020507812
2012-08-24,127.3842315673828
2012-08-27,125.20880126953124
2012-08-28,124.24444580078124
2012-08-29,126.73385620117188
2012-08-30,127.4515151977539
2012-08-31,125.11913299560548
2012-09-03,125.4555206298828
2012-09-04,123.81836700439452
2012-09-05,123.16796875
2012-09-06,123.61652374267578
2012-09-07,128.10189819335938
2012-09-10,132.22845458984375
2012-09-11,130.9725799560547
2012-09-12,131.8920135498047
2012-09-13,126.46472930908205
2012-09-14,129.40260314941406
2012-09-17,128.81954956054688
2012-09-18,134.1346893310547
2012-09-20,131.69015502929688
2012-09-21,135.92880249023438
2012-09-24,136.46710205078125
2012-09-25,135.72702026367188
2012-09-26,134.4262237548828
2012-09-27,134.6056365966797
2012-09-28,137.05015563964844
2012-10-01,138.8443145751953
2012-10-03,138.86679077148438
2012-10-04,139.38255310058594
2012-10-05,138.88916015625
2012-10-08,135.27841186523438
2012-10-09,137.1622772216797
2012-10-10,135.54751586914062
2012-10-11,134.5832061767578
2012-10-12,132.8563995361328
2012-10-15,132.54237365722656
2012-10-16,135.23362731933594
2012-10-17,136.89317321777344
2012-10-18,137.5660400390625
2012-10-19,136.80345153808594
2012-10-22,135.36814880371094
2012-10-23,133.8656005859375
2012-10-25,133.37217712402344
2012-10-29,127.29450988769533
2012-10-30,122.56244659423828
2012-10-31,121.79993438720705
2012-11-01,122.6297378540039
2012-11-02,121.10469818115234
2012-11-05,119.2881317138672
2012-11-06,119.87125396728516
2012-11-07,119.4002914428711
2012-11-08,117.60612487792967
2012-11-09,117.31458282470705
2012-11-12,115.83441162109376
2012-11-15,119.17601776123048
2012-11-16,116.26051330566406
2012-11-19,114.6906509399414
2012-11-20,111.6181869506836
2012-11-21,112.80679321289062
2012-11-22,113.9505615234375
2012-11-23,113.88329315185548
2012-11-26,115.90170288085938
2012-11-27,115.8792953491211
2012-11-29,117.22488403320312
2012-11-30,119.06385040283205
2012-12-03,119.60211944580078
2012-12-04,120.3646469116211
2012-12-05,120.09552001953124
2012-12-06,118.09952545166016
2012-12-07,116.91091918945312
2012-12-10,114.95977020263672
2012-12-11,113.88329315185548
2012-12-12,119.82637786865234
2012-12-13,117.62855529785156
2012-12-14,120.34219360351562
2012-12-17,118.52565002441406
2012-12-18,119.60211944580078
2012-12-19,118.86205291748048
2012-12-20,116.1259765625
2012-12-21,115.27375030517578
2012-12-24,113.8384246826172
2012-12-26,113.0534896850586
2012-12-27,114.57852935791016
2012-12-28,113.32261657714844
2012-12-31,113.03104400634766
2013-01-01,115.2288818359375
2013-01-02,118.32379913330078
2013-01-03,118.74993133544922
2013-01-04,117.76313018798828
2013-01-07,117.69583892822266
2013-01-08,117.04546356201172
2013-01-09,115.29617309570312
2013-01-10,113.68143463134766
2013-01-11,112.49283599853516
2013-01-14,114.39908599853516
2013-01-15,115.00462341308594
2013-01-16,112.80679321289062
2013-01-17,112.60497283935548
2013-01-18,111.797607421875
2013-01-21,110.6762466430664
2013-01-22,110.45199584960938
2013-01-23,108.47842407226562
2013-01-24,104.23975372314452
2013-01-25,104.7107391357422
2013-01-28,104.30704498291016
2013-01-29,104.9798355102539
2013-01-30,104.73316192626952
2013-01-31,103.0511245727539
2013-02-01,103.07357025146484
2013-02-04,100.2477798461914
2013-02-05,99.28345489501952
2013-02-06,100.40478515625
2013-02-07,101.41400909423828
2013-02-08,98.11725616455078
2013-02-11,100.49449157714844
2013-02-12,97.55658721923828
2013-02-13,98.47608184814452
2013-02-14,97.78085327148438
2013-02-15,101.23455810546876
2013-02-18,100.49449157714844
2013-02-19,102.69232177734376
2013-02-20,101.9522476196289
2013-02-21,99.50770568847656
2013-02-22,97.89298248291016
2013-02-25,97.8481216430664
2013-02-26,95.85214233398438
2013-02-27,98.13968658447266
2013-02-28,95.96424865722656
2013-03-01,96.8613510131836
2013-03-04,98.47608184814452
2013-03-05,100.6290512084961
2013-03-06,98.83492279052734
2013-03-07,106.35960388183594
2013-03-08,105.48097229003906
2013-03-11,104.5122299194336
2013-03-12,102.28184509277344
2013-03-13,99.8036651611328
2013-03-14,102.32691955566406
2013-03-15,99.98387145996094
2013-03-18,99.28549194335938
2013-03-19,98.02385711669922
2013-03-20,96.8748779296875
2013-03-21,94.53184509277344
2013-03-22,92.00860595703124
2013-03-25,90.5442123413086
2013-03-26,90.61181640625
2013-03-28,93.3152847290039
2013-04-01,91.85089874267578
2013-04-02,95.65831756591795
2013-04-03,96.85234832763672
2013-04-04,94.55438995361328
2013-04-05,95.00495910644533
2013-04-08,95.34291076660156
2013-04-09,94.6895523071289
2013-04-10,97.25786590576172
2013-04-11,96.96499633789062
2013-04-12,97.14523315429688
2013-04-15,96.04129028320312
2013-04-16,98.857421875
2013-04-17,97.7985610961914
2013-04-18,100.90757751464844
2013-04-22,103.83634185791016
2013-04-23,106.99040985107422
2013-04-25,103.94898986816406
2013-04-26,104.57984161376952
2013-04-29,103.31819152832033
2013-04-30,104.01659393310548
2013-05-02,102.6197738647461
2013-05-03,103.54348754882812
2013-05-06,106.15684509277344
2013-05-07,110.61759948730467
2013-05-08,109.53618621826172
2013-05-09,106.90029907226562
2013-05-10,108.40974426269533
2013-05-13,105.34580993652344
2013-05-14,103.43082427978516
2013-05-15,104.30946350097656
2013-05-16,105.07545471191406
2013-05-17,108.56745910644533
2013-05-20,104.80510711669922
2013-05-21,103.65613555908205
2013-05-22,103.49842834472656
2013-05-23,101.92138671875
2013-05-24,101.78618621826172
2013-05-27,104.66990661621094
2013-05-28,108.9053955078125
2013-05-29,107.30582427978516
2013-05-30,108.02674865722656
2013-05-31,105.61613464355467
2013-06-03,105.59363555908205
2013-06-04,108.04930877685548
2013-06-05,106.65247344970705
2013-06-06,105.99913024902344
2013-06-07,102.8000030517578
2013-06-10,102.98026275634766
2013-06-11,101.6059799194336
2013-06-12,100.95264434814452
2013-06-13,100.18666076660156
2013-06-14,101.33560943603516
2013-06-17,99.96135711669922
2013-06-18,98.33927154541016
2013-06-19,98.31671905517578
2013-06-20,97.25786590576172
2013-06-21,98.33927154541016
2013-06-24,99.60089111328124
2013-06-25,96.8748779296875
2013-06-26,96.8298110961914
2013-06-27,99.10526275634766
2013-06-28,99.89376831054688
2013-07-01,101.0202178955078
2013-07-02,99.15032958984376
2013-07-03,97.57327270507812
2013-07-04,97.19026947021484
2013-07-05,97.07762145996094
2013-07-08,98.36178588867188
2013-07-09,97.7535171508789
2013-07-10,97.66339111328124
2013-07-11,99.82617950439452
2013-07-12,101.94392395019533
2013-07-15,102.14664459228516
2013-07-16,100.4795150756836
2013-07-17,99.08274841308594
2013-07-18,99.1277847290039
2013-07-19,100.09651184082033
2013-07-22,99.28549194335938
2013-07-23,100.50204467773438
2013-07-24,95.52311706542967
2013-07-25,97.0100555419922
2013-07-26,93.54056549072266
2013-07-29,91.80583190917967
2013-07-30,90.0035171508789
2013-07-31,91.82836151123048
2013-08-01,89.59422302246094
2013-08-02,90.1185531616211
2013-08-05,89.82219696044922
2013-08-06,86.15177917480469
2013-08-07,90.2325439453125
2013-08-08,105.50689697265624
2013-08-12,104.77738189697266
2013-08-13,104.89134216308594
2013-08-14,104.59498596191406
2013-08-16,101.28933715820312
2013-08-19,101.15255737304688
2013-08-20,100.60540008544922
2013-08-21,100.7650146484375
2013-08-22,101.26654815673828
2013-08-23,104.29859924316406
2013-08-26,103.6374969482422
2013-08-27,102.6115951538086
2013-08-28,106.9887466430664
2013-08-29,114.87665557861328
2013-08-30,109.86119079589844
2013-09-02,110.79591369628906
2013-09-03,109.42807006835938
2013-09-04,110.29437255859376
2013-09-05,112.5741195678711
2013-09-06,113.98754119873048
2013-09-10,114.76266479492188
2013-09-11,114.55748748779295
2013-09-12,117.657958984375
2013-09-13,115.6973876953125
2013-09-16,118.52425384521484
2013-09-17,120.07447814941406
2013-09-18,119.32218170166016
2013-09-19,119.98330688476562
2013-09-20,117.9315414428711
2013-09-23,116.33570861816406
2013-09-24,115.58338928222656
2013-09-25,115.53777313232422
2013-09-26,115.60619354248048
2013-09-27,113.03005981445312
2013-09-30,114.23834228515624
2013-10-01,116.95124053955078
2013-10-03,123.33453369140624
2013-10-04,121.67033386230467
2013-10-07,121.19158935546876
2013-10-08,119.70974731445312
2013-10-09,121.03199005126952
2013-10-10,119.2765884399414
2013-10-11,123.6308822631836
2013-10-14,123.56251525878906
2013-10-15,121.85271453857422
2013-10-17,124.88475799560548
2013-10-18,127.62049865722656
2013-10-21,129.30746459960938
2013-10-22,127.89402770996094
2013-10-23,127.14170837402344
2013-10-24,130.173828125
2013-10-25,130.51573181152344
2013-10-28,128.4184112548828
2013-10-29,132.06597900390625
2013-10-30,135.05247497558594
2013-10-31,136.4887237548828
2013-11-01,134.59652709960938
2013-11-05,134.61927795410156
2013-11-06,134.75607299804688
2013-11-07,134.73329162597656
2013-11-08,133.9581756591797
2013-11-11,132.06597900390625
2013-11-12,131.42767333984375
2013-11-13,132.7727508544922
2013-11-14,136.60269165039062
2013-11-18,138.8368377685547
2013-11-19,136.44313049316406
2013-11-20,130.62973022460938
2013-11-21,129.28466796875
2013-11-22,130.6980743408203
2013-11-25,134.52810668945312
2013-11-26,132.43075561523438
2013-11-27,134.61927795410156
2013-11-28,133.6617889404297
2013-11-29,135.9643096923828
2013-12-02,138.13009643554688
2013-12-03,137.58299255371094
2013-12-04,136.3975067138672
2013-12-05,136.71669006347656
2013-12-06,138.17572021484375
2013-12-09,143.60150146484375
2013-12-10,146.29161071777344
2013-12-11,142.09690856933594
2013-12-12,140.5694580078125
2013-12-13,139.81712341308594
2013-12-16,143.0087890625
2013-12-17,141.25338745117188
2013-12-18,142.46165466308594
2013-12-19,148.5258026123047
2013-12-20,148.79931640625
2013-12-23,151.5122528076172
2013-12-24,154.45315551757812
2013-12-26,151.62625122070312
2013-12-27,149.48330688476562
2013-12-30,147.226318359375
2013-12-31,149.57447814941406
2014-01-01,149.8480224609375
2014-01-02,147.2947235107422
2014-01-03,146.10922241210938
2014-01-06,151.14749145507812
2014-01-07,154.1795654296875
2014-01-08,151.23870849609375
2014-01-09,149.8480224609375
2014-01-10,151.64906311035156
2014-01-13,157.89553833007812
2014-01-14,157.07481384277344
2014-01-15,152.62933349609375
2014-01-16,158.67068481445312
2014-01-17,154.4759063720703
2014-01-20,157.82716369628906
2014-01-21,157.89553833007812
2014-01-22,158.69345092773438
2014-01-23,155.8209991455078
2014-01-24,156.0033721923828
2014-01-27,148.57139587402344
2014-01-28,148.9133758544922
2014-01-29,150.7371368408203
2014-01-30,150.7371368408203
2014-01-31,158.12353515625
2014-02-03,156.75567626953125
2014-02-04,154.5443572998047
2014-02-05,155.31944274902344
2014-02-06,155.8209991455078
2014-02-07,155.54742431640625
2014-02-10,158.32870483398438
2014-02-11,167.78968811035156
2014-02-12,165.71511840820312
2014-02-13,165.87557983398438
2014-02-14,162.13900756835938
2014-02-17,165.50880432128906
2014-02-18,163.9041290283203
2014-02-19,168.74102783203125
2014-02-20,168.46595764160156
2014-02-21,169.245361328125
2014-02-24,169.13075256347656
2014-02-25,167.4114532470703
2014-02-26,171.46893310546875
2014-02-28,175.43478393554688
2014-03-03,175.27426147460938
2014-03-04,178.98789978027344
2014-03-05,182.2889404296875
2014-03-06,188.95968627929688
2014-03-07,181.69288635253903
2014-03-10,177.52081298828125
2014-03-11,179.46929931640625
2014-03-12,181.1885528564453
2014-03-13,176.3287353515625
2014-03-14,176.28292846679688
2014-03-18,179.21713256835938
2014-03-19,183.5955505371093
2014-03-20,179.5839080810547
2014-03-21,181.21148681640625
2014-03-24,182.33477783203125
2014-03-25,189.44113159179688
2014-03-26,183.5955505371093
2014-03-27,182.0825958251953
2014-03-28,187.65301513671875
2014-03-31,193.3839874267578
2014-04-01,191.34378051757807
2014-04-02,197.32684326171875
2014-04-03,194.00289916992188
2014-04-04,195.0344696044922
2014-04-07,200.2839508056641
2014-04-09,203.01187133789065
2014-04-10,204.04347229003903
2014-04-11,200.8799743652344
2014-04-15,195.6304626464844
2014-04-16,192.6733245849609
2014-04-17,193.8653106689453
2014-04-21,196.822509765625
2014-04-22,196.98297119140625
2014-04-23,196.3411407470703
2014-04-24,196.3411407470703
2014-04-25,191.1145172119141
2014-04-28,189.395263671875
2014-04-29,186.50686645507807
2014-04-30,186.96530151367188
2014-05-02,186.14010620117188
2014-05-05,185.88790893554688
2014-05-06,191.160400390625
2014-05-07,191.4583740234375
2014-05-08,191.779296875
2014-05-09,198.2437896728516
2014-05-12,204.0663604736328
2014-05-13,205.143798828125
2014-05-14,206.1753845214844
2014-05-15,201.1322021484375
2014-05-16,210.14114379882807
2014-05-19,214.74884033203125
2014-05-20,216.55975341796875
2014-05-21,224.3538055419922
2014-05-22,221.41961669921875
2014-05-23,218.1185760498047
2014-05-26,216.8348388671875
2014-05-27,229.00732421875
2014-05-28,229.6033172607422
2014-05-29,233.8900756835937
2014-05-30,229.99302673339844
2014-06-02,240.37745666503903
2014-06-03,238.33726501464844
2014-06-04,250.8535919189453
2014-06-05,263.6678161621094
2014-06-06,258.6247253417969
2014-06-09,260.5732116699219
2014-06-10,258.0057678222656
2014-06-11,259.1289978027344
2014-06-12,259.1519470214844
2014-06-13,255.7133331298828
2014-06-16,265.5246887207031
2014-06-17,266.029052734375
2014-06-18,271.5307006835937
2014-06-19,263.1864624023437
2014-06-20,265.82275390625
2014-06-23,271.02642822265625
2014-06-24,268.0692138671875
2014-06-25,269.83428955078125
2014-06-26,270.2470397949219
2014-06-27,278.8662109375
2014-06-30,287.00421142578125
2014-07-01,299.29132080078125
2014-07-02,304.1968688964844
2014-07-03,308.20849609375
2014-07-04,307.9335327148437
2014-07-07,306.0077819824219
2014-07-08,292.1390991210937
2014-07-09,282.1902160644531
2014-07-10,289.6404113769531
2014-07-11,288.79217529296875
2014-07-14,295.32550048828125
2014-07-15,312.1743469238281
2014-07-16,320.381103515625
2014-07-17,329.1607666015625
2014-07-18,324.5531311035156
2014-07-21,329.6880187988281
2014-07-22,324.8053283691406
2014-07-23,318.4095458984375
2014-07-24,321.3208923339844
2014-07-25,317.83642578125
2014-07-28,325.7911071777344
2014-07-30,330.39862060546875
2014-07-31,331.8198547363281
2014-08-01,331.8886413574219
2014-08-04,343.6943359375
2014-08-05,346.7890625
2014-08-06,348.0040588378906
2014-08-07,347.59136962890625
2014-08-08,337.43621826171875
2014-08-11,341.6541748046875
2014-08-12,343.71728515625
2014-08-13,351.6946716308594
2014-08-14,351.6489562988281
2014-08-18,352.8868408203125
2014-08-19,350.66314697265625
2014-08-20,348.3937683105469
2014-08-21,349.1066589355469
2014-08-22,356.99542236328125
2014-08-25,364.355224609375
2014-08-26,362.1702880859375
2014-08-27,366.6782531738281
2014-08-28,364.1712646484375
2014-09-01,367.3911437988281
2014-09-02,375.4869079589844
2014-09-03,386.7565612792969
2014-09-04,395.5193176269531
2014-09-05,394.6454162597656
2014-09-08,396.1862487792969
2014-09-09,401.6141357421875
2014-09-10,400.878173828125
2014-09-11,424.1304931640625
2014-09-12,411.2279052734375
2014-09-15,410.0778503417969
2014-09-16,385.629638671875
2014-09-17,392.0003967285156
2014-09-18,398.11822509765625
2014-09-19,391.3794250488281
2014-09-22,388.3204956054688
2014-09-23,383.881591796875
2014-09-24,365.5051879882813
2014-09-25,364.7922668457031
2014-09-26,372.93402099609375
2014-09-29,385.4456176757813
2014-09-30,378.7068481445313
2014-10-01,373.0490417480469
2014-10-07,369.4840698242188
2014-10-08,369.944091796875
2014-10-09,370.9100646972656
2014-10-10,350.16473388671875
2014-10-13,354.1665344238281
2014-10-14,356.9724426269531
2014-10-15,356.9724426269531
2014-10-16,341.8848571777344
2014-10-17,345.97882080078125
2014-10-20,351.45263671875
2014-10-21,347.2438049316406
2014-10-22,349.03765869140625
2014-10-27,352.7636413574219
2014-10-28,350.0036315917969
2014-10-29,352.3495788574219
2014-10-30,368.6331176757813
2014-10-31,373.9918823242188
2014-11-03,373.16400146484375
2014-11-05,387.79144287109375
2014-11-07,384.43365478515625
2014-11-10,407.08795166015625
2014-11-11,418.3346252441406
2014-11-12,417.6676330566406
2014-11-13,419.1396484375
2014-11-14,418.24267578125
2014-11-17,414.5397338867188
2014-11-18,433.00823974609375
2014-11-19,422.03753662109375
2014-11-20,424.4295043945313
2014-11-21,419.7376098632813
2014-11-24,432.479248046875
2014-11-25,432.9161987304688
2014-11-26,433.26123046875
2014-11-27,439.195068359375
2014-11-28,443.8869018554688
2014-12-01,437.9071044921875
2014-12-02,453.9606323242188
2014-12-03,461.0443115234375
2014-12-04,455.9385986328125
2014-12-05,451.4996643066406
2014-12-08,448.1878356933594
2014-12-09,435.5841064453125
2014-12-10,443.7718811035156
2014-12-11,424.1764831542969
2014-12-12,423.5783996582031
2014-12-15,420.3816223144531
2014-12-16,412.4007873535156
2014-12-17,397.7041931152344
2014-12-18,416.1266784667969
2014-12-19,417.5527038574219
2014-12-22,421.4625244140625
2014-12-23,418.610595703125
2014-12-24,420.8875122070313
2014-12-26,418.3116760253906
2014-12-29,433.2381896972656
2014-12-30,431.0072937011719
2014-12-31,434.36517333984375
2015-01-01,431.4443054199219
2015-01-02,433.859130859375
2015-01-05,435.28515625
2015-01-06,410.62982177734375
2015-01-07,414.1717529296875
2015-01-08,428.1553039550781
2015-01-09,427.3504333496094
2015-01-12,460.58441162109375
2015-01-13,453.1326293945313
2015-01-14,452.2586059570313
2015-01-15,452.6036376953125
2015-01-16,468.5881652832031
2015-01-19,468.8411865234375
2015-01-20,463.8042602539063
2015-01-21,464.0572814941406
2015-01-22,468.7721557617188
2015-01-23,462.3553466796875
2015-01-27,467.4841613769531
2015-01-28,466.8631896972656
2015-01-29,479.4667663574219
2015-01-30,475.8328552246094
2015-02-02,490.3224487304688
2015-02-03,502.5120544433594
2015-02-04,498.5103149414063
2015-02-05,500.48828125
2015-02-06,486.5276489257813
2015-02-09,494.0025329589844
2015-02-10,502.48931884765625
2015-02-11,526.289794921875
2015-02-12,545.2703247070312
2015-02-13,548.0379638671875
2015-02-16,542.087890625
2015-02-18,565.3349609375
2015-02-19,575.3439331054688
2015-02-20,590.5654296875
2015-02-23,583.4391479492188
2015-02-24,586.7369995117188
2015-02-25,603.3422241210938
2015-02-26,581.0865478515625
2015-02-27,576.1050415039062
2015-03-02,593.4021606445312
2015-03-03,595.477783203125
2015-03-04,583.8311767578125
2015-03-05,596.5155639648438
2015-03-09,585.3764038085938
2015-03-10,592.3412475585938
2015-03-11,601.912353515625
2015-03-12,615.0809936523438
2015-03-13,594.5321655273438
2015-03-16,597.9456787109375
2015-03-17,605.7636108398438
2015-03-18,599.1679077148438
2015-03-19,603.526611328125
2015-03-20,593.8633422851562
2015-03-23,598.245361328125
2015-03-24,598.3836669921875
2015-03-25,581.0636596679688
2015-03-26,557.8396606445312
2015-03-27,563.328369140625
2015-03-30,577.9500732421875
2015-03-31,588.9510498046875
2015-04-01,610.0534057617188
2015-04-06,606.8477172851562
2015-04-07,605.9712524414062
2015-04-08,617.9407348632812
2015-04-09,608.8309936523438
2015-04-10,614.296875
2015-04-13,604.58740234375
2015-04-15,607.0090942382812
2015-04-16,599.8598022460938
2015-04-17,552.1892700195312
2015-04-20,545.477783203125
2015-04-21,544.9705810546875
2015-04-22,537.4060668945312
2015-04-23,540.4732055664062
2015-04-24,554.4031372070312
2015-04-27,544.140380859375
2015-04-28,560.6762084960938
2015-04-29,574.652099609375
2015-04-30,578.75732421875
2015-05-04,584.499755859375
2015-05-05,602.534912109375
2015-05-06,570.9391479492188
2015-05-07,555.948486328125
2015-05-08,566.4187622070312
2015-05-11,572.8302001953125
2015-05-12,566.1652221679688
2015-05-13,573.8450317382812
2015-05-14,596.7001342773438
2015-05-15,586.27587890625
2015-05-18,595.454833984375
2015-05-19,594.5321655273438
2015-05-20,571.1235961914062
2015-05-21,573.3146362304688
2015-05-22,564.666015625
2015-05-25,578.618896484375
2015-05-26,588.78955078125
2015-05-27,571.6078491210938
2015-05-28,557.8396606445312
2015-05-29,568.0562744140625
2015-06-01,560.00732421875
2015-06-02,557.7703247070312
2015-06-03,549.4677124023438
2015-06-04,552.7196655273438
2015-06-05,547.1383666992188
2015-06-08,532.2398681640625
2015-06-09,505.0721435546875
2015-06-10,527.051025390625
2015-06-11,509.3386840820313
2015-06-12,510.9531555175781
2015-06-15,499.9063415527344
2015-06-16,504.4956359863281
2015-06-17,515.8424072265625
2015-06-18,511.3912963867188
2015-06-19,520.177978515625
2015-06-22,524.9061889648438
2015-06-23,526.4281616210938
2015-06-24,517.064697265625
2015-06-25,522.5307006835938
2015-06-26,514.52783203125
2015-06-29,493.8406982421875
2015-06-30,490.42724609375
2015-07-01,511.2990112304688
2015-07-02,515.6348876953125
2015-07-03,495.6395263671875
2015-07-06,503.4577026367188
2015-07-07,494.8553161621094
2015-07-08,487.0140380859375
2015-07-09,495.455078125
2015-07-10,494.2328796386719
2015-07-13,518.2179565429688
2015-07-14,507.7473754882813
2015-07-15,510.63037109375
2015-07-16,520.89306640625
2015-07-17,521.9541015625
2015-07-20,515.123291015625
2015-07-21,504.1712341308594
2015-07-22,507.15814208984375
2015-07-23,514.1276245117188
2015-07-24,513.4562377929688
2015-07-27,512.090087890625
2015-07-28,507.5054931640625
2015-07-29,512.3679809570312
2015-07-30,513.9886474609375
2015-07-31,531.563232421875
2015-08-03,539.6210327148438
2015-08-04,545.1087036132812
2015-08-05,575.904541015625
2015-08-06,570.4862670898438
2015-08-07,566.2257690429688
2015-08-10,562.8917846679688
2015-08-11,556.431396484375
2015-08-12,540.1766967773438
2015-08-13,538.046630859375
2015-08-14,567.5455932617188
2015-08-17,577.2474975585938
2015-08-18,580.6513061523438
2015-08-19,593.1317749023438
2015-08-20,583.7308959960938
2015-08-21,564.8828735351562
2015-08-24,517.693603515625
2015-08-25,539.2275390625
2015-08-26,513.0625610351562
2015-08-27,546.3359985351562
2015-08-28,547.7021484375
2015-08-31,540.8482055664062
2015-09-01,523.7138061523438
2015-09-02,516.003173828125
2015-09-03,522.6255493164062
2015-09-04,498.89202880859375
2015-09-07,470.2958068847656
2015-09-08,473.2132568359375
2015-09-09,488.0786437988281
2015-09-10,473.3753662109375
2015-09-11,477.3116149902344
2015-09-14,475.20458984375
2015-09-15,443.8531188964844
2015-09-16,435.3785095214844
2015-09-18,428.6405029296875
2015-09-21,417.9661560058594
2015-09-22,421.4856262207031
2015-09-23,424.8431091308594
2015-09-24,418.1976623535156
2015-09-28,420.1426696777344
2015-09-29,415.2338562011719
2015-09-30,420.2816162109375
2015-10-01,429.126708984375
2015-10-05,439.1294860839844
2015-10-06,431.58111572265625
2015-10-07,431.5348205566406
2015-10-08,430.9095458984375
2015-10-09,439.2916564941406
2015-10-12,442.8574523925781
2015-10-13,432.9703674316406
2015-10-14,412.3395080566406
2015-10-15,409.9777221679688
2015-10-16,415.1644287109375
2015-10-19,415.0254211425781
2015-10-20,432.1600036621094
2015-10-21,428.94146728515625
2015-10-23,427.1122131347656
2015-10-26,417.6650695800781
2015-10-27,423.407470703125
2015-10-28,401.9429931640625
2015-10-29,377.0980224609375
2015-10-30,397.9603271484375
2015-11-02,398.7940673828125
2015-11-03,396.31640625
2015-11-04,400.9937133789063
2015-11-05,398.5856323242188
2015-11-06,401.2484436035156
2015-11-09,407.9168701171875
2015-11-10,408.0791320800781
2015-11-13,415.9747619628906
2015-11-16,411.66796875
2015-11-17,407.10650634765625
2015-11-18,390.342529296875
2015-11-19,398.1687927246094
2015-11-20,403.0081787109375
2015-11-23,410.1861267089844
2015-11-24,406.4119262695313
2015-11-26,397.7752075195313
2015-11-27,394.9966125488281
2015-11-30,394.9734497070313
2015-12-01,392.6116638183594
2015-12-02,392.5190124511719
2015-12-03,400.6463928222656
2015-12-04,388.860595703125
2015-12-07,384.8779602050781
2015-12-08,383.3033752441406
2015-12-09,367.4193115234375
2015-12-10,372.0965576171875
2015-12-11,370.9388427734375
2015-12-14,367.8823852539063
2015-12-15,380.9416198730469
2015-12-16,389.2773742675781
2015-12-17,388.60595703125
2015-12-18,386.3598327636719
2015-12-21,395.6913146972656
2015-12-22,400.4380493164063
2015-12-23,394.4177856445313
2015-12-24,398.377197265625
2015-12-28,418.9617004394531
2015-12-29,413.6361999511719
2015-12-30,414.8402404785156
2015-12-31,413.0804138183594
2016-01-01,411.0891418457031
2016-01-04,403.3092041015625
2016-01-05,397.0805969238281
2016-01-06,405.8329772949219
2016-01-07,381.8910217285156
2016-01-08,385.063232421875
2016-01-11,383.1182556152344
2016-01-12,377.6999816894531
2016-01-13,378.6262817382813
2016-01-14,378.3020324707031
2016-01-15,367.1182861328125
2016-01-18,359.3151550292969
2016-01-19,365.89111328125
2016-01-20,358.7826232910156
2016-01-21,361.2601013183594
2016-01-22,369.75787353515625
2016-01-25,376.5885925292969
2016-01-27,382.77093505859375
2016-01-28,380.2007751464844
2016-01-29,386.0125122070313
2016-02-01,388.9763793945313
2016-02-02,377.6537170410156
2016-02-03,366.5394592285156
2016-02-04,367.0256652832031
2016-02-05,357.2080078125
2016-02-08,357.1617431640625
2016-02-09,360.2876281738281
2016-02-10,362.6494445800781
2016-02-11,354.4064025878906
2016-02-12,345.0054931640625
2016-02-15,363.8997802734375
2016-02-16,358.8520812988281
2016-02-17,364.9886474609375
2016-02-18,358.177978515625
2016-02-19,358.7590637207031
2016-02-22,365.6394653320313
2016-02-23,356.6204528808594
2016-02-24,352.76190185546875
2016-02-25,342.6736755371094
2016-02-26,345.4399108886719
2016-02-29,346.99725341796875
2016-03-01,360.758056640625
2016-03-02,367.38287353515625
2016-03-03,384.3283386230469
2016-03-04,380.2836608886719
2016-03-08,373.310302734375
2016-03-09,384.3515319824219
2016-03-10,381.841064453125
2016-03-11,379.5631103515625
2016-03-14,378.5636291503906
2016-03-15,373.7751770019531
2016-03-16,376.8202209472656
2016-03-17,383.7471923828125
2016-03-18,396.6407165527344
2016-03-21,409.1372375488281
2016-03-22,410.0481567382813
2016-03-23,415.070068359375
2016-03-28,410.5387268066406
2016-03-29,416.6818542480469
2016-03-30,415.7007751464844
2016-03-31,407.8758544921875
2016-04-01,403.0174255371094
2016-04-04,395.6830139160156
2016-04-05,387.8347473144531
2016-04-06,368.1907653808594
2016-04-07,362.7717895507813
2016-04-08,359.6651916503906
2016-04-11,362.7483825683594
2016-04-12,375.9923095703125
2016-04-13,387.7646789550781
2016-04-18,388.9093017578125
2016-04-20,381.6683349609375
2016-04-21,383.8873291015625
2016-04-22,381.0142517089844
2016-04-25,371.0638122558594
2016-04-26,376.8332214355469
2016-04-27,375.1280517578125
2016-04-28,370.4564514160156
2016-04-29,372.8390197753906
2016-05-02,377.9311218261719
2016-05-03,372.5587158203125
2016-05-04,362.2812194824219
2016-05-05,364.500244140625
2016-05-06,364.1731872558594
2016-05-09,369.3587951660156
2016-05-10,367.18646240234375
2016-05-11,364.6637268066406
2016-05-12,361.7673645019531
2016-05-13,350.9760131835937
2016-05-16,352.1205444335937
2016-05-17,350.6489562988281
2016-05-18,343.851806640625
2016-05-19,335.6298522949219
2016-05-20,335.69989013671875
2016-05-23,332.85028076171875
2016-05-24,339.2969970703125
2016-05-25,346.37451171875
2016-05-26,351.0226745605469
2016-05-27,347.8927917480469
2016-05-30,348.2898864746094
2016-05-31,352.8913269042969
2016-06-01,355.81109619140625
2016-06-02,354.9234924316406
2016-06-03,351.4198303222656
2016-06-06,346.0941772460937
2016-06-07,349.5745544433594
2016-06-08,357.30596923828125
2016-06-09,355.3440246582031
2016-06-10,350.57891845703125
2016-06-13,347.61248779296875
2016-06-14,346.14093017578125
2016-06-15,347.14532470703125
2016-06-16,342.8474426269531
2016-06-17,341.0956726074219
2016-06-20,352.7980041503906
2016-06-21,353.3117980957031
2016-06-22,344.6927490234375
2016-06-23,351.326416015625
2016-06-24,351.2797241210937
2016-06-27,346.8182678222656
2016-06-28,345.9540710449219
2016-06-29,353.4052734375
2016-06-30,355.1570739746094
2016-07-01,361.3468933105469
2016-07-04,363.1221923828125
2016-07-05,358.917724609375
2016-07-07,346.58477783203125
2016-07-08,344.5993347167969
2016-07-11,348.6870422363281
2016-07-12,350.9526062011719
2016-07-13,348.7336120605469
2016-07-14,340.34814453125
2016-07-15,340.3013916015625
2016-07-18,344.7394714355469
2016-07-19,347.8694763183594
2016-07-20,348.61688232421875
2016-07-21,340.06787109375
2016-07-22,343.711669921875
2016-07-25,348.7136535644531
2016-07-26,344.4830017089844
2016-07-27,345.5114440917969
2016-07-28,350.37322998046875
2016-07-29,355.725830078125
2016-08-01,350.4900817871094
2016-08-02,340.4393615722656
2016-08-03,338.966796875
2016-08-04,338.66290283203125
2016-08-05,380.6657104492188
2016-08-08,385.9715270996094
2016-08-09,384.7093811035156
2016-08-10,384.3821411132813
2016-08-11,378.77239990234375
2016-08-12,385.1300964355469
2016-08-16,392.7966918945313
2016-08-17,396.2326354980469
2016-08-18,392.7499694824219
2016-08-19,392.4694519042969
2016-08-22,389.7347106933594
2016-08-23,402.7305603027344
2016-08-24,400.1126403808594
2016-08-25,398.1492919921875
2016-08-26,400.79046630859375
2016-08-29,399.3880310058594
2016-08-30,401.9591674804688
2016-08-31,397.4948120117188
2016-09-01,400.9073486328125
2016-09-02,408.17669677734375
2016-09-06,407.4754638671875
2016-09-07,415.11859130859375
2016-09-08,410.7711181640625
2016-09-09,402.8473815917969
2016-09-12,395.578125
2016-09-14,402.4734497070313
2016-09-15,406.6572570800781
2016-09-16,409.205078125
2016-09-19,422.66839599609375
2016-09-20,417.2455749511719
2016-09-21,421.21917724609375
2016-09-22,432.34515380859375
2016-09-23,440.8999633789063
2016-09-26,438.8197021484375
2016-09-27,442.8866882324219
2016-09-28,441.0401611328125
2016-09-29,419.9803466796875
2016-09-30,425.777099609375
2016-10-03,439.68450927734375
2016-10-04,432.134765625
2016-10-05,432.4386291503906
2016-10-06,435.1499633789063
2016-10-07,447.1407775878906
2016-10-10,437.954833984375
2016-10-13,427.202880859375
2016-10-14,428.301513671875
2016-10-17,415.9133605957031
2016-10-18,423.1826477050781
2016-10-19,421.3828125
2016-10-20,417.9468994140625
2016-10-21,415.8899841308594
2016-10-24,414.5342712402344
2016-10-25,409.6491394042969
2016-10-26,407.5689392089844
2016-10-27,400.346435546875
2016-10-28,413.6694641113281
2016-11-01,405.1614379882813
2016-11-02,399.0141296386719
2016-11-03,397.4013366699219
2016-11-04,389.8515930175781
2016-11-07,401.3981628417969
2016-11-08,397.1675415039063
2016-11-09,410.3037109375
2016-11-10,411.7762145996094
2016-11-11,403.3616027832031
2016-11-15,417.2222900390625
2016-11-16,421.4295654296875
2016-11-17,420.6114501953125
2016-11-18,423.9305419921875
2016-11-21,401.0943908691406
2016-11-22,409.7193298339844
2016-11-23,419.7467041015625
2016-11-24,427.1560974121094
2016-11-25,425.33294677734375
2016-11-28,424.8421936035156
2016-11-29,421.35943603515625
2016-11-30,422.3645629882813
2016-12-01,419.6998596191406
2016-12-02,408.0831604003906
2016-12-05,408.2467651367188
2016-12-06,419.2323913574219
2016-12-07,427.85736083984375
2016-12-08,450.4130859375
2016-12-09,449.057373046875
2016-12-12,452.5634765625
2016-12-13,467.0318603515625
2016-12-14,455.4384460449219
2016-12-15,455.9760437011719
2016-12-16,453.3347778320313
2016-12-19,452.1661376953125
2016-12-20,444.055419921875
2016-12-21,434.9630126953125
2016-12-22,426.78216552734375
2016-12-23,426.314697265625
2016-12-26,412.0800476074219
2016-12-27,425.1226806640625
2016-12-28,420.728271484375
2016-12-29,424.2344665527344
2016-12-30,423.7903442382813
2017-01-02,432.1815185546875
2017-01-03,431.0595703125
2017-01-04,427.1560974121094
2017-01-05,431.1764221191406
2017-01-06,426.384765625
2017-01-09,424.1876831054688
2017-01-10,435.1032409667969
2017-01-11,445.037109375
2017-01-12,444.8034057617188
2017-01-13,441.11029052734375
2017-01-16,437.3938293457031
2017-01-17,436.97314453125
2017-01-18,439.9650573730469
2017-01-19,441.0401611328125
2017-01-20,432.1581726074219
2017-01-23,437.1367492675781
2017-01-24,440.0117492675781
2017-01-25,445.3409118652344
2017-01-27,442.1153564453125
2017-01-30,444.780029296875
2017-01-31,435.6642456054688
2017-02-01,454.6905212402344
2017-02-02,453.3347778320313
2017-02-03,443.5411682128906
2017-02-06,462.4038391113281
2017-02-07,458.85107421875
2017-02-08,452.0726013183594
2017-02-09,475.773681640625
2017-02-10,472.8752746582031
2017-02-13,486.5958251953125
2017-02-14,485.8243713378906
2017-02-15,476.7086181640625
2017-02-16,506.6302795410156
2017-02-17,497.2344665527344
2017-02-20,504.3809814453125
2017-02-21,506.58343505859375
2017-02-22,498.9917907714844
2017-02-23,502.1315612792969
2017-02-27,495.9691467285156
2017-02-28,493.6728210449219
2017-03-01,492.9698486328125
2017-03-02,488.21337890625
2017-03-03,488.7756958007813
2017-03-06,502.7876281738281
2017-03-07,491.63427734375
2017-03-08,488.5414123535156
2017-03-09,483.4801940917969
2017-03-10,483.9488220214844
2017-03-14,485.2610168457031
2017-03-15,484.69866943359375
2017-03-16,490.322265625
2017-03-17,485.3078918457031
2017-03-20,486.2218322753906
2017-03-21,476.98974609375
2017-03-22,475.419921875
2017-03-23,472.5378723144531
2017-03-24,475.7479248046875
2017-03-27,477.06005859375
2017-03-28,490.4861450195313
2017-03-29,485.2610168457031
2017-03-30,481.2074279785156
2017-03-31,488.3538818359375
2017-04-03,504.0763854980469
2017-04-05,502.97509765625
2017-04-06,511.64447021484375
2017-04-07,500.7491455078125
2017-04-10,506.8645935058594
2017-04-11,514.5499267578125
2017-04-12,505.0840148925781
2017-04-13,506.5366516113281
2017-04-17,496.6016845703125
2017-04-18,485.5421447753906
2017-04-19,491.4936828613281
2017-04-20,507.12249755859375
2017-04-21,503.25634765625
2017-04-24,530.7880249023438
2017-04-25,531.91259765625
2017-04-26,522.0713500976562
2017-04-27,531.7955322265625
2017-04-28,536.4581909179688
2017-05-02,545.2684936523438
2017-05-03,539.7855224609375
2017-05-04,523.1492309570312
2017-05-05,515.0187377929688
2017-05-08,515.2529907226562
2017-05-09,520.0562133789062
2017-05-10,527.2498168945312
2017-05-11,529.8037719726562
2017-05-12,523.5477294921875
2017-05-15,525.8907470703125
2017-05-16,527.2732543945312
2017-05-17,526.828125
2017-05-18,495.0787963867188
2017-05-19,494.8443603515625
2017-05-22,499.0853576660156
2017-05-23,490.6736145019531
2017-05-24,508.15338134765625
2017-05-25,521.3919067382812
2017-05-26,531.0455322265625
2017-05-29,532.0531616210938
2017-05-30,536.4581909179688
2017-05-31,548.220703125
2017-06-01,565.0911254882812
2017-06-02,559.1396484375
2017-06-05,556.3513793945312
2017-06-06,546.69775390625
2017-06-07,567.2703857421875
2017-06-08,555.343994140625
2017-06-09,550.7748413085938
2017-06-12,548.689453125
2017-06-13,545.783935546875
2017-06-14,550.0015258789062
2017-06-15,545.7604370117188
2017-06-16,554.5003051757812
2017-06-19,553.6099853515625
2017-06-20,554.1019897460938
2017-06-21,547.377197265625
2017-06-22,541.14453125
2017-06-23,519.9157104492188
2017-06-27,510.894775390625
2017-06-28,496.3205871582031
2017-06-29,503.8185729980469
2017-06-30,512.0429077148438
2017-07-03,519.2830810546875
2017-07-04,514.7609252929688
2017-07-05,520.5015869140625
2017-07-06,519.2362670898438
2017-07-07,525.2581176757812
2017-07-10,525.0941162109375
2017-07-11,516.82275390625
2017-07-12,524.9769287109375
2017-07-13,525.2346801757812
2017-07-14,524.9065551757812
2017-07-17,536.10693359375
2017-07-18,535.7085571289062
2017-07-19,538.4264526367188
2017-07-20,531.6314697265625
2017-07-21,532.1233520507812
2017-07-24,529.7568359375
2017-07-25,526.054931640625
2017-07-26,533.552978515625
2017-07-27,533.7167358398438
2017-07-28,541.8126220703125
2017-07-31,540.6830444335938
2017-08-01,541.342041015625
2017-08-02,544.283935546875
2017-08-03,547.1549682617188
2017-08-04,543.8602294921875
2017-08-07,546.7315063476562
2017-08-08,559.4871826171875
2017-08-09,548.708251953125
2017-08-10,537.929443359375
2017-08-11,545.4841918945312
2017-08-14,555.7922973632812
2017-08-16,558.8517456054688
2017-08-17,558.1693115234375
2017-08-18,550.6852416992188
2017-08-21,534.634765625
2017-08-22,535.0111694335938
2017-08-23,548.8024291992188
2017-08-24,540.330078125
2017-08-28,546.919677734375
2017-08-29,531.4573974609375
2017-08-30,538.4237670898438
2017-08-31,530.8456420898438
2017-09-01,533.293212890625
2017-09-04,529.5982666015625
2017-09-05,532.963623046875
2017-09-06,532.210693359375
2017-09-07,544.8721313476562
2017-09-08,546.4725952148438
2017-09-11,555.5098876953125
2017-09-12,578.2911987304688
2017-09-13,576.9968872070312
2017-09-14,592.4356079101562
2017-09-15,583.7747802734375
2017-09-18,586.7872924804688
2017-09-19,596.4129028320312
2017-09-20,595.9187622070312
2017-09-21,588.8818359375
2017-09-22,578.1971435546875
2017-09-25,574.8080444335938
2017-09-26,600.0608520507812
2017-09-27,572.831298828125
2017-09-28,564.0293579101562
2017-09-29,554.3803100585938
2017-10-03,581.3037109375
2017-10-04,591.8471069335938
2017-10-05,595.330322265625
2017-10-06,609.3568725585938
2017-10-09,606.8622436523438
2017-10-10,615.2877197265625
2017-10-11,601.8259887695312
2017-10-12,608.9803466796875
2017-10-13,602.3908081054688
2017-10-16,605.12060546875
2017-10-17,597.919189453125
2017-10-18,592.741455078125
2017-10-19,591.3294067382812
2017-10-23,602.3908081054688
2017-10-24,599.9901123046875
2017-10-25,618.8648071289062
2017-10-26,623.053955078125
2017-10-27,632.09130859375
2017-10-30,653.8372192382812
2017-10-31,657.2733764648438
2017-11-01,662.4979858398438
2017-11-02,654.4021606445312
2017-11-03,664.4749145507812
2017-11-06,668.6640014648438
2017-11-07,673.3709106445312
2017-11-08,687.915283203125
2017-11-09,676.0540161132812
2017-11-10,667.6755981445312
2017-11-13,649.177490234375
2017-11-14,651.201416015625
2017-11-15,651.154296875
2017-11-16,658.8488159179688
2017-11-17,657.527099609375
2017-11-20,658.093505859375
2017-11-21,670.4140625
2017-11-22,671.4526977539062
2017-11-23,659.132080078125
2017-11-24,660.1705932617188
2017-11-27,661.9644165039062
2017-11-28,658.3295288085938
2017-11-29,660.3593139648438
2017-11-30,654.4115600585938
2017-12-01,646.1976928710938
2017-12-04,637.5590209960938
2017-12-05,657.8574829101562
2017-12-06,657.6685791015625
2017-12-07,664.088623046875
2017-12-08,667.3931884765625
2017-12-11,660.4065551757812
2017-12-12,658.801513671875
2017-12-13,647.3306274414062
2017-12-14,650.3518676757812
2017-12-15,657.9047241210938
2017-12-18,666.873779296875
2017-12-19,687.7858276367188
2017-12-20,690.523681640625
2017-12-21,687.5497436523438
2017-12-22,688.1635131835938
2017-12-26,687.2194213867188
2017-12-27,681.035400390625
2017-12-28,691.09033203125
2017-12-29,690.6182250976562
2018-01-01,682.5931396484375
2018-01-02,687.3609619140625
2018-01-03,692.1288452148438
2018-01-04,686.3223876953125
2018-01-05,697.5574340820312
2018-01-08,700.9089965820312
2018-01-09,691.6566772460938
2018-01-10,685.9448852539062
2018-01-11,686.79443359375
2018-01-12,689.7684326171875
2018-01-15,689.91015625
2018-01-16,675.2291870117188
2018-01-17,694.0642700195312
2018-01-18,680.6105346679688
2018-01-19,694.630615234375
2018-01-22,698.3599853515625
2018-01-23,706.6680908203125
2018-01-24,704.6382446289062
2018-01-25,680.8466186523438
2018-01-29,677.8726196289062
2018-01-30,680.7993774414062
2018-01-31,677.0228881835938
2018-02-01,683.9622192382812
2018-02-02,652.19287109375
2018-02-05,674.143310546875
2018-02-06,660.7842407226562
2018-02-07,666.8265380859375
2018-02-08,718.6583862304688
2018-02-09,720.1689453125
2018-02-12,732.96142578125
2018-02-14,721.113037109375
2018-02-15,710.06689453125
2018-02-16,700.7673950195312
2018-02-19,696.1884155273438
2018-02-20,697.51025390625
2018-02-21,715.2123413085938
2018-02-22,713.937744140625
2018-02-23,708.0843505859375
2018-02-26,724.7006225585938
2018-02-27,729.32666015625
2018-02-28,745.70703125
2018-03-01,740.1839599609375
2018-03-05,720.4049072265625
2018-03-06,719.4137573242188
2018-03-07,700.3896484375
2018-03-08,706.6207885742188
2018-03-09,706.0072631835938
2018-03-12,694.489013671875
2018-03-13,696.5188598632812
2018-03-14,699.2567749023438
2018-03-15,697.3212890625
2018-03-16,695.4332275390625
2018-03-19,669.61181640625
2018-03-20,668.1956176757812
2018-03-21,664.2302856445312
2018-03-22,659.6041870117188
2018-03-23,651.7207641601562
2018-03-26,660.0288696289062
2018-03-27,665.693603515625
2018-03-28,660.5482788085938
2018-04-02,680.7049560546875
2018-04-03,677.4005737304688
2018-04-04,676.4091796875
2018-04-05,686.2752685546875
2018-04-06,688.3995361328125
2018-04-09,683.3485107421875
2018-04-10,690.14599609375
2018-04-11,689.8157348632812
2018-04-12,689.91015625
2018-04-13,693.1672973632812
2018-04-16,695.0082397460938
2018-04-17,696.8965454101562
2018-04-18,695.4802856445312
2018-04-19,708.83935546875
2018-04-20,720.3104858398438
2018-04-23,717.4309692382812
2018-04-24,710.3029174804688
2018-04-25,720.3104858398438
2018-04-26,728.382568359375
2018-04-27,729.0435180664062
2018-04-30,731.40380859375
2018-05-02,725.7864379882812
2018-05-03,708.2731323242188
2018-05-04,692.1288452148438
2018-05-07,700.2481079101562
2018-05-08,699.0208740234375
2018-05-09,688.2106323242188
2018-05-10,683.7733764648438
2018-05-11,685.0479125976562
2018-05-14,693.8281860351562
2018-05-15,687.3138427734375
2018-05-16,687.5026245117188
2018-05-17,684.7646484375
2018-05-18,682.498779296875
2018-05-21,655.449951171875
2018-05-22,642.8933715820312
2018-05-23,647.7554931640625
2018-05-24,606.5922241210938
2018-05-25,629.3923950195312
2018-05-28,626.3713989257812
2018-05-29,622.311767578125
2018-05-30,628.542724609375
2018-05-31,614.3339233398438
2018-06-01,606.6865234375
2018-06-04,601.1162719726562
2018-06-05,602.5796508789062
2018-06-06,613.814697265625
2018-06-07,618.4879150390625
2018-06-08,615.986083984375
2018-06-11,611.312744140625
2018-06-12,615.5140380859375
2018-06-13,619.8568725585938
2018-06-14,610.0852661132812
2018-06-15,607.2058715820312
2018-06-18,602.8629760742188
2018-06-19,597.7647705078125
2018-06-20,595.5932006835938
2018-06-21,573.5011596679688
2018-06-22,578.8353271484375
2018-06-25,571.565673828125
2018-06-26,575.4364013671875
2018-06-27,570.5743408203125
2018-06-28,570.6213989257812
2018-06-29,578.4576416015625
2018-07-02,576.8998413085938
2018-07-03,585.727294921875
2018-07-04,601.1634521484375
2018-07-05,580.8178100585938
2018-07-06,597.0094604492188
2018-07-09,615.0892333984375
2018-07-10,608.055419921875
2018-07-11,600.5498657226562
2018-07-12,586.2936401367188
2018-07-13,571.9431762695312
2018-07-16,557.8760375976562
2018-07-17,581.8563842773438
2018-07-18,561.9828491210938
2018-07-19,550.3703002929688
2018-07-20,554.3357543945312
2018-07-23,569.8189697265625
2018-07-24,572.46240234375
2018-07-25,586.6241455078125
2018-07-26,594.177001953125
2018-07-27,597.8737182617188
2018-07-30,594.177001953125
2018-07-31,607.2578125
2018-08-01,610.5755004882812
2018-08-02,602.5657348632812
2018-08-03,611.6655883789062
2018-08-06,613.5612182617188
2018-08-07,604.7933959960938
2018-08-08,606.1204833984375
2018-08-09,598.537353515625
2018-08-10,596.6416625976562
2018-08-13,577.210205078125
2018-08-14,586.6888427734375
2018-08-16,586.9258422851562
2018-08-17,597.7789916992188
2018-08-20,613.9876708984375
2018-08-21,607.4473266601562
2018-08-23,618.253173828125
2018-08-24,613.4190063476562
2018-08-27,614.7459716796875
2018-08-28,620.3385009765625
2018-08-29,632.3291625976562
2018-08-30,634.1302490234375
2018-08-31,643.6563110351562
2018-09-03,634.50927734375
2018-09-04,616.2627563476562
2018-09-05,628.9168090820312
2018-09-06,634.0355224609375
2018-09-07,652.8034057617188
2018-09-10,632.28173828125
2018-09-11,620.14892578125
2018-09-12,627.7793579101562
2018-09-14,633.5614624023438
2018-09-17,618.53759765625
2018-09-18,596.68896484375
2018-09-19,605.7412109375
2018-09-21,591.9970092773438
2018-09-24,576.3571166992188
2018-09-25,584.4613647460938
2018-09-26,592.4234619140625
2018-09-27,580.5276489257812
2018-09-28,569.769287109375
2018-10-01,592.9448852539062
2018-10-03,571.996826171875
2018-10-04,560.8118286132812
2018-10-05,546.8779907226562
2018-10-08,536.5935668945312
2018-10-09,535.361328125
2018-10-10,558.2999877929688
2018-10-11,526.3091430664062
2018-10-12,543.7025756835938
2018-10-15,550.6696166992188
2018-10-16,548.1103515625
2018-10-17,531.4276733398438
2018-10-19,535.5034790039062
2018-10-22,525.0294799804688
2018-10-23,524.6503295898438
2018-10-24,527.7307739257812
2018-10-25,518.2047119140625
2018-10-26,524.508056640625
2018-10-29,527.8731689453125
2018-10-30,539.8163452148438
2018-10-31,554.4136962890625
2018-11-01,550.764404296875
2018-11-02,575.5986328125
2018-11-05,567.589111328125
2018-11-06,555.6932373046875
2018-11-07,561.617431640625
2018-11-09,553.0867309570312
2018-11-12,554.3661499023438
2018-11-13,559.295166015625
2018-11-14,554.3187866210938
2018-11-15,561.45849609375
2018-11-16,564.5047607421875
2018-11-19,566.2658081054688
2018-11-20,549.36865234375
2018-11-21,552.3673095703125
2018-11-22,554.8423461914062
2018-11-26,544.751708984375
2018-11-27,547.9884643554688
2018-11-28,538.5164794921875
2018-11-29,544.6566162109375
2018-11-30,536.75537109375
2018-12-03,536.6602172851562
2018-12-04,552.5578002929688
2018-12-05,505.9123840332031
2018-12-06,501.2477722167969
2018-12-07,481.2093200683594
2018-12-10,481.7328796386719
2018-12-11,473.0701904296875
2018-12-12,490.0148010253906
2018-12-13,483.6843566894531
2018-12-14,488.9200744628906
2018-12-17,498.963134765625
2018-12-18,496.9164123535156
2018-12-19,496.6784362792969
2018-12-20,496.4404602050781
2018-12-21,477.4491271972656
2018-12-24,478.3058776855469
2018-12-26,481.1617431640625
2018-12-27,476.1639709472656
2018-12-28,482.8751831054688
2018-12-31,484.2555236816406
2019-01-01,486.3974304199219
2019-01-02,471.1186828613281
2019-01-03,464.07421875
2019-01-04,463.7410583496094
2019-01-07,456.6491088867188
2019-01-08,449.1763305664063
2019-01-09,454.0787963867188
2019-01-10,459.1717224121094
2019-01-11,458.5053405761719
2019-01-14,453.6028747558594
2019-01-15,463.2651062011719
2019-01-16,466.2161254882813
2019-01-17,465.692626953125
2019-01-18,456.7442321777344
2019-01-21,455.6495361328125
2019-01-22,462.6463317871094
2019-01-23,466.5493774414063
2019-01-24,452.9364013671875
2019-01-25,456.5538330078125
2019-01-28,447.98638916015625
2019-01-29,462.6939086914063
2019-01-30,452.4605102539063
2019-01-31,469.30999755859375
2019-02-01,471.6422424316406
2019-02-04,464.217041015625
2019-02-05,464.217041015625
2019-02-06,458.9337158203125
2019-02-07,469.1195373535156
2019-02-08,461.2659912109375
2019-02-11,456.0779113769531
2019-02-12,460.5520324707031
2019-02-14,455.4591064453125
2019-02-15,446.463134765625
2019-02-18,436.94378662109375
2019-02-19,435.6110534667969
2019-02-20,450.7946166992188
2019-02-21,457.6961669921875
2019-02-22,465.692626953125
2019-02-25,470.7854614257813
2019-02-26,481.9232177734375
2019-02-27,486.6354370117188
2019-02-28,488.2537231445313
2019-03-01,494.7745971679688
2019-03-05,500.81939697265625
2019-03-06,493.6322326660156
2019-03-07,491.5378723144531
2019-03-08,482.9703979492188
2019-03-11,508.1969909667969
2019-03-12,504.6272583007813
2019-03-13,511.6716003417969
2019-03-14,504.8652648925781
2019-03-15,509.8153076171875
2019-03-18,492.3946838378906
2019-03-19,491.87109375
2019-03-20,479.4482421875
2019-03-22,470.8330383300781
2019-03-25,464.1694030761719
2019-03-26,467.7392272949219
2019-03-27,467.4536437988281
2019-03-28,470.8806457519531
2019-04-01,487.0162048339844
2019-04-02,489.49127197265625
2019-04-03,479.5909729003906
2019-04-04,483.5415649414063
2019-04-05,487.7301025390625
2019-04-08,479.2101745605469
2019-04-09,483.0656433105469
2019-04-10,473.9744873046875
2019-04-11,472.4513549804688
2019-04-12,468.833984375
2019-04-15,488.0633850097656
2019-04-16,483.8271789550781
2019-04-18,476.4971008300781
2019-04-22,458.5529479980469
2019-04-23,462.88427734375
2019-04-24,457.9818420410156
2019-04-25,457.4582214355469
2019-04-26,453.2696838378906
2019-04-30,449.55706787109375
2019-05-02,441.8938598632813
2019-05-03,463.217529296875
2019-05-06,448.17669677734375
2019-05-07,442.9886779785156
2019-05-08,440.180419921875
2019-05-09,438.4192504882813
2019-05-10,434.46868896484375
2019-05-13,429.0902404785156
2019-05-14,434.5162963867188
2019-05-15,432.0888977050781
2019-05-16,426.1867370605469
2019-05-17,432.3744201660156
2019-05-20,462.7415771484375
2019-05-21,446.7487487792969
2019-05-22,443.0362243652344
2019-05-23,438.1812133789063
2019-05-24,455.2211608886719
2019-05-27,459.1717224121094
2019-05-28,466.2161254882813
2019-05-29,451.0325622558594
2019-05-30,447.5580139160156
2019-05-31,444.8924560546875
2019-06-03,442.1795043945313
2019-06-04,440.7515563964844
2019-06-06,438.2288513183594
2019-06-07,435.4206237792969
2019-06-10,438.9428405761719
2019-06-11,451.508544921875
2019-06-12,445.5112915039063
2019-06-13,437.5624694824219
2019-06-14,432.5171813964844
2019-06-17,421.4270629882813
2019-06-18,418.38079833984375
2019-06-19,413.62103271484375
2019-06-20,418.8567199707031
2019-06-21,418.1427917480469
2019-06-24,415.42974853515625
2019-06-25,414.9061584472656
2019-06-26,427.0434875488281
2019-06-27,434.0403137207031
2019-06-28,428.2810974121094
2019-07-01,435.6110534667969
2019-07-02,437.9908752441406
2019-07-03,440.5135498046875
2019-07-04,453.0792846679688
2019-07-05,436.0870056152344
2019-07-08,427.5670776367188
2019-07-09,432.2791748046875
2019-07-10,421.9030151367188
2019-07-11,442.2745971679688
2019-07-12,440.2279357910156
2019-07-15,440.3232116699219
2019-07-16,443.3218688964844
2019-07-17,442.5602416992188
2019-07-18,419.6659240722656
2019-07-19,416.1913146972656
2019-07-22,416.81005859375
2019-07-23,412.0503540039063
2019-07-24,410.8128051757813
2019-07-25,407.6714172363281
2019-07-26,413.287841796875
2019-07-29,407.2430419921875
2019-07-30,396.3908386230469
2019-07-31,402.62603759765625
2019-08-01,402.3866882324219
2019-08-02,404.7806091308594
2019-08-05,401.57269287109375
2019-08-06,400.75872802734375
2019-08-07,388.7886962890625
2019-08-08,400.4714050292969
2019-08-09,410.3348083496094
2019-08-13,383.5218200683594
2019-08-14,385.5806274414063
2019-08-16,381.1277465820313
2019-08-19,379.7392578125
2019-08-20,374.3287048339844
2019-08-21,373.3232421875
2019-08-22,367.5297546386719
2019-08-23,374.1371765136719
2019-08-26,374.1850891113281
2019-08-27,378.542236328125
2019-08-28,373.13177490234375
2019-08-29,366.3806457519531
2019-08-30,368.0564575195313
2019-09-03,365.8060302734375
2019-09-04,366.0455017089844
2019-09-05,377.4888610839844
2019-09-06,378.2071533203125
2019-09-09,383.3302001953125
2019-09-11,394.007568359375
2019-09-12,388.4534301757813
2019-09-13,395.1088562011719
2019-09-16,393.6724853515625
2019-09-17,379.5955810546875
2019-09-18,383.1866149902344
2019-09-19,377.4409484863281
2019-09-20,406.6001586914063
2019-09-23,433.1737365722656
2019-09-24,440.6909484863281
2019-09-25,423.5497741699219
2019-09-26,431.2584838867188
2019-09-27,427.8111877441406
2019-09-30,427.4281005859375
2019-10-01,425.9917602539063
2019-10-03,422.5442810058594
2019-10-04,407.2225646972656
2019-10-07,407.2225646972656
2019-10-09,413.9736633300781
2019-10-10,405.9298095703125
2019-10-11,400.423583984375
2019-10-14,412.1063537597656
2019-10-15,410.2390747070313
2019-10-16,418.85748291015625
2019-10-17,433.4610900878906
2019-10-18,426.9013671875
2019-10-22,427.8590087890625
2019-10-23,435.5198669433594
2019-10-24,432.0724792480469
2019-10-25,432.6470947265625
2019-10-27,433.748291015625
2019-10-29,443.75531005859375
2019-10-30,436.6690368652344
2019-10-31,434.6101379394531
2019-11-01,439.3023986816406
2019-11-04,441.935791015625
2019-11-05,444.8565368652344
2019-11-06,444.6650085449219
2019-11-07,449.2615661621094
2019-11-08,408.563232421875
2019-11-11,417.5167846679688
2019-11-13,410.143310546875
2019-11-14,417.9478149414063
2019-11-15,421.15576171875
2019-11-18,429.19970703125
2019-11-19,435.4719848632813
2019-11-20,440.2759094238281
2019-11-21,432.39752197265625
2019-11-22,432.9259338378906
2019-11-25,430.7161560058594
2019-11-26,436.7210083007813
2019-11-27,450.0758056640625
2019-11-28,449.6915283203125
2019-11-29,446.1846618652344
2019-12-02,448.53857421875
2019-12-03,430.8122253417969
2019-12-04,427.3533935546875
2019-12-05,424.9995422363281
2019-12-06,424.2789611816406
2019-12-09,427.73779296875
2019-12-10,422.4053955078125
2019-12-11,422.2613525390625
2019-12-12,430.9083251953125
2019-12-13,446.28076171875
2019-12-16,452.4297180175781
2019-12-17,466.5531005859375
2019-12-18,476.9295043945313
2019-12-19,474.8158264160156
2019-12-20,472.8462219238281
2019-12-23,480.86865234375
2019-12-24,467.1296081542969
2019-12-26,472.8942565917969
2019-12-27,469.5795593261719
2019-12-30,472.2216796875
2019-12-31,464.19915771484375
2020-01-01,466.1207580566406
2020-01-02,471.8374328613281
2020-01-03,467.4658508300781
2020-01-06,459.1551208496094
2020-01-07,464.7276916503906
2020-01-08,468.6187744140625
2020-01-09,487.4019470214844
2020-01-10,492.9744567871094
2020-01-13,495.37646484375
2020-01-14,498.450927734375
2020-01-15,507.3380737304688
2020-01-16,506.473388671875
2020-01-17,501.9577026367188
2020-01-20,498.3068542480469
2020-01-21,490.9088134765625
2020-01-22,482.982421875
2020-01-23,495.0401611328125
2020-01-24,501.5733947753906
2020-01-27,488.9872131347656
2020-01-28,480.1961975097656
2020-01-29,485.1922302246094
2020-01-30,479.6197204589844
2020-01-31,471.4050598144531
2020-02-03,469.2913208007813
2020-02-04,482.59808349609375
2020-02-05,488.9872131347656
2020-02-06,491.2449951171875
2020-02-07,497.6823120117188
2020-02-10,479.7156982421875
2020-02-11,472.1736755371094
2020-02-12,464.2952880859375
2020-02-13,463.1904296875
2020-02-14,466.4090270996094
2020-02-17,466.3129577636719
2020-02-18,461.5570983886719
2020-02-19,461.2207946777344
2020-02-20,465.4962768554688
2020-02-24,444.1669921875
2020-02-25,446.6170349121094
2020-02-26,440.3239440917969
2020-02-27,443.4944763183594
2020-02-28,418.3221435546875
2020-03-02,433.26220703125
2020-03-03,428.3404541015625
2020-03-04,421.3437805175781
2020-03-05,424.5767211914063
2020-03-06,424.0458984375
2020-03-09,398.3753967285156
2020-03-11,388.3388366699219
2020-03-12,356.25067138671875
2020-03-13,364.9362182617188
2020-03-16,357.3604736328125
2020-03-17,344.3804931640625
2020-03-18,334.97119140625
2020-03-19,294.4388122558594
2020-03-20,290.7232971191406
2020-03-23,237.1626739501953
2020-03-24,236.5836181640625
2020-03-25,244.78662109375
2020-03-26,273.8348693847656
2020-03-27,254.87139892578125
2020-03-30,237.74169921875
2020-03-31,226.7400665283203
2020-04-01,222.0113067626953
2020-04-03,211.9747009277344
2020-04-07,210.8648834228516
2020-04-08,223.4588928222656
2020-04-09,236.96969604492188
2020-04-13,230.9863128662109
2020-04-15,229.0079498291016
2020-04-16,230.1177520751953
2020-04-17,273.8830871582031
2020-04-20,280.2042541503906
2020-04-21,250.2391815185547
2020-04-22,247.4405212402344
2020-04-23,247.5370483398437
2020-04-24,254.0511779785156
2020-04-27,261.7233581542969
2020-04-28,257.4288330078125
2020-04-29,272.1942749023437
2020-04-30,298.3955993652344
2020-05-04,260.3722839355469
2020-05-05,269.39556884765625
2020-05-06,274.84814453125
2020-05-07,268.4305114746094
2020-05-08,270.0228576660156
2020-05-11,276.5369873046875
2020-05-12,274.0760803222656
2020-05-13,275.3306884765625
2020-05-14,266.6451721191406
2020-05-15,267.61016845703125
2020-05-18,260.2757568359375
2020-05-19,261.14434814453125
2020-05-20,272.0495300292969
2020-05-21,281.4105529785156
2020-05-22,274.41387939453125
2020-05-26,281.50701904296875
2020-05-27,278.27410888671875
2020-05-28,296.22418212890625
2020-05-29,314.65673828125
2020-06-01,322.5219421386719
2020-06-02,322.1841735839844
2020-06-03,322.76318359375
2020-06-04,329.0361022949219
2020-06-05,336.85302734375
2020-06-08,350.3155822753906
2020-06-09,349.4952697753906
2020-06-10,341.5818786621094
2020-06-11,341.0028076171875
2020-06-12,338.2523803710937
2020-06-15,328.6017761230469
2020-06-16,335.9845275878906
2020-06-17,345.6351013183594
2020-06-18,347.7581481933594
2020-06-19,362.6682739257813
2020-06-22,360.1108703613281
2020-06-23,356.0576477050781
2020-06-24,344.1874389648437
2020-06-25,344.9595642089844
2020-06-26,340.1825256347656
2020-06-29,305.44049072265625
2020-06-30,308.1908569335937
2020-07-01,325.5618896484375
2020-07-02,322.7149658203125
2020-07-03,346.2623596191406
2020-07-06,355.4786071777344
2020-07-07,362.2340698242188
2020-07-08,349.8330078125
2020-07-09,356.8296813964844
2020-07-10,342.11260986328125
2020-07-13,356.1541442871094
2020-07-14,353.9827880859375
2020-07-15,353.7415466308594
2020-07-16,366.0459899902344
2020-07-17,364.26068115234375
2020-07-20,369.32720947265625
2020-07-21,370.9195556640625
2020-07-22,373.6699523925781
2020-07-23,375.8413391113281
2020-07-24,370.6782531738281
2020-07-27,369.4237060546875
2020-07-28,379.508544921875
2020-07-29,372.463623046875
2020-07-30,371.7880554199219
2020-07-31,368.6034240722656
2020-08-03,372.7531127929688
2020-08-04,378.5917663574219
2020-08-05,387.0359802246094
2020-08-06,389.6416015625
2020-08-07,393.5501403808594
2020-08-10,408.0260009765625
2020-08-11,399.0991821289063
2020-08-12,419.6066589355469
2020-08-13,485.3270263671875
2020-08-14,477.6547546386719
2020-08-17,479.7779235839844
2020-08-18,482.0940856933594
2020-08-19,472.926025390625
2020-08-20,473.4085693359375
2020-08-21,472.6847839355469
2020-08-24,481.9493103027344
2020-08-25,482.3836364746094
2020-08-26,481.70806884765625
2020-08-27,493.0474548339844
2020-08-28,484.6997375488281
2020-08-31,474.035888671875
2020-09-01,479.2954406738281
2020-09-02,481.1773071289063
2020-09-03,473.9876098632813
2020-09-04,471.5749816894531
2020-09-07,469.7895812988281
2020-09-08,454.6864318847656
2020-09-09,449.6681823730469
2020-09-10,445.3253784179688
2020-09-11,447.207275390625
2020-09-14,458.98095703125
2020-09-15,460.0425415039063
2020-09-16,463.8544921875
2020-09-17,461.9243774414063
2020-09-18,462.5999755859375
2020-09-21,439.1490783691406
2020-09-22,436.8328857421875
2020-09-23,431.0425415039063
2020-09-24,416.1806945800781
2020-09-25,429.3536682128906
2020-09-28,438.280517578125
2020-09-29,433.6482543945313
2020-09-30,431.9111328125
2020-10-01,432.4902038574219
2020-10-05,449.3304443359375
2020-10-06,449.909423828125
2020-10-07,451.64654541015625
2020-10-08,450.9709777832031
2020-10-09,449.5234375
2020-10-12,444.2156066894531
2020-10-13,441.9960021972656
2020-10-14,428.0026245117188
2020-10-15,429.4019775390625
2020-10-16,436.6881408691406
2020-10-19,435.67486572265625
2020-10-20,445.035888671875
2020-10-21,441.4652099609375
2020-10-22,447.8828125
2020-10-23,477.799560546875
2020-10-26,466.5083923339844
2020-10-27,452.1772766113281
2020-10-28,443.9743347167969
2020-10-29,439.0525512695313
2020-10-30,435.530029296875
2020-11-02,435.14404296875
2020-11-03,442.333740234375
2020-11-04,447.5450134277344
2020-11-05,456.6165771484375
2020-11-06,460.3802490234375
2020-11-09,476.4967651367188
2020-11-10,501.5399169921875
2020-11-11,482.2870788574219
2020-11-12,479.3919677734375
2020-11-13,464.2887878417969
2020-11-14,467.232177734375
2020-11-17,477.70306396484375
2020-11-18,482.4317932128906
2020-11-19,492.1788635253906
2020-11-20,479.9226989746094
2020-11-23,481.7563171386719
2020-11-24,476.8345642089844
2020-11-25,478.5233459472656
2020-11-26,495.26708984375
2020-11-27,490.5865783691406
2020-12-01,491.2138366699219
2020-12-02,497.6315002441406
2020-12-03,520.551513671875
2020-12-04,532.6629638671875
2020-12-07,530.1055908203125
2020-12-08,525.0391235351562
2020-12-09,529.3335571289062
2020-12-10,520.358642578125
2020-12-11,532.9042358398438
2020-12-14,522.240478515625
2020-12-15,534.400146484375
2020-12-16,537.2470703125
2020-12-17,538.01904296875
2020-12-18,536.2337646484375
2020-12-21,505.88275146484375
2020-12-22,499.5616455078125
2020-12-23,519.6829833984375
2020-12-24,508.1989135742188
2020-12-28,509.3569641113281
2020-12-29,505.158935546875
2020-12-30,499.5133056640625
2020-12-31,506.9443054199219
2021-01-01,519.2969970703125
2021-01-04,533.2903442382812
2021-01-05,537.1023559570312
2021-01-06,529.1405639648438
2021-01-07,577.9242553710938
2021-01-08,582.21875
2021-01-11,589.601318359375
2021-01-12,599.6862182617188
2021-01-13,606.296875
2021-01-14,600.6995239257812
2021-01-15,592.1105346679688
2021-01-18,568.225341796875
2021-01-19,578.2619018554688
2021-01-20,599.8309936523438
2021-01-21,597.225341796875
2021-01-22,607.4068603515625
2021-01-25,587.237060546875
2021-01-27,580.7710571289062
2021-01-28,562.290283203125
2021-01-29,563.400146484375
2021-02-01,591.821044921875
2021-02-02,625.7427368164062
2021-02-03,612.1837158203125
2021-02-04,607.06884765625
2021-02-05,596.3084716796875
2021-02-08,620.5797729492188
2021-02-09,622.7510375976562
2021-02-10,632.9807739257812
2021-02-11,625.2601928710938
2021-02-12,617.7327270507812
2021-02-15,606.1038208007812
2021-02-16,608.70947265625
2021-02-17,615.46484375
2021-02-18,610.9290771484375
2021-02-19,581.9291381835938
2021-02-22,568.0323486328125
2021-02-23,587.2852172851562
2021-02-24,581.3501586914062
2021-02-25,599.1554565429688
2021-02-26,588.7328491210938
2021-03-01,596.8875732421875
2021-03-02,614.4033203125
2021-03-03,608.5164184570312
2021-03-04,619.0838623046875
2021-03-05,596.1155395507812
2021-03-08,597.3218383789062
2021-03-09,591.4832763671875
2021-03-10,600.84423828125
2021-03-12,595.0538940429688
2021-03-15,591.8693237304688
2021-03-16,589.649658203125
2021-03-17,570.3967895507812
2021-03-18,566.5848388671875
2021-03-19,579.082275390625
2021-03-22,575.9940185546875
2021-03-23,574.3052978515625
2021-03-24,560.6979370117188
2021-03-25,550.6130981445312
2021-03-26,566.7295532226562
2021-03-30,570.0108642578125
2021-03-31,575.1256103515625
2021-04-01,591.91748046875
2021-04-05,587.3818359375
2021-04-06,597.8043212890625
2021-04-07,591.0007934570312
2021-04-08,593.3651733398438
2021-04-09,588.92578125
2021-04-12,560.6979370117188
2021-04-13,569.9142456054688
2021-04-15,554.955810546875
2021-04-16,566.2470092773438
2021-04-19,541.2520751953125
2021-04-20,555.2453002929688
2021-04-22,568.0806884765625
2021-04-23,562.000732421875
2021-04-26,556.4033203125
2021-04-27,574.7877807617188
2021-04-28,571.7479248046875
2021-04-29,583.5699462890625
2021-04-30,589.0706787109375
2021-05-03,594.5714111328125
2021-05-04,609.7228393554688
2021-05-05,617.3468017578125
2021-05-06,620.4349365234375
2021-05-07,614.548095703125
2021-05-10,627.47998046875
2021-05-11,644.899169921875
2021-05-12,641.4249877929688
2021-05-14,625.5979614257812
2021-05-17,632.3533935546875
2021-05-18,654.935791015625
2021-05-19,655.6112060546875
2021-05-20,633.0772705078125
2021-05-21,622.1238403320312
2021-05-24,628.6862182617188
2021-05-25,635.2003784179688
2021-05-26,644.5614013671875
2021-05-27,658.8924560546875
2021-05-28,653.8742065429688
2021-05-31,654.1636962890625
2021-06-01,643.3551025390625
2021-06-02,673.1270141601562
2021-06-03,671.5829467773438
2021-06-04,724.6610107421875
2021-06-07,723.7926025390625
2021-06-08,731.1752319335938
2021-06-09,729.8724365234375
2021-06-10,731.8507080078125
2021-06-11,721.7659301757812
2021-06-14,714.8174438476562
2021-06-15,715.5896606445312
2021-06-16,706.2767333984375
2021-06-17,699.7144775390625
2021-06-18,701.451416015625
2021-06-21,704.1053466796875
2021-06-22,715.3001098632812
2021-06-23,705.3116455078125
2021-06-24,709.8474731445312
2021-06-25,715.4930419921875
2021-06-28,713.0322265625
2021-06-29,721.4281616210938
2021-06-30,735.2767944335938
2021-07-01,738.8955688476562
2021-07-02,744.92724609375
2021-07-05,743.9622802734375
2021-07-06,740.5363159179688
2021-07-07,778.1251831054688
2021-07-08,780.6824951171875
2021-07-09,779.7658081054688
2021-07-12,778.0769653320312
2021-07-13,791.5877685546875
2021-07-14,783.7224731445312
2021-07-15,783.77099609375
2021-07-16,781.0620727539062
2021-07-19,785.6090698242188
2021-07-20,772.500244140625
2021-07-22,775.1123046875
2021-07-23,763.2128295898438
2021-07-26,758.1821899414062
2021-07-27,754.941162109375
2021-07-28,752.6677856445312
2021-07-29,759.6331787109375
2021-07-30,746.5245361328125
2021-08-02,759.7301025390625
2021-08-03,785.754150390625
2021-08-04,765.099365234375
2021-08-05,755.7635498046875
2021-08-06,754.2156982421875
2021-08-09,749.8621215820312
2021-08-10,726.3533935546875
2021-08-11,757.2146606445312
2021-08-12,800.5560302734375
2021-08-13,793.0100708007812
2021-08-16,778.1597290039062
2021-08-17,784.3997192382812
2021-08-18,776.7570190429688
2021-08-20,728.336669921875
2021-08-23,696.2176513671875
2021-08-24,716.872314453125
2021-08-25,707.2948608398438
2021-08-26,703.425048828125
2021-08-27,705.6986083984375
2021-08-30,735.0603637695312
2021-08-31,742.2194213867188
2021-09-01,755.618408203125
2021-09-02,755.9569702148438
2021-09-03,765.53466796875
2021-09-06,762.4873657226562
2021-09-07,751.8938598632812
2021-09-08,747.2501220703125
2021-09-09,748.6528930664062
2021-09-13,749.28173828125
2021-09-14,754.6509399414062
2021-09-15,761.9068603515625
2021-09-16,753.1030883789062
2021-09-17,736.7532958984375
2021-09-20,716.0017700195312
2021-09-21,714.9376220703125
2021-09-22,716.7273559570312
2021-09-23,739.413818359375
2021-09-24,725.3859252929688
2021-09-27,755.2315063476562
2021-09-28,731.2872924804688
2021-09-29,719.96826171875
2021-09-30,713.4381103515625
2021-10-01,703.9088134765625
2021-10-04,717.7915649414062
2021-10-05,699.3618774414062
2021-10-06,698.152587890625
2021-10-07,717.3561401367188
2021-10-08,733.8993530273438
2021-10-11,768.146728515625
2021-10-12,764.80908203125
2021-10-13,778.0145263671875
2021-10-14,774.9188842773438
2021-10-18,772.9840698242188
2021-10-19,765.3412475585938
2021-10-20,748.8463134765625
2021-10-21,756.8277587890625
2021-10-22,761.9551391601562
2021-10-25,735.8827514648438
2021-10-26,760.310546875
2021-10-27,755.8119506835938
2021-10-28,740.3812255859375
2021-10-29,742.1710205078125
2021-11-01,765.6314086914062
2021-11-02,757.6500854492188
2021-11-03,749.8621215820312
2021-11-04,755.90869140625
2021-11-08,788.1244506835938
2021-11-09,806.8927612304688
2021-11-10,804.9094848632812
2021-11-11,756.5858154296875
2021-11-12,749.8137817382812
2021-11-15,752.0388793945312
2021-11-16,774.580322265625
2021-11-17,776.61181640625
2021-11-18,753.393310546875
2021-11-22,716.8240966796875
2021-11-23,721.661376953125
2021-11-24,716.4855346679688
2021-11-25,712.5108642578125
2021-11-26,676.7884521484375
2021-11-29,675.7220458984375
2021-11-30,672.4261474609375
2021-12-01,678.4364624023438
2021-12-02,684.2529296875
2021-12-03,682.217041015625
2021-12-06,666.900634765625
2021-12-07,675.2374267578125
2021-12-08,699.278564453125
2021-12-09,702.6715087890625
2021-12-10,707.615478515625
2021-12-13,716.000732421875
2021-12-14,713.3834228515625
2021-12-15,706.3067626953125
2021-12-16,704.367919921875
2021-12-17,679.599609375
2021-12-20,643.9257202148438
2021-12-21,652.7957763671875
2021-12-22,663.41064453125
2021-12-23,676.0128784179688
2021-12-24,669.7603759765625
2021-12-27,665.9796142578125
2021-12-28,680.569091796875
2021-12-29,680.2783813476562
2021-12-30,672.6685180664062
2021-12-31,676.4976196289062
2022-01-03,689.1483154296875
2022-01-04,695.0616455078125
2022-01-05,698.939208984375
2022-01-06,726.0340576171875
2022-01-07,725.4039916992188
2022-01-10,744.0166015625
2022-01-11,746.1492309570312
2022-01-12,737.2306518554688
2022-01-13,744.5012817382812
2022-01-14,757.2003173828125
2022-01-17,751.7717895507812
2022-01-18,737.86083984375
2022-01-19,735.1464233398438
2022-01-20,727.2459106445312
2022-01-21,717.7457275390625
2022-01-24,696.9036254882812
2022-01-25,706.9854125976562
2022-01-27,697.0004272460938
2022-01-28,706.5975952148438
2022-01-31,712.5108642578125
2022-02-01,725.30712890625
2022-02-02,730.154052734375
2022-02-03,719.34521484375
2022-02-04,708.2940063476562
2022-02-07,701.7506103515625
2022-02-08,701.2659301757812
2022-02-09,725.0162963867188
2022-02-10,707.5670166015625
2022-02-11,709.94189453125
2022-02-14,678.6787719726562
2022-02-15,695.8856811523438
2022-02-16,699.9570922851562
2022-02-17,682.362548828125
2022-02-18,672.9108276367188
2022-02-21,663.459228515625
2022-02-22,669.857177734375
2022-02-23,682.7987060546875
2022-02-24,647.1731567382812
2022-02-25,651.2446899414062
2022-02-28,657.8850708007812
2022-03-02,642.5685424804688
2022-03-03,624.3922119140625
2022-03-04,613.5349731445312
2022-03-07,593.9044799804688
2022-03-08,596.4249267578125
2022-03-09,609.705810546875
2022-03-10,618.4304809570312
2022-03-11,613.001708984375
2022-03-14,629.5785522460938
2022-03-15,633.0198974609375
2022-03-16,654.2984008789062
2022-03-17,661.0357055664062
2022-03-21,648.5787353515625
2022-03-22,668.4031982421875
2022-03-23,660.0178833007812
2022-03-24,673.0078125
2022-03-25,669.1785888671875
2022-03-28,678.09716796875
2022-03-29,686.2886962890625
2022-03-30,681.1023559570312
2022-03-31,679.1635131835938
2022-04-01,680.5205688476562
2022-04-04,687.4034423828125
2022-04-05,705.094970703125
2022-04-06,705.094970703125
2022-04-07,706.6943969726562
2022-04-08,723.2713012695312
2022-04-11,717.4548950195312
2022-04-12,707.0337524414062
2022-04-13,710.6205444335938
2022-04-18,706.161376953125
2022-04-19,703.7379760742188
2022-04-20,708.875732421875
2022-04-21,716.1946411132812
2022-04-22,701.8960571289062
2022-04-25,680.0844116210938
2022-04-26,706.1129150390625
2022-04-27,692.83203125
2022-04-28,698.5999755859375
2022-04-29,680.2783813476562
2022-05-02,657.6912841796875
2022-05-04,651.0993041992188
2022-05-05,656.2855224609375
2022-05-06,638.3516845703125
2022-05-09,617.80029296875
2022-05-10,612.1778564453125
2022-05-11,610.239013671875
2022-05-12,585.5191650390625
2022-05-13,609.8026733398438
2022-05-16,641.162841796875
2022-05-17,657.4005737304688
2022-05-18,669.4209594726562
2022-05-19,641.162841796875
2022-05-20,653.5712890625
2022-05-23,669.4695434570312
2022-05-24,654.589111328125
2022-05-25,644.8466796875
2022-05-26,646.6885375976562
2022-05-27,652.6018676757812
2022-05-30,664.2831420898438
2022-05-31,683.3319702148438
2022-06-01,673.0078125
2022-06-02,663.846923828125
2022-06-03,638.8363037109375
2022-06-06,629.2391967773438
2022-06-07,633.504638671875
2022-06-08,643.5379028320312
2022-06-09,658.4183349609375
2022-06-10,655.8978271484375
2022-06-13,638.739501953125
2022-06-14,629.2391967773438
2022-06-15,633.5530395507812
2022-06-16,613.8258666992188
2022-06-17,614.6982421875
2022-06-20,603.8410034179688
2022-06-21,627.0581665039062
2022-06-22,618.1395874023438
2022-06-23,631.3718872070312
2022-06-24,625.41015625
2022-06-27,627.6398315429688
2022-06-28,638.593994140625
2022-06-29,635.4920043945312
2022-06-30,631.8566284179688
2022-07-01,626.0402221679688
2022-07-04,629.530029296875
2022-07-05,637.4791259765625
2022-07-06,636.4129028320312
2022-07-07,644.50732421875
2022-07-08,648.1911010742188
2022-07-11,635.152587890625
2022-07-12,613.728759765625
2022-07-13,618.8666381835938
2022-07-14,644.6812133789062
2022-07-15,628.2537841796875
2022-07-18,641.0144653320312
2022-07-19,653.7750854492188
2022-07-20,666.9268798828125
2022-07-21,672.8916625976562
2022-07-22,690.9324951171875
2022-07-25,689.6124877929688
2022-07-26,688.4390258789062
2022-07-27,698.1195068359375
2022-07-28,714.5469970703125
2022-07-29,716.7470703125
2022-08-01,733.468017578125
2022-08-02,735.2281494140625
2022-08-03,710.7334594726562
2022-08-04,694.8927612304688
2022-08-05,690.7368774414062
2022-08-08,696.65283203125
2022-08-10,698.8040161132812
2022-08-11,719.5828857421875
2022-08-12,772.6787719726562
2022-08-16,761.7271728515625
2022-08-17,746.7175903320312
2022-08-18,733.3212890625
2022-08-19,719.6805419921875
2022-08-22,705.1109619140625
2022-08-23,721.53857421875
2022-08-24,717.4315795898438
2022-08-25,710.24462890625
2022-08-26,716.551513671875
2022-08-29,707.0177001953125
2022-08-30,724.4230346679688
2022-09-01,734.9346313476562
2022-09-02,749.699951171875
2022-09-05,750.677734375
2022-09-06,759.527099609375
2022-09-07,748.4777221679688
2022-09-08,748.4777221679688
2022-09-09,770.1853637695312
2022-09-12,767.5941772460938
2022-09-13,769.5986938476562
2022-09-14,761.189453125
2022-09-15,767.3497314453125
2022-09-16,729.2633666992188
2022-09-19,720.1694946289062
2022-09-20,752.3889770507812
2022-09-21,749.8955078125
2022-09-22,764.2206420898438
2022-09-23,730.5344848632812
2022-09-26,707.848876953125
2022-09-27,687.8524169921875
2022-09-28,678.8074951171875
2022-09-29,671.4737548828125
2022-09-30,680.07861328125
2022-10-03,676.509521484375
2022-10-04,691.3236083984375
2022-10-06,746.962158203125
2022-10-07,750.33544921875
2022-10-10,760.8960571289062
2022-10-11,756.9847412109375
2022-10-12,747.6464233398438
2022-10-13,731.6589965820312
2022-10-14,731.2189331054688
2022-10-17,755.6646728515625
2022-10-18,760.0648193359375
2022-10-19,763.8294677734375
2022-10-20,771.5054321289062
2022-10-21,760.9449462890625
2022-10-24,768.9141845703125
2022-10-25,788.7640991210938
2022-10-27,802.991455078125
2022-10-28,814.676513671875
2022-10-31,815.703125
2022-11-01,831.83740234375
2022-11-02,828.4149780273438
2022-11-03,838.1932983398438
2022-11-04,835.9442138671875
2022-11-07,856.0874633789062
2022-11-09,859.5099487304688
2022-11-10,860.87890625
2022-11-11,867.2836303710938
2022-11-14,840.1978149414062
2022-11-15,834.1353149414062
2022-11-16,820.2012329101562
2022-11-17,818.8811645507812
2022-11-18,818.1478271484375
2022-11-21,808.51611328125
2022-11-22,820.396728515625
2022-11-23,825.2859497070312
2022-11-24,826.6082763671875
2022-11-25,829.7429809570312
2022-11-28,841.4977416992188
2022-11-29,831.408203125
2022-11-30,841.987548828125
2022-12-01,831.408203125
2022-12-02,837.4815673828125
2022-12-05,830.1348266601562
2022-12-06,823.91455078125
2022-12-07,819.947265625
2022-12-08,853.54638671875
2022-12-09,839.8815307617188
2022-12-12,851.4893798828125
2022-12-13,871.2765502929688
2022-12-14,890.0843505859375
2022-12-15,880.8764038085938
2022-12-16,864.1258544921875
2022-12-19,868.1910400390625
2022-12-20,878.7213745117188
2022-12-21,855.3587036132812
2022-12-22,841.056884765625
2022-12-23,825.18798828125
2022-12-26,857.905517578125
2022-12-27,854.966796875
2022-12-28,855.8483276367188
2022-12-29,860.0606079101562
2022-12-30,861.872802734375
2023-01-02,865.9869384765625
2023-01-03,860.8931884765625
2023-01-04,843.1630249023438
2023-01-05,861.725830078125
2023-01-06,851.7342529296875
2023-01-09,864.419677734375
2023-01-10,865.2032470703125
2023-01-11,848.1587524414062
2023-01-12,855.505615234375
2023-01-13,855.6034545898438
2023-01-16,843.6527709960938
2023-01-17,847.3751831054688
2023-01-18,854.9179077148438
2023-01-19,856.485107421875
2023-01-20,843.750732421875
2023-01-23,861.2850952148438
2023-01-24,852.6648559570312
2023-01-25,845.0242919921875
2023-01-27,837.6774291992188
2023-01-30,847.4241333007812
2023-01-31,856.240234375
2023-02-01,850.411865234375
2023-02-02,853.301513671875
2023-02-03,849.8240966796875
2023-02-06,857.9544677734375
2023-02-07,848.4526977539062
2023-02-08,848.6976318359375
2023-02-09,851.783203125
2023-02-10,864.9584350585938
2023-02-13,871.8642578125
2023-02-14,855.6525268554688
2023-02-15,818.6248168945312
2023-02-16,838.4611206054688
2023-02-17,844.779296875
2023-02-20,842.7711791992188
2023-02-21,837.3345336914062
2023-02-22,824.6981811523438
2023-02-23,813.1883544921875
2023-02-24,812.0127563476562
2023-02-27,805.0088500976562
2023-02-28,799.327392578125
2023-03-01,807.2128295898438
2023-03-02,816.27392578125
2023-03-03,808.1924438476562
2023-03-06,810.9842529296875
2023-03-08,817.4983520507812
2023-03-09,808.3394165039062
2023-03-10,804.1273193359375
2023-03-13,779.6870727539062
2023-03-14,771.3607177734375
2023-03-15,776.7484130859375
2023-03-16,772.3892211914062
2023-03-17,784.3399047851562
2023-03-20,771.7035522460938
2023-03-21,762.1527709960938
2023-03-22,766.4139404296875
2023-03-23,754.365234375
2023-03-24,749.1734619140625
2023-03-27,741.6798706054688
2023-03-28,734.8717651367188
2023-03-29,741.8267211914062
2023-03-31,754.7080688476562
2023-04-03,755.4427490234375
2023-04-05,742.8062744140625
2023-04-06,746.8225708007812
2023-04-10,740.9942016601562
2023-04-11,748.3898315429688
2023-04-12,753.3856201171875
2023-04-13,748.8306884765625
2023-04-17,762.0548095703125
2023-04-18,773.1729125976562
2023-04-19,764.6016845703125
2023-04-20,771.5565795898438
2023-04-21,766.7567138671875
2023-04-24,774.5443725585938
2023-04-25,768.2750244140625
2023-04-26,775.8667602539062
2023-04-27,774.8870849609375
2023-04-28,784.9766845703125
2023-05-02,783.3604736328125
2023-05-03,768.8137817382812
2023-05-04,759.2140502929688
2023-05-05,744.716552734375
2023-05-08,762.397705078125
2023-05-09,758.283447265625
2023-05-10,760.3895874023438
2023-05-11,762.2997436523438
2023-05-12,742.0716552734375
2023-05-15,751.0836181640625
2023-05-16,753.58154296875
2023-05-17,760.977294921875
2023-05-18,749.8102416992188
2023-05-19,741.8267211914062
2023-05-22,744.8143920898438
2023-05-23,753.091796875
2023-05-24,746.5776977539062
2023-05-25,741.9736328125
2023-05-26,751.769287109375
2023-05-29,771.1157836914062
2023-05-30,766.071044921875
2023-05-31,775.1320190429688
2023-06-01,780.7645874023438
2023-06-02,772.8301391601562
2023-06-05,782.0379028320312
2023-06-06,786.1032104492188
2023-06-07,791.931640625
2023-06-08,801.2865600585938
2023-06-09,798.9354858398438
2023-06-12,808.0945434570312
2023-06-13,812.6495361328125
2023-06-14,811.0822143554688
2023-06-15,806.0374145507812
2023-06-16,820.7308959960938
2023-06-19,808.6821899414062
2023-06-20,800.8945922851562
2023-06-21,797.1723022460938
2023-06-22,798.2988891601562
2023-06-23,790.5112915039062
2023-06-26,798.6416625976562
2023-06-27,803.0007934570312
2023-06-28,799.9641723632812
2023-06-30,819.7022705078125
2023-07-03,823.4246826171875
2023-07-04,819.9962768554688
2023-07-05,837.3345336914062
2023-07-06,837.92236328125
2023-07-07,831.0703125
2023-07-10,839.2532958984375
2023-07-11,841.1265258789062
2023-07-12,842.5067749023438
2023-07-13,846.0067749023438
2023-07-14,854.978515625
2023-07-17,854.0912475585938
2023-07-18,858.1827392578125
2023-07-19,843.4927368164062
2023-07-20,839.5983276367188
2023-07-21,840.1406860351562
2023-07-24,840.1900024414062
2023-07-25,855.3235473632812
2023-07-26,864.0982055664062
2023-07-27,885.0487060546875
2023-07-28,890.1260986328125
2023-07-31,918.3231201171876
2023-08-01,920.3934326171876
2023-08-02,892.8866577148438
2023-08-03,895.5979614257812
2023-08-04,899.689453125
2023-08-07,897.37255859375
2023-08-08,892.9852294921875
2023-08-09,949.5269775390624
2023-08-10,937.1046142578124
2023-08-11,957.7100830078124
2023-08-14,938.041259765625
2023-08-16,946.6185913085938
2023-08-17,942.7242431640624
2023-08-18,957.0691528320312
2023-08-21,966.2381591796876
2023-08-22,992.5125732421876
2023-08-23,1021.3011474609376
2023-08-24,1026.6741943359375
2023-08-25,1008.287109375
2023-08-28,1034.41357421875
2023-08-29,1055.01904296875
2023-08-30,1042.2515869140625
2023-08-31,1055.2655029296875
2023-09-01,1063.596435546875
2023-09-04,1069.95556640625
2023-09-05,1081.934326171875
2023-09-06,1083.51171875
2023-09-07,1090.7581787109375
2023-09-08,1089.8216552734375
2023-09-11,1099.4835205078125
2023-09-12,1059.5048828125
2023-09-13,1065.8641357421875
2023-09-14,1092.58203125
2023-09-15,1118.412841796875
2023-09-18,1105.743896484375
2023-09-20,1112.3494873046875
2023-09-21,1083.3145751953125
2023-09-22,1075.5753173828125
2023-09-25,1090.6595458984375
2023-09-26,1071.976806640625
2023-09-27,1074.3426513671875
2023-09-28,1068.3780517578125
2023-09-29,1076.216064453125
2023-10-03,1068.42724609375
2023-10-04,1045.9486083984375
2023-10-05,1054.7725830078125
2023-10-06,1076.5118408203125
2023-10-09,1069.068115234375
2023-10-10,1093.7159423828125
2023-10-11,1098.6453857421875
2023-10-12,1101.89892578125
2023-10-13,1102.1453857421875
2023-10-16,1106.5325927734375
2023-10-17,1105.3988037109375
2023-10-18,1090.51171875
2023-10-19,1079.3216552734375
2023-10-20,1055.955810546875
2023-10-23,1041.5614013671875
2023-10-25,1014.2517700195312
2023-10-26,1003.2589111328124
2023-10-27,1010.5546875
2023-10-30,1013.857421875
2023-10-31,1004.9842529296876
2023-11-01,1012.77294921875
2023-11-02,1017.4065551757812
2023-11-03,1016.3222045898438
2023-11-06,1060.5401611328125
2023-11-07,1039.9346923828125
2023-11-08,1019.4277954101562
2023-11-09,1018.3433837890624
2023-11-10,1025.8363037109375
2023-11-13,1016.6671752929688
2023-11-15,1046.836181640625
2023-11-16,1042.35009765625
2023-11-17,1045.455810546875
2023-11-20,1052.209228515625
2023-11-21,1062.5611572265625
2023-11-22,1081.2933349609375
2023-11-23,1078.92724609375
2023-11-24,1099.8284912109375
2023-11-28,1081.6385498046875
2023-11-29,1098.990478515625
2023-11-30,1104.4622802734375
2023-12-01,1140.201416015625
2023-12-04,1140.8914794921875
2023-12-05,1154.0040283203125
2023-12-06,1152.623779296875
2023-12-07,1147.940673828125
2023-12-08,1160.5604248046875
2023-12-11,1176.48291015625
2023-12-12,1170.0743408203125
2023-12-13,1177.0250244140625
2023-12-14,1184.1728515625
2023-12-15,1179.834716796875
2023-12-18,1189.7926025390625
2023-12-19,1203.6939697265625
2023-12-20,1159.5745849609375
2023-12-21,1167.2645263671875
2023-12-22,1184.8135986328125
2023-12-26,1209.658447265625
2023-12-27,1201.42626953125
2023-12-28,1228.094970703125
2023-12-29,1220.89794921875
2024-01-01,1229.9189453125
2024-01-02,1223.9049072265625
2024-01-03,1218.53173828125
2024-01-04,1243.031494140625
2024-01-05,1249.1934814453125
2024-01-08,1238.3485107421875
2024-01-09,1255.9959716796875
2024-01-10,1265.7567138671875
2024-01-11,1256.7354736328125
2024-01-12,1235.5384521484375
2024-01-15,1239.679443359375
2024-01-16,1208.3768310546875
2024-01-17,1189.00390625
2024-01-18,1205.6163330078125
2024-01-19,1216.4613037109375
2024-01-23,1176.630615234375
2024-01-24,1198.6656494140625
2024-01-25,1183.334716796875
2024-01-29,1226.1231689453125
2024-01-30,1191.863037109375
2024-01-31,1217.8416748046875
2024-02-01,1212.2220458984375
2024-02-02,1221.390869140625
2024-02-05,1253.679443359375
2024-02-06,1267.38330078125
2024-02-07,1267.136962890625
2024-02-08,1264.228515625
2024-02-09,1295.531005859375
2024-02-12,1115.011474609375
2024-02-13,1077.0540771484375
2024-02-14,1089.5257568359375
2024-02-15,1094.8004150390625
2024-02-16,1117.870361328125
2024-02-19,1108.89892578125
2024-02-20,1106.7301025390625
2024-02-21,1107.469482421875
2024-02-22,1117.0819091796875
2024-02-23,1118.6134033203125
2024-02-26,1161.59521484375
2024-02-27,1163.917236328125
2024-02-28,1138.5234375
2024-02-29,1137.288330078125
2024-03-01,1170.1422119140625
2024-03-04,1174.98388671875
2024-03-05,1171.6739501953125
2024-03-06,1167.672119140625
2024-03-07,1164.8065185546875
2024-03-11,1146.0328369140625
2024-03-12,1142.0804443359375
2024-03-13,1113.57421875
2024-03-14,1099.7904052734375
2024-03-15,1106.16357421875
2024-03-18,1101.124267578125
2024-03-19,1099.4444580078125
2024-03-20,1079.6827392578125
2024-03-21,1088.8720703125
2024-03-22,1115.5009765625
2024-03-26,1116.6866455078125
2024-03-27,1097.96240234375
2024-03-28,1116.1431884765625
2024-04-01,1134.9168701171875
2024-04-02,1141.5865478515625
2024-04-03,1128.1485595703125
2024-04-04,1137.6341552734375
2024-04-05,1132.001953125
2024-04-08,1159.9156494140625
2024-04-09,1135.015625
2024-04-10,1163.373779296875
2024-04-12,1155.123291015625
2024-04-15,1156.3583984375
2024-04-16,1166.585205078125
2024-04-18,1172.0689697265625
2024-04-19,1178.8865966796875
2024-04-22,1190.1510009765625
2024-04-23,1192.1766357421875
2024-04-24,1207.4425048828125
2024-04-25,1296.2220458984375
2024-04-26,1294.29541015625
2024-04-29,1266.7276611328125
2024-04-30,1256.0562744140625
2024-05-02,1259.070068359375
2024-05-03,1237.2825927734375
2024-05-06,1233.5279541015625
2024-05-07,1225.178466796875
2024-05-08,1388.41064453125
2024-05-09,1395.9200439453125
2024-05-10,1381.04931640625
2024-05-13,1399.13134765625
2024-05-14,1423.6851806640625
2024-05-15,1445.2750244140625
2024-05-16,1465.333251953125
2024-05-17,1461.6278076171875
2024-05-21,1484.15625
2024-05-22,1460.689208984375
2024-05-23,1475.4610595703125
2024-05-24,1554.755126953125
2024-05-27,1553.27294921875
2024-05-28,1546.603515625
2024-05-29,1549.962890625
2024-05-30,1535.833251953125
2024-05-31,1536.0308837890625
2024-06-03,1589.0911865234375
2024-06-04,1429.0211181640625
2024-06-05,1483.51416015625
2024-06-06,1538.5010986328125
2024-06-07,1564.3394775390625
2024-06-10,1561.96826171875
2024-06-11,1583.5084228515625
2024-06-12,1612.1629638671875
2024-06-13,1617.44921875
2024-06-14,1696.842041015625
2024-06-18,1676.4874267578125
2024-06-19,1683.107666015625
2024-06-20,1770.0592041015625
2024-06-21,1731.326171875
2024-06-24,1722.3345947265625
2024-06-25,1698.9664306640625
2024-06-26,1659.492431640625
2024-06-27,1660.5299072265625
2024-06-28,1650.4512939453125
2024-07-01,1646.1036376953125
2024-07-02,1625.8973388671875
2024-07-03,1637.853271484375
2024-07-04,1650.402099609375
2024-07-05,1658.783935546875
2024-07-08,1660.6190185546875
2024-07-09,1656.5521240234375
2024-07-10,1646.4342041015625
2024-07-11,1627.4879150390625
2024-07-12,1605.9130859375
2024-07-15,1620.6436767578125
2024-07-16,1640.0360107421875
2024-07-18,1608.4425048828125
2024-07-19,1566.6815185546875
2024-07-22,1612.360595703125
2024-07-23,1585.826171875
2024-07-24,1578.3369140625
2024-07-25,1579.5770263671875
2024-07-26,1671.33203125
2024-07-29,1723.0125732421875
2024-07-30,1729.807373046875
2024-07-31,1719.5406494140625
2024-08-01,1703.71923828125
2024-08-02,1642.069580078125
2024-08-05,1540.5438232421875
2024-08-06,1505.23046875
2024-08-07,1544.9083251953125
2024-08-08,1592.521728515625
2024-08-09,1623.37158203125
2024-08-12,1580.7177734375
2024-08-13,1568.318359375
2024-08-14,1554.5797119140625
2024-08-16,1571.740478515625
2024-08-19,1574.914794921875
2024-08-20,1564.69775390625
2024-08-21,1587.1156005859375
2024-08-22,1608.14501953125
2024-08-23,1607.25244140625
2024-08-26,1621.536376953125
2024-08-27,1594.4560546875
2024-08-28,1571.740478515625
2024-08-29,1565.1937255859375
2024-08-30,1574.220458984375
2024-09-02,1549.8681640625
2024-09-03,1554.4805908203125
2024-09-04,1592.7696533203125
2024-09-05,1595.99365234375
2024-09-06,1538.7086181640625
2024-09-09,1542.626953125
2024-09-10,1558.0020751953125
2024-09-11,1549.1241455078125
2024-09-12,1578.188232421875
2024-09-13,1603.2347412109375
2024-09-16,1588.305908203125
2024-09-17,1583.2470703125
2024-09-18,1563.0113525390625
2024-09-19,1573.1788330078125
2024-09-20,1578.535400390625
2024-09-23,1569.458984375
2024-09-24,1560.0850830078125
2024-09-25,1546.9417724609375
2024-09-26,1516.19140625
2024-09-27,1510.2398681640625
2024-09-30,1504.3873291015625
2024-10-01,1517.8778076171875
2024-10-03,1477.257568359375
2024-10-04,1461.9320068359375
2024-10-07,1422.40283203125
2024-10-08,1469.421142578125
2024-10-09,1498.13818359375
2024-10-10,1488.9625244140625
2024-10-11,1480.3326416015625
2024-10-14,1478.1007080078125
2024-10-15,1468.5283203125
2024-10-16,1463.122314453125
2024-10-17,1459.253662109375
2024-10-18,1462.874267578125
2024-10-21,1430.884033203125
2024-10-22,1394.8763427734375
2024-10-23,1393.68603515625
2024-10-24,1418.137451171875
2024-10-25,1388.924560546875
2024-10-28,1354.5040283203125
2024-10-29,1372.2103271484375
2024-10-30,1409.11083984375
2024-10-31,1398.7945556640625
2024-11-01,1407.22607421875
2024-11-04,1411.4417724609375
2024-11-05,1449.0367431640625
2024-11-06,1459.2042236328125
2024-11-07,1435.0006103515625
2024-11-08,1408.61474609375
2024-11-11,1386.246337890625
2024-11-12,1349.6435546875
2024-11-13,1310.8582763671875
2024-11-14,1318.0499267578125
2024-11-18,1294.0450439453125
2024-11-19,1312.6934814453125
2024-11-21,1285.7620849609375
2024-11-22,1305.5513916015625
2024-11-25,1308.924072265625
2024-11-26,1311.503173828125
2024-11-27,1314.72705078125
2024-11-28,1318.496337890625
2024-11-29,1321.5218505859375
2024-12-02,1332.92919921875
2024-12-03,1339.525634765625
2024-12-04,1366.80419921875
2024-12-05,1368.0936279296875
2024-12-06,1343.840576171875
2024-12-09,1352.4705810546875
2024-12-10,1350.2386474609375
2024-12-11,1368.2921142578125
2024-12-12,1341.5592041015625
2024-12-13,1337.442626953125
2024-12-16,1353.1153564453125
2024-12-17,1329.804443359375
2024-12-18,1295.9295654296875
2024-12-19,1287.3492431640625
2024-12-20,1268.6014404296875
2024-12-23,1288.738037109375
2024-12-24,1314.1318359375
2024-12-26,1303.666748046875
2024-12-27,1304.2618408203125
2024-12-30,1291.862548828125
2024-12-31,1289.0355224609375
2025-01-01,1289.432373046875
2025-01-02,1305.10498046875
2025-01-03,1285.7125244140625
2025-01-06,1250.5975341796875
2025-01-07,1259.82275390625
2025-01-08,1238.4959716796875
2025-01-09,1217.4168701171875
2025-01-10,1200.1075439453125
2025-01-13,1160.4295654296875
2025-01-14,1180.814208984375
2025-01-15,1174.019287109375
2025-01-16,1195.5445556640625
2025-01-17,1197.7763671875
2025-01-20,1207.398193359375
2025-01-21,1191.9735107421875
2025-01-22,1216.5736083984375
2025-01-23,1217.86328125
2025-01-24,1206.7535400390625
2025-01-27,1187.7081298828125
2025-01-28,1201.3472900390625
2025-01-29,1187.7576904296875
2025-01-30,1174.5152587890625
2025-01-31,1214.1932373046875
2025-02-01,1165.6868896484375
2025-02-03,1129.92724609375
2025-02-04,1162.463134765625
2025-02-05,1147.2366943359375
2025-02-06,1128.5384521484375
2025-02-07,1130.2742919921875
2025-02-10,1125.661865234375
2025-02-11,1103.343017578125
2025-02-12,1095.754638671875
2025-02-13,1067.5335693359375
2025-02-14,1069.6663818359375
2025-02-17,1073.9317626953125
2025-02-18,1070.7501220703125
2025-02-19,1069.85546875
2025-02-20,1075.1248779296875
2025-02-21,1052.8538818359375
2025-02-24,1035.553955078125
2025-02-25,1039.182861328125
2025-02-27,1032.422119140625
2025-02-28,1010.648193359375
2025-03-03,1024.3189697265625
2025-03-04,1016.911865234375
2025-03-05,1051.014404296875
2025-03-06,1080.1954345703125
2025-03-07,1081.537841796875
2025-03-10,1062.7464599609375
2025-03-11,1058.1729736328125
2025-03-12,1083.923828125
2025-03-13,1033.2672119140625
2025-03-17,1070.1536865234375
2025-03-18,1070.1536865234375
2025-03-19,1129.4603271484375
2025-03-20,1187.4246826171875
2025-03-21,1174.49951171875
2025-03-24,1194.4837646484375
2025-03-25,1179.4208984375
2025-03-26,1176.09033203125
2025-03-27,1152.47705078125
2025-03-28,1162.41943359375
2025-04-01,1142.0374755859375
2025-04-02,1146.3126220703125
2025-04-03,1110.6689453125
2025-04-04,1020.1432495117188
2025-04-07,946.121826171875
2025-04-08,964.7638549804688
2025-04-09,964.2667236328124
2025-04-11,996.380859375
2025-04-15,1066.92236328125
2025-04-16,1049.0260009765625
2025-04-17,1062.050537109375
2025-04-21,1087.90087890625
2025-04-22,1097.246826171875
2025-04-23,1128.963134765625
2025-04-24,1100.130126953125
2025-04-25,1082.233642578125
2025-04-28,1110.6689453125
2025-04-29,1127.4716796875
2025-04-30,1097.84326171875
2025-05-02,1098.0421142578125
2025-05-05,1113.1546630859375
2025-05-06,1081.0406494140625
2025-05-07,1134.33203125
2025-05-08,1106.9903564453125
2025-05-09,1158.889892578125
2025-05-12,1192.29638671875
2025-05-13,1196.9693603515625
2025-05-14,1239.02587890625
2025-05-15,1238.5286865234375
2025-05-16,1255.7291259765625
2025-05-19,1250.06201171875
2025-05-20,1220.333984375
2025-05-21,1221.9249267578125
2025-05-22,1232.4637451171875
2025-05-23,1237.93212890625
2025-05-26,1242.505615234375
2025-05-27,1243.20166015625
2025-05-28,1242.008544921875
2025-05-29,1248.6700439453125
2025-05-30,1233.75634765625
2025-06-02,1249.6641845703125
2025-06-03,1263.0865478515625
2025-06-04,1263.384765625
2025-06-05,1262.2911376953125
2025-06-06,1288.9368896484375
2025-06-09,1336.859375
2025-06-10,1330.9932861328125
2025-06-11,1325.9227294921875
2025-06-12,1297.4873046875
2025-06-13,1301.7625732421875
2025-06-16,1313.99169921875
2025-06-17,1293.0133056640625
2025-06-18,1290.328857421875
2025-06-19,1269.6484375
2025-06-20,1270.9410400390625
2025-06-23,1288.3404541015625
2025-06-24,1287.84326171875
2025-06-25,1267.7593994140625
2025-06-26,1279.0938720703125
2025-06-27,1302.1602783203125
2025-06-30,1300.5694580078125
2025-07-01,1276.8070068359375
2025-07-02,1303.8505859375
2025-07-03,1291.2235107421875
2025-07-04,1312.998779296875
2025-07-07,1304.7081298828125
2025-07-08,1279.6368408203125
2025-07-09,1260.0592041015625
2025-07-10,1233.3897705078125
2025-07-11,1213.41259765625
2025-07-14,1207.6192626953125
2025-07-15,1235.98681640625
2025-07-16,1229.893798828125
2025-07-17,1223.4012451171875
2025-07-18,1215.2105712890625
2025-07-21,1219.40576171875
2025-07-22,1203.3240966796875
2025-07-23,1222.3023681640625
2025-07-24,1215.610107421875
2025-07-25,1202.6248779296875
2025-07-28,1187.142578125
2025-07-29,1219.0062255859375
2025-07-30,1187.2425537109375
2025-07-31,1167.7647705078125
2025-08-01,1144.791015625
2025-08-04,1176.0552978515625
2025-08-05,1159.174560546875
2025-08-06,1138.0987548828125
2025-08-07,1160.2733154296875
2025-08-08,1133.9034423828125
2025-08-11,1164.5684814453125
2025-08-12,1151.0838623046875
2025-08-13,1180.150634765625
2025-08-14,1179.1517333984375
2025-08-18,1183.147216796875
2025-08-19,1187.142578125
2025-08-20,1157.576416015625
2025-08-21,1152.7818603515625
2025-08-22,1121.7174072265625
2025-08-25,1138.0987548828125
2025-08-26,1121.018310546875
2025-08-28,1123.3155517578125
2025-08-29,1105.43603515625
2025-09-01,1125.113525390625
2025-09-02,1133.30419921875
2025-09-03,1134.302978515625
2025-09-04,1130.10791015625
2025-09-05,1135.4017333984375
2025-09-08,1201.4263916015625
2025-09-09,1180.350341796875
2025-09-10,1198.5296630859375
2025-09-11,1210.5159912109375
2025-09-12,1221.603271484375
2025-09-15,1235.7869873046875
2025-09-16,1261.75732421875
2025-09-17,1267.151123046875
2025-09-18,1267.151123046875
2025-09-19,1271.2464599609375
2025-09-22,1254.5655517578125
2025-09-23,1249.5712890625
2025-09-24,1207.6192626953125
2025-09-25,1205.9212646484375
2025-09-26,1179.7510986328125
2025-09-29,1212.613525390625
2025-09-30,1211.015380859375
2025-10-01,1218.20703125
2025-10-03,1218.806396484375
2025-10-06,1233.18994140625
2025-10-07,1215.410400390625
2025-10-08,1189.6397705078125
2025-10-09,1207.9189453125
2025-10-10,1218.606689453125
2025-10-13,1224.799560546875
2025-10-14,1221.50341796875
2025-10-15,1231.1922607421875
2025-10-16,1263.7550048828125
2025-10-17,1240.1820068359375
2025-10-20,1246.2750244140625
2025-10-21,1241.97998046875
2025-10-23,1298.6151123046875
2025-10-24,1282.4337158203125
2025-10-27,1299.9136962890625
2025-10-28,1306.60595703125
2025-10-29,1320.68994140625
2025-10-30,1315.695556640625
2025-10-31,1323.18701171875
2025-11-03,1339.168701171875
2025-11-04,1323.3868408203125
2025-11-06,1318.1927490234375
2025-11-07,1315.595703125
2025-11-10,1326.8829345703125
2025-11-11,1400.4986572265625
2025-11-12,1387.6134033203125
2025-11-13,1387.2138671875
2025-11-14,1395.1048583984375
2025-11-17,1382.11962890625
2025-11-18,1395.0048828125
2025-11-19,1444.5482177734375
2025-11-20,1433.7606201171875
2025-11-21,1408.58935546875
2025-11-24,1410.587158203125
2025-11-25,1408.0899658203125
2025-11-26,1429.6654052734375
2025-11-27,1431.762939453125
2025-11-28,1432.1624755859375
2025-12-01,1431.3634033203125
2025-12-02,1419.776611328125
2025-12-03,1405.0933837890625
2025-12-04,1392.7076416015625
2025-12-05,1404.394287109375
2025-12-08,1372.03125
2025-12-09,1381.72021484375
2025-12-10,1382.2196044921875
2025-12-11,1405.7926025390625
2025-12-12,1424.970703125
2025-12-15,1412.4849853515625
2025-12-16,1415.78125
2025-12-17,1411.6859130859375
2025-12-18,1405.8924560546875
2025-12-19,1438.2554931640625
2025-12-22,1454.536865234375
2025-12-23,1458.5322265625
2025-12-24,1448.8433837890625
2025-12-26,1442.151123046875
2025-12-29,1444.048828125
2025-12-30,1452.938720703125
2025-12-31,1468.720703125
2026-01-01,1462.7275390625
2026-01-02,1475.5128173828125
2026-01-05,1480.607177734375
2026-01-06,1473.0157470703125
2026-01-07,1481.705810546875
2026-01-08,1452.4393310546875
2026-01-09,1442.8502197265625
2026-01-12,1454.9364013671875
2026-01-13,1458.6322021484375
2026-01-14,1445.547119140625
2026-01-16,1455.735595703125
2026-01-19,1413.4837646484375
2026-01-20,1392.5078125
2026-01-21,1378.4239501953125
2026-01-22,1429.8651123046875
2026-01-23,1407.1910400390625
2026-01-27,1416.8800048828125
2026-01-28,1457.43359375
2026-01-29,1436.2578125
2026-01-30,1439.7537841796875
2026-02-02,1442.0511474609375
2026-02-03,1537.2423095703125
2026-02-04,1589.1829833984375
2026-02-05,1571.4031982421875
2026-02-06,1555.72119140625
2026-02-09,1588.5836181640625
2026-02-10,1612.1566162109375
2026-02-11,1674.4854736328125
2026-02-12,1724.7279052734375
2026-02-13,1736.814208984375
2026-02-16,1725.42724609375
2026-02-17,1749.199951171875
2026-02-18,1771.4000244140625
2026-02-19,1758.199951171875
2026-02-20,1780.0
2026-02-23,1832.0
2026-02-24,1858.300048828125
2026-02-25,1902.0
2026-02-26,1912.0
2026-02-27,1911.199951171875
2026-03-02,1879.300048828125
2026-03-04,1841.800048828125
2026-03-05,1898.4000244140625
2026-03-06,1923.9000244140625
2026-03-09,1862.300048828125
2026-03-10,1842.199951171875
2026-03-11,1797.0999755859375
2026-03-12,1779.5999755859375
2026-03-13,1675.0999755859375
2026-03-16,1697.0
2026-03-17,1746.0
2026-03-18,1804.4000244140625
2026-03-19,1712.4000244140625
2026-03-20,1711.5
2026-03-23,1648.5999755859375
2026-03-24,1708.800048828125
2026-03-25,1736.5
2026-03-27,1725.0999755859375
2026-03-30,1674.5999755859375
2026-04-01,1668.4000244140625
2026-04-02,1642.5999755859375
2026-04-06,1670.5999755859375
2026-04-07,1671.300048828125
2026-04-08,1781.4000244140625
2026-04-09,1739.4000244140625
2026-04-10,1798.800048828125
2026-04-13,1801.300048828125
2026-04-15,1831.5999755859373
2026-04-16,1855.800048828125
2026-04-17,1860.5
2026-04-20,1866.199951171875
2026-04-21,1895.800048828125
2026-04-22,1903.199951171875
2026-04-23,1874.0999755859373
2026-04-24,1856.0
2026-04-27,1901.0999755859373
2026-04-28,1894.800048828125
2026-04-29,1907.800048828125
2026-04-30,1881.5999755859373
2026-05-01,1881.5999755859373
2026-05-04,1845.800048828125
2026-05-05,1866.5999755859373
2026-05-06,1873.800048828125
2026-05-07,1992.9000244140625
2026-05-08,1989.699951171875
2026-05-11,1987.0
2026-05-12,1913.0
2026-05-13,1945.9000244140625
2026-05-14,1948.9000244140625
2026-05-15,1913.0999755859373
2026-05-18,1891.0
2026-05-19,1857.300048828125
2026-05-20,1888.199951171875
2026-05-21,1898.800048828125
2026-05-22,1897.699951171875
2026-05-25,1918.300048828125
2026-05-26,1930.4000244140625
2026-05-27,1938.5999755859373
2026-05-28,1938.5999755859373
2026-05-29,1957.199951171875
2026-06-01,1922.699951171875
2026-06-02,1902.9000244140625
2026-06-03,1936.5
2026-06-04,1937.5
2026-06-05,1929.800048828125
2026-06-08,1893.0999755859373
2026-06-09,1925.4000244140625
2026-06-10,1949.199951171875
2026-06-11,1942.9000244140625
2026-06-12,1945.0999755859375
2026-06-15,2020.5
2026-06-16,2012.300048828125
2026-06-17,2034.5
2026-06-18,2019.9000244140625
2026-06-19,2041.4000244140625
2026-06-22,2103.800048828125
2026-06-23,2152.300048828125
