,close
2005-01-03,94.56766510009766
2005-01-04,93.65636444091795
2005-01-05,87.13231658935547
2005-01-06,87.48442077636719
2005-01-07,87.04946899414062
2005-01-10,84.31558227539062
2005-01-11,82.43084716796875
2005-01-12,81.1674575805664
2005-01-13,85.99320983886719
2005-01-14,86.84234619140625
2005-01-17,87.33942413330078
2005-01-18,88.996337890625
2005-01-19,87.79507446289062
2005-01-20,83.40428161621094
2005-01-24,82.22374725341797
2005-01-25,84.29488372802734
2005-01-27,86.8216552734375
2005-01-28,90.90177154541016
2005-01-31,95.47895050048828
2005-02-01,92.20658111572266
2005-02-02,90.7153778076172
2005-02-03,91.06745147705078
2005-02-04,90.46682739257812
2005-02-07,91.46096801757812
2005-02-08,89.07917022705078
2005-02-09,86.69737243652344
2005-02-10,85.12332153320312
2005-02-11,86.49026489257812
2005-02-14,89.0377426147461
2005-02-15,90.5496597290039
2005-02-16,88.95491790771484
2005-02-17,87.15303039550781
2005-02-18,90.38396453857422
2005-02-21,88.95491790771484
2005-02-22,89.0377426147461
2005-02-23,89.01705169677734
2005-02-24,88.43712615966797
2005-02-25,90.94318389892578
2005-02-28,93.28356170654295
2005-03-01,93.03500366210938
2005-03-02,97.65364837646484
2005-03-03,97.40511322021484
2005-03-04,97.69506072998048
2005-03-07,95.41681671142578
2005-03-08,95.25114440917967
2005-03-09,95.33396911621094
2005-03-10,92.55867004394533
2005-03-11,92.68295288085938
2005-03-14,91.77163696289062
2005-03-15,89.22413635253906
2005-03-16,86.86306762695312
2005-03-17,82.285888671875
2005-03-18,85.82752227783203
2005-03-21,87.79507446289062
2005-03-22,87.52581787109375
2005-03-23,88.72706604003906
2005-03-24,87.8572006225586
2005-03-28,86.98734283447266
2005-03-29,85.26829528808594
2005-03-30,83.5285415649414
2005-03-31,85.91034698486328
2005-04-01,89.70050811767578
2005-04-04,89.34841918945312
2005-04-05,89.8661880493164
2005-04-06,87.77436065673828
2005-04-07,86.90449523925781
2005-04-08,88.14716339111328
2005-04-11,86.40740966796875
2005-04-12,86.34528350830078
2005-04-13,85.70323181152344
2005-04-15,84.56411743164062
2005-04-18,84.48127746582031
2005-04-19,85.8896255493164
2005-04-20,85.10262298583984
2005-04-21,85.12332153320312
2005-04-22,85.84822845458984
2005-04-25,86.11746978759766
2005-04-26,85.16474151611328
2005-04-27,83.81849670410156
2005-04-28,85.93106079101562
2005-04-29,85.4961166381836
2005-05-02,85.70323181152344
2005-05-03,87.38087463378906
2005-05-04,89.55554962158203
2005-05-05,90.21829223632812
2005-05-06,90.52896881103516
2005-05-09,92.31011962890624
2005-05-10,91.68878936767578
2005-05-11,91.10887145996094
2005-05-12,90.8810577392578
2005-05-13,89.72122192382812
2005-05-16,92.16514587402344
2005-05-17,90.92245483398438
2005-05-18,88.78922271728516
2005-05-19,89.9283218383789
2005-05-20,88.93419647216797
2005-05-23,90.83963012695312
2005-05-24,91.10887145996094
2005-05-25,91.5438232421875
2005-05-26,94.36053466796876
2005-05-27,93.20071411132812
2005-05-30,91.44025421142578
2005-05-31,92.76577758789062
2005-06-01,92.16514587402344
2005-06-02,91.23316192626952
2005-06-03,91.50238037109376
2005-06-06,90.8603286743164
2005-06-07,91.48168182373048
2005-06-08,91.64737701416016
2005-06-09,91.46096801757812
2005-06-10,91.1710205078125
2005-06-13,92.0201644897461
2005-06-14,94.21558380126952
2005-06-15,99.31053924560548
2005-06-16,97.23941040039062
2005-06-17,96.8044662475586
2005-06-20,97.4672393798828
2005-06-21,98.0471649169922
2005-06-22,98.75131225585938
2005-06-23,98.75131225585938
2005-06-24,98.60636901855467
2005-06-27,99.2483901977539
2005-06-28,99.97330474853516
2005-06-29,100.78103637695312
2005-06-30,100.6981964111328
2005-07-01,101.65091705322266
2005-07-04,102.58292388916016
2005-07-05,100.09757995605467
2005-07-06,100.98815155029295
2005-07-07,99.80760955810548
2005-07-08,104.88187408447266
2005-07-11,106.12454223632812
2005-07-12,107.05655670166016
2005-07-13,105.29608917236328
2005-07-14,104.84044647216795
2005-07-15,106.08311462402344
2005-07-18,106.78730010986328
2005-07-19,105.5860366821289
2005-07-20,103.51492309570312
2005-07-21,105.1304168701172
2005-07-22,110.45320892333984
2005-07-25,110.7638702392578
2005-07-26,114.0362548828125
2005-07-27,113.33206939697266
2005-07-28,125.74885559082033
2005-07-29,117.28792572021484
2005-08-01,118.6134262084961
2005-08-02,118.572021484375
2005-08-03,117.47433471679688
2005-08-04,117.72286224365234
2005-08-05,121.61656188964844
2005-08-08,120.22891998291016
2005-08-09,120.49816131591795
2005-08-10,125.7174072265625
2005-08-11,128.98980712890625
2005-08-12,128.65841674804688
2005-08-16,131.91006469726562
2005-08-17,132.57286071777344
2005-08-18,132.0964813232422
2005-08-19,129.5076141357422
2005-08-22,126.8979721069336
2005-08-23,125.73811340332033
2005-08-24,128.82411193847656
2005-08-25,130.17034912109375
2005-08-26,128.90695190429688
2005-08-29,131.45443725585938
2005-08-30,130.79165649414062
2005-08-31,130.5845489501953
2005-09-01,130.95738220214844
2005-09-02,132.63499450683594
2005-09-05,132.01364135742188
2005-09-06,134.7475128173828
2005-09-08,136.86004638671875
2005-09-09,137.5228271484375
2005-09-12,139.01405334472656
2005-09-13,142.16213989257812
2005-09-14,139.6560821533203
2005-09-15,141.91363525390625
2005-09-16,150.55023193359375
2005-09-19,149.3696746826172
2005-09-20,148.62408447265625
2005-09-21,145.41383361816406
2005-09-22,138.74481201171875
2005-09-23,140.5052490234375
2005-09-26,144.87533569335938
2005-09-27,142.8456268310547
2005-09-28,142.534912109375
2005-09-29,143.6326904296875
2005-09-30,144.5025177001953
2005-10-03,143.69482421875
2005-10-04,144.66824340820312
2005-10-05,143.54981994628906
2005-10-06,139.697509765625
2005-10-07,141.49942016601562
2005-10-10,144.93746948242188
2005-10-11,144.79251098632812
2005-10-13,141.99644470214844
2005-10-14,136.13516235351562
2005-10-17,132.3864288330078
2005-10-18,133.67056274414062
2005-10-19,129.5489501953125
2005-10-20,130.3567657470703
2005-10-21,137.15000915527344
2005-10-24,134.10545349121094
2005-10-25,136.50804138183594
2005-10-26,139.49041748046875
2005-10-27,128.63768005371094
2005-10-28,136.01089477539062
2005-10-31,133.67056274414062
2005-11-02,136.34230041503906
2005-11-04,136.34230041503906
2005-11-07,139.90463256835938
2005-11-08,140.7537841796875
2005-11-09,142.2449951171875
2005-11-10,142.4728240966797
2005-11-11,145.95230102539062
2005-11-14,147.73350524902344
2005-11-16,149.1833038330078
2005-11-17,149.47323608398438
2005-11-18,149.01759338378906
2005-11-21,146.1387176513672
2005-11-22,146.1801300048828
2005-11-23,146.22154235839844
2005-11-24,148.27198791503906
2005-11-25,150.73663330078125
2005-11-28,154.09188842773438
2005-11-29,152.2071533203125
2005-11-30,147.85777282714844
2005-12-01,149.51466369628906
2005-12-02,148.23056030273438
2005-12-05,143.9640350341797
2005-12-06,141.3958740234375
2005-12-07,143.30125427246094
2005-12-08,145.6209716796875
2005-12-09,147.2571258544922
2005-12-12,145.31024169921875
2005-12-13,146.3665313720703
2005-12-14,144.95819091796875
2005-12-15,144.2125701904297
2005-12-16,145.02035522460938
2005-12-19,148.85191345214844
2005-12-20,148.00271606445312
2005-12-21,147.69207763671875
2005-12-22,147.98202514648438
2005-12-23,145.6209716796875
2005-12-26,137.97848510742188
2005-12-27,142.70066833496094
2005-12-28,141.64437866210938
2005-12-29,142.55569458007812
2005-12-30,143.1148681640625
2006-01-02,140.85736083984375
2006-01-03,143.5084228515625
2006-01-04,142.88705444335938
2006-01-05,141.85150146484375
2006-01-06,143.8397216796875
2006-01-09,145.558837890625
2006-01-10,141.3336944580078
2006-01-12,138.8069305419922
2006-01-13,138.45486450195312
2006-01-16,138.5170135498047
2006-01-17,137.15000915527344
2006-01-18,137.06719970703125
2006-01-19,143.44627380371094
2006-01-20,142.6385040283203
2006-01-23,142.5970916748047
2006-01-24,144.0054473876953
2006-01-25,147.40213012695312
2006-01-27,147.3399658203125
2006-01-30,148.4998016357422
2006-01-31,147.98202514648438
2006-02-01,145.4759521484375
2006-02-02,150.63308715820312
2006-02-03,152.0414581298828
2006-02-06,153.03558349609375
2006-02-07,153.61550903320312
2006-02-08,154.17471313476562
2006-02-10,150.69520568847656
2006-02-13,150.46737670898438
2006-02-14,152.22784423828125
2006-02-15,151.48220825195312
2006-02-16,150.44667053222656
2006-02-17,151.25437927246094
2006-02-20,150.46737670898438
2006-02-21,152.70420837402344
2006-02-22,151.39939880371094
2006-02-23,152.3313751220703
2006-02-24,150.7987518310547
2006-02-27,149.43185424804688
2006-02-28,149.5561065673828
2006-03-01,156.3286895751953
2006-03-02,164.3646697998047
2006-03-03,169.04542541503906
2006-03-06,167.65774536132812
2006-03-07,166.93283081054688
2006-03-08,162.18995666503906
2006-03-09,158.3997802734375
2006-03-10,159.80813598632812
2006-03-13,161.2786407470703
2006-03-14,160.03598022460938
2006-03-16,161.98284912109375
2006-03-17,160.13955688476562
2006-03-20,159.14541625976562
2006-03-21,161.54791259765625
2006-03-22,160.222412109375
2006-03-23,157.6748809814453
2006-03-24,158.04769897460938
2006-03-27,162.62489318847656
2006-03-28,162.25210571289062
2006-03-29,163.51548767089844
2006-03-30,171.42718505859375
2006-03-31,170.9715576171875
2006-04-03,174.65814208984375
2006-04-04,172.89768981933594
2006-04-05,173.4568634033203
2006-04-07,169.64601135253906
2006-04-10,167.4713592529297
2006-04-12,164.26107788085938
2006-04-13,163.66046142578125
2006-04-17,163.7225799560547
2006-04-18,168.4654541015625
2006-04-19,171.07510375976562
2006-04-20,170.8472900390625
2006-04-21,170.0602569580078
2006-04-24,170.53659057617188
2006-04-25,165.5244903564453
2006-04-26,170.57801818847656
2006-04-27,166.1457977294922
2006-04-28,168.0512237548828
2006-05-02,169.33535766601562
2006-05-03,175.92149353027344
2006-05-04,175.88011169433594
2006-05-05,174.28530883789062
2006-05-08,174.78240966796875
2006-05-09,172.00709533691406
2006-05-10,172.79412841796875
2006-05-11,171.7792510986328
2006-05-12,171.98641967773438
2006-05-15,166.8914031982422
2006-05-16,166.99496459960938
2006-05-17,172.3798828125
2006-05-18,165.85586547851562
2006-05-19,161.63076782226562
2006-05-22,149.5353546142578
2006-05-23,153.11837768554688
2006-05-24,153.42910766601562
2006-05-25,163.12196350097656
2006-05-26,160.84373474121094
2006-05-29,158.234130859375
2006-05-30,155.1688232421875
2006-05-31,151.85504150390625
2006-06-01,143.570556640625
2006-06-02,151.58578491210938
2006-06-05,145.93162536621094
2006-06-06,143.17701721191406
2006-06-07,146.15943908691406
2006-06-08,136.07301330566406
2006-06-09,139.30398559570312
2006-06-12,134.27117919921875
2006-06-13,133.11131286621094
2006-06-14,135.3274383544922
2006-06-15,141.43727111816406
2006-06-16,151.54437255859375
2006-06-19,150.01173400878906
2006-06-20,145.8901824951172
2006-06-21,152.74562072753906
2006-06-22,151.06800842285156
2006-06-23,153.42910766601562
2006-06-26,149.47323608398438
2006-06-27,149.5353546142578
2006-06-28,150.0531463623047
2006-06-29,148.91404724121094
2006-06-30,153.2633819580078
2006-07-03,153.2219696044922
2006-07-04,150.94374084472656
2006-07-05,153.2633819580078
2006-07-06,152.0414581298828
2006-07-07,153.67762756347656
2006-07-10,161.4029541015625
2006-07-11,158.33766174316406
2006-07-12,158.58619689941406
2006-07-13,153.80189514160156
2006-07-14,149.9495849609375
2006-07-17,147.23641967773438
2006-07-18,149.28684997558594
2006-07-19,146.5943603515625
2006-07-20,150.96446228027344
2006-07-21,148.23056030273438
2006-07-24,151.2958221435547
2006-07-25,153.03558349609375
2006-07-26,158.4826202392578
2006-07-27,163.88827514648438
2006-07-28,159.74600219726562
2006-07-31,158.66903686523438
2006-08-01,162.04493713378906
2006-08-02,162.81130981445312
2006-08-03,165.33802795410156
2006-08-04,165.98016357421875
2006-08-07,162.50064086914062
2006-08-08,167.61631774902344
2006-08-09,167.3470458984375
2006-08-10,169.4388885498047
2006-08-11,167.78199768066406
2006-08-14,171.07510375976562
2006-08-16,171.3650360107422
2006-08-17,171.73785400390625
2006-08-18,169.6874542236328
2006-08-21,169.79100036621094
2006-08-22,169.58392333984375
2006-08-23,168.17550659179688
2006-08-24,172.02781677246094
2006-08-25,172.95980834960938
2006-08-28,172.60772705078125
2006-08-29,172.00709533691406
2006-08-30,171.40646362304688
2006-08-31,170.26736450195312
2006-09-01,171.1579132080078
2006-09-04,173.39474487304688
2006-09-05,173.12551879882812
2006-09-06,176.97779846191406
2006-09-07,175.5901641845703
2006-09-08,178.3033447265625
2006-09-11,174.5338592529297
2006-09-12,175.21731567382812
2006-09-13,183.54327392578125
2006-09-14,181.8863677978516
2006-09-15,184.7445373535156
2006-09-18,183.8746795654297
2006-09-19,182.0520935058593
2006-09-20,191.537841796875
2006-09-21,192.8426055908203
2006-09-22,194.3545684814453
2006-09-25,196.19786071777344
2006-09-26,198.64178466796875
2006-09-27,197.2748565673828
2006-09-28,195.68006896972656
2006-09-29,194.37527465820312
2006-10-03,193.62969970703125
2006-10-04,191.18572998046875
2006-10-05,190.5229949951172
2006-10-06,190.68865966796875
2006-10-09,192.3041381835937
2006-10-10,194.18885803222656
2006-10-11,195.8457946777344
2006-10-12,197.10916137695312
2006-10-13,197.75119018554688
2006-10-16,201.35499572753903
2006-10-17,201.91416931152344
2006-10-18,204.3166656494141
2006-10-19,203.3018341064453
2006-10-20,205.9321746826172
2006-10-23,206.34637451171875
2006-10-26,208.4589080810547
2006-10-27,218.4210968017578
2006-10-30,224.53086853027344
2006-10-31,219.622314453125
2006-11-01,224.13739013671875
2006-11-02,227.078369140625
2006-11-03,226.78843688964844
2006-11-06,225.2143402099609
2006-11-07,225.2557830810547
2006-11-08,225.1936950683593
2006-11-09,222.7911376953125
2006-11-10,225.3386383056641
2006-11-13,233.6231231689453
2006-11-14,236.00491333007807
2006-11-15,239.6914978027344
2006-11-16,239.1944580078125
2006-11-17,240.6028594970703
2006-11-20,250.6063690185547
2006-11-21,258.4145202636719
2006-11-22,264.3586120605469
2006-11-23,257.6688842773437
2006-11-24,255.4320831298828
2006-11-27,261.1690979003906
2006-11-28,260.13360595703125
2006-11-29,257.3789367675781
2006-11-30,261.2519836425781
2006-12-01,262.32891845703125
2006-12-04,261.4798583984375
2006-12-05,264.8143615722656
2006-12-06,268.1488342285156
2006-12-07,264.2344665527344
2006-12-08,262.7846069335937
2006-12-11,251.3727264404297
2006-12-12,238.57310485839844
2006-12-13,247.7067413330078
2006-12-14,252.84312438964844
2006-12-15,255.1421356201172
2006-12-18,256.5090637207031
2006-12-19,250.8135223388672
2006-12-20,250.48208618164065
2006-12-21,253.4023895263672
2006-12-22,254.707260131836
2006-12-26,258.6216125488281
2006-12-27,261.5005187988281
2006-12-28,261.2519836425781
2006-12-29,260.9412841796875
2007-01-02,262.76385498046875
2007-01-03,265.3321533203125
2007-01-04,264.1515808105469
2007-01-05,263.5716552734375
2007-01-08,257.68963623046875
2007-01-09,258.1452331542969
2007-01-10,254.18942260742188
2007-01-11,263.6130676269531
2007-01-12,274.9627685546875
2007-01-15,273.9893493652344
2007-01-16,277.4688415527344
2007-01-17,276.7439880371094
2007-01-18,278.8773193359375
2007-01-19,283.7651062011719
2007-01-22,280.1820678710937
2007-01-23,285.77410888671875
2007-01-24,284.593505859375
2007-01-25,298.6979064941406
2007-01-29,295.4461975097656
2007-01-31,293.7892761230469
2007-02-01,303.0266418457031
2007-02-02,319.2021484375
2007-02-05,323.5721740722656
2007-02-06,319.2227783203125
2007-02-07,320.17559814453125
2007-02-08,317.5658874511719
2007-02-09,311.4975280761719
2007-02-12,300.76904296875
2007-02-13,306.6717529296875
2007-02-14,315.8054504394531
2007-02-15,328.6257629394531
2007-02-19,331.3596496582031
2007-02-20,327.9215087890625
2007-02-21,334.52838134765625
2007-02-22,331.69091796875
2007-02-23,313.1336975097656
2007-02-26,303.17156982421875
2007-02-27,299.5678100585937
2007-02-28,297.78662109375
2007-03-01,301.9496154785156
2007-03-02,292.7123718261719
2007-03-05,284.4486083984375
2007-03-06,298.5322570800781
2007-03-07,299.4021301269531
2007-03-08,314.10711669921875
2007-03-09,310.8347473144531
2007-03-12,318.705078125
2007-03-13,317.0067138671875
2007-03-14,302.3431396484375
2007-03-15,301.5768127441406
2007-03-16,297.1031799316406
2007-03-19,303.8964538574219
2007-03-20,305.5119323730469
2007-03-21,315.4740295410156
2007-03-22,323.26153564453125
2007-03-23,324.8356018066406
2007-03-26,319.2435302734375
2007-03-28,313.8585510253906
2007-03-29,316.2611694335937
2007-03-30,316.4267883300781
2007-04-02,301.9496154785156
2007-04-03,303.917236328125
2007-04-04,309.633544921875
2007-04-05,309.0328674316406
2007-04-09,315.246337890625
2007-04-10,317.1309814453125
2007-04-11,320.6518859863281
2007-04-12,318.539306640625
2007-04-13,323.73785400390625
2007-04-16,332.3744506835937
2007-04-17,331.2767639160156
2007-04-18,337.4901733398437
2007-04-19,339.00201416015625
2007-04-20,350.28973388671875
2007-04-23,348.6741943359375
2007-04-24,361.7430725097656
2007-04-25,357.2279968261719
2007-04-26,357.5593566894531
2007-04-27,342.29522705078125
2007-04-30,336.081787109375
2007-05-03,345.9817199707031
2007-05-04,338.0908508300781
2007-05-07,340.63818359375
2007-05-08,337.6557922363281
2007-05-09,341.9844665527344
2007-05-10,339.2299194335937
2007-05-11,337.15875244140625
2007-05-14,341.52886962890625
2007-05-15,345.42254638671875
2007-05-16,351.36669921875
2007-05-17,351.9673156738281
2007-05-18,352.9200744628906
2007-05-21,352.71295166015625
2007-05-22,355.9438781738281
2007-05-23,352.1744689941406
2007-05-24,346.7066955566406
2007-05-25,345.5882568359375
2007-05-28,343.1649780273437
2007-05-29,346.39599609375
2007-05-30,344.71844482421875
2007-05-31,351.78094482421875
2007-06-01,348.4878845214844
2007-06-04,342.4815368652344
2007-06-05,346.8723449707031
2007-06-06,341.44598388671875
2007-06-07,340.20330810546875
2007-06-08,337.80078125
2007-06-11,336.06103515625
2007-06-12,333.8864440917969
2007-06-13,330.7383117675781
2007-06-14,338.7742004394531
2007-06-15,336.7237548828125
2007-06-18,335.06689453125
2007-06-19,336.2889404296875
2007-06-20,341.7152099609375
2007-06-21,338.1322021484375
2007-06-22,341.943115234375
2007-06-25,344.71844482421875
2007-06-26,353.2514038085937
2007-06-27,347.3073425292969
2007-06-28,351.57379150390625
2007-06-29,346.271728515625
2007-07-02,346.7066955566406
2007-07-03,358.9676818847656
2007-07-04,356.35809326171875
2007-07-05,353.2306823730469
2007-07-06,358.82275390625
2007-07-09,365.9888610839844
2007-07-10,361.2252197265625
2007-07-11,362.1573181152344
2007-07-12,364.8291015625
2007-07-13,365.7403259277344
2007-07-16,363.9591369628906
2007-07-17,358.1600341796875
2007-07-18,366.4651489257813
2007-07-19,371.35302734375
2007-07-20,382.6821594238281
2007-07-23,389.7860412597656
2007-07-24,386.285888671875
2007-07-25,392.2300109863281
2007-07-26,383.427734375
2007-07-27,369.6961669921875
2007-07-30,366.8380126953125
2007-07-31,373.2585144042969
2007-08-01,357.4350891113281
2007-08-02,361.9294738769531
2007-08-03,361.4530334472656
2007-08-06,359.0920104980469
2007-08-07,362.9650268554688
2007-08-08,367.0243835449219
2007-08-09,360.3553771972656
2007-08-10,347.3073425292969
2007-08-13,352.75439453125
2007-08-14,354.6390380859375
2007-08-16,331.8773803710937
2007-08-17,330.11688232421875
2007-08-20,342.937255859375
2007-08-21,337.0966491699219
2007-08-22,351.0974426269531
2007-08-23,352.5264892578125
2007-08-24,358.5328369140625
2007-08-27,363.2550048828125
2007-08-28,362.571533203125
2007-08-29,364.3526916503906
2007-08-30,366.1337585449219
2007-08-31,364.3526916503906
2007-09-03,360.1896667480469
2007-09-04,355.5296630859375
2007-09-05,351.635986328125
2007-09-06,348.77783203125
2007-09-07,351.2010192871094
2007-09-10,352.5473022460937
2007-09-11,350.5797424316406
2007-09-12,348.69500732421875
2007-09-13,347.5144348144531
2007-09-14,343.6413879394531
2007-09-17,337.3451843261719
2007-09-18,344.8633728027344
2007-09-19,367.3558349609375
2007-09-20,370.25537109375
2007-09-21,381.6051330566406
2007-09-24,391.401611328125
2007-09-25,399.2304382324219
2007-09-26,397.2214660644531
2007-09-27,397.7185363769531
2007-09-28,389.3304748535156
2007-10-01,389.9725036621094
2007-10-03,402.0472106933594
2007-10-04,398.33984375
2007-10-05,411.9057312011719
2007-10-08,408.28131103515625
2007-10-09,430.2973937988281
2007-10-10,443.593994140625
2007-10-11,454.09466552734375
2007-10-12,442.6412353515625
2007-10-15,466.2728271484375
2007-10-16,459.2723693847656
2007-10-17,457.9469299316406
2007-10-18,420.1281433105469
2007-10-19,404.40826416015625
2007-10-22,385.3331909179688
2007-10-23,415.5094909667969
2007-10-24,412.7549133300781
2007-10-25,422.0749816894531
2007-10-26,410.37310791015625
2007-10-29,412.3406677246094
2007-10-30,414.03900146484375
2007-10-31,416.9592590332031
2007-11-01,389.413330078125
2007-11-02,370.7110290527344
2007-11-05,390.1174926757813
2007-11-06,380.1346740722656
2007-11-07,372.7406921386719
2007-11-08,365.9888610839844
2007-11-12,345.4847106933594
2007-11-13,345.5675048828125
2007-11-14,355.9853515625
2007-11-15,373.6520385742188
2007-11-16,378.1670837402344
2007-11-19,376.36517333984375
2007-11-20,374.8739929199219
2007-11-21,372.8442993164063
2007-11-22,375.4746398925781
2007-11-23,380.072509765625
2007-11-26,392.250732421875
2007-11-27,379.3682861328125
2007-11-28,376.96588134765625
2007-11-29,378.9126892089844
2007-11-30,389.164794921875
2007-12-03,382.7236022949219
2007-12-04,379.7825927734375
2007-12-05,381.2738037109375
2007-12-06,389.6411743164063
2007-12-07,397.13861083984375
2007-12-10,403.1241455078125
2007-12-11,429.1996765136719
2007-12-12,438.5610961914063
2007-12-13,409.3168640136719
2007-12-14,395.2952880859375
2007-12-17,374.7911376953125
2007-12-18,376.9451293945313
2007-12-19,375.2054138183594
2007-12-20,380.65240478515625
2007-12-24,402.7099914550781
2007-12-26,407.3699645996094
2007-12-27,399.8932495117188
2007-12-28,389.9518432617188
2007-12-31,412.7341613769531
2008-01-01,400.804443359375
2008-01-02,400.2452697753906
2008-01-03,393.1413269042969
2008-01-04,392.8307189941406
2008-01-07,388.14990234375
2008-01-08,404.2425842285156
2008-01-09,403.51763916015625
2008-01-10,400.7423400878906
2008-01-11,399.6653747558594
2008-01-14,375.8474731445313
2008-01-15,355.32257080078125
2008-01-16,358.5328369140625
2008-01-17,361.183837890625
2008-01-18,361.6394958496094
2008-01-21,343.3929138183594
2008-01-22,348.9642028808594
2008-01-23,351.2838134765625
2008-01-24,352.8165588378906
2008-01-25,379.0577087402344
2008-01-28,360.0033264160156
2008-01-29,352.31939697265625
2008-01-30,356.2338256835937
2008-01-31,355.757568359375
2008-02-01,376.7173156738281
2008-02-04,382.3300476074219
2008-02-05,387.30078125
2008-02-06,372.4922180175781
2008-02-07,358.097900390625
2008-02-08,365.7403259277344
2008-02-11,351.3459167480469
2008-02-12,355.7367858886719
2008-02-13,355.7367858886719
2008-02-14,363.3170471191406
2008-02-15,364.7669067382813
2008-02-18,364.4148254394531
2008-02-19,368.12213134765625
2008-02-20,359.2162475585937
2008-02-21,359.941162109375
2008-02-22,352.5473022460937
2008-02-25,352.1744689941406
2008-02-26,347.6593933105469
2008-02-27,348.6741943359375
2008-02-28,350.496826171875
2008-02-29,342.2538452148437
2008-03-03,328.17010498046875
2008-03-04,317.6694641113281
2008-03-05,311.1039733886719
2008-03-07,311.1246643066406
2008-03-10,333.5343322753906
2008-03-11,326.4717712402344
2008-03-12,338.8363647460937
2008-03-13,323.36505126953125
2008-03-14,311.8702697753906
2008-03-17,307.6037902832031
2008-03-18,314.210693359375
2008-03-19,322.1637878417969
2008-03-24,331.54608154296875
2008-03-25,345.2982482910156
2008-03-26,332.9129943847656
2008-03-27,342.5643920898437
2008-03-28,342.9993896484375
2008-03-31,342.2538452148437
2008-04-01,332.66436767578125
2008-04-02,340.94891357421875
2008-04-03,339.54058837890625
2008-04-04,324.7112731933594
2008-04-07,339.1678466796875
2008-04-08,343.1649780273437
2008-04-09,340.4518127441406
2008-04-10,330.82110595703125
2008-04-11,333.492919921875
2008-04-15,338.2978820800781
2008-04-16,334.5076904296875
2008-04-17,341.0731811523437
2008-04-21,354.5354919433594
2008-04-22,354.5769348144531
2008-04-23,350.04119873046875
2008-04-24,349.1920166015625
2008-04-25,382.0815734863281
2008-04-28,384.4219055175781
2008-04-29,373.2999877929688
2008-04-30,372.0779113769531
2008-05-02,372.9063720703125
2008-05-05,370.2967529296875
2008-05-06,350.5797424316406
2008-05-07,338.0700988769531
2008-05-08,343.4757080078125
2008-05-09,348.69500732421875
2008-05-12,347.1001281738281
2008-05-13,339.68560791015625
2008-05-14,351.61529541015625
2008-05-15,354.6597900390625
2008-05-16,353.1064453125
2008-05-20,343.6413879394531
2008-05-21,340.6796569824219
2008-05-22,338.7121887207031
2008-05-23,346.9758605957031
2008-05-26,357.6629333496094
2008-05-27,357.3729248046875
2008-05-28,366.27880859375
2008-05-29,355.591796875
2008-05-30,362.8407897949219
2008-06-02,363.462158203125
2008-06-03,348.5292663574219
2008-06-04,335.66754150390625
2008-06-05,340.7211608886719
2008-06-06,332.208740234375
2008-06-09,323.63433837890625
2008-06-10,321.56317138671875
2008-06-11,334.2384948730469
2008-06-12,339.68560791015625
2008-06-13,338.1736145019531
2008-06-16,348.09423828125
2008-06-17,344.8633728027344
2008-06-18,336.3717346191406
2008-06-19,333.5964050292969
2008-06-20,317.1723937988281
2008-06-23,314.2935791015625
2008-06-24,310.9590148925781
2008-06-25,323.05438232421875
2008-06-26,318.7257080078125
2008-06-27,309.8199462890625
2008-06-30,298.76007080078125
2008-07-01,292.8159484863281
2008-07-02,307.4794921875
2008-07-03,293.1680603027344
2008-07-04,297.0617980957031
2008-07-07,301.4110412597656
2008-07-08,294.5350341796875
2008-07-09,309.17779541015625
2008-07-10,307.2517395019531
2008-07-11,308.5564880371094
2008-07-14,304.8078308105469
2008-07-15,294.1207275390625
2008-07-16,302.77813720703125
2008-07-17,310.4412536621094
2008-07-18,332.66436767578125
2008-07-21,330.7796630859375
2008-07-22,322.3502197265625
2008-07-23,338.0908508300781
2008-07-24,331.2353210449219
2008-07-25,330.0754699707031
2008-07-28,329.3713684082031
2008-07-29,322.2259216308594
2008-07-30,335.4811706542969
2008-07-31,330.84185791015625
2008-08-01,339.7269287109375
2008-08-04,338.0079345703125
2008-08-05,347.99078369140625
2008-08-06,360.1275634765625
2008-08-07,351.8224182128906
2008-08-08,348.3013916015625
2008-08-11,350.2482604980469
2008-08-12,341.01104736328125
2008-08-13,340.016845703125
2008-08-14,339.0849914550781
2008-08-18,335.1497802734375
2008-08-19,328.0251159667969
2008-08-20,338.0079345703125
2008-08-21,331.0697021484375
2008-08-22,335.3983459472656
2008-08-25,338.2149658203125
2008-08-26,335.0255126953125
2008-08-27,333.3893127441406
2008-08-28,333.2443542480469
2008-08-29,346.9137268066406
2008-09-01,338.0908508300781
2008-09-02,345.73321533203125
2008-09-04,342.0672912597656
2008-09-05,332.7886657714844
2008-09-08,339.5820007324219
2008-09-09,346.6651916503906
2008-09-10,336.3510131835937
2008-09-11,321.8323974609375
2008-09-12,322.61944580078125
2008-09-15,316.8824157714844
2008-09-16,320.6518859863281
2008-09-17,319.01568603515625
2008-09-18,315.3291320800781
2008-09-19,333.8035888671875
2008-09-22,335.0255126953125
2008-09-23,328.3357849121094
2008-09-24,335.7503662109375
2008-09-25,327.6109313964844
2008-09-26,321.4388732910156
2008-09-29,310.7725830078125
2008-09-30,325.10479736328125
2008-10-01,327.528076171875
2008-10-03,313.2786865234375
2008-10-06,301.4525146484375
2008-10-07,309.9441833496094
2008-10-08,303.77215576171875
2008-10-10,286.76824951171875
2008-10-13,306.4646301269531
2008-10-14,317.545166015625
2008-10-15,296.1090087890625
2008-10-16,302.65380859375
2008-10-17,280.49273681640625
2008-10-20,293.31298828125
2008-10-21,300.044189453125
2008-10-22,275.9776611328125
2008-10-23,254.769271850586
2008-10-24,222.48046875
2008-10-27,233.8716583251953
2008-10-29,255.3492431640625
2008-10-31,270.7998962402344
2008-11-03,286.4368896484375
2008-11-04,296.9788818359375
2008-11-05,283.8894348144531
2008-11-06,264.855712890625
2008-11-07,268.43878173828125
2008-11-10,294.7835388183594
2008-11-11,273.1609191894531
2008-11-12,261.76971435546875
2008-11-14,268.2109069824219
2008-11-17,275.2113647460937
2008-11-18,258.02099609375
2008-11-19,253.65090942382807
2008-11-20,245.2420959472656
2008-11-21,256.3433532714844
2008-11-24,264.1929626464844
2008-11-25,260.0507507324219
2008-11-26,270.4891967773437
2008-11-27,270.4891967773437
2008-11-28,277.9659729003906
2008-12-01,269.53643798828125
2008-12-02,277.8831481933594
2008-12-03,275.045654296875
2008-12-04,284.0343933105469
2008-12-05,275.3770446777344
2008-12-08,290.4755249023437
2008-12-10,304.7870178222656
2008-12-11,307.5208435058594
2008-12-12,299.6920471191406
2008-12-15,305.4498291015625
2008-12-16,308.5150146484375
2008-12-17,293.7892761230469
2008-12-18,294.16217041015625
2008-12-19,298.94647216796875
2008-12-22,299.1122131347656
2008-12-23,294.4521484375
2008-12-24,285.5669860839844
2008-12-26,284.32427978515625
2008-12-29,294.9492492675781
2008-12-30,299.3192138671875
2008-12-31,296.3782653808594
2009-01-02,291.98748779296875
2009-01-05,284.0136413574219
2009-01-06,272.1460266113281
2009-01-07,269.2465209960937
2009-01-09,264.64862060546875
2009-01-12,258.4145202636719
2009-01-13,251.4555206298828
2009-01-14,257.9588623046875
2009-01-15,250.0471954345703
2009-01-16,262.9295654296875
2009-01-19,267.94171142578125
2009-01-20,255.3077850341797
2009-01-21,241.51412963867188
2009-01-22,256.4883728027344
2009-01-23,253.9823608398437
2009-01-27,268.1695556640625
2009-01-28,270.1371154785156
2009-01-29,259.8850402832031
2009-01-30,262.5981750488281
2009-02-02,255.0800323486328
2009-02-03,258.8908996582031
2009-02-04,262.74322509765625
2009-02-05,260.4028015136719
2009-02-06,268.02459716796875
2009-02-09,275.7705383300781
2009-02-10,274.8592529296875
2009-02-11,278.9600830078125
2009-02-12,269.59869384765625
2009-02-13,269.97137451171875
2009-02-16,264.1722412109375
2009-02-17,262.0597229003906
2009-02-18,265.4563903808594
2009-02-19,268.6044616699219
2009-02-20,266.2226257324219
2009-02-24,263.7165832519531
2009-02-25,265.4149169921875
2009-02-26,270.15777587890625
2009-02-27,264.4828796386719
2009-03-02,255.49424743652344
2009-03-03,249.0116271972656
2009-03-04,248.8044891357422
2009-03-05,244.28944396972656
2009-03-06,249.4672241210937
2009-03-09,243.4609222412109
2009-03-12,227.18191528320312
2009-03-13,230.99278259277344
2009-03-16,236.64698791503903
2009-03-17,236.75051879882807
2009-03-18,236.00491333007807
2009-03-19,236.39845275878903
2009-03-20,235.85997009277344
2009-03-23,245.718490600586
2009-03-24,250.0678558349609
2009-03-25,244.8072662353516
2009-03-26,257.5860290527344
2009-03-27,257.5860290527344
2009-03-30,252.53250122070312
2009-03-31,259.2015380859375
2009-04-01,254.6864471435547
2009-04-02,264.5657958984375
2009-04-06,273.2851867675781
2009-04-08,274.3415222167969
2009-04-09,275.8948059082031
2009-04-13,274.75567626953125
2009-04-15,283.7651062011719
2009-04-16,276.6197509765625
2009-04-17,281.901123046875
2009-04-20,285.06982421875
2009-04-21,298.0351867675781
2009-04-22,295.177001953125
2009-04-23,293.2301330566406
2009-04-24,310.5654602050781
2009-04-27,308.0387268066406
2009-04-28,300.044189453125
2009-04-29,311.8081970214844
2009-04-30,312.32598876953125
2009-05-04,314.50067138671875
2009-05-05,310.9797668457031
2009-05-06,313.7757263183594
2009-05-07,324.1520690917969
2009-05-08,318.2701110839844
2009-05-11,310.1098022460937
2009-05-12,328.8121643066406
2009-05-13,329.61993408203125
2009-05-14,316.7374267578125
2009-05-15,331.3181457519531
2009-05-18,415.5509338378906
2009-05-19,379.0577087402344
2009-05-20,356.0888671875
2009-05-21,353.1064453125
2009-05-22,356.0682067871094
2009-05-25,335.66754150390625
2009-05-26,319.45068359375
2009-05-27,318.4564819335937
2009-05-28,329.6819763183594
2009-05-29,340.03765869140625
2009-06-01,333.3685913085937
2009-06-02,331.54608154296875
2009-06-03,330.7383117675781
2009-06-04,338.1736145019531
2009-06-05,342.4608764648437
2009-06-08,337.1172790527344
2009-06-09,336.53741455078125
2009-06-10,345.71258544921875
2009-06-11,353.9142150878906
2009-06-12,343.0407409667969
2009-06-15,339.4370422363281
2009-06-16,335.31549072265625
2009-06-17,332.6023254394531
2009-06-18,333.3893127441406
2009-06-19,334.36279296875
2009-06-22,327.528076171875
2009-06-23,325.746826171875
2009-06-24,330.6760559082031
2009-06-25,328.8328552246094
2009-06-26,335.5639953613281
2009-06-29,334.3834533691406
2009-06-30,332.2709655761719
2009-07-01,341.42535400390625
2009-07-02,332.66436767578125
2009-07-03,339.2712707519531
2009-07-06,324.3178405761719
2009-07-07,336.4960327148437
2009-07-08,328.2943725585937
2009-07-09,329.59912109375
2009-07-10,322.1223449707031
2009-07-13,317.441650390625
2009-07-14,320.32049560546875
2009-07-15,323.2200927734375
2009-07-16,325.10479736328125
2009-07-17,342.2538452148437
2009-07-20,351.6980895996094
2009-07-21,347.0794372558594
2009-07-22,340.90753173828125
2009-07-23,337.22088623046875
2009-07-24,345.4428405761719
2009-07-27,351.7129821777344
2009-07-28,356.7374572753906
2009-07-29,352.7095031738281
2009-07-30,352.1281433105469
2009-07-31,340.5843505859375
2009-08-03,340.87506103515625
2009-08-04,332.8608093261719
2009-08-05,333.40069580078125
2009-08-06,331.6150817871094
2009-08-07,318.8255615234375
2009-08-10,309.7731628417969
2009-08-11,317.621337890625
2009-08-12,336.76416015625
2009-08-13,343.0758972167969
2009-08-14,339.4632568359375
2009-08-17,331.1583251953125
2009-08-18,341.3733825683594
2009-08-19,336.72265625
2009-08-20,332.2379455566406
2009-08-21,341.9131774902344
2009-08-24,344.0724792480469
2009-08-25,338.88189697265625
2009-08-26,336.6811218261719
2009-08-27,345.8995361328125
2009-08-28,361.42974853515625
2009-08-31,352.6265563964844
2009-09-01,350.67486572265625
2009-09-02,342.6606140136719
2009-09-03,336.30731201171875
2009-09-04,336.34893798828125
2009-09-07,349.3045654296875
2009-09-08,352.1281433105469
2009-09-09,339.9615173339844
2009-09-10,345.8995361328125
2009-09-11,349.8028564453125
2009-09-14,348.2248840332031
2009-09-15,345.1520690917969
2009-09-16,348.72320556640625
2009-09-17,359.43658447265625
2009-09-18,367.8659973144531
2009-09-22,355.9070129394531
2009-09-23,343.4080505371094
2009-09-24,348.2248840332031
2009-09-25,344.28009033203125
2009-09-29,348.0588684082031
2009-09-30,347.76812744140625
2009-10-01,361.3466796875
2009-10-05,332.4040832519531
2009-10-06,298.43701171875
2009-10-07,297.93865966796875
2009-10-08,277.34259033203125
2009-10-09,285.10760498046875
2009-10-12,291.7099609375
2009-10-13,292.00067138671875
2009-10-14,282.49151611328125
2009-10-15,269.9926452636719
2009-10-16,270.9062194824219
2009-10-20,272.9408874511719
2009-10-21,276.30438232421875
2009-10-22,279.9170227050781
2009-10-23,274.9340209960937
2009-10-26,274.6018981933594
2009-10-27,254.9192047119141
2009-10-28,263.3487548828125
2009-10-29,258.9471435546875
2009-10-30,243.2093505859375
2009-11-03,249.4795379638672
2009-11-04,253.798095703125
2009-11-05,265.1758117675781
2009-11-06,265.7987060546875
2009-11-09,255.4175262451172
2009-11-10,243.6661376953125
2009-11-11,249.1058044433593
2009-11-12,248.2753143310547
2009-11-13,250.8913726806641
2009-11-16,251.43121337890625
2009-11-17,246.57281494140625
2009-11-18,245.8253631591797
2009-11-19,243.6661376953125
2009-11-20,239.8042907714844
2009-11-23,228.5926971435547
2009-11-24,234.6137237548828
2009-11-25,233.9908905029297
2009-11-26,232.91119384765625
2009-11-27,235.5688018798828
2009-11-30,248.7736053466797
2009-12-01,252.9260406494141
2009-12-02,253.09214782714844
2009-12-03,254.794662475586
2009-12-04,257.5353088378906
2009-12-07,262.76739501953125
2009-12-08,272.8578491210937
2009-12-09,275.05865478515625
2009-12-10,284.3601989746094
2009-12-11,275.34930419921875
2009-12-14,265.3834533691406
2009-12-15,263.1410522460937
2009-12-16,270.3247985839844
2009-12-17,269.3282470703125
2009-12-18,263.9716186523437
2009-12-21,257.5353088378906
2009-12-22,267.37664794921875
2009-12-23,270.94775390625
2009-12-24,266.71221923828125
2009-12-29,270.6985168457031
2009-12-30,270.490966796875
2009-12-31,273.8544006347656
2010-01-04,270.07568359375
2010-01-05,274.3526306152344
2010-01-06,271.4460754394531
2010-01-07,273.5638122558594
2010-01-08,269.9511413574219
2010-01-11,273.1900634765625
2010-01-12,267.6257629394531
2010-01-13,264.4284362792969
2010-01-14,264.1376953125
2010-01-15,263.5978698730469
2010-01-18,266.3385009765625
2010-01-19,266.2139587402344
2010-01-20,275.30780029296875
2010-01-21,267.7503662109375
2010-01-22,267.5426940917969
2010-01-25,274.8095092773437
2010-01-27,268.16558837890625
2010-01-28,260.48358154296875
2010-01-29,254.4624786376953
2010-02-01,258.44879150390625
2010-02-02,255.50059509277344
2010-02-03,256.6217956542969
2010-02-04,252.55235290527344
2010-02-05,249.1888885498047
2010-02-08,256.0819702148437
2010-02-09,260.0682983398437
2010-02-10,261.8537902832031
2010-02-11,261.1894836425781
2010-02-15,237.1882781982422
2010-02-16,225.5613708496093
2010-02-17,231.8315887451172
2010-02-18,234.1154327392578
2010-02-19,231.5409240722656
2010-02-22,229.9629821777344
2010-02-23,232.6205291748047
2010-02-24,229.1740264892578
2010-02-25,229.42312622070312
2010-02-26,231.9976959228516
2010-03-02,241.008529663086
2010-03-03,242.46192932128903
2010-03-04,243.83218383789065
2010-03-05,247.86004638671875
2010-03-08,243.0847625732422
2010-03-09,241.9220428466797
2010-03-10,239.18145751953125
2010-03-11,244.12283325195312
2010-03-12,248.39987182617188
2010-03-15,248.7321319580078
2010-03-16,244.8287811279297
2010-03-17,247.5279083251953
2010-03-18,249.2303924560547
2010-03-19,259.0301818847656
2010-03-22,262.7258605957031
2010-03-23,255.50059509277344
2010-03-25,261.1064758300781
2010-03-26,257.5767822265625
2010-03-29,259.279296875
2010-03-30,258.1581420898437
2010-03-31,259.57000732421875
2010-04-01,250.808334350586
2010-04-05,262.4767150878906
2010-04-06,262.8088684082031
2010-04-07,266.08935546875
2010-04-08,259.86065673828125
2010-04-09,255.708251953125
2010-04-12,255.9573516845703
2010-04-13,254.9607696533203
2010-04-15,252.6353912353516
2010-04-16,253.13365173339844
2010-04-19,254.04718017578125
2010-04-20,252.8845367431641
2010-04-21,253.8811492919922
2010-04-22,251.72183227539065
2010-04-23,247.6524658203125
2010-04-26,246.988021850586
2010-04-27,247.7354431152344
2010-04-28,243.998275756836
2010-04-29,246.1160430908203
2010-04-30,247.943115234375
2010-05-03,246.6558532714844
2010-05-04,240.01193237304688
2010-05-05,246.0745086669922
2010-05-06,242.46192932128903
2010-05-07,238.7661895751953
2010-05-10,244.4965209960937
2010-05-11,236.4408264160156
2010-05-12,216.9658203125
2010-05-13,214.5989227294922
2010-05-14,219.70640563964844
2010-05-17,221.45046997070312
2010-05-18,222.53005981445312
2010-05-19,215.6785583496093
2010-05-20,216.13526916503903
2010-05-21,221.07676696777344
2010-05-24,220.9521484375
2010-05-25,219.74794006347656
2010-05-26,218.95899963378903
2010-05-27,216.46749877929688
2010-05-28,216.5090484619141
2010-05-31,218.3361053466797
2010-06-01,213.43621826171875
2010-06-02,224.5232391357422
2010-06-03,227.09780883789065
2010-06-04,229.46470642089844
2010-06-07,222.9037933349609
2010-06-08,214.557373046875
2010-06-09,225.9351043701172
2010-06-10,236.8560791015625
2010-06-11,227.13934326171875
2010-06-14,223.4851531982422
2010-06-15,223.8589324951172
2010-06-16,221.03521728515625
2010-06-17,221.8241729736328
2010-06-18,220.03863525390625
2010-06-21,219.9555511474609
2010-06-22,217.58868408203125
2010-06-23,219.2911529541016
2010-06-24,218.6267852783203
2010-06-25,218.460678100586
2010-06-28,220.41232299804688
2010-06-29,220.7445526123047
2010-06-30,218.2530670166016
2010-07-01,220.1216583251953
2010-07-02,219.8309783935547
2010-07-05,222.1148376464844
2010-07-06,225.51983642578125
2010-07-07,229.34011840820312
2010-07-08,233.32644653320312
2010-07-09,256.33111572265625
2010-07-12,253.8811492919922
2010-07-13,249.02273559570312
2010-07-14,250.47610473632807
2010-07-15,247.4864044189453
2010-07-16,247.86004638671875
2010-07-19,247.07110595703125
2010-07-20,247.1956481933593
2010-07-21,244.99484252929688
2010-07-22,250.8913726806641
2010-07-23,260.60809326171875
2010-07-26,266.08935546875
2010-07-27,267.9579467773437
2010-07-28,267.4180908203125
2010-07-29,263.1826477050781
2010-07-30,254.794662475586
2010-08-02,264.1376953125
2010-08-03,272.7748107910156
2010-08-04,268.3731994628906
2010-08-05,269.577392578125
2010-08-06,268.5808410644531
2010-08-09,272.7333068847656
2010-08-10,270.3247985839844
2010-08-11,266.2969665527344
2010-08-12,263.1826477050781
2010-08-13,263.2241516113281
2010-08-16,264.7190246582031
2010-08-17,262.5181579589844
2010-08-18,262.6015625
2010-08-19,262.1849975585937
2010-08-20,258.51922607421875
2010-08-23,264.392822265625
2010-08-24,269.2666320800781
2010-08-25,264.0595703125
2010-08-26,267.8919372558594
2010-08-27,263.3513488769531
2010-08-30,268.93328857421875
2010-08-31,272.7239990234375
2010-09-01,281.3052062988281
2010-09-02,278.3476257324219
2010-09-03,282.6382141113281
2010-09-06,286.095703125
2010-09-07,286.2206115722656
2010-09-08,293.2606506347656
2010-09-09,291.6777648925781
2010-09-13,290.5945739746094
2010-09-14,296.9680480957031
2010-09-15,296.7597961425781
2010-09-16,289.5532531738281
2010-09-17,298.967529296875
2010-09-20,304.8827209472656
2010-09-21,304.54949951171875
2010-09-22,302.2167663574219
2010-09-23,296.17657470703125
2010-09-24,306.7156066894531
2010-09-27,310.8812255859375
2010-09-28,310.964599609375
2010-09-29,302.7582702636719
2010-09-30,305.1743469238281
2010-10-01,304.1745910644531
2010-10-04,299.8006896972656
2010-10-05,294.6353454589844
2010-10-06,293.34393310546875
2010-10-07,295.635009765625
2010-10-08,294.0104064941406
2010-10-11,285.6375427246094
2010-10-12,282.4716186523437
2010-10-13,289.5949401855469
2010-10-14,287.47039794921875
2010-10-15,277.9727783203125
2010-10-18,272.6407165527344
2010-10-19,272.5990600585937
2010-10-20,267.6419372558594
2010-10-21,280.8470764160156
2010-10-22,277.80615234375
2010-10-25,280.9303283691406
2010-10-26,273.9320678710937
2010-10-27,268.22515869140625
2010-10-28,275.47332763671875
2010-10-29,271.3077087402344
2010-11-01,279.3474426269531
2010-11-02,274.3069763183594
2010-11-03,273.5988464355469
2010-11-04,271.72430419921875
2010-11-08,273.3072509765625
2010-11-09,278.7225952148437
2010-11-10,272.4740905761719
2010-11-11,263.8929443359375
2010-11-12,254.5619354248047
2010-11-15,257.9776611328125
2010-11-16,261.14361572265625
2010-11-18,270.7245178222656
2010-11-19,273.6405639648437
2010-11-22,280.7220764160156
2010-11-23,274.2237243652344
2010-11-24,276.4314880371094
2010-11-25,279.097412109375
2010-11-26,278.09771728515625
2010-11-29,282.1800537109375
2010-11-30,300.0505676269531
2010-12-01,292.0526428222656
2010-12-02,288.3451232910156
2010-12-03,287.9285888671875
2010-12-06,287.7203063964844
2010-12-07,290.63629150390625
2010-12-08,289.6365051269531
2010-12-09,281.97174072265625
2010-12-10,275.7649841308594
2010-12-13,276.6397705078125
2010-12-14,279.2224426269531
2010-12-15,283.0132141113281
2010-12-16,286.8456115722656
2010-12-20,279.097412109375
2010-12-21,277.3062744140625
2010-12-22,285.9707946777344
2010-12-23,286.01239013671875
2010-12-24,290.427978515625
2010-12-27,284.8460693359375
2010-12-28,285.2209167480469
2010-12-29,294.9268493652344
2010-12-30,297.8011474609375
2010-12-31,298.9259033203125
2011-01-03,299.3841552734375
2011-01-04,296.9264221191406
2011-01-05,290.7612609863281
2011-01-06,294.2603454589844
2011-01-07,282.0133972167969
2011-01-10,282.5132751464844
2011-01-11,281.97174072265625
2011-01-12,290.84454345703125
2011-01-13,288.8034362792969
2011-01-14,286.38726806640625
2011-01-17,290.3447265625
2011-01-18,286.9288330078125
2011-01-19,286.9705505371094
2011-01-20,283.5130920410156
2011-01-21,279.97222900390625
2011-01-24,277.5144958496094
2011-01-25,281.3885498046875
2011-01-27,271.3077087402344
2011-01-28,272.6407165527344
2011-01-31,265.76739501953125
2011-02-01,264.1845397949219
2011-02-02,268.93328857421875
2011-02-03,283.0964660644531
2011-02-04,277.0146179199219
2011-02-07,278.13934326171875
2011-02-08,277.6811218261719
2011-02-09,276.7230224609375
2011-02-10,268.7667236328125
2011-02-11,265.6841125488281
2011-02-14,272.7239990234375
2011-02-15,274.2237243652344
2011-02-16,273.5988464355469
2011-02-17,283.1380920410156
2011-02-18,276.0565185546875
2011-02-21,275.5150146484375
2011-02-22,275.348388671875
2011-02-23,273.4322204589844
2011-02-24,270.26629638671875
2011-02-25,274.7236022949219
2011-02-28,276.01483154296875
2011-03-01,281.2636108398437
2011-03-03,275.0567626953125
2011-03-04,272.39080810546875
2011-03-07,270.3079833984375
2011-03-08,278.9725036621094
2011-03-09,277.0146179199219
2011-03-10,274.5152587890625
2011-03-11,268.7250671386719
2011-03-14,268.0585632324219
2011-03-15,261.7267761230469
2011-03-16,266.9755249023437
2011-03-17,264.8094482421875
2011-03-18,265.4758605957031
2011-03-21,264.01788330078125
2011-03-22,272.09918212890625
2011-03-23,275.43170166015625
2011-03-24,277.6395263671875
2011-03-25,283.0132141113281
2011-03-28,289.76141357421875
2011-03-29,300.4255065917969
2011-03-30,299.42578125
2011-03-31,297.759521484375
2011-04-01,296.00994873046875
2011-04-04,299.3841552734375
2011-04-05,300.13385009765625
2011-04-06,294.3436584472656
2011-04-07,297.4263000488281
2011-04-08,301.5086364746094
2011-04-11,301.9668273925781
2011-04-13,306.1324462890625
2011-04-15,310.2564392089844
2011-04-18,306.840576171875
2011-04-19,313.6305236816406
2011-04-20,317.0464172363281
2011-04-21,313.4639892578125
2011-04-25,312.79742431640625
2011-04-26,317.9211730957031
2011-04-27,320.87872314453125
2011-04-28,322.2117614746094
2011-04-29,316.6297912597656
2011-05-02,319.6707458496094
2011-05-03,311.96435546875
2011-05-04,308.0486145019531
2011-05-05,298.1760559082031
2011-05-06,292.3858337402344
2011-05-09,304.2579345703125
2011-05-10,304.8827209472656
2011-05-11,305.0910339355469
2011-05-12,304.67449951171875
2011-05-13,306.38238525390625
2011-05-16,309.25665283203125
2011-05-17,308.84014892578125
2011-05-18,309.8815612792969
2011-05-19,304.7577514648437
2011-05-20,311.4644775390625
2011-05-23,306.9654846191406
2011-05-24,308.7567443847656
2011-05-25,307.9653015136719
2011-05-26,306.0074462890625
2011-05-27,310.6729736328125
2011-05-30,309.4649353027344
2011-05-31,311.7143859863281
2011-06-01,317.9211730957031
2011-06-02,317.5462951660156
2011-06-03,315.2968139648437
2011-06-06,316.5881652832031
2011-06-07,314.7969055175781
2011-06-08,314.713623046875
2011-06-09,313.7138977050781
2011-06-10,311.5477294921875
2011-06-13,314.588623046875
2011-06-14,316.00494384765625
2011-06-15,313.88043212890625
2011-06-16,307.9653015136719
2011-06-17,317.0464172363281
2011-06-20,324.7944641113281
2011-06-21,326.25244140625
2011-06-22,318.0878295898437
2011-06-23,318.3794250488281
2011-06-24,326.5023498535156
2011-06-27,329.91827392578125
2011-06-28,333.5005798339844
2011-06-29,334.4587097167969
2011-06-30,329.00177001953125
2011-07-01,319.46246337890625
2011-07-04,320.1706237792969
2011-07-05,318.46270751953125
2011-07-06,319.4207763671875
2011-07-07,331.5844116210937
2011-07-08,331.7093505859375
2011-07-11,325.9608459472656
2011-07-12,322.3367614746094
2011-07-13,329.00177001953125
2011-07-14,330.3764343261719
2011-07-15,327.3771667480469
2011-07-18,327.50213623046875
2011-07-19,331.9593505859375
2011-07-20,329.376708984375
2011-07-21,329.1683959960937
2011-07-22,342.5400085449219
2011-07-25,360.4523315429688
2011-07-26,353.7456970214844
2011-07-27,357.8695678710937
2011-07-28,358.91094970703125
2011-07-29,364.28466796875
2011-08-01,367.7005920410156
2011-08-02,360.2440185546875
2011-08-03,355.1202697753906
2011-08-04,353.2874450683594
2011-08-05,346.4140930175781
2011-08-08,340.20733642578125
2011-08-09,339.2908630371094
2011-08-10,338.9576110839844
2011-08-11,330.8345947265625
2011-08-12,324.1695251464844
2011-08-16,329.793212890625
2011-08-17,331.0878601074219
2011-08-18,326.6611633300781
2011-08-19,320.43853759765625
2011-08-22,327.9974670410156
2011-08-23,335.4310913085937
2011-08-24,332.1736145019531
2011-08-25,336.0157470703125
2011-08-26,332.9671325683594
2011-08-29,338.3126220703125
2011-08-30,337.97857666015625
2011-09-02,341.2778015136719
2011-09-05,338.7301940917969
2011-09-06,332.633056640625
2011-09-07,335.47283935546875
2011-09-08,333.67706298828125
2011-09-09,334.2200012207031
2011-09-12,322.234375
2011-09-13,318.6845397949219
2011-09-14,315.1766052246094
2011-09-15,323.3201599121094
2011-09-16,322.234375
2011-09-19,323.111328125
2011-09-20,326.9117126464844
2011-09-21,328.456787109375
2011-09-22,311.3763122558594
2011-09-23,313.2137451171875
2011-09-26,318.14166259765625
2011-09-27,323.7377624511719
2011-09-28,316.76348876953125
2011-09-29,313.5478210449219
2011-09-30,315.7194519042969
2011-10-03,318.1834716796875
2011-10-04,308.9541015625
2011-10-05,305.7801818847656
2011-10-07,296.34197998046875
2011-10-10,303.6503295898437
2011-10-11,313.2137451171875
2011-10-12,311.7104187011719
2011-10-13,308.9541015625
2011-10-14,320.43853759765625
2011-10-17,317.4317626953125
2011-10-18,312.4620666503906
2011-10-19,321.3573608398437
2011-10-20,325.7840576171875
2011-10-21,315.7194519042969
2011-10-24,319.89569091796875
2011-10-25,324.4476928710937
2011-10-28,327.37109375
2011-10-31,327.2457275390625
2011-11-01,329.5426940917969
2011-11-02,321.1067810058594
2011-11-03,328.5821533203125
2011-11-04,331.839599609375
2011-11-08,331.7142944335937
2011-11-09,330.1272888183594
2011-11-11,330.4196472167969
2011-11-14,338.4379272460937
2011-11-15,335.4310913085937
2011-11-16,335.4310913085937
2011-11-17,330.4613952636719
2011-11-18,332.00665283203125
2011-11-21,324.4476928710937
2011-11-22,316.3041076660156
2011-11-23,304.6943664550781
2011-11-24,316.3041076660156
2011-11-25,313.3390808105469
2011-11-28,323.6542358398437
2011-11-29,312.1279602050781
2011-11-30,322.48486328125
2011-12-01,316.6382141113281
2011-12-02,326.2434997558594
2011-12-05,326.15997314453125
2011-12-07,315.1766052246094
2011-12-08,306.7406921386719
2011-12-09,299.5994567871094
2011-12-12,285.9015808105469
2011-12-13,288.8666687011719
2011-12-14,291.3305358886719
2011-12-15,281.1824645996094
2011-12-16,281.0989685058594
2011-12-19,280.9736328125
2011-12-20,269.9903259277344
2011-12-21,285.2333679199219
2011-12-22,279.9714050292969
2011-12-23,276.1710510253906
2011-12-26,287.9478759765625
2011-12-27,286.5697021484375
2011-12-28,287.0708923339844
2011-12-29,284.77398681640625
2011-12-30,286.9038391113281
2012-01-02,287.9897155761719
2012-01-03,299.5576477050781
2012-01-04,289.2842102050781
2012-01-05,287.6555480957031
2012-01-06,276.08746337890625
2012-01-09,267.651611328125
2012-01-10,275.9205017089844
2012-01-11,271.9948425292969
2012-01-12,272.6630249023437
2012-01-13,279.4701843261719
2012-01-16,283.9804992675781
2012-01-17,288.19842529296875
2012-01-18,288.53253173828125
2012-01-19,284.60693359375
2012-01-20,285.9433288574219
2012-01-23,294.128662109375
2012-01-24,297.88720703125
2012-01-25,300.1006164550781
2012-01-27,312.8796691894531
2012-01-30,298.3047790527344
2012-01-31,305.4460754394531
2012-02-01,301.7710876464844
2012-02-02,322.2760925292969
2012-02-03,323.7377624511719
2012-02-06,324.9488525390625
2012-02-07,316.3459167480469
2012-02-08,295.6738586425781
2012-02-09,292.4163513183594
2012-02-10,292.2910461425781
2012-02-13,290.41180419921875
2012-02-14,285.9433288574219
2012-02-15,291.9987487792969
2012-02-16,292.625244140625
2012-02-17,291.9987487792969
2012-02-21,299.7665100097656
2012-02-22,290.2030029296875
2012-02-23,282.8946838378906
2012-02-24,286.1521301269531
2012-02-27,284.77398681640625
2012-02-28,286.69500732421875
2012-02-29,292.4999084472656
2012-03-01,289.2425231933594
2012-03-02,292.6669311523437
2012-03-05,291.5393981933594
2012-03-06,280.2637023925781
2012-03-07,275.33575439453125
2012-03-09,283.0199279785156
2012-03-12,283.2288513183594
2012-03-13,283.18707275390625
2012-03-14,282.4770202636719
2012-03-15,277.0062866210937
2012-03-16,273.581787109375
2012-03-19,271.6189880371094
2012-03-20,269.5726013183594
2012-03-21,278.0085754394531
2012-03-22,270.5331726074219
2012-03-23,280.6395874023437
2012-03-26,274.6676025390625
2012-03-27,282.8946838378906
2012-03-28,282.1011962890625
2012-03-29,277.42388916015625
2012-03-30,282.2265014648437
2012-04-02,284.23101806640625
2012-04-03,281.3077697753906
2012-04-04,275.711669921875
2012-04-09,275.4193115234375
2012-04-10,275.5028686523437
2012-04-11,268.9462280273437
2012-04-12,270.6167297363281
2012-04-13,270.1990966796875
2012-04-16,264.811767578125
2012-04-17,269.19677734375
2012-04-18,268.48687744140625
2012-04-19,270.3244323730469
2012-04-20,270.9090576171875
2012-04-23,261.0115051269531
2012-04-24,256.71002197265625
2012-04-25,261.4291076660156
2012-04-26,257.5035095214844
2012-04-27,256.75177001953125
2012-04-30,259.3410339355469
2012-05-02,265.5634765625
2012-05-03,263.0995788574219
2012-05-04,260.3850402832031
2012-05-07,263.9766540527344
2012-05-08,263.43365478515625
2012-05-09,258.4222717285156
2012-05-10,259.0069885253906
2012-05-11,256.584716796875
2012-05-14,257.0440979003906
2012-05-15,254.03729248046875
2012-05-16,248.52471923828125
2012-05-17,249.48521423339844
2012-05-18,247.689453125
2012-05-21,246.18603515625
2012-05-22,246.52012634277344
2012-05-23,235.6202850341797
2012-05-24,248.7335205078125
2012-05-25,249.7775115966797
2012-05-28,252.5338134765625
2012-05-29,250.571029663086
2012-05-30,252.4503326416016
2012-05-31,252.70086669921875
2012-06-01,251.28094482421875
2012-06-04,246.0189819335937
2012-06-05,239.8800048828125
2012-06-06,248.31591796875
2012-06-07,251.8238220214844
2012-06-08,254.12078857421875
2012-06-11,253.9537811279297
2012-06-12,257.8793640136719
2012-06-13,256.66827392578125
2012-06-14,255.5406951904297
2012-06-15,260.34326171875
2012-06-18,258.25518798828125
2012-06-19,263.057861328125
2012-06-20,259.2157592773437
2012-06-21,260.3015441894531
2012-06-22,259.6751403808594
2012-06-25,257.9628601074219
2012-06-26,255.5823974609375
2012-06-27,254.62188720703125
2012-06-28,253.5778961181641
2012-06-29,254.7890014648437
2012-07-02,259.0904846191406
2012-07-03,266.1899108886719
2012-07-04,273.0806884765625
2012-07-05,270.7002258300781
2012-07-06,268.3615417480469
2012-07-09,264.56121826171875
2012-07-10,268.4450988769531
2012-07-11,263.7259826660156
2012-07-12,255.83302307128903
2012-07-13,257.2111511230469
2012-07-16,266.89990234375
2012-07-17,270.7419738769531
2012-07-18,271.1178283691406
2012-07-19,264.39410400390625
2012-07-20,262.8072204589844
2012-07-23,254.12078857421875
2012-07-24,257.7122802734375
2012-07-25,251.1556701660156
2012-07-26,250.9886169433593
2012-07-27,256.7935485839844
2012-07-30,258.2134704589844
2012-07-31,250.61276245117188
2012-08-01,248.48297119140625
2012-08-02,249.10934448242188
2012-08-03,247.647705078125
2012-08-06,247.39715576171875
2012-08-07,245.39260864257807
2012-08-08,229.147201538086
2012-08-09,214.4470367431641
2012-08-10,213.48651123046875
2012-08-13,217.20333862304688
2012-08-14,217.8297271728516
2012-08-16,217.9974365234375
2012-08-17,219.92588806152344
2012-08-21,216.7816619873047
2012-08-22,208.48101806640625
2012-08-23,208.7744598388672
2012-08-24,207.8940887451172
2012-08-27,208.9002227783203
2012-08-28,208.6067810058593
2012-08-29,203.15684509277344
2012-08-30,203.6179962158203
2012-08-31,207.76834106445312
2012-09-03,206.9718170166016
2012-09-04,209.4033203125
2012-09-05,216.19479370117188
2012-09-06,211.3736724853516
2012-09-07,214.6436309814453
2012-09-10,218.8778076171875
2012-09-11,219.33897399902344
2012-09-12,218.6262664794922
2012-09-13,212.5894012451172
2012-09-14,213.8890380859375
2012-09-17,221.98008728027344
2012-09-18,224.87274169921875
2012-09-20,224.9146881103516
2012-09-21,234.1376342773437
2012-09-24,233.9280242919922
2012-09-25,231.0773162841797
2012-09-26,222.3573760986328
2012-09-27,219.17127990722656
2012-09-28,222.5669860839844
2012-10-01,222.23162841796875
2012-10-03,222.44122314453125
2012-10-04,226.17233276367188
2012-10-05,222.81854248046875
2012-10-08,226.7592620849609
2012-10-09,222.44122314453125
2012-10-10,219.7162628173828
2012-10-11,224.11813354492188
2012-10-12,218.2908630371093
2012-10-15,221.3931427001953
2012-10-16,224.4116058349609
2012-10-17,226.8430938720703
2012-10-18,222.9442901611328
2012-10-19,223.95046997070312
2012-10-22,227.9749755859375
2012-10-23,227.38804626464844
2012-10-25,226.08848571777344
2012-10-29,226.2142333984375
2012-10-30,226.5496520996093
2012-10-31,226.08848571777344
2012-11-01,235.73065185546875
2012-11-02,230.5323028564453
2012-11-05,229.3165435791016
2012-11-06,229.52615356445312
2012-11-07,227.30422973632807
2012-11-08,232.2930603027344
2012-11-09,231.24497985839844
2012-11-12,234.76646423339844
2012-11-15,243.40252685546875
2012-11-16,252.7092437744141
2012-11-19,259.5008239746094
2012-11-20,259.0815734863281
2012-11-21,257.7400817871094
2012-11-22,258.075439453125
2012-11-23,256.10504150390625
2012-11-26,260.1296081542969
2012-11-27,273.9221496582031
2012-11-29,276.9825439453125
2012-11-30,282.5582580566406
2012-12-03,277.6532897949219
2012-12-04,278.74322509765625
2012-12-05,277.0244445800781
2012-12-06,272.2452697753906
2012-12-07,270.3587341308594
2012-12-10,266.54376220703125
2012-12-11,263.4415588378906
2012-12-12,261.5131225585937
2012-12-13,266.4599304199219
2012-12-14,261.9742431640625
2012-12-17,251.9967041015625
2012-12-18,262.770751953125
2012-12-19,264.9927062988281
2012-12-20,265.7053527832031
2012-12-21,257.6981201171875
2012-12-24,258.7461242675781
2012-12-26,266.12457275390625
2012-12-27,267.17266845703125
2012-12-28,267.508056640625
2012-12-31,265.873046875
2013-01-01,270.0653076171875
2013-01-02,269.1849365234375
2013-01-03,275.01220703125
2013-01-04,274.1737060546875
2013-01-07,274.0060729980469
2013-01-08,276.9405517578125
2013-01-09,279.8332214355469
2013-01-10,276.73101806640625
2013-01-11,272.6644592285156
2013-01-14,275.5990600585937
2013-01-15,289.4335327148437
2013-01-16,287.5050354003906
2013-01-17,296.3927001953125
2013-01-18,292.4938659667969
2013-01-21,298.11151123046875
2013-01-22,294.841552734375
2013-01-23,308.0052795410156
2013-01-24,303.4356689453125
2013-01-25,302.2618713378906
2013-01-28,299.6206970214844
2013-01-29,293.0388488769531
2013-01-30,288.9304504394531
2013-01-31,284.7381896972656
2013-02-01,276.1860046386719
2013-02-04,277.5693664550781
2013-02-05,272.2872009277344
2013-02-06,273.8383178710937
2013-02-07,268.3883972167969
2013-02-08,269.8137512207031
2013-02-11,265.11834716796875
2013-02-12,270.23297119140625
2013-02-13,273.2933349609375
2013-02-14,261.3453674316406
2013-02-15,265.4956970214844
2013-02-18,263.02227783203125
2013-02-19,257.8657531738281
2013-02-20,254.88931274414065
2013-02-21,248.3493804931641
2013-02-22,259.6265563964844
2013-02-25,257.4046630859375
2013-02-26,261.42926025390625
2013-02-27,269.7718200683594
2013-02-28,270.7360534667969
2013-03-01,260.84228515625
2013-03-04,264.9927062988281
2013-03-05,270.0653076171875
2013-03-06,268.681884765625
2013-03-07,268.5141296386719
2013-03-08,270.7360534667969
2013-03-11,269.4364624023437
2013-03-12,263.7350158691406
2013-03-13,266.04071044921875
2013-03-14,263.77685546875
2013-03-15,260.1716003417969
2013-03-18,257.82379150390625
2013-03-19,246.0017547607422
2013-03-20,234.8083953857422
2013-03-21,249.7747802734375
2013-03-22,246.5467834472656
2013-03-25,241.97715759277344
2013-03-26,248.93630981445312
2013-03-28,244.6182861328125
2013-04-01,246.21131896972656
2013-04-02,244.66018676757807
2013-04-03,235.43722534179688
2013-04-04,229.4003753662109
2013-04-05,226.59158325195312
2013-04-08,235.26954650878903
2013-04-09,232.2510986328125
2013-04-10,236.14991760253903
2013-04-11,230.741928100586
2013-04-12,229.3165435791016
2013-04-15,234.4729766845703
2013-04-16,238.958740234375
2013-04-17,239.83908081054688
2013-04-18,251.2420196533203
2013-04-22,252.1643524169922
2013-04-23,251.0743560791016
2013-04-25,254.76348876953125
2013-04-26,267.0049133300781
2013-04-29,266.7953796386719
2013-04-30,267.2565002441406
2013-05-02,265.5796203613281
2013-05-03,266.3760986328125
2013-05-06,268.7237243652344
2013-05-07,277.6951904296875
2013-05-08,271.8260498046875
2013-05-09,272.4967956542969
2013-05-10,271.8679504394531
2013-05-13,261.3872985839844
2013-05-14,265.998779296875
2013-05-15,270.52642822265625
2013-05-16,269.56219482421875
2013-05-17,264.57342529296875
2013-05-20,258.075439453125
2013-05-21,255.26661682128903
2013-05-22,261.6388244628906
2013-05-23,252.5545196533203
2013-05-24,251.0824584960937
2013-05-27,260.0406188964844
2013-05-28,264.79315185546875
2013-05-29,264.9613647460937
2013-05-30,265.2978210449219
2013-05-31,253.98439025878903
2013-06-03,255.2040863037109
2013-06-04,255.8769378662109
2013-06-05,254.4049530029297
2013-06-06,248.22254943847656
2013-06-07,242.502685546875
2013-06-10,238.6755523681641
2013-06-11,234.42774963378903
2013-06-12,233.62863159179688
2013-06-13,241.998046875
2013-06-14,243.47007751464844
2013-06-17,248.9795837402344
2013-06-18,245.57293701171875
2013-06-19,251.96568298339844
2013-06-20,242.92333984375
2013-06-21,245.57293701171875
2013-06-24,238.4231872558593
2013-06-25,248.3907623291016
2013-06-26,233.5865936279297
2013-06-27,236.152084350586
2013-06-28,245.4047088623047
2013-07-01,249.10574340820312
2013-07-02,254.74148559570312
2013-07-03,247.75991821289065
2013-07-04,253.3114471435547
2013-07-05,248.85337829589844
2013-07-08,246.9608154296875
2013-07-09,245.320556640625
2013-07-10,244.016830444336
2013-07-11,252.38619995117188
2013-07-12,256.9704895019531
2013-07-15,264.498779296875
2013-07-16,270.0923767089844
2013-07-17,265.8446044921875
2013-07-18,272.2373046875
2013-07-19,277.4524230957031
2013-07-22,282.7095642089844
2013-07-23,277.6627197265625
2013-07-24,283.8031005859375
2013-07-25,283.5507507324219
2013-07-26,283.6348876953125
2013-07-29,280.94317626953125
2013-07-30,270.0923767089844
2013-07-31,289.77520751953125
2013-08-01,288.7237854003906
2013-08-02,290.4060363769531
2013-08-05,282.9198303222656
2013-08-06,271.6064453125
2013-08-07,274.4242553710937
2013-08-08,283.7189636230469
2013-08-12,287.5041198730469
2013-08-13,291.3734436035156
2013-08-14,288.76580810546875
2013-08-16,282.3310241699219
2013-08-19,267.1483154296875
2013-08-20,267.8633117675781
2013-08-21,251.2927398681641
2013-08-22,263.279052734375
2013-08-23,259.8724365234375
2013-08-26,258.2743225097656
2013-08-27,247.213119506836
2013-08-28,242.0821533203125
2013-08-29,251.7974395751953
2013-08-30,251.58712768554688
2013-09-02,252.5964508056641
2013-09-03,239.7269592285156
2013-09-04,249.9889373779297
2013-09-05,249.14781188964844
2013-09-06,263.90997314453125
2013-09-10,284.6021728515625
2013-09-11,281.8684997558594
2013-09-12,276.40093994140625
2013-09-13,274.00372314453125
2013-09-16,282.4151916503906
2013-09-17,283.7189636230469
2013-09-18,283.9713439941406
2013-09-19,298.0184936523437
2013-09-20,289.5228576660156
2013-09-23,281.9104919433594
2013-09-24,277.8309020996094
2013-09-25,282.6254577636719
2013-09-26,281.5740051269531
2013-09-27,273.6251525878906
2013-09-30,268.0315246582031
2013-10-01,271.3540954589844
2013-10-03,272.7840576171875
2013-10-04,276.1906433105469
2013-10-07,271.9009094238281
2013-10-08,279.3450012207031
2013-10-09,281.0693359375
2013-10-10,280.01788330078125
2013-10-11,281.4057922363281
2013-10-14,280.1861267089844
2013-10-15,285.2330322265625
2013-10-17,293.2659606933594
2013-10-18,300.0792541503906
2013-10-21,296.88287353515625
2013-10-22,296.21002197265625
2013-10-23,292.5931091308594
2013-10-24,294.10711669921875
2013-10-25,288.93408203125
2013-10-28,285.4853820800781
2013-10-29,286.9994506835937
2013-10-30,302.8130187988281
2013-10-31,308.7850952148437
2013-11-01,308.8692932128906
2013-11-05,302.4765319824219
2013-11-06,299.1119689941406
2013-11-07,292.9295349121094
2013-11-08,289.3546142578125
2013-11-11,286.8312072753906
2013-11-12,284.09747314453125
2013-11-13,279.6814270019531
2013-11-14,285.90594482421875
2013-11-18,290.4060363769531
2013-11-19,295.74737548828125
2013-11-20,289.69110107421875
2013-11-21,284.8544921875
2013-11-22,282.5413513183594
2013-11-25,282.7516784667969
2013-11-26,275.0971984863281
2013-11-27,270.76531982421875
2013-11-28,272.1952209472656
2013-11-29,275.0551452636719
2013-12-02,279.7655334472656
2013-12-03,278.41973876953125
2013-12-04,279.4711608886719
2013-12-05,282.0787353515625
2013-12-06,279.59735107421875
2013-12-09,282.9198303222656
2013-12-10,281.9945678710937
2013-12-11,275.9804077148437
2013-12-12,272.1952209472656
2013-12-13,269.88214111328125
2013-12-16,263.5734558105469
2013-12-17,275.3494873046875
2013-12-18,275.6860046386719
2013-12-19,272.1531677246094
2013-12-20,275.81219482421875
2013-12-23,276.1065673828125
2013-12-24,273.9195556640625
2013-12-26,277.20001220703125
2013-12-27,276.90557861328125
2013-12-30,277.2842102050781
2013-12-31,277.788818359375
2014-01-01,284.09747314453125
2014-01-02,276.485107421875
2014-01-03,277.0318908691406
2014-01-06,277.0318908691406
2014-01-07,279.0085144042969
2014-01-08,279.59735107421875
2014-01-09,277.2420654296875
2014-01-10,278.04119873046875
2014-01-13,278.41973876953125
2014-01-14,275.85418701171875
2014-01-15,278.8402709960937
2014-01-16,265.4239807128906
2014-01-17,261.5126647949219
2014-01-20,259.5360107421875
2014-01-21,256.4657897949219
2014-01-22,260.5453796386719
2014-01-23,264.6670227050781
2014-01-24,263.4052429199219
2014-01-27,258.1481018066406
2014-01-28,257.3911437988281
2014-01-29,253.9423828125
2014-01-30,259.6200866699219
2014-01-31,264.9613647460937
2014-02-03,257.264892578125
2014-02-04,266.0127868652344
2014-02-05,264.3725280761719
2014-02-06,265.0455017089844
2014-02-07,265.4239807128906
2014-02-10,258.2322082519531
2014-02-11,256.21343994140625
2014-02-12,259.03131103515625
2014-02-13,254.7834625244141
2014-02-14,256.8863525390625
2014-02-17,256.2554931640625
2014-02-18,254.23670959472656
2014-02-19,254.4890594482422
2014-02-20,249.73660278320312
2014-02-21,242.37657165527344
2014-02-24,237.8764495849609
2014-02-25,241.4933624267578
2014-02-26,242.41864013671875
2014-02-28,241.9139404296875
2014-03-03,241.1148376464844
2014-03-04,241.7036590576172
2014-03-05,237.8343811035156
2014-03-06,240.4419403076172
2014-03-07,253.9423828125
2014-03-10,256.676025390625
2014-03-11,254.90966796875
2014-03-12,252.4703063964844
2014-03-13,253.1012115478516
2014-03-14,248.138427734375
2014-03-18,248.22254943847656
2014-03-19,252.0918731689453
2014-03-20,248.5589904785156
2014-03-21,245.99351501464844
2014-03-24,247.2552185058593
2014-03-25,248.0122528076172
2014-03-26,251.1244659423828
2014-03-27,261.3444519042969
2014-03-28,266.9801025390625
2014-03-31,267.2745361328125
2014-04-01,265.2558288574219
2014-04-02,274.0878601074219
2014-04-03,269.7559509277344
2014-04-04,265.970703125
2014-04-07,267.022216796875
2014-04-09,269.2512512207031
2014-04-10,268.95684814453125
2014-04-11,271.0596923828125
2014-04-15,273.58306884765625
2014-04-16,272.2793273925781
2014-04-17,273.8354797363281
2014-04-21,281.6160888671875
2014-04-22,281.9945678710937
2014-04-23,284.9806823730469
2014-04-24,284.9806823730469
2014-04-25,287.41998291015625
2014-04-28,284.01336669921875
2014-04-29,281.7843017578125
2014-04-30,275.9383239746094
2014-05-02,273.8775634765625
2014-05-05,269.4194641113281
2014-05-06,264.877197265625
2014-05-07,261.5967712402344
2014-05-08,259.0733947753906
2014-05-09,260.2929992675781
2014-05-12,267.1063232421875
2014-05-13,268.4941711425781
2014-05-14,271.8587951660156
2014-05-15,270.3446960449219
2014-05-16,278.20947265625
2014-05-19,284.4759826660156
2014-05-20,292.3406982421875
2014-05-21,285.4012451171875
2014-05-22,279.7655334472656
2014-05-23,289.0602111816406
2014-05-26,285.5694580078125
2014-05-27,282.5413513183594
2014-05-28,287.3358459472656
2014-05-29,283.92926025390625
2014-05-30,289.43878173828125
2014-06-02,304.15887451171875
2014-06-03,302.9812316894531
2014-06-04,297.6820373535156
2014-06-05,298.7755432128906
2014-06-06,299.3642883300781
2014-06-09,299.7848815917969
2014-06-10,304.1168212890625
2014-06-11,298.90167236328125
2014-06-12,287.67236328125
2014-06-13,280.3544006347656
2014-06-16,279.8076477050781
2014-06-17,284.51806640625
2014-06-18,286.20037841796875
2014-06-19,284.4339294433594
2014-06-20,284.9385986328125
2014-06-23,287.2938537597656
2014-06-24,286.78912353515625
2014-06-25,283.4666442871094
2014-06-26,284.686279296875
2014-06-27,279.0085144042969
2014-06-30,283.3825378417969
2014-07-01,282.2049255371094
2014-07-02,284.4339294433594
2014-07-03,283.4245910644531
2014-07-04,285.35919189453125
2014-07-07,289.7331848144531
2014-07-08,286.45269775390625
2014-07-09,287.2518005371094
2014-07-10,280.9852600097656
2014-07-11,282.2049255371094
2014-07-14,279.3450012207031
2014-07-15,281.4057922363281
2014-07-16,282.7936706542969
2014-07-17,283.1301574707031
2014-07-18,282.83575439453125
2014-07-21,283.6348876953125
2014-07-22,297.8923034667969
2014-07-23,298.0605163574219
2014-07-24,298.2707214355469
2014-07-25,298.4389953613281
2014-07-28,297.7240600585937
2014-07-30,313.8740539550781
2014-07-31,313.663818359375
2014-08-01,319.67803955078125
2014-08-04,317.02838134765625
2014-08-05,315.21990966796875
2014-08-06,309.24774169921875
2014-08-07,307.6916809082031
2014-08-08,314.5890808105469
2014-08-11,316.6498413085937
2014-08-12,311.182373046875
2014-08-13,310.046875
2014-08-14,307.18701171875
2014-08-18,316.523681640625
2014-08-19,317.2386779785156
2014-08-20,315.0517272949219
2014-08-21,315.0346984863281
2014-08-22,309.9411926269531
2014-08-25,313.3368530273437
2014-08-26,313.7613220214844
2014-08-27,313.25201416015625
2014-08-28,313.93115234375
2014-09-01,319.02459716796875
2014-09-02,332.4375915527344
2014-09-03,343.388671875
2014-09-04,343.388671875
2014-09-05,340.5023193359375
2014-09-08,342.7519836425781
2014-09-09,344.7469482421875
2014-09-10,346.147705078125
2014-09-11,344.7044677734375
2014-09-12,351.4534912109375
2014-09-15,349.37359619140625
2014-09-16,350.0101928710937
2014-09-17,351.75054931640625
2014-09-18,353.0664367675781
2014-09-19,352.25994873046875
2014-09-22,352.4296875
2014-09-23,345.0865173339844
2014-09-24,342.2426452636719
2014-09-25,344.874267578125
2014-09-26,343.8555908203125
2014-09-29,342.3275451660156
2014-09-30,343.98291015625
2014-10-01,342.2851257324219
2014-10-07,342.4548645019531
2014-10-08,339.3139343261719
2014-10-09,343.770751953125
2014-10-10,333.0318908691406
2014-10-13,332.3951721191406
2014-10-14,338.210205078125
2014-10-15,338.210205078125
2014-10-16,329.5088195800781
2014-10-17,336.1303405761719
2014-10-20,341.0116271972656
2014-10-21,348.6095275878906
2014-10-22,347.5908508300781
2014-10-27,351.9203491210937
2014-10-28,346.105224609375
2014-10-29,343.8980407714844
2014-10-30,345.9354248046875
2014-10-31,338.6347045898437
2014-11-03,335.9606628417969
2014-11-05,326.45263671875
2014-11-07,331.8009033203125
2014-11-10,332.1404724121094
2014-11-11,326.834716796875
2014-11-12,328.7872314453125
2014-11-13,331.8433532714844
2014-11-14,329.6786193847656
2014-11-17,333.7958984375
2014-11-18,339.14404296875
2014-11-19,341.0541687011719
2014-11-20,337.6584167480469
2014-11-21,340.8843688964844
2014-11-24,339.10162353515625
2014-11-25,342.6246337890625
2014-11-26,333.9231872558594
2014-11-27,327.17431640625
2014-11-28,324.5426025390625
2014-12-01,320.7225036621094
2014-12-02,326.2828674316406
2014-12-03,321.2318115234375
2014-12-04,314.0159912109375
2014-12-05,312.2332458496094
2014-12-08,313.8887023925781
2014-12-09,300.64556884765625
2014-12-10,299.9239196777344
2014-12-11,291.4346618652344
2014-12-12,295.3822021484375
2014-12-15,297.080078125
2014-12-16,297.1648864746094
2014-12-17,290.3735656738281
2014-12-18,295.5943603515625
2014-12-19,291.26495361328125
2014-12-22,296.1037292480469
2014-12-23,301.5368957519531
2014-12-24,299.754150390625
2014-12-26,300.7728881835937
2014-12-29,298.1411437988281
2014-12-30,296.9102478027344
2014-12-31,299.41455078125
2015-01-01,308.07354736328125
2015-01-02,309.8987121582031
2015-01-05,303.0224609375
2015-01-06,300.64556884765625
2015-01-07,301.36700439453125
2015-01-08,306.58795166015625
2015-01-09,302.0462341308594
2015-01-12,296.2311096191406
2015-01-13,293.9814453125
2015-01-14,293.5569152832031
2015-01-15,296.5706481933594
2015-01-16,291.0526733398437
2015-01-19,297.50445556640625
2015-01-20,301.2822265625
2015-01-21,313.25201416015625
2015-01-22,314.100830078125
2015-01-23,326.0707092285156
2015-01-27,334.64483642578125
2015-01-28,317.1570129394531
2015-01-29,319.02459716796875
2015-01-30,317.241943359375
2015-02-02,305.0174865722656
2015-02-03,315.4167175292969
2015-02-04,313.2095642089844
2015-02-05,309.60162353515625
2015-02-06,312.61529541015625
2015-02-09,302.3008728027344
2015-02-10,302.3433532714844
2015-02-11,302.3008728027344
2015-02-12,299.41455078125
2015-02-13,301.36700439453125
2015-02-16,306.7577514648437
2015-02-18,298.8202819824219
2015-02-19,302.81024169921875
2015-02-20,296.5706481933594
2015-02-23,294.8304138183594
2015-02-24,290.3735656738281
2015-02-25,295.9339599609375
2015-02-26,296.5706481933594
2015-02-27,301.5368957519531
2015-03-02,296.3160095214844
2015-03-03,296.4857788085937
2015-03-04,298.18365478515625
2015-03-05,295.3397827148437
2015-03-09,291.5620422363281
2015-03-10,312.360595703125
2015-03-11,330.697265625
2015-03-12,337.700927734375
2015-03-13,339.78076171875
2015-03-16,329.72100830078125
2015-03-17,328.1505432128906
2015-03-18,324.5002136230469
2015-03-19,324.2454528808594
2015-03-20,322.80230712890625
2015-03-23,325.34912109375
2015-03-24,334.3476867675781
2015-03-25,335.32391357421875
2015-03-26,339.2713928222656
2015-03-27,319.6188659667969
2015-03-30,330.57000732421875
2015-03-31,333.8807373046875
2015-04-01,341.52105712890625
2015-04-06,340.2476806640625
2015-04-07,343.60089111328125
2015-04-08,355.8254089355469
2015-04-09,345.6807861328125
2015-04-10,349.713134765625
2015-04-13,361.3858642578125
2015-04-15,352.4296875
2015-04-16,354.8490905761719
2015-04-17,344.6195983886719
2015-04-20,341.52105712890625
2015-04-21,338.1253662109375
2015-04-22,339.0592041015625
2015-04-23,339.441162109375
2015-04-24,338.84698486328125
2015-04-27,331.92822265625
2015-04-28,340.2052307128906
2015-04-29,328.8296813964844
2015-04-30,323.5239562988281
2015-05-04,333.54119873046875
2015-05-05,328.57501220703125
2015-05-06,331.2491149902344
2015-05-07,334.1778564453125
2015-05-08,337.8282470703125
2015-05-11,336.3426208496094
2015-05-12,332.3951721191406
2015-05-13,324.7548828125
2015-05-14,327.68365478515625
2015-05-15,332.7771301269531
2015-05-18,337.40380859375
2015-05-19,337.8706359863281
2015-05-20,340.0354309082031
2015-05-21,336.55487060546875
2015-05-22,335.2390441894531
2015-05-25,339.483642578125
2015-05-26,340.0354309082031
2015-05-27,346.99658203125
2015-05-28,342.1153259277344
2015-05-29,361.3009338378906
2015-06-01,353.6606140136719
2015-06-02,354.9340515136719
2015-06-03,357.14117431640625
2015-06-04,353.4908447265625
2015-06-05,352.81170654296875
2015-06-08,348.52471923828125
2015-06-09,346.31744384765625
2015-06-10,352.34478759765625
2015-06-11,348.52471923828125
2015-06-12,352.1325988769531
2015-06-15,351.15625
2015-06-16,351.7081604003906
2015-06-17,358.4994812011719
2015-06-18,362.0224304199219
2015-06-19,368.431884765625
2015-06-22,360.3670959472656
2015-06-23,365.2909240722656
2015-06-24,360.7491149902344
2015-06-25,362.2346801757813
2015-06-26,354.8067321777344
2015-06-29,351.3685607910156
2015-06-30,356.58941650390625
2015-07-01,360.3246765136719
2015-07-02,367.7102661132813
2015-07-03,369.36566162109375
2015-07-06,367.6678771972656
2015-07-07,366.6066589355469
2015-07-08,365.2909240722656
2015-07-09,368.3469543457031
2015-07-10,355.9526672363281
2015-07-13,359.6879577636719
2015-07-14,358.4994812011719
2015-07-15,359.05133056640625
2015-07-16,360.4944152832031
2015-07-17,361.51312255859375
2015-07-20,364.56927490234375
2015-07-21,377.9822387695313
2015-07-22,373.01611328125
2015-07-23,367.498046875
2015-07-24,368.3469543457031
2015-07-27,354.8067321777344
2015-07-28,348.0577697753906
2015-07-29,354.552001953125
2015-07-30,353.957763671875
2015-07-31,355.5282287597656
2015-08-03,355.6131591796875
2015-08-04,350.81671142578125
2015-08-05,354.4671630859375
2015-08-06,352.3023681640625
2015-08-07,349.416015625
2015-08-10,348.2275390625
2015-08-11,343.685791015625
2015-08-12,338.4648742675781
2015-08-13,328.4940185546875
2015-08-14,337.2868347167969
2015-08-17,333.1038513183594
2015-08-18,329.1343078613281
2015-08-19,326.57330322265625
2015-08-20,324.3963623046875
2015-08-21,315.4754638671875
2015-08-24,297.3348999023437
2015-08-25,297.3775939941406
2015-08-26,289.5664367675781
2015-08-27,296.48126220703125
2015-08-28,309.4570617675781
2015-08-31,302.4569396972656
2015-09-01,294.8592224121094
2015-09-02,293.0238037109375
2015-09-03,296.0116882324219
2015-09-04,298.7861022949219
2015-09-07,296.3104248046875
2015-09-08,296.8653869628906
2015-09-09,302.6276550292969
2015-09-10,299.17022705078125
2015-09-11,297.6763916015625
2015-09-14,302.32891845703125
2015-09-15,299.6398010253906
2015-09-16,306.89605712890625
2015-09-18,304.676513671875
2015-09-21,300.7496032714844
2015-09-22,293.49334716796875
2015-09-23,288.4566345214844
2015-09-24,284.2309875488281
2015-09-28,279.6637878417969
2015-09-29,275.4381103515625
2015-09-30,288.4140014648437
2015-10-01,289.7799072265625
2015-10-05,295.5848999023437
2015-10-06,297.80438232421875
2015-10-07,292.5116271972656
2015-10-08,291.5726318359375
2015-10-09,296.7373352050781
2015-10-12,298.3593139648437
2015-10-13,294.90191650390625
2015-10-14,295.6275329589844
2015-10-15,299.853271484375
2015-10-16,298.4873046875
2015-10-19,310.48150634765625
2015-10-20,308.9021911621094
2015-10-21,317.14019775390625
2015-10-23,306.5546264648437
2015-10-26,300.66424560546875
2015-10-27,301.0483703613281
2015-10-28,305.8716125488281
2015-10-29,303.3959350585937
2015-10-30,297.97515869140625
2015-11-02,298.9141540527344
2015-11-03,296.7799987792969
2015-11-04,295.7129211425781
2015-11-05,287.30426025390625
2015-11-06,289.5664367675781
2015-11-09,286.1944580078125
2015-11-10,283.1212158203125
2015-11-13,285.0419921875
2015-11-16,286.62127685546875
2015-11-17,285.5541687011719
2015-11-18,285.0846252441406
2015-11-19,289.865234375
2015-11-20,291.40185546875
2015-11-23,289.3957214355469
2015-11-24,291.5726318359375
2015-11-26,292.0848388671875
2015-11-27,292.1274719238281
2015-11-30,285.4261169433594
2015-12-01,275.5235290527344
2015-12-02,275.65155029296875
2015-12-03,272.791748046875
2015-12-04,274.2856750488281
2015-12-07,273.2612609863281
2015-12-08,271.3404846191406
2015-12-09,265.3647766113281
2015-12-10,266.9013977050781
2015-12-11,264.2549743652344
2015-12-14,261.3525085449219
2015-12-15,263.9562072753906
2015-12-16,273.47467041015625
2015-12-17,275.2247314453125
2015-12-18,272.3648986816406
2015-12-21,273.9442749023437
2015-12-22,275.9076232910156
2015-12-23,283.71875
2015-12-24,288.9261779785156
2015-12-28,283.2065734863281
2015-12-29,286.1944580078125
2015-12-30,284.35906982421875
2015-12-31,290.5908203125
2016-01-01,290.67626953125
2016-01-04,278.9808654785156
2016-01-05,276.1210632324219
2016-01-06,275.0539855957031
2016-01-07,275.1820678710937
2016-01-08,276.4625549316406
2016-01-11,274.1575927734375
2016-01-12,269.2489929199219
2016-01-13,263.4439697265625
2016-01-14,263.57208251953125
2016-01-15,261.309814453125
2016-01-18,256.3158264160156
2016-01-19,264.8952331542969
2016-01-20,264.29766845703125
2016-01-21,264.0415954589844
2016-01-22,254.9926300048828
2016-01-25,253.9682159423828
2016-01-27,254.2242889404297
2016-01-28,248.7608184814453
2016-01-29,247.48028564453125
2016-02-01,253.1998443603516
2016-02-02,257.9804992675781
2016-02-03,255.93165588378903
2016-02-04,259.73052978515625
2016-02-05,262.2488708496094
2016-02-08,265.4928283691406
2016-02-09,266.55987548828125
2016-02-10,265.7489318847656
2016-02-11,263.52935791015625
2016-02-12,277.06011962890625
2016-02-15,272.23687744140625
2016-02-16,269.16363525390625
2016-02-17,272.791748046875
2016-02-18,274.20025634765625
2016-02-19,278.3406677246094
2016-02-22,280.9443359375
2016-02-23,274.2856750488281
2016-02-24,276.5478820800781
2016-02-25,275.3528137207031
2016-02-26,271.4258728027344
2016-02-29,269.3343200683594
2016-03-01,273.7734680175781
2016-03-02,278.5967102050781
2016-03-03,284.6151733398437
2016-03-04,281.0723876953125
2016-03-08,282.9931030273437
2016-03-09,285.6395874023437
2016-03-10,287.0907287597656
2016-03-11,287.9017944335937
2016-03-14,290.8896484375
2016-03-15,292.7250061035156
2016-03-16,288.9688415527344
2016-03-17,290.8896484375
2016-03-18,293.9201965332031
2016-03-21,301.9020690917969
2016-03-22,299.5544738769531
2016-03-23,305.7862854003906
2016-03-28,298.61541748046875
2016-03-29,302.6276550292969
2016-03-30,302.03009033203125
2016-03-31,299.4691162109375
2016-04-01,286.3651428222656
2016-04-04,297.505615234375
2016-04-05,282.1395263671875
2016-04-06,285.5541687011719
2016-04-07,282.7797241210937
2016-04-08,285.6395874023437
2016-04-11,297.292236328125
2016-04-12,298.8715209960937
2016-04-13,299.853271484375
2016-04-18,306.8106994628906
2016-04-20,304.46307373046875
2016-04-21,304.97528076171875
2016-04-22,301.4325561523437
2016-04-25,306.42657470703125
2016-04-26,307.6643371582031
2016-04-27,318.4633483886719
2016-04-28,318.1645202636719
2016-04-29,310.3961181640625
2016-05-02,305.4447937011719
2016-05-03,314.4510498046875
2016-05-04,308.56072998046875
2016-05-05,302.5423583984375
2016-05-06,306.5546264648437
2016-05-09,313.1278991699219
2016-05-10,314.8778686523437
2016-05-11,306.38385009765625
2016-05-12,309.1155700683594
2016-05-13,302.9691162109375
2016-05-16,301.7312927246094
2016-05-17,299.810546875
2016-05-18,299.853271484375
2016-05-19,294.3470764160156
2016-05-20,291.9140319824219
2016-05-23,295.243408203125
2016-05-24,294.6458435058594
2016-05-25,300.1947021484375
2016-05-26,301.2190856933594
2016-05-27,299.853271484375
2016-05-30,303.82281494140625
2016-05-31,299.9812927246094
2016-06-01,310.0973815917969
2016-06-02,312.6156616210937
2016-06-03,305.7435302734375
2016-06-06,297.7191162109375
2016-06-07,298.060546875
2016-06-08,301.0483703613281
2016-06-09,299.853271484375
2016-06-10,299.72515869140625
2016-06-13,292.2981872558594
2016-06-14,292.5116271972656
2016-06-15,300.4080810546875
2016-06-16,295.7982482910156
2016-06-17,304.7618713378906
2016-06-20,311.16436767578125
2016-06-21,309.20098876953125
2016-06-22,309.92657470703125
2016-06-23,311.4205627441406
2016-06-24,303.7801513671875
2016-06-27,299.7679138183594
2016-06-28,304.84716796875
2016-06-29,304.07891845703125
2016-06-30,313.1278991699219
2016-07-01,314.4510498046875
2016-07-04,318.7195129394531
2016-07-05,312.359619140625
2016-07-07,310.1827087402344
2016-07-08,303.09716796875
2016-07-11,307.19482421875
2016-07-12,310.1399841308594
2016-07-13,310.48150634765625
2016-07-14,313.25592041015625
2016-07-15,323.45733642578125
2016-07-18,309.5850830078125
2016-07-19,310.99371337890625
2016-07-20,310.225341796875
2016-07-21,314.0242614746094
2016-07-22,313.5974426269531
2016-07-25,317.5242919921875
2016-07-26,315.73162841796875
2016-07-27,318.0364990234375
2016-07-28,317.48162841796875
2016-07-29,309.07293701171875
2016-08-01,310.73760986328125
2016-08-02,305.4447937011719
2016-08-03,306.34112548828125
2016-08-04,312.6583557128906
2016-08-05,310.73760986328125
2016-08-08,300.1093444824219
2016-08-09,298.31658935546875
2016-08-10,295.7555847167969
2016-08-11,296.83544921875
2016-08-12,298.07818603515625
2016-08-16,293.4930114746094
2016-08-17,296.23553466796875
2016-08-18,302.6632995605469
2016-08-19,301.1635437011719
2016-08-22,300.1351013183594
2016-08-23,303.17755126953125
2016-08-24,302.1919860839844
2016-08-25,296.5355224609375
2016-08-26,294.778564453125
2016-08-29,293.6215515136719
2016-08-30,284.40838623046875
2016-08-31,284.2369689941406
2016-09-01,266.4105834960937
2016-09-02,273.3097229003906
2016-09-06,275.5380249023437
2016-09-07,274.3809814453125
2016-09-08,278.0234680175781
2016-09-09,276.05224609375
2016-09-12,272.5812072753906
2016-09-14,274.1239624023437
2016-09-15,276.5665283203125
2016-09-16,277.3378295898437
2016-09-19,277.8092041015625
2016-09-20,273.5668640136719
2016-09-21,275.8379821777344
2016-09-22,280.251708984375
2016-09-23,280.2089233398437
2016-09-26,274.5524597167969
2016-09-27,269.7958374023437
2016-09-28,275.7522888183594
2016-09-29,270.5672302246094
2016-09-30,269.1102294921875
2016-10-03,273.1383056640625
2016-10-04,277.6806335449219
2016-10-05,275.7094116210937
2016-10-06,276.22369384765625
2016-10-07,273.7811279296875
2016-10-10,270.7386169433594
2016-10-13,262.8966979980469
2016-10-14,261.7396850585937
2016-10-17,258.2258605957031
2016-10-18,262.81103515625
2016-10-19,263.068115234375
2016-10-20,264.9107666015625
2016-10-21,265.4678649902344
2016-10-24,262.81103515625
2016-10-25,267.2247619628906
2016-10-26,272.2812805175781
2016-10-27,276.9093322753906
2016-10-28,273.266845703125
2016-11-01,272.0670166015625
2016-11-02,265.3392639160156
2016-11-03,264.7821960449219
2016-11-04,262.8538818359375
2016-11-07,261.9111022949219
2016-11-08,261.31121826171875
2016-11-09,257.9687194824219
2016-11-10,264.5251159667969
2016-11-11,258.3115539550781
2016-11-15,259.3828430175781
2016-11-16,265.3821105957031
2016-11-17,254.66915893554688
2016-11-18,260.3255920410156
2016-11-21,256.6831359863281
2016-11-22,260.4969787597656
2016-11-23,257.58306884765625
2016-11-24,259.1686096191406
2016-11-25,257.9687194824219
2016-11-28,273.2240295410156
2016-11-29,278.4091186523437
2016-11-30,278.19482421875
2016-12-01,272.7098083496094
2016-12-02,273.0526428222656
2016-12-05,280.0374755859375
2016-12-06,281.8372497558594
2016-12-07,281.2373352050781
2016-12-08,284.9226379394531
2016-12-09,284.53692626953125
2016-12-12,282.09442138671875
2016-12-13,282.8229064941406
2016-12-14,276.4808044433594
2016-12-15,272.92401123046875
2016-12-16,265.8963623046875
2016-12-19,261.8254089355469
2016-12-20,259.297119140625
2016-12-21,258.5686340332031
2016-12-22,250.4696350097656
2016-12-23,253.29786682128903
2016-12-26,253.769271850586
2016-12-27,256.7688903808594
2016-12-28,256.6831359863281
2016-12-29,259.6828308105469
2016-12-30,261.9539489746094
2017-01-02,266.5390930175781
2017-01-03,260.925537109375
2017-01-04,269.0245361328125
2017-01-05,275.1952514648437
2017-01-06,274.0381774902344
2017-01-09,272.4955139160156
2017-01-10,274.3382263183594
2017-01-11,276.6093444824219
2017-01-12,275.795166015625
2017-01-13,274.42388916015625
2017-01-16,273.0526428222656
2017-01-17,272.9669189453125
2017-01-18,269.0245361328125
2017-01-19,271.7670593261719
2017-01-20,274.7238464355469
2017-01-23,273.9525451660156
2017-01-24,271.2528686523437
2017-01-25,266.8390808105469
2017-01-27,277.4664001464844
2017-01-30,296.23553466796875
2017-01-31,298.42095947265625
2017-02-01,295.76416015625
2017-02-02,302.7919311523437
2017-02-03,303.2203674316406
2017-02-06,304.46307373046875
2017-02-07,302.6632995605469
2017-02-08,301.84912109375
2017-02-09,304.46307373046875
2017-02-10,306.43426513671875
2017-02-13,306.8627624511719
2017-02-14,316.2045288085937
2017-02-15,313.07635498046875
2017-02-16,313.4191589355469
2017-02-17,316.6759033203125
2017-02-20,321.6895751953125
2017-02-21,310.97662353515625
2017-02-22,309.39111328125
2017-02-23,313.8905334472656
2017-02-27,304.8487854003906
2017-02-28,312.94781494140625
2017-03-01,310.8908996582031
2017-03-02,305.8343811035156
2017-03-03,305.2344970703125
2017-03-06,309.819580078125
2017-03-07,309.4767761230469
2017-03-08,309.13397216796875
2017-03-09,308.7054443359375
2017-03-10,312.7335205078125
2017-03-14,309.4767761230469
2017-03-15,311.2765808105469
2017-03-16,309.09112548828125
2017-03-17,297.26397705078125
2017-03-20,299.449462890625
2017-03-21,299.8779296875
2017-03-22,289.8506774902344
2017-03-23,290.1076965332031
2017-03-24,291.82183837890625
2017-03-27,290.2790832519531
2017-03-28,292.0360412597656
2017-03-29,295.5498962402344
2017-03-30,300.9920959472656
2017-03-31,300.0065002441406
2017-04-03,292.9359436035156
2017-04-05,295.2498779296875
2017-04-06,292.9359436035156
2017-04-07,295.4213562011719
2017-04-10,296.2783203125
2017-04-11,300.1351013183594
2017-04-12,300.6492614746094
2017-04-13,291.60748291015625
2017-04-17,292.5073547363281
2017-04-18,290.36480712890625
2017-04-19,291.3504333496094
2017-04-20,293.7500915527344
2017-04-21,293.79302978515625
2017-04-24,295.37847900390625
2017-04-25,303.3489074707031
2017-04-26,306.43426513671875
2017-04-27,306.73419189453125
2017-04-28,304.6773681640625
2017-05-02,297.9067687988281
2017-05-03,296.83544921875
2017-05-04,296.5355224609375
2017-05-05,295.4642028808594
2017-05-08,301.0777587890625
2017-05-09,295.8927001953125
2017-05-10,319.4612731933594
2017-05-11,313.67626953125
2017-05-12,312.90496826171875
2017-05-15,312.0907897949219
2017-05-16,320.8325500488281
2017-05-17,322.20379638671875
2017-05-18,317.7472229003906
2017-05-19,319.4612731933594
2017-05-22,319.2898864746094
2017-05-23,318.7328491210937
2017-05-24,315.6903381347656
2017-05-25,317.70428466796875
2017-05-26,320.18975830078125
2017-05-29,319.76129150390625
2017-05-30,317.70428466796875
2017-05-31,318.432861328125
2017-06-01,314.4476318359375
2017-06-02,319.8898620605469
2017-06-05,319.1613464355469
2017-06-06,316.2474060058594
2017-06-07,319.5041198730469
2017-06-08,315.1332397460937
2017-06-09,315.21893310546875
2017-06-12,312.9906005859375
2017-06-13,311.2765808105469
2017-06-14,313.247802734375
2017-06-15,313.07635498046875
2017-06-16,312.690673828125
2017-06-19,314.9618225097656
2017-06-20,314.19049072265625
2017-06-21,314.7904052734375
2017-06-22,313.84765625
2017-06-23,313.84765625
2017-06-27,318.34716796875
2017-06-28,323.275146484375
2017-06-29,327.77459716796875
2017-06-30,325.417724609375
2017-07-03,327.4317932128906
2017-07-04,325.0749206542969
2017-07-05,322.5037536621094
2017-07-06,326.7889709472656
2017-07-07,330.7313232421875
2017-07-10,347.7007141113281
2017-07-11,338.91607666015625
2017-07-12,340.3302307128906
2017-07-13,346.38751220703125
2017-07-14,349.6955261230469
2017-07-17,350.9413452148437
2017-07-18,350.8124389648437
2017-07-19,361.9391174316406
2017-07-20,360.69329833984375
2017-07-21,353.3900451660156
2017-07-24,360.9081115722656
2017-07-25,367.5669555664063
2017-07-26,366.2351379394531
2017-07-27,357.4712219238281
2017-07-28,355.10845947265625
2017-07-31,359.9629821777344
2017-08-01,358.3305053710937
2017-08-02,357.2994384765625
2017-08-03,364.4737243652344
2017-08-04,361.6383666992188
2017-08-07,358.6741943359375
2017-08-08,358.974853515625
2017-08-09,357.4712219238281
2017-08-10,357.6430969238281
2017-08-11,356.1824645996094
2017-08-14,351.0272216796875
2017-08-16,350.3398742675781
2017-08-17,357.72900390625
2017-08-18,361.7243041992188
2017-08-21,360.1347961425781
2017-08-22,362.66943359375
2017-08-23,371.0896606445313
2017-08-24,371.9918212890625
2017-08-28,373.2376098632813
2017-08-29,367.82470703125
2017-08-30,368.5979309082031
2017-08-31,367.4809875488281
2017-09-01,363.05609130859375
2017-09-04,357.7720031738281
2017-09-05,349.2658386230469
2017-09-06,345.8291015625
2017-09-07,341.3612365722656
2017-09-08,346.68829345703125
2017-09-11,346.2157287597656
2017-09-12,348.1488952636719
2017-09-13,345.09881591796875
2017-09-14,342.7359924316406
2017-09-15,340.2442932128906
2017-09-18,340.802734375
2017-09-19,339.2132263183594
2017-09-20,340.9745788574219
2017-09-21,343.7669677734375
2017-09-22,339.6857604980469
2017-09-25,334.87420654296875
2017-09-26,332.8121337890625
2017-09-27,331.6093139648437
2017-09-28,328.2584228515625
2017-09-29,334.616455078125
2017-10-03,330.4923095703125
2017-10-04,324.0482788085937
2017-10-05,324.5209045410156
2017-10-06,328.4731750488281
2017-10-09,325.5948791503906
2017-10-10,330.4493408203125
2017-10-11,346.7312316894531
2017-10-12,343.8958435058594
2017-10-13,370.2304382324219
2017-10-16,389.4765625
2017-10-17,400.3454895019531
2017-10-18,396.90869140625
2017-10-19,407.0472717285156
2017-10-23,427.3244323730469
2017-10-24,431.3626708984375
2017-10-25,443.1337585449219
2017-10-26,439.310302734375
2017-10-27,416.9710998535156
2017-10-30,423.5010070800781
2017-10-31,427.1955871582031
2017-11-01,463.1961364746094
2017-11-02,466.7188720703125
2017-11-03,465.04345703125
2017-11-06,457.5683898925781
2017-11-07,441.9308776855469
2017-11-08,425.5630798339844
2017-11-09,433.25299072265625
2017-11-10,432.5656127929688
2017-11-13,427.8829040527344
2017-11-14,428.0118408203125
2017-11-15,418.2169494628906
2017-11-16,420.9233703613281
2017-11-17,424.0165100097656
2017-11-20,423.2861633300781
2017-11-21,432.3937683105469
2017-11-22,428.82806396484375
2017-11-23,426.4652404785156
2017-11-24,426.8518676757813
2017-11-27,427.8829040527344
2017-11-28,422.7276916503906
2017-11-29,425.9497375488281
2017-11-30,426.5511779785156
2017-12-01,415.9829406738281
2017-12-04,416.1118469238281
2017-12-05,421.5677795410156
2017-12-06,415.3815307617188
2017-12-07,442.2315673828125
2017-12-08,451.2103271484375
2017-12-11,457.6972351074219
2017-12-12,450.0933227539063
2017-12-13,444.5085144042969
2017-12-14,447.0431213378906
2017-12-15,445.0240173339844
2017-12-18,452.1553649902344
2017-12-19,461.0481567382813
2017-12-20,454.4323120117188
2017-12-21,450.3081359863281
2017-12-22,454.131591796875
2017-12-26,466.5040893554688
2017-12-27,459.3727416992188
2017-12-28,456.5373229980469
2017-12-29,455.0766906738281
2018-01-01,453.5730590820313
2018-01-02,443.8211059570313
2018-01-03,445.2388305664063
2018-01-04,449.3629760742188
2018-01-05,463.9694519042969
2018-01-08,443.6493225097656
2018-01-09,438.0215148925781
2018-01-10,435.1001892089844
2018-01-11,442.2745666503906
2018-01-12,437.80670166015625
2018-01-15,433.4677429199219
2018-01-16,427.238525390625
2018-01-17,429.5154418945313
2018-01-18,425.3053588867188
2018-01-19,427.7970275878906
2018-01-22,421.6107177734375
2018-01-23,422.8136291503906
2018-01-24,394.80364990234375
2018-01-25,388.9610290527344
2018-01-29,378.564697265625
2018-01-30,381.0206909179688
2018-01-31,380.3720703125
2018-02-01,379.1181640625
2018-02-02,365.2384643554688
2018-02-05,380.67474365234375
2018-02-06,379.7667541503906
2018-02-07,372.0702209472656
2018-02-08,371.68109130859375
2018-02-09,365.3681945800781
2018-02-12,367.0112609863281
2018-02-14,376.0049743652344
2018-02-15,370.9460144042969
2018-02-16,362.94677734375
2018-02-19,358.3202514648437
2018-02-20,361.5632019042969
2018-02-21,362.903564453125
2018-02-22,359.83367919921875
2018-02-23,368.0057678222656
2018-02-26,365.9302978515625
2018-02-27,372.2864074707031
2018-02-28,370.60009765625
2018-03-01,369.9082336425781
2018-03-05,364.460205078125
2018-03-06,357.93115234375
2018-03-07,348.6780090332031
2018-03-08,347.034912109375
2018-03-09,347.7699890136719
2018-03-12,364.5466918945313
2018-03-13,368.6543273925781
2018-03-14,365.4546508789063
2018-03-15,363.5954284667969
2018-03-16,360.395751953125
2018-03-19,345.6080322265625
2018-03-20,346.25665283203125
2018-03-21,361.649658203125
2018-03-22,359.4012145996094
2018-03-23,356.8934020996094
2018-03-26,364.5034484863281
2018-03-27,357.3257751464844
2018-03-28,344.7865295410156
2018-04-02,341.6732788085937
2018-04-03,347.8132629394531
2018-04-04,341.6300964355469
2018-04-05,340.6356201171875
2018-04-06,332.8958435058594
2018-04-09,328.8746643066406
2018-04-10,333.41473388671875
2018-04-11,333.1985168457031
2018-04-12,328.7881164550781
2018-04-13,326.7991638183594
2018-04-16,325.7182312011719
2018-04-17,330.3879699707031
2018-04-18,332.2904663085937
2018-04-19,341.8895263671875
2018-04-20,347.6402893066406
2018-04-23,348.3753662109375
2018-04-24,351.3155822753906
2018-04-25,363.0765380859375
2018-04-26,353.86669921875
2018-04-27,353.4775085449219
2018-04-30,354.1693115234375
2018-05-02,353.2181091308594
2018-05-03,349.7157287597656
2018-05-04,343.1002197265625
2018-05-07,344.3973693847656
2018-05-08,346.9052429199219
2018-05-09,348.0294494628906
2018-05-10,356.3744812011719
2018-05-11,334.3227233886719
2018-05-14,331.3392333984375
2018-05-15,330.3014831542969
2018-05-16,324.593994140625
2018-05-17,317.8919677734375
2018-05-18,312.48712158203125
2018-05-21,311.31964111328125
2018-05-22,312.91949462890625
2018-05-23,308.5523681640625
2018-05-24,321.6105041503906
2018-05-25,325.97760009765625
2018-05-28,324.4210205078125
2018-05-29,327.88018798828125
2018-05-30,324.9831237792969
2018-05-31,323.0805969238281
2018-06-01,331.8148193359375
2018-06-04,321.9564208984375
2018-06-05,315.0381774902344
2018-06-06,328.3990173339844
2018-06-07,328.57196044921875
2018-06-08,326.4964904785156
2018-06-11,336.2252197265625
2018-06-12,329.1772766113281
2018-06-13,324.8533935546875
2018-06-14,325.5884704589844
2018-06-15,327.101806640625
2018-06-18,320.7457275390625
2018-06-19,321.0051574707031
2018-06-20,321.6105041503906
2018-06-21,318.8432006835937
2018-06-22,323.9021911621094
2018-06-25,323.5562438964844
2018-06-26,328.7881164550781
2018-06-27,324.8533935546875
2018-06-28,326.84234619140625
2018-06-29,330.3014831542969
2018-07-02,318.2810974121094
2018-07-03,320.61602783203125
2018-07-04,317.7189636230469
2018-07-05,314.2598571777344
2018-07-06,313.2653503417969
2018-07-09,313.1356811523437
2018-07-10,318.0649108886719
2018-07-11,313.0491943359375
2018-07-12,313.1789245605469
2018-07-13,310.41162109375
2018-07-16,300.4234313964844
2018-07-17,296.22930908203125
2018-07-18,291.2568359375
2018-07-19,298.3479919433594
2018-07-20,298.6938781738281
2018-07-23,310.41162109375
2018-07-24,308.5523681640625
2018-07-25,304.660888671875
2018-07-26,309.28741455078125
2018-07-27,315.3841247558594
2018-07-30,331.4257507324219
2018-07-31,337.78179931640625
2018-08-01,332.5066833496094
2018-08-02,324.6727294921875
2018-08-03,325.9783935546875
2018-08-06,335.7708435058594
2018-08-07,332.4196472167969
2018-08-08,335.3791198730469
2018-08-09,319.49365234375
2018-08-10,321.88739013671875
2018-08-13,322.1920471191406
2018-08-14,319.4501037597656
2018-08-16,323.8023376464844
2018-08-17,323.28009033203125
2018-08-20,322.5401611328125
2018-08-21,320.5381774902344
2018-08-23,321.9744567871094
2018-08-24,321.14752197265625
2018-08-27,330.0260009765625
2018-08-28,327.9804382324219
2018-08-29,326.3265686035156
2018-08-30,333.46417236328125
2018-08-31,334.11700439453125
2018-09-03,334.073486328125
2018-09-04,329.3295593261719
2018-09-05,323.8458557128906
2018-09-06,324.0634460449219
2018-09-07,339.1219787597656
2018-09-10,338.0775146484375
2018-09-11,329.6342468261719
2018-09-12,327.89337158203125
2018-09-14,333.8994140625
2018-09-17,332.5502014160156
2018-09-18,325.2820739746094
2018-09-19,322.10498046875
2018-09-21,322.49664306640625
2018-09-24,310.0494384765625
2018-09-25,313.7922668457031
2018-09-26,314.4886474609375
2018-09-27,310.5717163085937
2018-09-28,294.68621826171875
2018-10-01,284.4150695800781
2018-10-03,277.1904296875
2018-10-04,269.9658508300781
2018-10-05,259.9122619628906
2018-10-08,256.9527893066406
2018-10-09,251.5561065673828
2018-10-10,256.8657531738281
2018-10-11,248.37901306152344
2018-10-12,252.47007751464844
2018-10-15,253.384033203125
2018-10-16,255.9082946777344
2018-10-17,251.12088012695312
2018-10-19,250.07635498046875
2018-10-22,248.72720336914065
2018-10-23,248.85777282714844
2018-10-24,274.9273681640625
2018-10-25,257.2574462890625
2018-10-26,259.3465576171875
2018-10-29,255.995346069336
2018-10-30,254.689682006836
2018-10-31,254.4720764160156
2018-11-01,255.4730834960937
2018-11-02,262.91534423828125
2018-11-05,266.1189270019531
2018-11-06,267.74267578125
2018-11-07,268.7958679199219
2018-11-09,263.0908203125
2018-11-12,259.9750061035156
2018-11-13,261.159912109375
2018-11-14,264.4512939453125
2018-11-15,267.172119140625
2018-11-16,292.054931640625
2018-11-19,295.65350341796875
2018-11-20,291.3528137207031
2018-11-21,292.0110778808594
2018-11-22,287.7542419433594
2018-11-26,293.6347961425781
2018-11-27,288.0174865722656
2018-11-28,275.68585205078125
2018-11-29,278.4067077636719
2018-11-30,275.1592102050781
2018-12-03,280.64483642578125
2018-12-04,279.59161376953125
2018-12-05,274.5448303222656
2018-12-06,266.8210754394531
2018-12-07,266.77716064453125
2018-12-10,258.8778381347656
2018-12-11,254.752670288086
2018-12-12,268.1814880371094
2018-12-13,266.0311584472656
2018-12-14,280.2060241699219
2018-12-17,276.6513366699219
2018-12-18,278.9333801269531
2018-12-19,283.23406982421875
2018-12-20,277.83624267578125
2018-12-21,270.2440795898437
2018-12-24,271.2973327636719
2018-12-26,281.2592468261719
2018-12-27,277.96783447265625
2018-12-28,277.83624267578125
2018-12-31,274.281494140625
2019-01-01,280.4254150390625
2019-01-02,274.4131774902344
2019-01-03,275.1592102050781
2019-01-04,283.0146484375
2019-01-07,285.2089233398437
2019-01-08,288.9830017089844
2019-01-09,293.5909118652344
2019-01-10,296.0484924316406
2019-01-11,294.1175842285156
2019-01-14,291.04559326171875
2019-01-15,296.4434509277344
2019-01-16,293.10821533203125
2019-01-17,291.4405822753906
2019-01-18,273.0966491699219
2019-01-21,273.27215576171875
2019-01-22,267.567138671875
2019-01-23,266.5577392578125
2019-01-24,264.75848388671875
2019-01-25,269.8930053710937
2019-01-28,267.8304443359375
2019-01-29,270.2002258300781
2019-01-30,266.5577392578125
2019-01-31,268.92755126953125
2019-02-01,273.71099853515625
2019-02-04,269.0592041015625
2019-02-05,270.5074157714844
2019-02-06,270.9901428222656
2019-02-07,273.0966491699219
2019-02-08,274.9398193359375
2019-02-11,274.01824951171875
2019-02-12,273.1844177246094
2019-02-14,264.0124206542969
2019-02-15,267.3476867675781
2019-02-18,265.5483703613281
2019-02-19,266.5577392578125
2019-02-20,271.2095947265625
2019-02-21,271.9994812011719
2019-02-22,275.4664306640625
2019-02-25,278.4505920410156
2019-02-26,276.8707580566406
2019-02-27,280.99591064453125
2019-02-28,279.1527404785156
2019-03-01,270.0246887207031
2019-03-05,270.2002258300781
2019-03-06,271.5606384277344
2019-03-07,270.0246887207031
2019-03-08,270.9462890625
2019-03-11,292.9765625
2019-03-12,308.7751770019531
2019-03-13,296.4434509277344
2019-03-14,300.5247497558594
2019-03-15,296.3996276855469
2019-03-18,290.2117919921875
2019-03-19,295.5657958984375
2019-03-20,293.152099609375
2019-03-22,291.001708984375
2019-03-25,287.0081787109375
2019-03-26,287.7102966308594
2019-03-27,283.0585327148437
2019-03-28,289.597412109375
2019-04-01,299.12042236328125
2019-04-02,312.8564758300781
2019-04-03,307.1953125
2019-04-04,313.1636962890625
2019-04-05,313.0320129394531
2019-04-08,311.5399475097656
2019-04-09,308.5996398925781
2019-04-10,298.4183044433594
2019-04-11,303.9916687011719
2019-04-12,300.1297912597656
2019-04-15,305.1766052246094
2019-04-16,306.09820556640625
2019-04-18,304.5183410644531
2019-04-22,306.668701171875
2019-04-23,302.5472412109375
2019-04-24,310.19451904296875
2019-04-25,314.0181884765625
2019-04-26,311.1026611328125
2019-04-30,306.1796875
2019-05-02,309.90777587890625
2019-05-03,316.8381652832031
2019-05-06,318.7499389648437
2019-05-07,310.62469482421875
2019-05-08,310.19451904296875
2019-05-09,301.54351806640625
2019-05-10,309.81219482421875
2019-05-13,304.6024475097656
2019-05-14,321.7610778808594
2019-05-15,316.6469421386719
2019-05-16,310.8636779785156
2019-05-17,313.9704284667969
2019-05-20,325.1068420410156
2019-05-21,316.07342529296875
2019-05-22,320.3750305175781
2019-05-23,323.8641357421875
2019-05-24,337.6293334960937
2019-05-27,334.0924377441406
2019-05-28,330.36431884765625
2019-05-29,323.8641357421875
2019-05-30,331.4158630371094
2019-05-31,333.4233093261719
2019-06-03,337.1991882324219
2019-06-04,336.86456298828125
2019-06-06,338.2028503417969
2019-06-07,341.3573913574219
2019-06-10,347.4274597167969
2019-06-11,347.2362670898437
2019-06-12,344.033935546875
2019-06-13,347.7142333984375
2019-06-14,337.7248840332031
2019-06-17,328.8349304199219
2019-06-18,329.9342041015625
2019-06-19,326.062744140625
2019-06-20,333.184326171875
2019-06-21,328.6436767578125
2019-06-24,329.88641357421875
2019-06-25,333.2321472167969
2019-06-26,330.31658935546875
2019-06-27,333.2799072265625
2019-06-28,331.3680725097656
2019-07-01,333.136474609375
2019-07-02,338.0116882324219
2019-07-03,337.6293334960937
2019-07-04,346.7583312988281
2019-07-05,348.71795654296875
2019-07-08,340.6882629394531
2019-07-09,346.3281555175781
2019-07-10,342.7434997558594
2019-07-11,344.8465270996094
2019-07-12,340.4014892578125
2019-07-15,335.1439208984375
2019-07-16,335.2873229980469
2019-07-17,330.9857177734375
2019-07-18,327.4010314941406
2019-07-19,324.96343994140625
2019-07-22,327.4488220214844
2019-07-23,328.4525146484375
2019-07-24,323.9597473144531
2019-07-25,324.0552978515625
2019-07-26,320.1360778808594
2019-07-29,319.8014831542969
2019-07-30,330.5077514648437
2019-07-31,322.717041015625
2019-08-01,309.6209716796875
2019-08-02,328.4047241210937
2019-08-05,341.9309387207031
2019-08-06,352.2070617675781
2019-08-07,349.96063232421875
2019-08-08,355.74395751953125
2019-08-09,354.7879943847656
2019-08-13,336.14764404296875
2019-08-14,345.27667236328125
2019-08-16,345.6112060546875
2019-08-19,345.08544921875
2019-08-20,342.2655334472656
2019-08-21,339.25439453125
2019-08-22,337.1991882324219
2019-08-23,340.6882629394531
2019-08-26,344.7508544921875
2019-08-27,332.9453430175781
2019-08-28,330.5555114746094
2019-08-29,328.3569641113281
2019-08-30,331.5114440917969
2019-09-03,322.0001220703125
2019-09-04,330.4599914550781
2019-09-05,332.37176513671875
2019-09-06,333.8534240722656
2019-09-09,340.73602294921875
2019-09-11,339.4455871582031
2019-09-12,332.2283935546875
2019-09-13,327.9267578125
2019-09-16,328.8349304199219
2019-09-17,324.86785888671875
2019-09-18,320.8052062988281
2019-09-19,322.717041015625
2019-09-20,340.6882629394531
2019-09-23,332.6585388183594
2019-09-24,333.2799072265625
2019-09-25,326.5885009765625
2019-09-26,328.8826904296875
2019-09-27,333.7100524902344
2019-09-30,350.8687744140625
2019-10-01,335.4784851074219
2019-10-03,329.6951904296875
2019-10-04,324.53326416015625
2019-10-07,326.4928894042969
2019-10-09,343.5559997558594
2019-10-10,360.61907958984375
2019-10-11,366.0199890136719
2019-10-14,376.2005004882813
2019-10-15,366.7369384765625
2019-10-16,368.2663879394531
2019-10-17,368.8399353027344
2019-10-18,366.5935668945313
2019-10-22,357.60797119140625
2019-10-23,344.464111328125
2019-10-24,355.93511962890625
2019-10-25,358.6116943359375
2019-10-27,356.6520690917969
2019-10-29,344.033935546875
2019-10-30,351.7290954589844
2019-10-31,357.7513427734375
2019-11-01,356.604248046875
2019-11-04,361.3360595703125
2019-11-05,367.0237121582031
2019-11-06,355.07476806640625
2019-11-07,355.3615417480469
2019-11-08,352.87615966796875
2019-11-11,355.12255859375
2019-11-13,352.35040283203125
2019-11-14,346.51934814453125
2019-11-15,375.7225341796875
2019-11-18,391.1605529785156
2019-11-19,419.9814453125
2019-11-20,418.0218200683594
2019-11-21,407.5067443847656
2019-11-22,402.1058044433594
2019-11-25,431.500244140625
2019-11-26,413.2900390625
2019-11-27,414.2459716796875
2019-11-28,417.4004821777344
2019-11-29,422.9447937011719
2019-12-02,438.3828125
2019-12-03,438.86077880859375
2019-12-04,441.0593566894531
2019-12-05,427.6287536621094
2019-12-06,425.2389831542969
2019-12-09,426.1948852539063
2019-12-10,427.294189453125
2019-12-11,423.2315979003906
2019-12-12,419.3123168945313
2019-12-13,408.9406127929688
2019-12-16,403.2528991699219
2019-12-17,420.5549926757813
2019-12-18,418.9777221679688
2019-12-19,429.63616943359375
2019-12-20,433.7944030761719
2019-12-23,434.7503356933594
2019-12-24,436.9967651367188
2019-12-26,427.8199462890625
2019-12-27,435.037109375
2019-12-30,440.1990356445313
2019-12-31,435.7062683105469
2020-01-01,433.3164367675781
2020-01-02,435.1327209472656
2020-01-03,435.037109375
2020-01-06,429.827392578125
2020-01-07,425.47796630859375
2020-01-08,438.6217651367188
2020-01-09,439.8166809082031
2020-01-10,436.8533630371094
2020-01-13,448.2287292480469
2020-01-14,448.658935546875
2020-01-15,447.2250061035156
2020-01-16,453.0083312988281
2020-01-17,478.0055541992188
2020-01-20,486.274169921875
2020-01-21,489.189697265625
2020-01-22,491.8184814453125
2020-01-23,500.5650939941406
2020-01-24,501.138671875
2020-01-27,491.722900390625
2020-01-28,469.5934448242188
2020-01-29,468.6375122070313
2020-01-30,468.2073669433594
2020-01-31,474.5642395019531
2020-02-03,487.5646667480469
2020-02-04,496.0245056152344
2020-02-05,509.8375549316406
2020-02-06,522.694580078125
2020-02-07,515.6685791015625
2020-02-10,514.9515991210938
2020-02-11,510.7456359863281
2020-02-12,515.81201171875
2020-02-13,516.1465454101562
2020-02-14,540.09228515625
2020-02-17,539.9487915039062
2020-02-18,524.0806274414062
2020-02-19,519.4445190429688
2020-02-20,521.5474853515625
2020-02-24,506.5395812988281
2020-02-25,511.6537170410156
2020-02-26,512.3228759765625
2020-02-27,508.2124328613281
2020-02-28,500.4217224121094
2020-03-02,495.498779296875
2020-03-03,497.84075927734375
2020-03-04,493.9692687988281
2020-03-05,503.671875
2020-03-06,496.2634887695313
2020-03-09,474.3730163574219
2020-03-11,472.0310668945313
2020-03-12,444.452880859375
2020-03-13,470.1670227050781
2020-03-16,444.3094787597656
2020-03-17,434.6547546386719
2020-03-18,406.7898254394531
2020-03-19,425.1433715820313
2020-03-20,442.2542724609375
2020-03-23,389.3921203613281
2020-03-24,386.2375793457031
2020-03-25,410.1832885742188
2020-03-26,449.9494018554688
2020-03-27,429.1582336425781
2020-03-30,412.0473327636719
2020-03-31,421.463134765625
2020-04-01,402.7749328613281
2020-04-03,405.2603759765625
2020-04-07,449.4714660644531
2020-04-08,441.2983703613281
2020-04-09,467.1558837890625
2020-04-13,489.6199035644531
2020-04-15,487.9948120117188
2020-04-16,478.3878784179688
2020-04-17,480.2997131347656
2020-04-20,468.6853332519531
2020-04-21,478.4356689453125
2020-04-22,479.2959899902344
2020-04-23,474.1340942382813
2020-04-24,472.4612426757813
2020-04-27,472.27001953125
2020-04-28,464.2403259277344
2020-04-29,474.1340942382813
2020-04-30,491.6273193359375
2020-05-04,509.0250244140625
2020-05-05,504.7711181640625
2020-05-06,521.9298095703125
2020-05-07,504.7711181640625
2020-05-08,506.6830139160156
2020-05-11,512.5619506835938
2020-05-12,535.169189453125
2020-05-13,531.441162109375
2020-05-14,516.0509643554688
2020-05-15,529.6727294921875
2020-05-18,514.330322265625
2020-05-19,572.4022216796875
2020-05-20,567.8615112304688
2020-05-21,568.3395385742188
2020-05-22,567.0491333007812
2020-05-26,534.595703125
2020-05-27,538.2760620117188
2020-05-28,537.9414672851562
2020-05-29,528.2388916015625
2020-06-01,534.4044799804688
2020-06-02,533.4964599609375
2020-06-03,527.3307495117188
2020-06-04,547.2138061523438
2020-06-05,558.5891723632812
2020-06-08,559.3538818359375
2020-06-09,542.768798828125
2020-06-10,542.0997314453125
2020-06-11,527.5219116210938
2020-06-12,535.4082641601562
2020-06-15,526.422607421875
2020-06-16,520.8783569335938
2020-06-17,538.6105346679688
2020-06-18,536.1729736328125
2020-06-19,547.2616577148438
2020-06-22,555.4346923828125
2020-06-23,553.283935546875
2020-06-24,532.7794799804688
2020-06-25,534.3568115234375
2020-06-26,535.6950073242188
2020-06-29,542.0997314453125
2020-06-30,535.169189453125
2020-07-01,535.4559936523438
2020-07-02,533.8309936523438
2020-07-03,555.8169555664062
2020-07-06,551.180908203125
2020-07-07,542.1474609375
2020-07-08,536.5553588867188
2020-07-09,543.5812377929688
2020-07-10,549.3645629882812
2020-07-13,560.93115234375
2020-07-14,563.3688354492188
2020-07-15,538.7539672851562
2020-07-16,537.9414672851562
2020-07-17,541.7650146484375
2020-07-20,550.3683471679688
2020-07-21,542.7210083007812
2020-07-22,544.0592651367188
2020-07-23,542.1952514648438
2020-07-24,534.786865234375
2020-07-27,534.834716796875
2020-07-28,539.7099609375
2020-07-29,541.2393798828125
2020-07-30,528.3345336914062
2020-07-31,530.3897094726562
2020-08-03,523.2202758789062
2020-08-04,524.797607421875
2020-08-05,534.3088989257812
2020-08-06,532.72607421875
2020-08-07,538.0025024414062
2020-08-10,536.1317749023438
2020-08-11,528.6967163085938
2020-08-12,525.4349365234375
2020-08-13,513.5870361328125
2020-08-14,507.1114501953125
2020-08-17,500.2041015625
2020-08-18,504.9049377441406
2020-08-19,514.0665893554688
2020-08-20,504.1853942871094
2020-08-21,499.1008605957031
2020-08-24,505.48052978515625
2020-08-25,507.1593627929688
2020-08-26,493.5846252441406
2020-08-27,490.3707885742188
2020-08-28,502.1707763671875
2020-08-31,492.2415161132813
2020-09-01,524.0439453125
2020-09-02,528.1691284179688
2020-09-03,516.1292724609375
2020-09-04,501.8829345703125
2020-09-07,494.4959716796875
2020-09-08,477.851318359375
2020-09-09,483.7512817382813
2020-09-10,477.13177490234375
2020-09-11,471.66351318359375
2020-09-14,454.8269653320313
2020-09-15,465.81146240234375
2020-09-16,462.16595458984375
2020-09-17,459.5277404785156
2020-09-18,474.4456481933594
2020-09-21,448.7350769042969
2020-09-22,451.8049926757813
2020-09-23,416.1651916503906
2020-09-24,402.2546691894531
2020-09-25,421.7773742675781
2020-09-28,425.6148071289063
2020-09-29,417.89202880859375
2020-09-30,403.8376159667969
2020-10-01,414.774169921875
2020-10-05,407.1952819824219
2020-10-06,409.4018249511719
2020-10-07,405.2766418457031
2020-10-08,407.1952819824219
2020-10-09,407.9148254394531
2020-10-12,398.1774291992188
2020-10-13,398.4172668457031
2020-10-14,396.45062255859375
2020-10-15,382.9718017578125
2020-10-16,385.3221435546875
2020-10-19,381.5327453613281
2020-10-20,388.5360107421875
2020-10-21,401.9668884277344
2020-10-22,413.1432800292969
2020-10-23,416.7408142089844
2020-10-26,416.405029296875
2020-10-27,415.7334899902344
2020-10-28,433.4814453125
2020-10-29,432.4741516113281
2020-10-30,416.1172180175781
2020-11-02,438.8058166503906
2020-11-03,436.1196594238281
2020-11-04,434.6326904296875
2020-11-05,438.7098693847656
2020-11-06,431.6107177734375
2020-11-09,452.6204223632813
2020-11-10,447.4399719238281
2020-11-11,459.1440124511719
2020-11-12,460.3431701660156
2020-11-13,456.4098510742188
2020-11-14,461.9260864257813
2020-11-17,464.8521728515625
2020-11-18,458.9521484375
2020-11-19,449.5025634765625
2020-11-20,464.0366821289063
2020-11-23,457.848876953125
2020-11-24,454.9708557128906
2020-11-25,445.2334289550781
2020-11-26,449.3586730957031
2020-11-27,444.4179992675781
2020-12-01,459.9594421386719
2020-12-02,465.1878967285156
2020-12-03,460.3911743164063
2020-12-04,473.67816162109375
2020-12-07,488.2602233886719
2020-12-08,483.127685546875
2020-12-09,482.6000671386719
2020-12-10,484.6147155761719
2020-12-11,483.8951721191406
2020-12-14,482.6000671386719
2020-12-15,483.7033386230469
2020-12-16,495.2154846191406
2020-12-17,494.1602478027344
2020-12-18,489.8910827636719
2020-12-21,470.9439697265625
2020-12-22,479.96185302734375
2020-12-23,486.5813598632813
2020-12-24,496.2707824707031
2020-12-28,500.3959655761719
2020-12-29,499.1008605957031
2020-12-30,495.1675720214844
2020-12-31,488.979736328125
2021-01-01,494.2081909179688
2021-01-04,496.0788879394531
2021-01-05,493.10491943359375
2021-01-06,503.9455871582031
2021-01-07,523.0845947265625
2021-01-08,518.287841796875
2021-01-11,524.9073486328125
2021-01-12,542.751220703125
2021-01-13,554.7430419921875
2021-01-14,556.9495849609375
2021-01-15,578.1511840820312
2021-01-18,563.08935546875
2021-01-19,568.2219848632812
2021-01-20,571.9153442382812
2021-01-21,557.717041015625
2021-01-22,553.3999633789062
2021-01-25,557.1414184570312
2021-01-27,547.5958862304688
2021-01-28,547.6918334960938
2021-01-29,531.0950927734375
2021-02-01,555.6064453125
2021-02-02,574.9852905273438
2021-02-03,584.09912109375
2021-02-04,576.1845092773438
2021-02-05,557.4771728515625
2021-02-08,573.0186157226562
2021-02-09,574.6015014648438
2021-02-10,566.207275390625
2021-02-11,573.7861328125
2021-02-12,562.4178466796875
2021-02-15,569.5650024414062
2021-02-16,569.8048095703125
2021-02-17,569.7089233398438
2021-02-18,565.10400390625
2021-02-19,557.717041015625
2021-02-22,547.1162109375
2021-02-23,542.559326171875
2021-02-24,549.6585693359375
2021-02-25,555.6064453125
2021-02-26,533.6854248046875
2021-03-01,510.5650634765625
2021-03-02,519.1992797851562
2021-03-03,524.0918579101562
2021-03-04,517.6642456054688
2021-03-05,511.1407165527344
2021-03-08,504.329345703125
2021-03-09,500.5398559570313
2021-03-10,504.4732055664063
2021-03-12,502.8902587890625
2021-03-15,501.5951843261719
2021-03-16,507.7829895019531
2021-03-17,501.6431274414063
2021-03-18,505.7683715820313
2021-03-19,508.4065551757813
2021-03-22,506.5357971191406
2021-03-23,507.7350158691406
2021-03-24,502.3626403808594
2021-03-25,487.1090087890625
2021-03-26,501.2593688964844
2021-03-30,500.3000183105469
2021-03-31,496.2707824707031
2021-04-01,499.6285095214844
2021-04-05,506.7756958007813
2021-04-06,510.5650634765625
2021-04-07,519.5829467773438
2021-04-08,520.926025390625
2021-04-09,523.0845947265625
2021-04-12,501.2114562988281
2021-04-13,514.3544311523438
2021-04-15,517.4244384765625
2021-04-16,518.7675170898438
2021-04-19,505.048828125
2021-04-20,508.6463928222656
2021-04-22,509.26995849609375
2021-04-23,501.3553161621094
2021-04-26,506.1040954589844
2021-04-27,512.5796508789062
2021-04-28,522.1732177734375
2021-04-29,518.8634643554688
2021-04-30,514.9300537109375
2021-05-03,536.1317749023438
2021-05-04,529.9918823242188
2021-05-05,537.1869506835938
2021-05-06,536.0357666015625
2021-05-07,545.389404296875
2021-05-10,549.2747802734375
2021-05-11,545.2935180664062
2021-05-12,538.9138793945312
2021-05-14,537.6187133789062
2021-05-17,527.3056640625
2021-05-18,514.54638671875
2021-05-19,506.7276916503906
2021-05-20,499.4845581054688
2021-05-21,509.3659362792969
2021-05-24,505.3845825195313
2021-05-25,504.7130432128906
2021-05-26,504.3773193359375
2021-05-27,498.6691284179688
2021-05-28,502.3146362304688
2021-05-31,513.1553344726562
2021-06-01,511.2366027832031
2021-06-02,507.9747924804688
2021-06-03,510.421142578125
2021-06-04,511.0447387695313
2021-06-07,514.6422729492188
2021-06-08,524.571533203125
2021-06-09,518.0480346679688
2021-06-10,522.9886474609375
2021-06-11,518.8634643554688
2021-06-14,517.4244384765625
2021-06-15,520.4463500976562
2021-06-16,514.9300537109375
2021-06-17,507.1593627929688
2021-06-18,516.8488159179688
2021-06-21,517.6642456054688
2021-06-22,514.5943603515625
2021-06-23,512.3399047851562
2021-06-24,507.25531005859375
2021-06-25,513.34716796875
2021-06-28,509.6056823730469
2021-06-29,503.6097717285156
2021-06-30,504.2812805175781
2021-07-01,501.40325927734375
2021-07-02,503.6577453613281
2021-07-05,502.65045166015625
2021-07-06,504.7130432128906
2021-07-07,508.07080078125
2021-07-08,503.9455871582031
2021-07-09,514.4503784179688
2021-07-12,508.1187438964844
2021-07-13,508.5025329589844
2021-07-14,508.5025329589844
2021-07-15,504.0894470214844
2021-07-16,519.1512451171875
2021-07-19,516.56103515625
2021-07-20,504.3773193359375
2021-07-22,524.4756469726562
2021-07-23,526.0105590820312
2021-07-26,521.9332885742188
2021-07-27,518.57568359375
2021-07-28,544.8137817382812
2021-07-29,544.0942993164062
2021-07-30,538.81787109375
2021-08-02,542.1756591796875
2021-08-03,556.61376953125
2021-08-04,551.049560546875
2021-08-05,574.3616943359375
2021-08-06,583.187744140625
2021-08-09,574.8893432617188
2021-08-10,596.9063720703125
2021-08-11,595.611328125
2021-08-12,597.8177490234375
2021-08-13,611.1527099609375
2021-08-16,608.2747192382812
2021-08-17,600.8877563476562
2021-08-18,597.6259155273438
2021-08-20,588.751953125
2021-08-23,597.3380126953125
2021-08-24,594.8917846679688
2021-08-25,587.552734375
2021-08-26,563.0414428710938
2021-08-27,570.9560546875
2021-08-30,595.2276000976562
2021-08-31,637.0550537109375
2021-09-01,639.3095703125
2021-09-02,639.4055786132812
2021-09-03,631.6827392578125
2021-09-06,627.9892578125
2021-09-07,643.2908325195312
2021-09-08,640.7006225585938
2021-09-09,658.2567138671875
2021-09-13,665.1160278320312
2021-09-14,665.9794921875
2021-09-15,696.0070190429688
2021-09-16,689.3875732421875
2021-09-17,698.54931640625
2021-09-20,695.4794311523438
2021-09-21,697.1102294921875
2021-09-22,697.206298828125
2021-09-23,697.2542114257812
2021-09-24,709.342041015625
2021-09-27,706.1913452148438
2021-09-28,680.3890991210938
2021-09-29,678.3854370117188
2021-09-30,672.716796875
2021-10-01,660.5975341796875
2021-10-04,665.9729614257812
2021-10-05,683.4189453125
2021-10-06,675.7466430664062
2021-10-07,676.8217163085938
2021-10-08,679.7537841796875
2021-10-11,675.2090454101562
2021-10-12,670.8109130859375
2021-10-13,674.2806396484375
2021-10-14,670.2734375
2021-10-18,665.191162109375
2021-10-19,665.6797485351562
2021-10-20,692.4105834960938
2021-10-21,680.2913208007812
2021-10-22,678.7764282226562
2021-10-25,675.453369140625
2021-10-26,680.43798828125
2021-10-27,686.44873046875
2021-10-28,674.1339721679688
2021-10-29,669.8336181640625
2021-11-01,696.3689575195312
2021-11-02,697.7861328125
2021-11-03,683.2722778320312
2021-11-04,685.2269287109375
2021-11-08,692.9481201171875
2021-11-09,697.0531005859375
2021-11-10,718.7993774414062
2021-11-11,712.1043090820312
2021-11-12,726.6670532226562
2021-11-15,720.851806640625
2021-11-16,713.7659301757812
2021-11-17,703.7479248046875
2021-11-18,698.177001953125
2021-11-22,725.2987060546875
2021-11-23,741.7184448242188
2021-11-24,741.7184448242188
2021-11-25,747.826904296875
2021-11-26,722.0245971679688
2021-11-29,722.6110229492188
2021-11-30,711.7623291015625
2021-12-01,705.898193359375
2021-12-02,715.9650268554688
2021-12-03,702.08642578125
2021-12-06,681.8062744140625
2021-12-07,683.0279541015625
2021-12-08,698.958984375
2021-12-09,697.7861328125
2021-12-10,694.609619140625
2021-12-13,687.1817016601562
2021-12-14,675.9420166015625
2021-12-15,669.9313354492188
2021-12-16,665.9729614257812
2021-12-17,650.9705200195312
2021-12-20,643.3471069335938
2021-12-21,651.8989868164062
2021-12-22,669.2471923828125
2021-12-23,663.3829956054688
2021-12-24,661.7214965820312
2021-12-27,660.4509887695312
2021-12-28,664.653564453125
2021-12-29,661.5259399414062
2021-12-30,663.9693603515625
2021-12-31,668.3186645507812
2022-01-03,675.64892578125
2022-01-04,681.65966796875
2022-01-05,684.1519165039062
2022-01-06,694.3165283203125
2022-01-07,688.7454833984375
2022-01-10,688.9898681640625
2022-01-11,687.5238037109375
2022-01-12,713.6682739257812
2022-01-13,715.23193359375
2022-01-14,704.2855224609375
2022-01-17,712.1043090820312
2022-01-18,698.177001953125
2022-01-19,687.76806640625
2022-01-20,699.2032470703125
2022-01-21,679.5094604492188
2022-01-24,674.2806396484375
2022-01-25,695.7335815429688
2022-01-27,691.23779296875
2022-01-28,699.5941772460938
2022-01-31,712.7885131835938
2022-02-01,706.6800537109375
2022-02-02,708.6347045898438
2022-02-03,705.3118286132812
2022-02-04,703.89453125
2022-02-07,690.5047607421875
2022-02-08,692.8504028320312
2022-02-09,703.0638427734375
2022-02-10,707.6573486328125
2022-02-11,698.958984375
2022-02-14,674.0850830078125
2022-02-15,695.4404296875
2022-02-16,705.4583740234375
2022-02-17,700.7670288085938
2022-02-18,696.4177856445312
2022-02-21,693.8766479492188
2022-02-22,683.4189453125
2022-02-23,688.4522705078125
2022-02-24,655.7107543945312
2022-02-25,673.0588989257812
2022-02-28,670.95751953125
2022-03-02,658.98486328125
2022-03-03,656.834716796875
2022-03-04,638.900146484375
2022-03-07,660.10888671875
2022-03-08,667.5368041992188
2022-03-09,675.8443603515625
2022-03-10,681.9528198242188
2022-03-11,679.1184692382812
2022-03-14,684.54296875
2022-03-15,687.1817016601562
2022-03-16,695.8802490234375
2022-03-17,706.533447265625
2022-03-21,692.166259765625
2022-03-22,702.966064453125
2022-03-23,688.9898681640625
2022-03-24,690.3580932617188
2022-03-25,693.2902221679688
2022-03-28,716.4536743164062
2022-03-29,737.8578491210938
2022-03-30,732.5311889648438
2022-03-31,737.8578491210938
2022-04-01,741.3274536132812
2022-04-04,750.4168701171875
2022-04-05,749.2440185546875
2022-04-06,758.0892333984375
2022-04-07,745.13916015625
2022-04-08,744.8460083007812
2022-04-11,740.8875732421875
2022-04-12,724.8589477539062
2022-04-13,723.881591796875
2022-04-18,712.9840698242188
2022-04-19,707.119873046875
2022-04-20,722.6110229492188
2022-04-21,719.092529296875
2022-04-22,722.0245971679688
2022-04-25,722.6110229492188
2022-04-26,739.17724609375
2022-04-27,735.46337890625
2022-04-28,730.4298095703125
2022-04-29,722.2689208984375
2022-05-02,724.5657348632812
2022-05-04,706.0447998046875
2022-05-05,702.6729125976562
2022-05-06,694.169921875
2022-05-09,695.3915405273438
2022-05-10,703.3570556640625
2022-05-11,706.484619140625
2022-05-12,689.4296875
2022-05-13,674.2806396484375
2022-05-16,677.505859375
2022-05-17,691.0422973632812
2022-05-18,680.3890991210938
2022-05-19,658.98486328125
2022-05-20,672.3258056640625
2022-05-23,670.3222045898438
2022-05-24,662.845458984375
2022-05-25,672.619140625
2022-05-26,677.9456787109375
2022-05-27,668.9051513671875
2022-05-30,683.223388671875
2022-05-31,684.347412109375
2022-06-01,678.923095703125
2022-06-02,680.193603515625
2022-06-03,670.95751953125
2022-06-06,667.4879150390625
2022-06-07,669.78466796875
2022-06-08,648.2828369140625
2022-06-09,661.0372924804688
2022-06-10,658.1052856445312
2022-06-13,656.1016235351562
2022-06-14,666.6082763671875
2022-06-15,666.6571044921875
2022-06-16,639.3888549804688
2022-06-17,629.0776977539062
2022-06-20,626.3900146484375
2022-06-21,639.4865112304688
2022-06-22,628.2957763671875
2022-06-23,645.2529907226562
2022-06-24,656.0039672851562
2022-06-27,668.46533203125
2022-06-28,665.7286987304688
2022-06-29,672.2280883789062
2022-06-30,669.442626953125
2022-07-01,658.2030029296875
2022-07-04,666.4617309570312
2022-07-05,668.9539794921875
2022-07-06,678.2389526367188
2022-07-07,671.2507934570312
2022-07-08,679.4117431640625
2022-07-11,645.5950927734375
2022-07-12,647.9895629882812
2022-07-13,628.9310913085938
2022-07-14,627.1229858398438
2022-07-15,637.0431518554688
2022-07-18,648.0384521484375
2022-07-19,657.66552734375
2022-07-20,655.4664916992188
2022-07-21,662.9921264648438
2022-07-22,663.4807739257812
2022-07-25,663.0409545898438
2022-07-26,668.6119384765625
2022-07-27,659.6201782226562
2022-07-28,651.75244140625
2022-07-29,662.60107421875
2022-08-01,681.744384765625
2022-08-02,674.2343139648438
2022-08-03,680.4681396484375
2022-08-04,681.5971069335938
2022-08-05,690.7760620117188
2022-08-08,691.4631958007812
2022-08-10,702.1637573242188
2022-08-11,696.8135375976562
2022-08-12,696.7153930664062
2022-08-16,691.2177734375
2022-08-17,709.7229614257812
2022-08-18,719.785400390625
2022-08-19,718.90185546875
2022-08-22,714.287841796875
2022-08-23,724.1049194335938
2022-08-24,725.2338256835938
2022-08-25,727.4426879882812
2022-08-26,717.4783325195312
2022-08-29,707.4159545898438
2022-08-30,713.30615234375
2022-09-01,721.6015014648438
2022-09-02,721.552490234375
2022-09-05,726.8536987304688
2022-09-06,747.3222045898438
2022-09-07,739.3212280273438
2022-09-08,755.7157592773438
2022-09-09,751.7398681640625
2022-09-12,755.0776977539062
2022-09-13,769.9013671875
2022-09-14,769.017822265625
2022-09-15,770.73583984375
2022-09-16,765.3856201171875
2022-09-19,768.4288330078125
2022-09-20,777.6568603515625
2022-09-21,765.9254760742188
2022-09-22,769.7540893554688
2022-09-23,757.2373657226562
2022-09-26,741.235595703125
2022-09-27,746.6840209960938
2022-09-28,747.5185546875
2022-09-29,750.6599731445312
2022-09-30,785.2650756835938
2022-10-03,788.6519165039062
2022-10-04,793.904052734375
2022-10-06,774.1717529296875
2022-10-07,778.5894165039062
2022-10-10,777.8531494140625
2022-10-11,766.0236206054688
2022-10-12,761.3605346679688
2022-10-13,754.8322143554688
2022-10-14,751.936279296875
2022-10-17,751.9852905273438
2022-10-18,768.821533203125
2022-10-19,769.06689453125
2022-10-20,778.3931274414062
2022-10-21,782.85986328125
2022-10-24,787.4247436523438
2022-10-25,787.62109375
2022-10-27,802.1503295898438
2022-10-28,801.9049072265625
2022-10-31,816.7777099609375
2022-11-01,820.2628173828125
2022-11-02,795.0330200195312
2022-11-03,803.6719970703125
2022-11-04,801.4631958007812
2022-11-07,807.6478881835938
2022-11-09,804.064697265625
2022-11-10,810.64208984375
2022-11-11,811.7710571289062
2022-11-14,806.8626098632812
2022-11-15,819.96826171875
2022-11-16,825.8094482421875
2022-11-17,830.6688842773438
2022-11-18,821.9807739257812
2022-11-21,835.62646484375
2022-11-22,832.09228515625
2022-11-23,827.8219604492188
2022-11-24,832.82861328125
2022-11-25,831.3560180664062
2022-11-28,822.0789184570312
2022-11-29,820.5572509765625
2022-11-30,833.2213134765625
2022-12-01,833.073974609375
2022-12-02,833.1231079101562
2022-12-05,828.6563110351562
2022-12-06,818.10302734375
2022-12-07,818.7411499023438
2022-12-08,817.36669921875
2022-12-09,819.6246948242188
2022-12-12,813.24365234375
2022-12-13,822.717041015625
2022-12-14,814.0289306640625
2022-12-15,811.2310791015625
2022-12-16,807.6969604492188
2022-12-19,825.0240478515625
2022-12-20,813.7835693359375
2022-12-21,799.1071166992188
2022-12-22,801.6595458984375
2022-12-23,793.85498046875
2022-12-26,796.1619873046875
2022-12-27,799.8923950195312
2022-12-28,789.0936889648438
2022-12-29,805.7335815429688
2022-12-30,791.3516235351562
2023-01-02,798.6162109375
2023-01-03,802.6411743164062
2023-01-04,796.9473266601562
2023-01-05,792.333251953125
2023-01-06,781.4364013671875
2023-01-09,804.4083251953125
2023-01-10,778.343994140625
2023-01-11,751.54345703125
2023-01-12,743.0518188476562
2023-01-13,750.3163452148438
2023-01-16,745.2606201171875
2023-01-17,751.6907958984375
2023-01-18,762.3422241210938
2023-01-19,757.87548828125
2023-01-20,750.463623046875
2023-01-23,758.562744140625
2023-01-24,761.458740234375
2023-01-25,762.293212890625
2023-01-27,760.3297119140625
2023-01-30,756.1084594726562
2023-01-31,756.2066040039062
2023-02-01,755.028564453125
2023-02-02,763.5203247070312
2023-02-03,778.3931274414062
2023-02-06,774.8098754882812
2023-02-07,771.5211791992188
2023-02-08,760.9187622070312
2023-02-09,752.6234741210938
2023-02-10,757.8264770507812
2023-02-13,754.5377197265625
2023-02-14,761.0169067382812
2023-02-15,771.0303955078125
2023-02-16,770.0977172851562
2023-02-17,762.587646484375
2023-02-20,764.8947143554688
2023-02-21,764.7964477539062
2023-02-22,758.0228271484375
2023-02-23,748.9910278320312
2023-02-24,743.2481079101562
2023-02-27,739.1249389648438
2023-02-28,728.6697998046875
2023-03-01,736.474365234375
2023-03-02,726.5591430664062
2023-03-03,750.4146118164062
2023-03-06,752.57421875
2023-03-08,752.5252075195312
2023-03-09,759.2499389648438
2023-03-10,759.5934448242188
2023-03-13,751.298095703125
2023-03-14,757.6791381835938
2023-03-15,742.8063354492188
2023-03-16,732.3020629882812
2023-03-17,743.3953247070312
2023-03-20,740.9901733398438
2023-03-21,743.100830078125
2023-03-22,742.85546875
2023-03-23,749.5801391601562
2023-03-24,748.500244140625
2023-03-27,747.8130493164062
2023-03-28,734.7564086914062
2023-03-29,729.9951171875
2023-03-31,735.2963256835938
2023-04-03,746.635009765625
2023-04-05,749.48193359375
2023-04-06,751.936279296875
2023-04-10,755.6666870117188
2023-04-11,759.9862060546875
2023-04-12,756.991943359375
2023-04-13,753.0160522460938
2023-04-17,745.75146484375
2023-04-18,745.849609375
2023-04-19,750.6599731445312
2023-04-20,758.1699829101562
2023-04-21,751.199951171875
2023-04-24,746.3405151367188
2023-04-25,758.4644775390625
2023-04-26,759.2989501953125
2023-04-27,772.1102294921875
2023-04-28,784.676025390625
2023-05-02,775.7425537109375
2023-05-03,765.0419311523438
2023-05-04,774.6626586914062
2023-05-05,772.8955688476562
2023-05-08,779.2276000976562
2023-05-09,779.0802612304688
2023-05-10,781.4854736328125
2023-05-11,774.1717529296875
2023-05-12,777.4605102539062
2023-05-15,782.4671630859375
2023-05-16,772.9446411132812
2023-05-17,777.7550048828125
2023-05-18,784.72509765625
2023-05-19,791.008056640625
2023-05-22,787.1793212890625
2023-05-23,785.3141479492188
2023-05-24,786.7376098632812
2023-05-25,807.6478881835938
2023-05-26,802.9848022460938
2023-05-29,806.2244262695312
2023-05-30,803.4756469726562
2023-05-31,834.350341796875
2023-06-01,812.8018188476562
2023-06-02,821.1954345703125
2023-06-05,819.2319946289062
2023-06-06,814.2744140625
2023-06-07,828.8035888671875
2023-06-08,820.70458984375
2023-06-09,818.2503051757812
2023-06-12,821.048095703125
2023-06-13,819.0847778320312
2023-06-14,812.8018188476562
2023-06-15,814.519775390625
2023-06-16,822.4716186523438
2023-06-19,812.9981689453125
2023-06-20,815.992431640625
2023-06-21,823.649658203125
2023-06-22,827.380126953125
2023-06-23,839.16064453125
2023-06-26,836.3627319335938
2023-06-27,849.0758056640625
2023-06-28,856.2422485351562
2023-06-30,862.6724243164062
2023-07-03,863.0650634765625
2023-07-04,849.3212890625
2023-07-05,850.7937622070312
2023-07-06,853.7389526367188
2023-07-07,854.5242919921875
2023-07-10,869.2007446289062
2023-07-11,875.5818481445312
2023-07-12,873.66748046875
2023-07-13,868.8571166992188
2023-07-14,870.2805786132812
2023-07-17,862.0342407226562
2023-07-18,859.4328002929688
2023-07-19,854.8187866210938
2023-07-20,868.6607666015625
2023-07-21,869.789794921875
2023-07-24,871.9004516601562
2023-07-25,867.4827880859375
2023-07-26,873.1275634765625
2023-07-27,878.7723999023438
2023-07-28,878.7232055664062
2023-07-31,873.618408203125
2023-08-01,875.33642578125
2023-08-02,862.0342407226562
2023-08-03,855.7514038085938
2023-08-04,873.3729858398438
2023-08-07,875.0909423828125
2023-08-08,869.2007446289062
2023-08-09,867.5317993164062
2023-08-10,858.794677734375
2023-08-11,858.548095703125
2023-08-14,855.0963745117188
2023-08-16,845.1356201171875
2023-08-17,844.8890991210938
2023-08-18,844.4452514648438
2023-08-21,859.9287719726562
2023-08-22,865.5502319335938
2023-08-23,856.1812744140625
2023-08-24,857.4632568359375
2023-08-25,861.4574584960938
2023-08-28,858.350830078125
2023-08-29,843.4097900390625
2023-08-30,845.924560546875
2023-08-31,844.59326171875
2023-09-01,854.0115356445312
2023-09-04,853.3704833984375
2023-09-05,853.9622192382812
2023-09-06,868.1636352539062
2023-09-07,863.2326049804688
2023-09-08,873.6371459960938
2023-09-11,878.5189208984375
2023-09-12,878.1244506835938
2023-09-13,902.533203125
2023-09-14,902.3359985351562
2023-09-15,923.2437133789062
2023-09-18,907.5136108398438
2023-09-20,898.1445922851562
2023-09-21,905.2946166992188
2023-09-22,898.8349609375
2023-09-25,897.8487548828125
2023-09-26,900.1170043945312
2023-09-27,907.5629272460938
2023-09-28,912.8884887695312
2023-09-29,913.6281127929688
2023-10-03,912.5432739257812
2023-10-04,911.5077514648438
2023-10-05,916.0443725585938
2023-10-06,913.282958984375
2023-10-09,911.8036499023438
2023-10-10,935.2755126953124
2023-10-11,942.425537109375
2023-10-12,937.2479248046876
2023-10-13,941.0448608398438
2023-10-16,933.5003051757812
2023-10-17,940.5025024414062
2023-10-18,939.7135009765624
2023-10-19,929.949951171875
2023-10-20,932.1689453125
2023-10-23,926.3502807617188
2023-10-25,909.8804931640624
2023-10-26,893.0162353515625
2023-10-27,901.9907836914062
2023-10-30,913.480224609375
2023-10-31,901.7935791015624
2023-11-01,900.8566284179688
2023-11-02,911.11328125
2023-11-03,917.9181518554688
2023-11-06,926.251708984375
2023-11-07,924.2299194335938
2023-11-08,923.8353881835938
2023-11-09,919.49609375
2023-11-10,922.6026611328124
2023-11-13,922.1095581054688
2023-11-15,936.9027709960938
2023-11-16,936.458984375
2023-11-17,934.2399291992188
2023-11-20,948.1456298828124
2023-11-21,957.46533203125
2023-11-22,956.3804931640624
2023-11-23,963.1854248046876
2023-11-24,959.733642578125
2023-11-28,971.3216552734376
2023-11-29,981.6768798828124
2023-11-30,1000.7107543945312
2023-12-01,1000.7107543945312
2023-12-04,1018.6598510742188
2023-12-05,1016.8847045898438
2023-12-06,1010.3262939453124
2023-12-07,986.2134399414062
2023-12-08,986.4599609375
2023-12-11,987.0516967773438
2023-12-12,981.5289306640624
2023-12-13,986.1148681640624
2023-12-14,991.341796875
2023-12-15,978.8661499023438
2023-12-18,976.5978393554688
2023-12-19,974.8226928710938
2023-12-20,958.1556396484376
2023-12-21,964.4181518554688
2023-12-22,975.907470703125
2023-12-26,986.0654296875
2023-12-27,1007.1211547851562
2023-12-28,1022.4074096679688
2023-12-29,1017.9694213867188
2024-01-01,999.08349609375
2024-01-02,1007.6142578125
2024-01-03,1020.9281005859376
2024-01-04,1033.4530029296875
2024-01-05,1032.1710205078125
2024-01-08,1034.5872802734375
2024-01-09,1049.82421875
2024-01-10,1048.0489501953125
2024-01-11,1048.1968994140625
2024-01-12,1061.5107421875
2024-01-15,1087.2017822265625
2024-01-16,1080.791259765625
2024-01-17,1070.2882080078125
2024-01-18,1072.0633544921875
2024-01-19,1109.4901123046875
2024-01-23,1142.03515625
2024-01-24,1173.544677734375
2024-01-25,1144.550048828125
2024-01-29,1146.1279296875
2024-01-30,1142.67626953125
2024-01-31,1154.56005859375
2024-02-01,1135.328857421875
2024-02-02,1134.9344482421875
2024-02-05,1098.1981201171875
2024-02-06,1118.4154052734375
2024-02-07,1118.661865234375
2024-02-08,1126.4036865234375
2024-02-09,1104.8056640625
2024-02-12,1103.2769775390625
2024-02-13,1102.438720703125
2024-02-14,1100.4661865234375
2024-02-15,1105.2493896484375
2024-02-16,1104.55908203125
2024-02-19,1126.4530029296875
2024-02-20,1128.1788330078125
2024-02-21,1124.1846923828125
2024-02-22,1119.8946533203125
2024-02-23,1110.229736328125
2024-02-26,1094.7462158203125
2024-02-27,1111.9556884765625
2024-02-28,1113.1883544921875
2024-02-29,1107.86279296875
2024-03-01,1113.13916015625
2024-03-04,1117.8729248046875
2024-03-05,1152.784912109375
2024-03-06,1177.242919921875
2024-03-07,1183.1602783203125
2024-03-11,1180.1029052734375
2024-03-12,1187.6475830078125
2024-03-13,1152.636962890625
2024-03-14,1178.1304931640625
2024-03-15,1203.180419921875
2024-03-18,1208.4073486328125
2024-03-19,1211.415283203125
2024-03-20,1214.8177490234375
2024-03-21,1203.969482421875
2024-03-22,1219.058349609375
2024-03-26,1196.37548828125
2024-03-27,1207.914306640625
2024-03-28,1211.661865234375
2024-04-01,1200.56689453125
2024-04-02,1191.5924072265625
2024-04-03,1208.8017578125
2024-04-04,1190.211669921875
2024-04-05,1174.5802001953125
2024-04-08,1188.09130859375
2024-04-09,1187.8447265625
2024-04-10,1212.4508056640625
2024-04-12,1208.6539306640625
2024-04-15,1207.667724609375
2024-04-16,1199.6793212890625
2024-04-18,1248.2996826171875
2024-04-19,1271.2291259765625
2024-04-22,1279.6612548828125
2024-04-23,1323.843505859375
2024-04-24,1317.9755859375
2024-04-25,1320.243896484375
2024-04-26,1307.718994140625
2024-04-29,1314.080078125
2024-04-30,1304.070068359375
2024-05-02,1286.0716552734375
2024-05-03,1259.7890625
2024-05-06,1265.706298828125
2024-05-07,1268.41845703125
2024-05-08,1270.8345947265625
2024-05-09,1257.8658447265625
2024-05-10,1283.2115478515625
2024-05-13,1268.22119140625
2024-05-14,1266.593994140625
2024-05-15,1291.8409423828125
2024-05-16,1326.5557861328125
2024-05-17,1325.9146728515625
2024-05-21,1325.766845703125
2024-05-22,1329.3170166015625
2024-05-23,1355.1065673828125
2024-05-24,1369.357421875
2024-05-27,1365.2645263671875
2024-05-28,1352.14794921875
2024-05-29,1358.114501953125
2024-05-30,1358.1639404296875
2024-05-31,1353.8245849609375
2024-06-03,1371.92138671875
2024-06-04,1281.7816162109375
2024-06-05,1325.81591796875
2024-06-06,1351.7041015625
2024-06-07,1405.6007080078125
2024-06-10,1406.3897705078125
2024-06-11,1407.5731201171875
2024-06-12,1418.5694580078125
2024-06-13,1406.09375
2024-06-14,1407.7210693359375
2024-06-18,1408.6578369140625
2024-06-19,1373.1541748046875
2024-06-20,1362.108642578125
2024-06-21,1396.527587890625
2024-06-24,1400.225830078125
2024-06-25,1395.4427490234375
2024-06-26,1439.3785400390625
2024-06-27,1455.453857421875
2024-06-28,1424.1414794921875
2024-07-01,1433.954345703125
2024-07-02,1399.3875732421875
2024-07-03,1400.275146484375
2024-07-04,1403.4310302734375
2024-07-05,1409.9893798828125
2024-07-08,1415.3642578125
2024-07-09,1415.7586669921875
2024-07-10,1425.127685546875
2024-07-11,1418.12548828125
2024-07-12,1413.490478515625
2024-07-15,1417.7803955078125
2024-07-16,1446.281982421875
2024-07-18,1463.1956787109375
2024-07-19,1441.5975341796875
2024-07-22,1445.1971435546875
2024-07-23,1445.4930419921875
2024-07-24,1435.1376953125
2024-07-25,1429.1712646484375
2024-07-26,1493.5216064453125
2024-07-29,1460.92724609375
2024-07-30,1450.078857421875
2024-07-31,1470.9866943359375
2024-08-01,1484.744384765625
2024-08-02,1473.2056884765625
2024-08-05,1445.4930419921875
2024-08-06,1423.6484375
2024-08-07,1429.7969970703125
2024-08-08,1439.7637939453125
2024-08-09,1451.961669921875
2024-08-12,1446.50732421875
2024-08-13,1447.59814453125
2024-08-14,1459.4986572265625
2024-08-16,1471.25048828125
2024-08-19,1457.4658203125
2024-08-20,1437.1357421875
2024-08-21,1451.317138671875
2024-08-22,1474.0272216796875
2024-08-23,1494.2581787109375
2024-08-26,1501.0018310546875
2024-08-27,1510.12548828125
2024-08-28,1543.4468994140625
2024-08-29,1552.9178466796875
2024-08-30,1575.8758544921875
2024-09-02,1558.322509765625
2024-09-03,1547.6617431640625
2024-09-04,1548.950927734375
2024-09-05,1534.372802734375
2024-09-06,1526.48876953125
2024-09-09,1529.860595703125
2024-09-10,1564.7686767578125
2024-09-11,1564.7191162109375
2024-09-12,1633.097412109375
2024-09-13,1620.8994140625
2024-09-16,1621.89111328125
2024-09-17,1647.97314453125
2024-09-18,1641.179931640625
2024-09-19,1651.04736328125
2024-09-20,1697.55859375
2024-09-23,1735.937744140625
2024-09-24,1742.0863037109375
2024-09-25,1745.8052978515625
2024-09-26,1756.41650390625
2024-09-27,1720.2191162109375
2024-09-30,1695.3768310546875
2024-10-01,1684.61669921875
2024-10-03,1659.5760498046875
2024-10-04,1627.2960205078125
2024-10-07,1648.2706298828125
2024-10-08,1643.708740234375
2024-10-09,1664.1875
2024-10-10,1664.1875
2024-10-11,1673.4105224609375
2024-10-14,1681.54248046875
2024-10-15,1703.012939453125
2024-10-16,1719.574462890625
2024-10-17,1687.0465087890625
2024-10-18,1693.69091796875
2024-10-21,1678.517822265625
2024-10-22,1678.22021484375
2024-10-23,1671.82373046875
2024-10-24,1664.53466796875
2024-10-25,1652.1878662109375
2024-10-28,1649.559814453125
2024-10-29,1623.5274658203125
2024-10-30,1619.80859375
2024-10-31,1599.2305908203125
2024-11-01,1603.048583984375
2024-11-04,1578.0576171875
2024-11-05,1565.314208984375
2024-11-06,1585.5450439453125
2024-11-07,1562.7357177734375
2024-11-08,1556.8846435546875
2024-11-11,1547.6121826171875
2024-11-12,1542.7528076171875
2024-11-13,1537.5958251953125
2024-11-14,1537.6453857421875
2024-11-18,1524.25732421875
2024-11-19,1512.8526611328125
2024-11-21,1512.505615234375
2024-11-22,1556.2896728515625
2024-11-25,1565.6612548828125
2024-11-26,1564.1737060546875
2024-11-27,1564.5704345703125
2024-11-28,1547.46337890625
2024-11-29,1613.6600341796875
2024-12-02,1629.9735107421875
2024-12-03,1607.11474609375
2024-12-04,1570.966796875
2024-12-05,1601.957763671875
2024-12-06,1584.6029052734375
2024-12-09,1589.263916015625
2024-12-10,1565.5621337890625
2024-12-11,1572.85107421875
2024-12-12,1597.1976318359375
2024-12-13,1667.8072509765625
2024-12-16,1648.7664794921875
2024-12-17,1601.908203125
2024-12-18,1588.619384765625
2024-12-19,1587.0325927734375
2024-12-20,1565.0166015625
2024-12-23,1573.74365234375
2024-12-24,1570.7685546875
2024-12-26,1586.2392578125
2024-12-27,1586.5863037109375
2024-12-30,1573.74365234375
2024-12-31,1574.586669921875
2025-01-01,1582.470703125
2025-01-02,1596.3546142578125
2025-01-03,1585.5946044921875
2025-01-06,1575.28076171875
2025-01-07,1577.660888671875
2025-01-08,1585.941650390625
2025-01-09,1593.7266845703125
2025-01-10,1602.5032958984375
2025-01-13,1583.958251953125
2025-01-14,1586.834228515625
2025-01-15,1594.123291015625
2025-01-16,1616.6846923828125
2025-01-17,1614.007080078125
2025-01-20,1627.5439453125
2025-01-21,1612.6683349609375
2025-01-22,1618.2218017578125
2025-01-23,1622.4366455078125
2025-01-24,1631.1636962890625
2025-01-27,1589.3134765625
2025-01-28,1604.932861328125
2025-01-29,1587.1812744140625
2025-01-30,1627.147216796875
2025-01-31,1612.8170166015625
2025-02-01,1609.7923583984375
2025-02-03,1638.6510009765625
2025-02-04,1647.675537109375
2025-02-05,1646.683837890625
2025-02-06,1606.3212890625
2025-02-07,1662.8487548828125
2025-02-10,1679.013671875
2025-02-11,1682.6829833984375
2025-02-12,1697.3603515625
2025-02-13,1700.3848876953125
2025-02-14,1702.814697265625
2025-02-17,1661.65869140625
2025-02-18,1655.0638427734375
2025-02-19,1631.560302734375
2025-02-20,1629.8743896484375
2025-02-21,1625.65966796875
2025-02-24,1588.0242919921875
2025-02-25,1627.7918701171875
2025-02-27,1636.71728515625
2025-02-28,1557.18212890625
2025-03-03,1582.5699462890625
2025-03-04,1562.2894287109375
2025-03-05,1604.833740234375
2025-03-06,1613.412109375
2025-03-07,1617.1805419921875
2025-03-10,1617.428466796875
2025-03-11,1649.1630859375
2025-03-12,1629.229736328125
2025-03-13,1618.965576171875
2025-03-17,1625.560546875
2025-03-18,1625.560546875
2025-03-19,1623.5770263671875
2025-03-20,1691.1124267578125
2025-03-21,1711.4921875
2025-03-24,1704.5501708984375
2025-03-25,1716.153076171875
2025-03-26,1724.136474609375
2025-03-27,1710.401123046875
2025-03-28,1719.0291748046875
2025-04-01,1709.8558349609375
2025-04-02,1740.0533447265625
2025-04-03,1731.524658203125
2025-04-04,1728.9957275390625
2025-04-07,1672.666748046875
2025-04-08,1706.1368408203125
2025-04-09,1701.3271484375
2025-04-11,1742.0367431640625
2025-04-15,1783.886962890625
2025-04-16,1807.489501953125
2025-04-17,1873.438232421875
2025-04-21,1867.7855224609373
2025-04-22,1836.8441162109373
2025-04-23,1866.0003662109373
2025-04-24,1830.298828125
2025-04-25,1802.13427734375
2025-04-28,1806.6962890625
2025-04-29,1808.6796875
2025-04-30,1849.042236328125
2025-05-02,1832.8773193359373
2025-05-05,1850.52978515625
2025-05-06,1885.2396240234373
2025-05-07,1881.074462890625
2025-05-08,1859.35595703125
2025-05-09,1833.07568359375
2025-05-12,1855.2900390625
2025-05-13,1805.506103515625
2025-05-14,1818.993408203125
2025-05-15,1851.7197265625
2025-05-16,1798.9608154296875
2025-05-19,1803.2252197265625
2025-05-20,1793.9031982421875
2025-05-21,1807.390380859375
2025-05-22,1816.2166748046875
2025-05-23,1816.5140380859373
2025-05-26,1832.083984375
2025-05-27,1828.513916015625
2025-05-28,1840.7117919921875
2025-05-29,1848.149658203125
2025-05-30,1840.8109130859373
2025-06-02,1838.7283935546875
2025-06-03,1826.0345458984373
2025-06-04,1859.851806640625
2025-06-05,1863.2236328125
2025-06-06,1854.6949462890625
2025-06-09,1849.63720703125
2025-06-10,1841.7034912109373
2025-06-11,1844.77783203125
2025-06-12,1828.910400390625
2025-06-13,1825.1419677734373
2025-06-16,1845.8687744140625
2025-06-17,1839.422607421875
2025-06-18,1850.4306640625
2025-06-19,1861.4385986328125
2025-06-20,1920.6435546875
2025-06-23,1920.2469482421875
2025-06-24,1917.5693359375
2025-06-25,1949.303955078125
2025-06-26,1997.600341796875
2025-06-27,2010.2940673828125
2025-06-30,1992.939208984375
2025-07-01,2002.657958984375
2025-07-02,2016.4427490234373
2025-07-03,2002.558837890625
2025-07-04,2000.4761962890625
2025-07-07,2017.037841796875
2025-07-08,2013.1700439453125
2025-07-09,2002.9554443359373
2025-07-10,1948.213134765625
2025-07-11,1905.96630859375
2025-07-14,1904.974609375
2025-07-15,1918.164306640625
2025-07-16,1920.54443359375
2025-07-17,1913.9000244140625
2025-07-18,1901.0
2025-07-21,1909.199951171875
2025-07-22,1906.800048828125
2025-07-23,1943.800048828125
2025-07-24,1936.0999755859373
2025-07-25,1937.9000244140625
2025-07-28,1890.300048828125
2025-07-29,1918.300048828125
2025-07-30,1932.5999755859373
2025-07-31,1914.300048828125
2025-08-01,1884.4000244140625
2025-08-04,1914.5999755859373
2025-08-05,1931.800048828125
2025-08-06,1929.699951171875
2025-08-07,1922.5999755859373
2025-08-08,1858.5999755859373
2025-08-11,1857.4000244140625
2025-08-12,1850.300048828125
2025-08-13,1867.4000244140625
2025-08-14,1873.800048828125
2025-08-18,1892.300048828125
2025-08-19,1909.699951171875
2025-08-20,1928.4000244140625
2025-08-21,1929.9000244140625
2025-08-22,1933.300048828125
2025-08-25,1930.699951171875
2025-08-26,1904.699951171875
2025-08-28,1881.0999755859373
2025-08-29,1888.800048828125
2025-09-01,1900.5999755859373
2025-09-02,1887.199951171875
2025-09-03,1883.9000244140625
2025-09-04,1880.4000244140625
2025-09-05,1895.300048828125
2025-09-08,1887.699951171875
2025-09-09,1893.699951171875
2025-09-10,1891.4000244140625
2025-09-11,1913.0
2025-09-12,1902.5999755859373
2025-09-15,1904.5
2025-09-16,1939.5
2025-09-17,1941.300048828125
2025-09-18,1941.0999755859373
2025-09-19,1962.4000244140625
2025-09-22,1956.199951171875
2025-09-23,1938.699951171875
2025-09-24,1931.0999755859373
2025-09-25,1935.5999755859373
2025-09-26,1916.5999755859373
2025-09-29,1902.199951171875
2025-09-30,1878.4000244140625
2025-10-01,1867.5999755859373
2025-10-03,1896.699951171875
2025-10-06,1903.0999755859373
2025-10-07,1929.0
2025-10-08,1943.5
2025-10-09,1942.0
2025-10-10,1939.9000244140625
2025-10-13,1954.9000244140625
2025-10-14,1946.5999755859373
2025-10-15,1968.5
2025-10-16,1967.4000244140625
2025-10-17,2012.0
2025-10-20,2051.5
2025-10-21,2043.5
2025-10-23,2007.9000244140625
2025-10-24,2029.300048828125
2025-10-27,2080.10009765625
2025-10-28,2090.199951171875
2025-10-29,2100.60009765625
2025-10-30,2066.300048828125
2025-10-31,2054.5
2025-11-03,2074.0
2025-11-04,2113.300048828125
2025-11-06,2094.89990234375
2025-11-07,2001.199951171875
2025-11-10,2019.800048828125
2025-11-11,2042.300048828125
2025-11-12,2073.800048828125
2025-11-13,2091.800048828125
2025-11-14,2100.699951171875
2025-11-17,2112.199951171875
2025-11-18,2149.199951171875
2025-11-19,2159.800048828125
2025-11-20,2158.300048828125
2025-11-21,2162.699951171875
2025-11-24,2152.10009765625
2025-11-25,2161.60009765625
2025-11-26,2126.800048828125
2025-11-27,2115.60009765625
2025-11-28,2101.60009765625
2025-12-01,2089.699951171875
2025-12-02,2104.0
2025-12-03,2086.0
2025-12-04,2103.800048828125
2025-12-05,2108.800048828125
2025-12-08,2086.199951171875
2025-12-09,2089.699951171875
2025-12-10,2067.0
2025-12-11,2053.199951171875
2025-12-12,2083.39990234375
2025-12-15,2069.699951171875
2025-12-16,2102.0
2025-12-17,2108.0
2025-12-18,2092.0
2025-12-19,2097.699951171875
2025-12-22,2147.60009765625
2025-12-23,2122.89990234375
2025-12-24,2123.699951171875
2025-12-26,2105.39990234375
2025-12-29,2081.60009765625
2025-12-30,2099.800048828125
2025-12-31,2105.60009765625
2026-01-01,2110.39990234375
2026-01-02,2106.300048828125
2026-01-05,2105.0
2026-01-06,2105.300048828125
2026-01-07,2084.199951171875
2026-01-08,2066.300048828125
2026-01-09,2027.0999755859373
2026-01-12,2044.0
2026-01-13,2026.9000244140625
2026-01-14,2022.5
2026-01-15,2022.5
2026-01-16,2016.4000244140625
2026-01-19,2010.0
2026-01-20,1996.0
2026-01-21,1996.0999755859373
2026-01-22,2002.199951171875
2026-01-23,1984.699951171875
2026-01-27,1973.4000244140625
2026-01-28,1957.699951171875
2026-01-29,1967.9000244140625
2026-01-30,1968.699951171875
2026-02-02,1965.4000244140625
2026-02-03,1997.300048828125
2026-02-04,2025.800048828125
2026-02-05,1992.4000244140625
2026-02-06,2038.4000244140625
2026-02-09,2038.199951171875
2026-02-10,2011.300048828125
2026-02-11,2012.0999755859373
2026-02-12,2014.5
2026-02-13,2004.699951171875
2026-02-16,2029.4000244140625
2026-02-17,2020.300048828125
2026-02-18,2021.800048828125
2026-02-19,1988.5999755859373
2026-02-20,1977.4000244140625
2026-02-23,1997.300048828125
2026-02-24,1941.0
2026-02-25,1913.4000244140625
2026-02-26,1929.5999755859373
2026-02-27,1879.300048828125
2026-03-02,1873.199951171875
2026-03-04,1905.9000244140625
2026-03-05,1907.0
2026-03-06,1870.800048828125
2026-03-09,1866.699951171875
2026-03-10,1850.4000244140625
2026-03-11,1807.0
2026-03-12,1801.300048828125
2026-03-13,1803.4000244140625
2026-03-16,1788.800048828125
2026-03-17,1827.0
2026-03-18,1855.4000244140625
2026-03-19,1827.0
2026-03-20,1846.0999755859373
2026-03-23,1795.9000244140625
2026-03-24,1802.0999755859373
2026-03-25,1834.9000244140625
2026-03-27,1843.9000244140625
2026-03-30,1782.4000244140625
2026-04-01,1781.9000244140625
2026-04-02,1789.699951171875
2026-04-06,1792.800048828125
2026-04-07,1830.300048828125
2026-04-08,1861.5999755859373
2026-04-09,1859.4000244140625
2026-04-10,1870.0
2026-04-13,1870.9000244140625
2026-04-15,1855.699951171875
2026-04-16,1840.5999755859373
2026-04-17,1846.9000244140625
2026-04-20,1846.0999755859373
2026-04-21,1855.0
2026-04-22,1829.0
2026-04-23,1841.199951171875
2026-04-24,1814.5
2026-04-27,1820.0999755859373
2026-04-28,1843.800048828125
2026-04-29,1888.0999755859373
2026-04-30,1886.800048828125
2026-05-01,1886.800048828125
2026-05-04,1827.0999755859373
2026-05-05,1806.0999755859373
2026-05-06,1833.699951171875
2026-05-07,1826.5999755859373
2026-05-08,1834.5
2026-05-11,1759.800048828125
2026-05-12,1756.800048828125
2026-05-13,1789.199951171875
2026-05-14,1883.5
2026-05-15,1905.4000244140625
2026-05-18,1938.0999755859373
2026-05-19,1913.5
2026-05-20,1904.9000244140625
2026-05-21,1885.300048828125
2026-05-22,1871.4000244140625
2026-05-25,1874.800048828125
2026-05-26,1846.9000244140625
2026-05-27,1852.199951171875
2026-05-28,1852.199951171875
2026-05-29,1829.0
2026-06-01,1810.5999755859375
2026-06-02,1814.199951171875
2026-06-03,1824.0999755859375
2026-06-04,1818.9000244140625
2026-06-05,1798.199951171875
2026-06-08,1813.300048828125
2026-06-09,1799.0
2026-06-10,1775.199951171875
2026-06-11,1782.5999755859375
