,close
2006-01-02,17.265682220458984
2006-01-03,17.04498291015625
2006-01-04,16.891855239868164
2006-01-05,17.042736053466797
2006-01-06,17.112545013427734
2006-01-09,16.646392822265625
2006-01-10,16.943649291992188
2006-01-12,16.66215705871582
2006-01-13,16.689178466796875
2006-01-16,16.889596939086914
2006-01-17,16.664405822753906
2006-01-18,16.599102020263672
2006-01-19,16.9368953704834
2006-01-20,17.159833908081055
2006-01-23,16.549556732177734
2006-01-24,16.653146743774414
2006-01-25,16.13519859313965
2006-01-27,15.714081764221191
2006-01-30,14.970948219299316
2006-01-31,15.146594047546388
2006-02-01,14.87185764312744
2006-02-02,15.151097297668455
2006-02-03,15.37403964996338
2006-02-06,15.135335922241213
2006-02-07,15.365033149719238
2006-02-08,15.313237190246582
2006-02-10,15.166865348815918
2006-02-13,15.040756225585938
2006-02-14,14.842581748962402
2006-02-15,14.446236610412598
2006-02-16,14.342652320861816
2006-02-17,14.178256034851074
2006-02-20,14.441732406616213
2006-02-21,14.6444091796875
2006-02-22,14.662425994873049
2006-02-23,14.639907836914062
2006-02-24,15.031744956970217
2006-02-27,14.87636375427246
2006-02-28,15.070027351379396
2006-03-01,15.781641960144045
2006-03-02,15.988824844360352
2006-03-03,16.211769104003906
2006-03-06,16.700439453125
2006-03-07,16.418941497802734
2006-03-08,17.64851188659668
2006-03-09,17.31072235107422
2006-03-10,17.12830924987793
2006-03-13,17.4548397064209
2006-03-14,16.70944595336914
2006-03-16,16.993192672729492
2006-03-17,16.993192672729492
2006-03-20,17.35124969482422
2006-03-21,17.092273712158203
2006-03-22,16.9414005279541
2006-03-23,17.209379196166992
2006-03-24,17.14181900024414
2006-03-27,17.355754852294922
2006-03-28,17.072010040283203
2006-03-29,16.903114318847656
2006-03-30,16.891855239868164
2006-03-31,17.700298309326172
2006-04-03,17.69355010986328
2006-04-04,17.821910858154297
2006-04-05,17.549421310424805
2006-04-07,17.779117584228516
2006-04-10,17.91423797607422
2006-04-12,17.743091583251953
2006-04-13,17.562938690185547
2006-04-17,18.25653076171875
2006-04-18,19.553653717041016
2006-04-19,19.63697624206543
2006-04-20,19.265405654907227
2006-04-21,19.116775512695312
2006-04-24,19.553653717041016
2006-04-25,19.085250854492188
2006-04-26,18.75872039794922
2006-04-27,19.26765823364257
2006-04-28,19.92522621154785
2006-05-02,19.81713104248047
2006-05-03,20.02881622314453
2006-05-04,19.778852462768555
2006-05-05,19.85091209411621
2006-05-08,19.8779354095459
2006-05-09,19.907211303710938
2006-05-10,20.03557014465332
2006-05-11,21.21108627319336
2006-05-12,22.1951904296875
2006-05-15,21.555635452270508
2006-05-16,21.18856811523437
2006-05-17,20.87104606628418
2006-05-18,19.945499420166016
2006-05-19,18.9636459350586
2006-05-22,18.28130531311035
2006-05-23,18.006567001342773
2006-05-24,18.697917938232425
2006-05-25,19.7968692779541
2006-05-26,20.38912773132324
2006-05-29,20.07159996032715
2006-05-30,20.40263938903809
2006-05-31,19.506366729736328
2006-06-01,19.051469802856445
2006-06-02,18.279050827026367
2006-06-05,18.740703582763672
2006-06-06,18.4907341003418
2006-06-07,17.317474365234375
2006-06-08,16.637386322021484
2006-06-09,16.80853271484375
2006-06-12,16.86032485961914
2006-06-13,17.231897354125977
2006-06-14,15.925772666931152
2006-06-15,15.759127616882324
2006-06-16,16.412189483642578
2006-06-19,16.619367599487305
2006-06-20,16.668912887573242
2006-06-21,17.77686882019043
2006-06-22,18.006567001342773
2006-06-23,18.240766525268555
2006-06-26,18.017826080322266
2006-06-27,17.977294921875
2006-06-28,18.335355758666992
2006-06-29,18.465965270996094
2006-06-30,18.612340927124023
2006-07-03,18.36237907409668
2006-07-04,19.05865478515625
2006-07-05,19.08664894104004
2006-07-06,19.43651962280273
2006-07-07,18.911714553833008
2006-07-10,19.3945369720459
2006-07-11,19.343217849731445
2006-07-12,19.38520622253418
2006-07-13,19.259252548217773
2006-07-14,19.24292755126953
2006-07-17,19.116973876953125
2006-07-18,19.093645095825195
2006-07-19,18.249286651611328
2006-07-20,17.09471321105957
2006-07-21,17.013078689575195
2006-07-24,16.97342300415039
2006-07-25,17.472570419311523
2006-07-26,18.24462509155273
2006-07-27,18.19331359863281
2006-07-28,17.94140625
2006-07-31,18.190975189208984
2006-08-01,18.211971282958984
2006-08-02,18.270278930664062
2006-08-03,18.53385353088379
2006-08-04,17.95306968688965
2006-08-07,17.883092880249023
2006-08-08,17.77346420288086
2006-08-09,17.785127639770508
2006-08-10,17.864431381225586
2006-08-11,18.025373458862305
2006-08-14,17.948400497436523
2006-08-16,18.04636573791504
2006-08-17,18.06035614013672
2006-08-18,17.920412063598633
2006-08-21,17.617189407348633
2006-08-22,17.645179748535156
2006-08-23,17.416593551635742
2006-08-24,17.306970596313477
2006-08-25,17.25565528869629
2006-08-28,17.299972534179688
2006-08-29,17.306970596313477
2006-08-30,17.211341857910156
2006-08-31,17.05972671508789
2006-09-01,16.98042106628418
2006-09-04,17.013078689575195
2006-09-05,17.05972671508789
2006-09-06,16.943105697631836
2006-09-07,16.786827087402344
2006-09-08,16.779830932617188
2006-09-11,16.78216552734375
2006-09-12,16.357656478881836
2006-09-13,16.327333450317383
2006-09-14,16.1873836517334
2006-09-15,16.318002700805664
2006-09-18,17.101715087890625
2006-09-19,17.064390182495117
2006-09-20,16.98741912841797
2006-09-21,17.125038146972656
2006-09-22,16.791494369506836
2006-09-25,17.076051712036133
2006-09-26,17.192678451538086
2006-09-27,17.79445457458496
2006-09-28,18.3962345123291
2006-09-29,19.6137924194336
2006-10-03,21.62438201904297
2006-10-04,20.609752655029297
2006-10-05,20.609752655029297
2006-10-06,20.58642768859864
2006-10-09,20.5631103515625
2006-10-10,20.40217018127441
2006-10-11,19.993986129760746
2006-10-12,20.775362014770508
2006-10-13,21.01094055175781
2006-10-16,20.62608337402344
2006-10-17,20.64941024780273
2006-10-18,20.996946334838867
2006-10-19,21.447114944458008
2006-10-20,21.04593086242676
2006-10-23,21.521753311157227
2006-10-26,22.195838928222656
2006-10-27,23.47636985778809
2006-10-30,23.772592544555664
2006-10-31,24.635610580444336
2006-11-01,26.50159072875977
2006-11-02,29.06731605529785
2006-11-03,28.911039352416992
2006-11-06,28.752422332763672
2006-11-07,27.87308120727539
2006-11-08,27.78445053100586
2006-11-09,27.700485229492188
2006-11-10,27.19432830810547
2006-11-13,27.427583694458008
2006-11-14,27.243316650390625
2006-11-15,27.00539970397949
2006-11-16,26.921432495117188
2006-11-17,27.392593383789062
2006-11-20,27.157012939453125
2006-11-21,27.150020599365234
2006-11-22,28.038698196411133
2006-11-23,27.67948532104492
2006-11-24,27.583858489990234
2006-11-27,27.810117721557617
2006-11-28,27.51622009277344
2006-11-29,27.593191146850582
2006-11-30,27.99437522888184
2006-12-01,27.92673110961914
2006-12-04,27.938396453857425
2006-12-05,27.99437522888184
2006-12-06,27.961719512939453
2006-12-07,27.98037910461425
2006-12-08,28.136659622192383
2006-12-11,27.55120658874512
2006-12-12,27.070720672607425
2006-12-13,26.96808433532715
2006-12-14,27.50922393798828
2006-12-15,27.72612953186035
2006-12-18,28.10399436950684
2006-12-19,28.150650024414062
2006-12-20,27.817108154296875
2006-12-21,27.938396453857425
2006-12-22,28.01303482055664
2006-12-26,28.84339904785156
2006-12-27,29.72040748596192
2006-12-28,30.576425552368164
2006-12-29,32.28146743774414
2007-01-02,32.7013053894043
2007-01-03,32.09952163696289
2007-01-04,32.946224212646484
2007-01-05,32.99286651611328
2007-01-08,32.03654479980469
2007-01-09,30.613744735717773
2007-01-10,30.46213150024414
2007-01-11,29.400856018066406
2007-01-12,30.578754425048828
2007-01-15,30.94029235839844
2007-01-16,29.774049758911133
2007-01-17,31.908266067504883
2007-01-18,32.28146743774414
2007-01-19,31.476757049560547
2007-01-22,32.09486770629883
2007-01-23,35.8384895324707
2007-01-24,40.84165191650391
2007-01-25,39.32553482055664
2007-01-29,39.03398132324219
2007-01-31,35.75685119628906
2007-02-01,35.022125244140625
2007-02-02,35.68688201904297
2007-02-05,36.398284912109375
2007-02-06,35.803497314453125
2007-02-07,35.4302978515625
2007-02-08,34.100791931152344
2007-02-09,32.9112434387207
2007-02-12,31.68667984008789
2007-02-13,31.72167015075684
2007-02-14,31.908266067504883
2007-02-15,33.57599258422852
2007-02-19,37.82109451293945
2007-02-20,37.64616012573242
2007-02-21,37.07470703125
2007-02-22,36.608211517333984
2007-02-23,34.800533294677734
2007-02-26,34.29904556274414
2007-02-27,34.60227584838867
2007-02-28,32.53803253173828
2007-03-01,30.800338745117188
2007-03-02,29.039331436157227
2007-03-05,26.730165481567383
2007-03-06,27.94306182861328
2007-03-07,26.96342658996582
2007-03-08,27.919736862182617
2007-03-09,28.19963264465332
2007-03-12,29.13261604309082
2007-03-13,30.905303955078125
2007-03-14,29.5991268157959
2007-03-15,31.26684188842773
2007-03-16,30.20556831359864
2007-03-19,29.83237838745117
2007-03-20,29.715740203857425
2007-03-21,30.217226028442383
2007-03-22,30.555429458618164
2007-03-23,31.73333549499512
2007-03-26,31.3134880065918
2007-03-28,30.310527801513672
2007-03-29,30.43881797790528
2007-03-30,30.59041786193848
2007-04-02,30.450469970703125
2007-04-03,30.1005973815918
2007-04-04,29.995643615722656
2007-04-05,29.93732070922852
2007-04-09,31.126888275146484
2007-04-10,30.77702522277832
2007-04-11,31.651700973510746
2007-04-12,31.08024406433105
2007-04-13,32.164833068847656
2007-04-16,33.09783172607422
2007-04-17,32.29312896728516
2007-04-18,32.0715446472168
2007-04-19,31.896608352661133
2007-04-20,32.40975570678711
2007-04-23,31.896608352661133
2007-04-24,32.01323318481445
2007-04-25,32.573028564453125
2007-04-26,32.14152145385742
2007-04-27,31.430110931396484
2007-04-30,31.628374099731445
2007-05-03,31.558399200439453
2007-05-04,31.7683219909668
2007-05-07,31.61669158935547
2007-05-08,31.185197830200195
2007-05-09,31.10356903076172
2007-05-10,31.82663345336914
2007-05-11,31.8149642944336
2007-05-14,32.52637481689453
2007-05-15,32.14152145385742
2007-05-16,31.93159484863281
2007-05-17,32.17650604248047
2007-05-18,33.925865173339844
2007-05-21,33.01618957519531
2007-05-22,32.84125900268555
2007-05-23,32.059871673583984
2007-05-24,31.698347091674805
2007-05-25,32.22315216064453
2007-05-28,32.17650604248047
2007-05-29,32.96955108642578
2007-05-30,32.35143280029297
2007-05-31,32.129852294921875
2007-06-01,32.584693908691406
2007-06-04,32.643001556396484
2007-06-05,32.68964767456055
2007-06-06,33.30775833129883
2007-06-07,32.50304412841797
2007-06-08,33.70427703857422
2007-06-11,34.48567199707031
2007-06-12,33.55265808105469
2007-06-13,32.876243591308594
2007-06-14,34.24074935913086
2007-06-15,33.65761947631836
2007-06-18,33.051177978515625
2007-06-19,32.736297607421875
2007-06-20,32.66633605957031
2007-06-21,32.80628204345703
2007-06-22,32.68964767456055
2007-06-25,32.7013053894043
2007-06-26,32.7013053894043
2007-06-27,32.80628204345703
2007-06-28,32.95348358154297
2007-06-29,32.624290466308594
2007-07-02,32.494972229003906
2007-07-03,32.29511260986328
2007-07-04,32.342140197753906
2007-07-05,32.25983810424805
2007-07-06,32.80064010620117
2007-07-09,32.68307113647461
2007-07-10,32.58902359008789
2007-07-11,32.412681579589844
2007-07-12,32.4244384765625
2007-07-13,31.84836769104004
2007-07-16,31.754308700561523
2007-07-17,32.33039474487305
2007-07-18,31.74256134033203
2007-07-19,31.83661460876465
2007-07-20,31.33108711242676
2007-07-23,30.61392974853516
2007-07-24,30.21421241760254
2007-07-25,29.53233337402344
2007-07-26,29.602882385253903
2007-07-27,29.34422874450684
2007-07-30,29.49706649780273
2007-07-31,29.320714950561523
2007-08-01,28.28614616394043
2007-08-02,28.21560859680176
2007-08-03,28.250883102416992
2007-08-06,28.274398803710938
2007-08-07,27.54548454284668
2007-08-08,29.01504707336425
2007-08-09,28.403711318969727
2007-08-10,28.0157470703125
2007-08-13,28.68586540222168
2007-08-14,28.533035278320312
2007-08-16,27.886430740356445
2007-08-17,27.39265251159668
2007-08-20,27.23981475830078
2007-08-21,27.275087356567383
2007-08-22,27.19279289245605
2007-08-23,26.945905685424805
2007-08-24,26.428617477416992
2007-08-27,27.204545974731445
2007-08-28,27.85115432739257
2007-08-29,27.216306686401367
2007-08-30,27.32210922241211
2007-08-31,27.71007537841797
2007-09-03,28.521270751953125
2007-09-04,28.48601150512696
2007-09-05,28.3566837310791
2007-09-06,28.697620391845703
2007-09-07,28.82694625854492
2007-09-10,29.02680778503418
2007-09-11,28.909238815307617
2007-09-12,28.344932556152344
2007-09-13,33.353206634521484
2007-09-14,31.27229690551757
2007-09-17,30.03785896301269
2007-09-18,29.73219108581543
2007-09-19,29.54408836364746
2007-09-20,28.82694625854492
2007-09-21,28.1333122253418
2007-09-24,27.874670028686523
2007-09-25,27.47494506835937
2007-09-26,27.898178100585938
2007-09-27,28.344932556152344
2007-09-28,28.19209861755371
2007-10-01,27.74535179138184
2007-10-03,28.3566837310791
2007-10-04,27.90993881225586
2007-10-05,27.134008407592773
2007-10-08,26.816585540771484
2007-10-09,26.96941947937012
2007-10-10,27.39265251159668
2007-10-11,27.00469207763672
2007-10-12,26.816585540771484
2007-10-15,27.157520294189453
2007-10-16,26.88712310791016
2007-10-17,26.40510368347168
2007-10-18,27.204545974731445
2007-10-19,26.546192169189453
2007-10-22,26.557939529418945
2007-10-23,26.569700241088867
2007-10-24,26.428617477416992
2007-10-25,26.19348526000977
2007-10-26,26.1582145690918
2007-10-29,25.8878231048584
2007-10-30,25.876060485839844
2007-10-31,25.38228988647461
2007-11-01,24.700414657592773
2007-11-02,24.75919914245605
2007-11-05,24.700414657592773
2007-11-06,24.700414657592773
2007-11-07,24.46528625488281
2007-11-08,23.60705947875977
2007-11-12,24.300689697265625
2007-11-13,23.73638153076172
2007-11-14,24.982572555541992
2007-11-15,25.02959251403809
2007-11-16,24.912033081054688
2007-11-19,25.064865112304688
2007-11-20,24.688655853271484
2007-11-21,23.136796951293945
2007-11-22,22.98396110534668
2007-11-23,23.39544486999512
2007-11-26,23.32490348815918
2007-11-27,23.583545684814453
2007-11-28,28.26262855529785
2007-11-29,29.02680778503418
2007-11-30,29.955570220947266
2007-12-03,29.59111595153809
2007-12-04,28.380199432373047
2007-12-05,28.803430557250977
2007-12-06,29.53233337402344
2007-12-07,32.61254119873047
2007-12-10,31.55445671081543
2007-12-11,31.51918601989746
2007-12-12,31.225271224975582
2007-12-13,30.837305068969727
2007-12-14,30.472856521606445
2007-12-17,29.19140243530273
2007-12-18,29.03856468200684
2007-12-19,28.82694625854492
2007-12-20,29.40301513671875
2007-12-24,30.34352684020996
2007-12-26,30.543397903442383
2007-12-27,29.743955612182617
2007-12-28,30.02610969543457
2007-12-31,31.436891555786133
2008-01-01,30.813804626464844
2008-01-02,30.49637222290039
2008-01-03,30.1789493560791
2008-01-04,29.802734375
2008-01-07,29.73219108581543
2008-01-08,29.203149795532227
2008-01-09,30.21421241760254
2008-01-10,28.591812133789062
2008-01-11,28.239118576049805
2008-01-14,28.20385360717773
2008-01-15,27.73359107971192
2008-01-16,26.86360740661621
2008-01-17,27.0634765625
2008-01-18,25.3235092163086
2008-01-21,21.514404296875
2008-01-22,17.22327995300293
2008-01-23,18.88094520568848
2008-01-24,18.59878921508789
2008-01-25,20.87954902648925
2008-01-28,20.79725456237793
2008-01-29,21.32629776000977
2008-01-30,20.87954902648925
2008-01-31,19.91551399230957
2008-02-01,21.020626068115234
2008-02-04,21.20873069763184
2008-02-05,21.102924346923828
2008-02-06,20.65617752075196
2008-02-07,20.05659484863281
2008-02-08,19.70389747619629
2008-02-11,18.22258377075196
2008-02-12,17.622995376586914
2008-02-13,16.929367065429688
2008-02-14,18.798646926879883
2008-02-15,18.963239669799805
2008-02-18,19.386474609375
2008-02-19,20.138887405395508
2008-02-20,19.71565628051757
2008-02-21,20.479825973510746
2008-02-22,19.762683868408203
2008-02-25,19.52755355834961
2008-02-26,20.20943069458008
2008-02-27,20.127138137817383
2008-02-28,19.598087310791016
2008-02-29,19.70389747619629
2008-03-03,18.798646926879883
2008-03-04,18.563514709472656
2008-03-05,18.363656997680664
2008-03-07,17.270301818847656
2008-03-10,16.835308074951172
2008-03-11,17.50543212890625
2008-03-12,16.952877044677734
2008-03-13,16.459104537963867
2008-03-14,16.541399002075195
2008-03-17,14.96603012084961
2008-03-18,14.425230979919434
2008-03-19,14.3311767578125
2008-03-24,13.97848129272461
2008-03-25,14.648600578308104
2008-03-26,17.822860717773438
2008-03-27,18.21082305908203
2008-03-28,18.18730926513672
2008-03-31,18.43419647216797
2008-04-01,18.12852478027344
2008-04-02,17.928667068481445
2008-04-03,18.29311752319336
2008-04-04,18.316635131835938
2008-04-07,19.05729103088379
2008-04-08,20.021324157714844
2008-04-09,20.45631980895996
2008-04-10,20.51509666442871
2008-04-11,20.115375518798828
2008-04-15,21.079408645629883
2008-04-16,21.173463821411133
2008-04-17,23.6423282623291
2008-04-21,26.40510368347168
2008-04-22,24.57108688354492
2008-04-23,24.735679626464844
2008-04-24,23.254365921020508
2008-04-25,25.123645782470703
2008-04-28,21.22048759460449
2008-04-29,21.714262008666992
2008-04-30,21.60845184326172
2008-05-02,21.349809646606445
2008-05-05,20.87954902648925
2008-05-06,20.468067169189453
2008-05-07,20.385780334472656
2008-05-08,19.856733322143555
2008-05-09,19.21013069152832
2008-05-12,18.49297332763672
2008-05-13,18.304874420166016
2008-05-14,18.622299194335938
2008-05-15,19.551063537597656
2008-05-16,19.362960815429688
2008-05-20,19.21013069152832
2008-05-21,19.32768821716309
2008-05-22,19.22188186645508
2008-05-23,18.18730926513672
2008-05-26,17.56421661376953
2008-05-27,17.881643295288086
2008-05-28,18.03447723388672
2008-05-29,17.376110076904297
2008-05-30,17.999208450317383
2008-06-02,16.9176082611084
2008-06-03,16.52964210510254
2008-06-04,16.04762840270996
2008-06-05,16.43559455871582
2008-06-06,16.012357711791992
2008-06-09,15.342236518859863
2008-06-10,15.259939193725586
2008-06-11,15.659658432006836
2008-06-12,15.589122772216797
2008-06-13,17.36435317993164
2008-06-16,17.093955993652344
2008-06-17,17.470163345336914
2008-06-18,17.258544921875
2008-06-19,16.764774322509766
2008-06-20,15.74195957183838
2008-06-23,15.377503395080566
2008-06-24,14.977785110473633
2008-06-25,15.17764663696289
2008-06-26,14.76616668701172
2008-06-27,14.566302299499512
2008-06-30,13.73159408569336
2008-07-01,12.708782196044922
2008-07-02,13.378901481628418
2008-07-03,12.685267448425291
2008-07-04,13.07323169708252
2008-07-07,13.555243492126465
2008-07-08,14.154831886291504
2008-07-09,14.989541053771973
2008-07-10,15.659658432006836
2008-07-11,14.484014511108398
2008-07-14,14.143073081970217
2008-07-15,13.555243492126465
2008-07-16,13.132012367248535
2008-07-17,13.82564926147461
2008-07-18,13.249578475952148
2008-07-21,12.9439115524292
2008-07-22,12.920397758483888
2008-07-23,13.167282104492188
2008-07-24,13.20255184173584
2008-07-25,13.273096084594728
2008-07-28,14.824951171875
2008-07-29,14.848466873168944
2008-07-30,14.636848449707031
2008-07-31,14.084290504455566
2008-08-01,14.190099716186523
2008-08-04,14.613332748413086
2008-08-05,14.777923583984377
2008-08-06,14.507521629333496
2008-08-07,16.094650268554688
2008-08-08,15.671419143676758
2008-08-11,15.725485801696776
2008-08-12,16.036405563354492
2008-08-13,16.060325622558594
2008-08-14,16.31145477294922
2008-08-18,15.59394073486328
2008-08-19,15.354771614074709
2008-08-20,15.510234832763672
2008-08-21,14.661176681518556
2008-08-22,14.457880020141602
2008-08-25,14.290461540222168
2008-08-26,14.35025405883789
2008-08-27,13.859952926635742
2008-08-28,13.2620267868042
2008-08-29,13.812118530273438
2008-09-01,13.9317045211792
2008-09-02,14.063250541687012
2008-09-04,14.37416934967041
2008-09-05,14.015416145324709
2008-09-08,14.123045921325684
2008-09-09,14.25458812713623
2008-09-10,14.278505325317385
2008-09-11,13.871912956237791
2008-09-12,13.393569946289062
2008-09-15,11.9107084274292
2008-09-16,11.539995193481444
2008-09-17,11.025776863098145
2008-09-18,10.535476684570312
2008-09-19,11.037736892700195
2008-09-22,10.894234657287598
2008-09-23,10.643105506896973
2008-09-24,10.427848815917969
2008-09-25,9.877758026123049
2008-09-26,9.220037460327148
2008-09-29,8.430774688720703
2008-09-30,8.418814659118652
2008-10-01,8.263355255126953
2008-10-03,8.107894897460938
2008-10-06,7.127293109893799
2008-10-07,7.115333557128906
2008-10-08,6.409780502319336
2008-10-10,5.560724258422852
2008-10-13,6.373904705047607
2008-10-14,7.043583869934082
2008-10-15,6.684826850891113
2008-10-16,6.744620800018311
2008-10-17,6.565241813659668
2008-10-20,6.529365539550781
2008-10-21,7.653469085693359
2008-10-22,7.486049652099609
2008-10-23,7.175127029418945
2008-10-24,6.529365539550781
2008-10-27,6.206485748291016
2008-10-29,6.349986553192139
2008-10-31,6.923998355865479
2008-11-03,7.701303958892822
2008-11-04,7.725222110748291
2008-11-05,7.701303958892822
2008-11-06,7.4980082511901855
2008-11-07,7.521923542022705
2008-11-10,7.808929443359375
2008-11-11,7.581718921661377
2008-11-12,7.4501729011535645
2008-11-14,7.234918594360352
2008-11-17,7.258837699890137
2008-11-18,7.151211738586426
2008-11-19,6.361944675445557
2008-11-20,6.290194511413574
2008-11-21,6.134734153747559
2008-11-24,6.003189563751221
2008-11-25,5.9553542137146
2008-11-26,5.764018535614014
2008-11-27,5.764018535614014
2008-11-28,6.170609951019287
2008-12-01,5.799895286560059
2008-12-02,5.680309772491455
2008-12-03,5.5726823806762695
2008-12-04,5.823812007904053
2008-12-05,6.051023960113525
2008-12-08,6.158651351928711
2008-12-10,6.601115703582764
2008-12-11,6.421739101409912
2008-12-12,6.672867774963379
2008-12-15,6.75657844543457
2008-12-16,7.187084674835205
2008-12-17,7.115333557128906
2008-12-18,7.127293109893799
2008-12-19,7.175127029418945
2008-12-22,7.055542945861816
2008-12-23,6.780494689941406
2008-12-24,6.421739101409912
2008-12-26,6.110816478729248
2008-12-29,6.349986553192139
2008-12-30,6.266278266906738
2008-12-31,6.4456562995910645
2009-01-02,6.433696746826172
2009-01-05,6.51740837097168
2009-01-06,6.349986553192139
2009-01-07,5.584641456604004
2009-01-09,5.560724258422852
2009-01-12,5.548765182495117
2009-01-13,5.465056419372559
2009-01-14,5.524847507476807
2009-01-15,5.381344795227051
2009-01-16,5.309594631195068
2009-01-19,5.273717403411865
2009-01-20,5.357429027557373
2009-01-21,5.094340801239014
2009-01-22,5.046505451202393
2009-01-23,5.022588729858398
2009-01-27,5.070423126220703
2009-01-28,5.405262470245361
2009-01-29,5.500929832458496
2009-01-30,5.333510398864746
2009-02-02,5.237842082977295
2009-02-03,5.190009117126465
2009-02-04,5.022588729858398
2009-02-05,4.974754810333252
2009-02-06,5.010629653930664
2009-02-09,4.926920413970947
2009-02-10,4.891044616699219
2009-02-11,4.891044616699219
2009-02-12,5.225884437561035
2009-02-13,5.297635078430176
2009-02-16,5.058464050292969
2009-02-17,4.914960861206055
2009-02-18,5.058464050292969
2009-02-19,4.974754810333252
2009-02-20,4.903002738952637
2009-02-24,5.010629653930664
2009-02-25,5.094340801239014
2009-02-26,5.1302170753479
2009-02-27,5.1302170753479
2009-03-02,4.9986724853515625
2009-03-03,4.986713409423828
2009-03-04,4.986713409423828
2009-03-05,4.938879013061523
2009-03-06,4.938879013061523
2009-03-09,4.843211174011231
2009-03-12,4.81929349899292
2009-03-13,4.891044616699219
2009-03-16,5.261760234832764
2009-03-17,5.429179191589356
2009-03-18,6.361944675445557
2009-03-19,6.409780502319336
2009-03-20,6.182567596435547
2009-03-23,6.098856925964356
2009-03-24,5.991231441497803
2009-03-25,5.979272365570068
2009-03-26,6.051023960113525
2009-03-27,6.206485748291016
2009-03-30,6.206485748291016
2009-03-31,6.122774600982666
2009-04-01,6.338027000427246
2009-04-02,6.361944675445557
2009-04-06,6.469571590423584
2009-04-08,7.773054599761963
2009-04-09,7.438215255737305
2009-04-13,8.394898414611816
2009-04-15,9.54291820526123
2009-04-16,9.578794479370115
2009-04-17,9.9016752243042
2009-04-20,9.495086669921877
2009-04-21,9.495086669921877
2009-04-22,9.267874717712402
2009-04-23,9.04066276550293
2009-04-24,9.315707206726074
2009-04-27,9.590755462646484
2009-04-28,10.559395790100098
2009-04-29,10.750731468200684
2009-04-30,10.667022705078123
2009-05-04,11.04969596862793
2009-05-05,11.348660469055176
2009-05-06,10.822482109069824
2009-05-07,10.834444046020508
2009-05-08,10.200638771057127
2009-05-11,9.578794479370115
2009-05-12,9.877758026123049
2009-05-13,10.200638771057127
2009-05-14,10.045177459716797
2009-05-15,9.925592422485352
2009-05-18,10.91815185546875
2009-05-19,10.511564254760742
2009-05-20,11.56391143798828
2009-05-21,11.9107084274292
2009-05-22,11.647624969482422
2009-05-25,12.269468307495115
2009-05-26,11.683499336242676
2009-05-27,12.532556533813477
2009-05-28,12.40101146697998
2009-05-29,12.233591079711914
2009-06-01,12.389049530029297
2009-06-02,13.309860229492188
2009-06-03,13.7762451171875
2009-06-04,14.386130332946776
2009-06-05,13.740367889404297
2009-06-08,13.058731079101562
2009-06-09,13.082649230957031
2009-06-10,12.986981391906738
2009-06-11,12.652138710021973
2009-06-12,13.178318977355955
2009-06-15,12.52059841156006
2009-06-16,12.137919425964355
2009-06-17,11.61174774169922
2009-06-18,11.444326400756836
2009-06-19,11.56391143798828
2009-06-22,11.217113494873049
2009-06-23,10.858358383178713
2009-06-24,11.396495819091797
2009-06-25,11.81504249572754
2009-06-26,12.090089797973633
2009-06-29,12.185754776000977
2009-06-30,11.743291854858398
2009-07-01,11.743291854858398
2009-07-02,12.125149726867676
2009-07-03,12.088555335998535
2009-07-06,11.990966796875
2009-07-07,11.832389831542969
2009-07-08,11.332257270812988
2009-07-09,10.758933067321776
2009-07-10,10.636948585510254
2009-07-13,10.014836311340332
2009-07-14,11.027297019958496
2009-07-15,11.515231132507324
2009-07-16,12.125149726867676
2009-07-17,13.271793365478516
2009-07-20,13.94269847869873
2009-07-21,13.405973434448242
2009-07-22,12.735064506530762
2009-07-23,13.015626907348633
2009-07-24,12.954635620117188
2009-07-27,12.942437171936035
2009-07-28,13.00342845916748
2009-07-29,12.722867012023926
2009-07-30,12.783859252929688
2009-07-31,12.96683406829834
2009-08-03,13.113211631774902
2009-08-04,13.08881378173828
2009-08-05,12.83265209197998
2009-08-06,12.783859252929688
2009-08-07,12.308124542236328
2009-08-10,12.186142921447754
2009-08-11,12.564290046691896
2009-08-12,12.442304611206056
2009-08-13,12.796058654785156
2009-08-14,13.296191215515137
2009-08-17,13.967097282409668
2009-08-18,14.674602508544922
2009-08-19,15.418701171875
2009-08-20,16.199392318725586
2009-08-21,17.016679763793945
2009-08-24,17.870567321777344
2009-08-25,18.77324485778809
2009-08-26,19.71251678466797
2009-08-27,20.700580596923828
2009-08-28,21.615455627441406
2009-08-31,20.68838119506836
2009-09-01,19.663724899291992
2009-09-02,18.70005416870117
2009-09-03,18.370698928833008
2009-09-04,19.29777336120605
2009-09-07,19.346567153930664
2009-09-08,18.61467170715332
2009-09-09,18.370698928833008
2009-09-10,17.65099334716797
2009-09-11,17.785179138183594
2009-09-14,18.23651885986328
2009-09-15,18.151126861572266
2009-09-16,18.04134178161621
2009-09-17,17.89496421813965
2009-09-18,18.76104164123535
2009-09-22,18.54146957397461
2009-09-23,18.016944885253903
2009-09-24,18.41948890686035
2009-09-25,18.48048591613769
2009-09-29,18.736644744873047
2009-09-30,19.078203201293945
2009-10-01,18.956218719482425
2009-10-05,18.59026908874512
2009-10-06,18.96841621398925
2009-10-07,19.10259437561035
2009-10-08,19.10259437561035
2009-10-09,18.22431755065918
2009-10-12,18.151126861572266
2009-10-13,18.297513961791992
2009-10-14,18.309703826904297
2009-10-15,19.04160690307617
2009-10-16,18.846435546875
2009-10-20,20.78596878051757
2009-10-21,21.83502960205078
2009-10-22,21.43248176574707
2009-10-23,21.16411781311035
2009-10-26,20.151657104492188
2009-10-27,19.627126693725582
2009-10-28,19.017210006713867
2009-10-29,18.94402313232422
2009-10-30,19.3709659576416
2009-11-03,18.41948890686035
2009-11-04,18.62686538696289
2009-11-05,19.566137313842773
2009-11-06,20.55420112609864
2009-11-09,23.98193359375
2009-11-10,23.43301010131836
2009-11-11,23.67697525024414
2009-11-12,25.494524002075195
2009-11-13,25.21396827697754
2009-11-16,24.811418533325195
2009-11-17,25.470129013061523
2009-11-18,25.11637687683105
2009-11-19,25.494524002075195
2009-11-20,24.78702163696289
2009-11-23,24.945602416992188
2009-11-24,24.3356876373291
2009-11-25,26.39720344543457
2009-11-26,27.775619506835938
2009-11-27,28.519718170166016
2009-11-30,28.824670791625977
2009-12-01,29.42238998413086
2009-12-02,29.397998809814453
2009-12-03,28.84906768798828
2009-12-04,28.54411125183105
2009-12-07,28.80028343200684
2009-12-08,29.154029846191406
2009-12-09,32.032833099365234
2009-12-10,31.61809158325196
2009-12-11,30.88619613647461
2009-12-14,32.081626892089844
2009-12-15,30.67881393432617
2009-12-16,30.88619613647461
2009-12-17,32.02064514160156
2009-12-18,31.65468978881836
2009-12-21,32.06943130493164
2009-12-22,31.94744873046875
2009-12-23,31.74007606506348
2009-12-24,31.26435279846192
2009-12-29,31.26435279846192
2009-12-30,30.99597930908203
2009-12-31,31.15455436706543
2010-01-04,31.276540756225582
2010-01-05,32.3865966796875
2010-01-06,31.288738250732425
2010-01-07,31.61809158325196
2010-01-08,31.37413024902344
2010-01-11,31.6790828704834
2010-01-12,31.05697250366211
2010-01-13,31.15455436706543
2010-01-14,32.16702651977539
2010-01-15,33.31365966796875
2010-01-18,34.216339111328125
2010-01-19,32.97211837768555
2010-01-20,32.87451934814453
2010-01-21,30.483657836914062
2010-01-22,29.97132110595703
2010-01-25,29.3004093170166
2010-01-27,27.141300201416016
2010-01-28,27.238893508911133
2010-01-29,27.153499603271484
2010-02-01,29.495580673217773
2010-02-02,28.33673858642578
2010-02-03,28.73928451538086
2010-02-04,27.61704063415528
2010-02-05,26.11663818359375
2010-02-06,26.714359283447266
2010-02-08,26.01906013488769
2010-02-09,27.90979766845703
2010-02-10,27.665830612182617
2010-02-11,27.324275970458984
2010-02-15,27.714624404907227
2010-02-16,27.76342010498047
2010-02-17,27.531658172607425
2010-02-18,26.689966201782227
2010-02-19,27.104711532592773
2010-02-22,26.5557861328125
2010-02-23,27.06811141967773
2010-02-24,26.872936248779297
2010-02-25,26.15323829650879
2010-02-26,26.17762756347656
2010-03-02,27.65363502502441
2010-03-03,27.62924194335937
2010-03-04,27.324275970458984
2010-03-05,27.99519157409668
2010-03-08,30.398252487182617
2010-03-09,31.422927856445312
2010-03-10,29.61756896972656
2010-03-11,29.812742233276367
2010-03-12,29.36140823364257
2010-03-15,28.37333106994629
2010-03-16,29.10524177551269
2010-03-17,30.556835174560547
2010-03-18,29.75175094604492
2010-03-19,30.093299865722656
2010-03-22,29.28821182250977
2010-03-23,29.556581497192383
2010-03-25,28.922260284423828
2010-03-26,28.66609764099121
2010-03-29,28.39772224426269
2010-03-30,28.348936080932617
2010-03-31,28.202560424804688
2010-04-01,28.263545989990234
2010-04-05,28.71489143371582
2010-04-06,28.69049835205078
2010-04-07,28.77588081359864
2010-04-08,29.01984977722168
2010-04-09,29.01984977722168
2010-04-12,29.507783889770508
2010-04-13,30.73981666564941
2010-04-15,29.812742233276367
2010-04-16,28.7636833190918
2010-04-19,29.00765037536621
2010-04-20,29.446792602539062
2010-04-21,29.3004093170166
2010-04-22,29.239416122436523
2010-04-23,29.324800491333008
2010-04-26,29.37360572814941
2010-04-27,29.129636764526367
2010-04-28,28.751483917236328
2010-04-29,29.41019821166992
2010-04-30,29.544374465942383
2010-05-03,29.873729705810547
2010-05-04,28.97104835510254
2010-05-05,29.42238998413086
2010-05-06,28.78808212280273
2010-05-07,28.05618476867676
2010-05-10,26.189828872680664
2010-05-11,26.56798553466797
2010-05-12,26.348413467407227
2010-05-13,25.945863723754883
2010-05-14,25.21396827697754
2010-05-17,23.90874481201172
2010-05-18,24.11610984802246
2010-05-19,23.347618103027344
2010-05-20,23.22563934326172
2010-05-21,22.371749877929688
2010-05-24,22.49373245239257
2010-05-25,22.030197143554688
2010-05-26,22.005800247192383
2010-05-27,21.88382339477539
2010-05-28,22.42054557800293
2010-05-31,24.384485244750977
2010-06-01,24.408876419067383
2010-06-02,26.49479103088379
2010-06-03,27.01931953430176
2010-06-04,26.97052383422852
2010-06-07,26.519189834594727
2010-06-08,26.324012756347656
2010-06-09,31.59369468688965
2010-06-10,32.850120544433594
2010-06-11,32.3865966796875
2010-06-14,33.740604400634766
2010-06-15,32.88672637939453
2010-06-16,32.984310150146484
2010-06-17,32.99650573730469
2010-06-18,32.19142150878906
2010-06-21,32.24021530151367
2010-06-22,31.49611473083496
2010-06-23,33.630821228027344
2010-06-24,34.91164779663086
2010-06-25,32.923316955566406
2010-06-28,32.264610290527344
2010-06-29,31.88646125793457
2010-06-30,31.64249038696289
2010-07-01,33.3990478515625
2010-07-02,32.94770812988281
2010-07-05,34.594486236572266
2010-07-06,35.11902618408203
2010-07-07,35.619144439697266
2010-07-08,37.75227355957031
2010-07-09,37.8997917175293
2010-07-12,37.59245681762695
2010-07-13,37.739990234375
2010-07-14,36.89176177978516
2010-07-15,35.61326599121094
2010-07-16,36.31396865844727
2010-07-19,35.79767227172852
2010-07-20,35.68703079223633
2010-07-21,34.71586227416992
2010-07-22,35.72391128540039
2010-07-23,34.94942855834961
2010-07-26,34.64210891723633
2010-07-27,35.244468688964844
2010-07-28,35.12153244018555
2010-07-29,34.81420135498047
2010-07-30,35.12153244018555
2010-08-02,36.67047500610352
2010-08-03,35.71161651611328
2010-08-04,36.16645431518555
2010-08-05,37.739990234375
2010-08-06,38.72343444824219
2010-08-09,40.46906280517578
2010-08-10,39.81752395629883
2010-08-11,39.11681365966797
2010-08-12,39.73147201538086
2010-08-13,44.255348205566406
2010-08-16,43.27190017700195
2010-08-17,45.10357666015625
2010-08-18,44.93147659301758
2010-08-19,45.669063568115234
2010-08-20,44.07094192504883
2010-08-23,43.93572616577149
2010-08-24,42.76788711547852
2010-08-25,43.08750915527344
2010-08-26,41.9565315246582
2010-08-27,41.13288879394531
2010-08-30,40.81326675415039
2010-08-31,40.45676803588867
2010-09-01,40.86243438720703
2010-09-02,40.98536682128906
2010-09-03,40.83786010742188
2010-09-06,41.46480941772461
2010-09-07,40.75180816650391
2010-09-08,41.32957458496094
2010-09-09,40.51823425292969
2010-09-13,40.11255645751953
2010-09-14,40.06338119506836
2010-09-15,38.907840728759766
2010-09-16,38.78489303588867
2010-09-17,39.06763458251953
2010-09-20,39.6945915222168
2010-09-21,38.907840728759766
2010-09-22,38.514442443847656
2010-09-23,40.444480895996094
2010-09-24,42.64495468139648
2010-09-27,42.27615737915039
2010-09-28,41.09600830078125
2010-09-29,40.30925369262695
2010-09-30,39.58395767211914
2010-10-01,40.45676803588867
2010-10-04,39.9896240234375
2010-10-05,40.35842514038086
2010-10-06,40.64115905761719
2010-10-07,40.03880310058594
2010-10-08,39.52248764038086
2010-10-11,39.41184997558594
2010-10-12,43.43171691894531
2010-10-13,42.57118606567383
2010-10-14,43.72675704956055
2010-10-15,41.52627182006836
2010-10-18,41.39104843139648
2010-10-19,40.51823425292969
2010-10-20,39.44873428344727
2010-10-21,40.6165771484375
2010-10-22,40.38301086425781
2010-10-25,40.76409530639648
2010-10-26,40.87473678588867
2010-10-27,40.76409530639648
2010-10-28,41.08371353149414
2010-10-29,38.62508392333984
2010-11-01,39.35038757324219
2010-11-02,39.58395767211914
2010-11-03,38.92012023925781
2010-11-04,38.30546569824219
2010-11-08,38.96928405761719
2010-11-09,39.05534362792969
2010-11-10,41.09600830078125
2010-11-11,39.780643463134766
2010-11-12,38.76031494140625
2010-11-15,39.20286560058594
2010-11-16,37.06386566162109
2010-11-18,36.64588928222656
2010-11-19,35.31822967529297
2010-11-22,35.13383102416992
2010-11-23,34.70357894897461
2010-11-24,34.23643493652344
2010-11-25,33.89222717285156
2010-11-26,34.58064270019531
2010-11-29,34.55606460571289
2010-11-30,35.232181549072266
2010-12-01,36.49837112426758
2010-12-02,35.71161651611328
2010-12-03,35.80995559692383
2010-12-06,35.293636322021484
2010-12-07,34.80191802978516
2010-12-08,33.96597671508789
2010-12-09,32.122013092041016
2010-12-10,32.25723648071289
2010-12-13,33.203800201416016
2010-12-14,33.28986358642578
2010-12-15,32.404762268066406
2010-12-16,32.77355194091797
2010-12-20,32.78584289550781
2010-12-21,33.609474182128906
2010-12-22,32.87189102172852
2010-12-23,32.98253631591797
2010-12-24,32.98253631591797
2010-12-27,33.314449310302734
2010-12-28,34.87567901611328
2010-12-29,35.6993293762207
2010-12-30,34.43312454223633
2010-12-31,35.63785171508789
2011-01-03,36.63359832763672
2011-01-04,36.68276596069336
2011-01-05,35.63785171508789
2011-01-06,36.85487747192383
2011-01-07,35.08465576171875
2011-01-10,35.908302307128906
2011-01-11,36.42461395263672
2011-01-12,36.78111267089844
2011-01-13,36.05581665039063
2011-01-14,36.43689727783203
2011-01-17,35.72391128540039
2011-01-18,39.39955520629883
2011-01-19,37.8997917175293
2011-01-20,37.653926849365234
2011-01-21,39.01846694946289
2011-01-24,40.43217849731445
2011-01-25,39.17828369140625
2011-01-27,38.58820343017578
2011-01-28,37.30971908569336
2011-01-31,40.13714599609375
2011-02-01,38.5759162902832
2011-02-02,38.5759162902832
2011-02-03,38.92012023925781
2011-02-04,38.93242263793945
2011-02-07,38.31775665283203
2011-02-08,37.30971908569336
2011-02-09,35.023193359375
2011-02-10,33.314449310302734
2011-02-11,35.08465576171875
2011-02-14,37.77685928344727
2011-02-15,38.19483184814453
2011-02-16,37.75227355957031
2011-02-17,38.944705963134766
2011-02-18,38.09648513793945
2011-02-21,36.95322036743164
2011-02-22,36.6090087890625
2011-02-23,36.26479721069336
2011-02-24,34.87567901611328
2011-02-25,35.20758819580078
2011-02-28,35.88371276855469
2011-03-01,36.37543869018555
2011-03-03,37.34659194946289
2011-03-04,37.14990997314453
2011-03-07,36.89176177978516
2011-03-08,37.01469039916992
2011-03-09,40.22319793701172
2011-03-10,41.636905670166016
2011-03-11,42.57118606567383
2011-03-14,42.558895111083984
2011-03-15,40.321533203125
2011-03-16,40.91161346435547
2011-03-17,40.59199905395508
2011-03-18,40.00191879272461
2011-03-21,39.20286560058594
2011-03-22,39.01846694946289
2011-03-23,40.86243438720703
2011-03-24,41.29270553588867
2011-03-25,41.32957458496094
2011-03-28,41.26811599731445
2011-03-29,42.75558471679688
2011-03-30,41.21894073486328
2011-03-31,41.366458892822266
2011-04-01,41.944244384765625
2011-04-04,42.78017807006836
2011-04-05,42.71870803833008
2011-04-06,42.54660034179688
2011-04-07,42.91539764404297
2011-04-08,42.21469879150391
2011-04-11,42.3253288269043
2011-04-13,42.43596267700195
2011-04-15,41.52627182006836
2011-04-18,40.81326675415039
2011-04-19,39.3134994506836
2011-04-20,40.41988754272461
2011-04-21,42.70641708374024
2011-04-25,43.65298080444336
2011-04-26,43.247314453125
2011-04-27,41.73525619506836
2011-04-28,41.44022750854492
2011-04-29,40.28466796875
2011-05-02,39.780643463134766
2011-05-03,38.58820343017578
2011-05-04,40.87473678588867
2011-05-05,39.43643951416016
2011-05-06,40.54282760620117
2011-05-09,40.45676803588867
2011-05-10,40.83786010742188
2011-05-11,40.64115905761719
2011-05-12,40.493648529052734
2011-05-13,40.13714599609375
2011-05-16,39.780643463134766
2011-05-17,39.915863037109375
2011-05-18,39.75605773925781
2011-05-19,39.92815780639648
2011-05-20,39.87897872924805
2011-05-23,40.23548126220703
2011-05-24,40.665748596191406
2011-05-25,40.08797836303711
2011-05-26,40.46906280517578
2011-05-27,40.3707160949707
2011-05-30,41.90736389160156
2011-05-31,42.46055603027344
2011-06-01,42.98915481567383
2011-06-02,42.64495468139648
2011-06-03,42.71870803833008
2011-06-06,42.25156021118164
2011-06-07,42.878517150878906
2011-06-08,42.21469879150391
2011-06-09,41.85818099975586
2011-06-10,41.51398086547852
2011-06-13,41.23123550415039
2011-06-14,42.17780303955078
2011-06-15,41.80901718139648
2011-06-16,41.206642150878906
2011-06-17,41.80901718139648
2011-06-20,40.60429000854492
2011-06-21,40.41988754272461
2011-06-22,40.08797836303711
2011-06-23,40.57969665527344
2011-06-24,41.09600830078125
2011-06-27,41.83359909057617
2011-06-28,42.05487060546875
2011-06-29,43.286415100097656
2011-06-30,42.915184020996094
2011-07-01,42.39543914794922
2011-07-04,43.249290466308594
2011-07-05,43.5091667175293
2011-07-06,43.32353591918945
2011-07-07,44.18976211547852
2011-07-08,44.56100463867188
2011-07-11,45.05599212646485
2011-07-12,44.264007568359375
2011-07-13,44.981746673583984
2011-07-14,44.981746673583984
2011-07-15,44.64761734008789
2011-07-18,45.167362213134766
2011-07-19,47.035926818847656
2011-07-20,47.09779357910156
2011-07-21,45.73659133911133
2011-07-22,47.49378204345703
2011-07-25,47.2586784362793
2011-07-26,46.837928771972656
2011-07-27,46.62755584716797
2011-07-28,46.6646842956543
2011-07-29,47.08542251586914
2011-08-01,46.28108215332031
2011-08-02,46.07070159912109
2011-08-03,46.07070159912109
2011-08-04,46.553321838378906
2011-08-05,43.608158111572266
2011-08-08,43.15029144287109
2011-08-09,40.74961471557617
2011-08-10,42.13556671142578
2011-08-11,41.72721862792969
2011-08-12,40.82386779785156
2011-08-16,40.737247467041016
2011-08-17,39.561649322509766
2011-08-18,36.96298599243164
2011-08-19,36.65361785888672
2011-08-22,36.55461883544922
2011-08-23,36.9382438659668
2011-08-24,36.80211639404297
2011-08-25,36.01014709472656
2011-08-26,35.2800407409668
2011-08-29,36.02251434326172
2011-08-30,37.09910583496094
2011-09-02,36.25763320922852
2011-09-05,37.334228515625
2011-09-06,37.14860153198242
2011-09-07,37.53221893310547
2011-09-08,37.90346145629883
2011-09-09,36.83924865722656
2011-09-12,36.12151336669922
2011-09-13,36.35662841796875
2011-09-14,36.15864181518555
2011-09-15,35.81214141845703
2011-09-16,35.143924713134766
2011-09-19,35.11915969848633
2011-09-20,37.160980224609375
2011-09-21,37.25997543334961
2011-09-22,36.665992736816406
2011-09-23,37.65596008300781
2011-09-26,37.297096252441406
2011-09-27,37.32184600830078
2011-09-28,37.61883163452149
2011-09-29,37.297096252441406
2011-09-30,37.34659194946289
2011-10-03,37.19810104370117
2011-10-04,36.25763320922852
2011-10-05,35.98538589477539
2011-10-07,36.01014709472656
2011-10-10,36.04726028442383
2011-10-11,36.35662841796875
2011-10-12,36.95061111450195
2011-10-13,37.06198501586914
2011-10-14,37.51984024047852
2011-10-17,42.06132888793945
2011-10-18,40.09375762939453
2011-10-19,40.984745025634766
2011-10-20,40.10614013671875
2011-10-21,41.45497131347656
2011-10-24,40.06900787353516
2011-10-25,40.26700973510742
2011-10-28,40.21751403808594
2011-10-31,39.98240280151367
2011-11-01,39.84627151489258
2011-11-02,39.64827728271485
2011-11-03,39.14092254638672
2011-11-04,39.400787353515625
2011-11-08,39.128536224365234
2011-11-09,38.44793701171875
2011-11-11,38.78205871582031
2011-11-14,41.82621383666992
2011-11-15,41.949954986572266
2011-11-16,41.81383514404297
2011-11-17,40.40312957763672
2011-11-18,40.09375762939453
2011-11-21,39.57402420043945
2011-11-22,40.737247467041016
2011-11-23,40.03189086914063
2011-11-24,40.7248649597168
2011-11-25,40.63824462890625
2011-11-28,40.61349868774414
2011-11-29,40.68775177001953
2011-11-30,38.65830993652344
2011-12-01,39.61116790771485
2011-12-02,39.79677963256836
2011-12-05,39.7225227355957
2011-12-07,39.68540954589844
2011-12-08,39.41315841674805
2011-12-09,39.103790283203125
2011-12-12,38.96767807006836
2011-12-13,39.17804336547852
2011-12-14,38.94293212890625
2011-12-15,36.814491271972656
2011-12-16,37.08673095703125
2011-12-19,34.240570068359375
2011-12-20,34.05494689941406
2011-12-21,34.50043487548828
2011-12-22,35.069671630859375
2011-12-23,36.07200241088867
2011-12-26,37.70545196533203
2011-12-27,37.210487365722656
2011-12-28,35.9111442565918
2011-12-29,35.62652587890625
2011-12-30,36.24525833129883
2012-01-02,36.46799850463867
2012-01-03,38.01482391357422
2012-01-04,36.90111541748047
2012-01-05,36.86398696899414
2012-01-06,37.00011444091797
2012-01-09,36.96298599243164
2012-01-10,37.85396194458008
2012-01-11,37.51984024047852
2012-01-12,36.72786331176758
2012-01-13,36.22050857543945
2012-01-16,36.33188247680664
2012-01-17,36.39375686645508
2012-01-18,35.76264572143555
2012-01-19,36.25763320922852
2012-01-20,35.527530670166016
2012-01-23,35.71315002441406
2012-01-24,37.14860153198242
2012-01-25,37.3713493347168
2012-01-27,37.23523712158203
2012-01-30,36.67835998535156
2012-01-31,36.48038482666016
2012-02-01,36.83924865722656
2012-02-02,37.68071365356445
2012-02-03,38.076698303222656
2012-02-06,38.10144805908203
2012-02-07,40.254638671875
2012-02-08,40.82386779785156
2012-02-09,41.170352935791016
2012-02-10,40.57637405395508
2012-02-13,40.36600112915039
2012-02-14,40.83624649047852
2012-02-15,41.73958969116211
2012-02-16,42.5439453125
2012-02-17,43.249290466308594
2012-02-21,43.249290466308594
2012-02-22,42.0489616394043
2012-02-23,41.69009017944336
2012-02-24,41.90046310424805
2012-02-27,39.17804336547852
2012-02-28,41.47971725463867
2012-02-29,41.14560317993164
2012-03-01,42.59343719482422
2012-03-02,42.25932312011719
2012-03-05,43.32353591918945
2012-03-06,43.49678421020508
2012-03-07,43.80614471435547
2012-03-09,45.50148010253906
2012-03-12,46.08307647705078
2012-03-13,42.14795303344727
2012-03-14,42.02421569824219
2012-03-15,40.63824462890625
2012-03-16,41.10848617553711
2012-03-19,39.82151794433594
2012-03-20,41.207481384277344
2012-03-21,41.03423690795898
2012-03-22,39.82151794433594
2012-03-23,40.0195198059082
2012-03-26,39.128536224365234
2012-03-27,38.287071228027344
2012-03-28,37.64358901977539
2012-03-29,38.80680847167969
2012-03-30,39.64827728271485
2012-04-02,39.54927444458008
2012-04-03,39.74727630615234
2012-04-04,39.598777770996094
2012-04-09,38.65830993652344
2012-04-10,38.361324310302734
2012-04-11,37.7673454284668
2012-04-12,37.742584228515625
2012-04-13,36.87636184692383
2012-04-16,37.54460144042969
2012-04-17,37.69308471679688
2012-04-18,38.95530700683594
2012-04-19,39.67302322387695
2012-04-20,40.11850738525391
2012-04-23,40.786739349365234
2012-04-24,41.00948715209961
2012-04-25,40.88574600219727
2012-04-26,41.38072967529297
2012-04-27,42.19744873046875
2012-04-30,42.37070083618164
2012-05-02,50.83494186401367
2012-05-03,49.86970520019531
2012-05-04,51.626914978027344
2012-05-07,58.284446716308594
2012-05-08,53.75534439086914
2012-05-09,53.01285934448242
2012-05-10,56.67574691772461
2012-05-11,55.438289642333984
2012-05-14,54.07707977294922
2012-05-15,57.22024917602539
2012-05-16,56.03227996826172
2012-05-17,58.2102165222168
2012-05-18,61.40287399291992
2012-05-21,60.95737075805664
2012-05-22,62.81357955932617
2012-05-23,58.58143997192383
2012-05-24,59.39817810058594
2012-05-25,58.457706451416016
2012-05-28,58.804195404052734
2012-05-29,57.49248123168945
2012-05-30,58.65570068359375
2012-05-31,58.63094711303711
2012-06-01,60.95737075805664
2012-06-04,59.44766998291016
2012-06-05,61.52660369873047
2012-06-06,61.45236206054688
2012-06-07,60.14064025878906
2012-06-08,59.76942443847656
2012-06-11,59.22491455078125
2012-06-12,58.284446716308594
2012-06-13,57.39348983764648
2012-06-14,56.3787727355957
2012-06-15,55.41354751586914
2012-06-18,53.80484390258789
2012-06-19,53.18610763549805
2012-06-20,54.200828552246094
2012-06-21,56.601505279541016
2012-06-22,56.849002838134766
2012-06-25,57.29449081420898
2012-06-26,57.07172775268555
2012-06-27,57.17073440551758
2012-06-28,56.403507232666016
2012-06-29,57.31924819946289
2012-07-02,59.101200103759766
2012-07-03,58.97743225097656
2012-07-04,58.729942321777344
2012-07-05,61.00687789916992
2012-07-06,60.33863830566406
2012-07-09,58.7794189453125
2012-07-10,59.37342834472656
2012-07-11,58.87843704223633
2012-07-12,56.552001953125
2012-07-13,56.92325592041016
2012-07-16,57.51722717285156
2012-07-17,56.87374114990234
2012-07-18,57.31924819946289
2012-07-19,60.65623092651367
2012-07-20,60.78120040893555
2012-07-23,61.13108444213867
2012-07-24,62.88055038452149
2012-07-25,62.980499267578125
2012-07-26,63.7802734375
2012-07-27,60.431297302246094
2012-07-30,59.53158950805664
2012-07-31,58.78182601928711
2012-08-01,59.75651168823242
2012-08-02,59.93146514892578
2012-08-03,59.03174209594727
2012-08-06,59.33164978027344
2012-08-07,63.85523223876953
2012-08-08,65.25482940673828
2012-08-09,66.0295639038086
2012-08-10,66.9043197631836
2012-08-13,66.85432434082031
2012-08-14,67.97897338867188
2012-08-16,67.45413208007812
2012-08-17,68.85369873046875
2012-08-21,67.52910614013672
2012-08-22,68.27889251708984
2012-08-23,66.40447235107422
2012-08-24,64.97989654541016
2012-08-27,61.60594940185547
2012-08-28,62.455684661865234
2012-08-29,63.455345153808594
2012-08-30,61.83087921142578
2012-08-31,62.530643463134766
2012-09-03,63.90522003173828
2012-09-04,65.07984924316406
2012-09-05,64.23014831542969
2012-09-06,64.77997589111328
2012-09-07,66.9043197631836
2012-09-10,68.27889251708984
2012-09-11,68.67874908447266
2012-09-12,68.1289291381836
2012-09-13,66.52943420410156
2012-09-14,63.90522003173828
2012-09-17,61.480987548828125
2012-09-18,63.08049774169922
2012-09-20,62.1557731628418
2012-09-21,63.90522003173828
2012-09-24,64.03019714355469
2012-09-25,62.58064270019531
2012-09-26,62.50566864013672
2012-09-27,61.78089141845703
2012-09-28,61.88085174560547
2012-10-01,62.48066711425781
2012-10-03,62.50566864013672
2012-10-04,61.35602569580078
2012-10-05,59.70652389526367
2012-10-08,60.65623092651367
2012-10-09,61.50597381591797
2012-10-10,60.88115692138672
2012-10-11,60.68124008178711
2012-10-12,60.55626678466797
2012-10-15,61.056114196777344
2012-10-16,60.30635452270508
2012-10-17,59.15670394897461
2012-10-18,58.23199462890625
2012-10-19,57.932071685791016
2012-10-22,60.20637893676758
2012-10-23,60.10640335083008
2012-10-25,60.00643539428711
2012-10-29,60.48128509521485
2012-10-30,61.33104705810547
2012-10-31,62.1557731628418
2012-11-01,62.43068313598633
2012-11-02,61.855865478515625
2012-11-05,61.25605392456055
2012-11-06,61.081092834472656
2012-11-07,61.50597381591797
2012-11-08,60.63123321533203
2012-11-09,59.431617736816406
2012-11-12,58.1819953918457
2012-11-15,62.3557243347168
2012-11-16,61.43099594116211
2012-11-19,60.78120040893555
2012-11-20,59.75651168823242
2012-11-21,59.681549072265625
2012-11-22,61.480987548828125
2012-11-23,63.23044967651367
2012-11-26,64.50503540039062
2012-11-27,64.40509033203125
2012-11-29,63.35540390014648
2012-11-30,64.48005676269531
2012-12-03,63.28042221069336
2012-12-04,62.530643463134766
2012-12-05,62.40571212768555
2012-12-06,61.63093185424805
2012-12-07,60.55626678466797
2012-12-10,59.15670394897461
2012-12-11,58.2819709777832
2012-12-12,56.882415771484375
2012-12-13,55.43285751342773
2012-12-14,55.85772705078125
2012-12-17,55.35787582397461
2012-12-18,55.257904052734375
2012-12-19,53.40848159790039
2012-12-20,51.95892333984375
2012-12-21,51.908939361572266
2012-12-24,54.483154296875
2012-12-26,55.38286209106445
2012-12-27,53.78336715698242
2012-12-28,53.10857391357422
2012-12-31,55.43285751342773
2013-01-01,54.83303451538086
2013-01-02,54.55812454223633
2013-01-03,54.00828170776367
2013-01-04,55.407859802246094
2013-01-07,54.70807647705078
2013-01-08,54.73306655883789
2013-01-09,55.20792388916016
2013-01-10,55.53282928466797
2013-01-11,57.05734634399414
2013-01-14,58.43192672729492
2013-01-15,59.03174209594727
2013-01-16,57.9070930480957
2013-01-17,58.80679702758789
2013-01-18,58.75682830810547
2013-01-21,59.03174209594727
2013-01-22,57.85710525512695
2013-01-23,56.682464599609375
2013-01-24,54.2082405090332
2013-01-25,56.207611083984375
2013-01-28,57.48222732543945
2013-01-29,57.957069396972656
2013-01-30,55.73276138305664
2013-01-31,56.15763473510742
2013-02-01,55.45784759521485
2013-02-04,55.43285751342773
2013-02-05,55.53282928466797
2013-02-06,55.48284912109375
2013-02-07,55.20792388916016
2013-02-08,54.50813674926758
2013-02-11,54.70807647705078
2013-02-12,52.98360824584961
2013-02-13,52.6587142944336
2013-02-14,54.183231353759766
2013-02-15,53.03359603881836
2013-02-18,55.20792388916016
2013-02-19,55.55780792236328
2013-02-20,54.90800857543945
2013-02-21,54.73306655883789
2013-02-22,54.6830940246582
2013-02-25,55.10794448852539
2013-02-26,52.60872650146485
2013-02-27,53.008602142333984
2013-02-28,53.93332290649414
2013-03-01,53.50844955444336
2013-03-04,50.93424224853516
2013-03-05,52.108882904052734
2013-03-06,52.70868682861328
2013-03-07,54.483154296875
2013-03-08,54.63309860229492
2013-03-11,53.633399963378906
2013-03-12,52.78367614746094
2013-03-13,52.28382873535156
2013-03-14,52.53374862670898
2013-03-15,52.38379287719727
2013-03-18,52.38379287719727
2013-03-19,52.18385314941406
2013-03-20,51.509063720703125
2013-03-21,51.45907974243164
2013-03-22,50.45939636230469
2013-03-25,49.9095573425293
2013-03-26,47.96016693115234
2013-03-28,48.33504486083984
2013-04-01,48.98485565185547
2013-04-02,49.3597297668457
2013-04-03,49.20978164672852
2013-04-04,46.910491943359375
2013-04-05,47.58528137207031
2013-04-08,48.85988998413086
2013-04-09,48.46000671386719
2013-04-10,48.43501663208008
2013-04-11,48.659950256347656
2013-04-12,47.76022338867188
2013-04-15,48.260066986083984
2013-04-16,48.609954833984375
2013-04-17,48.38502883911133
2013-04-18,48.06013488769531
2013-04-22,47.98516082763672
2013-04-23,47.13542175292969
2013-04-25,46.63557434082031
2013-04-26,47.41033935546875
2013-04-29,48.85988998413086
2013-04-30,51.95892333984375
2013-05-02,52.85865020751953
2013-05-03,51.88395309448242
2013-05-06,53.35850524902344
2013-05-07,53.03359603881836
2013-05-08,53.5334358215332
2013-05-09,52.90862655639648
2013-05-10,51.13417816162109
2013-05-13,51.034210205078125
2013-05-14,50.83427429199219
2013-05-15,51.85895919799805
2013-05-16,51.23414993286133
2013-05-17,52.78367614746094
2013-05-20,54.483154296875
2013-05-21,55.082969665527344
2013-05-22,55.607791900634766
2013-05-23,53.10857391357422
2013-05-24,52.95862579345703
2013-05-27,53.93332290649414
2013-05-28,53.633399963378906
2013-05-29,55.607791900634766
2013-05-30,54.15824890136719
2013-05-31,53.85833740234375
2013-06-03,55.58281326293945
2013-06-04,57.9070930480957
2013-06-05,59.13169860839844
2013-06-06,58.2569694519043
2013-06-07,59.08171844482422
2013-06-10,60.931148529052734
2013-06-11,58.43192672729492
2013-06-12,58.33196258544922
2013-06-13,55.33288192749024
2013-06-14,57.082332611083984
2013-06-17,58.80679702758789
2013-06-18,58.50690078735352
2013-06-19,59.08171844482422
2013-06-20,59.08171844482422
2013-06-21,60.68124008178711
2013-06-24,59.33164978027344
2013-06-25,59.28166961669922
2013-06-26,59.63157653808594
2013-06-27,60.95615768432617
2013-06-28,60.98112869262695
2013-07-01,59.18171310424805
2013-07-02,59.98144912719727
2013-07-03,59.75651168823242
2013-07-04,60.69144821166992
2013-07-05,60.66615676879883
2013-07-08,62.05756378173828
2013-07-09,62.816551208496094
2013-07-10,63.12013244628906
2013-07-11,63.34780883789063
2013-07-12,64.48623657226562
2013-07-15,64.63802337646484
2013-07-16,64.08147430419922
2013-07-17,64.7645492553711
2013-07-18,63.55019760131836
2013-07-19,66.02947998046875
2013-07-22,66.43421173095703
2013-07-23,67.77508544921875
2013-07-24,67.09199523925781
2013-07-25,66.8390121459961
2013-07-26,67.26910400390625
2013-07-29,66.38363647460938
2013-07-30,66.23184204101562
2013-07-31,63.803184509277344
2013-08-01,63.069522857666016
2013-08-02,63.98027038574219
2013-08-05,65.04281616210938
2013-08-06,66.96553039550781
2013-08-07,66.63663482666016
2013-08-08,64.6886215209961
2013-08-12,65.75118255615234
2013-08-13,70.53262329101562
2013-08-14,68.28104400634766
2013-08-16,70.53262329101562
2013-08-19,67.87626647949219
2013-08-20,64.13207244873047
2013-08-21,64.05616760253906
2013-08-22,65.47289276123047
2013-08-23,66.81372833251953
2013-08-26,67.1173095703125
2013-08-27,65.47288513183594
2013-08-28,65.14401245117188
2013-08-29,68.05335998535156
2013-08-30,66.78841400146484
2013-09-02,66.96553039550781
2013-09-03,65.92827606201172
2013-09-04,66.5860366821289
2013-09-05,67.77508544921875
2013-09-06,67.57269287109375
2013-09-10,70.58323669433594
2013-09-11,73.06248474121094
2013-09-12,74.45391845703125
2013-09-13,71.36748504638672
2013-09-16,68.1039810180664
2013-09-17,69.92546844482422
2013-09-18,69.31829833984375
2013-09-19,68.05335998535156
2013-09-20,66.66192626953125
2013-09-23,67.06670379638672
2013-09-24,66.78841400146484
2013-09-25,68.0280532836914
2013-09-26,67.29438781738281
2013-09-27,66.20655059814453
2013-09-30,66.080078125
2013-10-01,66.13066101074219
2013-10-03,67.5220718383789
2013-10-04,70.38082122802734
2013-10-07,72.30354309082031
2013-10-08,73.77084350585938
2013-10-09,74.37802124023438
2013-10-10,73.54316711425781
2013-10-11,73.46727752685547
2013-10-14,73.82144927978516
2013-10-15,71.01331329345703
2013-10-17,70.27961730957031
2013-10-18,71.8228530883789
2013-10-21,73.26488494873047
2013-10-22,74.35272979736328
2013-10-23,73.16368865966797
2013-10-24,73.61906433105469
2013-10-25,73.3913803100586
2013-10-28,73.94795227050781
2013-10-29,74.12503051757812
2013-10-30,74.12503051757812
2013-10-31,74.3274154663086
2013-11-01,71.99994659423828
2013-11-05,74.35272979736328
2013-11-06,75.76945495605469
2013-11-07,76.85728454589844
2013-11-08,77.16085815429688
2013-11-11,76.14892578125
2013-11-12,75.41524505615234
2013-11-13,76.14892578125
2013-11-14,75.46586608886719
2013-11-18,75.0357894897461
2013-11-19,73.49256896972656
2013-11-20,74.37802124023438
2013-11-21,72.455322265625
2013-11-22,72.60710906982422
2013-11-25,73.79615020751953
2013-11-26,71.67108154296875
2013-11-27,71.8228530883789
2013-11-28,71.8228530883789
2013-11-29,72.91069793701172
2013-12-02,73.49256896972656
2013-12-03,74.02383422851562
2013-12-04,74.02383422851562
2013-12-05,73.84674835205078
2013-12-06,74.3021240234375
2013-12-09,75.8200454711914
2013-12-10,75.89592742919922
2013-12-11,76.9837875366211
2013-12-12,75.79473114013672
2013-12-13,75.06106567382812
2013-12-16,78.95707702636719
2013-12-17,79.74131774902344
2013-12-18,83.48553466796875
2013-12-19,83.8397216796875
2013-12-20,85.28173828125
2013-12-23,82.72657012939453
2013-12-24,83.68790435791016
2013-12-26,86.36956787109375
2013-12-27,87.65982818603516
2013-12-30,88.26698303222656
2013-12-31,86.72377014160156
2014-01-01,89.83549499511719
2014-01-02,87.3562240600586
2014-01-03,89.5824966430664
2014-01-06,92.11238098144533
2014-01-07,90.4173583984375
2014-01-08,90.720947265625
2014-01-09,89.65840148925781
2014-01-10,91.60640716552734
2014-01-13,92.01117706298828
2014-01-14,89.9873046875
2014-01-15,87.73570251464844
2014-01-16,87.48272705078125
2014-01-17,87.00204467773438
2014-01-20,87.22972106933594
2014-01-21,91.88468933105467
2014-01-22,93.22550964355467
2014-01-23,80.37379455566406
2014-01-24,76.30072021484375
2014-01-27,76.62960052490234
2014-01-28,77.03436279296875
2014-01-29,79.2100601196289
2014-01-30,80.14610290527344
2014-01-31,81.46163940429688
2014-02-03,83.2325668334961
2014-02-04,81.13276672363281
2014-02-05,82.04351043701172
2014-02-06,80.93037414550781
2014-02-07,82.32179260253906
2014-02-10,81.94230651855469
2014-02-11,82.27120208740234
2014-02-12,84.62396240234375
2014-02-13,85.18053436279297
2014-02-14,85.2058334350586
2014-02-17,85.02874755859375
2014-02-18,86.06600189208984
2014-02-19,87.22972869873047
2014-02-20,87.38153076171875
2014-02-21,88.11518859863281
2014-02-24,88.03929138183594
2014-02-25,90.46795654296876
2014-02-26,88.34284973144531
2014-02-28,85.83832550048828
2014-03-03,83.40962219238281
2014-03-04,84.04209899902344
2014-03-05,84.09270477294922
2014-03-06,84.01679992675781
2014-03-07,83.89030456542969
2014-03-10,82.14469909667969
2014-03-11,81.46163940429688
2014-03-12,81.588134765625
2014-03-13,79.51364135742188
2014-03-14,79.53893280029297
2014-03-18,81.00627136230469
2014-03-19,79.99431610107422
2014-03-20,82.11940002441406
2014-03-21,85.05403137207031
2014-03-24,83.10604858398438
2014-03-25,81.53752899169922
2014-03-26,81.63872528076172
2014-03-27,83.40962219238281
2014-03-28,83.08074951171875
2014-03-31,81.38574981689453
2014-04-01,83.25784301757812
2014-04-02,83.40962219238281
2014-04-03,83.2325668334961
2014-04-04,83.51083374023438
2014-04-07,83.56141662597656
2014-04-09,84.82636260986328
2014-04-10,82.6000747680664
2014-04-11,82.39768981933594
2014-04-15,81.03155517578125
2014-04-16,82.80247497558594
2014-04-17,81.56282043457031
2014-04-21,86.36956787109375
2014-04-22,88.46936798095703
2014-04-23,90.77153778076172
2014-04-24,90.77153778076172
2014-04-25,88.11518859863281
2014-04-28,86.69847106933594
2014-04-29,85.28173828125
2014-04-30,87.40681457519531
2014-05-02,87.86217498779297
2014-05-05,85.05403137207031
2014-05-06,83.8650131225586
2014-05-07,82.54949188232422
2014-05-08,83.2072525024414
2014-05-09,81.9170150756836
2014-05-12,80.80387878417969
2014-05-13,83.10604858398438
2014-05-14,81.71463775634766
2014-05-15,80.32320404052734
2014-05-16,76.30072021484375
2014-05-19,72.17703247070312
2014-05-20,73.49256896972656
2014-05-21,78.22340393066406
2014-05-22,79.1341552734375
2014-05-23,81.05685424804688
2014-05-26,83.9408950805664
2014-05-27,81.43633270263672
2014-05-28,80.3738021850586
2014-05-29,79.99431610107422
2014-05-30,80.65206909179688
2014-06-02,82.37238311767578
2014-06-03,81.84111785888672
2014-06-04,81.61344146728516
2014-06-05,81.2592544555664
2014-06-06,81.53752899169922
2014-06-09,82.85306549072266
2014-06-10,85.00344848632812
2014-06-11,84.72515869140625
2014-06-12,83.76382446289062
2014-06-13,82.01823425292969
2014-06-16,81.2592544555664
2014-06-17,81.81582641601562
2014-06-18,81.68932342529297
2014-06-19,84.09270477294922
2014-06-20,83.78910827636719
2014-06-23,82.85306549072266
2014-06-24,83.96620178222656
2014-06-25,83.2072525024414
2014-06-26,83.71321105957031
2014-06-27,85.56002044677734
2014-06-30,87.25503540039062
2014-07-01,87.55862426757812
2014-07-02,87.55862426757812
2014-07-03,86.09126281738281
2014-07-04,91.4292984008789
2014-07-07,91.9352798461914
2014-07-08,91.125732421875
2014-07-09,87.5333023071289
2014-07-10,87.96339416503906
2014-07-11,87.25503540039062
2014-07-14,87.43211364746094
2014-07-15,92.31475830078124
2014-07-16,94.1868667602539
2014-07-17,92.61328125
2014-07-18,92.17906951904295
2014-07-21,90.51887512207033
2014-07-22,89.4972152709961
2014-07-23,78.94860076904297
2014-07-24,81.0174560546875
2014-07-25,79.76592254638672
2014-07-28,79.81700134277344
2014-07-30,79.10186004638672
2014-07-31,79.4083480834961
2014-08-01,80.3789291381836
2014-08-04,81.27287292480469
2014-08-05,82.42222595214844
2014-08-06,81.11963653564453
2014-08-07,79.38280487060547
2014-08-08,78.87197875976562
2014-08-11,78.56546020507812
2014-08-12,79.12740325927734
2014-08-13,76.62431335449219
2014-08-14,77.90138244628906
2014-08-18,78.36114501953125
2014-08-19,78.31007385253906
2014-08-20,76.67540740966797
2014-08-21,77.69706726074219
2014-08-22,76.44554901123047
2014-08-25,74.93860626220703
2014-08-26,76.036865234375
2014-08-27,76.036865234375
2014-08-28,75.6792984008789
2014-09-01,77.39057159423828
2014-09-02,78.02910614013672
2014-09-03,77.67152404785156
2014-09-04,77.59489440917969
2014-09-05,80.32783508300781
2014-09-08,81.45167541503906
2014-09-09,82.39669036865234
2014-09-10,83.00969696044922
2014-09-11,85.461669921875
2014-09-12,84.28675842285156
2014-09-15,84.92530059814453
2014-09-16,81.988037109375
2014-09-17,80.78759002685547
2014-09-18,83.82701873779297
2014-09-19,86.7387466430664
2014-09-22,87.99028015136719
2014-09-23,86.53439331054688
2014-09-24,85.20624542236328
2014-09-25,82.39669036865234
2014-09-26,80.65985870361328
2014-09-29,82.1923599243164
2014-09-30,81.55381774902344
2014-10-01,82.42222595214844
2014-10-07,83.7503890991211
2014-10-08,81.50275421142578
2014-10-09,82.1923599243164
2014-10-10,80.53216552734375
2014-10-13,81.3750228881836
2014-10-14,81.88585662841797
2014-10-15,81.88585662841797
2014-10-16,82.62657928466797
2014-10-17,80.3789291381836
2014-10-20,78.43778991699219
2014-10-21,78.97413635253906
2014-10-22,85.07855224609375
2014-10-27,84.59324645996094
2014-10-28,84.00580596923828
2014-10-29,84.26121520996094
2014-10-30,84.21014404296875
2014-10-31,84.87420654296875
2014-11-03,84.54217529296875
2014-11-05,83.80146789550781
2014-11-07,84.1590576171875
2014-11-10,84.1845932006836
2014-11-11,83.98027038574219
2014-11-12,84.1590576171875
2014-11-13,83.00969696044922
2014-11-14,83.11185455322266
2014-11-17,83.57159423828125
2014-11-18,86.61103820800781
2014-11-19,86.7387466430664
2014-11-20,88.01580810546875
2014-11-21,87.47944641113281
2014-11-24,85.94696044921875
2014-11-25,83.59713745117188
2014-11-26,86.02357482910156
2014-11-27,87.78594207763672
2014-11-28,86.2023696899414
2014-12-01,85.12962341308594
2014-12-02,85.66598510742188
2014-12-03,87.91365814208984
2014-12-04,93.35397338867188
2014-12-05,95.49945831298828
2014-12-08,93.27734375
2014-12-09,91.2595672607422
2014-12-10,93.3795166015625
2014-12-11,93.04747772216795
2014-12-12,98.02806091308594
2014-12-15,102.24240112304688
2014-12-16,93.8392562866211
2014-12-17,97.97697448730467
2014-12-18,98.30902099609376
2014-12-19,104.59221649169922
2014-12-22,105.58832550048828
2014-12-23,102.5744400024414
2014-12-24,101.93587493896484
2014-12-26,100.63328552246094
2014-12-29,102.21685791015624
2014-12-30,101.78262329101562
2014-12-31,103.7748794555664
2015-01-01,106.30350494384766
2015-01-02,109.59832000732422
2015-01-05,107.50394439697266
2015-01-06,105.43508911132812
2015-01-07,105.00086212158205
2015-01-08,104.54112243652344
2015-01-09,102.98309326171876
2015-01-12,109.29185485839844
2015-01-13,108.6788330078125
2015-01-14,106.60999298095705
2015-01-15,109.87928771972656
2015-01-16,107.6316375732422
2015-01-19,109.95591735839844
2015-01-20,107.376220703125
2015-01-21,106.63550567626952
2015-01-22,108.39788055419922
2015-01-23,111.87152099609376
2015-01-27,106.58443450927734
2015-01-28,109.75157165527344
2015-01-29,108.8576431274414
2015-01-30,105.99699401855467
2015-02-02,108.27017974853516
2015-02-03,108.3468017578125
2015-02-04,113.07196044921876
2015-02-05,108.06584167480467
2015-02-06,108.16800689697266
2015-02-09,106.2523956298828
2015-02-10,107.55500793457033
2015-02-11,107.376220703125
2015-02-12,108.24463653564452
2015-02-13,110.1091766357422
2015-02-16,108.50003814697266
2015-02-18,107.19744873046876
2015-02-19,106.3801040649414
2015-02-20,106.66104888916016
2015-02-23,102.80431365966795
2015-02-24,103.6471710205078
2015-02-25,106.71214294433594
2015-02-26,107.52945709228516
2015-02-27,109.90484619140624
2015-03-02,110.00701141357422
2015-03-03,114.80877685546876
2015-03-04,110.05807495117188
2015-03-05,112.17801666259766
2015-03-09,109.7004852294922
2015-03-10,110.517822265625
2015-03-11,110.2879409790039
2015-03-12,109.75157165527344
2015-03-13,107.91258239746094
2015-03-16,104.6943817138672
2015-03-17,98.71769714355467
2015-03-18,98.2834701538086
2015-03-19,93.02194213867188
2015-03-20,97.44061279296876
2015-03-23,91.0807876586914
2015-03-24,95.32066345214844
2015-03-25,94.96308135986328
2015-03-26,92.07689666748048
2015-03-27,95.24404907226562
2015-03-30,94.35009765625
2015-03-31,96.29124450683594
2015-04-01,96.29124450683594
2015-04-06,98.9730987548828
2015-04-07,97.36398315429688
2015-04-08,96.0869140625
2015-04-09,93.99251556396484
2015-04-10,91.79592895507812
2015-04-13,91.4639129638672
2015-04-15,87.81148529052734
2015-04-16,87.12186431884766
2015-04-17,87.24958038330078
2015-04-20,84.64434814453125
2015-04-21,81.09407806396484
2015-04-22,77.441650390625
2015-04-23,78.59101104736328
2015-04-24,74.19789123535156
2015-04-27,73.68705749511719
2015-04-28,79.05077362060547
2015-04-29,63.2405891418457
2015-04-30,53.6881103515625
2015-05-04,58.10679244995117
2015-05-05,56.8297004699707
2015-05-06,55.91021728515625
2015-05-07,52.89633560180664
2015-05-08,54.45435333251953
2015-05-11,53.6881103515625
2015-05-12,52.385501861572266
2015-05-13,51.61925506591797
2015-05-14,52.5132064819336
2015-05-15,53.33052444458008
2015-05-18,54.14786148071289
2015-05-19,57.187294006347656
2015-05-20,56.24226379394531
2015-05-21,56.08900451660156
2015-05-22,55.52709197998047
2015-05-25,53.86689758300781
2015-05-26,53.0240364074707
2015-05-27,52.89633560180664
2015-05-28,53.10065460205078
2015-05-29,53.07512664794922
2015-06-01,53.9179916381836
2015-06-02,52.10454559326172
2015-06-03,49.856895446777344
2015-06-04,51.61925506591797
2015-06-05,51.976829528808594
2015-06-08,52.58982849121094
2015-06-09,52.972957611083984
2015-06-10,53.15175247192383
2015-06-11,52.079010009765625
2015-06-12,51.568172454833984
2015-06-15,51.33830261230469
2015-06-16,51.15950775146485
2015-06-17,51.057350158691406
2015-06-18,51.108428955078125
2015-06-19,50.87855911254883
2015-06-22,51.03180313110352
2015-06-23,50.648681640625
2015-06-24,50.75084686279297
2015-06-25,45.92351913452149
2015-06-26,47.58370208740234
2015-06-29,48.12007522583008
2015-06-30,47.58370208740234
2015-07-01,48.1456184387207
2015-07-02,47.89020156860352
2015-07-03,47.813575744628906
2015-07-06,48.40103149414063
2015-07-07,49.06510925292969
2015-07-08,47.966835021972656
2015-07-09,47.55816268920898
2015-07-10,47.83911895751953
2015-07-13,47.813575744628906
2015-07-14,51.21059799194336
2015-07-15,54.81192779541016
2015-07-16,54.86302185058594
2015-07-17,56.72754287719727
2015-07-20,57.0340461730957
2015-07-21,54.122318267822266
2015-07-22,54.4288215637207
2015-07-23,57.263916015625
2015-07-24,58.18341064453125
2015-07-27,56.497676849365234
2015-07-28,55.70587539672852
2015-07-29,54.50543594360352
2015-07-30,53.33052444458008
2015-07-31,56.39550018310547
2015-08-03,61.861366271972656
2015-08-04,64.6709213256836
2015-08-05,65.99906921386719
2015-08-06,67.55712890625
2015-08-07,66.56100463867188
2015-08-10,65.89692687988281
2015-08-11,62.954811096191406
2015-08-12,61.78948593139648
2015-08-13,58.83723831176758
2015-08-14,61.29743576049805
2015-08-17,64.19786834716797
2015-08-18,65.38909912109375
2015-08-19,64.01659393310547
2015-08-20,60.62412643432617
2015-08-21,61.60820388793945
2015-08-24,55.85912704467773
2015-08-25,54.771480560302734
2015-08-26,53.70971298217773
2015-08-27,54.66789627075195
2015-08-28,54.74557113647461
2015-08-31,53.11408615112305
2015-09-01,52.02642440795898
2015-09-02,52.90690994262695
2015-09-03,53.29535675048828
2015-09-04,51.89694213867188
2015-09-07,51.68976593017578
2015-09-08,51.94873428344727
2015-09-09,52.07821273803711
2015-09-10,51.81925201416016
2015-09-11,52.00053024291992
2015-09-14,52.518463134765625
2015-09-15,52.155906677246094
2015-09-16,52.440765380859375
2015-09-18,56.01450729370117
2015-09-21,57.17986297607422
2015-09-22,56.48065185546875
2015-09-23,56.73962020874024
2015-09-24,57.102169036865234
2015-09-28,55.80734252929688
2015-09-29,54.61608505249024
2015-09-30,55.31529998779297
2015-10-01,55.08223342895508
2015-10-05,56.920894622802734
2015-10-06,57.80137634277344
2015-10-07,58.086238861083984
2015-10-08,57.853172302246094
2015-10-09,59.56237030029297
2015-10-12,61.918941497802734
2015-10-13,61.06435394287109
2015-10-14,60.546417236328125
2015-10-15,60.44284439086914
2015-10-16,60.8571891784668
2015-10-19,62.0743293762207
2015-10-20,63.679931640625
2015-10-21,64.09426879882812
2015-10-23,69.94690704345703
2015-10-26,71.3194580078125
2015-10-27,70.93099212646484
2015-10-28,71.3712387084961
2015-10-29,71.3194580078125
2015-10-30,70.85330963134766
2015-11-02,72.51070404052734
2015-11-03,74.37525177001953
2015-11-04,74.81549835205078
2015-11-05,72.3553237915039
2015-11-06,74.76370239257812
2015-11-09,78.90715789794922
2015-11-10,77.58643341064453
2015-11-13,79.83944702148438
2015-11-16,80.4350814819336
2015-11-17,79.7358627319336
2015-11-18,80.46096801757812
2015-11-19,83.28372192382812
2015-11-20,86.39130401611328
2015-11-23,82.84347534179688
2015-11-24,83.02473449707031
2015-11-26,81.57454681396484
2015-11-27,80.17611694335938
2015-11-30,79.60639190673828
2015-12-01,82.71398162841797
2015-12-02,85.35545349121094
2015-12-03,83.77574157714844
2015-12-04,80.82352447509766
2015-12-07,81.75580596923828
2015-12-08,81.34146118164062
2015-12-09,81.41913604736328
2015-12-10,83.87933349609375
2015-12-11,87.45307159423828
2015-12-14,88.74791717529297
2015-12-15,90.09455108642578
2015-12-16,88.12638092041016
2015-12-17,87.73792266845703
2015-12-18,86.44310760498047
2015-12-21,88.02278900146484
2015-12-22,87.58255004882812
2015-12-23,86.88336181640625
2015-12-24,86.93513488769531
2015-12-28,86.6761703491211
2015-12-29,87.66024780273438
2015-12-30,87.94512176513672
2015-12-31,87.50486755371094
2016-01-01,87.37538146972656
2016-01-04,87.55667114257812
2016-01-05,87.68614959716797
2016-01-06,86.05464935302734
2016-01-07,82.61039733886719
2016-01-08,82.81756591796875
2016-01-11,82.06657409667969
2016-01-12,82.71398162841797
2016-01-13,78.51872253417969
2016-01-14,78.77769470214844
2016-01-15,76.99081420898438
2016-01-18,74.63423156738281
2016-01-19,72.0704574584961
2016-01-20,74.37525177001953
2016-01-21,71.96686553955078
2016-01-22,73.3134994506836
2016-01-25,75.92906951904297
2016-01-27,73.77963256835938
2016-01-28,74.40113830566406
2016-01-29,74.21987915039062
2016-02-01,73.1322021484375
2016-02-02,73.59835052490234
2016-02-03,71.16407012939453
2016-02-04,68.1341552734375
2016-02-05,70.93099212646484
2016-02-08,70.10231018066406
2016-02-09,68.39313507080078
2016-02-10,66.81342315673828
2016-02-11,61.32333755493164
2016-02-12,58.55238723754883
2016-02-15,62.56637191772461
2016-02-16,62.43688583374024
2016-02-17,62.38508605957031
2016-02-18,61.84127807617188
2016-02-19,64.50863647460938
2016-02-22,65.25962829589844
2016-02-23,63.96480178833008
2016-02-24,66.86521911621094
2016-02-25,65.6739730834961
2016-02-26,68.03056335449219
2016-02-29,69.29952239990234
2016-03-01,71.21586608886719
2016-03-02,73.52066802978516
2016-03-03,78.28565979003906
2016-03-04,74.8932113647461
2016-03-08,73.85731506347656
2016-03-09,73.05452728271484
2016-03-10,73.67605590820312
2016-03-11,73.75373840332031
2016-03-14,73.650146484375
2016-03-15,72.82144927978516
2016-03-16,72.7437744140625
2016-03-17,73.3134994506836
2016-03-18,74.29756927490234
2016-03-21,74.06449127197266
2016-03-22,74.24576568603516
2016-03-23,74.47883605957031
2016-03-28,74.42705535888672
2016-03-29,73.4947738647461
2016-03-30,73.90911865234375
2016-03-31,76.57647705078125
2016-04-01,78.38925170898438
2016-04-04,78.31156158447266
2016-04-05,77.32747650146484
2016-04-06,78.4122085571289
2016-04-07,75.66044616699219
2016-04-08,75.50321197509766
2016-04-11,77.57357025146484
2016-04-12,77.52114868164062
2016-04-13,77.39012908935547
2016-04-18,80.37775421142578
2016-04-20,80.53498077392578
2016-04-21,80.90189361572266
2016-04-22,78.59566497802734
2016-04-25,79.46051025390625
2016-04-26,79.72257995605469
2016-04-27,80.84947967529297
2016-04-28,84.41368865966797
2016-04-29,83.81090545654297
2016-05-02,83.54884338378906
2016-05-03,83.88954162597656
2016-05-04,82.89366149902344
2016-05-05,83.18193817138672
2016-05-06,82.73641204833984
2016-05-09,85.69783782958984
2016-05-10,86.19578552246094
2016-05-11,86.30060577392578
2016-05-12,86.30060577392578
2016-05-13,86.22200012207031
2016-05-16,84.62332916259766
2016-05-17,84.02056884765625
2016-05-18,85.64543151855469
2016-05-19,86.09095764160156
2016-05-20,85.88130950927734
2016-05-23,84.51850128173828
2016-05-24,84.91162109375
2016-05-25,85.671630859375
2016-05-26,86.51026916503906
2016-05-27,90.59860229492188
2016-05-30,93.08829498291016
2016-05-31,94.8703842163086
2016-06-01,93.82210540771484
2016-06-02,91.25379943847656
2016-06-03,92.04000091552734
2016-06-06,92.66897583007812
2016-06-07,97.64835357666016
2016-06-08,97.15042877197266
2016-06-09,93.74348449707033
2016-06-10,96.91456604003906
2016-06-13,99.5090789794922
2016-06-14,93.71724700927734
2016-06-15,93.56002807617188
2016-06-16,95.68282318115234
2016-06-17,96.75730895996094
2016-06-20,95.9186782836914
2016-06-21,100.4001235961914
2016-06-22,98.93251037597656
2016-06-23,98.09388732910156
2016-06-24,93.16691589355467
2016-06-27,92.93104553222656
2016-06-28,93.97933959960938
2016-06-29,94.3986587524414
2016-06-30,96.60008239746094
2016-07-01,82.36949920654297
2016-07-04,81.0067367553711
2016-07-05,81.7929458618164
2016-07-07,79.09359741210938
2016-07-08,78.17635345458984
2016-07-11,78.04529571533203
2016-07-12,75.94871520996094
2016-07-13,77.23287963867188
2016-07-14,76.42046356201172
2016-07-15,75.37216186523438
2016-07-18,73.38042449951172
2016-07-19,70.5238265991211
2016-07-20,69.55416107177734
2016-07-21,71.70314025878906
2016-07-22,70.65485382080078
2016-07-25,70.36656951904297
2016-07-26,70.10450744628906
2016-07-27,70.91692352294922
2016-07-28,72.305908203125
2016-07-29,68.84654998779297
2016-08-01,69.5017318725586
2016-08-02,67.45757293701172
2016-08-03,66.74996185302734
2016-08-04,67.03826904296875
2016-08-05,69.37071228027344
2016-08-08,69.265869140625
2016-08-09,68.13896942138672
2016-08-10,66.61892700195312
2016-08-11,66.92167663574219
2016-08-12,67.98477172851562
2016-08-16,67.53295135498047
2016-08-17,67.0545425415039
2016-08-18,69.55282592773438
2016-08-19,71.43982696533203
2016-08-22,71.17402648925781
2016-08-23,71.97135162353516
2016-08-24,71.99793243408203
2016-08-25,68.88838958740234
2016-08-26,67.93161010742188
2016-08-29,67.74555969238281
2016-08-30,67.79872131347656
2016-08-31,67.63924407958984
2016-09-01,68.99468994140625
2016-09-02,68.48973083496094
2016-09-06,68.59603118896484
2016-09-07,68.94153594970703
2016-09-08,69.52622985839844
2016-09-09,69.18074035644531
2016-09-12,67.2406005859375
2016-09-14,69.18074035644531
2016-09-15,68.27710723876953
2016-09-16,70.2969970703125
2016-09-19,70.19068145751953
2016-09-20,69.6856918334961
2016-09-21,69.4199447631836
2016-09-22,69.6591567993164
2016-09-23,69.4996566772461
2016-09-26,69.10100555419922
2016-09-27,69.20732116699219
2016-09-28,71.65242767333984
2016-09-29,65.91172790527344
2016-09-30,65.96488952636719
2016-10-03,67.34690856933594
2016-10-04,69.31361389160156
2016-10-05,70.98799896240234
2016-10-06,70.24382781982422
2016-10-07,68.4631576538086
2016-10-10,69.4996566772461
2016-10-13,68.67577362060547
2016-10-14,69.7122802734375
2016-10-17,68.35684204101562
2016-10-18,69.7122802734375
2016-10-19,72.34342956542969
2016-10-20,75.34668731689453
2016-10-21,74.46961975097656
2016-10-24,75.69217681884766
2016-10-25,77.73861694335938
2016-10-26,76.78185272216797
2016-10-27,76.75525665283203
2016-10-28,76.17057800292969
2016-11-01,74.4164810180664
2016-11-02,70.66907501220703
2016-11-03,69.36676788330078
2016-11-04,69.97806549072266
2016-11-07,70.9348373413086
2016-11-08,71.7853012084961
2016-11-09,69.6856918334961
2016-11-10,70.80194854736328
2016-11-11,67.95817565917969
2016-11-15,67.2140121459961
2016-11-16,68.56946563720703
2016-11-17,68.67577362060547
2016-11-18,69.12760162353516
2016-11-21,67.2406005859375
2016-11-22,67.37348175048828
2016-11-23,67.4266357421875
2016-11-24,67.2140121459961
2016-11-25,69.47309112548828
2016-11-28,68.72891235351562
2016-11-29,70.08438110351562
2016-11-30,70.11095428466797
2016-12-01,70.2704086303711
2016-12-02,70.24382781982422
2016-12-05,69.52622985839844
2016-12-06,70.13751983642578
2016-12-07,68.78207397460938
2016-12-08,70.08438110351562
2016-12-09,70.96142578125
2016-12-12,69.7122802734375
2016-12-13,71.01458740234375
2016-12-14,72.05108642578125
2016-12-15,73.4596939086914
2016-12-16,73.06102752685547
2016-12-19,73.35338592529297
2016-12-20,72.82183837890625
2016-12-21,73.2470703125
2016-12-22,72.98129272460938
2016-12-23,72.71550750732422
2016-12-26,71.46636199951172
2016-12-27,71.49296569824219
2016-12-28,71.67900085449219
2016-12-29,70.88168334960938
2016-12-30,71.41322326660156
2017-01-02,72.0245132446289
2017-01-03,72.05108642578125
2017-01-04,72.90155792236328
2017-01-05,73.14077758789062
2017-01-06,71.5992660522461
2017-01-09,73.11417388916016
2017-01-10,73.6988754272461
2017-01-11,73.64574432373047
2017-01-12,74.23043060302734
2017-01-13,75.50614166259766
2017-01-16,76.06427001953125
2017-01-17,76.27689361572266
2017-01-18,77.28682708740234
2017-01-19,73.67230987548828
2017-01-20,72.875
2017-01-23,72.5560531616211
2017-01-24,72.15740966796875
2017-01-25,71.41322326660156
2017-01-27,72.44975280761719
2017-01-30,72.0245132446289
2017-01-31,69.18074035644531
2017-02-01,69.4199447631836
2017-02-02,70.9348373413086
2017-02-03,70.4564437866211
2017-02-06,70.2704086303711
2017-02-07,70.4032974243164
2017-02-08,70.96142578125
2017-02-09,70.96142578125
2017-02-10,71.5461196899414
2017-02-13,70.8551025390625
2017-02-14,70.32355499267578
2017-02-15,69.26045989990234
2017-02-16,70.03120422363281
2017-02-17,69.97806549072266
2017-02-20,70.58934783935547
2017-02-21,71.67900085449219
2017-02-22,70.9348373413086
2017-02-23,73.43309783935547
2017-02-27,74.0177993774414
2017-02-28,73.32679748535156
2017-03-01,73.56600952148438
2017-03-02,71.5992660522461
2017-03-03,71.75874328613281
2017-03-06,71.49296569824219
2017-03-07,71.99793243408203
2017-03-08,70.66907501220703
2017-03-09,70.48302459716797
2017-03-10,70.53619384765625
2017-03-14,70.42986297607422
2017-03-15,69.97806549072266
2017-03-16,70.82852935791016
2017-03-17,71.8916244506836
2017-03-20,71.43982696533203
2017-03-21,71.09430694580078
2017-03-22,69.9249038696289
2017-03-23,69.97806549072266
2017-03-24,70.08438110351562
2017-03-27,69.07442474365234
2017-03-28,69.57938385009766
2017-03-29,69.55282592773438
2017-03-30,69.4465103149414
2017-03-31,68.94153594970703
2017-04-03,69.10100555419922
2017-04-05,69.20732116699219
2017-04-06,69.20732116699219
2017-04-07,69.18074035644531
2017-04-10,68.59603118896484
2017-04-11,68.25054168701172
2017-04-12,69.6591567993164
2017-04-13,68.62261962890625
2017-04-17,68.35684204101562
2017-04-18,68.30369567871094
2017-04-19,67.77214813232422
2017-04-20,67.6924057006836
2017-04-21,69.79200744628906
2017-04-24,69.73885345458984
2017-04-25,69.60597229003906
2017-04-26,68.67577362060547
2017-04-27,68.30369567871094
2017-04-28,68.25054168701172
2017-05-02,70.48302459716797
2017-05-03,70.03120422363281
2017-05-04,69.20732116699219
2017-05-05,68.25054168701172
2017-05-08,68.35684204101562
2017-05-09,68.48973083496094
2017-05-10,68.67577362060547
2017-05-11,68.4631576538086
2017-05-12,68.27710723876953
2017-05-15,68.56946563720703
2017-05-16,69.4465103149414
2017-05-17,68.35684204101562
2017-05-18,68.01134490966797
2017-05-19,67.1343002319336
2017-05-22,65.00811004638672
2017-05-23,61.5264778137207
2017-05-24,59.53317260742188
2017-05-25,62.48325347900391
2017-05-26,63.20085144042969
2017-05-29,61.340423583984375
2017-05-30,60.48995208740234
2017-05-31,61.36702346801758
2017-06-01,62.190914154052734
2017-06-02,62.05802154541016
2017-06-05,59.320556640625
2017-06-06,57.32725143432617
2017-06-07,59.21425628662109
2017-06-08,61.49990081787109
2017-06-09,62.82876968383789
2017-06-12,61.79225158691406
2017-06-13,64.66259002685547
2017-06-14,65.93831634521484
2017-06-15,66.04461669921875
2017-06-16,66.28382110595703
2017-06-19,65.85855102539062
2017-06-20,66.33696746826172
2017-06-21,65.64596557617188
2017-06-22,64.50313568115234
2017-06-23,63.81211471557617
2017-06-27,64.92838287353516
2017-06-28,65.35359191894531
2017-06-29,65.99146270751953
2017-06-30,65.247314453125
2017-07-03,67.63924407958984
2017-07-04,66.31038665771484
2017-07-05,68.38341522216797
2017-07-06,68.70235443115234
2017-07-07,70.9348373413086
2017-07-10,70.48302459716797
2017-07-11,71.57268524169922
2017-07-12,71.41322326660156
2017-07-13,71.8118896484375
2017-07-14,72.44975280761719
2017-07-17,72.39661407470703
2017-07-18,68.86180114746094
2017-07-19,71.17402648925781
2017-07-20,68.86180114746094
2017-07-21,67.10770416259766
2017-07-24,65.48649597167969
2017-07-25,65.8053970336914
2017-07-26,67.66584014892578
2017-07-27,66.52298736572266
2017-07-28,67.50636291503906
2017-07-31,68.01134490966797
2017-08-01,68.67577362060547
2017-08-02,68.11766052246094
2017-08-03,67.02799224853516
2017-08-04,65.96488952636719
2017-08-07,65.5396499633789
2017-08-08,64.15763092041016
2017-08-09,61.71251678466797
2017-08-10,59.62313079833984
2017-08-11,60.19881439208984
2017-08-14,61.21308898925781
2017-08-16,61.78874969482422
2017-08-17,63.10458755493164
2017-08-18,62.199954986572266
2017-08-21,60.80189895629883
2017-08-22,60.3084602355957
2017-08-23,62.337013244628906
2017-08-24,62.99493408203125
2017-08-28,64.74935150146484
2017-08-29,63.68024444580078
2017-08-30,64.39298248291016
2017-08-31,63.899559020996094
2017-09-01,65.46211242675781
2017-09-04,64.28334045410156
2017-09-05,64.03661346435547
2017-09-06,63.51578903198242
2017-09-07,63.46095657348633
2017-09-08,61.76134490966797
2017-09-11,62.55631637573242
2017-09-12,66.80533599853516
2017-09-13,66.91498565673828
2017-09-14,66.5037841796875
2017-09-15,65.70880889892578
2017-09-18,67.38098907470703
2017-09-19,66.61343383789062
2017-09-20,67.8470230102539
2017-09-21,67.49065399169922
2017-09-22,64.99607849121094
2017-09-25,63.762489318847656
2017-09-26,65.84587860107422
2017-09-27,65.27021026611328
2017-09-28,66.28447723388672
2017-09-29,66.3118896484375
2017-10-03,67.35358428955078
2017-10-04,67.51805877685547
2017-10-05,70.69795989990234
2017-10-06,70.17711639404297
2017-10-09,72.28793334960938
2017-10-10,72.17826843261719
2017-10-11,69.90299987792969
2017-10-12,71.52035522460938
2017-10-13,70.31419372558594
2017-10-16,70.53348541259766
2017-10-17,70.8624496459961
2017-10-18,70.12230682373047
2017-10-19,69.32730102539062
2017-10-23,69.62885284423828
2017-10-24,72.06861114501953
2017-10-25,74.12457275390625
2017-10-26,75.33074188232422
2017-10-27,74.20682525634766
2017-10-30,76.6191635131836
2017-10-31,81.27936553955078
2017-11-01,80.01836395263672
2017-11-02,81.49867248535156
2017-11-03,83.55464172363281
2017-11-06,85.802490234375
2017-11-07,86.51522064208984
2017-11-08,86.87161254882812
2017-11-09,87.33760833740234
2017-11-10,88.18741607666016
2017-11-13,88.48895263671875
2017-11-14,89.33877563476562
2017-11-15,88.13258361816406
2017-11-16,92.40902709960938
2017-11-17,91.20285034179688
2017-11-20,91.86076354980467
2017-11-21,94.57465362548828
2017-11-22,94.21826934814452
2017-11-23,97.80935668945312
2017-11-24,96.3290557861328
2017-11-27,96.98697662353516
2017-11-28,97.72712707519533
2017-11-29,94.60205078125
2017-11-30,93.5603485107422
2017-12-01,88.0229263305664
2017-12-04,86.54263305664062
2017-12-05,84.7882080078125
2017-12-06,88.65345001220703
2017-12-07,91.83332824707033
2017-12-08,91.4221420288086
2017-12-11,94.51980590820312
2017-12-12,93.06693267822266
2017-12-13,93.25880432128906
2017-12-14,92.9024429321289
2017-12-15,91.86076354980467
2017-12-18,92.92986297607422
2017-12-19,96.84990692138672
2017-12-20,94.24568939208984
2017-12-21,95.50668334960938
2017-12-22,94.79393005371094
2017-12-26,93.69742584228516
2017-12-27,94.32791137695312
2017-12-28,95.09547424316406
2017-12-29,99.0977554321289
2018-01-01,101.2908172607422
2018-01-02,104.25140380859376
2018-01-03,108.88420867919922
2018-01-04,111.7351303100586
2018-01-05,110.88533020019533
2018-01-08,109.15831756591795
2018-01-09,110.88533020019533
2018-01-10,113.07837677001952
2018-01-11,114.14749145507812
2018-01-12,111.26911926269533
2018-01-15,110.2822494506836
2018-01-16,110.55636596679688
2018-01-17,110.39190673828124
2018-01-18,105.43016052246094
2018-01-19,107.81507873535156
2018-01-22,109.62433624267578
2018-01-23,111.54324340820312
2018-01-24,115.2713851928711
2018-01-25,115.92933654785156
2018-01-29,114.25713348388672
2018-01-30,120.26055145263672
2018-01-31,116.01154327392578
2018-02-01,114.42161560058594
2018-02-02,108.19886016845705
2018-02-05,113.54439544677734
2018-02-06,113.10578918457033
2018-02-07,116.14861297607422
2018-02-08,121.24739837646484
2018-02-09,118.0126953125
2018-02-12,118.1223602294922
2018-02-14,119.52041625976562
2018-02-15,114.14749145507812
2018-02-16,112.8864974975586
2018-02-19,108.85677337646484
2018-02-20,109.02124786376952
2018-02-21,109.89846801757812
2018-02-22,110.33706665039062
2018-02-23,113.35250091552734
2018-02-26,114.14749145507812
2018-02-27,116.94359588623048
2018-02-28,118.47869873046876
2018-03-01,117.73856353759766
2018-03-05,120.31539916992188
2018-03-06,118.23198699951172
2018-03-07,115.49070739746094
2018-03-08,115.29881286621094
2018-03-09,115.2165756225586
2018-03-12,119.24626159667967
2018-03-13,120.56209564208984
2018-03-14,125.66091918945312
2018-03-15,126.81222534179688
2018-03-16,125.7431411743164
2018-03-19,124.0161361694336
2018-03-20,126.53810119628906
2018-03-21,125.46902465820312
2018-03-22,124.75626373291016
2018-03-23,120.45245361328124
2018-03-26,120.4798355102539
2018-03-27,122.26171112060548
2018-03-28,118.7254638671875
2018-04-02,122.50845336914062
2018-04-03,122.2891082763672
2018-04-04,120.0960922241211
2018-04-05,121.2199935913086
2018-04-06,123.24855041503906
2018-04-09,122.1246337890625
2018-04-10,121.11036682128906
2018-04-11,122.20691680908205
2018-04-12,124.07096099853516
2018-04-13,125.85279846191406
2018-04-16,125.57865142822266
2018-04-17,125.24969482421876
2018-04-18,127.22341918945312
2018-04-19,128.70376586914062
2018-04-20,133.2816925048828
2018-04-23,134.76197814941406
2018-04-24,132.51412963867188
2018-04-25,133.74771118164062
2018-04-26,135.7488250732422
2018-04-27,135.88592529296875
2018-04-30,141.7797088623047
2018-05-02,138.79171752929688
2018-05-03,137.5855255126953
2018-05-04,138.1063690185547
2018-05-07,138.32566833496094
2018-05-08,142.8214111328125
2018-05-09,143.01329040527344
2018-05-10,142.05381774902344
2018-05-11,142.43760681152344
2018-05-14,141.5055694580078
2018-05-15,141.3411407470703
2018-05-16,143.01329040527344
2018-05-17,143.4793243408203
2018-05-18,143.1777801513672
2018-05-21,138.0241241455078
2018-05-22,135.6940460205078
2018-05-23,141.58778381347656
2018-05-24,148.49588012695312
2018-05-25,148.57814025878906
2018-05-28,149.72943115234375
2018-05-29,149.45535278320312
2018-05-30,150.3873748779297
2018-05-31,151.92254638671875
2018-06-01,156.66488647460938
2018-06-04,152.79969787597656
2018-06-05,142.7391815185547
2018-06-06,145.69976806640625
2018-06-07,146.7963104248047
2018-06-08,149.67462158203125
2018-06-11,150.8259735107422
2018-06-12,156.03443908691406
2018-06-13,151.84024047851562
2018-06-14,153.73175048828125
2018-06-15,154.82826232910156
2018-06-18,152.7722930908203
2018-06-19,151.31942749023438
2018-06-20,150.90821838378906
2018-06-21,151.67578125
2018-06-22,152.79969787597656
2018-06-25,150.4970245361328
2018-06-26,148.9071044921875
2018-06-27,150.5244140625
2018-06-28,145.26113891601562
2018-06-29,148.98931884765625
2018-07-02,149.839111328125
2018-07-03,152.96417236328125
2018-07-04,151.04527282714844
2018-07-05,147.81056213378906
2018-07-06,147.04298400878906
2018-07-09,153.51248168945312
2018-07-10,157.24057006835938
2018-07-11,159.70779418945312
2018-07-12,164.28573608398438
2018-07-13,166.53359985351562
2018-07-16,161.81858825683594
2018-07-17,159.65296936035156
2018-07-18,165.13552856445312
2018-07-19,160.667236328125
2018-07-20,160.47531127929688
2018-07-23,157.70664978027344
2018-07-24,159.8722686767578
2018-07-25,159.8174285888672
2018-07-26,157.51473999023438
2018-07-27,163.4359130859375
2018-07-30,161.98304748535156
2018-07-31,162.94247436523438
2018-08-01,168.8363037109375
2018-08-02,166.3142852783203
2018-08-03,168.397705078125
2018-08-06,166.04014587402344
2018-08-07,166.64320373535156
2018-08-08,166.14979553222656
2018-08-09,161.3799591064453
2018-08-10,158.88540649414062
2018-08-13,160.96876525878906
2018-08-14,162.1201171875
2018-08-16,162.805419921875
2018-08-17,162.66836547851562
2018-08-20,160.8134765625
2018-08-21,163.17430114746094
2018-08-23,164.45191955566406
2018-08-24,161.34117126464844
2018-08-27,161.78558349609375
2018-08-28,163.2020721435547
2018-08-29,163.89642333984375
2018-08-30,164.64633178710938
2018-08-31,168.31256103515625
2018-09-03,166.64610290527344
2018-09-04,166.7294464111328
2018-09-05,171.7288055419922
2018-09-06,172.20098876953125
2018-09-07,171.11778259277344
2018-09-10,172.2565155029297
2018-09-11,170.4234161376953
2018-09-12,170.56228637695312
2018-09-14,168.3681182861328
2018-09-17,168.09036254882812
2018-09-18,165.97952270507812
2018-09-19,161.9522247314453
2018-09-21,154.28652954101562
2018-09-24,153.70327758789062
2018-09-25,148.64833068847656
2018-09-26,137.51080322265625
2018-09-27,134.0390167236328
2018-09-28,118.54092407226562
2018-10-01,123.23478698730467
2018-10-03,122.23491668701172
2018-10-04,114.34698486328124
2018-10-05,108.70880889892578
2018-10-08,106.90347290039062
2018-10-09,110.8751983642578
2018-10-10,114.12480926513672
2018-10-11,109.65313720703124
2018-10-12,112.43057250976562
2018-10-15,120.79066467285156
2018-10-16,118.62425231933594
2018-10-17,114.9024887084961
2018-10-19,117.59659576416016
2018-10-22,118.5131607055664
2018-10-23,115.12467956542967
2018-10-24,115.2635498046875
2018-10-25,116.95779418945312
2018-10-26,121.5405502319336
2018-10-29,120.90176391601562
2018-10-30,119.2630615234375
2018-10-31,122.98483276367188
2018-11-01,121.51278686523438
2018-11-02,116.54118347167967
2018-11-05,120.90176391601562
2018-11-06,122.87374114990234
2018-11-07,122.5126724243164
2018-11-09,119.45748138427734
2018-11-12,119.67967224121094
2018-11-13,118.37427520751952
2018-11-14,116.76335906982422
2018-11-15,118.01321411132812
2018-11-16,117.7354736328125
2018-11-19,116.93000793457033
2018-11-20,114.37477111816406
2018-11-21,115.43021392822266
2018-11-22,112.12506866455078
2018-11-26,113.8192901611328
2018-11-27,113.93038177490234
2018-11-28,115.29132080078124
2018-11-29,116.20789337158205
2018-11-30,115.79127502441406
2018-12-03,117.20774841308594
2018-12-04,116.56895446777344
2018-12-05,116.79112243652344
2018-12-06,118.152099609375
2018-12-07,115.15245819091795
2018-12-10,116.4578628540039
2018-12-11,117.9299087524414
2018-12-12,119.76299285888672
2018-12-13,120.98507690429688
2018-12-14,119.59635925292967
2018-12-17,120.59620666503906
2018-12-18,120.90176391601562
2018-12-19,126.95655822753906
2018-12-20,127.317626953125
2018-12-21,124.51242065429688
2018-12-24,121.40168762207033
2018-12-26,120.09629821777344
2018-12-27,122.3182601928711
2018-12-28,121.04061889648438
2018-12-31,121.1517105102539
2019-01-01,120.59620666503906
2019-01-02,120.01296997070312
2019-01-03,117.56880950927734
2019-01-04,116.90222930908205
2019-01-07,115.5135269165039
2019-01-08,114.9024887084961
2019-01-09,115.18021392822266
2019-01-10,114.01371002197266
2019-01-11,117.0688934326172
2019-01-14,114.48585510253906
2019-01-15,117.67991638183594
2019-01-16,120.09629821777344
2019-01-17,118.62425231933594
2019-01-18,120.06853485107422
2019-01-21,121.23504638671876
2019-01-22,120.29071807861328
2019-01-23,120.34626770019533
2019-01-24,115.22903442382812
2019-01-25,100.44004821777344
2019-01-28,99.85921478271484
2019-01-29,102.71871185302734
2019-01-30,103.07615661621094
2019-01-31,102.13787841796876
2019-02-01,102.3612823486328
2019-02-04,101.64641571044922
2019-02-05,100.7081298828125
2019-02-06,102.8974380493164
2019-02-07,102.31659698486328
2019-02-08,102.00383758544922
2019-02-11,100.3953628540039
2019-02-12,100.9761962890625
2019-02-14,100.88684844970705
2019-02-15,97.31244659423828
2019-02-18,90.5658187866211
2019-02-19,89.1807632446289
2019-02-20,96.86568450927734
2019-02-21,96.68695068359376
2019-02-22,96.28483581542967
2019-02-25,96.50823211669922
2019-02-26,96.24014282226562
2019-02-27,95.97207641601562
2019-02-28,97.13373565673828
2019-03-01,96.01675415039062
2019-03-05,96.1507797241211
2019-03-06,103.21019744873048
2019-03-07,96.73162841796876
2019-03-08,92.84449005126952
2019-03-11,94.09552764892578
2019-03-12,93.6040496826172
2019-03-13,91.45941925048828
2019-03-14,89.9849853515625
2019-03-15,90.20838165283205
2019-03-18,91.23601531982422
2019-03-19,89.31478118896484
2019-03-20,87.92972564697266
2019-03-22,85.96381378173828
2019-03-25,84.48938751220703
2019-03-26,86.18721008300781
2019-03-27,86.72337341308594
2019-03-28,87.88504028320312
2019-04-01,91.9062042236328
2019-04-02,90.92325592041016
2019-04-03,89.94031524658203
2019-04-04,89.49351501464844
2019-04-05,92.39768981933594
2019-04-08,90.6551742553711
2019-04-09,90.20838165283205
2019-04-10,88.59992980957031
2019-04-11,88.68928527832031
2019-04-12,88.82331085205078
2019-04-15,90.87857818603516
2019-04-16,91.19132995605467
2019-04-18,89.62755584716797
2019-04-22,89.9849853515625
2019-04-23,88.73394775390625
2019-04-24,87.12547302246094
2019-04-25,86.32125091552734
2019-04-26,85.74041748046875
2019-04-30,83.64046478271484
2019-05-02,83.95321655273438
2019-05-03,82.38943481445312
2019-05-06,79.1278076171875
2019-05-07,78.32357788085938
2019-05-08,76.35765838623047
2019-05-09,76.6257553100586
2019-05-10,76.58106994628906
2019-05-13,75.37471008300781
2019-05-14,77.20658111572266
2019-05-15,72.8726577758789
2019-05-16,74.48111724853516
2019-05-17,77.96612548828125
2019-05-20,80.06608581542969
2019-05-21,77.34062194824219
2019-05-22,77.38529205322266
2019-05-23,77.20658111572266
2019-05-24,79.39591217041016
2019-05-27,82.3000717163086
2019-05-28,86.54464721679688
2019-05-29,83.68515014648438
2019-05-30,86.27658081054688
2019-05-31,85.33831024169922
2019-06-03,85.33831024169922
2019-06-04,85.51701354980469
2019-06-06,80.37885284423828
2019-06-07,79.84268951416016
2019-06-10,80.82563781738281
2019-06-11,84.4000244140625
2019-06-12,81.27243041992188
2019-06-13,81.80860137939453
2019-06-14,81.00435638427734
2019-06-17,80.69161224365234
2019-06-18,79.70864868164062
2019-06-19,81.18307495117188
2019-06-20,84.71278381347656
2019-06-21,81.89794921875
2019-06-24,81.27243041992188
2019-06-25,79.84268951416016
2019-06-26,79.1278076171875
2019-06-27,80.64691925048828
2019-06-28,77.11723327636719
2019-07-01,80.15544891357422
2019-07-02,81.22776794433594
2019-07-03,80.51287841796875
2019-07-04,81.98731231689453
2019-07-05,79.44058227539062
2019-07-08,73.4981689453125
2019-07-09,72.8726577758789
2019-07-10,68.76212310791016
2019-07-11,66.75153350830078
2019-07-12,66.66217041015625
2019-07-15,64.51753234863281
2019-07-16,67.91319274902344
2019-07-17,67.5557632446289
2019-07-18,67.42172241210938
2019-07-19,65.90261840820312
2019-07-22,68.22594451904297
2019-07-23,67.6004409790039
2019-07-24,67.10897064208984
2019-07-25,67.15364837646484
2019-07-26,67.01959991455078
2019-07-29,67.6451187133789
2019-07-30,68.56295776367188
2019-07-31,68.37939453125
2019-08-01,69.15955352783203
2019-08-02,66.40603637695312
2019-08-05,66.36013793945312
2019-08-06,68.2417221069336
2019-08-07,63.377140045166016
2019-08-08,59.10916519165039
2019-08-09,57.6865119934082
2019-08-13,55.07065963745117
2019-08-14,55.25422668457031
2019-08-16,55.8508186340332
2019-08-19,57.77828979492188
2019-08-20,55.94260025024414
2019-08-21,55.07065963745117
2019-08-22,54.1069221496582
2019-08-23,56.40152740478516
2019-08-26,60.3023681640625
2019-08-27,59.246849060058594
2019-08-28,61.44967651367188
2019-08-29,61.541465759277344
2019-08-30,60.53181838989258
2019-09-03,61.03664016723633
2019-09-04,59.155059814453125
2019-09-05,60.3023681640625
2019-09-06,64.43267822265625
2019-09-09,65.67176055908203
2019-09-11,66.68138885498047
2019-09-12,66.22247314453125
2019-09-13,68.05815887451172
2019-09-16,65.62586212158203
2019-09-17,61.44967651367188
2019-09-18,61.49557113647461
2019-09-19,61.2661018371582
2019-09-20,68.6088638305664
2019-09-23,67.23208618164062
2019-09-24,67.7369155883789
2019-09-25,64.29499053955078
2019-09-26,66.22247314453125
2019-09-27,66.63549041748047
2019-09-30,63.56071472167969
2019-10-01,61.12842178344727
2019-10-03,56.95222854614258
2019-10-04,57.13580703735352
2019-10-07,56.58509826660156
2019-10-09,55.8508186340332
2019-10-10,54.9329719543457
2019-10-11,53.96924209594727
2019-10-14,57.96186065673828
2019-10-15,59.155059814453125
2019-10-16,58.97149658203125
2019-10-17,59.43041610717773
2019-10-18,60.57771682739258
2019-10-22,61.67912292480469
2019-10-23,64.66211700439453
2019-10-24,63.92786407470703
2019-10-25,64.38677978515625
2019-10-27,64.8915786743164
2019-10-29,62.964115142822266
2019-10-30,61.2661018371582
2019-10-31,61.12842178344727
2019-11-01,60.66950225830078
2019-11-04,61.08252716064453
2019-11-05,60.02701187133789
2019-11-06,58.5584602355957
2019-11-07,56.86044692993164
2019-11-08,58.19132232666016
2019-11-11,59.61397552490234
2019-11-13,62.1839485168457
2019-11-14,61.77091979980469
2019-11-15,60.53181838989258
2019-11-18,60.16468811035156
2019-11-19,60.53181838989258
2019-11-20,63.33125305175781
2019-11-21,64.845703125
2019-11-22,65.76353454589844
2019-11-25,65.39640045166016
2019-11-26,65.9012222290039
2019-11-27,63.69839096069336
2019-11-28,64.11141204833984
2019-11-29,64.11141204833984
2019-12-02,62.00038909912109
2019-12-03,62.04626083374024
2019-12-04,62.8723258972168
2019-12-05,62.45930099487305
2019-12-06,61.95448684692383
2019-12-09,62.00038909912109
2019-12-10,61.44967651367188
2019-12-11,60.3023681640625
2019-12-12,60.85307693481445
2019-12-13,61.12842178344727
2019-12-16,61.77091979980469
2019-12-17,62.551082611083984
2019-12-18,62.59697723388672
2019-12-19,62.59697723388672
2019-12-20,61.2661018371582
2019-12-23,62.8723258972168
2019-12-24,64.29499053955078
2019-12-26,65.5340805053711
2019-12-27,64.70801544189453
2019-12-30,64.57034301757812
2019-12-31,64.8915786743164
2020-01-01,65.7176513671875
2020-01-02,67.32386779785156
2020-01-03,66.22247314453125
2020-01-06,65.44230651855469
2020-01-07,65.07516479492188
2020-01-08,64.38677978515625
2020-01-09,64.79979705810547
2020-01-10,64.93746948242188
2020-01-13,66.72727966308594
2020-01-14,67.14031982421875
2020-01-15,67.04852294921875
2020-01-16,66.03889465332031
2020-01-17,66.58959197998047
2020-01-20,66.543701171875
2020-01-21,65.99300384521484
2020-01-22,67.7369155883789
2020-01-23,66.95672607421875
2020-01-24,66.95672607421875
2020-01-27,66.63549041748047
2020-01-28,65.85533142089844
2020-01-29,65.94710540771484
2020-01-30,64.845703125
2020-01-31,72.83094024658203
2020-02-03,82.0093765258789
2020-02-04,80.72439575195312
2020-02-05,82.05529022216797
2020-02-06,85.4054183959961
2020-02-07,84.33841705322266
2020-02-10,82.2972183227539
2020-02-11,83.59615325927734
2020-02-12,84.9878921508789
2020-02-13,84.38480377197266
2020-02-14,88.28163146972656
2020-02-17,87.44659423828125
2020-02-18,85.6373519897461
2020-02-19,86.84351348876953
2020-02-20,91.48258972167967
2020-02-24,93.05988311767578
2020-02-25,92.6887664794922
2020-02-26,90.87950897216795
2020-02-27,93.01348876953124
2020-02-28,83.22504425048828
2020-03-02,82.99308013916016
2020-03-03,84.70954132080078
2020-03-04,88.65275573730469
2020-03-05,88.42079162597656
2020-03-06,86.98269653320312
2020-03-09,81.4157943725586
2020-03-11,82.2044448852539
2020-03-12,69.58613586425781
2020-03-13,69.7253189086914
2020-03-16,63.184226989746094
2020-03-17,62.25642013549805
2020-03-18,56.0864372253418
2020-03-19,48.57113265991211
2020-03-20,53.395774841308594
2020-03-23,48.06083679199219
2020-03-24,50.2411994934082
2020-03-25,54.09163665771485
2020-03-26,56.318397521972656
2020-03-27,55.25139999389648
2020-03-30,53.766902923583984
2020-03-31,56.59674072265625
2020-04-01,56.92147064208984
2020-04-03,54.41637802124024
2020-04-07,57.38538360595703
2020-04-08,57.292598724365234
2020-04-09,62.673927307128906
2020-04-13,60.91108322143555
2020-04-15,61.28220748901367
2020-04-16,61.97806167602539
2020-04-17,64.436767578125
2020-04-20,64.436767578125
2020-04-21,59.51935958862305
2020-04-22,60.02965545654297
2020-04-23,63.88008117675781
2020-04-24,66.33879089355469
2020-04-27,66.24601745605469
2020-04-28,67.08103942871094
2020-04-29,68.75110626220703
2020-04-30,67.59134674072266
2020-05-04,63.92649841308594
2020-05-05,62.44198226928711
2020-05-06,64.71513366699219
2020-05-07,66.47797393798828
2020-05-08,66.57075500488281
2020-05-11,65.36457824707031
2020-05-12,65.08625030517578
2020-05-13,67.40579223632812
2020-05-14,65.36457824707031
2020-05-15,65.17902374267578
2020-05-18,58.6379280090332
2020-05-19,62.16363525390625
2020-05-20,63.60173034667969
2020-05-21,70.97786712646484
2020-05-22,65.7821044921875
2020-05-26,67.68412017822266
2020-05-27,71.30260467529297
2020-05-28,69.40058898925781
2020-05-29,69.12223052978516
2020-06-01,71.4881820678711
2020-06-02,71.25621795654297
2020-06-03,69.6325454711914
2020-06-04,74.68914031982422
2020-06-05,75.7561264038086
2020-06-08,77.56536865234375
2020-06-09,76.31282806396484
2020-06-10,75.06025695800781
2020-06-11,75.47777557373047
2020-06-12,74.64273834228516
2020-06-15,75.1530532836914
2020-06-16,74.31800842285156
2020-06-17,75.10665130615234
2020-06-18,75.43138122558594
2020-06-19,75.80252075195312
2020-06-22,77.19422149658203
2020-06-23,83.17865753173828
2020-06-24,80.99828338623047
2020-06-25,81.64776611328125
2020-06-26,85.45181274414062
2020-06-29,85.45181274414062
2020-06-30,82.99308013916016
2020-07-01,81.4157943725586
2020-07-02,84.24562072753906
2020-07-03,83.41059875488281
2020-07-06,84.01367950439453
2020-07-07,84.66316223144531
2020-07-08,92.13206481933594
2020-07-09,94.49799346923828
2020-07-10,90.55477905273438
2020-07-13,95.98251342773438
2020-07-14,93.5238037109375
2020-07-15,97.28144073486328
2020-07-16,102.80194854736328
2020-07-17,100.7607421875
2020-07-20,99.46179962158205
2020-07-21,99.55458068847656
2020-07-22,95.24024963378906
2020-07-23,98.20925903320312
2020-07-24,96.91030883789062
2020-07-27,100.57518768310548
2020-07-28,109.20387268066406
2020-07-29,108.32244873046876
2020-07-30,106.88431549072266
2020-07-31,111.6161880493164
2020-08-03,116.76556396484376
2020-08-04,113.65738677978516
2020-08-05,116.0697021484375
2020-08-06,133.09512329101562
2020-08-07,132.53843688964844
2020-08-10,137.4094696044922
2020-08-11,135.97134399414062
2020-08-12,136.5744171142578
2020-08-13,136.76123046875
2020-08-14,141.94583129882812
2020-08-17,140.2643585205078
2020-08-18,160.11529541015625
2020-08-19,161.42312622070312
2020-08-20,161.09617614746094
2020-08-21,161.7967987060547
2020-08-24,162.35728454589844
2020-08-25,161.70338439941406
2020-08-26,165.48670959472656
2020-08-27,162.45069885253906
2020-08-28,161.42312622070312
2020-08-31,149.9796600341797
2020-09-01,157.3594970703125
2020-09-02,156.0516815185547
2020-09-03,158.90089416503906
2020-09-04,156.84573364257812
2020-09-07,152.36175537109375
2020-09-08,162.35728454589844
2020-09-09,153.5294647216797
2020-09-10,154.1366729736328
2020-09-11,155.25765991210938
2020-09-14,170.67132568359375
2020-09-15,167.35507202148438
2020-09-16,186.5520782470703
2020-09-17,181.22735595703125
2020-09-18,182.81544494628903
2020-09-21,177.6308135986328
2020-09-22,181.0872344970703
2020-09-23,181.1806030273437
2020-09-24,171.4653778076172
2020-09-25,178.28475952148438
2020-09-28,185.2909545898437
2020-09-29,186.3185272216797
2020-09-30,182.34835815429688
2020-10-01,181.7411499023437
2020-10-05,191.082763671875
2020-10-06,190.98931884765625
2020-10-07,182.81544494628903
2020-10-08,185.52452087402344
2020-10-09,185.337646484375
2020-10-12,180.3866271972656
2020-10-13,189.86834716796875
2020-10-14,186.9724273681641
2020-10-15,181.4608764648437
2020-10-16,178.19129943847656
2020-10-19,178.75184631347656
2020-10-20,181.50759887695312
2020-10-21,182.34835815429688
2020-10-22,180.10635375976562
2020-10-23,180.52671813964844
2020-10-26,176.463134765625
2020-10-27,173.56723022460938
2020-10-28,171.88572692871094
2020-10-29,163.1513214111328
2020-10-30,166.98135375976562
2020-11-02,163.0111846923828
2020-11-03,168.75628662109375
2020-11-04,169.78387451171875
2020-11-05,173.84747314453125
2020-11-06,168.8964080810547
2020-11-09,172.1192626953125
2020-11-10,165.6268768310547
2020-11-11,166.88796997070312
2020-11-12,166.27734375
2020-11-13,170.3638153076172
2020-11-14,170.88050842285156
2020-11-17,172.28961181640625
2020-11-18,173.83969116210938
2020-11-19,172.14869689941406
2020-11-20,171.72596740722656
2020-11-23,181.3080902099609
2020-11-24,181.3550262451172
2020-11-25,176.56399536132812
2020-11-26,174.87303161621094
2020-11-27,185.6293792724609
2020-12-01,181.5429229736328
2020-12-02,178.9125213623047
2020-12-03,176.65794372558594
2020-12-04,176.8458251953125
2020-12-07,180.4156036376953
2020-12-08,188.8234100341797
2020-12-09,193.75538635253903
2020-12-10,192.9568634033203
2020-12-11,188.4476623535156
2020-12-14,185.2066650390625
2020-12-15,187.83702087402344
2020-12-16,190.89013671875
2020-12-17,188.7764434814453
2020-12-18,194.60086059570312
2020-12-21,189.6688995361328
2020-12-22,218.6969757080078
2020-12-23,245.84625244140625
2020-12-24,239.2702789306641
2020-12-28,232.60040283203125
2020-12-29,236.02926635742188
2020-12-30,238.4248046875
2020-12-31,231.9427795410156
2021-01-01,234.1034545898437
2021-01-04,238.4248046875
2021-01-05,251.6706695556641
2021-01-06,243.6386108398437
2021-01-07,245.940170288086
2021-01-08,248.4766082763672
2021-01-11,249.88571166992188
2021-01-12,249.97967529296875
2021-01-13,250.1205902099609
2021-01-14,250.1675262451172
2021-01-15,241.9946136474609
2021-01-18,232.6943359375
2021-01-19,239.4581756591797
2021-01-20,243.3097686767578
2021-01-21,238.2838897705078
2021-01-22,233.72772216796875
2021-01-25,232.2716064453125
2021-01-27,242.2764434814453
2021-01-28,234.9019775390625
2021-01-29,235.0428771972656
2021-02-01,234.714096069336
2021-02-02,233.5398101806641
2021-02-03,244.6719512939453
2021-02-04,253.03277587890625
2021-02-05,254.9585876464844
2021-02-08,240.86729431152344
2021-02-09,240.82032775878903
2021-02-10,237.3914489746093
2021-02-11,236.02926635742188
2021-02-12,229.5472869873047
2021-02-15,228.5139312744141
2021-02-16,228.5139312744141
2021-02-17,228.3260192871093
2021-02-18,227.9502410888672
2021-02-19,223.8168029785156
2021-02-22,217.757568359375
2021-02-23,221.1864318847656
2021-02-24,219.3076019287109
2021-02-25,217.89845275878903
2021-02-26,213.15440368652344
2021-03-01,211.65133666992188
2021-03-02,222.783447265625
2021-03-03,227.71539306640625
2021-03-04,222.97134399414065
2021-03-05,219.58941650390625
2021-03-08,217.4757232666016
2021-03-09,217.4757232666016
2021-03-10,225.883529663086
2021-03-12,229.59423828125
2021-03-15,231.75491333007807
2021-03-16,238.89453125
2021-03-17,231.0033569335937
2021-03-18,226.72903442382807
2021-03-19,230.15789794921875
2021-03-22,233.1640472412109
2021-03-23,234.9958953857422
2021-03-24,236.4050445556641
2021-03-25,229.8291015625
2021-03-26,237.5323638916016
2021-03-30,237.4384002685547
2021-03-31,237.72024536132807
2021-04-01,246.2689208984375
2021-04-05,253.5025329589844
2021-04-06,254.2540435791016
2021-04-07,254.58279418945312
2021-04-08,250.731201171875
2021-04-09,255.28738403320312
2021-04-12,241.2900390625
2021-04-13,241.61883544921875
2021-04-15,237.57931518554688
2021-04-16,237.5323638916016
2021-04-19,233.58677673339844
2021-04-20,230.20489501953125
2021-04-22,228.748779296875
2021-04-23,239.505126953125
2021-04-26,239.36422729492188
2021-04-27,236.5459442138672
2021-04-28,235.32472229003903
2021-04-29,230.95643615722656
2021-04-30,230.8155059814453
2021-05-03,228.09117126464844
2021-05-04,227.19873046875
2021-05-05,229.453369140625
2021-05-06,237.72024536132807
2021-05-07,237.109603881836
2021-05-10,235.37168884277344
2021-05-11,240.3506317138672
2021-05-12,238.4248046875
2021-05-14,240.6324462890625
2021-05-17,244.62496948242188
2021-05-18,250.54335021972656
2021-05-19,253.17369079589844
2021-05-20,253.5025329589844
2021-05-21,250.91909790039065
2021-05-24,279.90020751953125
2021-05-25,289.9520263671875
2021-05-26,301.7417297363281
2021-05-27,307.0024719238281
2021-05-28,302.2113647460937
2021-05-31,297.3264465332031
2021-06-01,292.3945007324219
2021-06-02,297.5143737792969
2021-06-03,308.03582763671875
2021-06-04,313.1086730957031
2021-06-07,321.8453369140625
2021-06-08,353.926513671875
2021-06-09,355.617431640625
2021-06-10,367.2662658691406
2021-06-11,378.0226135253906
2021-06-14,373.6543273925781
2021-06-15,376.23773193359375
2021-06-16,382.7197265625
2021-06-17,375.8620300292969
2021-06-18,370.1315002441406
2021-06-21,359.3751220703125
2021-06-22,362.2872924804688
2021-06-23,364.3070983886719
2021-06-24,362.4752197265625
2021-06-25,359.422119140625
2021-06-28,362.5691833496094
2021-06-29,369.0981140136719
2021-06-30,375.3922729492188
2021-07-01,379.2438659667969
2021-07-02,373.3255004882813
2021-07-05,366.7026062011719
2021-07-06,361.4888000488281
2021-07-07,360.361572265625
2021-07-08,367.7359924316406
2021-07-09,364.4480285644531
2021-07-12,364.6358947753906
2021-07-13,361.5827941894531
2021-07-14,367.3601989746094
2021-07-15,396.48052978515625
2021-07-16,397.1422729492188
2021-07-19,384.4258728027344
2021-07-20,380.1712341308594
2021-07-22,383.3385925292969
2021-07-23,376.29486083984375
2021-07-26,378.80029296875
2021-07-27,382.6767272949219
2021-07-28,383.6694030761719
2021-07-29,383.1494445800781
2021-07-30,379.7457885742188
2021-08-02,375.5384521484375
2021-08-03,372.5602111816406
2021-08-04,370.8111267089844
2021-08-05,380.2185363769531
2021-08-06,380.4076232910156
2021-08-09,378.28033447265625
2021-08-10,388.30224609375
2021-08-11,385.891357421875
2021-08-12,400.1678161621094
2021-08-13,398.7023620605469
2021-08-16,404.2333068847656
2021-08-17,405.3206176757813
2021-08-18,398.8914489746094
2021-08-20,392.0841064453125
2021-08-23,391.7532043457031
2021-08-24,390.2877502441406
2021-08-25,388.0185546875
2021-08-26,383.0076293945313
2021-08-27,384.8040466308594
2021-08-30,390.7131958007813
2021-08-31,394.3532409667969
2021-09-01,387.0730895996094
2021-09-02,389.720458984375
2021-09-03,392.0841064453125
2021-09-06,387.2622680664063
2021-09-07,389.0113830566406
2021-09-08,377.9021606445313
2021-09-09,381.63671875
2021-09-13,386.4585876464844
2021-09-14,386.6003723144531
2021-09-15,402.4842224121094
2021-09-16,399.9786987304688
2021-09-17,397.5205383300781
2021-09-20,388.8222351074219
2021-09-21,387.924072265625
2021-09-22,411.1352844238281
2021-09-23,415.9097900390625
2021-09-24,420.5425415039063
2021-09-27,407.4952087402344
2021-09-28,395.0623168945313
2021-09-29,387.6877136230469
2021-09-30,387.3094787597656
2021-10-01,375.5857238769531
2021-10-04,384.3312683105469
2021-10-05,388.53857421875
2021-10-06,385.6076354980469
2021-10-07,402.43695068359375
2021-10-08,411.65521240234375
2021-10-11,403.8078918457031
2021-10-12,394.1640930175781
2021-10-13,400.35693359375
2021-10-14,406.7388000488281
2021-10-18,406.596923828125
2021-10-19,409.10247802734375
2021-10-20,393.029541015625
2021-10-21,394.5422973632813
2021-10-22,392.036865234375
2021-10-25,375.5384521484375
2021-10-26,378.3749084472656
2021-10-27,384.0949096679688
2021-10-28,396.5750427246094
2021-10-29,384.2840576171875
2021-11-01,390.1459045410156
2021-11-02,387.2042541503906
2021-11-03,383.40863037109375
2021-11-04,387.8684997558594
2021-11-08,394.9853210449219
2021-11-09,412.2081298828125
2021-11-10,403.3357849121094
2021-11-11,399.3503723144531
2021-11-12,403.9051513671875
2021-11-15,399.0656433105469
2021-11-16,416.1461181640625
2021-11-17,450.7814331054688
2021-11-18,445.27777099609375
2021-11-22,433.4163208007813
2021-11-23,474.7889709472656
2021-11-24,462.453125
2021-11-25,474.2196044921875
2021-11-26,447.2230529785156
2021-11-29,449.9273986816406
2021-11-30,450.68658447265625
2021-12-01,463.164794921875
2021-12-02,463.8290100097656
2021-12-03,458.2778930664063
2021-12-06,443.8069458007813
2021-12-07,449.3580627441406
2021-12-08,456.9968566894531
2021-12-09,460.0333557128906
2021-12-10,454.5296630859375
2021-12-13,478.5846557617188
2021-12-14,479.8182373046875
2021-12-15,475.7379150390625
2021-12-16,479.486083984375
2021-12-17,472.4166870117188
2021-12-20,443.7120666503906
2021-12-21,449.9748840332031
2021-12-22,475.1685791015625
2021-12-23,501.5009460449219
2021-12-24,503.4461364746094
2021-12-27,499.7453918457031
2021-12-28,512.4133911132812
2021-12-29,507.3841247558594
2021-12-30,513.4571533203125
2021-12-31,516.8733520507812
2022-01-03,537.9866943359375
2022-01-04,531.0120849609375
2022-01-05,522.803955078125
2022-01-06,530.7748413085938
2022-01-07,547.807861328125
2022-01-10,542.3991088867188
2022-01-11,542.6362915039062
2022-01-12,545.6253662109375
2022-01-13,540.5013427734375
2022-01-14,528.5450439453125
2022-01-17,521.4754638671875
2022-01-18,507.3841247558594
2022-01-19,486.6978454589844
2022-01-20,476.44964599609375
2022-01-21,462.3581848144531
2022-01-24,427.4856262207031
2022-01-25,437.5441284179688
2022-01-27,415.52935791015625
2022-01-28,422.3615417480469
2022-01-31,451.3033447265625
2022-02-01,447.8872985839844
2022-02-02,452.3946533203125
2022-02-03,450.923828125
2022-02-04,443.5222778320313
2022-02-07,429.6206970214844
2022-02-08,419.9418029785156
2022-02-09,432.4674377441406
2022-02-10,439.3945007324219
2022-02-11,429.85791015625
2022-02-14,400.9635009765625
2022-02-15,424.3067932128906
2022-02-16,421.5074768066406
2022-02-17,417.3797302246094
2022-02-18,404.9015197753906
2022-02-21,391.8064575195313
2022-02-22,395.4124145507813
2022-02-23,393.6094055175781
2022-02-24,362.6748352050781
2022-02-25,382.9341735839844
2022-02-28,386.82464599609375
2022-03-02,399.6350402832031
2022-03-03,407.89056396484375
2022-03-04,415.5768127441406
2022-03-07,409.0767211914063
2022-03-08,428.1498718261719
2022-03-09,432.8470153808594
2022-03-10,427.0111999511719
2022-03-11,430.0951843261719
2022-03-14,429.146240234375
2022-03-15,414.5804138183594
2022-03-16,419.8943786621094
2022-03-17,421.2702941894531
2022-03-21,421.0804748535156
2022-03-22,442.098876953125
2022-03-23,443.6646118164063
2022-03-24,455.573486328125
2022-03-25,442.098876953125
2022-03-28,430.8068237304688
2022-03-29,432.7520446777344
2022-03-30,430.9966125488281
2022-03-31,431.7082824707031
2022-04-01,442.7631530761719
2022-04-04,447.7449340820313
2022-04-05,464.6356201171875
2022-04-06,457.8034973144531
2022-04-07,460.1282653808594
2022-04-08,464.5881958007813
2022-04-11,471.0882568359375
2022-04-12,436.9747009277344
2022-04-13,429.28857421875
2022-04-18,403.288330078125
2022-04-19,404.1423645019531
2022-04-20,398.1167602539063
2022-04-21,409.5986022949219
2022-04-22,398.3539733886719
2022-04-25,389.4816589355469
2022-04-26,400.01458740234375
2022-04-27,396.4561767578125
2022-04-28,403.3832702636719
2022-04-29,392.7554016113281
2022-05-02,385.8757629394531
2022-05-04,384.6421508789063
2022-05-05,394.4159851074219
2022-05-06,374.6785888671875
2022-05-09,367.1821899414063
2022-05-10,357.171142578125
2022-05-11,344.6454772949219
2022-05-12,344.9301147460937
2022-05-13,339.6636657714844
2022-05-16,343.6490783691406
2022-05-17,364.2879943847656
2022-05-18,369.4595947265625
2022-05-19,363.3865051269531
2022-05-20,363.9083862304688
2022-05-23,358.7843017578125
2022-05-24,354.60906982421875
2022-05-25,325.7146301269531
2022-05-26,335.6308288574219
2022-05-27,344.12353515625
2022-05-30,354.1346130371094
2022-05-31,351.6674194335937
2022-06-01,349.34259033203125
2022-06-02,353.28057861328125
2022-06-03,361.9631958007813
2022-06-06,349.8170166015625
2022-06-07,342.9374084472656
2022-06-08,346.8280029296875
2022-06-09,349.5323791503906
2022-06-10,339.0469055175781
2022-06-13,320.6854248046875
2022-06-14,330.8387756347656
2022-06-15,332.87890625
2022-06-16,325.6197509765625
2022-06-17,313.5685729980469
2022-06-20,305.6451110839844
2022-06-21,318.2182312011719
2022-06-22,325.0504150390625
2022-06-23,334.6343994140625
2022-06-24,343.1746520996094
2022-06-27,354.0396423339844
2022-06-28,350.90826416015625
2022-06-29,351.99957275390625
2022-06-30,335.20379638671875
2022-07-01,331.597900390625
2022-07-04,327.2329406738281
2022-07-05,326.4737854003906
2022-07-06,322.5832214355469
2022-07-07,323.1051025390625
2022-07-08,326.0941772460937
2022-07-11,320.49560546875
2022-07-12,319.5466613769531
2022-07-13,328.0394592285156
2022-07-14,303.9653625488281
2022-07-15,296.3554992675781
2022-07-18,304.3961181640625
2022-07-19,313.77685546875
2022-07-20,320.9081115722656
2022-07-21,323.92340087890625
2022-07-22,319.2330627441406
2022-07-25,318.5151062011719
2022-07-26,305.7841186523437
2022-07-27,312.0538635253906
2022-07-28,315.21270751953125
2022-07-29,321.6260681152344
2022-08-01,327.7522888183594
2022-08-02,320.23809814453125
2022-08-03,327.70440673828125
2022-08-04,335.17071533203125
2022-08-05,331.1504211425781
2022-08-08,328.9010009765625
2022-08-10,321.6260681152344
2022-08-11,328.4223327636719
2022-08-12,325.9814147949219
2022-08-16,321.5303649902344
2022-08-17,324.49774169921875
2022-08-18,320.19024658203125
2022-08-19,317.3185729980469
2022-08-22,309.1822204589844
2022-08-23,307.554931640625
2022-08-24,306.59771728515625
2022-08-25,310.0437316894531
2022-08-26,307.88995361328125
2022-08-29,298.79638671875
2022-08-30,307.60284423828125
2022-09-01,308.1292724609375
2022-09-02,307.21990966796875
2022-09-05,308.70361328125
2022-09-06,309.3736877441406
2022-09-07,304.3482666015625
2022-09-08,304.68328857421875
2022-09-09,314.6861877441406
2022-09-12,323.5883483886719
2022-09-13,320.6210632324219
2022-09-14,310.6180419921875
2022-09-15,305.5447692871094
2022-09-16,294.9196472167969
2022-09-19,287.30975341796875
2022-09-20,291.7608337402344
2022-09-21,289.5592346191406
2022-09-22,290.6121826171875
2022-09-23,286.3525390625
2022-09-26,278.2640380859375
2022-09-27,278.4554443359375
2022-09-28,273.0950012207031
2022-09-29,268.7875061035156
2022-09-30,270.366943359375
2022-10-03,266.96881103515625
2022-10-04,274.6744384765625
2022-10-06,282.52362060546875
2022-10-07,281.0877990722656
2022-10-10,276.7324523925781
2022-10-11,269.6490173339844
2022-10-12,271.0369873046875
2022-10-13,268.4525146484375
2022-10-14,270.70196533203125
2022-10-17,269.5533447265625
2022-10-18,269.36187744140625
2022-10-19,260.5554504394531
2022-10-20,273.7650756835937
2022-10-21,268.40460205078125
2022-10-24,270.0798034667969
2022-10-25,262.3741760253906
2022-10-27,258.6410217285156
2022-10-28,251.79684448242188
2022-10-31,259.26318359375
2022-11-01,267.733642578125
2022-11-02,268.9367980957031
2022-11-03,267.5892639160156
2022-11-04,263.8352966308594
2022-11-07,261.4289245605469
2022-11-09,264.0277709960937
2022-11-10,262.4395751953125
2022-11-11,271.48760986328125
2022-11-14,274.6640319824219
2022-11-15,271.9207458496094
2022-11-16,268.9849548339844
2022-11-17,265.1347351074219
2022-11-18,275.2415466308594
2022-11-21,268.7924194335937
2022-11-22,264.2684326171875
2022-11-23,267.9261474609375
2022-11-24,281.3537292480469
2022-11-25,282.8938293457031
2022-11-28,288.38037109375
2022-11-29,284.48199462890625
2022-11-30,293.8187561035156
2022-12-01,311.674072265625
2022-12-02,319.13385009765625
2022-12-05,317.1125183105469
2022-12-06,311.5777893066406
2022-12-07,305.6581420898437
2022-12-08,311.7221984863281
2022-12-09,297.7652587890625
2022-12-12,296.0807800292969
2022-12-13,294.4925842285156
2022-12-14,300.7491149902344
2022-12-15,292.56744384765625
2022-12-16,291.2198791503906
2022-12-19,289.3910217285156
2022-12-20,287.658447265625
2022-12-21,288.4284973144531
2022-12-22,285.15582275390625
2022-12-23,269.4662170410156
2022-12-26,280.7280578613281
2022-12-27,286.0702514648437
2022-12-28,282.4125061035156
2022-12-29,282.123779296875
2022-12-30,287.56219482421875
2023-01-02,286.2146301269531
2023-01-03,288.38037109375
2023-01-04,283.71197509765625
2023-01-05,280.77618408203125
2023-01-06,273.02764892578125
2023-01-09,282.6531677246094
2023-01-10,279.4767761230469
2023-01-11,283.2788391113281
2023-01-12,278.85113525390625
2023-01-13,282.7013244628906
2023-01-16,285.7333679199219
2023-01-17,285.15582275390625
2023-01-18,283.71197509765625
2023-01-19,283.76007080078125
2023-01-20,280.77618408203125
2023-01-23,291.3642883300781
2023-01-24,294.6850891113281
2023-01-25,284.8670349121094
2023-01-27,280.0061340332031
2023-01-30,283.76007080078125
2023-01-31,290.6423645019531
2023-02-01,284.9151916503906
2023-02-02,261.8139038085937
2023-02-03,257.77117919921875
2023-02-06,273.17205810546875
2023-02-07,267.30047607421875
2023-02-08,276.8778381347656
2023-02-09,277.50347900390625
2023-02-10,281.4981384277344
2023-02-13,276.7816162109375
2023-02-14,277.0222473144531
2023-02-15,282.0756530761719
2023-02-16,284.5782775878906
2023-02-17,280.2949523925781
2023-02-20,280.4874572753906
2023-02-21,276.3485107421875
2023-02-22,271.9688415527344
2023-02-23,272.4501037597656
2023-02-24,272.3538818359375
2023-02-27,267.3485717773437
2023-02-28,264.9422302246094
2023-03-01,266.6267395019531
2023-03-02,266.2416687011719
2023-03-03,269.99560546875
2023-03-06,277.45538330078125
2023-03-08,275.3859558105469
2023-03-09,270.7656555175781
2023-03-10,268.8405456542969
2023-03-13,265.9529113769531
2023-03-14,263.7390441894531
2023-03-15,264.3647155761719
2023-03-16,260.7070007324219
2023-03-17,266.19354248046875
2023-03-20,262.7764892578125
2023-03-21,257.6268310546875
2023-03-22,261.8139038085937
2023-03-23,257.9637145996094
2023-03-24,254.787338256836
2023-03-27,251.0814819335937
2023-03-28,242.32228088378903
2023-03-29,245.9318389892578
2023-03-31,251.3702545166016
2023-04-03,256.71240234375
2023-04-05,257.4343566894531
2023-04-06,256.03863525390625
2023-04-10,256.7605285644531
2023-04-11,255.8461303710937
2023-04-12,259.6963195800781
2023-04-13,253.2472381591797
2023-04-17,248.8675994873047
2023-04-18,253.4878692626953
2023-04-19,248.43446350097656
2023-04-20,249.2044982910156
2023-04-21,247.37567138671875
2023-04-24,254.9798126220703
2023-04-25,255.3167266845703
2023-04-26,257.4343566894531
2023-04-27,261.0438842773437
2023-04-28,262.7284240722656
2023-05-02,267.8780212402344
2023-05-03,265.23101806640625
2023-05-04,276.252197265625
2023-05-05,271.1025390625
2023-05-08,276.9741516113281
2023-05-09,296.7063903808594
2023-05-10,295.5032653808594
2023-05-11,294.6369323730469
2023-05-12,295.9845275878906
2023-05-15,297.0433349609375
2023-05-16,316.0536804199219
2023-05-17,309.0270690917969
2023-05-18,307.0538024902344
2023-05-19,322.11773681640625
2023-05-22,327.3636779785156
2023-05-23,322.2140197753906
2023-05-24,318.41192626953125
2023-05-25,322.83966064453125
2023-05-26,326.7861328125
2023-05-29,326.8342590332031
2023-05-30,324.09100341796875
2023-05-31,330.6363220214844
2023-06-01,330.9732360839844
2023-06-02,334.7752990722656
2023-06-05,333.47589111328125
2023-06-06,330.6844482421875
2023-06-07,327.7005310058594
2023-06-08,321.2033386230469
2023-06-09,316.19805908203125
2023-06-12,325.0535583496094
2023-06-13,323.3209228515625
2023-06-14,325.5829772949219
2023-06-15,322.4065856933594
2023-06-16,326.9786682128906
2023-06-19,322.79156494140625
2023-06-20,324.66851806640625
2023-06-21,326.8342590332031
2023-06-22,331.31011962890625
2023-06-23,330.828857421875
2023-06-26,327.41180419921875
2023-06-27,339.6361694335937
2023-06-28,338.577392578125
2023-06-30,345.45965576171875
2023-07-03,340.9837646484375
2023-07-04,340.69500732421875
2023-07-05,340.4062194824219
2023-07-06,340.5506286621094
2023-07-07,341.4169616699219
2023-07-10,332.9945983886719
2023-07-11,341.8500671386719
2023-07-12,336.2191162109375
2023-07-13,348.3472595214844
2023-07-14,367.51171875
2023-07-17,371.6253051757813
2023-07-18,379.7072448730469
2023-07-19,380.8687438964844
2023-07-20,379.85247802734375
2023-07-21,373.2223205566406
2023-07-24,371.0445251464844
2023-07-25,365.9146728515625
2023-07-26,367.1245422363281
2023-07-27,389.28948974609375
2023-07-28,402.5497131347656
2023-07-31,413.5353698730469
2023-08-01,418.278076171875
2023-08-02,412.03515625
2023-08-03,419.87506103515625
2023-08-04,424.7146301269531
2023-08-07,434.2000122070313
2023-08-08,437.0552978515625
2023-08-09,439.5718383789063
2023-08-10,431.0059509277344
2023-08-11,431.5382995605469
2023-08-14,433.7644653320313
2023-08-16,437.0552978515625
2023-08-17,455.0098876953125
2023-08-18,438.9911193847656
2023-08-21,447.7506103515625
2023-08-22,451.3318481445313
2023-08-23,450.7027282714844
2023-08-24,459.6557922363281
2023-08-25,468.99603271484375
2023-08-28,469.4800109863281
2023-08-29,477.8523559570313
2023-08-30,477.6103515625
2023-08-31,493.3387451171875
2023-09-01,511.3899841308594
2023-09-04,502.1466064453125
2023-09-05,507.95404052734375
2023-09-06,502.04986572265625
2023-09-07,496.3875732421875
2023-09-08,501.8562927246094
2023-09-11,492.0804748535156
2023-09-12,481.1915588378906
2023-09-13,478.2394714355469
2023-09-14,489.5155334472656
2023-09-15,487.8216857910156
2023-09-18,473.3515930175781
2023-09-20,469.43157958984375
2023-09-21,475.5293273925781
2023-09-22,472.3836669921875
2023-09-25,472.7224731445313
2023-09-26,468.22174072265625
2023-09-27,475.7229309082031
2023-09-28,459.2202758789063
2023-09-29,467.8345336914063
2023-10-03,480.9012451171875
2023-10-04,475.6261596679688
2023-10-05,496.8715515136719
2023-10-06,496.242431640625
2023-10-09,499.1945495605469
2023-10-10,521.794921875
2023-10-11,522.8113403320312
2023-10-12,526.2957153320312
2023-10-13,526.0537719726562
2023-10-16,526.634521484375
2023-10-17,536.70068359375
2023-10-18,529.1026611328125
2023-10-19,532.10302734375
2023-10-20,530.4576416015625
2023-10-23,509.5510559082031
2023-10-25,508.43798828125
2023-10-26,511.9225158691406
2023-10-27,524.9890747070312
2023-10-30,524.6502685546875
2023-10-31,530.070556640625
2023-11-01,555.7683715820312
2023-11-02,559.156005859375
2023-11-03,568.88330078125
2023-11-06,578.27197265625
2023-11-07,565.1084594726562
2023-11-08,566.7652587890625
2023-11-09,568.1784057617188
2023-11-10,568.5682983398438
2023-11-13,568.4220581054688
2023-11-15,596.8796997070312
2023-11-16,603.2633056640625
2023-11-17,606.7716674804688
2023-11-20,605.6022338867188
2023-11-21,600.2420654296875
2023-11-22,608.915771484375
2023-11-23,606.3818969726562
2023-11-24,598.244140625
2023-11-28,596.1488037109375
2023-11-29,612.1806030273438
2023-11-30,614.3246459960938
2023-12-01,618.5641479492188
2023-12-04,619.002685546875
2023-12-05,621.3903198242188
2023-12-06,636.7399291992188
2023-12-07,638.6890869140625
2023-12-08,641.0281372070312
2023-12-11,643.2696533203125
2023-12-12,647.0704956054688
2023-12-13,654.08740234375
2023-12-14,682.5938110351562
2023-12-15,701.3057250976562
2023-12-18,698.2357788085938
2023-12-19,698.4794311523438
2023-12-20,688.0514526367188
2023-12-21,704.7654418945312
2023-12-22,722.3565673828125
2023-12-26,716.0217895507812
2023-12-27,716.3141479492188
2023-12-28,702.9137573242188
2023-12-29,702.7188110351562
2024-01-01,684.4942016601562
2024-01-02,669.92431640625
2024-01-03,668.3162841796875
2024-01-04,670.021728515625
2024-01-05,696.1891479492188
2024-01-08,692.2421264648438
2024-01-09,701.451904296875
2024-01-10,720.7484741210938
2024-01-11,728.0091552734375
2024-01-12,766.6997680664062
2024-01-15,766.26123046875
2024-01-16,760.8035888671875
2024-01-17,778.151123046875
2024-01-18,758.0747680664062
2024-01-19,778.833251953125
2024-01-23,780.3926391601562
2024-01-24,801.78466796875
2024-01-25,797.4476928710938
2024-01-29,811.432861328125
2024-01-30,823.7612915039062
2024-01-31,826.8799438476562
2024-02-01,807.7781982421875
2024-02-02,824.73583984375
2024-02-05,812.9434814453125
2024-02-06,831.7041015625
2024-02-07,812.0177001953125
2024-02-08,816.5982055664062
2024-02-09,812.212646484375
2024-02-12,803.4901123046875
2024-02-13,821.7147216796875
2024-02-14,812.5536499023438
2024-02-15,822.7867431640625
2024-02-16,821.1786499023438
2024-02-19,810.0684814453125
2024-02-20,785.9476928710938
2024-02-21,776.1532592773438
2024-02-22,796.814208984375
2024-02-23,789.5536499023438
2024-02-26,759.2442626953125
2024-02-27,777.9074096679688
2024-02-28,747.939208984375
2024-02-29,756.3692626953125
2024-03-01,755.0535888671875
2024-03-04,763.7273559570312
2024-03-05,739.6553344726562
2024-03-06,749.5472412109375
2024-03-07,752.958251953125
2024-03-11,754.9074096679688
2024-03-12,741.0684204101562
2024-03-13,704.91162109375
2024-03-14,744.2845458984375
2024-03-15,736.4879760742188
2024-03-18,708.6637573242188
2024-03-19,702.6213989257812
2024-03-20,699.6488647460938
2024-03-21,720.163818359375
2024-03-22,712.3184204101562
2024-03-26,725.9624633789062
2024-03-27,741.1171875
2024-03-28,723.13623046875
2024-04-01,742.3841552734375
2024-04-02,748.2315063476562
2024-04-03,757.2951049804688
2024-04-04,759.4879150390625
2024-04-05,730.1044921875
2024-04-08,713.3904418945312
2024-04-09,710.1743774414062
2024-04-10,720.0175170898438
2024-04-12,713.6828002929688
2024-04-15,689.2696533203125
2024-04-16,690.0980224609375
2024-04-18,680.6446533203125
2024-04-19,664.3692626953125
2024-04-22,642.9285278320312
2024-04-23,636.8860473632812
2024-04-24,641.7103271484375
2024-04-25,643.1721801757812
2024-04-26,657.0111694335938
2024-04-29,657.5471801757812
2024-04-30,633.572509765625
2024-05-02,626.8479614257812
2024-05-03,618.0768432617188
2024-05-06,603.0682983398438
2024-05-07,597.51318359375
2024-05-08,600.4369506835938
2024-05-09,588.9369506835938
2024-05-10,568.27587890625
2024-05-13,571.0047607421875
2024-05-14,594.3946533203125
2024-05-15,596.8796997070312
2024-05-16,599.8522338867188
2024-05-17,595.1742553710938
2024-05-21,579.8734130859375
2024-05-22,586.01318359375
2024-05-23,600.6318969726562
2024-05-24,602.4835815429688
2024-05-27,619.002685546875
2024-05-28,604.6763916015625
2024-05-29,604.6763916015625
2024-05-30,595.0767822265625
2024-05-31,589.2780151367188
2024-06-03,597.8056640625
2024-06-04,583.3818359375
2024-06-05,615.25048828125
2024-06-06,630.3077392578125
2024-06-07,660.9094848632812
2024-06-10,662.7124633789062
2024-06-11,655.7929077148438
2024-06-12,655.159423828125
2024-06-13,665.8798217773438
2024-06-14,660.714599609375
2024-06-18,666.415771484375
2024-06-19,673.2865600585938
2024-06-20,670.4603271484375
2024-06-21,664.0281372070312
2024-06-24,667.8289794921875
2024-06-25,678.06201171875
2024-06-26,668.2188110351562
2024-06-27,669.4370727539062
2024-06-28,672.7505493164062
2024-07-01,699.3564453125
2024-07-02,690.8289794921875
2024-07-03,693.2166748046875
2024-07-04,699.16162109375
2024-07-05,696.5302124023438
2024-07-08,689.7569580078125
2024-07-09,685.614990234375
2024-07-10,674.4560546875
2024-07-11,678.3056640625
2024-07-12,717.8571166992188
2024-07-15,719.425537109375
2024-07-16,712.6620483398438
2024-07-18,734.6187744140625
2024-07-19,709.5744018554688
2024-07-22,689.921142578125
2024-07-23,709.329345703125
2024-07-24,703.7911376953125
2024-07-25,692.4697265625
2024-07-26,713.4462280273438
2024-07-29,704.9674072265625
2024-07-30,695.5083618164062
2024-07-31,662.279296875
2024-08-01,630.2753295898438
2024-08-02,593.3704223632812
2024-08-05,567.3458862304688
2024-08-06,564.79736328125
2024-08-07,564.4541625976562
2024-08-08,560.1412963867188
2024-08-09,566.2676391601562
2024-08-12,575.6776123046875
2024-08-13,554.4560546875
2024-08-14,554.7991333007812
2024-08-16,588.763427734375
2024-08-19,611.308349609375
2024-08-20,601.4571533203125
2024-08-21,597.0462036132812
2024-08-22,589.7437133789062
2024-08-23,589.3515625
2024-08-26,616.5524291992188
2024-08-27,633.5590209960938
2024-08-28,648.26220703125
2024-08-29,665.5629272460938
2024-08-30,657.2801513671875
2024-09-02,652.4280395507812
2024-09-03,656.0548706054688
2024-09-04,647.2329711914062
2024-09-05,646.5468139648438
2024-09-06,640.66552734375
2024-09-09,612.7296142578125
2024-09-10,628.3638916015625
2024-09-11,616.4544067382812
2024-09-12,627.6287231445312
2024-09-13,647.9191284179688
2024-09-16,621.6495361328125
2024-09-17,635.6175537109375
2024-09-18,618.3168334960938
2024-09-19,612.9256591796875
2024-09-20,618.8558959960938
2024-09-23,617.9247436523438
2024-09-24,619.3950805664062
2024-09-25,607.4364624023438
2024-09-26,603.7606811523438
2024-09-27,592.0961303710938
2024-09-30,589.98876953125
2024-10-01,583.4213256835938
2024-10-03,578.32421875
2024-10-04,569.6493530273438
2024-10-07,555.7303466796875
2024-10-08,558.9160766601562
2024-10-09,579.5494995117188
2024-10-10,573.0801391601562
2024-10-11,587.1951293945312
2024-10-14,583.6663208007812
2024-10-15,581.4609375
2024-10-16,587.63623046875
2024-10-17,581.7549438476562
2024-10-18,583.0781860351562
2024-10-21,585.5287475585938
2024-10-22,565.2384033203125
2024-10-23,589.1065673828125
2024-10-24,557.788818359375
2024-10-25,559.8472290039062
2024-10-28,563.4739379882812
2024-10-29,571.707763671875
2024-10-30,563.76806640625
2024-10-31,541.5678100585938
2024-11-01,548.3607788085938
2024-11-04,541.2724609375
2024-11-05,548.8038330078125
2024-11-06,573.6621704101562
2024-11-07,564.1126708984375
2024-11-08,558.5010375976562
2024-11-11,560.8145751953125
2024-11-12,555.793701171875
2024-11-13,541.3709716796875
2024-11-14,550.5758666992188
2024-11-18,537.9744262695312
2024-11-19,543.5860595703125
2024-11-21,536.9407348632812
2024-11-22,552.9879150390625
2024-11-25,560.2730712890625
2024-11-26,583.2117919921875
2024-11-27,591.3338012695312
2024-11-28,582.0303955078125
2024-11-29,581.4888916015625
2024-12-02,588.2326049804688
2024-12-03,592.121337890625
2024-12-04,594.3856811523438
2024-12-05,597.1422729492188
2024-12-06,598.6681518554688
2024-12-09,599.209716796875
2024-12-10,598.6681518554688
2024-12-11,603.8367309570312
2024-12-12,600.1448974609375
2024-12-13,593.9918823242188
2024-12-16,595.2225341796875
2024-12-17,598.5697631835938
2024-12-18,592.0228881835938
2024-12-19,580.50439453125
2024-12-20,568.0505981445312
2024-12-23,564.8017578125
2024-12-24,570.708740234375
2024-12-26,561.4052734375
2024-12-27,567.1152954101562
2024-12-30,565.5401611328125
2024-12-31,551.6588134765625
2025-01-01,554.3169555664062
2025-01-02,555.5968017578125
2025-01-03,543.5860595703125
2025-01-06,536.7930297851562
2025-01-07,539.0081176757812
2025-01-08,535.6116333007812
2025-01-09,535.0209350585938
2025-01-10,542.7984008789062
2025-01-13,517.4970703125
2025-01-14,524.6346435546875
2025-01-15,518.8753051757812
2025-01-16,524.2900390625
2025-01-17,524.2407836914062
2025-01-20,524.8314819335938
2025-01-21,517.3001098632812
2025-01-22,521.8779907226562
2025-01-23,546.2933959960938
2025-01-24,537.2360229492188
2025-01-27,509.4734497070313
2025-01-28,510.9994201660156
2025-01-29,523.600830078125
2025-01-30,521.92724609375
2025-01-31,526.3082275390625
2025-02-01,526.751220703125
2025-02-03,522.9118041992188
2025-02-04,518.0385131835938
2025-02-05,526.4066772460938
2025-02-06,521.68115234375
2025-02-07,526.0620727539062
2025-02-10,518.2354125976562
2025-02-11,496.52740478515625
2025-02-12,494.8537902832031
2025-02-13,498.004150390625
2025-02-14,480.4309997558594
2025-02-17,470.0938720703125
2025-02-18,465.5159912109375
2025-02-19,463.64544677734375
2025-02-20,466.50048828125
2025-02-21,467.927978515625
2025-02-24,464.1869201660156
2025-02-25,451.5854797363281
2025-02-27,442.72503662109375
2025-02-28,417.4728698730469
2025-03-03,414.3717346191406
2025-03-04,411.8120727539063
2025-03-05,426.333251953125
2025-03-06,432.240234375
2025-03-07,427.7116088867188
2025-03-10,403.3946838378906
2025-03-11,394.4358215332031
2025-03-12,385.6246643066406
2025-03-13,379.7669372558594
2025-03-17,382.8680725097656
2025-03-18,382.8680725097656
2025-03-19,388.9718933105469
2025-03-20,402.65631103515625
2025-03-21,398.0784301757813
2025-03-24,404.4776306152344
2025-03-25,396.40478515625
2025-03-26,387.7904968261719
2025-03-27,389.7594909667969
2025-03-28,381.6866760253906
2025-04-01,382.27734375
2025-04-02,385.8707885742188
2025-04-03,381.8343505859375
2025-04-04,360.81549072265625
2025-04-07,341.7164001464844
2025-04-08,350.87213134765625
2025-04-09,351.1675109863281
2025-04-11,354.1701965332031
2025-04-15,366.2794189453125
2025-04-16,366.3286437988281
2025-04-17,365.7871398925781
2025-04-21,382.178955078125
2025-04-22,376.9611206054688
2025-04-23,393.4513244628906
2025-04-24,389.3164978027344
2025-04-25,380.062255859375
2025-04-28,383.9509887695313
2025-04-29,391.580810546875
2025-04-30,384.1479187011719
2025-05-02,389.1687927246094
2025-05-05,391.18701171875
2025-05-06,378.3394165039063
2025-05-07,383.65570068359375
2025-05-08,379.96380615234375
2025-05-09,378.4870910644531
2025-05-12,413.9287414550781
2025-05-13,414.3717346191406
2025-05-14,416.6852722167969
2025-05-15,421.55853271484375
2025-05-16,423.0352783203125
2025-05-19,418.3096923828125
2025-05-20,416.0945739746094
2025-05-21,417.4236450195313
2025-05-22,414.8639831542969
2025-05-23,418.2112426757813
2025-05-26,412.0581970214844
2025-05-27,409.0555114746094
2025-05-28,416.7344970703125
2025-05-29,414.2240905761719
2025-05-30,394.28814697265625
2025-06-02,392.71295166015625
2025-06-03,391.2362060546875
2025-06-04,396.7001647949219
2025-06-05,404.0838317871094
2025-06-06,404.7237243652344
2025-06-09,411.1721496582031
2025-06-10,421.903076171875
2025-06-11,424.1181640625
2025-06-12,413.3380432128906
2025-06-13,409.2524108886719
2025-06-16,415.7500305175781
2025-06-17,416.5868225097656
2025-06-18,417.5220947265625
2025-06-19,407.2341918945313
2025-06-20,414.8639831542969
2025-06-23,413.534912109375
2025-06-24,416.1930541992188
2025-06-25,436.7688598632813
2025-06-26,435.3413696289063
2025-06-27,425.4964904785156
2025-06-30,426.77630615234375
2025-07-01,431.45263671875
2025-07-02,435.242919921875
2025-07-03,431.5018615722656
2025-07-04,428.4991760253906
2025-07-07,426.4317321777344
2025-07-08,427.5146789550781
2025-07-09,422.690673828125
2025-07-10,421.3124084472656
2025-07-11,412.4519958496094
2025-07-14,412.107421875
2025-07-15,423.3797912597656
2025-07-16,426.7271118164063
2025-07-17,425.5456848144531
2025-07-18,417.0993957519531
2025-07-21,414.0189514160156
2025-07-22,401.7469177246094
2025-07-23,401.2998046875
2025-07-24,393.6981201171875
2025-07-25,393.3005981445313
2025-07-28,382.8172302246094
2025-07-29,407.16253662109375
2025-07-30,412.1309509277344
2025-07-31,389.02777099609375
2025-08-01,398.3187255859375
2025-08-04,401.399169921875
2025-08-05,390.7667236328125
2025-08-06,383.5625
2025-08-07,379.5380859375
2025-08-08,369.84967041015625
2025-08-11,370.9426879882813
2025-08-12,368.8062744140625
2025-08-13,368.4584655761719
2025-08-14,366.8189086914063
2025-08-18,367.6635437011719
2025-08-19,369.7999572753906
2025-08-20,381.2273254394531
2025-08-21,378.7928161621094
2025-08-22,373.0294494628906
2025-08-25,377.0041809082031
2025-08-26,367.2660827636719
2025-08-28,367.4151306152344
2025-08-29,365.7755432128906
2025-09-01,372.6319580078125
2025-09-02,374.51995849609375
2025-09-03,374.66900634765625
2025-09-04,371.4395446777344
2025-09-05,373.2281799316406
2025-09-08,370.4458618164063
2025-09-09,371.4892272949219
2025-09-10,380.2833557128906
2025-09-11,373.178466796875
2025-09-12,371.2408142089844
2025-09-15,374.1721801757813
2025-09-16,375.9608154296875
2025-09-17,378.5940856933594
2025-09-18,385.7983093261719
2025-09-19,379.041259765625
2025-09-22,369.8993225097656
2025-09-23,369.9987182617188
2025-09-24,366.9182739257813
2025-09-25,362.9435424804688
2025-09-26,358.8694152832031
2025-09-29,345.7030944824219
2025-09-30,350.7212219238281
2025-10-01,348.0879211425781
2025-10-03,347.7898254394531
2025-10-06,355.63995361328125
2025-10-07,353.1557312011719
2025-10-08,353.7022705078125
2025-10-09,357.57763671875
2025-10-10,357.18017578125
2025-10-13,346.3489685058594
2025-10-14,342.0761413574219
2025-10-15,339.8900146484375
2025-10-16,342.4736022949219
2025-10-17,338.8466796875
2025-10-20,336.80963134765625
2025-10-21,348.83319091796875
2025-10-23,375.71240234375
2025-10-24,379.041259765625
2025-10-27,384.2580871582031
2025-10-28,374.7683715820313
2025-10-29,372.9300537109375
2025-10-30,374.0231323242188
2025-10-31,369.2534484863281
2025-11-03,370.3464965820313
2025-11-04,368.0610046386719
2025-11-06,370.5949096679688
2025-11-07,375.8614501953125
2025-11-10,372.08544921875
2025-11-11,380.233642578125
2025-11-12,394.5924072265625
2025-11-13,393.3999938964844
2025-11-14,388.7000122070313
2025-11-17,390.8500061035156
2025-11-18,379.8500061035156
2025-11-19,391.2999877929688
2025-11-20,388.7999877929688
2025-11-21,381.3999938964844
2025-11-24,384.0
2025-11-25,380.0
2025-11-26,386.6000061035156
2025-11-27,383.0499877929688
2025-11-28,380.2000122070313
2025-12-01,385.4500122070313
2025-12-02,404.9500122070313
2025-12-03,422.75
2025-12-04,435.8999938964844
2025-12-05,432.75
2025-12-08,428.1499938964844
2025-12-09,430.3999938964844
2025-12-10,423.1000061035156
2025-12-11,427.9500122070313
2025-12-12,429.7000122070313
2025-12-15,434.75
2025-12-16,426.1000061035156
2025-12-17,431.8500061035156
2025-12-18,433.3500061035156
2025-12-19,433.4500122070313
2025-12-22,450.1499938964844
2025-12-23,455.8500061035156
2025-12-24,449.3999938964844
2025-12-26,448.75
2025-12-29,436.5499877929688
2025-12-30,423.6000061035156
2025-12-31,433.2999877929688
2026-01-01,432.0
2026-01-02,432.0499877929688
2026-01-05,427.2000122070313
2026-01-06,421.2999877929688
2026-01-07,443.3999938964844
2026-01-08,431.6499938964844
2026-01-09,422.0499877929688
2026-01-12,413.3500061035156
2026-01-13,425.1000061035156
2026-01-14,419.6000061035156
2026-01-15,419.6000061035156
2026-01-16,433.1000061035156
2026-01-19,425.8500061035156
2026-01-20,404.25
2026-01-21,407.25
2026-01-22,415.3999938964844
2026-01-23,405.7999877929688
2026-01-27,398.7000122070313
2026-01-28,402.5499877929688
2026-01-29,409.8999938964844
2026-01-30,418.0499877929688
2026-02-02,425.5499877929688
2026-02-03,447.4500122070313
2026-02-04,440.3500061035156
2026-02-05,460.5499877929688
2026-02-06,435.7000122070313
2026-02-09,445.2000122070313
2026-02-10,465.5
2026-02-11,465.0499877929688
2026-02-12,433.8500061035156
2026-02-13,398.9500122070313
2026-02-16,390.3999938964844
2026-02-17,385.8500061035156
2026-02-18,375.7999877929688
2026-02-19,385.9500122070313
2026-02-20,378.6499938964844
2026-02-23,377.75
2026-02-24,366.3500061035156
2026-02-25,371.75
2026-02-26,383.75
2026-02-27,390.1000061035156
2026-03-02,384.6000061035156
2026-03-04,383.5
2026-03-05,378.5499877929688
2026-03-06,371.2000122070313
2026-03-09,368.5499877929688
2026-03-10,385.0499877929688
2026-03-11,381.8999938964844
2026-03-12,374.6000061035156
2026-03-13,360.1499938964844
2026-03-16,348.6000061035156
2026-03-17,362.7000122070313
2026-03-18,364.3999938964844
2026-03-19,363.8500061035156
2026-03-20,358.04998779296875
2026-03-23,339.20001220703125
2026-03-24,346.5
2026-03-25,347.3999938964844
2026-03-27,336.3999938964844
2026-03-30,332.54998779296875
2026-04-01,349.6499938964844
2026-04-02,370.8500061035156
2026-04-06,364.75
2026-04-07,367.7999877929688
2026-04-08,370.5499877929688
2026-04-09,373.3500061035156
2026-04-10,366.0
2026-04-13,365.0499877929688
2026-04-15,380.0
2026-04-16,388.1499938964844
2026-04-17,390.7000122070313
2026-04-20,381.6000061035156
2026-04-21,394.3999938964844
2026-04-22,387.8500061035156
2026-04-23,385.0
2026-04-24,368.6499938964844
2026-04-27,371.8500061035156
2026-04-28,371.0
2026-04-29,369.3999938964844
2026-04-30,369.4500122070313
2026-05-01,369.4500122070313
2026-05-04,366.1000061035156
2026-05-05,370.0
2026-05-06,372.5
2026-05-07,362.2000122070313
2026-05-08,362.1499938964844
2026-05-11,355.8999938964844
2026-05-12,331.6000061035156
2026-05-13,318.70001220703125
2026-05-14,310.8999938964844
2026-05-15,314.3999938964844
2026-05-18,309.6000061035156
2026-05-19,320.8999938964844
2026-05-20,319.6000061035156
2026-05-21,321.3500061035156
2026-05-22,328.20001220703125
2026-05-25,330.79998779296875
2026-05-26,324.3999938964844
2026-05-27,328.1000061035156
2026-05-28,328.1000061035156
2026-05-29,319.3500061035156
2026-06-01,327.79998779296875
2026-06-02,344.79998779296875
2026-06-03,327.6499938964844
2026-06-04,325.1000061035156
2026-06-05,327.79998779296875
2026-06-08,324.20001220703125
2026-06-09,319.3500061035156
2026-06-10,315.54998779296875
2026-06-11,310.8500061035156
2026-06-12,316.0
2026-06-15,323.8999938964844
2026-06-16,324.25
2026-06-17,323.6000061035156
2026-06-18,325.1499938964844
2026-06-19,326.3999938964844
2026-06-22,317.04998779296875
2026-06-23,308.25
2026-06-24,307.8999938964844
2026-06-25,300.70001220703125
2026-06-26,300.70001220703125
2026-06-29,294.7471008300781
2026-06-30,282.13336181640625
2026-07-01,275.70001220703125
2026-07-02,277.7973937988281
2026-07-03,278.4379272460937
2026-07-06,276.6641540527344
2026-07-07,277.551025390625
2026-07-08,268.23858642578125
2026-07-09,270.8500061035156
2026-07-10,290.1499938964844
2026-07-13,299.29998779296875
2026-07-14,289.04998779296875
2026-07-15,285.45001220703125
2026-07-16,289.75
2026-07-17,288.04998779296875
2026-07-20,291.3500061035156
2026-07-21,285.79998779296875
2026-07-22,282.54998779296875
2026-07-23,278.95001220703125
2026-07-24,282.3999938964844
2026-07-27,293.45001220703125
2026-07-28,299.8999938964844
2026-07-29,311.1499938964844
2026-07-30,306.29998779296875
2026-07-31,302.3999938964844
2026-08-03,321.5
2026-08-04,323.20001220703125
2026-08-05,323.6499938964844
2026-08-06,318.25
2026-08-07,318.5
2026-08-10,317.25
2026-08-11,320.29998779296875
2026-08-12,313.29998779296875
2026-08-13,313.54998779296875
2026-08-14,312.04998779296875
