,close
2005-01-03,23.96276092529297
2005-01-04,23.63883781433105
2005-01-05,22.76826477050781
2005-01-06,21.53328895568848
2005-01-07,22.505077362060547
2005-01-10,22.24187660217285
2005-01-11,21.56162643432617
2005-01-12,20.682966232299805
2005-01-13,21.31867790222168
2005-01-14,21.168865203857425
2005-01-17,20.448116302490234
2005-01-18,20.622222900390625
2005-01-19,20.75180053710937
2005-01-20,20.16467666625977
2005-01-24,20.440017700195312
2005-01-25,20.70321083068848
2005-01-27,20.64247131347656
2005-01-28,21.715496063232425
2005-01-31,22.57391166687012
2005-02-01,23.294658660888672
2005-02-02,23.808895111083984
2005-02-03,24.416263580322266
2005-02-04,24.031599044799805
2005-02-07,23.841285705566406
2005-02-08,23.93037223815918
2005-02-09,24.092330932617188
2005-02-10,23.821044921875
2005-02-11,23.64693069458008
2005-02-14,24.286697387695312
2005-02-15,23.84938621520996
2005-02-16,23.93037223815918
2005-02-17,22.99906349182129
2005-02-18,23.768404006958008
2005-02-21,23.22177124023437
2005-02-22,23.35539054870605
2005-02-23,22.90998077392578
2005-02-24,22.83710289001465
2005-02-25,22.76826477050781
2005-02-28,22.525320053100582
2005-03-01,23.011213302612305
2005-03-02,23.557844161987305
2005-03-03,24.32718849182129
2005-03-04,23.82913589477539
2005-03-07,23.51735496520996
2005-03-08,23.49711036682129
2005-03-09,23.707664489746094
2005-03-10,23.780548095703125
2005-03-11,23.606433868408203
2005-03-14,23.12054443359375
2005-03-15,23.44447326660156
2005-03-16,23.294658660888672
2005-03-17,22.78851318359375
2005-03-18,22.44433784484864
2005-03-21,22.322864532470703
2005-03-22,21.5940170288086
2005-03-23,21.472545623779297
2005-03-24,24.45675468444824
2005-03-28,25.64315414428711
2005-03-29,25.764623641967773
2005-03-30,25.68364906311035
2005-03-31,25.853710174560547
2005-04-01,26.49346923828125
2005-04-04,27.87017250061035
2005-04-05,26.926727294921875
2005-04-06,27.1008415222168
2005-04-07,27.01985740661621
2005-04-08,26.845746994018555
2005-04-11,26.83763694763184
2005-04-12,27.149429321289062
2005-04-13,27.222320556640625
2005-04-15,26.797149658203125
2005-04-18,26.440832138061523
2005-04-19,26.29100799560547
2005-04-20,26.08855438232422
2005-04-21,26.56230926513672
2005-04-22,26.91862678527832
2005-04-25,27.40452766418457
2005-04-26,28.37631797790528
2005-04-27,26.46107482910156
2005-04-28,27.87017250061035
2005-04-29,27.129186630249023
2005-05-02,25.48928642272949
2005-05-03,26.50156593322754
2005-05-04,27.04010772705078
2005-05-05,26.959123611450195
2005-05-06,26.76476287841797
2005-05-09,26.926727294921875
2005-05-10,26.91862678527832
2005-05-11,27.129186630249023
2005-05-12,27.18182373046875
2005-05-13,29.34811019897461
2005-05-16,29.25498390197754
2005-05-17,28.53828811645508
2005-05-18,28.88246154785156
2005-05-19,28.74883270263672
2005-05-20,28.46540069580078
2005-05-23,28.275089263916016
2005-05-24,28.42490005493164
2005-05-25,28.50589179992676
2005-05-26,28.51803970336914
2005-05-27,28.254838943481445
2005-05-30,28.222448348999023
2005-05-31,28.910797119140625
2005-06-01,29.307615280151367
2005-06-02,29.388601303100582
2005-06-03,29.67203521728516
2005-06-06,30.0445613861084
2005-06-07,30.83413314819336
2005-06-08,31.704702377319336
2005-06-09,31.8261833190918
2005-06-10,32.0893669128418
2005-06-13,32.28372573852539
2005-06-14,32.70888900756836
2005-06-15,33.28385925292969
2005-06-16,32.79798889160156
2005-06-17,32.150108337402344
2005-06-20,31.724958419799805
2005-06-21,31.704702377319336
2005-06-22,31.29168510437012
2005-06-23,31.902719497680664
2005-06-24,32.25604248046875
2005-06-27,31.23764991760254
2005-06-28,31.216873168945312
2005-06-29,31.258440017700195
2005-06-30,33.17051696777344
2005-07-01,34.16813278198242
2005-07-04,35.082603454589844
2005-07-05,34.50067138671875
2005-07-06,34.18890380859375
2005-07-07,34.52145004272461
2005-07-08,34.72929000854492
2005-07-11,36.51667404174805
2005-07-12,36.35040283203125
2005-07-13,38.61581039428711
2005-07-14,38.03386688232422
2005-07-15,38.844425201416016
2005-07-18,39.093841552734375
2005-07-19,38.69894027709961
2005-07-20,38.49111557006836
2005-07-21,37.63897705078125
2005-07-22,37.26487731933594
2005-07-25,37.88839721679688
2005-07-26,36.64137268066406
2005-07-27,35.66455841064453
2005-07-28,35.66455841064453
2005-07-29,36.37119674682617
2005-08-01,36.267276763916016
2005-08-02,36.14257049560547
2005-08-03,35.53984832763672
2005-08-04,35.8307991027832
2005-08-05,36.45431137084961
2005-08-08,35.477500915527344
2005-08-09,38.36641693115234
2005-08-10,38.6365966796875
2005-08-11,38.67815399169922
2005-08-12,38.6365966796875
2005-08-16,39.17696762084961
2005-08-17,38.740516662597656
2005-08-18,39.11460876464844
2005-08-19,40.444766998291016
2005-08-22,42.43998336791992
2005-08-23,40.444766998291016
2005-08-24,41.27610778808594
2005-08-25,41.31766891479492
2005-08-26,41.2968864440918
2005-08-29,40.4031982421875
2005-08-30,41.754127502441406
2005-08-31,42.66859817504883
2005-09-01,42.33606719970703
2005-09-02,42.4192008972168
2005-09-05,45.53672790527344
2005-09-06,44.70538330078125
2005-09-08,44.4144172668457
2005-09-09,43.43759536743164
2005-09-12,45.058692932128906
2005-09-13,44.93399810791016
2005-09-14,44.622257232666016
2005-09-15,44.39362335205078
2005-09-16,45.37045669555664
2005-09-19,45.57829284667969
2005-09-20,49.83891296386719
2005-09-21,47.781349182128906
2005-09-22,43.520729064941406
2005-09-23,44.80930709838867
2005-09-26,46.05631256103516
2005-09-27,46.38885498046875
2005-09-28,46.45120620727539
2005-09-29,46.55512619018555
2005-09-30,45.37045669555664
2005-10-03,46.139461517333984
2005-10-04,46.929229736328125
2005-10-05,47.11626815795898
2005-10-06,46.05631256103516
2005-10-07,47.59428787231445
2005-10-10,46.99157333374024
2005-10-11,47.19941329956055
2005-10-13,47.86447143554688
2005-10-14,48.23859024047852
2005-10-17,46.84608840942383
2005-10-18,47.44880676269531
2005-10-19,44.726165771484375
2005-10-20,43.87404251098633
2005-10-21,45.66143035888672
2005-10-24,46.86687469482422
2005-10-25,47.2409782409668
2005-10-26,46.57591247558594
2005-10-27,46.16023254394531
2005-10-28,45.20418548583984
2005-10-31,47.03314208984375
2005-11-02,47.76057052612305
2005-11-04,47.76057052612305
2005-11-07,47.94761657714844
2005-11-08,49.423248291015625
2005-11-09,48.9244384765625
2005-11-10,49.46481323242188
2005-11-11,49.19462203979492
2005-11-14,49.5063705444336
2005-11-16,51.46004104614258
2005-11-17,53.62151718139648
2005-11-18,52.37451553344727
2005-11-21,51.41845703125
2005-11-22,50.83653259277344
2005-11-23,50.75339126586914
2005-11-24,52.74861145019531
2005-11-25,52.603126525878906
2005-11-28,54.59835052490234
2005-11-29,54.09954071044922
2005-11-30,54.07875442504883
2005-12-01,54.12032318115234
2005-12-02,54.88931655883789
2005-12-05,55.408912658691406
2005-12-06,55.36734390258789
2005-12-07,55.38811492919922
2005-12-08,55.34654998779297
2005-12-09,56.136329650878906
2005-12-12,57.67431640625
2005-12-13,56.157108306884766
2005-12-14,57.38335037231445
2005-12-15,55.5959587097168
2005-12-16,56.3026008605957
2005-12-19,56.157108306884766
2005-12-20,55.13871383666992
2005-12-21,54.34893035888672
2005-12-22,53.746212005615234
2005-12-23,52.9356689453125
2005-12-26,52.99801254272461
2005-12-27,55.32577896118164
2005-12-28,55.408912658691406
2005-12-29,55.63755035400391
2005-12-30,55.51282501220703
2006-01-02,55.575172424316406
2006-01-03,56.739044189453125
2006-01-04,57.4249153137207
2006-01-05,57.92372131347656
2006-01-06,57.778228759765625
2006-01-09,58.02764129638672
2006-01-10,59.31620407104492
2006-01-12,63.70156097412109
2006-01-13,63.16115188598633
2006-01-16,61.29064178466797
2006-01-17,62.41294860839844
2006-01-18,62.47529983520508
2006-01-19,65.26030731201172
2006-01-20,66.09162902832031
2006-01-23,65.15637969970703
2006-01-24,67.21393585205078
2006-01-25,67.67120361328125
2006-01-27,69.77034759521484
2006-01-30,68.23235321044922
2006-01-31,68.83503723144531
2006-02-01,68.50253295898438
2006-02-02,69.39622497558594
2006-02-03,68.29469299316406
2006-02-06,66.79827117919922
2006-02-07,66.21633911132812
2006-02-08,65.0108871459961
2006-02-10,65.65515899658203
2006-02-13,65.57206726074219
2006-02-14,64.9900894165039
2006-02-15,65.44733428955078
2006-02-16,65.59283447265625
2006-02-17,64.96931457519531
2006-02-20,65.88378143310547
2006-02-21,68.39862060546875
2006-02-22,67.67120361328125
2006-02-23,67.48414611816406
2006-02-24,68.00371551513672
2006-02-27,66.19554138183594
2006-02-28,65.28107452392578
2006-03-01,64.96931457519531
2006-03-02,62.70393753051758
2006-03-03,63.36898040771485
2006-03-06,62.60002517700195
2006-03-07,64.17955017089844
2006-03-08,63.410587310791016
2006-03-09,62.8078727722168
2006-03-10,62.20512390136719
2006-03-13,65.48892974853516
2006-03-14,65.7799072265625
2006-03-16,65.30187225341797
2006-03-17,65.30187225341797
2006-03-20,65.36421966552734
2006-03-21,66.11241912841797
2006-03-22,65.61361694335938
2006-03-23,66.13321685791016
2006-03-24,66.11241912841797
2006-03-27,67.61065673828125
2006-03-28,64.78299713134766
2006-03-29,64.00222778320312
2006-03-30,64.76187133789062
2006-03-31,65.05731964111328
2006-04-03,67.1886215209961
2006-04-04,68.1382064819336
2006-04-05,67.39962768554688
2006-04-07,65.90140533447266
2006-04-10,63.32696533203125
2006-04-12,61.46998596191406
2006-04-13,61.005767822265625
2006-04-17,61.849830627441406
2006-04-18,61.63880920410156
2006-04-19,65.7958755493164
2006-04-20,70.16402435302734
2006-04-21,70.03738403320312
2006-04-24,69.82638549804688
2006-04-25,68.60247039794922
2006-04-26,67.27301025390625
2006-04-27,68.32811737060547
2006-04-28,70.50162506103516
2006-05-02,68.94007873535156
2006-05-03,68.47584533691406
2006-05-04,70.07959747314453
2006-05-05,68.6446304321289
2006-05-08,70.41724395751953
2006-05-09,70.48053741455078
2006-05-10,69.72085571289062
2006-05-11,69.67865753173828
2006-05-12,70.07959747314453
2006-05-15,66.04911804199219
2006-05-16,69.0666732788086
2006-05-17,71.26131439208984
2006-05-18,65.35274505615234
2006-05-19,66.34456634521484
2006-05-22,60.68922805786133
2006-05-23,66.32343292236328
2006-05-24,63.32696533203125
2006-05-25,61.23787307739258
2006-05-26,63.83340072631836
2006-05-29,63.58018493652344
2006-05-30,63.875633239746094
2006-05-31,63.770118713378906
2006-06-01,61.11126708984375
2006-06-02,62.56729507446289
2006-06-05,61.30120468139648
2006-06-06,59.16987609863281
2006-06-07,58.76894760131836
2006-06-08,51.00342559814453
2006-06-09,54.52745056152344
2006-06-12,54.67516326904297
2006-06-13,45.36919403076172
2006-06-14,46.55091094970703
2006-06-15,51.55207824707031
2006-06-16,52.79709243774414
2006-06-19,50.79240036010742
2006-06-20,52.522762298583984
2006-06-21,55.39262771606445
2006-06-22,55.434844970703125
2006-06-23,55.498138427734375
2006-06-26,53.261322021484375
2006-06-27,54.506343841552734
2006-06-28,53.17692184448242
2006-06-29,54.90727996826172
2006-06-30,56.5743522644043
2006-07-03,56.067909240722656
2006-07-04,55.83577728271485
2006-07-05,56.38442993164063
2006-07-06,54.464141845703125
2006-07-07,55.64585113525391
2006-07-10,56.02568817138672
2006-07-11,57.16519927978516
2006-07-12,57.846492767333984
2006-07-13,56.61163711547852
2006-07-14,55.82389450073242
2006-07-17,55.29161834716797
2006-07-18,52.99223709106445
2006-07-19,50.73543548583984
2006-07-20,51.331573486328125
2006-07-21,49.67091369628906
2006-07-24,48.47864532470703
2006-07-25,50.118011474609375
2006-07-26,54.90839767456055
2006-07-27,52.949668884277344
2006-07-28,52.52383804321289
2006-07-31,52.37481689453125
2006-08-01,52.31093978881836
2006-08-02,52.77933883666992
2006-08-03,53.82257843017578
2006-08-04,53.35418701171875
2006-08-07,53.0135383605957
2006-08-08,53.886451721191406
2006-08-09,57.54841995239258
2006-08-10,58.82585906982422
2006-08-11,59.54973602294922
2006-08-14,60.443946838378906
2006-08-16,61.636207580566406
2006-08-17,61.23168563842773
2006-08-18,61.12524032592773
2006-08-21,65.23432159423828
2006-08-22,63.68009948730469
2006-08-23,63.06270217895508
2006-08-24,59.78392791748047
2006-08-25,65.89430236816406
2006-08-28,65.57495880126953
2006-08-29,65.00011444091797
2006-08-30,64.7233657836914
2006-08-31,65.6175537109375
2006-09-01,64.97883605957031
2006-09-04,67.44853973388672
2006-09-05,66.72467041015625
2006-09-06,68.98146057128906
2006-09-07,70.17374420166016
2006-09-08,69.47115325927734
2006-09-11,68.76854705810547
2006-09-12,68.49177551269531
2006-09-13,70.38663482666016
2006-09-14,70.833740234375
2006-09-15,69.51371765136719
2006-09-18,68.91759490966797
2006-09-19,67.59758758544922
2006-09-20,67.34209442138672
2006-09-21,71.1744155883789
2006-09-22,71.32344818115234
2006-09-25,70.15245056152344
2006-09-26,70.04601287841797
2006-09-27,76.518310546875
2006-09-28,75.66667938232422
2006-09-29,75.90088653564453
2006-10-03,73.83570861816406
2006-10-04,72.96279907226562
2006-10-05,74.4318618774414
2006-10-06,74.47444152832031
2006-10-09,73.11182403564453
2006-10-10,72.5369873046875
2006-10-11,72.43053436279297
2006-10-12,72.74989318847656
2006-10-13,71.68538665771484
2006-10-16,72.2602310180664
2006-10-17,72.02603149414062
2006-10-18,71.94083404541016
2006-10-19,73.62281036376953
2006-10-20,73.81443786621094
2006-10-23,74.04862976074219
2006-10-26,72.77120208740234
2006-10-27,73.516357421875
2006-10-30,74.7086181640625
2006-10-31,75.73058319091797
2006-11-01,75.70927429199219
2006-11-02,76.58220672607422
2006-11-03,75.43252563476562
2006-11-06,76.0073471069336
2006-11-07,76.47574615478516
2006-11-08,74.7086181640625
2006-11-09,74.62345886230469
2006-11-10,73.89958953857422
2006-11-13,74.92155456542969
2006-11-14,76.68865203857422
2006-11-15,78.34931945800781
2006-11-16,78.88158416748047
2006-11-17,77.92351531982422
2006-11-20,76.60347747802734
2006-11-21,76.11380004882812
2006-11-22,77.3486328125
2006-11-23,77.39125061035156
2006-11-24,76.0925064086914
2006-11-27,75.38993072509766
2006-11-28,73.942138671875
2006-11-29,73.60152435302734
2006-11-30,73.36732482910156
2006-12-01,72.77120208740234
2006-12-04,73.45248413085938
2006-12-05,74.26152038574219
2006-12-06,73.64408874511719
2006-12-07,73.28214263916016
2006-12-08,73.64408874511719
2006-12-11,72.40925598144531
2006-12-12,70.40795135498047
2006-12-13,69.72665405273438
2006-12-14,72.17504119873047
2006-12-15,73.23957824707031
2006-12-18,73.36732482910156
2006-12-19,72.32406616210938
2006-12-20,72.15376281738281
2006-12-21,72.68601989746094
2006-12-22,74.60215759277344
2006-12-26,74.83635711669922
2006-12-27,74.53829956054688
2006-12-28,75.00670623779297
2006-12-29,76.47574615478516
2007-01-02,80.7551498413086
2007-01-03,81.37257385253906
2007-01-04,79.64804077148438
2007-01-05,81.20223236083984
2007-01-08,81.15969848632812
2007-01-09,82.39452362060547
2007-01-10,80.47836303710938
2007-01-11,81.24482727050781
2007-01-12,80.15900421142578
2007-01-15,79.00933074951172
2007-01-16,78.7325439453125
2007-01-17,80.1802978515625
2007-01-18,80.6274185180664
2007-01-19,80.03125762939453
2007-01-22,80.3932113647461
2007-01-23,79.13707733154297
2007-01-24,79.66932678222656
2007-01-25,78.988037109375
2007-01-29,78.02995300292969
2007-01-31,76.53960418701172
2007-02-01,75.47508239746094
2007-02-02,76.5609130859375
2007-02-05,76.198974609375
2007-02-06,74.66606903076172
2007-02-07,74.38926696777344
2007-02-08,74.6447525024414
2007-02-09,73.5589370727539
2007-02-12,70.81245422363281
2007-02-13,71.91957092285156
2007-02-14,72.64342498779297
2007-02-15,74.53829956054688
2007-02-19,74.11251068115234
2007-02-20,73.66535949707031
2007-02-21,73.49506378173828
2007-02-22,72.49440002441406
2007-02-23,69.81182098388672
2007-02-26,69.93953704833984
2007-02-27,70.3653564453125
2007-02-28,68.8324203491211
2007-03-01,68.47046661376953
2007-03-02,68.85371398925781
2007-03-05,63.48849868774414
2007-03-06,62.36006546020508
2007-03-07,60.80587768554688
2007-03-08,61.25299072265625
2007-03-09,64.25496673583984
2007-03-12,63.190406799316406
2007-03-13,64.51045989990234
2007-03-14,62.87104797363281
2007-03-15,63.8717155456543
2007-03-16,62.59428787231445
2007-03-19,59.52845764160156
2007-03-20,60.57170104980469
2007-03-21,59.78392791748047
2007-03-22,59.82651519775391
2007-03-23,60.29492950439453
2007-03-26,60.01813888549805
2007-03-28,60.20975112915039
2007-03-29,60.65685272216797
2007-03-30,62.23234939575195
2007-04-02,60.84846496582031
2007-04-03,61.76396560668945
2007-04-04,61.57234573364258
2007-04-05,61.04008102416992
2007-04-09,61.21038818359375
2007-04-10,62.21107864379883
2007-04-11,62.29622268676758
2007-04-12,64.3401107788086
2007-04-13,64.87239074707031
2007-04-16,66.53301239013672
2007-04-17,67.40599822998047
2007-04-18,67.17178344726562
2007-04-19,65.31947326660156
2007-04-20,62.50913619995117
2007-04-23,61.97685623168945
2007-04-24,61.61492919921875
2007-04-25,63.04138946533203
2007-04-26,60.95490264892578
2007-04-27,60.16714477539063
2007-04-30,61.97685623168945
2007-05-03,61.636207580566406
2007-05-04,61.636207580566406
2007-05-07,61.16782760620117
2007-05-08,61.21038818359375
2007-05-09,60.4013557434082
2007-05-10,60.55039978027344
2007-05-11,61.14652633666992
2007-05-14,60.7207260131836
2007-05-15,60.29492950439453
2007-05-16,60.50782012939453
2007-05-17,62.84978485107422
2007-05-18,64.31881713867188
2007-05-21,62.06202697753906
2007-05-22,60.97622299194336
2007-05-23,61.40201568603516
2007-05-24,61.57234573364258
2007-05-25,73.89958953857422
2007-05-28,70.70600128173828
2007-05-29,73.28214263916016
2007-05-30,70.66341400146484
2007-05-31,68.8324203491211
2007-06-01,70.3653564453125
2007-06-04,70.21631622314453
2007-06-05,69.57759094238281
2007-06-06,66.66078186035156
2007-06-07,64.40398406982422
2007-06-08,66.10723114013672
2007-06-11,66.36273956298828
2007-06-12,66.2775650024414
2007-06-13,71.66407012939453
2007-06-14,73.19700622558594
2007-06-15,75.6454086303711
2007-06-18,74.58087921142578
2007-06-19,74.75119018554688
2007-06-20,74.28284454345703
2007-06-21,72.68601989746094
2007-06-22,72.70732879638672
2007-06-25,73.53763580322266
2007-06-26,74.62345886230469
2007-06-27,76.41188049316406
2007-06-28,76.90154266357422
2007-06-29,74.79377746582031
2007-07-02,74.62345886230469
2007-07-03,74.6447525024414
2007-07-04,74.60215759277344
2007-07-05,72.87765502929688
2007-07-06,71.87696838378906
2007-07-09,72.19632720947266
2007-07-10,74.66606903076172
2007-07-11,79.7119140625
2007-07-12,79.62606811523438
2007-07-13,75.20475769042969
2007-07-16,73.0156021118164
2007-07-17,75.3550033569336
2007-07-18,77.20077514648438
2007-07-19,76.14911651611328
2007-07-20,77.39397430419922
2007-07-23,78.33831024169922
2007-07-24,77.39397430419922
2007-07-25,75.20475769042969
2007-07-26,75.69839477539062
2007-07-27,74.99014282226562
2007-07-30,74.94723510742188
2007-07-31,75.44084930419922
2007-08-01,74.38921356201172
2007-08-02,74.51797485351562
2007-08-03,75.54818725585938
2007-08-06,75.05455017089844
2007-08-07,75.52671813964844
2007-08-08,76.21350860595703
2007-08-09,75.50523376464844
2007-08-10,75.48381042480469
2007-08-13,77.05054473876953
2007-08-14,76.02035522460938
2007-08-16,76.77156829833984
2007-08-17,75.41940307617188
2007-08-20,75.99888610839844
2007-08-21,75.11892700195312
2007-08-22,74.00287628173828
2007-08-23,72.75804901123047
2007-08-24,74.00287628173828
2007-08-27,74.75406646728516
2007-08-28,75.39793395996094
2007-08-29,75.20475769042969
2007-08-30,76.44961547851562
2007-08-31,76.68569946289062
2007-09-03,76.04183197021484
2007-09-04,77.82321166992188
2007-09-05,77.05054473876953
2007-09-06,76.85740661621094
2007-09-07,77.28663635253906
2007-09-10,77.28663635253906
2007-09-11,77.26518249511719
2007-09-12,77.65149688720703
2007-09-13,77.37248992919922
2007-09-14,80.1841049194336
2007-09-17,78.57440185546875
2007-09-18,78.08076477050781
2007-09-19,79.84068298339844
2007-09-20,77.95198822021484
2007-09-21,78.98218536376953
2007-09-24,78.55294036865234
2007-09-25,79.4543685913086
2007-09-26,80.39871978759766
2007-09-27,79.49728393554688
2007-09-28,79.475830078125
2007-10-01,79.56167602539062
2007-10-03,78.10221862792969
2007-10-04,78.12366485595703
2007-10-05,78.42416381835938
2007-10-08,74.1530990600586
2007-10-09,73.05854034423828
2007-10-10,72.90827178955078
2007-10-11,70.86935424804688
2007-10-12,70.52595520019531
2007-10-15,72.22149658203125
2007-10-16,72.58634185791016
2007-10-17,72.54341888427734
2007-10-18,70.0967025756836
2007-10-19,70.50447082519531
2007-10-22,70.07521057128906
2007-10-23,69.19525146484375
2007-10-24,68.87334442138672
2007-10-25,66.8987808227539
2007-10-26,69.36698913574219
2007-10-29,73.0156021118164
2007-10-30,72.50051879882812
2007-10-31,70.63325500488281
2007-11-01,69.34550476074219
2007-11-02,68.14360046386719
2007-11-05,68.33677673339844
2007-11-06,67.1133804321289
2007-11-07,66.61974334716797
2007-11-08,65.76124572753906
2007-11-12,68.9377212524414
2007-11-13,66.42657470703125
2007-11-14,67.6285171508789
2007-11-15,69.68890380859375
2007-11-16,69.45281982421875
2007-11-19,69.5386734008789
2007-11-20,70.48300170898438
2007-11-21,67.69290161132812
2007-11-22,65.18177795410156
2007-11-23,66.79146575927734
2007-11-26,67.17778778076172
2007-11-27,66.5339126586914
2007-11-28,65.67540740966797
2007-11-29,68.68016052246094
2007-11-30,73.63800048828125
2007-12-03,70.59033966064453
2007-12-04,71.06251525878906
2007-12-05,70.65469360351562
2007-12-06,70.07521057128906
2007-12-07,69.30260467529297
2007-12-10,70.0967025756836
2007-12-11,68.87334442138672
2007-12-12,69.60306549072266
2007-12-13,70.82642364501953
2007-12-14,74.32479858398438
2007-12-17,73.07997131347656
2007-12-18,71.2986068725586
2007-12-19,70.9552001953125
2007-12-20,71.2986068725586
2007-12-24,70.56886291503906
2007-12-26,75.46233367919922
2007-12-27,72.52193450927734
2007-12-28,72.99414825439453
2007-12-31,74.23896789550781
2008-01-01,76.68569946289062
2008-01-02,75.6554946899414
2008-01-03,73.68093872070312
2008-01-04,70.9552001953125
2008-01-07,72.6292724609375
2008-01-08,71.6419906616211
2008-01-09,70.01084899902344
2008-01-10,70.78349304199219
2008-01-11,69.83912658691406
2008-01-14,72.52193450927734
2008-01-15,71.49175262451172
2008-01-16,71.0839614868164
2008-01-17,70.63325500488281
2008-01-18,68.50845336914062
2008-01-21,62.26287460327149
2008-01-22,55.69532012939453
2008-01-23,60.03076171875
2008-01-24,61.18973922729492
2008-01-25,64.580810546875
2008-01-28,63.679386138916016
2008-01-29,66.31927490234375
2008-01-30,64.43059539794922
2008-01-31,65.546630859375
2008-02-01,64.0871810913086
2008-02-04,64.30181121826172
2008-02-05,63.52914047241211
2008-02-06,64.06571960449219
2008-02-07,62.37017440795898
2008-02-08,60.5887565612793
2008-02-11,60.09514236450195
2008-02-12,60.5887565612793
2008-02-13,57.00455093383789
2008-02-14,62.45602035522461
2008-02-15,63.01406478881836
2008-02-18,61.42582702636719
2008-02-19,64.90274810791016
2008-02-20,62.62773513793945
2008-02-21,66.08319854736328
2008-02-22,64.32327270507812
2008-02-25,66.7699966430664
2008-02-26,64.81688690185547
2008-02-27,63.70083236694336
2008-02-28,63.4862060546875
2008-02-29,63.09989547729492
2008-03-03,60.9536361694336
2008-03-04,57.99180221557617
2008-03-05,56.210411071777344
2008-03-07,54.47193908691406
2008-03-10,52.19692611694336
2008-03-11,52.239845275878906
2008-03-12,53.65637969970703
2008-03-13,52.26131820678711
2008-03-14,53.11981201171875
2008-03-17,50.39406967163086
2008-03-18,49.85749816894531
2008-03-19,49.83604431152344
2008-03-24,45.11427688598633
2008-03-25,46.3591194152832
2008-03-26,47.239070892333984
2008-03-27,45.82254409790039
2008-03-28,47.389305114746094
2008-03-31,46.402042388916016
2008-04-01,45.77961349487305
2008-04-02,47.775634765625
2008-04-03,46.76689910888672
2008-04-04,46.0801010131836
2008-04-07,45.84400939941406
2008-04-08,45.88694381713867
2008-04-09,46.14448547363281
2008-04-10,46.65958786010742
2008-04-11,46.31618881225586
2008-04-15,47.04591369628906
2008-04-16,48.87023162841797
2008-04-17,51.83205032348633
2008-04-21,55.43776321411133
2008-04-22,55.05143737792969
2008-04-23,54.04270553588867
2008-04-24,50.52283477783203
2008-04-25,49.77165222167969
2008-04-28,50.07213592529297
2008-04-29,50.67307662963867
2008-04-30,50.58723068237305
2008-05-02,51.83205032348633
2008-05-05,56.12456893920898
2008-05-06,55.69532012939453
2008-05-07,54.81534957885742
2008-05-08,54.493412017822266
2008-05-09,53.11981201171875
2008-05-12,50.67307662963867
2008-05-13,49.49264526367188
2008-05-14,49.25655364990234
2008-05-15,49.36386489868164
2008-05-16,49.62142181396485
2008-05-20,50.52283477783203
2008-05-21,50.909175872802734
2008-05-22,49.08485412597656
2008-05-23,48.97754287719727
2008-05-26,47.92588424682617
2008-05-27,47.561012268066406
2008-05-28,48.95607376098633
2008-05-29,48.80584335327149
2008-05-30,48.033199310302734
2008-06-02,46.50935745239258
2008-06-03,46.78835678100586
2008-06-04,47.6683235168457
2008-06-05,48.22635269165039
2008-06-06,49.49264526367188
2008-06-09,49.59996795654297
2008-06-10,49.4497184753418
2008-06-11,51.53158187866211
2008-06-12,50.909175872802734
2008-06-13,52.81933975219727
2008-06-16,53.95684814453125
2008-06-17,55.223140716552734
2008-06-18,56.16750717163086
2008-06-19,55.8026237487793
2008-06-20,55.41630172729492
2008-06-23,54.42904281616211
2008-06-24,49.3424072265625
2008-06-25,50.52283477783203
2008-06-26,53.65637969970703
2008-06-27,53.65637969970703
2008-06-30,53.91392135620117
2008-07-01,52.39008331298828
2008-07-02,53.312984466552734
2008-07-03,52.36861801147461
2008-07-04,53.61344909667969
2008-07-07,53.54906463623047
2008-07-08,53.13463973999024
2008-07-09,53.83263397216797
2008-07-10,51.95676040649414
2008-07-11,53.02556991577149
2008-07-14,52.436649322509766
2008-07-15,52.15307235717773
2008-07-16,53.243690490722656
2008-07-17,53.22187423706055
2008-07-18,53.33094024658203
2008-07-21,53.54906845092773
2008-07-22,52.3712043762207
2008-07-23,53.57088470458984
2008-07-24,53.46181106567383
2008-07-25,53.243690490722656
2008-07-28,53.35275268554688
2008-07-29,52.80745315551758
2008-07-30,53.63631439208984
2008-07-31,54.290672302246094
2008-08-01,54.53061676025391
2008-08-04,54.50879287719727
2008-08-05,58.41318130493164
2008-08-06,56.864524841308594
2008-08-07,58.1296272277832
2008-08-08,57.08266067504883
2008-08-11,59.87461471557617
2008-08-12,58.43500518798828
2008-08-13,57.16989517211914
2008-08-14,57.9333381652832
2008-08-18,56.79907989501953
2008-08-19,57.606143951416016
2008-08-20,56.7336540222168
2008-08-21,56.7336540222168
2008-08-22,55.18498229980469
2008-08-25,56.03566360473633
2008-08-26,55.643043518066406
2008-08-27,56.05747604370117
2008-08-28,55.86117172241211
2008-08-29,56.47189712524414
2008-09-01,55.79572677612305
2008-09-02,56.69003677368164
2008-09-04,56.99539566040039
2008-09-05,57.23533630371094
2008-09-08,56.71183013916016
2008-09-09,57.34440231323242
2008-09-10,56.71183013916016
2008-09-11,56.77726745605469
2008-09-12,56.929954528808594
2008-09-15,57.32257080078125
2008-09-16,53.789005279541016
2008-09-17,54.07255172729492
2008-09-18,53.11281967163086
2008-09-19,52.93832015991211
2008-09-22,52.45844650268555
2008-09-23,51.585968017578125
2008-09-24,54.26886749267578
2008-09-25,53.48362731933594
2008-09-26,52.3712043762207
2008-09-29,50.8443489074707
2008-09-30,51.62957763671875
2008-10-01,51.62957763671875
2008-10-03,51.49870681762695
2008-10-06,50.51715469360352
2008-10-07,50.75709915161133
2008-10-08,50.45171356201172
2008-10-10,41.90132141113281
2008-10-13,45.23859024047852
2008-10-14,46.176517486572266
2008-10-15,45.95839691162109
2008-10-16,44.23523712158203
2008-10-17,42.708377838134766
2008-10-20,43.58086395263672
2008-10-21,43.90805435180664
2008-10-22,44.649662017822266
2008-10-23,43.275489807128906
2008-10-24,41.37782287597656
2008-10-27,34.55059051513672
2008-10-29,41.46508026123047
2008-10-31,42.73018264770508
2008-11-03,44.60604095458984
2008-11-04,45.80571365356445
2008-11-05,45.89297103881836
2008-11-06,45.9802131652832
2008-11-07,47.005401611328125
2008-11-10,47.13627243041992
2008-11-11,49.31748580932617
2008-11-12,46.111083984375
2008-11-14,44.69329071044922
2008-11-17,42.27213668823242
2008-11-18,39.32749176025391
2008-11-19,38.36772918701172
2008-11-20,38.2586784362793
2008-11-21,37.95331573486328
2008-11-24,39.0221061706543
2008-11-25,39.52378082275391
2008-11-26,39.4365348815918
2008-11-27,39.4365348815918
2008-11-28,39.305660247802734
2008-12-01,39.72010803222656
2008-12-02,39.32749176025391
2008-12-03,39.26204299926758
2008-12-04,39.87277603149414
2008-12-05,37.97511672973633
2008-12-08,39.305660247802734
2008-12-10,40.35264587402344
2008-12-11,40.59259796142578
2008-12-12,40.54896545410156
2008-12-15,40.614402770996094
2008-12-16,41.39965057373047
2008-12-17,40.28721618652344
2008-12-18,40.76709747314453
2008-12-19,40.04727554321289
2008-12-22,40.1345329284668
2008-12-23,37.93150329589844
2008-12-24,37.10262680053711
2008-12-26,36.600955963134766
2008-12-29,37.3643798828125
2008-12-30,37.95331573486328
2008-12-31,37.64793395996094
2009-01-02,38.49861526489258
2009-01-05,39.0221061706543
2009-01-06,39.26204299926758
2009-01-07,38.1278076171875
2009-01-09,39.61104202270508
2009-01-12,39.26204299926758
2009-01-13,39.26204299926758
2009-01-14,39.28385162353516
2009-01-15,39.48016357421875
2009-01-16,39.32749176025391
2009-01-19,39.58921813964844
2009-01-20,39.91640853881836
2009-01-21,40.570777893066406
2009-01-22,40.614402770996094
2009-01-23,36.62275695800781
2009-01-27,35.7720947265625
2009-01-28,36.92812728881836
2009-01-29,38.17142868041992
2009-01-30,37.73518371582031
2009-02-02,39.58921813964844
2009-02-03,38.36772918701172
2009-02-04,38.04054641723633
2009-02-05,37.5606803894043
2009-02-06,37.66974258422852
2009-02-09,37.51706314086914
2009-02-10,37.47344207763672
2009-02-11,37.800628662109375
2009-02-12,37.71337127685547
2009-02-13,37.99692916870117
2009-02-16,37.53887176513672
2009-02-17,37.10262680053711
2009-02-18,36.88450622558594
2009-02-19,37.080814361572266
2009-02-20,37.5606803894043
2009-02-24,37.080814361572266
2009-02-25,37.47344207763672
2009-02-26,37.080814361572266
2009-02-27,36.81906509399414
2009-03-02,37.4298210144043
2009-03-03,37.64793395996094
2009-03-04,37.12445068359375
2009-03-05,36.84089279174805
2009-03-06,37.23350143432617
2009-03-09,36.16470718383789
2009-03-12,34.5942268371582
2009-03-13,35.663021087646484
2009-03-16,36.317378997802734
2009-03-17,34.85596466064453
2009-03-18,35.05228805541992
2009-03-19,35.16133117675781
2009-03-20,34.877777099609375
2009-03-23,34.76871490478516
2009-03-24,33.43817138671875
2009-03-25,33.63447570800781
2009-03-26,33.28548812866211
2009-03-27,34.812339782714844
2009-03-30,34.68147659301758
2009-03-31,34.354286193847656
2009-04-01,34.94322204589844
2009-04-02,35.92476272583008
2009-04-06,36.20832824707031
2009-04-08,37.10262680053711
2009-04-09,38.47680282592773
2009-04-13,40.941593170166016
2009-04-15,43.73355484008789
2009-04-16,41.26876068115234
2009-04-17,41.74863815307617
2009-04-20,41.35602951049805
2009-04-21,41.85770797729492
2009-04-22,41.39965057373047
2009-04-23,41.5305061340332
2009-04-24,41.879512786865234
2009-04-27,42.31575393676758
2009-04-28,43.58086395263672
2009-04-29,43.77718353271485
2009-04-30,43.668113708496094
2009-05-04,43.668113708496094
2009-05-05,43.75537109375
2009-05-06,43.71173858642578
2009-05-07,45.82753372192383
2009-05-08,43.668113708496094
2009-05-11,43.84261322021485
2009-05-12,43.64631271362305
2009-05-13,44.060733795166016
2009-05-14,44.93321990966797
2009-05-15,46.307395935058594
2009-05-18,46.307395935058594
2009-05-19,50.16815948486328
2009-05-20,52.00038909912109
2009-05-21,52.349395751953125
2009-05-22,52.61112594604492
2009-05-25,56.7336540222168
2009-05-26,53.11281967163086
2009-05-27,54.70511245727539
2009-05-28,53.54906845092773
2009-05-29,57.12626647949219
2009-06-01,57.606143951416016
2009-06-02,56.45009231567383
2009-06-03,55.31586456298828
2009-06-04,54.203426361083984
2009-06-05,55.40310287475586
2009-06-08,54.53061676025391
2009-06-09,54.53061676025391
2009-06-10,54.77054977416992
2009-06-11,54.53061676025391
2009-06-12,54.53061676025391
2009-06-15,54.79235076904297
2009-06-16,54.68331146240234
2009-06-17,54.53061676025391
2009-06-18,54.53061676025391
2009-06-19,54.77054977416992
2009-06-22,53.67993927001953
2009-06-23,55.44673156738281
2009-06-24,54.96685791015625
2009-06-25,54.50879287719727
2009-06-26,57.67156982421875
2009-06-29,55.16316223144531
2009-06-30,54.68331146240234
2009-07-01,54.290672302246094
2009-07-02,54.48698806762695
2009-07-03,54.22524642944336
2009-07-06,52.65475845336914
2009-07-07,52.56749725341797
2009-07-08,51.89132690429688
2009-07-09,49.68828582763672
2009-07-10,49.012115478515625
2009-07-13,45.28221130371094
2009-07-14,45.80571365356445
2009-07-15,48.67413330078125
2009-07-16,48.91872024536133
2009-07-17,49.58580017089844
2009-07-20,51.09783554077149
2009-07-21,53.12128448486328
2009-07-22,53.63271331787109
2009-07-23,53.52153778076172
2009-07-24,55.61170196533203
2009-07-27,55.61170196533203
2009-07-28,55.50052261352539
2009-07-29,59.70308303833008
2009-07-30,59.14717483520508
2009-07-31,58.48011016845703
2009-08-03,58.2132682800293
2009-08-04,55.878536224365234
2009-08-05,56.59006118774414
2009-08-06,56.63453674316406
2009-08-07,56.50113296508789
2009-08-10,56.47890090942383
2009-08-11,56.59006118774414
2009-08-12,56.72349166870117
2009-08-13,63.37198638916016
2009-08-14,59.81425476074219
2009-08-17,57.67962646484375
2009-08-18,57.99093627929688
2009-08-19,59.236114501953125
2009-08-20,58.2132682800293
2009-08-21,60.10332489013672
2009-08-24,61.79324722290039
2009-08-25,61.08170700073242
2009-08-26,60.2144889831543
2009-08-27,61.54865264892578
2009-08-28,61.37076568603516
2009-08-31,60.926055908203125
2009-09-01,61.1928825378418
2009-09-02,62.17126083374024
2009-09-03,62.949520111083984
2009-09-04,62.72714614868164
2009-09-07,63.3275146484375
2009-09-08,62.7493896484375
2009-09-09,63.41645431518555
2009-09-10,64.03905487060547
2009-09-11,63.30527114868164
2009-09-14,61.948917388916016
2009-09-15,61.10395431518555
2009-09-16,62.28244018554688
2009-09-17,62.39359664916992
2009-09-18,63.14961624145508
2009-09-22,62.26021194458008
2009-09-23,62.77159118652344
2009-09-24,66.618408203125
2009-09-25,68.70856475830078
2009-09-29,65.52886962890625
2009-09-30,64.4393081665039
2009-10-01,64.41707611083984
2009-10-05,64.0168228149414
2009-10-06,63.23855972290039
2009-10-07,64.26141357421875
2009-10-08,63.66104888916016
2009-10-09,63.14961624145508
2009-10-12,63.68330764770508
2009-10-13,64.26141357421875
2009-10-14,63.21635437011719
2009-10-15,67.08534240722656
2009-10-16,66.59618377685547
2009-10-20,65.57331848144531
2009-10-21,65.95134735107422
2009-10-22,64.59496307373047
2009-10-23,64.90625
2009-10-26,63.61659240722656
2009-10-27,64.72836303710938
2009-10-28,63.28304290771485
2009-10-29,62.28244018554688
2009-10-30,61.1928825378418
2009-11-03,61.37076568603516
2009-11-04,60.77040481567383
2009-11-05,62.0600700378418
2009-11-06,62.39359664916992
2009-11-09,62.949520111083984
2009-11-10,62.70490646362305
2009-11-11,63.17185974121094
2009-11-12,62.7493896484375
2009-11-13,63.17185974121094
2009-11-16,63.37198638916016
2009-11-17,63.14961624145508
2009-11-18,63.082916259765625
2009-11-19,63.21635437011719
2009-11-20,63.61659240722656
2009-11-23,63.59434127807617
2009-11-24,64.52824401855469
2009-11-25,63.97236633300781
2009-11-26,64.48377227783203
2009-11-27,65.66226196289062
2009-11-30,65.01742553710938
2009-12-01,64.95073699951172
2009-12-02,64.75061798095703
2009-12-03,64.48377227783203
2009-12-04,65.23979187011719
2009-12-07,66.30711364746094
2009-12-08,66.84076690673828
2009-12-09,69.08659362792969
2009-12-10,70.46520233154297
2009-12-11,71.15449523925781
2009-12-14,71.48804473876953
2009-12-15,70.64307403564453
2009-12-16,68.95317077636719
2009-12-17,71.37687683105469
2009-12-18,71.48804473876953
2009-12-21,71.1989974975586
2009-12-22,71.8660888671875
2009-12-23,71.71040344238281
2009-12-24,71.1989974975586
2009-12-29,69.77587127685547
2009-12-30,70.13167572021484
2009-12-31,70.17613983154297
2010-01-04,69.37565612792969
2010-01-05,71.8660888671875
2010-01-06,75.44599914550781
2010-01-07,74.73448181152344
2010-01-08,78.26996612548828
2010-01-11,77.73631286621094
2010-01-12,76.04639434814453
2010-01-13,76.3132095336914
2010-01-14,76.53555297851562
2010-01-15,76.89132690429688
2010-01-18,79.58187103271484
2010-01-19,79.95989227294922
2010-01-20,82.65040588378906
2010-01-21,84.80725860595703
2010-01-22,83.58431243896484
2010-01-25,86.40824127197266
2010-01-27,84.25138854980469
2010-01-28,83.69550323486328
2010-01-29,83.40643310546875
2010-02-01,83.7622299194336
2010-02-02,81.87215423583984
2010-02-03,80.89378356933594
2010-02-04,81.49414825439453
2010-02-05,78.9592514038086
2010-02-08,80.07105255126953
2010-02-09,79.51516723632812
2010-02-10,81.07164764404297
2010-02-11,80.5157699584961
2010-02-15,83.49537658691406
2010-02-16,82.51700592041016
2010-02-17,82.7393569946289
2010-02-18,81.9388656616211
2010-02-19,80.29341888427734
2010-02-22,80.07105255126953
2010-02-23,80.04883575439453
2010-02-24,80.20448303222656
2010-02-25,78.0920639038086
2010-02-26,79.27055358886719
2010-03-02,79.89317321777344
2010-03-03,79.69305419921875
2010-03-04,82.29462432861328
2010-03-05,81.6720199584961
2010-03-08,81.58308410644531
2010-03-09,81.02719116210938
2010-03-10,80.13774871826172
2010-03-11,79.69305419921875
2010-03-12,78.93702697753906
2010-03-15,76.89132690429688
2010-03-16,78.69244384765625
2010-03-17,77.2916030883789
2010-03-18,78.9592514038086
2010-03-19,76.62451934814453
2010-03-22,75.86849975585938
2010-03-23,75.89073181152344
2010-03-25,75.89073181152344
2010-03-26,75.86849975585938
2010-03-29,75.86849975585938
2010-03-30,75.97969055175781
2010-03-31,75.51270294189453
2010-04-01,76.29097747802734
2010-04-05,78.75914001464844
2010-04-06,78.24774932861328
2010-04-07,79.62635040283203
2010-04-08,82.62818145751953
2010-04-09,82.7838363647461
2010-04-12,82.33910369873047
2010-04-13,82.27239227294922
2010-04-15,82.53924560546875
2010-04-16,82.98394775390625
2010-04-19,80.53802490234375
2010-04-20,80.11553955078125
2010-04-21,82.82830810546875
2010-04-22,82.18346405029297
2010-04-23,82.38359069824219
2010-04-26,85.7856674194336
2010-04-27,85.27421569824219
2010-04-28,83.40643310546875
2010-04-29,85.29647827148438
2010-04-30,85.11859893798828
2010-05-03,85.54106140136719
2010-05-04,84.62940979003906
2010-05-05,84.69610595703125
2010-05-06,85.7856674194336
2010-05-07,84.49597930908203
2010-05-10,87.63123321533203
2010-05-11,86.69733428955078
2010-05-12,86.45272064208984
2010-05-13,87.3643798828125
2010-05-14,86.11921691894531
2010-05-17,85.60777282714844
2010-05-18,85.96356201171875
2010-05-19,85.36318969726562
2010-05-20,84.7405776977539
2010-05-21,86.74179077148438
2010-05-24,87.6756820678711
2010-05-25,85.00739288330078
2010-05-26,84.98516082763672
2010-05-27,84.94068145751953
2010-05-28,86.58615112304688
2010-05-31,85.18529510498047
2010-06-01,85.58553314208984
2010-06-02,86.0302734375
2010-06-03,87.89806365966797
2010-06-04,88.98763275146484
2010-06-07,87.0531005859375
2010-06-08,86.34150695800781
2010-06-09,85.83013916015625
2010-06-10,86.1636734008789
2010-06-11,86.0302734375
2010-06-14,85.98579406738281
2010-06-15,86.38602447509766
2010-06-16,88.12042236328125
2010-06-17,89.43233489990234
2010-06-18,89.27667236328125
2010-06-21,90.32173919677734
2010-06-22,92.21178436279295
2010-06-23,94.63549041748048
2010-06-24,94.4798355102539
2010-06-25,96.50330352783205
2010-06-28,98.08203887939452
2010-06-29,94.19075775146484
2010-06-30,93.56819915771484
2010-07-01,94.43538665771484
2010-07-02,94.36868286132812
2010-07-05,93.27910614013672
2010-07-06,94.39089965820312
2010-07-07,93.3458251953125
2010-07-08,94.16852569580078
2010-07-09,95.16915893554688
2010-07-12,94.4131317138672
2010-07-13,94.99127197265624
2010-07-14,97.46031188964844
2010-07-15,97.21340942382812
2010-07-16,97.32563018798828
2010-07-19,95.84422302246094
2010-07-20,94.07099151611328
2010-07-21,94.09344482421876
2010-07-22,93.50985717773438
2010-07-23,95.1708526611328
2010-07-26,94.2954330444336
2010-07-27,99.52536010742188
2010-07-28,98.60507202148438
2010-07-29,99.57024383544922
2010-07-30,95.08106231689452
2010-08-02,95.75443267822266
2010-08-03,95.50753021240234
2010-08-04,96.20336151123048
2010-08-05,94.85660552978516
2010-08-06,94.47501373291016
2010-08-09,95.82178497314452
2010-08-10,95.77686309814452
2010-08-11,94.83415222167967
2010-08-12,94.721923828125
2010-08-13,95.79933166503906
2010-08-16,97.52767181396484
2010-08-17,96.54004669189452
2010-08-18,98.44795989990234
2010-08-19,97.12361907958984
2010-08-20,96.69715881347656
2010-08-23,97.14606475830078
2010-08-24,95.75443267822266
2010-08-25,92.56710815429688
2010-08-26,92.25287628173828
2010-08-27,91.39991760253906
2010-08-30,90.90612030029295
2010-08-31,91.9610595703125
2010-09-01,93.12825012207033
2010-09-02,94.38523864746094
2010-09-03,96.92161560058594
2010-09-06,101.18635559082033
2010-09-07,102.82491302490234
2010-09-08,103.38607788085938
2010-09-09,102.82491302490234
2010-09-13,102.8922348022461
2010-09-14,102.75756072998048
2010-09-15,102.82491302490234
2010-09-16,102.8922348022461
2010-09-17,104.48591613769533
2010-09-20,103.58807373046876
2010-09-21,102.8024673461914
2010-09-22,102.82491302490234
2010-09-23,103.11670684814452
2010-09-24,102.28620910644533
2010-09-27,102.8024673461914
2010-09-28,103.29627990722656
2010-09-29,102.75756072998048
2010-09-30,102.64533233642578
2010-10-01,103.7900848388672
2010-10-04,102.93711853027344
2010-10-05,103.07184600830078
2010-10-06,105.54086303710938
2010-10-07,108.23440551757812
2010-10-08,107.06720733642578
2010-10-11,108.79554748535156
2010-10-12,107.51612091064452
2010-10-13,111.6910629272461
2010-10-14,109.49134063720705
2010-10-15,107.2467803955078
2010-10-18,104.12677764892578
2010-10-19,103.0942611694336
2010-10-20,105.54086303710938
2010-10-21,111.73596954345705
2010-10-22,110.72588348388672
2010-10-25,112.29708862304688
2010-10-26,110.18717956542967
2010-10-27,109.55870819091795
2010-10-28,114.47437286376952
2010-10-29,115.9782257080078
2010-11-01,118.33506774902344
2010-11-02,116.89851379394533
2010-11-03,118.31261444091795
2010-11-04,117.14543914794922
2010-11-08,116.35983276367188
2010-11-09,118.02081298828124
2010-11-10,116.29246520996094
2010-11-11,117.1005401611328
2010-11-12,112.11752319335938
2010-11-15,112.63379669189452
2010-11-16,112.0501937866211
2010-11-18,110.16471862792967
2010-11-19,108.00993347167967
2010-11-22,107.875244140625
2010-11-23,105.94491577148438
2010-11-24,107.1345443725586
2010-11-25,106.37136840820312
2010-11-26,105.7204360961914
2010-11-29,106.9773941040039
2010-11-30,108.9751205444336
2010-12-01,109.8504867553711
2010-12-02,109.24446105957033
2010-12-03,109.51380920410156
2010-12-06,109.58113098144533
2010-12-07,108.7506332397461
2010-12-08,109.60359954833984
2010-12-09,106.57337951660156
2010-12-10,107.5609893798828
2010-12-13,106.10202026367188
2010-12-14,111.1299057006836
2010-12-15,113.68875122070312
2010-12-16,113.10516357421876
2010-12-20,113.82343292236328
2010-12-21,114.13766479492188
2010-12-22,112.81336212158205
2010-12-23,112.6786880493164
2010-12-24,111.82573699951172
2010-12-27,112.11752319335938
2010-12-28,111.60130310058594
2010-12-29,111.8706283569336
2010-12-30,113.86833190917967
2010-12-31,113.68875122070312
2011-01-03,115.28240203857422
2011-01-04,116.27003479003906
2011-01-05,116.11292266845705
2011-01-06,114.3396987915039
2011-01-07,112.11752319335938
2011-01-10,113.15003204345705
2011-01-11,114.11522674560548
2011-01-12,113.64385223388672
2011-01-13,113.21736907958984
2011-01-14,112.6786880493164
2011-01-17,111.80329132080078
2011-01-18,109.89537048339844
2011-01-19,111.39925384521484
2011-01-20,111.8706283569336
2011-01-21,110.6136703491211
2011-01-24,112.81336212158205
2011-01-25,112.29708862304688
2011-01-27,113.21736907958984
2011-01-28,112.99292755126952
2011-01-31,107.92015075683594
2011-02-01,108.36904907226562
2011-02-02,106.50604248046876
2011-02-03,107.71810913085938
2011-02-04,110.00762939453124
2011-02-07,109.0424346923828
2011-02-08,115.25997161865234
2011-02-09,110.7707748413086
2011-02-10,108.90778350830078
2011-02-11,110.4789810180664
2011-02-14,108.44647216796876
2011-02-15,109.32722473144533
2011-02-16,110.09505462646484
2011-02-17,110.1627960205078
2011-02-18,108.71745300292967
2011-02-21,110.59188842773438
2011-02-22,110.65966033935548
2011-02-23,110.65966033935548
2011-02-24,110.54673767089844
2011-02-25,108.85296630859376
2011-02-28,108.51419830322266
2011-03-01,109.93697357177734
2011-03-03,109.75631713867188
2011-03-04,108.35611724853516
2011-03-07,107.18180084228516
2011-03-08,107.52052307128906
2011-03-09,106.75269317626952
2011-03-10,107.13660430908205
2011-03-11,105.66867065429688
2011-03-14,102.91349029541016
2011-03-15,100.38411712646484
2011-03-16,99.95502471923828
2011-03-17,99.05168151855467
2011-03-18,99.75177764892578
2011-03-21,99.81952667236328
2011-03-22,101.31005096435548
2011-03-23,102.10047912597656
2011-03-24,101.60359954833984
2011-03-25,101.94237518310548
2011-03-28,101.89722442626952
2011-03-29,101.8294448852539
2011-03-30,102.07787322998048
2011-03-31,104.06523895263672
2011-04-01,104.99114990234376
2011-04-04,108.1077117919922
2011-04-05,111.33715057373048
2011-04-06,109.41755676269533
2011-04-07,109.19170379638672
2011-04-08,109.23687744140624
2011-04-11,109.07879638671876
2011-04-13,109.55306243896484
2011-04-15,109.57562255859376
2011-04-18,111.20165252685548
2011-04-19,109.39496612548828
2011-04-20,109.75631713867188
2011-04-21,109.95955657958984
2011-04-25,109.25946807861328
2011-04-26,110.52413177490234
2011-04-27,112.12759399414062
2011-04-28,112.91800689697266
2011-04-29,112.150146484375
2011-05-02,111.40491485595705
2011-05-03,115.46996307373048
2011-05-04,114.74729919433594
2011-05-05,114.27302551269533
2011-05-06,113.34709167480467
2011-05-09,114.02462768554688
2011-05-10,114.34078979492188
2011-05-11,116.35071563720705
2011-05-12,115.6280517578125
2011-05-13,117.50247955322266
2011-05-16,117.16371154785156
2011-05-17,116.12488555908205
2011-05-18,117.47991180419922
2011-05-19,118.76716613769533
2011-05-20,118.67682647705078
2011-05-23,118.42839813232422
2011-05-24,118.54133605957033
2011-05-25,117.88639831542967
2011-05-26,118.31550598144533
2011-05-27,118.36067199707033
2011-05-30,118.33810424804688
2011-05-31,118.60909271240234
2011-06-01,118.7897491455078
2011-06-02,119.76082611083984
2011-06-03,120.14476776123048
2011-06-06,118.97042083740234
2011-06-07,120.48352813720705
2011-06-08,121.43203735351562
2011-06-09,122.04178619384766
2011-06-10,122.42567443847656
2011-06-13,121.9514617919922
2011-06-14,123.08064270019533
2011-06-15,123.41939544677734
2011-06-16,124.39049530029295
2011-06-17,125.88098907470705
2011-06-20,124.25496673583984
2011-06-21,124.27758026123048
2011-06-22,125.56485748291016
2011-06-23,126.62625885009766
2011-06-24,128.72653198242188
2011-06-27,127.37151336669922
2011-06-28,127.89093780517578
2011-06-29,129.20077514648438
2011-06-30,128.86199951171875
2011-07-01,132.2947235107422
2011-07-04,133.94329833984375
2011-07-05,133.89817810058594
2011-07-06,135.36614990234375
2011-07-07,138.93431091308594
2011-07-08,135.07254028320312
2011-07-11,139.49891662597656
2011-07-12,138.30198669433594
2011-07-13,139.0924072265625
2011-07-14,138.21165466308594
2011-07-15,136.96954345703125
2011-07-18,137.489013671875
2011-07-19,139.8828582763672
2011-07-20,138.88916015625
2011-07-21,137.87290954589844
2011-07-22,139.14170837402344
2011-07-25,139.23233032226562
2011-07-26,140.5691375732422
2011-07-27,144.5569305419922
2011-07-28,141.4755096435547
2011-07-29,139.00576782226562
2011-08-01,137.19317626953125
2011-08-02,133.99842834472656
2011-08-03,133.95310974121094
2011-08-04,132.32167053222656
2011-08-05,133.99842834472656
2011-08-08,131.7099609375
2011-08-09,127.06510925292967
2011-08-10,138.73388671875
2011-08-11,138.98313903808594
2011-08-12,137.73692321777344
2011-08-16,138.84718322753906
2011-08-17,138.48463439941406
2011-08-18,133.16009521484375
2011-08-19,129.85202026367188
2011-08-22,129.37620544433594
2011-08-23,128.9683837890625
2011-08-24,130.89430236816406
2011-08-25,131.34742736816406
2011-08-26,130.91696166992188
2011-08-29,132.91082763671875
2011-08-30,133.4319305419922
2011-09-02,135.31256103515625
2011-09-05,135.0179901123047
2011-09-06,138.07681274414062
2011-09-07,138.91514587402344
2011-09-08,138.55264282226562
2011-09-09,138.66590881347656
2011-09-12,135.9469757080078
2011-09-13,136.89857482910156
2011-09-14,139.73081970214844
2011-09-15,140.47854614257812
2011-09-16,141.7021026611328
2011-09-19,141.7247314453125
2011-09-20,142.4044647216797
2011-09-21,141.65675354003906
2011-09-22,141.15826416015625
2011-09-23,137.8955535888672
2011-09-26,133.477294921875
2011-09-27,132.88819885253906
2011-09-28,133.7265167236328
2011-09-29,133.4093017578125
2011-09-30,134.58749389648438
2011-10-03,132.7295379638672
2011-10-04,131.4154052734375
2011-10-05,131.6420135498047
2011-10-07,133.99842834472656
2011-10-10,132.6842498779297
2011-10-11,137.1705322265625
2011-10-12,141.792724609375
2011-10-13,142.83499145507812
2011-10-14,141.24893188476562
2011-10-17,141.7021026611328
2011-10-18,141.65675354003906
2011-10-19,142.1552734375
2011-10-20,141.43017578125
2011-10-21,138.98313903808594
2011-10-24,138.71119689941406
2011-10-25,140.52383422851562
2011-10-28,144.87420654296875
2011-10-31,142.9255828857422
2011-11-01,140.84107971191406
2011-11-02,142.10986328125
2011-11-03,140.29727172851562
2011-11-04,142.29119873046875
2011-11-08,152.2152862548828
2011-11-09,152.3512420654297
2011-11-11,152.3512420654297
2011-11-14,154.3451385498047
2011-11-15,152.079345703125
2011-11-16,152.80438232421875
2011-11-17,149.63233947753906
2011-11-18,147.0946502685547
2011-11-21,145.9164276123047
2011-11-22,143.15213012695312
2011-11-23,140.5691375732422
2011-11-24,143.51467895507812
2011-11-25,139.43624877929688
2011-11-28,139.34564208984375
2011-11-29,140.25192260742188
2011-11-30,139.07373046875
2011-12-01,139.98007202148438
2011-12-02,141.65675354003906
2011-12-05,141.43017578125
2011-12-07,139.25503540039062
2011-12-08,132.77491760253906
2011-12-09,133.27333068847656
2011-12-12,130.41842651367188
2011-12-13,130.01058959960938
2011-12-14,132.41238403320312
2011-12-15,130.28250122070312
2011-12-16,133.22804260253906
2011-12-19,129.33091735839844
2011-12-20,126.74787902832033
2011-12-21,126.8838119506836
2011-12-22,127.33697509765624
2011-12-23,126.15878295898438
2011-12-26,126.74787902832033
2011-12-27,127.2463607788086
2011-12-28,125.43374633789062
2011-12-29,125.47907257080078
2011-12-30,125.20716857910156
2012-01-02,121.98975372314452
2012-01-03,123.89303588867188
2012-01-04,126.8838119506836
2012-01-05,126.74787902832033
2012-01-06,126.83851623535156
2012-01-09,125.61499786376952
2012-01-10,124.11956024169922
2012-01-11,128.56053161621094
2012-01-12,127.51824951171876
2012-01-13,127.1103973388672
2012-01-16,128.7418212890625
2012-01-17,128.78707885742188
2012-01-18,130.5090789794922
2012-01-19,129.14959716796875
2012-01-20,127.6089324951172
2012-01-23,127.42761993408205
2012-01-24,128.69647216796875
2012-01-25,132.8202667236328
2012-01-27,134.22499084472656
2012-01-30,135.13128662109375
2012-01-31,133.5452423095703
2012-02-01,132.185791015625
2012-02-02,138.89251708984375
2012-02-03,140.47854614257812
2012-02-06,137.85023498535156
2012-02-07,139.6175537109375
2012-02-08,138.84718322753906
2012-02-09,140.8863525390625
2012-02-10,148.0462646484375
2012-02-13,154.0732879638672
2012-02-14,151.98867797851562
2012-02-15,153.26516723632812
2012-02-16,150.66668701171875
2012-02-17,153.49310302734375
2012-02-21,148.34170532226562
2012-02-22,145.92559814453125
2012-02-23,144.0564727783203
2012-02-24,149.2990264892578
2012-02-27,147.7490997314453
2012-02-28,148.66079711914062
2012-02-29,148.93435668945312
2012-03-01,145.10494995117188
2012-03-02,148.02261352539062
2012-03-05,143.46388244628906
2012-03-06,146.2447052001953
2012-03-07,143.50941467285156
2012-03-09,143.55502319335938
2012-03-12,141.41238403320312
2012-03-13,143.1903533935547
2012-03-14,145.10494995117188
2012-03-15,142.643310546875
2012-03-16,140.77413940429688
2012-03-19,143.46388244628906
2012-03-20,143.144775390625
2012-03-21,142.23297119140625
2012-03-22,142.46092224121094
2012-03-23,142.23297119140625
2012-03-26,139.04188537597656
2012-03-27,139.95361328125
2012-03-28,138.9962615966797
2012-03-29,141.18450927734375
2012-03-30,142.05059814453125
2012-04-02,142.643310546875
2012-04-03,147.794677734375
2012-04-04,143.281494140625
2012-04-09,141.9138946533203
2012-04-10,142.36978149414062
2012-04-11,144.10205078125
2012-04-12,142.23297119140625
2012-04-13,144.0564727783203
2012-04-16,154.67840576171875
2012-04-17,153.76661682128906
2012-04-18,148.93435668945312
2012-04-19,149.2078857421875
2012-04-20,151.71519470214844
2012-04-23,150.84902954101562
2012-04-24,149.0711212158203
2012-04-25,149.02552795410156
2012-04-26,149.52699279785156
2012-04-27,149.57260131835938
2012-04-30,150.16519165039062
2012-05-02,151.85194396972656
2012-05-03,149.0711212158203
2012-05-04,148.5240478515625
2012-05-07,144.37559509277344
2012-05-08,145.69761657714844
2012-05-09,142.09625244140625
2012-05-10,145.10494995117188
2012-05-11,141.27565002441406
2012-05-14,139.8624267578125
2012-05-15,137.30955505371094
2012-05-16,135.0757598876953
2012-05-17,135.30369567871094
2012-05-18,137.628662109375
2012-05-21,138.26687622070312
2012-05-22,138.130126953125
2012-05-23,137.58302307128906
2012-05-24,137.58302307128906
2012-05-25,136.443359375
2012-05-28,134.30076599121094
2012-05-29,134.7566680908203
2012-05-30,134.9390106201172
2012-05-31,134.7566680908203
2012-06-01,132.47723388671875
2012-06-04,130.15231323242188
2012-06-05,134.30076599121094
2012-06-06,135.03018188476562
2012-06-07,133.98162841796875
2012-06-08,134.2095947265625
2012-06-11,134.2552032470703
2012-06-12,134.30076599121094
2012-06-13,134.9390106201172
2012-06-14,135.3948516845703
2012-06-15,135.2125244140625
2012-06-18,134.84780883789062
2012-06-19,136.9904327392578
2012-06-20,134.71102905273438
2012-06-21,136.80809020996094
2012-06-22,137.49191284179688
2012-06-25,137.21836853027344
2012-06-26,137.03602600097656
2012-06-27,138.26687622070312
2012-06-28,137.8565673828125
2012-06-29,139.1331024169922
2012-07-02,140.3182830810547
2012-07-03,140.50071716308594
2012-07-04,142.23297119140625
2012-07-05,144.37559509277344
2012-07-06,144.0108642578125
2012-07-09,144.8314666748047
2012-07-10,145.87998962402344
2012-07-11,144.0108642578125
2012-07-12,146.791748046875
2012-07-13,147.0196990966797
2012-07-16,145.83438110351562
2012-07-17,142.23297119140625
2012-07-18,146.74612426757812
2012-07-19,142.36978149414062
2012-07-20,140.8653564453125
2012-07-23,140.9109344482422
2012-07-24,139.08750915527344
2012-07-25,136.9448699951172
2012-07-26,136.7153778076172
2012-07-27,134.05355834960938
2012-07-30,134.83375549316406
2012-07-31,138.87234497070312
2012-08-01,141.39645385742188
2012-08-02,137.95449829101562
2012-08-03,136.57769775390625
2012-08-06,136.1646270751953
2012-08-07,133.181640625
2012-08-08,132.44737243652344
2012-08-09,132.90631103515625
2012-08-10,134.42071533203125
2012-08-13,135.43038940429688
2012-08-14,137.22024536132812
2012-08-16,136.80712890625
2012-08-17,137.95449829101562
2012-08-21,137.40377807617188
2012-08-22,137.86270141601562
2012-08-23,139.05592346191406
2012-08-24,138.41348266601562
2012-08-27,134.69607543945312
2012-08-28,135.84339904785156
2012-08-29,134.3748016357422
2012-08-30,135.6598358154297
2012-08-31,134.46664428710938
2012-09-03,134.05355834960938
2012-09-04,135.2926483154297
2012-09-05,132.26373291015625
2012-09-06,132.1719512939453
2012-09-07,133.181640625
2012-09-10,132.86036682128906
2012-09-11,133.77821350097656
2012-09-12,135.88937377929688
2012-09-13,134.87962341308594
2012-09-14,139.97377014160156
2012-09-17,137.17430114746094
2012-09-18,134.00762939453125
2012-09-20,130.978759765625
2012-09-21,134.51254272460938
2012-09-24,134.55838012695312
2012-09-25,134.97142028808594
2012-09-26,138.27569580078125
2012-09-27,141.07521057128906
2012-09-28,146.99542236328125
2012-10-01,146.99542236328125
2012-10-03,147.0872039794922
2012-10-04,143.8746795654297
2012-10-05,140.79986572265625
2012-10-08,140.24913024902344
2012-10-09,141.8094940185547
2012-10-10,140.06561279296875
2012-10-11,146.35296630859375
2012-10-12,145.0679168701172
2012-10-15,145.29737854003906
2012-10-16,145.25146484375
2012-10-17,145.93988037109375
2012-10-18,146.12342834472656
2012-10-19,144.19595336914062
2012-10-22,143.186279296875
2012-10-23,143.27809143066406
2012-10-25,143.8746795654297
2012-10-29,145.02200317382812
2012-10-30,144.70074462890625
2012-10-31,140.43270874023438
2012-11-01,138.59701538085938
2012-11-02,139.7902374267578
2012-11-05,138.6428680419922
2012-11-06,139.6066131591797
2012-11-07,139.14772033691406
2012-11-08,138.1839599609375
2012-11-09,138.73468017578125
2012-11-12,137.6791229248047
2012-11-15,137.7250518798828
2012-11-16,137.03665161132812
2012-11-19,138.41348266601562
2012-11-20,137.95449829101562
2012-11-21,134.92556762695312
2012-11-22,135.01736450195312
2012-11-23,136.99073791503906
2012-11-26,136.66944885253906
2012-11-27,137.31199645996094
2012-11-29,137.49560546875
2012-11-30,137.86270141601562
2012-12-03,136.7153778076172
2012-12-04,137.54147338867188
2012-12-05,137.6791229248047
2012-12-06,136.94482421875
2012-12-07,139.51486206054688
2012-12-10,137.90863037109375
2012-12-11,140.24913024902344
2012-12-12,141.3505401611328
2012-12-13,143.186279296875
2012-12-14,140.4785614013672
2012-12-17,137.6332244873047
2012-12-18,136.99073791503906
2012-12-19,138.1839599609375
2012-12-20,136.6236114501953
2012-12-21,137.03665161132812
2012-12-24,137.8168182373047
2012-12-26,137.40377807617188
2012-12-27,137.90863037109375
2012-12-28,138.6428680419922
2012-12-31,137.22024536132812
2013-01-01,136.66944885253906
2013-01-02,135.88937377929688
2013-01-03,135.61392211914062
2013-01-04,135.3385467529297
2013-01-07,134.19126892089844
2013-01-08,135.5680389404297
2013-01-09,134.78787231445312
2013-01-10,134.78787231445312
2013-01-11,134.00762939453125
2013-01-14,133.6405792236328
2013-01-15,135.93521118164062
2013-01-16,138.3216094970703
2013-01-17,136.1646270751953
2013-01-18,135.063232421875
2013-01-21,134.05355834960938
2013-01-22,133.1356964111328
2013-01-23,133.68643188476562
2013-01-24,134.00762939453125
2013-01-25,133.6405792236328
2013-01-28,135.52212524414062
2013-01-29,135.6598358154297
2013-01-30,134.28306579589844
2013-01-31,136.57769775390625
2013-02-01,135.3844757080078
2013-02-04,136.1646270751953
2013-02-05,136.1646270751953
2013-02-06,133.08982849121094
2013-02-07,120.19386291503906
2013-02-08,122.02959442138672
2013-02-11,120.51513671875
2013-02-12,121.29530334472656
2013-02-13,121.61653137207033
2013-02-14,123.87383270263672
2013-02-15,118.02334594726562
2013-02-18,120.09635162353516
2013-02-19,122.4457778930664
2013-02-20,123.59742736816406
2013-02-21,123.45922088623048
2013-02-22,125.854736328125
2013-02-25,122.9985580444336
2013-02-26,122.9985580444336
2013-02-27,121.5705108642578
2013-02-28,121.66265869140624
2013-03-01,123.45922088623048
2013-03-04,123.64352416992188
2013-03-05,120.28064727783205
2013-03-06,119.77389526367188
2013-03-07,119.77389526367188
2013-03-08,119.77389526367188
2013-03-11,121.66265869140624
2013-03-12,119.81995391845705
2013-03-13,119.77389526367188
2013-03-14,118.99075317382812
2013-03-15,117.14806365966795
2013-03-18,117.47055053710938
2013-03-19,115.48967742919922
2013-03-20,114.10765075683594
2013-03-21,109.31670379638672
2013-03-22,113.32451629638672
2013-03-25,109.54703521728516
2013-03-26,109.50096893310548
2013-03-28,109.13243103027344
2013-04-01,108.44143676757812
2013-04-02,109.73131561279295
2013-04-03,107.52011108398438
2013-04-04,106.50662994384766
2013-04-05,107.05943298339844
2013-04-08,108.6717758178711
2013-04-09,108.8099594116211
2013-04-10,109.45491027832033
2013-04-11,109.27062225341795
2013-04-12,108.02684020996094
2013-04-15,109.9616470336914
2013-04-16,110.56048583984376
2013-04-17,110.60658264160156
2013-04-18,117.37841033935548
2013-04-22,119.8660125732422
2013-04-23,121.10980987548828
2013-04-25,117.0098876953125
2013-04-26,119.77389526367188
2013-04-29,120.64915466308594
2013-04-30,113.18634796142578
2013-05-02,116.50312042236328
2013-05-03,115.67394256591795
2013-05-06,115.90428161621094
2013-05-07,114.6143798828125
2013-05-08,115.1671905517578
2013-05-09,116.04248046875
2013-05-10,115.67394256591795
2013-05-13,115.39752960205078
2013-05-14,115.1671905517578
2013-05-15,115.62786102294922
2013-05-16,115.62786102294922
2013-05-17,117.14806365966795
2013-05-20,118.8525390625
2013-05-21,118.11549377441406
2013-05-22,117.65480041503906
2013-05-23,119.6817398071289
2013-05-24,119.72783660888672
2013-05-27,121.8469009399414
2013-05-28,120.23455047607422
2013-05-29,119.77389526367188
2013-05-30,117.1020050048828
2013-05-31,117.05594635009766
2013-06-03,119.0828857421875
2013-06-04,116.2728042602539
2013-06-05,119.3132095336914
2013-06-06,119.03682708740234
2013-06-07,118.66828155517578
2013-06-10,118.66828155517578
2013-06-11,114.10765075683594
2013-06-12,113.4166488647461
2013-06-13,110.74479675292967
2013-06-14,107.47403717041016
2013-06-17,105.72348022460938
2013-06-18,104.61788940429688
2013-06-19,103.558349609375
2013-06-20,103.23590087890624
2013-06-21,101.0246810913086
2013-06-24,99.2741241455078
2013-06-25,98.58312225341795
2013-06-26,97.56966400146484
2013-06-27,97.06292724609376
2013-06-28,100.37970733642578
2013-07-01,97.7539291381836
2013-07-02,98.03033447265624
2013-07-03,97.52359008789062
2013-07-04,97.66178894042967
2013-07-05,97.66178894042967
2013-07-08,99.3662567138672
2013-07-09,99.3662567138672
2013-07-10,98.214599609375
2013-07-11,97.20113372802734
2013-07-12,97.56966400146484
2013-07-15,102.31454467773438
2013-07-16,102.13025665283205
2013-07-17,102.59406280517578
2013-07-18,103.197021484375
2013-07-19,103.9854965209961
2013-07-22,104.0782470703125
2013-07-23,106.02626037597656
2013-07-24,105.65519714355467
2013-07-25,103.38256072998048
2013-07-26,104.72757720947266
2013-07-29,99.71846771240234
2013-07-30,98.5125732421875
2013-07-31,96.56458282470705
2013-08-01,95.26593017578124
2013-08-02,97.12113189697266
2013-08-05,95.86888122558594
2013-08-06,95.54421997070312
2013-08-07,95.08038330078124
2013-08-08,95.3123016357422
2013-08-12,95.08038330078124
2013-08-13,97.7240982055664
2013-08-14,95.86888122558594
2013-08-16,94.6629867553711
2013-08-19,94.24557495117188
2013-08-20,94.6629867553711
2013-08-21,93.6426010131836
2013-08-22,94.0136489868164
2013-08-23,96.65733337402344
2013-08-26,98.7908706665039
2013-08-27,95.03401947021484
2013-08-28,94.57020568847656
2013-08-29,93.22518157958984
2013-08-30,93.1324234008789
2013-09-02,94.0600357055664
2013-09-03,93.31793212890624
2013-09-04,95.12679290771484
2013-09-05,95.08038330078124
2013-09-06,97.12113189697266
2013-09-10,98.6981201171875
2013-09-11,97.95599365234376
2013-09-12,98.5125732421875
2013-09-13,97.39944458007812
2013-09-16,94.80213165283205
2013-09-17,94.47744750976562
2013-09-18,94.6629867553711
2013-09-19,97.39944458007812
2013-09-20,95.4978256225586
2013-09-23,96.79650115966795
2013-09-24,94.33831787109376
2013-09-25,94.15279388427734
2013-09-26,95.08038330078124
2013-09-27,95.59059143066406
2013-09-30,96.47183990478516
2013-10-01,98.00238800048828
2013-10-03,99.62571716308594
2013-10-04,104.49569702148438
2013-10-07,103.10425567626952
2013-10-08,103.24341583251952
2013-10-09,103.01150512695312
2013-10-10,104.0782470703125
2013-10-11,104.40292358398438
2013-10-14,103.89274597167967
2013-10-15,104.3565444946289
2013-10-17,103.24341583251952
2013-10-18,104.91312408447266
2013-10-21,105.05226135253906
2013-10-22,105.2841567993164
2013-10-23,106.11900329589844
2013-10-24,109.22650146484376
2013-10-25,106.39727020263672
2013-10-28,105.05226135253906
2013-10-29,107.3249053955078
2013-10-30,106.62921142578124
2013-10-31,104.0782470703125
2013-11-01,106.72195434570312
2013-11-05,109.45842742919922
2013-11-06,106.62921142578124
2013-11-07,106.67559814453124
2013-11-08,107.60318756103516
2013-11-11,107.04662322998048
2013-11-12,106.72195434570312
2013-11-13,106.2581558227539
2013-11-14,106.72195434570312
2013-11-18,106.67559814453124
2013-11-19,107.09300231933594
2013-11-20,107.23213958740234
2013-11-21,108.62356567382812
2013-11-22,109.0873794555664
2013-11-25,108.99462127685548
2013-11-26,109.31928253173828
2013-11-27,122.58416748046876
2013-11-28,131.44288635253906
2013-11-29,132.8342742919922
2013-12-02,127.12947845458984
2013-12-03,123.32625579833984
2013-12-04,125.73802947998048
2013-12-05,125.0887222290039
2013-12-06,125.78443145751952
2013-12-09,127.26859283447266
2013-12-10,126.4337158203125
2013-12-11,126.10906219482422
2013-12-12,128.05709838867188
2013-12-13,129.91232299804688
2013-12-16,129.95867919921875
2013-12-17,130.2369384765625
2013-12-18,129.95867919921875
2013-12-19,129.95867919921875
2013-12-20,129.95867919921875
2013-12-23,131.67474365234375
2013-12-24,131.44288635253906
2013-12-26,134.4112091064453
2013-12-27,136.45199584960938
2013-12-30,134.6894989013672
2013-12-31,136.73025512695312
2014-01-01,137.37962341308594
2014-01-02,132.4633026123047
2014-01-03,134.45758056640625
2014-01-06,137.84341430664062
2014-01-07,139.14205932617188
2014-01-08,142.15682983398438
2014-01-09,140.57986450195312
2014-01-10,137.56515502929688
2014-01-13,136.0809326171875
2014-01-14,133.43724060058594
2014-01-15,133.62274169921875
2014-01-16,130.88626098632812
2014-01-17,132.09217834472656
2014-01-20,131.81387329101562
2014-01-21,130.5616455078125
2014-01-22,129.86595153808594
2014-01-23,130.00503540039062
2014-01-24,130.7935791015625
2014-01-27,126.4337158203125
2014-01-28,128.24258422851562
2014-01-29,126.24820709228516
2014-01-30,128.66001892089844
2014-01-31,126.89755249023438
2014-02-03,120.68254089355467
2014-02-04,120.58979034423828
2014-02-05,120.58979034423828
2014-02-06,119.43026733398438
2014-02-07,119.3838882446289
2014-02-10,120.5434112548828
2014-02-11,123.10916900634766
2014-02-12,122.22282409667967
2014-02-13,120.49674224853516
2014-02-14,121.28981018066406
2014-02-17,120.21686553955078
2014-02-18,121.84960174560548
2014-02-19,121.1498565673828
2014-02-20,120.3568115234375
2014-02-21,121.75631713867188
2014-02-24,120.96324920654295
2014-02-25,121.9895477294922
2014-02-26,122.87589263916016
2014-02-28,121.6163558959961
2014-03-03,122.22282409667967
2014-03-04,118.44416046142578
2014-03-05,120.49674224853516
2014-03-06,124.55530548095705
2014-03-07,130.94631958007812
2014-03-10,127.35431671142578
2014-03-11,128.8004608154297
2014-03-12,131.5061798095703
2014-03-13,126.18806457519533
2014-03-14,125.2083969116211
2014-03-18,122.5493621826172
2014-03-19,121.89624786376952
2014-03-20,123.10916900634766
2014-03-21,128.75379943847656
2014-03-24,127.4009246826172
2014-03-25,126.88780975341795
2014-03-26,130.0133514404297
2014-03-27,138.64358520507812
2014-03-28,136.5909423828125
2014-03-31,136.777587890625
2014-04-01,140.8827667236328
2014-04-02,142.46890258789062
2014-04-03,138.92343139648438
2014-04-04,133.74537658691406
2014-04-07,132.3458251953125
2014-04-09,133.97857666015625
2014-04-10,137.01084899902344
2014-04-11,134.53839111328125
2014-04-15,134.2584686279297
2014-04-16,129.64013671875
2014-04-17,134.35179138183594
2014-04-21,131.5061798095703
2014-04-22,131.03964233398438
2014-04-23,130.05996704101562
2014-04-24,130.05996704101562
2014-04-25,129.7800750732422
2014-04-28,130.8997039794922
2014-04-29,131.64605712890625
2014-04-30,130.29322814941406
2014-05-02,132.29920959472656
2014-05-05,131.13296508789062
2014-05-06,139.3899688720703
2014-05-07,136.5909423828125
2014-05-08,134.95822143554688
2014-05-09,135.4713592529297
2014-05-12,131.03964233398438
2014-05-13,131.6927490234375
2014-05-14,134.35179138183594
2014-05-15,133.13890075683594
2014-05-16,133.2322540283203
2014-05-19,151.05242919921875
2014-05-20,167.7997589111328
2014-05-21,169.10598754882812
2014-05-22,165.74716186523438
2014-05-23,165.3739776611328
2014-05-26,159.40280151367188
2014-05-27,157.8633575439453
2014-05-28,153.1517333984375
2014-05-29,153.57159423828125
2014-05-30,153.80484008789062
2014-06-02,155.99732971191406
2014-06-03,156.88369750976562
2014-06-04,162.5749969482422
2014-06-05,165.1873779296875
2014-06-06,168.91940307617188
2014-06-09,177.8761444091797
2014-06-10,178.01611328125
2014-06-11,176.29006958007812
2014-06-12,167.0533905029297
2014-06-13,162.9015655517578
2014-06-16,159.40280151367188
2014-06-17,165.3273162841797
2014-06-18,165.0007781982422
2014-06-19,166.72683715820312
2014-06-20,158.28321838378906
2014-06-23,158.37649536132812
2014-06-24,156.6504669189453
2014-06-25,154.50453186035156
2014-06-26,153.99142456054688
2014-06-27,156.9303436279297
2014-06-30,161.1288299560547
2014-07-01,157.07032775878906
2014-07-02,158.00328063964844
2014-07-03,158.1432342529297
2014-07-04,172.74468994140625
2014-07-07,177.45632934570312
2014-07-08,169.71243286132812
2014-07-09,169.38587951660156
2014-07-10,165.70053100585938
2014-07-11,159.96258544921875
2014-07-14,159.1229248046875
2014-07-15,159.542724609375
2014-07-16,164.30105590820312
2014-07-17,168.55824279785156
2014-07-18,166.546630859375
2014-07-21,167.71617126464844
2014-07-22,168.37112426757812
2014-07-23,166.21913146972656
2014-07-24,168.51145935058594
2014-07-25,162.61683654785156
2014-07-28,160.27767944335938
2014-07-30,155.88015747070312
2014-07-31,159.29522705078125
2014-08-01,156.95614624023438
2014-08-04,157.47076416015625
2014-08-05,165.75131225585938
2014-08-06,161.9150848388672
2014-08-07,172.8155059814453
2014-08-08,166.64016723632812
2014-08-11,171.2716522216797
2014-08-12,169.26002502441406
2014-08-13,170.9441375732422
2014-08-14,175.38853454589844
2014-08-18,179.59898376464844
2014-08-19,177.82122802734375
2014-08-20,180.95567321777344
2014-08-21,182.17205810546875
2014-08-22,180.11358642578125
2014-08-25,176.5581512451172
2014-08-26,172.58155822753906
2014-08-27,172.95584106445312
2014-08-28,173.56399536132812
2014-09-01,169.86817932128906
2014-09-02,176.9791717529297
2014-09-03,181.65744018554688
2014-09-04,188.44093322753903
2014-09-05,186.6163787841797
2014-09-08,186.19537353515625
2014-09-09,186.8035125732422
2014-09-10,184.0901794433593
2014-09-11,189.7040557861328
2014-09-12,201.35299682617188
2014-09-15,198.2652740478516
2014-09-16,186.5696258544922
2014-09-17,190.031494140625
2014-09-18,197.37648010253903
2014-09-19,194.1952362060547
2014-09-22,197.5635528564453
2014-09-23,197.04893493652344
2014-09-24,195.45831298828125
2014-09-25,188.1134490966797
2014-09-26,188.8152008056641
2014-09-29,188.1134490966797
2014-09-30,186.10177612304688
2014-10-01,183.622314453125
2014-10-07,179.55221557617188
2014-10-08,181.9849090576172
2014-10-09,185.9146728515625
2014-10-10,181.75100708007807
2014-10-13,179.55221557617188
2014-10-14,178.5697479248047
2014-10-15,178.5697479248047
2014-10-16,180.2071533203125
2014-10-17,176.74526977539062
2014-10-20,175.99671936035156
2014-10-21,177.49378967285156
2014-10-22,180.25393676757807
2014-10-27,182.73342895507807
2014-10-28,180.8153076171875
2014-10-29,182.405990600586
2014-10-30,181.75100708007807
2014-10-31,179.87969970703125
2014-11-03,177.02597045898438
2014-11-05,169.3067626953125
2014-11-07,166.9676055908203
2014-11-10,160.23094177246094
2014-11-11,162.0554656982422
2014-11-12,167.95005798339844
2014-11-13,161.07301330566406
2014-11-14,161.1197967529297
2014-11-17,158.96778869628906
2014-11-18,169.54067993164062
2014-11-19,163.7864227294922
2014-11-20,163.13145446777344
2014-11-21,162.94435119628906
2014-11-24,162.71041870117188
2014-11-25,160.69876098632812
2014-11-26,163.41213989257812
2014-11-27,160.32452392578125
2014-11-28,161.6343994140625
2014-12-01,160.3712615966797
2014-12-02,158.4064178466797
2014-12-03,163.27182006835938
2014-12-04,163.318603515625
2014-12-05,173.09620666503906
2014-12-08,166.26593017578125
2014-12-09,162.47650146484375
2014-12-10,162.8507537841797
2014-12-11,164.48812866210938
2014-12-12,161.86830139160156
2014-12-15,161.77471923828125
2014-12-16,158.78060913085938
2014-12-17,162.33615112304688
2014-12-18,159.48239135742188
2014-12-19,159.76309204101562
2014-12-22,159.10812377929688
2014-12-23,156.67544555664062
2014-12-24,157.51751708984375
2014-12-26,160.3712615966797
2014-12-29,162.6636199951172
2014-12-30,162.61683654785156
2014-12-31,167.34190368652344
2015-01-01,169.35354614257812
2015-01-02,170.38279724121094
2015-01-05,167.29513549804688
2015-01-06,166.03199768066406
2015-01-07,162.61683654785156
2015-01-08,166.35946655273438
2015-01-09,168.23080444335938
2015-01-12,164.95596313476562
2015-01-13,163.22503662109375
2015-01-14,162.8507537841797
2015-01-15,162.52328491210938
2015-01-16,156.44154357910156
2015-01-19,157.9385528564453
2015-01-20,163.83323669433594
2015-01-21,163.8799591064453
2015-01-22,164.58172607421875
2015-01-23,164.02032470703125
2015-01-27,165.04957580566406
2015-01-28,163.7864227294922
2015-01-29,164.20745849609375
2015-01-30,167.43548583984375
2015-02-02,168.69863891601562
2015-02-03,176.32415771484375
2015-02-04,172.9090576171875
2015-02-05,173.14295959472656
2015-02-06,173.14295959472656
2015-02-09,173.80056762695312
2015-02-10,174.92791748046875
2015-02-11,173.94151306152344
2015-02-12,174.78701782226562
2015-02-13,173.80056762695312
2015-02-16,173.84754943847656
2015-02-18,176.2432098388672
2015-02-19,174.4112548828125
2015-02-20,174.64610290527344
2015-02-23,174.5521697998047
2015-02-24,175.06886291503906
2015-02-25,173.80056762695312
2015-02-26,173.80056762695312
2015-02-27,173.80056762695312
2015-03-02,173.94151306152344
2015-03-03,173.80056762695312
2015-03-04,173.80056762695312
2015-03-05,173.80056762695312
2015-03-09,173.84754943847656
2015-03-10,171.17007446289062
2015-03-11,173.80056762695312
2015-03-12,183.85284423828125
2015-03-13,177.08871459960938
2015-03-16,178.685791015625
2015-03-17,177.04173278808594
2015-03-18,174.03541564941406
2015-03-19,173.80056762695312
2015-03-20,173.80056762695312
2015-03-23,173.80056762695312
2015-03-24,173.80056762695312
2015-03-25,173.80056762695312
2015-03-26,173.89451599121094
2015-03-27,173.80056762695312
2015-03-30,174.08241271972656
2015-03-31,178.685791015625
2015-04-01,178.4979248046875
2015-04-06,174.8340301513672
2015-04-07,174.9748992919922
2015-04-08,174.92791748046875
2015-04-09,175.49163818359375
2015-04-10,174.17636108398438
2015-04-13,169.85488891601562
2015-04-15,169.10325622558594
2015-04-16,172.62625122070312
2015-04-17,171.87469482421875
2015-04-20,169.85488891601562
2015-04-21,170.9822235107422
2015-04-22,170.0897674560547
2015-04-23,171.02915954589844
2015-04-24,169.10325622558594
2015-04-27,169.197265625
2015-04-28,169.197265625
2015-04-29,169.15025329589844
2015-04-30,169.38514709472656
2015-05-04,170.7943572998047
2015-05-05,174.59912109375
2015-05-06,169.0093231201172
2015-05-07,165.8621063232422
2015-05-08,164.54689025878906
2015-05-11,164.54689025878906
2015-05-12,160.64810180664062
2015-05-13,162.57400512695312
2015-05-14,159.755615234375
2015-05-15,160.60113525390625
2015-05-18,159.99049377441406
2015-05-19,161.54058837890625
2015-05-20,162.9497833251953
2015-05-21,160.64810180664062
2015-05-22,158.67526245117188
2015-05-25,156.4674530029297
2015-05-26,155.85687255859375
2015-05-27,155.52806091308594
2015-05-28,153.69613647460938
2015-05-29,151.44139099121094
2015-06-01,152.380859375
2015-06-02,150.12611389160156
2015-06-03,145.33485412597656
2015-06-04,143.17408752441406
2015-06-05,146.69708251953125
2015-06-08,150.2200927734375
2015-06-09,151.8641357421875
2015-06-10,151.0186309814453
2015-06-11,154.35369873046875
2015-06-12,154.07188415527344
2015-06-15,150.92466735839844
2015-06-16,152.28695678710938
2015-06-17,155.0113067626953
2015-06-18,158.48736572265625
2015-06-19,152.3338623046875
2015-06-22,154.02488708496094
2015-06-23,151.8641357421875
2015-06-24,154.07188415527344
2015-06-25,152.66270446777344
2015-06-26,155.9977569580078
2015-06-29,152.5687255859375
2015-06-30,157.92367553710938
2015-07-01,162.01034545898438
2015-07-02,158.4403839111328
2015-07-03,157.9706573486328
2015-07-06,157.31301879882812
2015-07-07,156.04473876953125
2015-07-08,155.0113067626953
2015-07-09,158.39341735839844
2015-07-10,155.52806091308594
2015-07-13,154.1188507080078
2015-07-14,157.50094604492188
2015-07-15,158.581298828125
2015-07-16,160.78904724121094
2015-07-17,159.0980224609375
2015-07-20,160.78904724121094
2015-07-21,159.23435974121094
2015-07-22,160.9774932861328
2015-07-23,164.51077270507812
2015-07-24,164.65211486816406
2015-07-27,162.95611572265625
2015-07-28,160.27084350585938
2015-07-29,162.06101989746094
2015-07-30,170.11700439453125
2015-07-31,173.22628784179688
2015-08-03,171.67161560058594
2015-08-04,172.4254150390625
2015-08-05,176.90089416503906
2015-08-06,182.78976440429688
2015-08-07,178.17291259765625
2015-08-10,176.71246337890625
2015-08-11,168.18539428710938
2015-08-12,165.73565673828125
2015-08-13,164.4636688232422
2015-08-14,162.4849853515625
2015-08-17,163.0974578857422
2015-08-18,163.47433471679688
2015-08-19,161.82545471191406
2015-08-20,163.33297729492188
2015-08-21,161.40147399902344
2015-08-24,158.9517059326172
2015-08-25,159.98817443847656
2015-08-26,159.46994018554688
2015-08-27,161.6370086669922
2015-08-28,160.8361053466797
2015-08-31,160.31790161132812
2015-09-01,158.29220581054688
2015-09-02,158.57484436035156
2015-09-03,159.28150939941406
2015-09-04,158.52772521972656
2015-09-07,155.1828155517578
2015-09-08,154.52330017089844
2015-09-09,154.6646270751953
2015-09-10,153.48684692382812
2015-09-11,155.13572692871094
2015-09-14,156.50193786621094
2015-09-15,154.05218505859375
2015-09-16,156.0779266357422
2015-09-18,157.11436462402344
2015-09-21,155.7010498046875
2015-09-22,153.2512969970703
2015-09-23,152.1206512451172
2015-09-24,152.49755859375
2015-09-28,147.78648376464844
2015-09-29,151.7437744140625
2015-09-30,150.37759399414062
2015-10-01,148.77577209472656
2015-10-05,151.13134765625
2015-10-06,149.43531799316406
2015-10-07,150.04776000976562
2015-10-08,151.5082244873047
2015-10-09,153.1571044921875
2015-10-12,161.35440063476562
2015-10-13,168.4680633544922
2015-10-14,165.26454162597656
2015-10-15,164.22811889648438
2015-10-16,163.94546508789062
2015-10-19,161.91969299316406
2015-10-20,162.2494659423828
2015-10-21,164.8876495361328
2015-10-23,166.34811401367188
2015-10-26,165.8299102783203
2015-10-27,164.69918823242188
2015-10-28,165.5943603515625
2015-10-29,165.8299102783203
2015-10-30,165.35874938964844
2015-11-02,168.98629760742188
2015-11-03,168.04412841796875
2015-11-04,166.44232177734375
2015-11-05,167.2903594970703
2015-11-06,165.1232452392578
2015-11-09,164.9818878173828
2015-11-10,165.40591430664062
2015-11-13,164.65211486816406
2015-11-16,165.6414337158203
2015-11-17,164.9818878173828
2015-11-18,165.54718017578125
2015-11-19,164.9347686767578
2015-11-20,164.9347686767578
2015-11-23,165.8769989013672
2015-11-24,164.8876495361328
2015-11-26,164.9347686767578
2015-11-27,164.9818878173828
2015-11-30,166.7720947265625
2015-12-01,172.14273071289062
2015-12-02,173.55606079101562
2015-12-03,167.1490020751953
2015-12-04,166.81918334960938
2015-12-07,171.5302734375
2015-12-08,171.4832000732422
2015-12-09,169.74005126953125
2015-12-10,169.5987548828125
2015-12-11,177.79598999023438
2015-12-14,175.34628295898438
2015-12-15,172.51962280273438
2015-12-16,171.95428466796875
2015-12-17,173.69737243652344
2015-12-18,172.37828063964844
2015-12-21,171.2476348876953
2015-12-22,171.67161560058594
2015-12-23,172.0485076904297
2015-12-24,172.0014190673828
2015-12-28,171.62452697753906
2015-12-29,171.4832000732422
2015-12-30,173.3675994873047
2015-12-31,173.3675994873047
2016-01-01,175.15782165527344
2016-01-04,173.41473388671875
2016-01-05,174.12135314941406
2016-01-06,176.6653594970703
2016-01-07,176.1942596435547
2016-01-08,175.393310546875
2016-01-11,172.66091918945312
2016-01-12,177.56048583984375
2016-01-13,174.7809295654297
2016-01-14,176.90089416503906
2016-01-15,173.41473388671875
2016-01-18,167.7143096923828
2016-01-19,168.4680633544922
2016-01-20,169.45742797851562
2016-01-21,169.5987548828125
2016-01-22,169.5987548828125
2016-01-25,162.01390075683594
2016-01-27,159.5641632080078
2016-01-28,159.98817443847656
2016-01-29,162.5321502685547
2016-02-01,162.72056579589844
2016-02-02,163.1917266845703
2016-02-03,161.21299743652344
2016-02-04,164.13389587402344
2016-02-05,170.63516235351562
2016-02-08,163.80413818359375
2016-02-09,163.7570037841797
2016-02-10,160.78903198242188
2016-02-11,155.1828155517578
2016-02-12,160.03529357910156
2016-02-15,159.46994018554688
2016-02-16,158.0481719970703
2016-02-17,157.71646118164062
2016-02-18,157.00558471679688
2016-02-19,158.7590789794922
2016-02-22,156.81607055664062
2016-02-23,156.3895263671875
2016-02-24,156.3895263671875
2016-02-25,159.517333984375
2016-02-26,160.1334228515625
2016-02-29,160.18077087402344
2016-03-01,159.6121063232422
2016-03-02,161.41297912597656
2016-03-03,165.7255096435547
2016-03-04,171.98109436035156
2016-03-08,166.81553649902344
2016-03-09,165.39373779296875
2016-03-10,166.24681091308594
2016-03-11,167.62118530273438
2016-03-14,164.7303009033203
2016-03-15,165.63075256347656
2016-03-16,164.96726989746094
2016-03-17,165.44256591796875
2016-03-18,164.2543487548828
2016-03-21,164.44442749023438
2016-03-22,163.06617736816406
2016-03-23,164.8721923828125
2016-03-28,164.44442749023438
2016-03-29,163.3037872314453
2016-03-30,166.96339416503906
2016-03-31,166.7733154296875
2016-04-01,162.78097534179688
2016-04-04,163.5889892578125
2016-04-05,161.59280395507812
2016-04-06,162.5433807373047
2016-04-07,163.49391174316406
2016-04-08,164.4920196533203
2016-04-11,163.01866149902344
2016-04-12,165.4900665283203
2016-04-13,173.3795623779297
2016-04-18,181.31668090820312
2016-04-20,183.2652740478516
2016-04-21,191.01220703125
2016-04-22,186.829818725586
2016-04-25,182.6474151611328
2016-04-26,184.31089782714844
2016-04-27,184.7386169433593
2016-04-28,182.98013305664065
2016-04-29,184.6910858154297
2016-05-02,183.02764892578125
2016-05-03,183.2177734375
2016-05-04,181.6018524169922
2016-05-05,192.05780029296875
2016-05-06,189.87155151367188
2016-05-09,204.31983947753903
2016-05-10,201.4207000732422
2016-05-11,206.3160095214844
2016-05-12,208.5973052978516
2016-05-13,209.6429138183593
2016-05-16,206.7912750244141
2016-05-17,207.1239471435547
2016-05-18,204.6050567626953
2016-05-19,200.4226226806641
2016-05-20,200.08995056152344
2016-05-23,200.56521606445312
2016-05-24,199.6621551513672
2016-05-25,201.3731842041016
2016-05-26,201.9434967041016
2016-05-27,205.8883056640625
2016-05-30,212.5896453857422
2016-05-31,214.34811401367188
2016-06-01,213.9679107666016
2016-06-02,212.5896453857422
2016-06-03,210.73605346679688
2016-06-06,210.49842834472656
2016-06-07,213.7302703857422
2016-06-08,212.3995056152344
2016-06-09,208.5023193359375
2016-06-10,210.1182098388672
2016-06-13,205.2704315185547
2016-06-14,206.8388061523437
2016-06-15,208.9775238037109
2016-06-16,207.78936767578125
2016-06-17,204.79513549804688
2016-06-20,202.79901123046875
2016-06-21,202.32373046875
2016-06-22,205.8883056640625
2016-06-23,209.0250396728516
2016-06-24,206.2684936523437
2016-06-27,211.9242248535156
2016-06-28,215.4412841796875
2016-06-29,227.08546447753903
2016-06-30,227.27557373046875
2016-07-01,229.65196228027344
2016-07-04,236.0205993652344
2016-07-05,231.6005249023437
2016-07-07,223.9961700439453
2016-07-08,222.9981384277344
2016-07-11,224.2337951660156
2016-07-12,222.90304565429688
2016-07-13,229.0815887451172
2016-07-14,238.9672698974609
2016-07-15,232.59860229492188
2016-07-18,235.45022583007807
2016-07-19,234.26206970214844
2016-07-20,234.64230346679688
2016-07-21,233.64422607421875
2016-07-22,235.5453186035156
2016-07-25,244.2427978515625
2016-07-26,241.43869018554688
2016-07-27,240.15545654296875
2016-07-28,237.7315673828125
2016-07-29,242.9120635986328
2016-08-01,246.1439208984375
2016-08-02,247.04690551757807
2016-08-03,243.6725006103516
2016-08-04,239.9653167724609
2016-08-05,243.2447509765625
2016-08-08,253.79579162597656
2016-08-09,248.1875457763672
2016-08-10,245.5260162353516
2016-08-11,247.807357788086
2016-08-12,253.463134765625
2016-08-16,253.79579162597656
2016-08-17,253.17791748046875
2016-08-18,253.2254638671875
2016-08-19,267.1510009765625
2016-08-22,261.5902404785156
2016-08-23,258.8811950683594
2016-08-24,262.6833801269531
2016-08-25,261.9704895019531
2016-08-26,259.4040222167969
2016-08-29,256.457275390625
2016-08-30,257.5504455566406
2016-08-31,260.5921630859375
2016-09-01,258.0257263183594
2016-09-02,258.5960388183594
2016-09-06,262.0179748535156
2016-09-07,263.25372314453125
2016-09-08,264.2518005371094
2016-09-09,257.12261962890625
2016-09-12,251.1818084716797
2016-09-14,256.83758544921875
2016-09-15,254.17599487304688
2016-09-16,253.4155731201172
2016-09-19,260.1169128417969
2016-09-20,257.5504455566406
2016-09-21,256.5048522949219
2016-09-22,261.2100524902344
2016-09-23,262.5408020019531
2016-09-26,259.4040222167969
2016-09-27,256.1722106933594
2016-09-28,260.4496459960937
2016-09-29,250.6589813232422
2016-09-30,258.7386779785156
2016-10-03,262.8259582519531
2016-10-04,278.7001342773437
2016-10-05,274.4701232910156
2016-10-06,282.5498352050781
2016-10-07,278.9377746582031
2016-10-10,284.9261779785156
2016-10-13,268.9095153808594
2016-10-14,272.6640625
2016-10-17,267.4361877441406
2016-10-18,266.3905029296875
2016-10-19,269.19464111328125
2016-10-20,270.09765625
2016-10-21,268.38677978515625
2016-10-24,274.8028564453125
2016-10-25,269.8599853515625
2016-10-26,267.5312194824219
2016-10-27,270.525390625
2016-10-28,267.91143798828125
2016-11-01,266.20037841796875
2016-11-02,257.7881164550781
2016-11-03,252.84524536132807
2016-11-04,253.2254638671875
2016-11-07,257.8356018066406
2016-11-08,252.89279174804688
2016-11-09,249.660888671875
2016-11-10,251.56201171875
2016-11-11,245.478515625
2016-11-15,238.9197540283203
2016-11-16,238.2543792724609
2016-11-17,241.77137756347656
2016-11-18,242.72195434570312
2016-11-21,237.7315673828125
2016-11-22,239.15740966796875
2016-11-23,246.1439208984375
2016-11-24,247.2845458984375
2016-11-25,251.3719177246093
2016-11-28,243.9576568603516
2016-11-29,247.14198303222656
2016-11-30,253.5582275390625
2016-12-01,250.3737945556641
2016-12-02,243.9576568603516
2016-12-05,245.478515625
2016-12-06,245.8112335205078
2016-12-07,244.4328765869141
2016-12-08,247.8548583984375
2016-12-09,244.52793884277344
2016-12-12,242.0565643310547
2016-12-13,244.623046875
2016-12-14,236.6859741210937
2016-12-15,228.9390411376953
2016-12-16,233.9768981933593
2016-12-19,232.93130493164065
2016-12-20,227.98849487304688
2016-12-21,230.3173217773437
2016-12-22,227.51318359375
2016-12-23,228.9390411376953
2016-12-26,228.84396362304688
2016-12-27,233.31153869628903
2016-12-28,231.0301971435547
2016-12-29,231.2678680419922
2016-12-30,235.4027404785156
2017-01-02,237.9691925048828
2017-01-03,241.24859619140625
2017-01-04,238.3494415283203
2017-01-05,242.1516265869141
2017-01-06,241.010971069336
2017-01-09,244.19528198242188
2017-01-10,241.9615020751953
2017-01-11,251.4668884277344
2017-01-12,245.71612548828125
2017-01-13,243.0070953369141
2017-01-16,243.1971740722656
2017-01-17,239.9653167724609
2017-01-18,241.53375244140625
2017-01-19,238.0167236328125
2017-01-20,236.1631774902344
2017-01-23,236.6384429931641
2017-01-24,236.9711303710937
2017-01-25,241.43869018554688
2017-01-27,243.5299072265625
2017-01-30,244.0526885986328
2017-01-31,242.3417053222656
2017-02-01,248.47271728515625
2017-02-02,248.520248413086
2017-02-03,244.8131256103516
2017-02-06,248.8529510498047
2017-02-07,247.47471618652344
2017-02-08,250.5639495849609
2017-02-09,254.8889312744141
2017-02-10,250.6589813232422
2017-02-13,247.0944061279297
2017-02-14,250.14791870117188
2017-02-15,245.28140258789065
2017-02-16,250.052490234375
2017-02-17,249.86170959472656
2017-02-20,249.52769470214844
2017-02-21,248.6211395263672
2017-02-22,246.71275329589844
2017-02-23,245.94937133789065
2017-02-27,244.2317657470703
2017-02-28,244.0409393310547
2017-03-01,249.86170959472656
2017-03-02,251.43614196777344
2017-03-03,251.77017211914065
2017-03-06,249.52769470214844
2017-03-07,247.3807067871093
2017-03-08,244.7088928222656
2017-03-09,245.3768310546875
2017-03-10,243.8023834228516
2017-03-14,242.4665069580078
2017-03-15,257.4476623535156
2017-03-16,258.4973449707031
2017-03-17,254.15565490722656
2017-03-20,257.5430908203125
2017-03-21,255.7778167724609
2017-03-22,258.0679016113281
2017-03-23,256.97052001953125
2017-03-24,267.3715209960937
2017-03-27,272.1427001953125
2017-03-28,271.6177978515625
2017-03-29,275.0528869628906
2017-03-30,273.4308166503906
2017-03-31,277.1999816894531
2017-04-03,277.7247619628906
2017-04-05,285.740234375
2017-04-06,287.55322265625
2017-04-07,284.9768981933594
2017-04-10,286.408203125
2017-04-11,285.8356628417969
2017-04-12,286.455810546875
2017-04-13,281.4462280273437
2017-04-17,282.734375
2017-04-18,278.6313171386719
2017-04-19,279.012939453125
2017-04-20,280.4442443847656
2017-04-21,280.4920349121094
2017-04-24,281.1122741699219
2017-04-25,279.5854797363281
2017-04-26,277.3431091308594
2017-04-27,278.2973327636719
2017-04-28,279.2992858886719
2017-05-02,278.4881591796875
2017-05-03,279.6809387207031
2017-05-04,283.59326171875
2017-05-05,278.72674560546875
2017-05-08,278.4404602050781
2017-05-09,283.97491455078125
2017-05-10,282.4481811523437
2017-05-11,282.5912780761719
2017-05-12,281.4939880371094
2017-05-15,295.0915832519531
2017-05-16,297.62017822265625
2017-05-17,297.2384948730469
2017-05-18,289.36627197265625
2017-05-19,283.97491455078125
2017-05-22,281.97100830078125
2017-05-23,280.4920349121094
2017-05-24,275.386962890625
2017-05-25,276.6274719238281
2017-05-26,282.9729919433594
2017-05-29,280.5874328613281
2017-05-30,286.9329833984375
2017-05-31,286.83758544921875
2017-06-01,284.7860107421875
2017-06-02,284.02264404296875
2017-06-05,284.30889892578125
2017-06-06,282.8298645019531
2017-06-07,282.1142578125
2017-06-08,279.537841796875
2017-06-09,288.03033447265625
2017-06-12,297.42938232421875
2017-06-13,306.2558898925781
2017-06-14,317.945068359375
2017-06-15,321.5233764648437
2017-06-16,320.8077087402344
2017-06-19,316.94305419921875
2017-06-20,314.98699951171875
2017-06-21,316.2752380371094
2017-06-22,314.939208984375
2017-06-23,316.2274475097656
2017-06-27,310.4067077636719
2017-06-28,308.06884765625
2017-06-29,307.3532409667969
2017-06-30,310.3590087890625
2017-07-03,315.5117492675781
2017-07-04,315.9889221191406
2017-07-05,314.605224609375
2017-07-06,318.8514709472656
2017-07-07,326.96240234375
2017-07-10,324.6722106933594
2017-07-11,322.048095703125
2017-07-12,325.4833374023437
2017-07-13,328.6799621582031
2017-07-14,333.35565185546875
2017-07-17,331.3995361328125
2017-07-18,331.3040771484375
2017-07-19,337.4588317871094
2017-07-20,335.11602783203125
2017-07-21,341.42724609375
2017-07-24,340.948974609375
2017-07-25,333.8728332519531
2017-07-26,332.7731628417969
2017-07-27,329.139404296875
2017-07-28,333.96844482421875
2017-07-31,324.3103942871094
2017-08-01,322.1588439941406
2017-08-02,319.3857727050781
2017-08-03,320.48541259765625
2017-08-04,322.78045654296875
2017-08-07,321.6329650878906
2017-08-08,319.67254638671875
2017-08-09,323.0673217773437
2017-08-10,313.26580810546875
2017-08-11,313.4091796875
2017-08-14,325.6491394042969
2017-08-16,325.1710205078125
2017-08-17,330.3348083496094
2017-08-18,322.8759765625
2017-08-21,321.8241577148437
2017-08-22,320.7244567871094
2017-08-23,323.784423828125
2017-08-24,319.67254638671875
2017-08-28,329.5697021484375
2017-08-29,330.5738525390625
2017-08-30,336.5503234863281
2017-08-31,337.8412475585937
2017-09-01,334.0641174316406
2017-09-04,327.8006591796875
2017-09-05,328.9959716796875
2017-09-06,325.8404846191406
2017-09-07,329.6176147460937
2017-09-08,331.530029296875
2017-09-11,329.95220947265625
2017-09-12,334.68560791015625
2017-09-13,332.486328125
2017-09-14,343.0527648925781
2017-09-15,336.0722045898437
2017-09-18,332.6297302246094
2017-09-19,334.8769836425781
2017-09-20,334.01629638671875
2017-09-21,330.1434936523437
2017-09-22,314.7958068847656
2017-09-25,312.2138671875
2017-09-26,309.4408264160156
2017-09-27,301.40838623046875
2017-09-28,302.8905334472656
2017-09-29,303.8467102050781
2017-10-03,301.50396728515625
2017-10-04,303.89459228515625
2017-10-05,302.60369873046875
2017-10-06,312.64422607421875
2017-10-09,315.2261047363281
2017-10-10,315.8476867675781
2017-10-11,311.4967041015625
2017-10-12,309.87115478515625
2017-10-13,310.3970642089844
2017-10-16,314.6045227050781
2017-10-17,313.5049133300781
2017-10-18,309.010498046875
2017-10-19,317.6645202636719
2017-10-23,320.24639892578125
2017-10-24,329.09161376953125
2017-10-25,330.7650146484375
2017-10-26,329.4741516113281
2017-10-27,330.0957336425781
2017-10-30,330.7172241210937
2017-10-31,345.4912414550781
2017-11-01,345.44342041015625
2017-11-02,351.4198913574219
2017-11-03,349.985595703125
2017-11-06,351.8023986816406
2017-11-07,342.9571533203125
2017-11-08,338.98883056640625
2017-11-09,357.8746032714844
2017-11-10,357.8267822265625
2017-11-13,354.67120361328125
2017-11-14,353.8583374023437
2017-11-15,361.50830078125
2017-11-16,360.073974609375
2017-11-17,359.1177062988281
2017-11-20,359.0699157714844
2017-11-21,363.9467468261719
2017-11-22,363.99462890625
2017-11-23,367.2457275390625
2017-11-24,369.7798461914063
2017-11-27,363.9467468261719
2017-11-28,363.8033142089844
2017-11-29,364.3292236328125
2017-11-30,363.4208068847656
2017-12-01,365.18988037109375
2017-12-04,372.0270080566406
2017-12-05,366.38519287109375
2017-12-06,363.3730163574219
2017-12-07,367.0066833496094
2017-12-08,370.2579650878906
2017-12-11,364.3292236328125
2017-12-12,364.1380004882813
2017-12-13,363.5164184570313
2017-12-14,360.8389587402344
2017-12-15,360.5520324707031
2017-12-18,363.7076721191406
2017-12-19,363.4685974121094
2017-12-20,363.1339721679688
2017-12-21,361.5561218261719
2017-12-22,363.8989562988281
2017-12-26,361.4127807617188
2017-12-27,362.12994384765625
2017-12-28,364.7595825195313
2017-12-29,359.6914978027344
2018-01-01,357.3965148925781
2018-01-02,357.9224853515625
2018-01-03,373.7005004882813
2018-01-04,402.1009216308594
2018-01-05,400.0450439453125
2018-01-08,397.22406005859375
2018-01-09,398.1802978515625
2018-01-10,396.8416137695313
2018-01-11,395.7418518066406
2018-01-12,386.7053527832031
2018-01-15,392.681884765625
2018-01-16,382.2587890625
2018-01-17,382.306640625
2018-01-18,373.6048278808594
2018-01-19,373.5569763183594
2018-01-22,378.5294799804688
2018-01-23,373.5569763183594
2018-01-24,375.6607666015625
2018-01-25,373.8917541503906
2018-01-29,372.9354248046875
2018-01-30,365.7158203125
2018-01-31,354.1452941894531
2018-02-01,359.9783020019531
2018-02-02,349.6986999511719
2018-02-05,343.2918395996094
2018-02-06,338.7497253417969
2018-02-07,338.7497253417969
2018-02-08,341.71405029296875
2018-02-09,344.9174499511719
2018-02-12,351.13311767578125
2018-02-14,345.3477478027344
2018-02-15,337.2675476074219
2018-02-16,335.4506530761719
2018-02-19,338.98883056640625
2018-02-20,346.11279296875
2018-02-21,343.1005859375
2018-02-22,339.4668273925781
2018-02-23,342.2478332519531
2018-02-26,343.83013916015625
2018-02-27,340.3299560546875
2018-02-28,334.9118957519531
2018-03-01,330.74041748046875
2018-03-05,323.2607116699219
2018-03-06,336.0626525878906
2018-03-07,330.40484619140625
2018-03-08,335.5352478027344
2018-03-09,332.9940185546875
2018-03-12,330.88433837890625
2018-03-13,336.6379699707031
2018-03-14,330.74041748046875
2018-03-15,334.4324645996094
2018-03-16,333.6652526855469
2018-03-19,324.4114074707031
2018-03-20,328.82257080078125
2018-03-21,327.09649658203125
2018-03-22,330.1171569824219
2018-03-23,323.164794921875
2018-03-26,326.13751220703125
2018-03-27,337.7408142089844
2018-03-28,333.1377868652344
2018-04-02,336.110595703125
2018-04-03,349.583740234375
2018-04-04,355.5292663574219
2018-04-05,356.9197082519531
2018-04-06,353.1319274902344
2018-04-09,348.6248474121094
2018-04-10,346.4192199707031
2018-04-11,347.2823486328125
2018-04-12,343.1587829589844
2018-04-13,342.43963623046875
2018-04-16,347.52203369140625
2018-04-17,353.2757873535156
2018-04-18,343.7821350097656
2018-04-19,344.8849182128906
2018-04-20,351.0221862792969
2018-04-23,351.07012939453125
2018-04-24,353.46746826171875
2018-04-25,343.92596435546875
2018-04-26,345.2205810546875
2018-04-27,348.7686462402344
2018-04-30,361.7623596191406
2018-05-02,353.0359802246094
2018-05-03,348.14532470703125
2018-05-04,360.41986083984375
2018-05-07,355.0018005371094
2018-05-08,358.2143249511719
2018-05-09,353.7551574707031
2018-05-10,350.25506591796875
2018-05-11,350.5906982421875
2018-05-14,346.7548522949219
2018-05-15,343.1587829589844
2018-05-16,342.0560913085937
2018-05-17,334.384521484375
2018-05-18,330.9801940917969
2018-05-21,313.81512451171875
2018-05-22,321.198974609375
2018-05-23,321.6305236816406
2018-05-24,315.8768005371094
2018-05-25,330.64459228515625
2018-05-28,335.6790466308594
2018-05-29,335.8229064941406
2018-05-30,335.7749328613281
2018-05-31,334.2886047363281
2018-06-01,323.2127380371094
2018-06-04,317.74676513671875
2018-06-05,312.7123107910156
2018-06-06,314.2466125488281
2018-06-07,318.46600341796875
2018-06-08,319.8564453125
2018-06-11,318.22625732421875
2018-06-12,325.5621032714844
2018-06-13,321.4387512207031
2018-06-14,319.1851806640625
2018-06-15,316.308349609375
2018-06-18,316.59600830078125
2018-06-19,320.1441955566406
2018-06-20,317.6508483886719
2018-06-21,312.4725646972656
2018-06-22,317.6508483886719
2018-06-25,315.4453125
2018-06-26,316.50018310546875
2018-06-27,307.72576904296875
2018-06-28,306.5750427246094
2018-06-29,303.88995361328125
2018-07-02,304.99273681640625
2018-07-03,305.9516906738281
2018-07-04,306.4311828613281
2018-07-05,305.75994873046875
2018-07-06,310.3148803710937
2018-07-09,315.9726867675781
2018-07-10,327.86358642578125
2018-07-11,323.93194580078125
2018-07-12,331.2679443359375
2018-07-13,323.644287109375
2018-07-16,311.7533874511719
2018-07-17,319.0413513183594
2018-07-18,316.1165466308594
2018-07-19,310.5546264648437
2018-07-20,306.91064453125
2018-07-23,316.45220947265625
2018-07-24,331.6994323730469
2018-07-25,343.8259582519531
2018-07-26,337.08905029296875
2018-07-27,344.9327697753906
2018-07-30,356.09686279296875
2018-07-31,357.107421875
2018-08-01,362.9782104492188
2018-08-02,355.9524841308594
2018-08-03,365.8655395507813
2018-08-06,348.87872314453125
2018-08-07,340.9867553710937
2018-08-08,339.68756103515625
2018-08-09,338.4363708496094
2018-08-10,337.1371154785156
2018-08-13,332.61376953125
2018-08-14,337.85894775390625
2018-08-16,336.1266174316406
2018-08-17,341.3717956542969
2018-08-20,344.8846740722656
2018-08-21,355.7118835449219
2018-08-23,356.0487365722656
2018-08-24,351.0922546386719
2018-08-27,352.6321105957031
2018-08-28,358.3585510253906
2018-08-29,360.3796997070313
2018-08-30,355.7118835449219
2018-08-31,357.1555480957031
2018-09-03,362.2563171386719
2018-09-04,358.4066772460937
2018-09-05,355.9524841308594
2018-09-06,357.1555480957031
2018-09-07,357.20367431640625
2018-09-10,357.925537109375
2018-09-11,370.53326416015625
2018-09-12,373.1798706054688
2018-09-14,369.9076843261719
2018-09-17,365.6248779296875
2018-09-18,363.2669372558594
2018-09-19,361.9676208496094
2018-09-21,368.4640197753906
2018-09-24,364.0368957519531
2018-09-25,360.620361328125
2018-09-26,368.5603332519531
2018-09-27,370.0520324707031
2018-09-28,370.5813293457031
2018-10-01,375.0084838867188
2018-10-03,355.2307434082031
2018-10-04,338.7251281738281
2018-10-05,320.294677734375
2018-10-08,321.83453369140625
2018-10-09,321.5939636230469
2018-10-10,345.2695617675781
2018-10-11,345.0289611816406
2018-10-12,356.5780944824219
2018-10-15,353.83514404296875
2018-10-16,352.10284423828125
2018-10-17,351.2846984863281
2018-10-19,354.7494201660156
2018-10-22,349.6485595703125
2018-10-23,351.18853759765625
2018-10-24,351.9584655761719
2018-10-25,356.9149475097656
2018-10-26,348.3012084960937
2018-10-29,347.38690185546875
2018-10-30,349.4080505371094
2018-10-31,348.6380615234375
2018-11-01,344.1628723144531
2018-11-02,348.6380615234375
2018-11-05,345.1733093261719
2018-11-06,344.7402648925781
2018-11-07,344.1628723144531
2018-11-09,341.4198608398437
2018-11-12,347.96435546875
2018-11-13,348.01251220703125
2018-11-14,345.4139709472656
2018-11-15,340.0725402832031
2018-11-16,344.3071594238281
2018-11-19,340.2649841308594
2018-11-20,340.3612670898437
2018-11-21,340.2169189453125
2018-11-22,345.991455078125
2018-11-26,353.83514404296875
2018-11-27,347.53125
2018-11-28,343.1041564941406
2018-11-29,345.8952331542969
2018-11-30,348.6380615234375
2018-12-03,337.2333679199219
2018-12-04,337.18524169921875
2018-12-05,335.45281982421875
2018-12-06,333.14306640625
2018-12-07,334.2498779296875
2018-12-10,328.57159423828125
2018-12-11,324.91436767578125
2018-12-12,345.3658447265625
2018-12-13,341.7086486816406
2018-12-14,339.639404296875
2018-12-17,340.7943725585937
2018-12-18,351.8622741699219
2018-12-19,349.215576171875
2018-12-20,345.6064453125
2018-12-21,343.4891662597656
2018-12-24,342.6228942871094
2018-12-26,335.2122497558594
2018-12-27,343.9703369140625
2018-12-28,344.7402648925781
2018-12-31,341.7086486816406
2019-01-01,347.050048828125
2019-01-02,347.916259765625
2019-01-03,350.7554626464844
2019-01-04,352.2471923828125
2019-01-07,359.60968017578125
2019-01-08,351.2366638183594
2019-01-09,351.9103698730469
2019-01-10,352.10284423828125
2019-01-11,347.2906494140625
2019-01-14,347.53125
2019-01-15,348.8305969238281
2019-01-16,346.953857421875
2019-01-17,349.744873046875
2019-01-18,346.3763122558594
2019-01-21,347.2906494140625
2019-01-22,345.5583190917969
2019-01-23,347.4350891113281
2019-01-24,346.8094787597656
2019-01-25,346.3763122558594
2019-01-28,343.44097900390625
2019-01-29,339.9281616210937
2019-01-30,338.4363708496094
2019-01-31,336.3190612792969
2019-02-01,338.1958312988281
2019-02-04,335.3085021972656
2019-02-05,331.36260986328125
2019-02-06,325.4918212890625
2019-02-07,337.3296203613281
2019-02-08,341.1311950683594
2019-02-11,333.0467834472656
2019-02-12,329.42205810546875
2019-02-14,336.9132080078125
2019-02-15,334.59344482421875
2019-02-18,336.52667236328125
2019-02-19,336.3816223144531
2019-02-20,333.62677001953125
2019-02-21,334.15850830078125
2019-02-22,333.53009033203125
2019-02-25,334.1100769042969
2019-02-26,338.1698608398437
2019-02-27,347.5460205078125
2019-02-28,359.5321044921875
2019-03-01,368.1349182128906
2019-03-05,373.83795166015625
2019-03-06,369.3431396484375
2019-03-07,369.24652099609375
2019-03-08,370.9863586425781
2019-03-11,377.2694091796875
2019-03-12,375.2395324707031
2019-03-13,369.29486083984375
2019-03-14,364.6067810058594
2019-03-15,368.6665344238281
2019-03-18,356.7289123535156
2019-03-19,349.81756591796875
2019-03-20,346.7727355957031
2019-03-22,356.6805419921875
2019-03-25,364.3167114257813
2019-03-26,366.5883483886719
2019-03-27,372.2430419921875
2019-03-28,375.4811401367188
2019-04-01,399.0181274414063
2019-04-02,392.49359130859375
2019-04-03,381.86083984375
2019-04-04,376.2060852050781
2019-04-05,372.4363098144531
2019-04-08,375.2395324707031
2019-04-09,368.42486572265625
2019-04-10,367.313232421875
2019-04-11,367.1682434082031
2019-04-12,366.5883483886719
2019-04-15,364.3651123046875
2019-04-16,361.27197265625
2019-04-18,361.3685607910156
2019-04-22,360.1603088378906
2019-04-23,360.4020385742188
2019-04-24,360.4020385742188
2019-04-25,355.85894775390625
2019-04-26,357.98541259765625
2019-04-30,347.9809875488281
2019-05-02,346.4827575683594
2019-05-03,343.2929382324219
2019-05-06,342.95458984375
2019-05-07,347.0627136230469
2019-05-08,342.8580017089844
2019-05-09,343.2445983886719
2019-05-10,342.2296447753906
2019-05-13,342.2296447753906
2019-05-14,341.1180725097656
2019-05-15,349.9625549316406
2019-05-16,347.3526916503906
2019-05-17,346.5793762207031
2019-05-20,357.6954650878906
2019-05-21,347.93267822265625
2019-05-22,342.13299560546875
2019-05-23,341.6013488769531
2019-05-24,353.20074462890625
2019-05-27,363.0601806640625
2019-05-28,366.2984008789063
2019-05-29,365.6700134277344
2019-05-30,363.4951477050781
2019-05-31,364.0268249511719
2019-06-03,363.9301452636719
2019-06-04,362.141845703125
2019-06-06,354.698974609375
2019-06-07,354.553955078125
2019-06-10,356.63214111328125
2019-06-11,347.014404296875
2019-06-12,343.0995788574219
2019-06-13,335.02838134765625
2019-06-14,334.5450134277344
2019-06-17,327.58544921875
2019-06-18,320.8191833496094
2019-06-19,324.58892822265625
2019-06-20,328.74542236328125
2019-06-21,332.0318298339844
2019-06-24,335.6566467285156
2019-06-25,349.28594970703125
2019-06-26,347.93267822265625
2019-06-27,345.4195251464844
2019-06-28,345.2261657714844
2019-07-01,343.4379272460937
2019-07-02,341.5530700683594
2019-07-03,340.9247436523437
2019-07-04,338.3149108886719
2019-07-05,343.4379272460937
2019-07-08,334.6417541503906
2019-07-09,335.4150085449219
2019-07-10,334.4966735839844
2019-07-11,338.5082702636719
2019-07-12,340.7797241210937
2019-07-15,328.1654357910156
2019-07-16,328.60040283203125
2019-07-17,324.0573425292969
2019-07-18,319.9491882324219
2019-07-19,312.02294921875
2019-07-22,323.8616027832031
2019-07-23,333.0799865722656
2019-07-24,329.6837463378906
2019-07-25,324.9289245605469
2019-07-26,323.6189270019531
2019-07-29,319.3007507324219
2019-07-30,308.2870483398437
2019-07-31,319.9800720214844
2019-08-01,306.1521911621094
2019-08-02,298.5833435058594
2019-08-05,273.0140991210937
2019-08-06,281.7959289550781
2019-08-07,286.0655212402344
2019-08-08,287.4240417480469
2019-08-09,276.4103088378906
2019-08-13,267.3374328613281
2019-08-14,269.42364501953125
2019-08-16,273.25665283203125
2019-08-19,272.0921936035156
2019-08-20,270.6851501464844
2019-08-21,266.36700439453125
2019-08-22,261.85479736328125
2019-08-23,262.0488586425781
2019-08-26,268.744384765625
2019-08-27,276.5559387207031
2019-08-28,276.313232421875
2019-08-29,273.5963134765625
2019-08-30,274.22705078125
2019-09-03,274.4210205078125
2019-09-04,272.771484375
2019-09-05,273.8873596191406
2019-09-06,281.26220703125
2019-09-09,278.011474609375
2019-09-11,294.7503356933594
2019-09-12,283.1058959960937
2019-09-13,288.1518859863281
2019-09-16,281.4077453613281
2019-09-17,278.3511047363281
2019-09-18,282.23260498046875
2019-09-19,279.0303039550781
2019-09-20,300.13592529296875
2019-09-23,321.58111572265625
2019-09-24,312.750732421875
2019-09-25,296.59405517578125
2019-09-26,293.4889221191406
2019-09-27,290.1895751953125
2019-09-30,291.5966796875
2019-10-01,285.4833374023437
2019-10-03,290.9659423828125
2019-10-04,285.28924560546875
2019-10-07,278.39959716796875
2019-10-09,282.5721740722656
2019-10-10,278.2055358886719
2019-10-11,281.89288330078125
2019-10-14,279.46697998046875
2019-10-15,277.5262145996094
2019-10-16,277.8173522949219
2019-10-17,290.9659423828125
2019-10-18,299.6022033691406
2019-10-22,291.9847717285156
2019-10-23,295.33258056640625
2019-10-24,291.6936950683594
2019-10-25,287.2300109863281
2019-10-27,292.85809326171875
2019-10-29,293.0522766113281
2019-10-30,303.82330322265625
2019-10-31,311.149658203125
2019-11-01,316.8263244628906
2019-11-04,311.0526123046875
2019-11-05,302.8044128417969
2019-11-06,299.9903564453125
2019-11-07,297.9526062011719
2019-11-08,298.68035888671875
2019-11-11,300.3299865722656
2019-11-13,299.69921875
2019-11-14,301.05780029296875
2019-11-15,301.3003845214844
2019-11-18,296.01190185546875
2019-11-19,298.68035888671875
2019-11-20,297.4188537597656
2019-11-21,296.59405517578125
2019-11-22,299.9903564453125
2019-11-25,309.4515075683594
2019-11-26,315.1281433105469
2019-11-27,310.6644592285156
2019-11-28,307.6077880859375
2019-11-29,318.5244445800781
2019-12-02,320.90191650390625
2019-12-03,320.0770568847656
2019-12-04,317.84521484375
2019-12-05,314.2063293457031
2019-12-06,314.4974670410156
2019-12-09,306.7345275878906
2019-12-10,310.8100280761719
2019-12-11,310.8100280761719
2019-12-12,312.362548828125
2019-12-13,315.41925048828125
2019-12-16,317.117431640625
2019-12-17,316.6322326660156
2019-12-18,316.9233703613281
2019-12-19,317.117431640625
2019-12-20,314.9826354980469
2019-12-23,312.750732421875
2019-12-24,312.7992858886719
2019-12-26,313.28448486328125
2019-12-27,313.28448486328125
2019-12-30,310.761474609375
2019-12-31,310.90704345703125
2020-01-01,306.7345275878906
2020-01-02,311.0526123046875
2020-01-03,319.6889343261719
2020-01-06,317.2144775390625
2020-01-07,315.5648498535156
2020-01-08,318.7670288085937
2020-01-09,317.84521484375
2020-01-10,320.5137023925781
2020-01-13,318.4759216308594
2020-01-14,323.5704040527344
2020-01-15,324.7348937988281
2020-01-16,327.6459655761719
2020-01-17,329.4896850585937
2020-01-20,327.063720703125
2020-01-21,326.2874450683594
2020-01-22,326.7726135253906
2020-01-23,325.2200012207031
2020-01-24,330.6056213378906
2020-01-27,337.931884765625
2020-01-28,336.08819580078125
2020-01-29,333.6137084960937
2020-01-30,329.6837463378906
2020-01-31,323.8616027832031
2020-02-03,320.6593017578125
2020-02-04,321.4355773925781
2020-02-05,321.58111572265625
2020-02-06,318.2818603515625
2020-02-07,323.2792663574219
2020-02-10,323.4733581542969
2020-02-11,327.4033203125
2020-02-12,333.8563232421875
2020-02-13,331.28485107421875
2020-02-14,328.1797180175781
2020-02-17,325.996337890625
2020-02-18,330.0718994140625
2020-02-19,333.3711242675781
2020-02-20,337.7378234863281
2020-02-24,333.03155517578125
2020-02-25,333.1285400390625
2020-02-26,325.1715393066406
2020-02-27,327.8885498046875
2020-02-28,315.6133117675781
2020-03-02,317.60260009765625
2020-03-03,317.3600158691406
2020-03-04,310.6076965332031
2020-03-05,308.2101135253906
2020-03-06,298.27734375
2020-03-09,292.6502685546875
2020-03-11,288.1977233886719
2020-03-12,259.5736694335937
2020-03-13,254.0446014404297
2020-03-16,243.6224822998047
2020-03-17,236.87013244628903
2020-03-18,229.4817352294922
2020-03-19,222.2889862060547
2020-03-20,218.8639068603516
2020-03-23,184.3682556152344
2020-03-24,184.0257568359375
2020-03-25,190.63131713867188
2020-03-26,192.7352752685547
2020-03-27,203.4999084472656
2020-03-30,209.4203948974609
2020-03-31,217.2492218017578
2020-04-01,217.93423461914065
2020-04-03,214.46023559570312
2020-04-07,215.83026123046875
2020-04-08,214.9984436035156
2020-04-09,216.4174194335937
2020-04-13,214.6070251464844
2020-04-15,211.7690887451172
2020-04-16,214.85166931152344
2020-04-17,224.6865997314453
2020-04-20,233.49403381347656
2020-04-21,218.57032775878903
2020-04-22,219.20643615722656
2020-04-23,218.2278289794922
2020-04-24,211.3286895751953
2020-04-27,211.5243988037109
2020-04-28,213.1391143798828
2020-04-29,213.38375854492188
2020-04-30,216.51528930664065
2020-05-04,208.5397186279297
2020-05-05,208.8332672119141
2020-05-06,208.4418334960937
2020-05-07,208.73541259765625
2020-05-08,208.29502868652344
2020-05-11,209.3225555419922
2020-05-12,207.8057403564453
2020-05-13,209.9097137451172
2020-05-14,205.1634979248047
2020-05-15,206.3378295898437
2020-05-18,199.7322998046875
2020-05-19,199.7322998046875
2020-05-20,200.7108764648437
2020-05-21,201.49375915527344
2020-05-22,200.4662628173828
2020-05-26,201.39588928222656
2020-05-27,211.4754943847656
2020-05-28,217.39601135253903
2020-05-29,217.738525390625
2020-06-01,223.41441345214844
2020-06-02,225.4694366455078
2020-06-03,230.8028259277344
2020-06-04,239.4145050048828
2020-06-05,238.43592834472656
2020-06-08,237.50624084472656
2020-06-09,239.12095642089844
2020-06-10,239.9527587890625
2020-06-11,241.078125
2020-06-12,241.665267944336
2020-06-15,241.95887756347656
2020-06-16,233.20040893554688
2020-06-17,235.6469116210937
2020-06-18,237.9955596923828
2020-06-19,259.3289794921875
2020-06-22,256.0506591796875
2020-06-23,256.93145751953125
2020-06-24,258.3993225097656
2020-06-25,262.313720703125
2020-06-26,267.4024658203125
2020-06-29,269.3597106933594
2020-06-30,272.393310546875
2020-07-01,270.3871459960937
2020-07-02,267.4024658203125
2020-07-03,262.99884033203125
2020-07-06,260.16082763671875
2020-07-07,254.3381805419922
2020-07-08,251.84274291992188
2020-07-09,245.04147338867188
2020-07-10,250.76629638671875
2020-07-13,244.40538024902344
2020-07-14,238.43592834472656
2020-07-15,234.7661590576172
2020-07-16,234.1300811767578
2020-07-17,235.50010681152344
2020-07-20,235.1086578369141
2020-07-21,228.1116943359375
2020-07-22,235.2554473876953
2020-07-23,234.9129638671875
2020-07-24,239.4145050048828
2020-07-27,235.1575927734375
2020-07-28,234.96192932128903
2020-07-29,233.1025238037109
2020-07-30,236.28298950195312
2020-07-31,242.79067993164065
2020-08-03,238.72950744628903
2020-08-04,238.77842712402344
2020-08-05,236.1851501464844
2020-08-06,238.87628173828125
2020-08-07,238.28912353515625
2020-08-10,242.6928253173828
2020-08-11,246.5582733154297
2020-08-12,248.6133728027344
2020-08-13,251.6959228515625
2020-08-14,247.977279663086
2020-08-17,246.6561584472656
2020-08-18,248.22189331054688
2020-08-19,248.41763305664065
2020-08-20,261.3351745605469
2020-08-21,274.3505859375
2020-08-24,275.9652404785156
2020-08-25,271.2190246582031
2020-08-26,269.114990234375
2020-08-27,268.5767822265625
2020-08-28,268.1853332519531
2020-08-31,263.7816162109375
2020-09-01,257.9589538574219
2020-09-02,253.89781188964844
2020-09-03,255.708236694336
2020-09-04,250.08126831054688
2020-09-07,248.6622772216797
2020-09-08,243.7203826904297
2020-09-09,242.39923095703125
2020-09-10,252.91925048828125
2020-09-11,247.977279663086
2020-09-14,267.5003662109375
2020-09-15,273.5675964355469
2020-09-16,273.5675964355469
2020-09-17,270.0936279296875
2020-09-18,267.6471252441406
2020-09-21,259.0354309082031
2020-09-22,251.7449188232422
2020-09-23,246.7539825439453
2020-09-24,241.6163482666016
2020-09-25,243.7203826904297
2020-09-28,254.9253845214844
2020-09-29,255.26788330078125
2020-09-30,263.4880676269531
2020-10-01,258.4972229003906
2020-10-05,256.2464599609375
2020-10-06,260.79693603515625
2020-10-07,257.81219482421875
2020-10-08,249.78765869140625
2020-10-09,244.2586212158203
2020-10-12,238.72950744628903
2020-10-13,239.26773071289065
2020-10-14,236.2340545654297
2020-10-15,231.7814178466797
2020-10-16,234.1300811767578
2020-10-19,242.594955444336
2020-10-20,238.97412109375
2020-10-21,233.44503784179688
2020-10-22,228.5030975341797
2020-10-23,231.4878692626953
2020-10-26,234.4726104736328
2020-10-27,239.9527587890625
2020-10-28,253.9956512451172
2020-10-29,262.4115905761719
2020-10-30,278.1181335449219
2020-11-02,288.83380126953125
2020-11-03,295.1457824707031
2020-11-04,294.7054138183594
2020-11-05,295.48828125
2020-11-06,287.36590576171875
2020-11-09,284.03863525390625
2020-11-10,283.5982971191406
2020-11-11,296.4669189453125
2020-11-12,293.4821472167969
2020-11-13,287.8551940917969
2020-11-14,290.39959716796875
2020-11-17,305.3721008300781
2020-11-18,314.8156433105469
2020-11-19,328.9075012207031
2020-11-20,344.6629943847656
2020-11-23,337.5681457519531
2020-11-24,338.5956420898437
2020-11-25,331.84332275390625
2020-11-26,327.8310546875
2020-11-27,339.5253601074219
2020-12-01,377.5439147949219
2020-12-02,385.0791015625
2020-12-03,376.36962890625
2020-12-04,367.366455078125
2020-12-07,368.6875915527344
2020-12-08,357.53155517578125
2020-12-09,365.40924072265625
2020-12-10,371.1340637207031
2020-12-11,368.4429626464844
2020-12-14,366.5836181640625
2020-12-15,377.9842529296875
2020-12-16,370.1066589355469
2020-12-17,373.8251953125
2020-12-18,372.40625
2020-12-21,362.3267211914063
2020-12-22,362.3755798339844
2020-12-23,371.3787841796875
2020-12-24,378.962890625
2020-12-28,405.67864990234375
2020-12-29,394.4247741699219
2020-12-30,396.0394592285156
2020-12-31,396.8223571777344
2021-01-01,393.7397155761719
2021-01-04,395.011962890625
2021-01-05,400.5899353027344
2021-01-06,396.3819885253906
2021-01-07,396.9691162109375
2021-01-08,399.8070373535156
2021-01-11,396.235107421875
2021-01-12,397.5073852539063
2021-01-13,411.2077941894531
2021-01-14,402.9385986328125
2021-01-15,407.7337341308594
2021-01-18,396.6755676269531
2021-01-19,401.1771240234375
2021-01-20,401.8621215820313
2021-01-21,401.71533203125
2021-01-22,408.4676513671875
2021-01-25,415.415771484375
2021-01-27,421.1894836425781
2021-01-28,410.9631652832031
2021-01-29,395.2565307617188
2021-02-01,420.0641174316406
2021-02-02,405.8254699707031
2021-02-03,419.2812194824219
2021-02-04,439.68499755859375
2021-02-05,464.7861633300781
2021-02-08,494.33984375
2021-02-09,515.4287109375
2021-02-10,513.7650756835938
2021-02-11,511.11529541015625
2021-02-12,503.1658935546875
2021-02-15,496.0997924804688
2021-02-16,492.7138977050781
2021-02-17,510.9680480957031
2021-02-18,528.1426391601562
2021-02-19,537.3187866210938
2021-02-22,498.7495727539063
2021-02-23,474.0181274414063
2021-02-24,494.4804992675781
2021-02-25,496.2469787597656
2021-02-26,498.1607666015625
2021-03-01,519.4081420898438
2021-03-02,511.9003601074219
2021-03-03,505.1286926269531
2021-03-04,505.1777648925781
2021-03-05,494.97119140625
2021-03-08,488.7882995605469
2021-03-09,479.90667724609375
2021-03-10,485.5497131347656
2021-03-12,491.2418212890625
2021-03-15,506.1100463867188
2021-03-16,503.8528442382813
2021-03-17,482.4583129882813
2021-03-18,472.49700927734375
2021-03-19,457.6286926269531
2021-03-22,460.1313781738281
2021-03-23,459.8369140625
2021-03-24,460.62200927734375
2021-03-25,440.9939270019531
2021-03-26,466.06884765625
2021-03-30,480.44635009765625
2021-03-31,500.0253601074219
2021-04-01,497.2774658203125
2021-04-05,483.8322143554688
2021-04-06,490.9473876953125
2021-04-07,493.0574035644531
2021-04-08,510.8699035644531
2021-04-09,516.0223388671875
2021-04-12,491.4381713867188
2021-04-13,497.3265380859375
2021-04-15,489.1318359375
2021-04-16,485.7950744628906
2021-04-19,471.3683776855469
2021-04-20,473.7729187011719
2021-04-22,467.1974487304688
2021-04-23,470.5833129882813
2021-04-26,475.3431091308594
2021-04-27,481.3786926269531
2021-04-28,488.2485656738281
2021-04-29,514.0595092773438
2021-04-30,537.6621704101562
2021-05-03,563.8165893554688
2021-05-04,577.70361328125
2021-05-05,546.1513671875
2021-05-06,542.9127197265625
2021-05-07,560.3326416015625
2021-05-10,559.79296875
2021-05-11,583.1502685546875
2021-05-12,573.0910034179688
2021-05-14,557.1431274414062
2021-05-17,567.4478759765625
2021-05-18,598.11669921875
2021-05-19,587.3212890625
2021-05-20,581.5309448242188
2021-05-21,577.5562744140625
2021-05-24,579.2247314453125
2021-05-25,590.4617309570312
2021-05-26,588.5971069335938
2021-05-27,591.6885375976562
2021-05-28,590.854248046875
2021-05-31,587.4193725585938
2021-06-01,578.6849365234375
2021-06-02,575.2500610351562
2021-06-03,573.9251098632812
2021-06-04,578.8322143554688
2021-06-07,581.0892944335938
2021-06-08,589.2842407226562
2021-06-09,579.2737426757812
2021-06-10,577.8016357421875
2021-06-11,564.2092895507812
2021-06-14,559.4494018554688
2021-06-15,565.190673828125
2021-06-16,564.307373046875
2021-06-17,575.3971557617188
2021-06-18,582.1689453125
2021-06-21,570.9318237304688
2021-06-22,577.5562744140625
2021-06-23,574.5630493164062
2021-06-24,573.0419311523438
2021-06-25,573.6307983398438
2021-06-28,591.7867431640625
2021-06-29,585.1130981445312
2021-06-30,594.9761962890625
2021-07-01,622.4066162109375
2021-07-02,644.586181640625
2021-07-05,624.4674072265625
2021-07-06,613.7210693359375
2021-07-07,657.7861938476562
2021-07-08,643.0159301757812
2021-07-09,628.7857055664062
2021-07-12,624.7128295898438
2021-07-13,630.6502685546875
2021-07-14,628.6874389648438
2021-07-15,643.1632080078125
2021-07-16,638.256103515625
2021-07-19,624.2221069335938
2021-07-20,625.988525390625
2021-07-22,633.3172607421875
2021-07-23,655.4508666992188
2021-07-26,656.041259765625
2021-07-27,657.6642456054688
2021-07-28,648.4174194335938
2021-07-29,649.0567626953125
2021-07-30,661.99267578125
2021-08-02,696.4720458984375
2021-08-03,700.8004150390625
2021-08-04,688.5037841796875
2021-08-05,674.387451171875
2021-08-06,673.5513916015625
2021-08-09,680.4373779296875
2021-08-10,688.7989501953125
2021-08-11,697.1114501953125
2021-08-12,700.7511596679688
2021-08-13,712.4573364257812
2021-08-16,694.9964599609375
2021-08-17,697.30810546875
2021-08-18,697.4064331054688
2021-08-20,685.110107421875
2021-08-23,712.3590087890625
2021-08-24,725.09814453125
2021-08-25,727.0656127929688
2021-08-26,747.8712158203125
2021-08-27,770.5950927734375
2021-08-30,788.3511352539062
2021-08-31,816.4364013671875
2021-09-01,801.926513671875
2021-09-02,803.6971435546875
2021-09-03,806.5991821289062
2021-09-06,816.829833984375
2021-09-07,803.4021606445312
2021-09-08,826.3718872070312
2021-09-09,898.8226928710938
2021-09-13,898.8718872070312
2021-09-14,913.0374755859376
2021-09-15,904.9216918945312
2021-09-16,869.0653076171875
2021-09-17,845.160888671875
2021-09-20,836.3074340820312
2021-09-21,841.668701171875
2021-09-22,836.208984375
2021-09-23,860.8511352539062
2021-09-24,858.2443237304688
2021-09-27,861.490478515625
2021-09-28,851.6533203125
2021-09-29,855.7359008789062
2021-09-30,873.0984497070312
2021-10-01,858.68701171875
2021-10-04,878.9024658203125
2021-10-05,865.3763427734375
2021-10-06,852.9323120117188
2021-10-07,854.161865234375
2021-10-08,856.7195434570312
2021-10-11,869.6554565429688
2021-10-12,879.3450927734375
2021-10-13,887.0672607421875
2021-10-14,868.7208251953125
2021-10-18,884.7554321289062
2021-10-19,861.8840942382812
2021-10-20,822.0926513671875
2021-10-21,869.7538452148438
2021-10-22,831.192138671875
2021-10-25,832.1758422851562
2021-10-26,853.5223999023438
2021-10-27,846.6856689453125
2021-10-28,832.274169921875
2021-10-29,825.6340942382812
2021-11-01,820.37109375
2021-11-02,841.127685546875
2021-11-03,821.50244140625
2021-11-04,834.4383544921875
2021-11-08,862.2283325195312
2021-11-09,844.3738403320312
2021-11-10,857.9984130859375
2021-11-11,895.8715209960938
2021-11-12,901.18359375
2021-11-15,910.9223022460938
2021-11-16,887.3623657226562
2021-11-17,898.6751708984375
2021-11-18,888.9854736328125
2021-11-22,880.673095703125
2021-11-23,888.2476806640625
2021-11-24,965.5679931640624
2021-11-25,945.942626953125
2021-11-26,901.18359375
2021-11-29,879.7876586914062
2021-11-30,902.7575073242188
2021-12-01,875.4102172851562
2021-12-02,882.6405639648438
2021-12-03,894.3468017578125
2021-12-06,903.2493896484376
2021-12-07,911.955322265625
2021-12-08,882.689697265625
2021-12-09,879.3450927734375
2021-12-10,886.7722778320312
2021-12-13,878.3121337890625
2021-12-14,881.2140502929688
2021-12-15,917.7101440429688
2021-12-16,895.6747436523438
2021-12-17,891.1988525390625
2021-12-20,873.8362426757812
2021-12-21,877.5743408203125
2021-12-22,910.2337036132812
2021-12-23,908.0203857421876
2021-12-24,899.1177368164062
2021-12-27,906.0529174804688
2021-12-28,902.7083740234376
2021-12-29,957.7473754882812
2021-12-30,923.7107543945312
2021-12-31,965.6661987304688
2022-01-03,989.7181396484376
2022-01-04,969.4043579101562
2022-01-05,966.0597534179688
2022-01-06,984.6519775390624
2022-01-07,971.9129028320312
2022-01-10,983.7666015625
2022-01-11,971.175048828125
2022-01-12,972.847412109375
2022-01-13,980.7662963867188
2022-01-14,956.7635498046876
2022-01-17,944.6638793945312
2022-01-18,926.8095703125
2022-01-19,916.2344360351562
2022-01-20,914.1195068359376
2022-01-21,873.295166015625
2022-01-24,837.8814086914062
2022-01-25,831.4873046875
2022-01-27,815.4525756835938
2022-01-28,840.0947265625
2022-01-31,867.245361328125
2022-02-01,865.2778930664062
2022-02-02,865.5730590820312
2022-02-03,856.7195434570312
2022-02-04,888.6903686523438
2022-02-07,873.2460327148438
2022-02-08,849.5875244140625
2022-02-09,855.2439575195312
2022-02-10,857.0146484375
2022-02-11,844.3738403320312
2022-02-14,821.797607421875
2022-02-15,826.8145141601562
2022-02-16,851.7025756835938
2022-02-17,846.931640625
2022-02-18,856.9161987304688
2022-02-21,852.4326782226562
2022-02-22,840.706298828125
2022-02-23,841.6424560546875
2022-02-24,817.6474609375
2022-02-25,857.0148315429688
2022-02-28,792.8151245117188
2022-03-02,775.5210571289062
2022-03-03,755.2708740234375
2022-03-04,704.5712280273438
2022-03-07,699.447021484375
2022-03-08,731.9657592773438
2022-03-09,768.6724243164062
2022-03-10,766.3074951171875
2022-03-11,768.8202514648438
2022-03-14,794.1454467773438
2022-03-15,789.7110595703125
2022-03-16,767.2929077148438
2022-03-17,764.63232421875
2022-03-21,768.3275756835938
2022-03-22,752.3145141601562
2022-03-23,750.4423217773438
2022-03-24,752.8565673828125
2022-03-25,749.8510131835938
2022-03-28,756.2561645507812
2022-03-29,757.1431274414062
2022-03-30,771.6286010742188
2022-03-31,786.1142578125
2022-04-01,776.407958984375
2022-04-04,790.8935546875
2022-04-05,800.7970581054688
2022-04-06,797.1016845703125
2022-04-07,786.8533935546875
2022-04-08,794.835205078125
2022-04-11,786.7548217773438
2022-04-12,766.8495483398438
2022-04-13,763.9424438476562
2022-04-18,754.3346557617188
2022-04-19,748.9149780273438
2022-04-20,729.4529418945312
2022-04-21,736.2030639648438
2022-04-22,727.1373291015625
2022-04-25,720.2886962890625
2022-04-26,725.856201171875
2022-04-27,740.588134765625
2022-04-28,765.4698486328125
2022-04-29,755.6649169921875
2022-05-02,751.9696044921875
2022-05-04,748.2744140625
2022-05-05,744.4312133789062
2022-05-06,726.1517944335938
2022-05-09,721.5696411132812
2022-05-10,733.5424194335938
2022-05-11,712.50390625
2022-05-12,724.1810913085938
2022-05-13,719.8451538085938
2022-05-16,715.60791015625
2022-05-17,720.2886962890625
2022-05-18,715.1644287109375
2022-05-19,698.9544677734375
2022-05-20,702.4525146484375
2022-05-23,728.3196411132812
2022-05-24,702.6989135742188
2022-05-25,694.52001953125
2022-05-26,683.631103515625
2022-05-27,684.8629760742188
2022-05-30,697.8704833984375
2022-05-31,709.9910888671875
2022-06-01,704.3248901367188
2022-06-02,689.593017578125
2022-06-03,687.3265380859375
2022-06-06,682.4486694335938
2022-06-07,674.811767578125
2022-06-08,661.3114013671875
2022-06-09,654.2166137695312
2022-06-10,683.7297973632812
2022-06-13,680.527099609375
2022-06-14,684.6165161132812
2022-06-15,683.1385498046875
2022-06-16,686.9817504882812
2022-06-17,673.7770385742188
2022-06-20,653.5760498046875
2022-06-21,655.3991088867188
2022-06-22,652.9848022460938
2022-06-23,659.8334350585938
2022-06-24,670.7222900390625
2022-06-27,740.5390014648438
2022-06-28,745.9094848632812
2022-06-29,732.6062622070312
2022-06-30,706.443603515625
2022-07-01,701.4672241210938
2022-07-04,724.6243286132812
2022-07-05,735.5626220703125
2022-07-06,738.075439453125
2022-07-07,756.6504516601562
2022-07-08,764.9279174804688
2022-07-11,787.5923461914062
2022-07-12,769.3130493164062
2022-07-13,757.9807739257812
2022-07-14,754.5317993164062
2022-07-15,755.0244750976562
2022-07-18,743.5936889648438
2022-07-19,756.1083984375
2022-07-20,747.978759765625
2022-07-21,778.261474609375
2022-07-22,780.830322265625
2022-07-25,780.8796997070312
2022-07-26,783.3497924804688
2022-07-27,774.0623779296875
2022-07-28,786.1163330078125
2022-07-29,791.79736328125
2022-08-01,840.60546875
2022-08-02,834.232666015625
2022-08-03,853.9929809570312
2022-08-04,853.4496459960938
2022-08-05,834.479736328125
2022-08-08,829.9841918945312
2022-08-10,824.8465576171875
2022-08-11,831.960205078125
2022-08-12,836.6533203125
2022-08-16,834.6773071289062
2022-08-17,828.5515747070312
2022-08-18,819.0665893554688
2022-08-19,799.6520385742188
2022-08-22,795.6011962890625
2022-08-23,808.8406982421875
2022-08-24,816.349609375
2022-08-25,808.1984252929688
2022-08-26,802.4185180664062
2022-08-29,809.6310424804688
2022-08-30,833.7387084960938
2022-09-01,837.344970703125
2022-09-02,851.2266235351562
2022-09-05,843.7670288085938
2022-09-06,846.2865600585938
2022-09-07,837.9872436523438
2022-09-08,830.9722290039062
2022-09-09,868.467529296875
2022-09-12,895.1934204101562
2022-09-13,917.12744140625
2022-09-14,920.1407470703124
2022-09-15,914.4596557617188
2022-09-16,865.9481201171875
2022-09-19,840.3090209960938
2022-09-20,849.4481811523438
2022-09-21,828.35400390625
2022-09-22,832.207275390625
2022-09-23,828.4527587890625
2022-09-26,811.50830078125
2022-09-27,819.0665893554688
2022-09-28,828.8974609375
2022-09-29,840.2595825195312
2022-09-30,885.6589965820312
2022-10-03,878.3970947265625
2022-10-04,869.9989013671875
2022-10-06,879.3851318359375
2022-10-07,889.0677490234375
2022-10-10,884.9179077148438
2022-10-11,867.627685546875
2022-10-12,869.8507690429688
2022-10-13,877.8536376953125
2022-10-14,873.5064697265625
2022-10-17,868.912109375
2022-10-18,865.9974975585938
2022-10-19,849.7939453125
2022-10-20,836.4556274414062
2022-10-21,839.913818359375
2022-10-24,841.2476806640625
2022-10-25,841.0994262695312
2022-10-27,848.5096435546875
2022-10-28,848.8554077148438
2022-10-31,835.7147216796875
2022-11-01,828.5515747070312
2022-11-02,829.7372436523438
2022-11-03,833.8375854492188
2022-11-04,833.1952514648438
2022-11-07,831.1204833984375
2022-11-09,807.358642578125
2022-11-10,793.1805419921875
2022-11-11,797.7254028320312
2022-11-14,790.9081420898438
2022-11-15,801.4799194335938
2022-11-16,803.1595458984375
2022-11-17,793.081787109375
2022-11-18,791.8961791992188
2022-11-21,797.82421875
2022-11-22,792.6865844726562
2022-11-23,815.6085815429688
2022-11-24,813.9783325195312
2022-11-25,810.6685180664062
2022-11-28,831.7131958007812
2022-11-29,828.35400390625
2022-11-30,842.9766845703125
2022-12-01,828.60107421875
2022-12-02,851.325439453125
2022-12-05,839.666748046875
2022-12-06,838.7776489257812
2022-12-07,828.5022583007812
2022-12-08,827.909423828125
2022-12-09,845.2491455078125
2022-12-12,849.349365234375
2022-12-13,869.8507690429688
2022-12-14,873.5064697265625
2022-12-15,869.2086181640625
2022-12-16,875.3341674804688
2022-12-19,892.1305541992188
2022-12-20,888.5242309570312
2022-12-21,873.3087768554688
2022-12-22,868.0228881835938
2022-12-23,839.913818359375
2022-12-26,865.058837890625
2022-12-27,879.9779663085938
2022-12-28,856.216064453125
2022-12-29,856.9076538085938
2022-12-30,864.7129516601562
2023-01-02,869.7025756835938
2023-01-03,877.6560668945312
2023-01-04,919.15283203125
2023-01-05,915.299560546875
2023-01-06,886.5482177734375
2023-01-09,910.3594970703124
2023-01-10,920.7337036132812
2023-01-11,908.8279418945312
2023-01-12,912.5824584960938
2023-01-13,908.333984375
2023-01-16,902.2083740234376
2023-01-17,893.908935546875
2023-01-18,910.2606811523438
2023-01-19,930.1692504882812
2023-01-20,897.2682495117188
2023-01-23,913.17529296875
2023-01-24,922.9072875976562
2023-01-25,930.1692504882812
2023-01-27,926.9581298828124
2023-01-30,953.9804077148438
2023-01-31,961.2423706054688
2023-02-01,963.7124633789062
2023-02-02,961.1929321289062
2023-02-03,979.5700073242188
2023-02-06,987.0790405273438
2023-02-07,997.008544921875
2023-02-08,995.6254272460938
2023-02-09,956.5493774414062
2023-02-10,1001.2275390625
2023-02-13,978.4678344726562
2023-02-14,974.7075805664062
2023-02-15,962.0413208007812
2023-02-16,966.7911376953124
2023-02-17,970.7493286132812
2023-02-20,991.03515625
2023-02-21,973.1243286132812
2023-02-22,970.7987670898438
2023-02-23,975.5487060546876
2023-02-24,967.7312622070312
2023-02-27,957.4893188476562
2023-02-28,968.6712646484376
2023-03-01,964.5151977539062
2023-03-02,983.5640869140624
2023-03-03,999.941162109375
2023-03-06,986.7305908203124
2023-03-08,986.5822143554688
2023-03-09,989.006591796875
2023-03-10,983.613525390625
2023-03-13,989.3529052734376
2023-03-14,962.2886962890624
2023-03-15,975.8950805664062
2023-03-16,963.0802612304688
2023-03-17,955.95556640625
2023-03-20,947.8906860351562
2023-03-21,947.69287109375
2023-03-22,950.265625
2023-03-23,941.1123657226562
2023-03-24,926.0712280273438
2023-03-27,936.9561157226562
2023-03-28,930.1777954101562
2023-03-29,954.669189453125
2023-03-31,975.4003295898438
2023-04-03,987.2748413085938
2023-04-05,981.1890869140624
2023-04-06,988.7097778320312
2023-04-10,974.4107055664062
2023-04-11,983.168212890625
2023-04-12,974.4107055664062
2023-04-13,976.5382080078124
2023-04-17,988.6107177734376
2023-04-18,981.2881469726562
2023-04-19,971.689453125
2023-04-20,1026.4114990234375
2023-04-21,1046.598388671875
2023-04-24,1034.130126953125
2023-04-25,1050.853515625
2023-04-26,1055.6033935546875
2023-04-27,1046.697509765625
2023-04-28,1066.0430908203125
2023-05-02,1104.5364990234375
2023-05-03,1093.1568603515625
2023-05-04,1111.6614990234375
2023-05-05,1088.753173828125
2023-05-08,1100.6279296875
2023-05-09,1128.3353271484375
2023-05-10,1103.695556640625
2023-05-11,1122.150634765625
2023-05-12,1119.2314453125
2023-05-15,1132.392578125
2023-05-16,1130.3638916015625
2023-05-17,1155.5479736328125
2023-05-18,1150.9959716796875
2023-05-19,1188.3516845703125
2023-05-22,1208.98388671875
2023-05-23,1188.5989990234375
2023-05-24,1156.2901611328125
2023-05-25,1141.29833984375
2023-05-26,1149.858154296875
2023-05-29,1144.6629638671875
2023-05-30,1139.7646484375
2023-05-31,1138.0328369140625
2023-06-01,1144.26708984375
2023-06-02,1152.08447265625
2023-06-05,1154.5089111328125
2023-06-06,1151.9854736328125
2023-06-07,1180.0391845703125
2023-06-08,1184.690185546875
2023-06-09,1170.193359375
2023-06-12,1178.6044921875
2023-06-13,1182.4637451171875
2023-06-14,1190.231689453125
2023-06-15,1225.756591796875
2023-06-16,1218.6318359375
2023-06-19,1207.251953125
2023-06-20,1200.07763671875
2023-06-21,1207.004638671875
2023-06-22,1206.8067626953125
2023-06-23,1180.4844970703125
2023-06-26,1164.4044189453125
2023-06-27,1156.7354736328125
2023-06-28,1176.3780517578125
2023-06-30,1185.3828125
2023-07-03,1190.7760009765625
2023-07-04,1187.6094970703125
2023-07-05,1185.9271240234375
2023-07-06,1190.231689453125
2023-07-07,1184.739501953125
2023-07-10,1170.490234375
2023-07-11,1179.7425537109375
2023-07-12,1182.2659912109375
2023-07-13,1175.437744140625
2023-07-14,1175.7841796875
2023-07-17,1164.8497314453125
2023-07-18,1172.4197998046875
2023-07-19,1205.6192626953125
2023-07-20,1203.19482421875
2023-07-21,1186.026123046875
2023-07-24,1177.0211181640625
2023-07-25,1172.263427734375
2023-07-26,1181.6302490234375
2023-07-27,1198.3323974609375
2023-07-28,1214.935302734375
2023-07-31,1200.1661376953125
2023-08-01,1275.3499755859375
2023-08-02,1229.6549072265625
2023-08-03,1244.1761474609375
2023-08-04,1248.1905517578125
2023-08-07,1163.937255859375
2023-08-08,1151.6956787109375
2023-08-09,1116.7552490234375
2023-08-10,1098.417724609375
2023-08-11,1072.9432373046875
2023-08-14,1048.5594482421875
2023-08-16,1082.4095458984375
2023-08-17,1054.5562744140625
2023-08-18,1079.931396484375
2023-08-21,1112.7901611328125
2023-08-22,1110.807861328125
2023-08-23,1131.7720947265625
2023-08-24,1129.740234375
2023-08-25,1125.0318603515625
2023-08-28,1129.492431640625
2023-08-29,1126.1717529296875
2023-08-30,1133.110107421875
2023-08-31,1126.2708740234375
2023-09-01,1126.3699951171875
2023-09-04,1176.67431640625
2023-09-05,1173.7998046875
2023-09-06,1174.9892578125
2023-09-07,1180.2427978515625
2023-09-08,1199.323486328125
2023-09-11,1195.4578857421875
2023-09-12,1181.283447265625
2023-09-13,1182.0267333984375
2023-09-14,1189.5601806640625
2023-09-15,1181.7294921875
2023-09-18,1171.0738525390625
2023-09-20,1151.1505126953125
2023-09-21,1150.010498046875
2023-09-22,1180.7879638671875
2023-09-25,1178.2601318359375
2023-09-26,1163.788330078125
2023-09-27,1173.8990478515625
2023-09-28,1178.706298828125
2023-09-29,1166.6629638671875
2023-10-03,1159.526123046875
2023-10-04,1174.840576171875
2023-10-05,1180.9365234375
2023-10-06,1158.5845947265625
2023-10-09,1125.0814208984375
2023-10-10,1139.5035400390625
2023-10-11,1154.61962890625
2023-10-12,1144.90576171875
2023-10-13,1157.5933837890625
2023-10-16,1154.669189453125
2023-10-17,1162.103515625
2023-10-18,1134.2998046875
2023-10-19,1130.8304443359375
2023-10-20,1122.1077880859375
2023-10-23,1092.12353515625
2023-10-25,1080.3775634765625
2023-10-26,1098.2193603515625
2023-10-27,1078.3951416015625
2023-10-30,1066.649169921875
2023-10-31,1062.5355224609375
2023-11-01,1055.2996826171875
2023-11-02,1061.34619140625
2023-11-03,1054.5068359375
2023-11-06,1070.3660888671875
2023-11-07,1060.2061767578125
2023-11-08,1060.4539794921875
2023-11-09,1061.4453125
2023-11-10,1062.93212890625
2023-11-13,1059.958251953125
2023-11-15,1078.6923828125
2023-11-16,1091.2313232421875
2023-11-17,1097.129150390625
2023-11-20,1082.012939453125
2023-11-21,1085.0362548828125
2023-11-22,1159.7740478515625
2023-11-23,1123.09912109375
2023-11-24,1124.0406494140625
2023-11-28,1144.558837890625
2023-11-29,1144.013671875
2023-11-30,1179.6478271484375
2023-12-01,1151.2991943359375
2023-12-04,1179.5985107421875
2023-12-05,1186.239501953125
2023-12-06,1172.1641845703125
2023-12-07,1197.341064453125
2023-12-08,1194.714599609375
2023-12-11,1181.82861328125
2023-12-12,1204.8743896484375
2023-12-13,1172.362548828125
2023-12-14,1185.1492919921875
2023-12-15,1178.1611328125
2023-12-18,1181.3824462890625
2023-12-19,1156.4534912109375
2023-12-20,1101.73828125
2023-12-21,1093.6103515625
2023-12-22,1084.54052734375
2023-12-26,1093.70947265625
2023-12-27,1100.25146484375
2023-12-28,1087.31591796875
2023-12-29,1103.6217041015625
2024-01-01,1106.9918212890625
2024-01-02,1107.091064453125
2024-01-03,1110.213134765625
2024-01-04,1105.0587158203125
2024-01-05,1135.439697265625
2024-01-08,1121.5626220703125
2024-01-09,1133.40771484375
2024-01-10,1134.89453125
2024-01-11,1144.90576171875
2024-01-12,1154.22314453125
2024-01-15,1174.9892578125
2024-01-16,1148.2757568359375
2024-01-17,1132.912109375
2024-01-18,1119.827880859375
2024-01-19,1130.8800048828125
2024-01-23,1115.615234375
2024-01-24,1166.8612060546875
2024-01-25,1139.4044189453125
2024-01-29,1128.9471435546875
2024-01-30,1101.1929931640625
2024-01-31,1114.77294921875
2024-02-01,1117.845458984375
2024-02-02,1105.9013671875
2024-02-05,1074.2320556640625
2024-02-06,1110.7584228515625
2024-02-07,1127.65869140625
2024-02-08,1135.439697265625
2024-02-09,1123.3468017578125
2024-02-12,1141.8575439453125
2024-02-13,1130.2945556640625
2024-02-14,1106.67236328125
2024-02-15,1099.87353515625
2024-02-16,1106.275146484375
2024-02-19,1082.1070556640625
2024-02-20,1089.699951171875
2024-02-21,1075.0601806640625
2024-02-22,1079.3775634765625
2024-02-23,1082.3055419921875
2024-02-26,1057.64111328125
2024-02-27,1029.2548828125
2024-02-28,1047.815185546875
2024-02-29,1061.3135986328125
2024-03-01,1073.47216796875
2024-03-04,1064.2415771484375
2024-03-05,1089.50146484375
2024-03-06,1050.147705078125
2024-03-07,1057.3436279296875
2024-03-11,1061.71044921875
2024-03-12,1070.4945068359375
2024-03-13,1052.9266357421875
2024-03-14,1061.51220703125
2024-03-15,1087.9630126953125
2024-03-18,1081.759765625
2024-03-19,1102.900634765625
2024-03-20,1112.3297119140625
2024-03-21,1146.8697509765625
2024-03-22,1239.5721435546875
2024-03-26,1225.6768798828125
2024-03-27,1239.0263671875
2024-03-28,1258.8768310546875
2024-04-01,1288.6529541015625
2024-04-02,1311.2330322265625
2024-04-03,1316.1461181640625
2024-04-04,1279.3726806640625
2024-04-05,1265.6260986328125
2024-04-08,1242.6490478515625
2024-04-09,1297.23828125
2024-04-10,1264.9312744140625
2024-04-12,1239.9195556640625
2024-04-15,1238.9766845703125
2024-04-16,1230.1431884765625
2024-04-18,1214.6597900390625
2024-04-19,1241.85498046875
2024-04-22,1276.99072265625
2024-04-23,1300.0174560546875
2024-04-24,1331.0836181640625
2024-04-25,1404.2828369140625
2024-04-26,1429.7412109375
2024-04-29,1433.3638916015625
2024-04-30,1411.67724609375
2024-05-02,1495.347412109375
2024-05-03,1430.68408203125
2024-05-06,1504.9254150390625
2024-05-07,1483.7845458984375
2024-05-08,1487.6553955078125
2024-05-09,1457.0357666015625
2024-05-10,1452.767822265625
2024-05-13,1495.4964599609375
2024-05-14,1475.19921875
2024-05-15,1522.0467529296875
2024-05-16,1633.90478515625
2024-05-17,1718.12109375
2024-05-21,1674.1024169921875
2024-05-22,1725.7139892578125
2024-05-23,1701.5460205078125
2024-05-24,1640.1578369140625
2024-05-27,1605.9154052734375
2024-05-28,1591.5733642578125
2024-05-29,1583.0872802734375
2024-05-30,1578.5711669921875
2024-05-31,1581.4991455078125
2024-06-03,1661.94384765625
2024-06-04,1501.302734375
2024-06-05,1546.61181640625
2024-06-06,1565.023193359375
2024-06-07,1609.935302734375
2024-06-10,1614.3023681640625
2024-06-11,1633.11083984375
2024-06-12,1692.96044921875
2024-06-13,1724.52294921875
2024-06-14,1760.70068359375
2024-06-18,1769.7327880859375
2024-06-19,1787.3502197265625
2024-06-20,1735.98681640625
2024-06-21,1684.722412109375
2024-06-24,1677.3280029296875
2024-06-25,1703.4813232421875
2024-06-26,1676.881591796875
2024-06-27,1685.963134765625
2024-06-28,1657.2789306640625
2024-07-01,1665.963623046875
2024-07-02,1671.5218505859375
2024-07-03,1687.203857421875
2024-07-04,1697.32763671875
2024-07-05,1677.7747802734375
2024-07-08,1684.325439453125
2024-07-09,1683.8787841796875
2024-07-10,1661.6461181640625
2024-07-11,1674.052734375
2024-07-12,1677.9237060546875
2024-07-15,1704.7716064453125
2024-07-16,1726.01171875
2024-07-18,1714.349609375
2024-07-19,1707.7989501953125
2024-07-22,1676.2896728515625
2024-07-23,1663.2686767578125
2024-07-24,1706.8048095703125
2024-07-25,1713.6136474609375
2024-07-26,1730.3619384765625
2024-07-29,1740.5999755859375
2024-07-30,1708.7430419921875
2024-07-31,1708.4449462890625
2024-08-01,1698.753662109375
2024-08-02,1655.9132080078125
2024-08-05,1589.76416015625
2024-08-06,1631.7596435546875
2024-08-07,1594.53515625
2024-08-08,1538.2266845703125
2024-08-09,1514.967529296875
2024-08-12,1543.5443115234375
2024-08-13,1535.3441162109375
2024-08-14,1542.2025146484375
2024-08-16,1568.29443359375
2024-08-19,1552.7386474609375
2024-08-20,1531.3682861328125
2024-08-21,1562.82763671875
2024-08-22,1569.5865478515625
2024-08-23,1558.6527099609375
2024-08-26,1531.020263671875
2024-08-27,1532.0142822265625
2024-08-28,1500.7039794921875
2024-08-29,1503.785400390625
2024-08-30,1515.6136474609375
2024-09-02,1504.2823486328125
2024-09-03,1505.8726806640625
2024-09-04,1503.9344482421875
2024-09-05,1533.5548095703125
2024-09-06,1500.753662109375
2024-09-09,1484.6016845703125
2024-09-10,1517.80029296875
2024-09-11,1524.161865234375
2024-09-12,1515.414794921875
2024-09-13,1493.8455810546875
2024-09-16,1464.4239501953125
2024-09-17,1512.4329833984375
2024-09-18,1488.6768798828125
2024-09-19,1481.61962890625
2024-09-20,1491.1121826171875
2024-09-23,1493.497802734375
2024-09-24,1499.3125
2024-09-25,1501.1015625
2024-09-26,1510.146728515625
2024-09-27,1490.664794921875
2024-09-30,1489.372802734375
2024-10-01,1460.99462890625
2024-10-03,1453.838134765625
2024-10-04,1460.2491455078125
2024-10-07,1413.979736328125
2024-10-08,1415.3216552734375
2024-10-09,1438.8289794921875
2024-10-10,1455.6768798828125
2024-10-11,1459.1060791015625
2024-10-14,1460.2989501953125
2024-10-15,1499.2130126953125
2024-10-16,1490.5654296875
2024-10-17,1459.553466796875
2024-10-18,1472.524658203125
2024-10-21,1446.3831787109375
2024-10-22,1412.6875
2024-10-23,1393.106201171875
2024-10-24,1415.61962890625
2024-10-25,1369.1512451171875
2024-10-28,1356.627197265625
2024-10-29,1372.33203125
2024-10-30,1407.5684814453125
2024-10-31,1370.642333984375
2024-11-01,1384.50830078125
2024-11-04,1401.107666015625
2024-11-05,1387.68896484375
2024-11-06,1446.6317138671875
2024-11-07,1420.6392822265625
2024-11-08,1417.3095703125
2024-11-11,1420.142333984375
2024-11-12,1397.3802490234375
2024-11-13,1412.339599609375
2024-11-14,1452.8441162109375
2024-11-18,1442.0595703125
2024-11-19,1399.9149169921875
2024-11-21,1400.8095703125
2024-11-22,1404.785400390625
2024-11-25,1397.1318359375
2024-11-26,1401.00830078125
2024-11-27,1418.800537109375
2024-11-28,1413.38330078125
2024-11-29,1450.3592529296875
2024-12-02,1429.2371826171875
2024-12-03,1405.5308837890625
2024-12-04,1398.125732421875
2024-12-05,1378.9420166015625
2024-12-06,1355.63330078125
2024-12-09,1358.2176513671875
2024-12-10,1330.9827880859375
2024-12-11,1375.4134521484375
2024-12-12,1352.5518798828125
2024-12-13,1336.7476806640625
2024-12-16,1327.15576171875
2024-12-17,1316.3216552734375
2024-12-18,1310.407470703125
2024-12-19,1314.9300537109375
2024-12-20,1307.3758544921875
2024-12-23,1270.39990234375
2024-12-24,1283.5701904296875
2024-12-26,1262.7462158203125
2024-12-27,1276.2147216796875
2024-12-30,1249.9737548828125
2024-12-31,1271.940673828125
2025-01-01,1288.7884521484375
2025-01-02,1295.9451904296875
2025-01-03,1291.8697509765625
2025-01-06,1238.7916259765625
2025-01-07,1264.386474609375
2025-01-08,1237.1514892578125
2025-01-09,1255.440673828125
2025-01-10,1244.3577880859375
2025-01-13,1217.9676513671875
2025-01-14,1230.9888916015625
2025-01-15,1223.484375
2025-01-16,1242.071533203125
2025-01-17,1215.1348876953125
2025-01-20,1220.8502197265625
2025-01-21,1196.6966552734375
2025-01-22,1188.247802734375
2025-01-23,1199.1318359375
2025-01-24,1177.6123046875
2025-01-27,1146.749267578125
2025-01-28,1137.8035888671875
2025-01-29,1156.241943359375
2025-01-30,1162.75244140625
2025-01-31,1179.5506591796875
2025-02-01,1179.5506591796875
2025-02-03,1142.9224853515625
2025-02-04,1113.8487548828125
2025-02-05,1099.03857421875
2025-02-06,1103.7598876953125
2025-02-07,1099.43603515625
2025-02-10,1042.1832275390625
2025-02-11,1028.5657958984375
2025-02-12,1011.7178344726562
2025-02-13,1021.60791015625
2025-02-14,1008.4376220703124
2025-02-17,974.6425170898438
2025-02-18,907.7948608398438
2025-02-19,894.206298828125
2025-02-20,911.8764038085938
2025-02-21,895.40087890625
2025-02-24,875.78955078125
2025-02-25,860.8571166992188
2025-02-27,841.7932739257812
2025-02-28,827.9061279296875
2025-03-03,840.6484985351562
2025-03-04,886.6902465820312
2025-03-05,905.7042846679688
2025-03-06,917.7996215820312
2025-03-07,917.102783203125
2025-03-10,944.2301025390624
2025-03-11,983.7015991210938
2025-03-12,958.1172485351562
2025-03-13,951.347900390625
2025-03-17,971.805419921875
2025-03-18,971.805419921875
2025-03-19,972.15380859375
2025-03-20,973.4479370117188
2025-03-21,1017.5982666015624
2025-03-24,1008.5392456054688
2025-03-25,995.00048828125
2025-03-26,973.4977416992188
2025-03-27,959.3616943359376
2025-03-28,1009.5845947265624
2025-04-01,993.45751953125
2025-04-02,1005.7518920898438
2025-04-03,1013.8154296875
2025-04-04,988.031982421875
2025-04-07,947.3161010742188
2025-04-08,949.0582275390624
2025-04-09,936.26611328125
2025-04-11,951.0491943359376
2025-04-15,986.439208984375
2025-04-16,1003.16357421875
2025-04-17,1012.2225952148438
2025-04-21,1035.7164306640625
2025-04-22,1053.237060546875
2025-04-23,1071.7532958984375
2025-04-24,1045.0740966796875
2025-04-25,1021.3811645507812
2025-04-28,1021.2816162109376
2025-04-29,1035.6168212890625
2025-04-30,1017.5982666015624
2025-05-02,1004.2586059570312
2025-05-05,1012.123046875
2025-05-06,984.9459838867188
2025-05-07,956.9724731445312
2025-05-08,966.827880859375
2025-05-09,960.1580810546876
2025-05-12,993.5072021484376
2025-05-13,980.1675415039062
2025-05-14,958.2666015625
2025-05-15,979.470703125
2025-05-16,979.072509765625
2025-05-19,996.4937744140624
2025-05-20,1011.5257568359376
2025-05-21,1005.552734375
2025-05-22,993.40771484375
2025-05-23,996.991455078125
2025-05-26,997.2901000976562
2025-05-27,994.3036499023438
2025-05-28,989.724365234375
2025-05-29,982.8553466796876
2025-05-30,987.3351440429688
2025-06-02,974.7421264648438
2025-06-03,971.805419921875
2025-06-04,957.818603515625
2025-06-05,950.6012573242188
2025-06-06,945.2255859375
2025-06-09,947.216552734375
2025-06-10,945.573974609375
2025-06-11,949.1578369140624
2025-06-12,928.401611328125
2025-06-13,946.2708129882812
2025-06-16,934.4741821289062
2025-06-17,932.9312133789062
2025-06-18,932.2841186523438
2025-06-19,924.8676147460938
2025-06-20,933.5782470703124
2025-06-23,926.3609008789062
2025-06-24,945.1260375976562
2025-06-25,973.5972290039062
2025-06-26,958.0675659179688
2025-06-27,958.5652465820312
2025-06-30,961.1038208007812
2025-07-01,992.6610717773438
2025-07-02,994.8511352539062
2025-07-03,987.0364990234376
2025-07-04,993.9552001953124
2025-07-07,979.2716674804688
2025-07-08,984.7468872070312
2025-07-09,993.30810546875
2025-07-10,993.009521484375
2025-07-11,968.2713623046876
2025-07-14,988.927978515625
2025-07-15,981.0635375976562
2025-07-16,995.1498413085938
2025-07-17,990.2221069335938
2025-07-18,983.154052734375
2025-07-21,987.68359375
2025-07-22,975.33935546875
2025-07-23,972.7511596679688
2025-07-24,978.1267700195312
2025-07-25,954.8321533203124
2025-07-28,929.8948974609376
2025-07-29,923.9717407226562
2025-07-30,950.501708984375
2025-07-31,928.8427124023438
2025-08-01,924.2015380859376
2025-08-04,915.7674560546876
2025-08-05,903.5904541015624
2025-08-06,883.4285888671875
2025-08-07,854.1839599609375
2025-08-08,839.7113037109375
2025-08-11,847.6463012695312
2025-08-12,845.8497314453125
2025-08-13,843.9533081054688
2025-08-14,849.5926513671875
2025-08-18,873.2479248046875
2025-08-19,868.4070434570312
2025-08-20,988.3800659179688
2025-08-21,943.714599609375
2025-08-22,924.9002075195312
2025-08-25,927.64501953125
2025-08-26,901.59423828125
2025-08-28,901.4944458007812
2025-08-29,909.8785400390624
2025-09-01,931.53759765625
2025-09-02,937.9754638671876
2025-09-03,945.5111694335938
2025-09-04,944.9622192382812
2025-09-05,944.1637573242188
2025-09-08,963.5770263671876
2025-09-09,972.0609741210938
2025-09-10,980.7445068359376
2025-09-11,984.18798828125
2025-09-12,991.2246704101562
2025-09-15,977.4507446289062
2025-09-16,999.7086181640624
2025-09-17,993.5702514648438
2025-09-18,985.4855346679688
2025-09-19,956.8896484375
2025-09-22,949.5036010742188
2025-09-23,970.16455078125
2025-09-24,953.2964477539062
2025-09-25,949.2540893554688
2025-09-26,918.1629638671876
2025-09-29,910.1780395507812
2025-09-30,922.9039916992188
2025-10-01,914.7194213867188
2025-10-03,935.6298828125
2025-10-06,916.8653564453124
2025-10-07,917.5640258789062
2025-10-08,916.06689453125
2025-10-09,912.323974609375
2025-10-10,935.7796020507812
2025-10-13,926.447265625
2025-10-14,912.423828125
2025-10-15,907.3333740234376
2025-10-16,914.8192138671876
2025-10-17,902.54248046875
2025-10-20,890.9644165039062
2025-10-21,908.1318969726562
2025-10-23,904.93798828125
2025-10-24,895.6055908203125
2025-10-27,906.534912109375
2025-10-28,906.5848388671876
2025-10-29,930.3898315429688
2025-10-30,923.552734375
2025-10-31,898.799560546875
2025-11-03,907.732666015625
2025-11-04,894.208251953125
2025-11-06,885.6743774414062
2025-11-07,914.4699096679688
2025-11-10,910.0781860351562
2025-11-11,889.96630859375
2025-11-12,887.3711547851562
2025-11-13,892.162109375
2025-11-14,883.6282348632812
2025-11-17,871.5511474609375
2025-11-18,856.030517578125
2025-11-19,837.9646606445312
2025-11-20,832.3253173828125
2025-11-21,816.2557373046875
2025-11-24,830.8281860351562
2025-11-25,833.572998046875
2025-11-26,874.894775390625
2025-11-27,866.8599853515625
2025-11-28,855.23193359375
2025-12-01,880.33447265625
2025-12-02,884.4766845703125
2025-12-03,894.0086059570312
2025-12-04,878.038818359375
2025-12-05,868.2073974609375
2025-12-08,847.1472778320312
2025-12-09,869.3552856445312
2025-12-10,852.437255859375
2025-12-11,867.1094970703125
2025-12-12,872.9484252929688
2025-12-15,868.5068969726562
2025-12-16,860.6217651367188
2025-12-17,846.7479858398438
2025-12-18,848.5945434570312
2025-12-19,854.6331176757812
2025-12-22,851.1397094726562
2025-12-23,849.9419555664062
2025-12-24,847.2969970703125
2025-12-26,846.398681640625
2025-12-29,837.465576171875
2025-12-30,826.9354858398438
2025-12-31,854.2838134765625
2026-01-01,858.1265258789062
2026-01-02,857.9268798828125
2026-01-05,856.9786376953125
2026-01-06,835.9185180664062
2026-01-07,821.9449462890625
2026-01-08,816.6549682617188
2026-01-09,803.3301391601562
2026-01-12,797.74072265625
2026-01-13,808.8696899414062
2026-01-14,806.1249389648438
2026-01-16,812.5626831054688
2026-01-19,807.9713745117188
2026-01-20,778.1777954101562
2026-01-21,800.9346923828125
2026-01-22,813.3612060546875
2026-01-23,816.6549682617188
2026-01-27,819.5494384765625
2026-01-28,832.8244018554688
2026-01-29,802.7313232421875
2026-01-30,786.7615356445312
2026-02-02,752.9754638671875
2026-02-03,792.8499755859375
2026-02-04,804.0499877929688
2026-02-05,790.4500122070312
2026-02-06,771.4000244140625
2026-02-09,830.0
2026-02-10,826.3499755859375
2026-02-11,844.6500244140625
2026-02-12,835.75
2026-02-13,825.5
2026-02-16,820.1500244140625
2026-02-17,830.0499877929688
2026-02-18,840.9000244140625
2026-02-19,844.1500244140625
2026-02-20,843.5499877929688
2026-02-23,849.75
2026-02-24,842.0999755859375
2026-02-25,833.9000244140625
2026-02-26,837.5
2026-02-27,823.25
2026-03-02,806.9500122070312
2026-03-04,799.1500244140625
2026-03-05,813.5499877929688
2026-03-06,804.2999877929688
2026-03-09,796.2999877929688
2026-03-10,798.2999877929688
2026-03-11,787.0999755859375
2026-03-12,787.5
2026-03-13,755.5999755859375
2026-03-16,758.5499877929688
2026-03-17,752.8499755859375
2026-03-18,767.7000122070312
2026-03-19,748.3499755859375
2026-03-20,756.9500122070312
2026-03-23,755.4500122070312
2026-03-24,764.0
2026-03-25,788.0
2026-03-27,767.5499877929688
2026-03-30,775.7000122070312
2026-04-01,802.5
2026-04-02,854.0
2026-04-06,827.75
2026-04-07,855.9500122070312
2026-04-08,860.7000122070312
2026-04-09,855.25
2026-04-10,895.4500122070312
2026-04-13,883.6500244140625
2026-04-15,888.1500244140625
2026-04-16,886.7000122070312
2026-04-17,940.0999755859376
2026-04-20,941.1500244140624
2026-04-21,933.25
2026-04-22,941.4000244140624
2026-04-23,949.0499877929688
2026-04-24,926.1500244140624
2026-04-27,946.0999755859376
2026-04-28,968.1500244140624
2026-04-29,976.0999755859376
2026-04-30,951.75
2026-05-01,951.75
2026-05-04,980.0
2026-05-05,974.3499755859376
2026-05-06,987.7999877929688
2026-05-07,1003.4000244140624
2026-05-08,1027.699951171875
2026-05-11,1039.0
2026-05-12,1008.6500244140624
2026-05-13,1033.300048828125
2026-05-14,1037.3499755859375
2026-05-15,1102.4000244140625
2026-05-18,1098.25
2026-05-19,1076.199951171875
2026-05-20,1059.1500244140625
2026-05-21,1062.4000244140625
2026-05-22,1056.8499755859375
2026-05-25,1057.4000244140625
2026-05-26,1043.3499755859375
2026-05-27,1035.0
2026-05-28,1035.0
2026-05-29,1029.050048828125
2026-06-01,1030.5999755859375
2026-06-02,1023.0999755859376
2026-06-03,1011.7000122070312
2026-06-04,1028.5999755859375
2026-06-05,1039.800048828125
2026-06-08,1054.5
2026-06-09,1040.0999755859375
2026-06-10,1016.4000244140624
2026-06-11,997.7999877929688
2026-06-12,1053.0999755859375
2026-06-15,1065.9000244140625
2026-06-16,1065.5
2026-06-17,1130.300048828125
2026-06-18,1192.199951171875
2026-06-19,1241.699951171875
2026-06-22,1211.4000244140625
2026-06-23,1212.300048828125
2026-06-24,1162.5
2026-06-25,1143.300048828125
2026-06-26,1143.300048828125
2026-06-29,1191.9000244140625
2026-06-30,1178.199951171875
2026-07-01,1163.9000244140625
2026-07-02,1141.699951171875
2026-07-03,1139.5999755859375
2026-07-06,1144.5
2026-07-07,1106.0999755859375
2026-07-08,1080.5
2026-07-09,1089.800048828125
2026-07-10,1091.199951171875
2026-07-13,1073.0
2026-07-14,1066.199951171875
2026-07-15,1081.800048828125
2026-07-16,1085.300048828125
2026-07-17,1059.800048828125
2026-07-20,1087.199951171875
2026-07-21,1084.199951171875
2026-07-22,1068.9000244140625
2026-07-23,1056.0999755859375
2026-07-24,1064.300048828125
2026-07-27,1073.0999755859375
2026-07-28,1061.5
