,close
2005-01-03,76.0711441040039
2005-01-04,75.13570404052734
2005-01-05,75.131591796875
2005-01-06,74.13404846191406
2005-01-07,72.7640609741211
2005-01-10,73.21519470214844
2005-01-11,67.63167572021484
2005-01-12,68.62503814697266
2005-01-13,69.87914276123047
2005-01-14,71.0711898803711
2005-01-17,69.51905059814453
2005-01-18,70.9056396484375
2005-01-19,71.82035064697266
2005-01-20,71.55958557128906
2005-01-24,69.523193359375
2005-01-25,68.39739990234375
2005-01-27,69.31329345703125
2005-01-28,69.42152404785156
2005-01-31,69.70464324951172
2005-02-01,69.9627456665039
2005-02-02,69.80452728271484
2005-02-03,69.13842010498047
2005-02-04,68.73042297363281
2005-02-07,68.75956726074219
2005-02-08,68.59720611572266
2005-02-09,70.1001205444336
2005-02-10,69.20503997802734
2005-02-11,69.86285400390625
2005-02-14,69.6546630859375
2005-02-15,74.05518341064453
2005-02-16,74.03020477294922
2005-02-17,73.98856353759766
2005-02-18,74.2591781616211
2005-02-21,74.59222412109375
2005-02-22,74.93363189697266
2005-02-23,74.35076904296875
2005-02-24,74.051025390625
2005-02-25,72.40239715576172
2005-02-28,69.0801773071289
2005-03-01,67.90612030029297
2005-03-02,69.0093765258789
2005-03-03,70.58309173583984
2005-03-04,71.86115264892578
2005-03-07,72.2774887084961
2005-03-08,71.88198852539062
2005-03-09,72.43986511230469
2005-03-10,71.96109008789062
2005-03-11,71.02020263671875
2005-03-14,70.33328247070312
2005-03-15,69.89197540283203
2005-03-16,70.10845947265625
2005-03-17,70.99108123779297
2005-03-18,71.19918060302734
2005-03-21,70.95775604248047
2005-03-22,70.08348846435547
2005-03-23,68.39739227294922
2005-03-24,66.88614654541016
2005-03-28,66.1617431640625
2005-03-29,67.32325744628906
2005-03-30,66.69049072265625
2005-03-31,66.64466094970703
2005-04-01,66.598876953125
2005-04-04,66.7529067993164
2005-04-05,67.4814682006836
2005-04-06,67.70209503173828
2005-04-07,68.07264709472656
2005-04-08,68.29747009277344
2005-04-11,68.44315338134766
2005-04-12,72.88949584960938
2005-04-13,69.69214630126953
2005-04-15,69.99606323242188
2005-04-18,69.94192504882812
2005-04-19,69.775390625
2005-04-20,70.37906646728516
2005-04-21,70.09598541259766
2005-04-22,70.3582534790039
2005-04-25,69.99191284179688
2005-04-26,70.51644134521484
2005-04-27,71.7820816040039
2005-04-28,71.82369232177734
2005-04-29,72.79786682128906
2005-05-02,71.6238784790039
2005-05-03,72.25253295898438
2005-05-04,72.02351379394531
2005-05-05,72.26915740966797
2005-05-06,73.59307861328125
2005-05-09,73.43487548828125
2005-05-10,75.39158630371094
2005-05-11,75.02940368652344
2005-05-12,75.73296356201172
2005-05-13,75.43321228027344
2005-05-16,74.97108459472656
2005-05-17,74.87950897216797
2005-05-18,75.70380401611328
2005-05-19,76.51982116699219
2005-05-20,75.82870483398438
2005-05-23,75.75794982910156
2005-05-24,75.9494400024414
2005-05-25,74.91278839111328
2005-05-26,76.35745239257812
2005-05-27,76.2283935546875
2005-05-30,75.10432434082031
2005-05-31,76.04936981201172
2005-06-01,78.07264709472656
2005-06-02,75.66219329833984
2005-06-03,76.4365463256836
2005-06-06,76.45736694335938
2005-06-07,77.87283325195312
2005-06-08,76.81954956054688
2005-06-09,77.01522064208984
2005-06-10,77.42321014404297
2005-06-13,77.0194091796875
2005-06-14,77.8520278930664
2005-06-15,79.77125549316406
2005-06-16,78.98442840576172
2005-06-17,77.65635681152344
2005-06-20,78.2850112915039
2005-06-21,78.26837158203125
2005-06-22,77.87700653076172
2005-06-23,77.8437271118164
2005-06-24,78.58475494384766
2005-06-27,79.09683227539062
2005-06-28,77.8520278930664
2005-06-29,78.43487548828125
2005-06-30,78.7720718383789
2005-07-01,79.0926742553711
2005-07-04,78.88450622558594
2005-07-05,78.95112609863281
2005-07-06,78.78874206542969
2005-07-07,78.64718627929688
2005-07-08,78.38077545166016
2005-07-11,79.06354522705078
2005-07-12,79.10100555419922
2005-07-13,80.2667007446289
2005-07-14,80.34996795654297
2005-07-15,81.9361343383789
2005-07-18,82.93948364257812
2005-07-19,84.97111511230469
2005-07-20,90.05023193359375
2005-07-21,88.08937072753906
2005-07-22,87.89370727539062
2005-07-25,88.81375885009766
2005-07-26,88.02275085449219
2005-07-27,88.28086853027344
2005-07-28,275.8778076171875
2005-07-29,88.77212524414062
2005-08-01,88.92616271972656
2005-08-02,89.13434600830078
2005-08-03,88.93450927734375
2005-08-04,90.28337860107422
2005-08-05,91.38247680664062
2005-08-08,90.07103729248047
2005-08-09,91.415771484375
2005-08-10,91.55314636230467
2005-08-11,91.6156005859375
2005-08-12,96.96116638183594
2005-08-16,99.79632568359376
2005-08-17,99.62145233154295
2005-08-18,99.52152252197266
2005-08-19,99.83797454833984
2005-08-22,97.7105484008789
2005-08-23,94.38417053222656
2005-08-24,96.5906219482422
2005-08-25,98.84709167480467
2005-08-26,99.9586410522461
2005-08-29,98.02278900146484
2005-08-30,98.45158386230467
2005-08-31,100.0044937133789
2005-09-01,100.32086944580078
2005-09-02,100.66643524169922
2005-09-05,102.5648193359375
2005-09-06,104.18016815185548
2005-09-08,105.27095794677734
2005-09-09,104.975341796875
2005-09-12,109.40914154052734
2005-09-13,110.15019989013672
2005-09-14,112.96652221679688
2005-09-15,111.96637725830078
2005-09-16,108.69391632080078
2005-09-19,107.53477478027344
2005-09-20,109.4471664428711
2005-09-21,107.02420806884766
2005-09-22,104.62220764160156
2005-09-23,108.66880798339844
2005-09-26,112.86192321777344
2005-09-27,112.03752899169922
2005-09-28,110.4431610107422
2005-09-29,112.95817565917967
2005-09-30,110.93692779541016
2005-10-03,111.9245147705078
2005-10-04,110.50592041015624
2005-10-05,111.3051528930664
2005-10-06,112.97908782958984
2005-10-07,115.3852996826172
2005-10-10,116.75369262695312
2005-10-11,114.7074203491211
2005-10-13,114.38936614990234
2005-10-14,113.21341705322266
2005-10-17,109.96609497070312
2005-10-18,110.49755859375
2005-10-19,109.88658142089844
2005-10-20,107.66864013671876
2005-10-21,108.89893341064452
2005-10-24,107.3506317138672
2005-10-25,108.8026885986328
2005-10-26,110.89508819580078
2005-10-27,107.96580505371094
2005-10-28,108.91571807861328
2005-10-31,111.47257232666016
2005-11-02,109.11241149902344
2005-11-04,109.11241149902344
2005-11-07,107.969970703125
2005-11-08,108.1080551147461
2005-11-09,105.24994659423828
2005-11-10,101.50875091552734
2005-11-11,104.6598663330078
2005-11-14,106.54302978515624
2005-11-16,106.49699401855467
2005-11-17,105.36290740966795
2005-11-18,107.46363067626952
2005-11-21,105.9864273071289
2005-11-22,108.35914611816406
2005-11-23,109.97865295410156
2005-11-24,111.78226470947266
2005-11-25,112.12963104248048
2005-11-28,112.8912124633789
2005-11-29,116.25574493408205
2005-11-30,115.98372650146484
2005-12-01,118.04678344726562
2005-12-02,119.3649444580078
2005-12-05,120.51580047607422
2005-12-06,121.85491943359376
2005-12-07,123.55804443359376
2005-12-08,124.24432373046876
2005-12-09,124.4828872680664
2005-12-12,125.315673828125
2005-12-13,124.5037841796875
2005-12-14,124.71721649169922
2005-12-15,123.4910888671875
2005-12-16,124.08529663085938
2005-12-19,124.49542236328124
2005-12-20,124.70047760009766
2005-12-21,124.5875015258789
2005-12-22,122.92619323730467
2005-12-23,121.90927124023438
2005-12-26,122.82156372070312
2005-12-27,122.30681610107422
2005-12-28,120.87987518310548
2005-12-29,120.66641998291016
2005-12-30,121.30670928955078
2006-01-02,121.16024780273438
2006-01-03,121.00955963134766
2006-01-04,119.3189468383789
2006-01-05,125.79268646240234
2006-01-06,119.46958923339844
2006-01-09,118.3941421508789
2006-01-10,117.42326354980467
2006-01-12,112.15889739990234
2006-01-13,110.58544921875
2006-01-16,107.45526123046876
2006-01-17,108.32567596435548
2006-01-18,107.24185943603516
2006-01-19,107.97834014892578
2006-01-20,111.33448028564452
2006-01-23,109.6396942138672
2006-01-24,109.4471664428711
2006-01-25,110.71099853515624
2006-01-27,111.41819763183594
2006-01-30,111.42237854003906
2006-01-31,111.85763549804688
2006-02-01,111.0336456298828
2006-02-02,113.32461547851562
2006-02-03,112.97992706298828
2006-02-06,114.8631820678711
2006-02-07,113.64833068847656
2006-02-08,113.5137939453125
2006-02-10,114.91358184814452
2006-02-13,121.7570343017578
2006-02-14,126.1077651977539
2006-02-15,126.64576721191406
2006-02-16,124.99380493164062
2006-02-17,121.37030792236328
2006-02-20,116.72110748291016
2006-02-21,117.65853881835938
2006-02-22,117.54923248291016
2006-02-23,116.62019348144533
2006-02-24,117.63333129882812
2006-02-27,115.35498809814452
2006-02-28,121.60993957519533
2006-03-01,120.70618438720705
2006-03-02,120.53377532958984
2006-03-03,120.6684799194336
2006-03-06,119.54878997802734
2006-03-07,120.41170501708984
2006-03-08,118.16805267333984
2006-03-09,117.7723388671875
2006-03-10,117.03573608398438
2006-03-13,116.610595703125
2006-03-14,114.74577331542967
2006-03-16,117.97444152832033
2006-03-17,117.60399627685548
2006-03-20,118.06705474853516
2006-03-21,117.9281005859375
2006-03-22,114.70791625976562
2006-03-23,114.91838073730467
2006-03-24,116.6190185546875
2006-03-27,114.17333984375
2006-03-28,116.93472290039062
2006-03-29,116.04228973388672
2006-03-30,118.70269012451172
2006-03-31,121.69136810302734
2006-04-03,117.5408706665039
2006-04-04,118.99739837646484
2006-04-05,118.79527282714844
2006-04-07,120.1002197265625
2006-04-10,121.3841323852539
2006-04-12,121.9145278930664
2006-04-13,119.43514251708984
2006-04-17,116.9936752319336
2006-04-18,120.69371795654295
2006-04-19,121.65354919433594
2006-04-20,122.89952850341795
2006-04-21,123.695068359375
2006-04-24,128.6538543701172
2006-04-25,129.47471618652344
2006-04-26,131.642578125
2006-04-27,134.6944122314453
2006-04-28,139.3163604736328
2006-05-02,150.2484130859375
2006-05-03,149.68434143066406
2006-05-04,151.46917724609375
2006-05-05,148.29525756835938
2006-05-08,147.50804138183594
2006-05-09,152.30264282226562
2006-05-10,151.72177124023438
2006-05-11,153.1571807861328
2006-05-12,150.45889282226562
2006-05-15,145.02024841308594
2006-05-16,143.97213745117188
2006-05-17,144.99072265625
2006-05-18,130.99853515625
2006-05-19,133.41477966308594
2006-05-22,124.57910919189452
2006-05-23,131.87831115722656
2006-05-24,129.7062225341797
2006-05-25,126.59544372558594
2006-05-26,136.4498291015625
2006-05-29,142.89024353027344
2006-05-30,143.17649841308594
2006-05-31,147.03659057617188
2006-06-01,145.30645751953125
2006-06-02,141.55584716796875
2006-06-05,138.15455627441406
2006-06-06,140.94972229003906
2006-06-07,130.26609802246094
2006-06-08,117.06940460205078
2006-06-09,120.58011627197266
2006-06-12,132.21507263183594
2006-06-13,122.01139831542967
2006-06-14,121.9481964111328
2006-06-15,121.80084228515624
2006-06-16,129.47048950195312
2006-06-19,125.24842071533205
2006-06-20,126.12818145751952
2006-06-21,124.91165924072266
2006-06-22,121.10205078125
2006-06-23,120.31488037109376
2006-06-26,119.23304748535156
2006-06-27,117.98284912109376
2006-06-28,117.97444152832033
2006-06-29,118.37013244628906
2006-06-30,121.22412109375
2006-07-03,122.78585815429688
2006-07-04,121.96501159667967
2006-07-05,123.93083953857422
2006-07-06,122.09552001953124
2006-07-07,121.08942413330078
2006-07-10,122.41122436523438
2006-07-11,122.67222595214844
2006-07-12,123.13103485107422
2006-07-13,120.46224212646484
2006-07-14,122.41122436523438
2006-07-17,120.07074737548828
2006-07-18,121.24942016601562
2006-07-19,118.70269012451172
2006-07-20,121.6787567138672
2006-07-21,119.69189453125
2006-07-24,123.13103485107422
2006-07-25,124.90741729736328
2006-07-26,129.2136688232422
2006-07-27,128.39288330078125
2006-07-28,126.46489715576172
2006-07-31,139.888916015625
2006-08-01,134.13038635253906
2006-08-02,135.12806701660156
2006-08-03,131.08270263671875
2006-08-04,129.08319091796875
2006-08-07,127.63516998291016
2006-08-08,128.35499572753906
2006-08-09,128.8474884033203
2006-08-10,130.66184997558594
2006-08-11,129.58834838867188
2006-08-14,130.46817016601562
2006-08-16,134.78382873535156
2006-08-17,134.47100830078125
2006-08-18,134.5894012451172
2006-08-21,139.5813446044922
2006-08-22,141.17916870117188
2006-08-23,139.31927490234375
2006-08-24,137.64964294433594
2006-08-25,136.7028350830078
2006-08-28,135.4897003173828
2006-08-29,137.68771362304688
2006-08-30,135.75601196289062
2006-08-31,135.65879821777344
2006-09-01,135.6080780029297
2006-09-04,134.6866455078125
2006-09-05,135.18960571289062
2006-09-06,136.1068878173828
2006-09-07,137.64122009277344
2006-09-08,141.75823974609375
2006-09-11,141.5215606689453
2006-09-12,142.01600646972656
2006-09-13,141.35670471191406
2006-09-14,139.84349060058594
2006-09-15,140.50704956054688
2006-09-18,137.2692108154297
2006-09-19,141.259521484375
2006-09-20,137.32421875
2006-09-21,137.70884704589844
2006-09-22,141.20034790039062
2006-09-25,141.64410400390625
2006-09-26,140.98892211914062
2006-09-27,142.4049530029297
2006-09-28,142.2316436767578
2006-09-29,142.7726593017578
2006-10-03,140.22811889648438
2006-10-04,141.79208374023438
2006-10-05,143.48277282714844
2006-10-06,144.5142822265625
2006-10-09,147.73509216308594
2006-10-10,153.37380981445312
2006-10-11,151.28155517578125
2006-10-12,152.8834686279297
2006-10-13,153.3653106689453
2006-10-16,158.0826416015625
2006-10-17,161.10911560058594
2006-10-18,162.30105590820312
2006-10-19,162.19119262695312
2006-10-20,162.32223510742188
2006-10-23,163.86924743652344
2006-10-26,166.14756774902344
2006-10-27,166.5576171875
2006-10-30,166.9633331298828
2006-10-31,173.16848754882812
2006-11-01,170.94088745117188
2006-11-02,173.19808959960938
2006-11-03,173.5869598388672
2006-11-06,179.21298217773438
2006-11-07,184.91085815429688
2006-11-08,188.8461456298828
2006-11-09,182.619873046875
2006-11-10,185.3293609619141
2006-11-13,190.1860809326172
2006-11-14,190.63414001464844
2006-11-15,189.7253570556641
2006-11-16,191.166748046875
2006-11-17,183.5878295898437
2006-11-20,180.43878173828125
2006-11-21,183.43145751953125
2006-11-22,185.9380645751953
2006-11-23,182.8101043701172
2006-11-24,182.5987548828125
2006-11-27,182.21408081054688
2006-11-28,179.33131408691406
2006-11-29,179.2974853515625
2006-11-30,181.795639038086
2006-12-01,181.5461883544922
2006-12-04,178.8748321533203
2006-12-05,184.1119842529297
2006-12-06,182.75938415527344
2006-12-07,178.92132568359375
2006-12-08,179.6779327392578
2006-12-11,179.6103057861328
2006-12-12,174.41119384765625
2006-12-13,179.99072265625
2006-12-14,186.5805053710937
2006-12-15,183.8034210205078
2006-12-18,181.25035095214844
2006-12-19,179.02276611328125
2006-12-20,178.03787231445312
2006-12-21,177.04457092285156
2006-12-22,180.2951202392578
2006-12-26,185.4181060791016
2006-12-27,180.89532470703125
2006-12-28,180.9037933349609
2006-12-29,179.67373657226562
2007-01-02,179.7159881591797
2007-01-03,180.354232788086
2007-01-04,179.40321350097656
2007-01-05,178.5028533935547
2007-01-08,174.7916259765625
2007-01-09,173.5615997314453
2007-01-10,173.88284301757812
2007-01-11,171.57073974609375
2007-01-12,175.62855529785156
2007-01-15,180.3035430908203
2007-01-16,175.53973388671875
2007-01-17,174.44503784179688
2007-01-18,172.12867736816406
2007-01-19,171.60025024414062
2007-01-22,168.324462890625
2007-01-23,170.85638427734375
2007-01-24,173.17694091796875
2007-01-25,171.18606567382812
2007-01-29,174.5506591796875
2007-01-31,170.6919708251953
2007-02-01,170.34812927246094
2007-02-02,171.61317443847656
2007-02-05,170.43299865722656
2007-02-06,168.3232421875
2007-02-07,169.3760528564453
2007-02-08,169.5500946044922
2007-02-09,168.92605590820312
2007-02-12,165.58096313476562
2007-02-13,163.22076416015625
2007-02-14,161.3147735595703
2007-02-15,165.55552673339844
2007-02-19,163.12738037109375
2007-02-20,160.70770263671875
2007-02-21,160.4784698486328
2007-02-22,160.59310913085938
2007-02-23,159.71861267089844
2007-02-26,155.35476684570312
2007-02-27,157.10372924804688
2007-02-28,160.83929443359375
2007-03-01,159.61253356933594
2007-03-02,160.0879364013672
2007-03-05,155.07028198242188
2007-03-06,152.0181884765625
2007-03-07,148.8302001953125
2007-03-08,152.4639434814453
2007-03-09,152.62518310546875
2007-03-12,153.8987274169922
2007-03-13,154.5184783935547
2007-03-14,149.1188201904297
2007-03-15,153.24075317382812
2007-03-16,154.78170776367188
2007-03-19,157.49000549316406
2007-03-20,161.39964294433594
2007-03-21,163.14437866210938
2007-03-22,158.47483825683594
2007-03-23,157.8932647705078
2007-03-26,160.01153564453125
2007-03-28,156.976318359375
2007-03-29,159.96908569335938
2007-03-30,165.38565063476562
2007-04-02,159.59129333496094
2007-04-03,160.52093505859375
2007-04-04,158.12673950195312
2007-04-05,155.80892944335938
2007-04-09,159.99029541015625
2007-04-10,163.66647338867188
2007-04-11,165.38998413085938
2007-04-12,167.07522583007812
2007-04-13,176.5076446533203
2007-04-16,174.2875213623047
2007-04-17,171.96971130371094
2007-04-18,174.2620391845703
2007-04-19,170.55194091796875
2007-04-20,176.40151977539062
2007-04-23,177.40757751464844
2007-04-24,173.5955810546875
2007-04-25,171.38816833496094
2007-04-26,173.01828002929688
2007-04-27,170.9042510986328
2007-04-30,176.0915985107422
2007-05-03,173.8629913330078
2007-05-04,172.77203369140625
2007-05-07,171.57496643066406
2007-05-08,170.50094604492188
2007-05-09,170.3057098388672
2007-05-10,170.63253784179688
2007-05-11,170.91697692871094
2007-05-14,171.6089324951172
2007-05-15,170.9678955078125
2007-05-16,169.83447265625
2007-05-17,170.28021240234375
2007-05-18,171.0315704345703
2007-05-21,171.8296356201172
2007-05-22,171.18434143066406
2007-05-23,172.38998413085938
2007-05-24,173.10736083984375
2007-05-25,174.05398559570312
2007-05-28,178.28627014160156
2007-05-29,193.3475952148437
2007-05-30,188.7969512939453
2007-05-31,193.88253784179688
2007-06-01,187.3027191162109
2007-06-04,184.46707153320312
2007-06-05,180.9012451171875
2007-06-06,177.827880859375
2007-06-07,176.0958251953125
2007-06-08,174.2577667236328
2007-06-11,174.6440887451172
2007-06-12,176.03219604492188
2007-06-13,174.05398559570312
2007-06-14,176.15109252929688
2007-06-15,176.45672607421875
2007-06-18,177.6962432861328
2007-06-19,179.2415008544922
2007-06-20,178.43490600585938
2007-06-21,181.25357055664065
2007-06-22,185.910400390625
2007-06-25,197.554443359375
2007-06-26,202.19422912597656
2007-06-27,198.61148071289065
2007-06-28,196.72244262695312
2007-06-29,198.2166442871093
2007-07-02,189.123779296875
2007-07-03,190.0067596435547
2007-07-04,188.805419921875
2007-07-05,193.95040893554688
2007-07-06,193.20327758789065
2007-07-09,191.32701110839844
2007-07-10,191.7981719970703
2007-07-11,189.471923828125
2007-07-12,190.69021606445312
2007-07-13,190.4991912841797
2007-07-16,189.0601348876953
2007-07-17,189.83702087402344
2007-07-18,189.3021545410156
2007-07-19,191.0892639160156
2007-07-20,191.3397216796875
2007-07-23,189.0728912353516
2007-07-24,189.3572998046875
2007-07-25,189.1832275390625
2007-07-26,190.974609375
2007-07-27,188.87335205078125
2007-07-30,186.8272705078125
2007-07-31,186.3009185791016
2007-08-01,182.31060791015625
2007-08-02,175.61195373535156
2007-08-03,176.0789031982422
2007-08-06,176.95335388183594
2007-08-07,184.67498779296875
2007-08-08,185.1311187744141
2007-08-09,183.843978881836
2007-08-10,187.1471710205078
2007-08-13,181.58917236328125
2007-08-14,176.85804748535156
2007-08-16,173.84463500976562
2007-08-17,168.2525634765625
2007-08-20,171.13385009765625
2007-08-21,164.6722869873047
2007-08-22,168.031005859375
2007-08-23,167.59193420410156
2007-08-24,171.64108276367188
2007-08-27,174.432861328125
2007-08-28,177.54434204101562
2007-08-29,177.9279327392578
2007-08-30,176.1505584716797
2007-08-31,178.04295349121094
2007-09-03,178.74200439453125
2007-09-04,187.1641845703125
2007-09-05,186.9894561767578
2007-09-06,191.60125732421875
2007-09-07,190.2799224853516
2007-09-10,187.50946044921875
2007-09-11,183.5753326416016
2007-09-12,186.2904510498047
2007-09-13,189.36782836914065
2007-09-14,187.6117401123047
2007-09-17,187.5648956298828
2007-09-18,187.539306640625
2007-09-19,190.8851623535156
2007-09-20,195.2710418701172
2007-09-21,188.3278350830078
2007-09-24,185.9196014404297
2007-09-25,186.8914337158203
2007-09-26,184.63668823242188
2007-09-27,177.84268188476562
2007-09-28,179.48361206054688
2007-10-01,176.44033813476562
2007-10-03,181.5465850830078
2007-10-04,176.934814453125
2007-10-05,172.54466247558594
2007-10-08,168.031005859375
2007-10-09,168.7001190185547
2007-10-10,173.58035278320312
2007-10-11,171.0358428955078
2007-10-12,165.33294677734375
2007-10-15,163.24871826171875
2007-10-16,160.6742401123047
2007-10-17,160.17984008789062
2007-10-18,159.83462524414062
2007-10-19,159.65989685058594
2007-10-22,159.17820739746094
2007-10-23,159.46807861328125
2007-10-24,159.43820190429688
2007-10-25,158.82020568847656
2007-10-26,178.0003662109375
2007-10-29,170.54147338867188
2007-10-30,169.6505584716797
2007-10-31,168.45291137695312
2007-11-01,168.48269653320312
2007-11-02,169.33944702148438
2007-11-05,167.27224731445312
2007-11-06,166.86305236816406
2007-11-07,162.35787963867188
2007-11-08,160.154296875
2007-11-12,160.461181640625
2007-11-13,159.85589599609375
2007-11-14,161.0238494873047
2007-11-15,161.72705078125
2007-11-16,162.0254669189453
2007-11-19,161.51815795898438
2007-11-20,160.26510620117188
2007-11-21,157.22610473632812
2007-11-22,156.30548095703125
2007-11-23,151.45501708984375
2007-11-26,151.9920654296875
2007-11-27,150.84979248046875
2007-11-28,149.17898559570312
2007-11-29,151.1609649658203
2007-11-30,151.7661895751953
2007-12-03,156.93206787109375
2007-12-04,159.45957946777344
2007-12-05,161.94869995117188
2007-12-06,161.531005859375
2007-12-07,158.4067840576172
2007-12-10,160.8575439453125
2007-12-11,156.45037841796875
2007-12-12,155.8536834716797
2007-12-13,152.9596710205078
2007-12-14,154.3917236328125
2007-12-17,153.21957397460938
2007-12-18,152.93406677246094
2007-12-19,152.9936981201172
2007-12-20,156.47171020507812
2007-12-24,157.3497314453125
2007-12-26,157.31988525390625
2007-12-27,158.04446411132812
2007-12-28,157.6096954345703
2007-12-31,164.23329162597656
2008-01-01,164.02012634277344
2008-01-02,163.24014282226562
2008-01-03,163.87525939941406
2008-01-04,159.50218200683594
2008-01-07,156.29263305664062
2008-01-08,154.8179473876953
2008-01-09,152.75927734375
2008-01-10,151.9239044189453
2008-01-11,146.8858642578125
2008-01-14,146.51504516601562
2008-01-15,144.43081665039062
2008-01-16,139.45677185058594
2008-01-17,135.44171142578125
2008-01-18,131.70372009277344
2008-01-21,135.28407287597656
2008-01-22,134.13320922851562
2008-01-23,133.66859436035156
2008-01-24,132.83746337890625
2008-01-25,137.90951538085938
2008-01-28,136.4390411376953
2008-01-29,134.27813720703125
2008-01-30,132.98239135742188
2008-01-31,153.1556396484375
2008-02-01,153.04910278320312
2008-02-04,157.78883361816406
2008-02-05,159.391357421875
2008-02-06,156.100830078125
2008-02-07,151.44227600097656
2008-02-08,150.3554229736328
2008-02-11,146.98387145996094
2008-02-12,146.18263244628906
2008-02-13,146.39999389648438
2008-02-14,146.28858947753906
2008-02-15,147.968017578125
2008-02-18,147.2997283935547
2008-02-19,148.27215576171875
2008-02-20,148.16505432128906
2008-02-21,147.81805419921875
2008-02-22,147.5738983154297
2008-02-25,146.67849731445312
2008-02-26,147.33822631835938
2008-02-27,147.71946716308594
2008-02-28,148.54214477539062
2008-02-29,150.70562744140625
2008-03-03,150.57705688476562
2008-03-04,149.3303985595703
2008-03-05,146.66990661621094
2008-03-07,145.7316436767578
2008-03-10,142.87838745117188
2008-03-11,143.6709442138672
2008-03-12,144.80624389648438
2008-03-13,143.24256896972656
2008-03-14,145.21754455566406
2008-03-17,140.496337890625
2008-03-18,141.14324951171875
2008-03-19,141.8115692138672
2008-03-24,138.01583862304688
2008-03-25,139.59664916992188
2008-03-26,139.02259826660156
2008-03-27,142.6042022705078
2008-03-28,146.28858947753906
2008-03-31,147.87371826171875
2008-04-01,145.4703826904297
2008-04-02,146.43002319335938
2008-04-03,147.90374755859375
2008-04-04,145.66741943359375
2008-04-07,147.83087158203125
2008-04-08,148.89337158203125
2008-04-09,155.48681640625
2008-04-10,157.85598754882812
2008-04-11,157.0248260498047
2008-04-15,155.47824096679688
2008-04-16,160.94915771484375
2008-04-17,160.86354064941406
2008-04-21,156.39076232910156
2008-04-22,155.12261962890625
2008-04-23,155.4568328857422
2008-04-24,155.08836364746094
2008-04-25,152.3036651611328
2008-04-28,151.3182373046875
2008-04-29,150.82125854492188
2008-04-30,147.25680541992188
2008-05-02,148.82485961914062
2008-05-05,150.23863220214844
2008-05-06,149.11624145507812
2008-05-07,151.3697052001953
2008-05-08,150.85556030273438
2008-05-09,156.04798889160156
2008-05-12,159.68963623046875
2008-05-13,160.1179962158203
2008-05-14,157.35899353027344
2008-05-15,156.85342407226562
2008-05-16,155.90234375
2008-05-20,154.12010192871094
2008-05-21,151.94369506835938
2008-05-22,150.86412048339844
2008-05-23,151.6695556640625
2008-05-26,151.8323974609375
2008-05-27,150.032958984375
2008-05-28,149.2447052001953
2008-05-29,149.93878173828125
2008-05-30,148.2593536376953
2008-06-02,143.0240936279297
2008-06-03,137.74591064453125
2008-06-04,130.44561767578125
2008-06-05,134.52413940429688
2008-06-06,135.95510864257812
2008-06-09,132.23638916015625
2008-06-10,130.26560974121094
2008-06-11,131.68800354003906
2008-06-12,129.3145751953125
2008-06-13,127.4895248413086
2008-06-16,133.08468627929688
2008-06-17,137.67733764648438
2008-06-18,132.57913208007812
2008-06-19,134.36993408203125
2008-06-20,133.8643341064453
2008-06-23,128.50909423828125
2008-06-24,128.5262451171875
2008-06-25,133.34170532226562
2008-06-26,134.32705688476562
2008-06-27,133.20460510253906
2008-06-30,132.90476989746094
2008-07-01,131.29385375976562
2008-07-02,130.00863647460938
2008-07-03,127.1639175415039
2008-07-04,130.18858337402344
2008-07-07,130.8568572998047
2008-07-08,130.68551635742188
2008-07-09,136.0579376220703
2008-07-10,134.1128692626953
2008-07-11,131.08824157714844
2008-07-14,128.56056213378906
2008-07-15,128.5262451171875
2008-07-16,128.0893096923828
2008-07-17,130.25714111328125
2008-07-18,132.18499755859375
2008-07-21,134.12139892578125
2008-07-22,135.72372436523438
2008-07-23,141.24179077148438
2008-07-24,144.82333374023438
2008-07-25,145.57740783691406
2008-07-28,146.53712463378906
2008-07-29,142.7412872314453
2008-07-30,142.4071044921875
2008-07-31,143.94082641601562
2008-08-01,143.83802795410156
2008-08-04,144.47207641601562
2008-08-05,145.1918487548828
2008-08-06,145.58595275878906
2008-08-07,143.92372131347656
2008-08-08,144.30072021484375
2008-08-11,148.13079833984375
2008-08-12,151.83230590820312
2008-08-13,149.34738159179688
2008-08-14,151.35780334472656
2008-08-18,150.14984130859375
2008-08-19,150.09808349609375
2008-08-20,151.01266479492188
2008-08-21,150.94366455078125
2008-08-22,150.0290985107422
2008-08-25,150.82286071777344
2008-08-26,151.32327270507812
2008-08-27,151.46136474609375
2008-08-28,151.45272827148438
2008-08-29,151.59938049316406
2008-09-01,150.55535888671875
2008-09-02,152.9281005859375
2008-09-04,156.24147033691406
2008-09-05,156.11199951171875
2008-09-08,152.97129821777344
2008-09-09,155.28372192382812
2008-09-10,155.31817626953125
2008-09-11,152.32418823242188
2008-09-12,154.6969451904297
2008-09-15,149.26974487304688
2008-09-16,152.00494384765625
2008-09-17,147.59580993652344
2008-09-18,142.51382446289062
2008-09-19,151.1506805419922
2008-09-22,151.418212890625
2008-09-23,149.78744506835938
2008-09-24,147.2161865234375
2008-09-25,150.2275390625
2008-09-26,145.15408325195312
2008-09-29,144.97283935546875
2008-09-30,142.91065979003906
2008-10-01,141.1936492919922
2008-10-03,140.16690063476562
2008-10-06,145.8442840576172
2008-10-07,140.65872192382812
2008-10-08,136.35321044921875
2008-10-10,126.45651245117188
2008-10-13,122.2976531982422
2008-10-14,125.5159912109375
2008-10-15,119.65737915039062
2008-10-16,123.14319610595705
2008-10-17,127.62996673583984
2008-10-20,124.27355194091795
2008-10-21,125.4124526977539
2008-10-22,124.7825927734375
2008-10-23,123.89390563964844
2008-10-24,121.79725646972656
2008-10-27,103.71228790283205
2008-10-29,112.36643981933594
2008-10-31,110.7788314819336
2008-11-03,108.6821746826172
2008-11-04,111.68485260009766
2008-11-05,112.16800689697266
2008-11-06,114.67884826660156
2008-11-07,118.62201690673828
2008-11-10,117.15523529052734
2008-11-11,115.77467346191406
2008-11-12,114.2905731201172
2008-11-14,108.52689361572266
2008-11-17,104.9892578125
2008-11-18,106.11092376708984
2008-11-19,104.4542999267578
2008-11-20,96.63706970214844
2008-11-21,99.28595733642578
2008-11-24,98.33686065673828
2008-11-25,98.2937240600586
2008-11-26,97.26690673828124
2008-11-27,97.26690673828124
2008-11-28,98.35409545898438
2008-12-01,98.88042449951172
2008-12-02,98.70784759521484
2008-12-03,105.04102325439452
2008-12-04,104.93748474121094
2008-12-05,102.93572998046876
2008-12-08,103.53109741210938
2008-12-10,104.73904418945312
2008-12-11,105.92971801757812
2008-12-12,107.44829559326172
2008-12-15,105.7399444580078
2008-12-16,105.55872344970705
2008-12-17,107.91429138183594
2008-12-18,108.91513061523438
2008-12-19,109.0186767578125
2008-12-22,106.54236602783205
2008-12-23,104.0315399169922
2008-12-24,106.90475463867188
2008-12-26,105.26536560058594
2008-12-29,104.23860168457033
2008-12-30,107.0859603881836
2008-12-31,106.4647216796875
2009-01-02,115.5762176513672
2009-01-05,120.77049255371094
2009-01-06,121.0638427734375
2009-01-07,122.1941146850586
2009-01-09,127.86289978027344
2009-01-12,127.17264556884766
2009-01-13,127.64725494384766
2009-01-14,122.0561065673828
2009-01-15,122.34078216552734
2009-01-16,123.36761474609376
2009-01-19,121.46936798095705
2009-01-20,119.5625
2009-01-21,119.07926940917967
2009-01-22,116.1542739868164
2009-01-23,114.71339416503906
2009-01-27,115.50714874267578
2009-01-28,116.33551025390624
2009-01-29,124.23035430908205
2009-01-30,122.83259582519533
2009-02-02,125.12775421142578
2009-02-03,120.14920043945312
2009-02-04,120.39083099365234
2009-02-05,113.36735534667967
2009-02-06,116.12841796875
2009-02-09,120.2041473388672
2009-02-10,118.4052505493164
2009-02-11,119.0483627319336
2009-02-12,117.71004486083984
2009-02-13,116.76278686523438
2009-02-16,115.35499572753906
2009-02-17,114.73798370361328
2009-02-18,113.2606201171875
2009-02-19,113.66903686523438
2009-02-20,113.53004455566406
2009-02-24,111.60076904296876
2009-02-25,112.0874252319336
2009-02-26,111.62681579589844
2009-02-27,110.3928451538086
2009-03-02,110.40152740478516
2009-03-03,109.49772644042967
2009-03-04,107.87264251708984
2009-03-05,108.15069580078124
2009-03-06,109.75840759277344
2009-03-09,111.27052307128906
2009-03-12,115.24195098876952
2009-03-13,114.73798370361328
2009-03-16,115.91117095947266
2009-03-17,114.75536346435548
2009-03-18,114.6771240234375
2009-03-19,114.8683090209961
2009-03-20,116.52814483642578
2009-03-23,115.8502960205078
2009-03-24,119.0396957397461
2009-03-25,119.5785140991211
2009-03-26,120.72559356689452
2009-03-27,121.91614532470705
2009-03-30,121.67281341552734
2009-03-31,124.94903564453124
2009-04-01,122.47230529785156
2009-04-02,123.61946868896484
2009-04-06,124.2364501953125
2009-04-08,125.01863861083984
2009-04-09,128.50338745117188
2009-04-13,131.39720153808594
2009-04-15,132.1446075439453
2009-04-16,132.5878143310547
2009-04-17,134.84732055664062
2009-04-20,134.98635864257812
2009-04-21,134.5605010986328
2009-04-22,131.99688720703125
2009-04-23,133.26571655273438
2009-04-24,132.97889709472656
2009-04-27,132.67477416992188
2009-04-28,132.37928771972656
2009-04-29,132.13592529296875
2009-04-30,132.09249877929688
2009-05-04,134.60403442382812
2009-05-05,133.65670776367188
2009-05-06,137.98448181152344
2009-05-07,143.66795349121094
2009-05-08,139.98326110839844
2009-05-11,141.5301055908203
2009-05-12,140.8435821533203
2009-05-13,140.209228515625
2009-05-14,149.30796813964844
2009-05-15,151.5240020751953
2009-05-18,165.28936767578125
2009-05-19,158.20684814453125
2009-05-20,161.10069274902344
2009-05-21,158.26763916015625
2009-05-22,153.6878662109375
2009-05-25,157.8244171142578
2009-05-26,160.62277221679688
2009-05-27,161.80459594726562
2009-05-28,162.1869659423828
2009-05-29,163.064697265625
2009-06-01,160.52711486816406
2009-06-02,162.61273193359375
2009-06-03,165.8369140625
2009-06-04,170.3732452392578
2009-06-05,170.2863311767578
2009-06-08,169.8344268798828
2009-06-09,172.63272094726562
2009-06-10,170.88595581054688
2009-06-11,172.78042602539062
2009-06-12,176.98651123046875
2009-06-15,178.07286071777344
2009-06-16,171.06849670410156
2009-06-17,168.97409057617188
2009-06-18,162.50852966308594
2009-06-19,166.81887817382812
2009-06-22,164.8027801513672
2009-06-23,162.0305938720703
2009-06-24,164.2292022705078
2009-06-25,165.21987915039062
2009-06-26,166.2627410888672
2009-06-29,166.54086303710938
2009-06-30,169.63458251953125
2009-07-01,168.75686645507812
2009-07-02,169.0262451171875
2009-07-03,178.2640380859375
2009-07-06,173.0585479736328
2009-07-07,170.30369567871094
2009-07-08,168.55699157714844
2009-07-09,166.09764099121094
2009-07-10,163.4818115234375
2009-07-13,160.7183380126953
2009-07-14,161.10069274902344
2009-07-15,163.3253936767578
2009-07-16,164.24656677246094
2009-07-17,167.7313995361328
2009-07-20,173.3974609375
2009-07-21,174.5271759033203
2009-07-22,175.78724670410156
2009-07-23,179.71527099609375
2009-07-24,182.75698852539065
2009-07-27,195.201416015625
2009-07-28,199.51182556152344
2009-07-29,195.3839263916016
2009-07-30,189.89163208007807
2009-07-31,191.22994995117188
2009-08-03,193.3243560791016
2009-08-04,196.40936279296875
2009-08-05,196.47023010253903
2009-08-06,194.15858459472656
2009-08-07,192.6725006103516
2009-08-10,194.1237945556641
2009-08-11,194.1324920654297
2009-08-12,195.7141265869141
2009-08-13,196.8178253173828
2009-08-14,195.27960205078125
2009-08-17,197.1392974853516
2009-08-18,203.0053100585937
2009-08-19,201.64089965820312
2009-08-20,204.98670959472656
2009-08-21,209.2796936035156
2009-08-24,214.8588409423828
2009-08-25,215.2325592041016
2009-08-26,208.9842224121093
2009-08-27,208.393310546875
2009-08-28,203.9525451660156
2009-08-31,205.98605346679688
2009-09-01,203.29205322265625
2009-09-02,200.7110290527344
2009-09-03,206.19464111328125
2009-09-04,205.8451385498047
2009-09-07,208.0731964111328
2009-09-08,205.6791076660156
2009-09-09,200.1046142578125
2009-09-10,200.79495239257807
2009-09-11,196.6184234619141
2009-09-14,194.42532348632807
2009-09-15,192.7302398681641
2009-09-16,193.5690460205078
2009-09-17,191.4720764160156
2009-09-18,203.45114135742188
2009-09-22,201.22303771972656
2009-09-23,202.6996612548828
2009-09-24,205.6703948974609
2009-09-25,208.518783569336
2009-09-29,209.28765869140625
2009-09-30,209.12168884277344
2009-10-01,212.11862182617188
2009-10-05,212.10986328125
2009-10-06,213.9622344970703
2009-10-07,215.23789978027344
2009-10-08,206.98097229003903
2009-10-09,205.6791076660156
2009-10-12,206.69268798828125
2009-10-13,205.5043792724609
2009-10-14,202.75205993652344
2009-10-15,200.0959014892578
2009-10-16,196.9066925048828
2009-10-20,199.842529296875
2009-10-21,201.1094665527344
2009-10-22,197.4485015869141
2009-10-23,195.19419860839844
2009-10-26,194.4602508544922
2009-10-27,192.96612548828125
2009-10-28,193.9622344970703
2009-10-29,189.38380432128903
2009-10-30,192.30213928222656
2009-11-03,193.95347595214844
2009-11-04,196.97662353515625
2009-11-05,198.97750854492188
2009-11-06,200.1046142578125
2009-11-09,202.4812164306641
2009-11-10,199.7551422119141
2009-11-11,206.4305725097656
2009-11-12,205.4781646728516
2009-11-13,208.754623413086
2009-11-16,211.5419464111328
2009-11-17,208.7372283935547
2009-11-18,206.54412841796875
2009-11-19,204.7267303466797
2009-11-20,205.83642578125
2009-11-23,204.50831604003903
2009-11-24,204.1850433349609
2009-11-25,199.2047271728516
2009-11-26,198.4008178710937
2009-11-27,199.9735717773437
2009-11-30,206.1509552001953
2009-12-01,209.61973571777344
2009-12-02,215.5087890625
2009-12-03,215.6834716796875
2009-12-04,216.0155029296875
2009-12-07,217.3261260986328
2009-12-08,215.4301300048828
2009-12-09,214.43405151367188
2009-12-10,215.07188415527344
2009-12-11,214.91455078125
2009-12-14,215.0543670654297
2009-12-15,214.792221069336
2009-12-16,214.58258056640625
2009-12-17,215.4388122558593
2009-12-18,214.7573699951172
2009-12-21,217.6756286621093
2009-12-22,217.5795440673828
2009-12-23,219.69390869140625
2009-12-24,220.07839965820312
2009-12-29,223.9491271972656
2009-12-30,226.4748687744141
2009-12-31,229.49188232421875
2010-01-04,225.2646331787109
2010-01-05,222.6072692871093
2010-01-06,230.3426513671875
2010-01-07,223.7999420166016
2010-01-08,226.99234008789065
2010-01-11,227.2467041015625
2010-01-12,226.11534118652344
2010-01-13,227.9132537841797
2010-01-14,227.8080139160156
2010-01-15,232.0001678466797
2010-01-18,230.18472290039065
2010-01-19,228.95684814453125
2010-01-20,226.60646057128903
2010-01-21,225.2821807861328
2010-01-22,221.028549194336
2010-01-25,216.1697692871093
2010-01-27,213.6001434326172
2010-01-28,212.1793365478516
2010-01-29,214.3018035888672
2010-02-01,216.5470428466797
2010-02-02,209.2918243408203
2010-02-03,213.606185913086
2010-02-04,213.22760009765625
2010-02-05,214.8036956787109
2010-02-08,219.49668884277344
2010-02-09,218.6160888671875
2010-02-10,218.9947662353516
2010-02-11,222.05889892578125
2010-02-15,220.0513610839844
2010-02-16,218.2903594970703
2010-02-17,217.91177368164065
2010-02-18,214.3634033203125
2010-02-19,214.32815551757807
2010-02-22,213.21878051757807
2010-02-23,208.4641265869141
2010-02-24,211.19363403320312
2010-02-25,207.38116455078125
2010-02-26,212.3558654785156
2010-03-02,209.50314331054688
2010-03-03,211.2024688720703
2010-03-04,210.603759765625
2010-03-05,211.7747497558593
2010-03-08,214.2225341796875
2010-03-09,213.879135131836
2010-03-10,216.66148376464844
2010-03-11,215.6489105224609
2010-03-12,216.25645446777344
2010-03-15,216.8024139404297
2010-03-16,216.6438903808593
2010-03-17,222.9569702148437
2010-03-18,223.51168823242188
2010-03-19,224.6299285888672
2010-03-22,222.9745483398437
2010-03-23,224.3304901123047
2010-03-25,223.0098419189453
2010-03-26,225.7745361328125
2010-03-29,232.89767456054688
2010-03-30,232.23727416992188
2010-03-31,232.1051483154297
2010-04-01,237.3353881835937
2010-04-05,244.2559814453125
2010-04-06,245.41818237304688
2010-04-07,248.96646118164065
2010-04-08,247.5137939453125
2010-04-09,248.1477203369141
2010-04-12,243.6307983398437
2010-04-13,246.5716552734375
2010-04-15,245.8495635986328
2010-04-16,244.4145050048828
2010-04-19,237.1944122314453
2010-04-20,246.8798217773437
2010-04-21,255.8607940673828
2010-04-22,253.1488800048828
2010-04-23,254.4167938232422
2010-04-26,253.3074188232422
2010-04-27,245.53271484375
2010-04-28,230.6171722412109
2010-04-29,228.9091033935547
2010-04-30,228.27508544921875
2010-05-03,232.93292236328125
2010-05-04,231.47122192382807
2010-05-05,232.94168090820312
2010-05-06,229.120346069336
2010-05-07,228.2223052978516
2010-05-10,230.7845458984375
2010-05-11,229.00592041015625
2010-05-12,229.2435913085937
2010-05-13,235.95291137695312
2010-05-14,229.08523559570312
2010-05-17,229.6223297119141
2010-05-18,233.06500244140625
2010-05-19,232.906494140625
2010-05-20,230.60842895507807
2010-05-21,227.5355529785156
2010-05-24,225.2374267578125
2010-05-25,222.49908447265625
2010-05-26,213.99366760253903
2010-05-27,213.0162506103516
2010-05-28,216.21246337890625
2010-05-31,226.7166748046875
2010-06-01,233.31149291992188
2010-06-02,233.69891357421875
2010-06-03,232.369384765625
2010-06-04,228.84747314453125
2010-06-07,216.21246337890625
2010-06-08,214.66278076171875
2010-06-09,216.30929565429688
2010-06-10,215.8426055908203
2010-06-11,218.3343963623047
2010-06-14,216.22119140625
2010-06-15,220.66775512695312
2010-06-16,229.67510986328125
2010-06-17,223.3620147705078
2010-06-18,224.6738739013672
2010-06-21,228.3279571533203
2010-06-22,232.4750213623047
2010-06-23,231.1542816162109
2010-06-24,229.77198791503903
2010-06-25,228.6272735595703
2010-06-28,232.6160125732422
2010-06-29,234.3856964111328
2010-06-30,237.73147583007807
2010-07-01,235.0196228027344
2010-07-02,243.4547119140625
2010-07-05,249.78546142578125
2010-07-06,249.04579162597656
2010-07-07,249.5653076171875
2010-07-08,251.8192596435547
2010-07-09,243.8245391845703
2010-07-12,248.3766632080078
2010-07-13,250.3842315673828
2010-07-14,251.9954528808593
2010-07-15,252.64698791503903
2010-07-16,249.91749572753903
2010-07-19,249.08984375
2010-07-20,247.4344940185547
2010-07-21,246.6861114501953
2010-07-22,244.8195037841797
2010-07-23,242.688720703125
2010-07-26,245.3917999267578
2010-07-27,243.44598388671875
2010-07-28,242.988037109375
2010-07-29,242.5125427246093
2010-07-30,242.01071166992188
2010-08-02,246.2722625732422
2010-08-03,242.74148559570312
2010-08-04,249.42446899414065
2010-08-05,250.1903533935547
2010-08-06,249.195556640625
2010-08-09,250.5690460205078
2010-08-10,247.9892120361328
2010-08-11,243.2169189453125
2010-08-12,241.20065307617188
2010-08-13,240.6283416748047
2010-08-16,238.80572509765625
2010-08-17,236.71896362304688
2010-08-18,236.5780639648437
2010-08-19,239.06988525390625
2010-08-20,234.024642944336
2010-08-23,233.86624145507807
2010-08-24,231.7618865966797
2010-08-25,231.69140625
2010-08-26,231.1278533935547
2010-08-27,227.51795959472656
2010-08-30,227.9844970703125
2010-08-31,229.70152282714844
2010-09-01,232.6687164306641
2010-09-02,229.12921142578125
2010-09-03,229.86363220214844
2010-09-06,232.8631286621093
2010-09-07,234.1992950439453
2010-09-08,230.8899841308593
2010-09-09,229.2884063720703
2010-09-13,230.04934692382807
2010-09-14,230.4830474853516
2010-09-15,231.92530822753903
2010-09-16,231.94302368164065
2010-09-17,232.83663940429688
2010-09-20,234.5532073974609
2010-09-21,234.38511657714844
2010-09-22,232.686264038086
2010-09-23,233.1552276611328
2010-09-24,231.64210510253903
2010-09-27,231.8722076416016
2010-09-28,232.30569458007807
2010-09-29,232.7216033935547
2010-09-30,230.04058837890625
2010-10-01,231.6156616210937
2010-10-04,232.7480926513672
2010-10-05,231.7040557861328
2010-10-06,234.70361328125
2010-10-07,234.2435760498047
2010-10-08,232.50045776367188
2010-10-11,236.0308990478516
2010-10-12,237.6678924560547
2010-10-13,238.5349884033203
2010-10-14,232.6773376464844
2010-10-15,232.7216033935547
2010-10-18,229.0318756103516
2010-10-19,227.7753295898437
2010-10-20,225.554428100586
2010-10-21,229.63351440429688
2010-10-22,230.1732482910156
2010-10-25,230.01405334472656
2010-10-26,229.6600341796875
2010-10-27,226.5100555419922
2010-10-28,229.4742584228516
2010-10-29,232.88980102539065
2010-11-01,233.3057098388672
2010-11-02,232.39422607421875
2010-11-03,234.6062774658203
2010-11-04,235.25225830078125
2010-11-08,233.34100341796875
2010-11-09,234.4912567138672
2010-11-10,234.01348876953125
2010-11-11,233.4205474853516
2010-11-12,233.68609619140625
2010-11-15,234.4736785888672
2010-11-16,235.1195373535156
2010-11-18,232.77471923828125
2010-11-19,229.84580993652344
2010-11-22,231.4386444091797
2010-11-23,230.4652709960937
2010-11-24,225.9260406494141
2010-11-25,217.6439819335937
2010-11-26,208.64512634277344
2010-11-29,219.31637573242188
2010-11-30,225.54562377929688
2010-12-01,227.1471405029297
2010-12-02,229.89892578125
2010-12-03,226.6693572998047
2010-12-06,226.5188751220703
2010-12-07,224.86427307128903
2010-12-08,227.4037475585937
2010-12-09,227.4037475585937
2010-12-10,222.8202667236328
2010-12-13,222.864501953125
2010-12-14,226.3418731689453
2010-12-15,226.5188751220703
2010-12-16,221.4221954345703
2010-12-20,222.1123809814453
2010-12-21,223.70510864257807
2010-12-22,226.209228515625
2010-12-23,224.0944366455078
2010-12-24,217.84751892089844
2010-12-27,219.7056121826172
2010-12-28,218.3872528076172
2010-12-29,218.93582153320312
2010-12-30,223.74044799804688
2010-12-31,224.23602294921875
2011-01-03,223.52810668945312
2011-01-04,223.31578063964844
2011-01-05,221.73193359375
2011-01-06,223.1830444335937
2011-01-07,221.6788482666016
2011-01-10,215.05142211914065
2011-01-11,215.05142211914065
2011-01-12,216.7679748535156
2011-01-13,219.9268035888672
2011-01-14,214.15771484375
2011-01-17,217.17498779296875
2011-01-18,220.2985076904297
2011-01-19,217.7678680419922
2011-01-20,217.6439819335937
2011-01-21,215.1575469970703
2011-01-24,215.79458618164065
2011-01-25,216.75027465820312
2011-01-27,216.520248413086
2011-01-28,215.4620819091797
2011-01-31,214.3861846923828
2011-02-01,209.6644744873047
2011-02-02,212.95455932617188
2011-02-03,208.2061920166016
2011-02-04,207.5659637451172
2011-02-07,206.43667602539065
2011-02-08,200.91476440429688
2011-02-09,196.2553558349609
2011-02-10,192.3339691162109
2011-02-11,190.27105712890625
2011-02-14,193.872299194336
2011-02-15,195.78407287597656
2011-02-16,190.92898559570312
2011-02-17,195.7662353515625
2011-02-18,195.96192932128903
2011-02-21,195.5884246826172
2011-02-22,196.14862060546875
2011-02-23,196.05081176757807
2011-02-24,194.34356689453125
2011-02-25,199.20748901367188
2011-02-28,197.7136383056641
2011-03-01,203.99136352539065
2011-03-03,215.0974884033203
2011-03-04,212.4654083251953
2011-03-07,210.1713256835937
2011-03-08,209.4244079589844
2011-03-09,210.87384033203125
2011-03-10,214.52838134765625
2011-03-11,208.4551696777344
2011-03-14,209.35324096679688
2011-03-15,213.33688354492188
2011-03-16,216.7158203125
2011-03-17,218.6809539794922
2011-03-18,211.1583404541016
2011-03-21,205.97430419921875
2011-03-22,206.62339782714844
2011-03-23,205.5830535888672
2011-03-24,213.8259735107422
2011-03-25,213.8704071044922
2011-03-28,214.75958251953125
2011-03-29,219.07223510742188
2011-03-30,214.43063354492188
2011-03-31,213.4169464111328
2011-04-01,217.25827026367188
2011-04-04,218.9654693603516
2011-04-05,217.29383850097656
2011-04-06,217.364974975586
2011-04-07,218.36085510253903
2011-04-08,217.4360809326172
2011-04-11,216.3068084716797
2011-04-13,230.58737182617188
2011-04-15,228.23985290527344
2011-04-18,224.96763610839844
2011-04-19,223.42041015625
2011-04-20,213.3991241455078
2011-04-21,212.6788482666016
2011-04-25,211.8341522216797
2011-04-26,213.781478881836
2011-04-27,213.2301788330078
2011-04-28,207.6104431152344
2011-04-29,203.6535186767578
2011-05-02,205.7164306640625
2011-05-03,206.68569946289065
2011-05-04,208.7574615478516
2011-05-05,204.79165649414065
2011-05-06,200.96812438964844
2011-05-09,201.57272338867188
2011-05-10,199.68765258789065
2011-05-11,200.61241149902344
2011-05-12,198.57618713378903
2011-05-13,200.3634185791016
2011-05-16,196.5932006835937
2011-05-17,194.68145751953125
2011-05-18,196.64659118652344
2011-05-19,191.84487915039065
2011-05-20,191.2491607666016
2011-05-23,189.488525390625
2011-05-24,184.4823455810547
2011-05-25,185.4693298339844
2011-05-26,187.4078369140625
2011-05-27,189.31954956054688
2011-05-30,190.1998748779297
2011-05-31,194.99267578125
2011-06-01,202.0262451171875
2011-06-02,199.81216430664065
2011-06-03,196.03306579589844
2011-06-06,202.097396850586
2011-06-07,204.0180511474609
2011-06-08,204.4359893798828
2011-06-09,202.6131134033203
2011-06-10,198.4428253173828
2011-06-13,198.5673065185547
2011-06-14,196.0153045654297
2011-06-15,197.7047576904297
2011-06-16,198.5583648681641
2011-06-17,195.17941284179688
2011-06-20,191.50701904296875
2011-06-21,192.80520629882807
2011-06-22,192.9563903808593
2011-06-23,191.1958465576172
2011-06-24,190.4844207763672
2011-06-27,192.360595703125
2011-06-28,192.04946899414065
2011-06-29,191.02688598632807
2011-06-30,184.9091796875
2011-07-01,193.15203857421875
2011-07-04,200.60353088378903
2011-07-05,199.0385589599609
2011-07-06,198.06040954589844
2011-07-07,204.80056762695312
2011-07-08,202.435287475586
2011-07-11,201.252670288086
2011-07-12,197.4201812744141
2011-07-13,199.80322265625
2011-07-14,206.09881591796875
2011-07-15,205.61862182617188
2011-07-18,203.95578002929688
2011-07-19,207.3436737060547
2011-07-20,204.51600646972656
2011-07-21,204.2759552001953
2011-07-22,199.6521148681641
2011-07-25,195.6240081787109
2011-07-26,193.8811798095703
2011-07-27,194.6014709472656
2011-07-28,193.47218322753903
2011-07-29,194.885971069336
2011-08-01,196.3264923095703
2011-08-02,199.12747192382807
2011-08-03,195.03712463378903
2011-08-04,196.9400329589844
2011-08-05,195.3839111328125
2011-08-08,188.6882781982422
2011-08-09,186.45632934570312
2011-08-10,183.23741149902344
2011-08-11,182.38380432128903
2011-08-12,179.8140411376953
2011-08-16,176.79959106445312
2011-08-17,170.43296813964844
2011-08-18,165.32009887695312
2011-08-19,164.59091186523438
2011-08-22,166.1381378173828
2011-08-23,166.48489379882812
2011-08-24,166.6094207763672
2011-08-25,163.47943115234375
2011-08-26,165.4179229736328
2011-08-29,166.24481201171875
2011-08-30,166.18255615234375
2011-09-02,167.8454132080078
2011-09-05,166.44935607910156
2011-09-06,168.27578735351562
2011-09-07,168.83985900878906
2011-09-08,169.27854919433594
2011-09-09,169.0010223388672
2011-09-12,167.15667724609375
2011-09-13,166.86114501953125
2011-09-14,163.7902069091797
2011-09-15,164.2200164794922
2011-09-16,158.2482147216797
2011-09-19,157.87217712402344
2011-09-20,159.02708435058594
2011-09-21,162.10704040527344
2011-09-22,158.51683044433594
2011-09-23,164.22894287109375
2011-09-26,165.016845703125
2011-09-27,166.5120086669922
2011-09-28,163.82601928710938
2011-09-29,174.4176788330078
2011-09-30,173.54922485351562
2011-10-03,165.2943878173828
2011-10-04,167.68490600585938
2011-10-05,162.48304748535156
2011-10-07,164.6318359375
2011-10-10,166.57467651367188
2011-10-11,176.17259216308594
2011-10-12,179.03759765625
2011-10-13,179.3599395751953
2011-10-14,176.468017578125
2011-10-17,176.61126708984375
2011-10-18,174.09544372558594
2011-10-19,177.2021942138672
2011-10-20,176.27102661132812
2011-10-21,176.66500854492188
2011-10-24,175.66221618652344
2011-10-25,175.18772888183594
2011-10-28,178.59890747070312
2011-10-31,176.3784942626953
2011-11-01,175.7696990966797
2011-11-02,174.14015197753906
2011-11-03,174.57888793945312
2011-11-04,173.32545471191406
2011-11-08,173.59402465820312
2011-11-09,174.0327911376953
2011-11-11,173.95213317871094
2011-11-14,173.63876342773438
2011-11-15,171.90182495117188
2011-11-16,171.59747314453125
2011-11-17,171.88394165039062
2011-11-18,171.4004669189453
2011-11-21,171.5526885986328
2011-11-22,171.7854461669922
2011-11-23,167.4700469970703
2011-11-24,163.83502197265625
2011-11-25,162.04437255859375
2011-11-28,164.65869140625
2011-11-29,164.66769409179688
2011-11-30,161.6683349609375
2011-12-01,163.3515167236328
2011-12-02,163.73655700683594
2011-12-05,162.9575958251953
2011-12-07,161.2027130126953
2011-12-08,169.71730041503906
2011-12-09,160.97894287109375
2011-12-12,160.00302124023438
2011-12-13,159.43006896972656
2011-12-14,158.74063110351562
2011-12-15,156.5560760498047
2011-12-16,153.87013244628906
2011-12-19,150.3425750732422
2011-12-20,147.9878387451172
2011-12-21,147.32528686523438
2011-12-22,148.75775146484375
2011-12-23,149.2592010498047
2011-12-26,149.7158203125
2011-12-27,149.15170288085938
2011-12-28,146.27774047851562
2011-12-29,144.71096801757812
2011-12-30,150.235107421875
2012-01-02,146.6627197265625
2012-01-03,148.30117797851562
2012-01-04,149.42929077148438
2012-01-05,148.29222106933594
2012-01-06,148.6145782470703
2012-01-09,149.90379333496094
2012-01-10,152.21377563476562
2012-01-11,150.44100952148438
2012-01-12,151.5332489013672
2012-01-13,150.10079956054688
2012-01-16,151.4885711669922
2012-01-17,151.45274353027344
2012-01-18,149.93063354492188
2012-01-19,150.8528594970703
2012-01-20,154.47891235351562
2012-01-23,154.96238708496094
2012-01-24,161.0237274169922
2012-01-25,164.5602264404297
2012-01-27,172.62710571289062
2012-01-30,174.57888793945312
2012-01-31,174.2296905517578
2012-02-01,170.2186279296875
2012-02-02,172.09884643554688
2012-02-03,171.57955932617188
2012-02-06,169.0994873046875
2012-02-07,163.89767456054688
2012-02-08,164.02305603027344
2012-02-09,169.17111206054688
2012-02-10,167.94454956054688
2012-02-13,168.31163024902344
2012-02-14,166.84326171875
2012-02-15,169.59173583984375
2012-02-16,174.6976318359375
2012-02-17,177.15533447265625
2012-02-21,180.27508544921875
2012-02-22,183.9662322998047
2012-02-23,181.0005645751953
2012-02-24,181.1275787353516
2012-02-27,178.46128845214844
2012-02-28,177.2187957763672
2012-02-29,176.47518920898438
2012-03-01,171.75013732910156
2012-03-02,169.2289581298828
2012-03-05,169.7186737060547
2012-03-06,165.38369750976562
2012-03-07,161.030517578125
2012-03-09,159.67919921875
2012-03-12,160.3775634765625
2012-03-13,163.16177368164062
2012-03-14,158.50929260253906
2012-03-15,157.3394317626953
2012-03-16,159.06251525878906
2012-03-19,160.65869140625
2012-03-20,158.7088623046875
2012-03-21,158.73605346679688
2012-03-22,159.92408752441406
2012-03-23,162.20046997070312
2012-03-26,162.3365020751953
2012-03-27,159.47059631347656
2012-03-28,160.35035705566406
2012-03-29,165.64666748046875
2012-03-30,173.19215393066406
2012-04-02,172.07664489746094
2012-04-03,174.1171417236328
2012-04-04,173.21932983398438
2012-04-09,172.0585174560547
2012-04-10,166.54446411132812
2012-04-11,165.3020477294922
2012-04-12,165.10255432128906
2012-04-13,163.62423706054688
2012-04-16,162.7173309326172
2012-04-17,167.49673461914062
2012-04-18,164.9120635986328
2012-04-19,165.0027618408203
2012-04-20,164.6944580078125
2012-04-23,161.89208984375
2012-04-24,160.49546813964844
2012-04-25,159.42535400390625
2012-04-26,159.02626037597656
2012-04-27,159.24386596679688
2012-04-30,162.136962890625
2012-05-02,161.64720153808594
2012-05-03,160.43197631835938
2012-05-04,157.7113037109375
2012-05-07,156.71365356445312
2012-05-08,158.6181182861328
2012-05-09,152.07936096191406
2012-05-10,155.0358428955078
2012-05-11,154.91798400878906
2012-05-14,159.42535400390625
2012-05-15,159.57943725585938
2012-05-16,159.43435668945312
2012-05-17,158.7904510498047
2012-05-18,157.8654327392578
2012-05-21,157.05824279785156
2012-05-22,156.86778259277344
2012-05-23,153.51223754882812
2012-05-24,152.3604736328125
2012-05-25,154.85450744628906
2012-05-28,154.80911254882812
2012-05-29,157.28497314453125
2012-05-30,164.35887145996094
2012-05-31,159.8696746826172
2012-06-01,163.21615600585938
2012-06-04,161.82859802246094
2012-06-05,159.2167510986328
2012-06-06,158.75421142578125
2012-06-07,159.6520233154297
2012-06-08,157.7474822998047
2012-06-11,157.139892578125
2012-06-12,157.3031463623047
2012-06-13,155.4076690673828
2012-06-14,155.9518585205078
2012-06-15,155.53466796875
2012-06-18,155.20819091796875
2012-06-19,155.53466796875
2012-06-20,160.03292846679688
2012-06-21,158.50025939941406
2012-06-22,157.48458862304688
2012-06-25,158.73605346679688
2012-06-26,159.06251525878906
2012-06-27,159.47059631347656
2012-06-28,161.49307250976562
2012-06-29,166.8528594970703
2012-07-02,164.30447387695312
2012-07-03,169.57357788085938
2012-07-04,168.14065551757812
2012-07-05,168.65765380859375
2012-07-06,167.63278198242188
2012-07-09,162.72645568847656
2012-07-10,165.5469512939453
2012-07-11,164.27720642089844
2012-07-12,163.07106018066406
2012-07-13,161.95558166503906
2012-07-16,163.27059936523438
2012-07-17,163.1980438232422
2012-07-18,163.37033081054688
2012-07-19,164.3498077392578
2012-07-20,164.22288513183594
2012-07-23,165.8371124267578
2012-07-24,167.13401794433594
2012-07-25,170.02706909179688
2012-07-26,167.04336547851562
2012-07-27,164.7670135498047
2012-07-30,167.10679626464844
2012-07-31,171.3511962890625
2012-08-01,173.81790161132812
2012-08-02,174.01742553710938
2012-08-03,172.15830993652344
2012-08-06,171.5506591796875
2012-08-07,171.2423095703125
2012-08-08,170.99740600585938
2012-08-09,170.9339599609375
2012-08-10,170.95213317871094
2012-08-13,173.76351928710938
2012-08-14,172.28524780273438
2012-08-16,171.39646911621094
2012-08-17,171.64134216308594
2012-08-21,170.51678466796875
2012-08-22,169.77308654785156
2012-08-23,172.67523193359375
2012-08-24,172.4212646484375
2012-08-27,166.90724182128906
2012-08-28,168.3492431640625
2012-08-29,169.0475616455078
2012-08-30,170.5802459716797
2012-08-31,169.854736328125
2012-09-03,168.69387817382812
2012-09-04,168.0771942138672
2012-09-05,168.91807556152344
2012-09-06,168.38796997070312
2012-09-07,170.78268432617188
2012-09-10,166.8707275390625
2012-09-11,168.49761962890625
2012-09-12,171.1025390625
2012-09-13,175.29786682128906
2012-09-14,176.09307861328125
2012-09-17,175.28871154785156
2012-09-18,173.8080596923828
2012-09-20,172.20851135253906
2012-09-21,173.56126403808594
2012-09-24,174.7220916748047
2012-09-25,174.34727478027344
2012-09-26,173.4972686767578
2012-09-27,174.2193145751953
2012-09-28,174.7129364013672
2012-10-01,174.35647583007812
2012-10-03,174.63980102539062
2012-10-04,179.37442016601562
2012-10-05,179.7490997314453
2012-10-08,181.8056488037109
2012-10-09,184.61163330078125
2012-10-10,189.94940185546875
2012-10-11,191.8597412109375
2012-10-12,194.9764862060547
2012-10-15,191.90545654296875
2012-10-16,193.03878784179688
2012-10-17,193.2033233642578
2012-10-18,193.26727294921875
2012-10-19,188.322494506836
2012-10-22,197.3529357910156
2012-10-23,190.67156982421875
2012-10-25,193.7060394287109
2012-10-29,187.4633331298828
2012-10-30,188.22198486328125
2012-10-31,183.54229736328125
2012-11-01,185.0960693359375
2012-11-02,185.96437072753903
2012-11-05,185.5439453125
2012-11-06,185.4433441162109
2012-11-07,185.5439453125
2012-11-08,186.4579467773437
2012-11-09,183.3685607910156
2012-11-12,184.8401336669922
2012-11-15,181.5131683349609
2012-11-16,177.51893615722656
2012-11-19,175.0785675048828
2012-11-20,173.35105895996094
2012-11-21,171.34933471679688
2012-11-22,173.56126403808594
2012-11-23,171.916015625
2012-11-26,170.2068634033203
2012-11-27,171.2213897705078
2012-11-29,175.19732666015625
2012-11-30,169.8229522705078
2012-12-03,169.302001953125
2012-12-04,168.0680694580078
2012-12-05,167.8304443359375
2012-12-06,165.8561248779297
2012-12-07,166.34971618652344
2012-12-10,165.79217529296875
2012-12-11,165.17977905273438
2012-12-12,165.86529541015625
2012-12-13,166.37710571289062
2012-12-14,168.0589599609375
2012-12-17,167.802978515625
2012-12-18,168.89065551757812
2012-12-19,169.201416015625
2012-12-20,166.9621124267578
2012-12-21,171.2396697998047
2012-12-24,168.25091552734375
2012-12-26,168.26918029785156
2012-12-27,167.5562286376953
2012-12-28,167.72991943359375
2012-12-31,168.1686248779297
2013-01-01,168.03150939941406
2013-01-02,167.30032348632812
2013-01-03,168.56166076660156
2013-01-04,171.2488250732422
2013-01-07,175.59036254882812
2013-01-08,175.42584228515625
2013-01-09,174.566650390625
2013-01-10,171.58700561523438
2013-01-11,172.31817626953125
2013-01-14,173.625244140625
2013-01-15,171.2488250732422
2013-01-16,172.03485107421875
2013-01-17,170.3439178466797
2013-01-18,170.8009490966797
2013-01-21,172.098876953125
2013-01-22,172.20851135253906
2013-01-23,170.28904724121094
2013-01-24,169.10089111328125
2013-01-25,169.81381225585938
2013-01-28,169.67674255371094
2013-01-29,170.21600341796875
2013-01-30,170.179443359375
2013-01-31,170.86492919921875
2013-02-01,167.7664337158203
2013-02-04,170.307373046875
2013-02-05,172.18104553222656
2013-02-06,173.524658203125
2013-02-07,173.9725799560547
2013-02-08,175.9925079345703
2013-02-11,178.5044403076172
2013-02-12,180.1515045166016
2013-02-13,185.13853454589844
2013-02-14,180.4919891357422
2013-02-15,184.0160217285156
2013-02-18,188.07379150390625
2013-02-19,187.3928985595703
2013-02-20,185.85626220703125
2013-02-21,183.79519653320312
2013-02-22,184.1540069580078
2013-02-25,185.97593688964844
2013-02-26,188.1289978027344
2013-02-27,192.0303192138672
2013-02-28,191.0182037353516
2013-03-01,191.9659118652344
2013-03-04,191.4414825439453
2013-03-05,191.8094787597656
2013-03-06,195.6464385986328
2013-03-07,194.6067047119141
2013-03-08,194.15582275390625
2013-03-11,195.05758666992188
2013-03-12,195.9868621826172
2013-03-13,194.00860595703125
2013-03-14,196.2169189453125
2013-03-15,190.88937377929688
2013-03-18,193.428939819336
2013-03-19,188.7914886474609
2013-03-20,189.5459899902344
2013-03-21,188.579833984375
2013-03-22,189.5183563232422
2013-03-25,188.72705078125
2013-03-26,189.4539489746093
2013-03-28,189.64718627929688
2013-04-01,194.6710357666016
2013-04-02,200.6519012451172
2013-04-03,201.1396026611328
2013-04-04,192.8768310546875
2013-04-05,195.87652587890625
2013-04-08,202.46456909179688
2013-04-09,198.4527740478516
2013-04-10,196.8886260986328
2013-04-11,198.1307830810547
2013-04-12,197.026611328125
2013-04-15,199.29928588867188
2013-04-16,198.1859588623047
2013-04-17,197.79953002929688
2013-04-18,197.6891021728516
2013-04-22,198.25958251953125
2013-04-23,198.7472381591797
2013-04-25,203.5042724609375
2013-04-26,210.58010864257807
2013-04-29,207.8657073974609
2013-04-30,206.9547882080078
2013-05-02,206.26467895507807
2013-05-03,205.18809509277344
2013-05-06,205.0316772460937
2013-05-07,206.062255859375
2013-05-08,208.2797698974609
2013-05-09,205.16973876953125
2013-05-10,206.8535919189453
2013-05-13,204.94891357421875
2013-05-14,207.6356811523437
2013-05-15,210.4420928955078
2013-05-16,211.5277862548828
2013-05-17,211.0953369140625
2013-05-20,211.0769500732422
2013-05-21,211.1873474121093
2013-05-22,210.73651123046875
2013-05-23,205.82302856445312
2013-05-24,201.66403198242188
2013-05-27,201.6364288330078
2013-05-28,198.9312744140625
2013-05-29,207.85647583007807
2013-05-30,206.3935089111328
2013-05-31,210.5892944335937
2013-06-03,220.99591064453125
2013-06-04,222.596908569336
2013-06-05,220.646240234375
2013-06-06,211.6934509277344
2013-06-07,208.307357788086
2013-06-10,205.3445739746093
2013-06-11,200.63345336914065
2013-06-12,203.2374725341797
2013-06-13,202.40008544921875
2013-06-14,200.9739532470703
2013-06-17,203.12701416015625
2013-06-18,199.64898681640625
2013-06-19,202.2069091796875
2013-06-20,200.0262145996093
2013-06-21,194.07302856445312
2013-06-24,193.4012908935547
2013-06-25,200.1826629638672
2013-06-26,198.5540313720703
2013-06-27,196.9990234375
2013-06-28,198.4804229736328
2013-07-01,202.39089965820312
2013-07-02,202.1332855224609
2013-07-03,200.0722045898437
2013-07-04,207.62646484375
2013-07-05,209.0894317626953
2013-07-08,208.7122039794922
2013-07-09,207.7001190185547
2013-07-10,206.6695709228516
2013-07-11,207.9668884277344
2013-07-12,207.9300842285156
2013-07-15,206.08985900878903
2013-07-16,203.1178436279297
2013-07-17,202.39089965820312
2013-07-18,202.39089965820312
2013-07-19,205.473373413086
2013-07-22,207.75526428222656
2013-07-23,205.3445739746093
2013-07-24,204.0287628173828
2013-07-25,196.9990234375
2013-07-26,194.28463745117188
2013-07-29,188.7914886474609
2013-07-30,183.5283203125
2013-07-31,182.80148315429688
2013-08-01,183.533935546875
2013-08-02,193.4366455078125
2013-08-05,192.39816284179688
2013-08-06,186.4546813964844
2013-08-07,195.5322113037109
2013-08-08,199.1947326660156
2013-08-12,199.11122131347656
2013-08-13,199.398666381836
2013-08-14,200.2332000732422
2013-08-16,198.57345581054688
2013-08-19,198.64761352539065
2013-08-20,196.99717712402344
2013-08-21,195.2076873779297
2013-08-22,197.0064697265625
2013-08-23,194.6142578125
2013-08-26,192.9545288085937
2013-08-27,189.95030212402344
2013-08-28,187.34483337402344
2013-08-29,190.4138946533203
2013-08-30,193.2048797607422
2013-09-02,194.4844512939453
2013-09-03,192.26834106445312
2013-09-04,193.6962738037109
2013-09-05,196.0235595703125
2013-09-06,197.24757385253903
2013-09-10,194.6189117431641
2013-09-11,194.60494995117188
2013-09-12,191.40606689453125
2013-09-13,192.08758544921875
2013-09-16,193.6731109619141
2013-09-17,193.2141265869141
2013-09-18,195.5924072265625
2013-09-19,195.5646514892578
2013-09-20,203.5201873779297
2013-09-23,201.0584411621093
2013-09-24,204.25735473632807
2013-09-25,204.4242401123047
2013-09-26,204.1460876464844
2013-09-27,204.4103240966797
2013-09-30,199.48678588867188
2013-10-01,193.7148895263672
2013-10-03,197.1362762451172
2013-10-04,196.88592529296875
2013-10-07,194.8553161621093
2013-10-08,194.98046875
2013-10-09,196.1349334716797
2013-10-10,198.541015625
2013-10-11,199.68153381347656
2013-10-14,203.7288055419922
2013-10-15,200.4603576660156
2013-10-17,199.1529998779297
2013-10-18,208.3324584960937
2013-10-21,207.9430084228516
2013-10-22,208.4854431152344
2013-10-23,211.92079162597656
2013-10-24,213.45074462890625
2013-10-25,211.39230346679688
2013-10-28,208.90269470214844
2013-10-29,211.71218872070312
2013-10-30,210.32135009765625
2013-10-31,210.5577545166016
2013-11-01,211.71218872070312
2013-11-05,216.0098419189453
2013-11-06,215.6621551513672
2013-11-07,211.1141357421875
2013-11-08,209.72329711914065
2013-11-11,206.3157501220703
2013-11-12,201.58697509765625
2013-11-13,200.4186248779297
2013-11-14,202.86656188964844
2013-11-18,202.6578521728516
2013-11-19,201.9068298339844
2013-11-20,201.71212768554688
2013-11-21,200.1404724121093
2013-11-22,201.4200134277344
2013-11-25,200.8776092529297
2013-11-26,201.2531280517578
2013-11-27,200.1265563964844
2013-11-28,198.4854278564453
2013-11-29,202.35191345214844
2013-12-02,201.10015869140625
2013-12-03,200.11265563964844
2013-12-04,199.6397705078125
2013-12-05,199.76492309570312
2013-12-06,200.6272888183593
2013-12-09,202.7830505371093
2013-12-10,202.47705078125
2013-12-11,201.2809600830078
2013-12-12,200.4047393798828
2013-12-13,200.9054718017578
2013-12-16,200.7385406494141
2013-12-17,196.830322265625
2013-12-18,196.48257446289065
2013-12-19,194.7162170410156
2013-12-20,194.75796508789065
2013-12-23,200.307373046875
2013-12-24,197.6091461181641
2013-12-26,199.11122131347656
2013-12-27,197.5257263183593
2013-12-30,195.48123168945312
2013-12-31,203.0472869873047
2014-01-01,201.3922271728516
2014-01-02,202.40753173828125
2014-01-03,205.5924835205078
2014-01-06,205.6759796142578
2014-01-07,205.30044555664065
2014-01-08,210.04315185546875
2014-01-09,209.23651123046875
2014-01-10,207.0389862060547
2014-01-13,207.4840850830078
2014-01-14,205.27264404296875
2014-01-15,203.5201873779297
2014-01-16,204.78582763671875
2014-01-17,199.62586975097656
2014-01-20,201.8512115478516
2014-01-21,203.11691284179688
2014-01-22,201.07229614257807
2014-01-23,203.61756896972656
2014-01-24,203.4366912841797
2014-01-27,203.63145446777344
2014-01-28,203.45065307617188
2014-01-29,203.9792022705078
2014-01-30,202.7830505371093
2014-01-31,204.38250732421875
2014-02-03,202.115463256836
2014-02-04,202.44924926757807
2014-02-05,201.8372802734375
2014-02-06,201.73995971679688
2014-02-07,202.33799743652344
2014-02-10,202.5048675537109
2014-02-11,201.169677734375
2014-02-12,199.62586975097656
2014-02-13,198.79884338378903
2014-02-14,200.9014434814453
2014-02-17,201.4902191162109
2014-02-18,201.77056884765625
2014-02-19,203.2003936767578
2014-02-20,201.8546600341797
2014-02-21,209.38221740722656
2014-02-24,211.6810302734375
2014-02-25,211.7511444091797
2014-02-26,213.30714416503903
2014-02-28,214.1622467041016
2014-03-03,218.73196411132807
2014-03-04,222.60089111328125
2014-03-05,225.1521148681641
2014-03-06,237.2913818359375
2014-03-07,238.1605529785156
2014-03-10,238.32876586914065
2014-03-11,237.9081573486328
2014-03-12,233.3383331298828
2014-03-13,230.436752319336
2014-03-14,228.5583953857422
2014-03-18,232.1048889160156
2014-03-19,229.80593872070312
2014-03-20,233.26837158203125
2014-03-21,233.74493408203125
2014-03-24,245.80001831054688
2014-03-25,257.63104248046875
2014-03-26,267.2892150878906
2014-03-27,264.97625732421875
2014-03-28,271.9712219238281
2014-03-31,272.0692443847656
2014-04-01,264.6539001464844
2014-04-02,264.8641052246094
2014-04-03,261.1915283203125
2014-04-04,255.0658721923828
2014-04-07,253.1734313964844
2014-04-09,256.8321533203125
2014-04-10,262.1167297363281
2014-04-11,259.9159545898437
2014-04-15,255.54244995117188
2014-04-16,255.5564422607422
2014-04-17,259.8599548339844
2014-04-21,261.4578552246094
2014-04-22,263.3782958984375
2014-04-23,269.1536560058594
2014-04-24,269.1536560058594
2014-04-25,287.50274658203125
2014-04-28,278.01275634765625
2014-04-29,278.4752502441406
2014-04-30,269.630126953125
2014-05-02,269.6020812988281
2014-05-05,272.4617614746094
2014-05-06,273.2747802734375
2014-05-07,274.11590576171875
2014-05-08,278.8539428710937
2014-05-09,286.353271484375
2014-05-12,289.7876281738281
2014-05-13,295.2405700683594
2014-05-14,299.2215576171875
2014-05-15,297.6375427246094
2014-05-16,302.3614807128906
2014-05-19,329.4016418457031
2014-05-20,327.9577941894531
2014-05-21,325.32244873046875
2014-05-22,334.82647705078125
2014-05-23,336.10205078125
2014-05-26,328.1820068359375
2014-05-27,324.5794677734375
2014-05-28,317.6266784667969
2014-05-29,318.0192565917969
2014-05-30,313.3092956542969
2014-06-02,323.5001220703125
2014-06-03,327.7755432128906
2014-06-04,323.822509765625
2014-06-05,333.5508728027344
2014-06-06,332.1772155761719
2014-06-09,333.9573059082031
2014-06-10,326.2195739746094
2014-06-11,329.2755126953125
2014-06-12,328.05596923828125
2014-06-13,324.495361328125
2014-06-16,324.1309814453125
2014-06-17,326.8223876953125
2014-06-18,330.9715881347656
2014-06-19,328.013916015625
2014-06-20,324.5233764648437
2014-06-23,329.6959533691406
2014-06-24,327.8315734863281
2014-06-25,329.1773376464844
2014-06-26,326.2195739746094
2014-06-27,325.77099609375
2014-06-30,333.3546142578125
2014-07-01,350.34405517578125
2014-07-02,361.72650146484375
2014-07-03,358.6705322265625
2014-07-04,356.2314758300781
2014-07-07,376.7393493652344
2014-07-08,354.8997497558594
2014-07-09,353.5539855957031
2014-07-10,365.07659912109375
2014-07-11,351.36737060546875
2014-07-14,347.9190368652344
2014-07-15,353.98858642578125
2014-07-16,364.7261962890625
2014-07-17,368.7352600097656
2014-07-18,365.1466674804688
2014-07-21,368.4829711914063
2014-07-22,371.2583923339844
2014-07-23,366.7587585449219
2014-07-24,372.5621032714844
2014-07-25,368.6650695800781
2014-07-28,354.5914001464844
2014-07-30,367.2353210449219
2014-07-31,366.1980895996094
2014-08-01,354.6053771972656
2014-08-04,356.3014831542969
2014-08-05,358.810791015625
2014-08-06,364.7121887207031
2014-08-07,364.4037780761719
2014-08-08,363.1001892089844
2014-08-11,365.0065612792969
2014-08-12,365.8335266113281
2014-08-13,363.5626831054688
2014-08-14,361.5021057128906
2014-08-18,365.8896484375
2014-08-19,365.7493896484375
2014-08-20,365.5812072753906
2014-08-21,372.8424987792969
2014-08-22,379.9914245605469
2014-08-25,373.5854187011719
2014-08-26,374.0760803222656
2014-08-27,373.0606689453125
2014-08-28,371.429443359375
2014-09-01,372.8497619628906
2014-09-02,374.9591064453125
2014-09-03,374.3404541015625
2014-09-04,361.9374084472656
2014-09-05,355.0326843261719
2014-09-08,364.86236572265625
2014-09-09,363.920166015625
2014-09-10,361.5716247558594
2014-09-11,361.670166015625
2014-09-12,362.8092346191406
2014-09-15,355.8764038085937
2014-09-16,352.0796813964844
2014-09-17,355.9045715332031
2014-09-18,361.6139221191406
2014-09-19,374.1434020996094
2014-09-22,386.6308898925781
2014-09-23,371.0919799804688
2014-09-24,381.005859375
2014-09-25,373.3138122558594
2014-09-26,374.9591064453125
2014-09-29,380.2606506347656
2014-09-30,380.7527770996094
2014-10-01,380.5418701171875
2014-10-07,368.2513732910156
2014-10-08,370.5155029296875
2014-10-09,375.1700439453125
2014-10-10,366.0434875488281
2014-10-13,374.0450744628906
2014-10-14,373.4684448242188
2014-10-15,373.4684448242188
2014-10-16,363.89208984375
2014-10-17,366.802978515625
2014-10-20,367.4075927734375
2014-10-21,367.9700622558594
2014-10-22,371.1341857910156
2014-10-27,377.23724365234375
2014-10-28,387.8120727539063
2014-10-29,387.2496337890625
2014-10-30,372.4419555664063
2014-10-31,380.1903076171875
2014-11-03,381.5684509277344
2014-11-05,378.1372375488281
2014-11-07,373.9747009277344
2014-11-10,374.6075744628906
2014-11-11,376.85748291015625
2014-11-12,373.8762817382813
2014-11-13,368.3074951171875
2014-11-14,377.71533203125
2014-11-17,381.1465148925781
2014-11-18,399.8917541503906
2014-11-19,417.6383361816406
2014-11-20,404.8979187011719
2014-11-21,405.0104064941406
2014-11-24,414.4321594238281
2014-11-25,407.5135498046875
2014-11-26,405.9103698730469
2014-11-27,410.9306335449219
2014-11-28,378.9246826171875
2014-12-01,369.8825073242188
2014-12-02,372.5122680664063
2014-12-03,378.2074890136719
2014-12-04,381.0340576171875
2014-12-05,377.6590881347656
2014-12-08,374.8747253417969
2014-12-09,376.1965942382813
2014-12-10,376.2106628417969
2014-12-11,370.8388671875
2014-12-12,365.5232238769531
2014-12-15,363.7372741699219
2014-12-16,353.457763671875
2014-12-17,357.4514465332031
2014-12-18,374.0871887207031
2014-12-19,376.3232116699219
2014-12-22,374.27001953125
2014-12-23,365.6216735839844
2014-12-24,369.8966064453125
2014-12-26,369.8966064453125
2014-12-29,373.5810241699219
2014-12-30,378.446533203125
2014-12-31,380.5278015136719
2015-01-01,381.9059753417969
2015-01-02,381.821533203125
2015-01-05,387.5589599609375
2015-01-06,379.4591674804688
2015-01-07,381.216796875
2015-01-08,379.079345703125
2015-01-09,384.11376953125
2015-01-12,380.3308715820313
2015-01-13,381.7793884277344
2015-01-14,384.7042846679688
2015-01-15,388.4870300292969
2015-01-16,385.4918212890625
2015-01-19,388.4167785644531
2015-01-20,390.3995361328125
2015-01-21,392.3823852539063
2015-01-22,405.6010437011719
2015-01-23,400.62298583984375
2015-01-27,401.1571960449219
2015-01-28,402.3245239257813
2015-01-29,391.2012023925781
2015-01-30,393.3245544433594
2015-02-02,393.0291748046875
2015-02-03,392.3683166503906
2015-02-04,391.1870727539063
2015-02-05,385.15435791015625
2015-02-06,382.9324645996094
2015-02-09,379.1357116699219
2015-02-10,394.5198669433594
2015-02-11,396.88232421875
2015-02-12,404.54632568359375
2015-02-13,397.2620849609375
2015-02-16,396.7276611328125
2015-02-18,397.58538818359375
2015-02-19,407.9635314941406
2015-02-20,443.3163146972656
2015-02-23,450.9803161621094
2015-02-24,445.3186950683594
2015-02-25,444.7257690429688
2015-02-26,428.6021118164063
2015-02-27,439.0076293945313
2015-03-02,435.1249694824219
2015-03-03,430.169189453125
2015-03-04,419.5802307128906
2015-03-05,418.5213928222656
2015-03-09,452.900390625
2015-03-10,473.513671875
2015-03-11,470.0828857421875
2015-03-12,462.0069580078125
2015-03-13,469.7864685058594
2015-03-16,470.5911560058594
2015-03-17,472.7512512207031
2015-03-18,473.3443298339844
2015-03-19,455.2158508300781
2015-03-20,455.1735534667969
2015-03-23,442.4949645996094
2015-03-24,441.08306884765625
2015-03-25,449.8648376464844
2015-03-26,440.334716796875
2015-03-27,439.9252624511719
2015-03-30,437.3556518554688
2015-03-31,447.25299072265625
2015-04-01,446.9564514160156
2015-04-06,454.6794128417969
2015-04-07,463.5599365234375
2015-04-08,473.302001953125
2015-04-09,478.4693298339844
2015-04-10,471.41015625
2015-04-13,472.6383666992188
2015-04-15,474.4454345703125
2015-04-16,471.2546997070313
2015-04-17,474.6290588378906
2015-04-20,454.7922973632813
2015-04-21,462.5010986328125
2015-04-22,456.0066223144531
2015-04-23,453.7333984375
2015-04-24,439.4311218261719
2015-04-27,453.3522338867188
2015-04-28,467.2872619628906
2015-04-29,463.6872253417969
2015-04-30,463.305908203125
2015-05-04,484.4133911132813
2015-05-05,500.67816162109375
2015-05-06,488.1971740722656
2015-05-07,477.2552490234375
2015-05-08,477.33984375
2015-05-11,481.5331726074219
2015-05-12,479.9376220703125
2015-05-13,504.9139404296875
2015-05-14,504.080810546875
2015-05-15,498.8851318359375
2015-05-18,493.9011535644531
2015-05-19,493.4634094238281
2015-05-20,498.1369323730469
2015-05-21,491.444580078125
2015-05-22,491.4303283691406
2015-05-25,489.8914489746094
2015-05-26,494.1553955078125
2015-05-27,490.3857421875
2015-05-28,476.6904296875
2015-05-29,515.61572265625
2015-06-01,501.1863708496094
2015-06-02,488.4654541015625
2015-06-03,483.1427307128906
2015-06-04,493.18115234375
2015-06-05,488.4654541015625
2015-06-08,481.4344787597656
2015-06-09,480.1495361328125
2015-06-10,480.0083618164063
2015-06-11,475.2080078125
2015-06-12,492.7859191894531
2015-06-15,488.6772766113281
2015-06-16,476.5916748046875
2015-06-17,472.3276062011719
2015-06-18,472.7512512207031
2015-06-19,469.8710632324219
2015-06-22,484.5970764160156
2015-06-23,473.1043701171875
2015-06-24,471.2123718261719
2015-06-25,477.2268371582031
2015-06-26,472.0453186035156
2015-06-29,473.8667297363281
2015-06-30,473.8101806640625
2015-07-01,485.3169250488281
2015-07-02,492.0516052246094
2015-07-03,491.7974853515625
2015-07-06,496.6825256347656
2015-07-07,506.5939331054688
2015-07-08,502.8665771484375
2015-07-09,508.3589172363281
2015-07-10,485.2462463378906
2015-07-13,486.9123229980469
2015-07-14,497.3038635253906
2015-07-15,501.4969482421875
2015-07-16,530.2286987304688
2015-07-17,520.9105224609375
2015-07-20,524.6094360351562
2015-07-21,503.374755859375
2015-07-22,492.3762817382813
2015-07-23,467.2450866699219
2015-07-24,459.748046875
2015-07-27,449.8225402832031
2015-07-28,444.1609191894531
2015-07-29,457.3759765625
2015-07-30,463.3341369628906
2015-07-31,463.6023864746094
2015-08-03,468.1909790039063
2015-08-04,470.2665100097656
2015-08-05,458.1384887695313
2015-08-06,467.41448974609375
2015-08-07,457.7713928222656
2015-08-10,462.0069580078125
2015-08-11,472.0453186035156
2015-08-12,454.87701416015625
2015-08-13,460.70806884765625
2015-08-14,456.9948425292969
2015-08-17,463.2635192871094
2015-08-18,460.84912109375
2015-08-19,459.1691589355469
2015-08-20,450.3731689453125
2015-08-21,440.60302734375
2015-08-24,423.4911804199219
2015-08-25,409.7395324707031
2015-08-26,409.3440856933594
2015-08-27,422.49114990234375
2015-08-28,405.5404968261719
2015-08-31,403.6004333496094
2015-09-01,414.4619445800781
2015-09-02,413.8955078125
2015-09-03,395.4579772949219
2015-09-04,384.4124450683594
2015-09-07,367.9149475097656
2015-09-08,374.8538818359375
2015-09-09,397.61041259765625
2015-09-10,420.0413818359375
2015-09-11,420.5510864257813
2015-09-14,428.2687683105469
2015-09-15,414.3486633300781
2015-09-16,391.0963745117188
2015-09-18,399.0973205566406
2015-09-21,390.6149291992188
2015-09-22,395.52880859375
2015-09-23,397.5679321289063
2015-09-24,384.3841247558594
2015-09-28,374.3582458496094
2015-09-29,392.838134765625
2015-09-30,420.5935668945313
2015-10-01,426.4278564453125
2015-10-05,437.1334838867188
2015-10-06,426.7110595703125
2015-10-07,431.3418273925781
2015-10-08,436.1564025878906
2015-10-09,435.9299011230469
2015-10-12,436.0714111328125
2015-10-13,422.5478210449219
2015-10-14,424.1763000488281
2015-10-15,421.8114929199219
2015-10-16,409.5480346679688
2015-10-19,421.4998474121094
2015-10-20,418.1579284667969
2015-10-21,416.4444274902344
2015-10-23,383.7751770019531
2015-10-26,381.2969970703125
2015-10-27,375.3919677734375
2015-10-28,382.3024597167969
2015-10-29,374.0890808105469
2015-10-30,375.3069458007813
2015-11-02,375.7318115234375
2015-11-03,381.1554870605469
2015-11-04,382.075927734375
2015-11-05,389.1987609863281
2015-11-06,397.6671447753906
2015-11-09,398.1201477050781
2015-11-10,395.64208984375
2015-11-13,397.8511352539063
2015-11-16,390.2183837890625
2015-11-17,391.337158203125
2015-11-18,386.94720458984375
2015-11-19,381.2969970703125
2015-11-20,385.4178771972656
2015-11-23,388.5615539550781
2015-11-24,402.3826293945313
2015-11-26,402.4252014160156
2015-11-27,398.7149963378906
2015-11-30,397.3554992675781
2015-12-01,402.2409973144531
2015-12-02,406.03619384765625
2015-12-03,409.5763549804688
2015-12-04,400.1877746582031
2015-12-07,403.9544982910156
2015-12-08,403.4021911621094
2015-12-09,379.6401977539063
2015-12-10,382.6423645019531
2015-12-11,374.8538818359375
2015-12-14,371.9649658203125
2015-12-15,371.6675109863281
2015-12-16,368.12738037109375
2015-12-17,364.0632629394531
2015-12-18,368.41064453125
2015-12-21,367.92913818359375
2015-12-22,370.16650390625
2015-12-23,369.7699890136719
2015-12-24,370.1382751464844
2015-12-28,370.9595336914063
2015-12-29,367.70257568359375
2015-12-30,363.1144104003906
2015-12-31,371.8659362792969
2016-01-01,393.1072692871094
2016-01-04,381.9909057617188
2016-01-05,371.6534118652344
2016-01-06,364.7712097167969
2016-01-07,358.1722412109375
2016-01-08,360.9478759765625
2016-01-11,362.8735961914063
2016-01-12,356.17559814453125
2016-01-13,349.5341796875
2016-01-14,346.6736755371094
2016-01-15,346.88604736328125
2016-01-18,327.1315002441406
2016-01-19,334.5376281738281
2016-01-20,343.4023742675781
2016-01-21,341.8021850585937
2016-01-22,339.8622131347656
2016-01-25,342.8642883300781
2016-01-27,342.93511962890625
2016-01-28,340.5560607910156
2016-01-29,336.1378173828125
2016-02-01,338.3044738769531
2016-02-02,329.66632080078125
2016-02-03,312.9281616210937
2016-02-04,314.4433898925781
2016-02-05,321.1660461425781
2016-02-08,327.1907958984375
2016-02-09,324.31365966796875
2016-02-10,314.1727294921875
2016-02-11,311.9934997558594
2016-02-12,307.8201904296875
2016-02-15,328.7718200683594
2016-02-16,329.4553527832031
2016-02-17,335.4803161621094
2016-02-18,324.4561767578125
2016-02-19,318.9584045410156
2016-02-22,330.2673034667969
2016-02-23,323.3450927734375
2016-02-24,322.8466491699219
2016-02-25,331.57769775390625
2016-02-26,333.37225341796875
2016-02-29,329.9824523925781
2016-03-01,337.9300537109375
2016-03-02,345.37921142578125
2016-03-03,339.5537414550781
2016-03-04,352.3297119140625
2016-03-08,349.3815002441406
2016-03-09,340.4083251953125
2016-03-10,331.4067687988281
2016-03-11,326.8917541503906
2016-03-14,329.683349609375
2016-03-15,327.3332214355469
2016-03-16,328.757568359375
2016-03-17,333.28680419921875
2016-03-18,326.9771728515625
2016-03-21,341.6902160644531
2016-03-22,345.8349609375
2016-03-23,347.88592529296875
2016-03-28,349.3672180175781
2016-03-29,339.6107177734375
2016-03-30,354.2525939941406
2016-03-31,354.1813659667969
2016-04-01,358.46844482421875
2016-04-04,362.9692993164063
2016-04-05,357.47149658203125
2016-04-06,361.7728271484375
2016-04-07,362.8981628417969
2016-04-08,361.2459106445313
2016-04-11,358.1123962402344
2016-04-12,361.2174377441406
2016-04-13,361.9011535644531
2016-04-18,379.5197143554688
2016-04-20,392.92236328125
2016-04-21,387.5527648925781
2016-04-22,387.2252502441406
2016-04-25,381.6134948730469
2016-04-26,386.4845275878906
2016-04-27,383.6217041015625
2016-04-28,376.2580261230469
2016-04-29,385.3735656738281
2016-05-02,390.1735229492188
2016-05-03,393.0078430175781
2016-05-04,392.965087890625
2016-05-05,384.2056884765625
2016-05-06,378.6936340332031
2016-05-09,377.6396179199219
2016-05-10,370.3329772949219
2016-05-11,370.6747741699219
2016-05-12,381.2857971191406
2016-05-13,382.3113403320313
2016-05-16,390.273193359375
2016-05-17,390.7716369628906
2016-05-18,388.777587890625
2016-05-19,386.5843505859375
2016-05-20,380.6876525878906
2016-05-23,390.7005004882813
2016-05-24,393.7770080566406
2016-05-25,395.6000671386719
2016-05-26,388.008544921875
2016-05-27,393.1788635253906
2016-05-30,409.2164306640625
2016-05-31,409.9286804199219
2016-06-01,401.1549072265625
2016-06-02,394.8736877441406
2016-06-03,385.2169799804688
2016-06-06,379.56243896484375
2016-06-07,384.4620361328125
2016-06-08,388.3931274414063
2016-06-09,386.5558166503906
2016-06-10,386.2708740234375
2016-06-13,387.28216552734375
2016-06-14,381.6845703125
2016-06-15,384.4193115234375
2016-06-16,383.50775146484375
2016-06-17,377.3405151367188
2016-06-20,381.9267578125
2016-06-21,379.30609130859375
2016-06-22,380.4598083496094
2016-06-23,385.0744934082031
2016-06-24,387.13970947265625
2016-06-27,386.071533203125
2016-06-28,393.463623046875
2016-06-29,413.3611145019531
2016-06-30,407.50726318359375
2016-07-01,415.7112426757813
2016-07-04,413.5179138183594
2016-07-05,417.1783447265625
2016-07-07,417.5912780761719
2016-07-08,417.57708740234375
2016-07-11,413.6032409667969
2016-07-12,406.6954956054688
2016-07-13,406.8377685546875
2016-07-14,411.1819152832031
2016-07-15,417.634033203125
2016-07-18,405.2142028808594
2016-07-19,408.5755004882813
2016-07-20,414.6003112792969
2016-07-21,411.7658996582031
2016-07-22,415.05609130859375
2016-07-25,421.2375183105469
2016-07-26,411.6520080566406
2016-07-27,417.7479248046875
2016-07-28,418.7449645996094
2016-07-29,427.2622680664063
2016-08-01,429.7120971679688
2016-08-02,432.4040222167969
2016-08-03,423.06060791015625
2016-08-04,409.5441589355469
2016-08-05,410.9540710449219
2016-08-08,407.906005859375
2016-08-09,415.5971984863281
2016-08-10,417.9901123046875
2016-08-11,404.1886901855469
2016-08-12,398.1069030761719
2016-08-16,398.5626525878906
2016-08-17,401.6676330566406
2016-08-18,395.642822265625
2016-08-19,389.2476806640625
2016-08-22,388.6067199707031
2016-08-23,385.8009338378906
2016-08-24,388.008544921875
2016-08-25,392.0678405761719
2016-08-26,389.1338195800781
2016-08-29,391.3271789550781
2016-08-30,391.1278076171875
2016-08-31,397.2523193359375
2016-09-01,395.6998291015625
2016-09-02,392.6563415527344
2016-09-06,392.9850158691406
2016-09-07,394.2567443847656
2016-09-08,394.98541259765625
2016-09-09,391.799072265625
2016-09-12,377.0822448730469
2016-09-14,371.23822021484375
2016-09-15,367.5518798828125
2016-09-16,371.45257568359375
2016-09-19,373.8958435058594
2016-09-20,374.1673278808594
2016-09-21,378.482421875
2016-09-22,381.8115539550781
2016-09-23,382.02587890625
2016-09-26,382.0402221679688
2016-09-27,386.2695007324219
2016-09-28,389.3985900878906
2016-09-29,387.5696716308594
2016-09-30,394.185302734375
2016-10-03,395.7855529785156
2016-10-04,394.87109375
2016-10-05,401.2436828613281
2016-10-06,399.1289978027344
2016-10-07,400.5578002929688
2016-10-10,395.6283264160156
2016-10-13,390.2273254394531
2016-10-14,382.3830261230469
2016-10-17,377.61077880859375
2016-10-18,389.4700622558594
2016-10-19,389.9558410644531
2016-10-20,389.6272277832031
2016-10-21,384.7263793945313
2016-10-24,385.28363037109375
2016-10-25,385.6836853027344
2016-10-26,386.2265930175781
2016-10-27,388.255615234375
2016-10-28,393.0849914550781
2016-11-01,391.6418762207031
2016-11-02,391.1275634765625
2016-11-03,391.2275085449219
2016-11-04,395.1425476074219
2016-11-07,391.684814453125
2016-11-08,395.2282409667969
2016-11-09,386.81256103515625
2016-11-10,390.1559448242188
2016-11-11,386.0837707519531
2016-11-15,372.7242431640625
2016-11-16,366.7232055664063
2016-11-17,358.45025634765625
2016-11-18,348.34844970703125
2016-11-21,330.6737365722656
2016-11-22,331.8168640136719
2016-11-23,322.1294250488281
2016-11-24,338.54656982421875
2016-11-25,330.34521484375
2016-11-28,334.01727294921875
2016-11-29,333.64569091796875
2016-11-30,334.34588623046875
2016-12-01,330.2879638671875
2016-12-02,324.74420166015625
2016-12-05,320.74346923828125
2016-12-06,317.6571960449219
2016-12-07,318.0000915527344
2016-12-08,317.314208984375
2016-12-09,319.6289367675781
2016-12-12,322.47222900390625
2016-12-13,320.3862609863281
2016-12-14,320.1861572265625
2016-12-15,317.9857788085937
2016-12-16,313.9992980957031
2016-12-19,309.11279296875
2016-12-20,307.05523681640625
2016-12-21,312.1275634765625
2016-12-22,314.5994567871094
2016-12-23,314.9710388183594
2016-12-26,312.35626220703125
2016-12-27,313.9992980957031
2016-12-28,311.4132080078125
2016-12-29,316.9142150878906
2016-12-30,317.2142333984375
2017-01-02,326.0730285644531
2017-01-03,336.2890930175781
2017-01-04,329.00201416015625
2017-01-05,335.5746765136719
2017-01-06,333.702880859375
2017-01-09,337.503662109375
2017-01-10,340.6755676269531
2017-01-11,338.2179260253906
2017-01-12,347.8768615722656
2017-01-13,344.70489501953125
2017-01-16,342.1616516113281
2017-01-17,343.0474853515625
2017-01-18,339.8611755371094
2017-01-19,337.2892761230469
2017-01-20,334.56024169921875
2017-01-23,334.460205078125
2017-01-24,340.56121826171875
2017-01-25,341.1470642089844
2017-01-27,343.8332824707031
2017-01-30,343.8332824707031
2017-01-31,338.76092529296875
2017-02-01,340.0184020996094
2017-02-02,341.8616027832031
2017-02-03,347.6053466796875
2017-02-06,363.0224304199219
2017-02-07,359.89337158203125
2017-02-08,368.2376403808594
2017-02-09,375.2389831542969
2017-02-10,379.1397399902344
2017-02-13,372.6098937988281
2017-02-14,364.8514099121094
2017-02-15,351.391845703125
2017-02-16,352.5920104980469
2017-02-17,349.0628967285156
2017-02-20,349.9630432128906
2017-02-21,349.9630432128906
2017-02-22,349.3534545898437
2017-02-23,341.2007141113281
2017-02-27,350.1441345214844
2017-02-28,349.6553649902344
2017-03-01,351.8839416503906
2017-03-02,353.077392578125
2017-03-03,354.7020874023437
2017-03-06,356.02496337890625
2017-03-07,358.6274719238281
2017-03-08,353.0342102050781
2017-03-09,350.8199768066406
2017-03-10,356.98828125
2017-03-14,357.10333251953125
2017-03-15,360.6404418945313
2017-03-16,356.6000671386719
2017-03-17,356.98828125
2017-03-20,358.6992492675781
2017-03-21,356.51385498046875
2017-03-22,356.9739685058594
2017-03-23,358.1529846191406
2017-03-24,359.5763854980469
2017-03-27,354.9896240234375
2017-03-28,357.7072448730469
2017-03-29,361.71875
2017-03-30,364.58013916015625
2017-03-31,366.2767333984375
2017-04-03,363.4873352050781
2017-04-05,364.06256103515625
2017-04-06,378.0814208984375
2017-04-07,403.0460815429688
2017-04-10,406.65863037109375
2017-04-11,415.2138671875
2017-04-12,412.1583862304688
2017-04-13,423.8050231933594
2017-04-17,425.512451171875
2017-04-18,427.9747619628906
2017-04-19,437.9857482910156
2017-04-20,423.4275817871094
2017-04-21,429.3226623535156
2017-04-24,432.7555236816406
2017-04-25,436.2423400878906
2017-04-26,436.2423400878906
2017-04-27,435.577392578125
2017-04-28,437.7700805664063
2017-05-02,431.2098388671875
2017-05-03,421.89984130859375
2017-05-04,427.8849182128906
2017-05-05,427.7410888671875
2017-05-08,424.3621215820313
2017-05-09,430.0417175292969
2017-05-10,429.1609497070313
2017-05-11,418.3771362304688
2017-05-12,425.2068481445313
2017-05-15,425.0810546875
2017-05-16,431.1020202636719
2017-05-17,429.268798828125
2017-05-18,429.7181701660156
2017-05-19,430.7066040039063
2017-05-22,431.40765380859375
2017-05-23,438.90228271484375
2017-05-24,424.0566101074219
2017-05-25,415.1239318847656
2017-05-26,434.4090881347656
2017-05-29,424.2722778320313
2017-05-30,419.4554138183594
2017-05-31,417.0471496582031
2017-06-01,417.7480163574219
2017-06-02,417.8919372558594
2017-06-05,421.5403442382813
2017-06-06,420.7315979003906
2017-06-07,422.8164367675781
2017-06-08,419.0780944824219
2017-06-09,424.43402099609375
2017-06-12,421.5045166015625
2017-06-13,420.2283020019531
2017-06-14,412.7335815429688
2017-06-15,408.3840942382813
2017-06-16,408.2402648925781
2017-06-19,407.1978149414063
2017-06-20,426.48291015625
2017-06-21,428.9632873535156
2017-06-22,431.01214599609375
2017-06-23,418.4850158691406
2017-06-27,407.5753479003906
2017-06-28,406.9462585449219
2017-06-29,407.467529296875
2017-06-30,411.9607543945313
2017-07-03,415.6451416015625
2017-07-04,419.1858520507813
2017-07-05,419.1499938964844
2017-07-06,419.7969665527344
2017-07-07,425.512451171875
2017-07-10,431.4435119628906
2017-07-11,421.80999755859375
2017-07-12,422.3491516113281
2017-07-13,423.4095153808594
2017-07-14,421.6302795410156
2017-07-17,423.1759338378906
2017-07-18,426.5369262695313
2017-07-19,424.0386352539063
2017-07-20,424.2004089355469
2017-07-21,424.3621215820313
2017-07-24,422.8882751464844
2017-07-25,420.8394470214844
2017-07-26,421.6482238769531
2017-07-27,418.5568237304688
2017-07-28,410.2353210449219
2017-07-31,411.16986083984375
2017-08-01,422.6187438964844
2017-08-02,421.4685668945313
2017-08-03,424.0745849609375
2017-08-04,424.0205993652344
2017-08-07,425.74615478515625
2017-08-08,420.0486450195313
2017-08-09,420.1564331054688
2017-08-10,411.74505615234375
2017-08-11,416.23828125
2017-08-14,420.5878601074219
2017-08-16,442.2812805175781
2017-08-17,446.3612365722656
2017-08-18,450.8185424804688
2017-08-21,439.2439270019531
2017-08-22,458.8165588378906
2017-08-23,452.202392578125
2017-08-24,455.7251281738281
2017-08-28,462.5908203125
2017-08-29,452.8853759765625
2017-08-30,471.3796081542969
2017-08-31,474.45318603515625
2017-09-01,479.2878723144531
2017-09-04,473.2488708496094
2017-09-05,485.3806457519531
2017-09-06,498.3932495117188
2017-09-07,494.2593994140625
2017-09-08,488.8136596679688
2017-09-11,505.5823364257813
2017-09-12,505.1492309570313
2017-09-13,494.87884521484375
2017-09-14,492.4961853027344
2017-09-15,489.0666198730469
2017-09-18,493.5069274902344
2017-09-19,488.9402160644531
2017-09-20,493.0014953613281
2017-09-21,485.0054626464844
2017-09-22,471.6844482421875
2017-09-25,463.5257568359375
2017-09-26,465.1502380371094
2017-09-27,455.8003540039063
2017-09-28,476.2872009277344
2017-09-29,486.14251708984375
2017-10-03,478.326904296875
2017-10-04,479.3918151855469
2017-10-05,477.5145263671875
2017-10-06,479.53619384765625
2017-10-09,478.2185668945313
2017-10-10,479.861083984375
2017-10-11,472.5146789550781
2017-10-12,489.4636535644531
2017-10-13,492.5321350097656
2017-10-16,490.763427734375
2017-10-17,484.3014831542969
2017-10-18,477.3161315917969
2017-10-19,476.2510681152344
2017-10-23,480.67327880859375
2017-10-24,483.9584045410156
2017-10-25,490.763427734375
2017-10-26,493.922119140625
2017-10-27,492.5501708984375
2017-10-30,494.896728515625
2017-10-31,499.0303955078125
2017-11-01,501.8279724121094
2017-11-02,497.9834899902344
2017-11-03,498.1458435058594
2017-11-06,502.4236755371094
2017-11-07,479.71673583984375
2017-11-08,483.1643676757813
2017-11-09,482.604736328125
2017-11-10,487.2254638671875
2017-11-13,483.8501281738281
2017-11-14,482.6408386230469
2017-11-15,481.0884704589844
2017-11-16,478.3448486328125
2017-11-17,485.67327880859375
2017-11-20,491.8462829589844
2017-11-21,489.8968505859375
2017-11-22,490.7091369628906
2017-11-23,482.49658203125
2017-11-24,485.8717346191406
2017-11-27,479.8971862792969
2017-11-28,480.5110473632813
2017-11-29,479.2474060058594
2017-11-30,472.1898193359375
2017-12-01,461.26953125
2017-12-04,467.9841003417969
2017-12-05,465.70989990234375
2017-12-06,469.1934814453125
2017-12-07,470.47503662109375
2017-12-08,469.1033325195313
2017-12-11,469.0670776367188
2017-12-12,469.0491638183594
2017-12-13,467.7496032714844
2017-12-14,466.0347900390625
2017-12-15,469.1212463378906
2017-12-18,472.9660034179688
2017-12-19,486.1246032714844
2017-12-20,487.27972412109375
2017-12-21,489.5179443359375
2017-12-22,492.0089111328125
2017-12-26,503.32623291015625
2017-12-27,491.5576477050781
2017-12-28,496.5934448242188
2017-12-29,497.947265625
2018-01-01,494.8427734375
2018-01-02,488.32666015625
2018-01-03,494.5899658203125
2018-01-04,496.8461608886719
2018-01-05,497.9292602539063
2018-01-08,498.1638488769531
2018-01-09,496.575439453125
2018-01-10,532.9463500976562
2018-01-11,514.82421875
2018-01-12,517.0441284179688
2018-01-15,513.3621215820312
2018-01-16,509.78814697265625
2018-01-17,515.8710327148438
2018-01-18,519.5170288085938
2018-01-19,531.9898071289062
2018-01-22,535.4552612304688
2018-01-23,529.3001098632812
2018-01-24,529.3724365234375
2018-01-25,519.9864501953125
2018-01-29,505.54632568359375
2018-01-30,498.1820068359375
2018-01-31,501.900146484375
2018-02-01,500.8171691894531
2018-02-02,482.9114990234375
2018-02-05,484.2112426757813
2018-02-06,472.1678161621094
2018-02-07,487.45355224609375
2018-02-08,487.0177917480469
2018-02-09,478.4126892089844
2018-02-12,481.1902770996094
2018-02-14,481.11767578125
2018-02-15,481.4444580078125
2018-02-16,478.2676086425781
2018-02-19,468.95452880859375
2018-02-20,468.5369873046875
2018-02-21,475.2358703613281
2018-02-22,483.8771057128906
2018-02-23,482.8060302734375
2018-02-26,482.8605651855469
2018-02-27,482.95123291015625
2018-02-28,473.5111999511719
2018-03-01,476.4884338378906
2018-03-05,464.8698120117188
2018-03-06,448.8217468261719
2018-03-07,454.9215393066406
2018-03-08,454.0681762695313
2018-03-09,453.3783874511719
2018-03-12,449.5841979980469
2018-03-13,450.7279052734375
2018-03-14,452.5069580078125
2018-03-15,451.3996276855469
2018-03-16,438.7825927734375
2018-03-19,435.3696594238281
2018-03-20,430.3046569824219
2018-03-21,430.123046875
2018-03-22,428.7796630859375
2018-03-23,439.4360656738281
2018-03-26,435.0065612792969
2018-03-27,444.954833984375
2018-03-28,452.0713195800781
2018-04-02,450.65533447265625
2018-04-03,458.8064575195313
2018-04-04,451.9078369140625
2018-04-05,450.1470336914063
2018-04-06,459.0424499511719
2018-04-09,458.189208984375
2018-04-10,463.5447082519531
2018-04-11,464.2708435058594
2018-04-12,470.2433776855469
2018-04-13,471.60498046875
2018-04-16,480.8453979492188
2018-04-17,495.8042602539063
2018-04-18,488.4881896972656
2018-04-19,488.7060241699219
2018-04-20,488.1978454589844
2018-04-23,482.9877014160156
2018-04-24,484.9300842285156
2018-04-25,480.9906311035156
2018-04-26,469.55364990234375
2018-04-27,475.6715698242188
2018-04-30,473.4204406738281
2018-05-02,481.6804504394531
2018-05-03,493.4806213378906
2018-05-04,495.7498474121094
2018-05-07,490.0676879882813
2018-05-08,508.0218811035156
2018-05-09,501.1597900390625
2018-05-10,492.6092529296875
2018-05-11,510.8540344238281
2018-05-14,508.9479675292969
2018-05-15,504.77239990234375
2018-05-16,508.7663879394531
2018-05-17,505.2987976074219
2018-05-18,507.2593688964844
2018-05-21,504.04632568359375
2018-05-22,500.9963684082031
2018-05-23,503.6831359863281
2018-05-24,501.413818359375
2018-05-25,500.4153747558594
2018-05-28,501.5773315429688
2018-05-29,498.6544189453125
2018-05-30,499.0903015136719
2018-05-31,500.7059020996094
2018-06-01,485.4747619628906
2018-06-04,476.8333740234375
2018-06-05,484.5306091308594
2018-06-06,489.0691833496094
2018-06-07,489.3052673339844
2018-06-08,494.76953125
2018-06-11,477.2327575683594
2018-06-12,485.093505859375
2018-06-13,478.99365234375
2018-06-14,473.5111999511719
2018-06-15,458.6249084472656
2018-06-18,447.5690612792969
2018-06-19,460.5492248535156
2018-06-20,462.6732177734375
2018-06-21,456.1378173828125
2018-06-22,452.7610778808594
2018-06-25,451.8172607421875
2018-06-26,453.0516357421875
2018-06-27,440.34381103515625
2018-06-28,443.9020080566406
2018-06-29,473.63818359375
2018-07-02,462.5280456542969
2018-07-03,468.4462585449219
2018-07-04,470.7336730957031
2018-07-05,461.5477600097656
2018-07-06,472.8032531738281
2018-07-09,485.8741760253906
2018-07-10,489.4322204589844
2018-07-11,470.1163635253906
2018-07-12,461.4750671386719
2018-07-13,463.2178649902344
2018-07-16,455.7384033203125
2018-07-17,465.61431884765625
2018-07-18,472.3311462402344
2018-07-19,473.0210571289063
2018-07-20,474.3643798828125
2018-07-23,478.1768493652344
2018-07-24,481.6260070800781
2018-07-25,469.5718078613281
2018-07-26,470.2615966796875
2018-07-27,472.3311462402344
2018-07-30,480.10101318359375
2018-07-31,486.0192260742188
2018-08-01,480.8998718261719
2018-08-02,470.3704223632813
2018-08-03,468.3736572265625
2018-08-06,463.9440002441406
2018-08-07,463.18157958984375
2018-08-08,467.93792724609375
2018-08-09,466.52191162109375
2018-08-10,464.1618041992188
2018-08-13,464.3796997070313
2018-08-14,466.594482421875
2018-08-16,468.88189697265625
2018-08-17,463.6535339355469
2018-08-20,456.1741333007813
2018-08-21,461.07568359375
2018-08-23,467.03021240234375
2018-08-24,465.0332336425781
2018-08-27,470.1163635253906
2018-08-28,458.5341796875
2018-08-29,465.2511291503906
2018-08-30,459.4419250488281
2018-08-31,473.3478698730469
2018-09-03,472.5852966308594
2018-09-04,457.22705078125
2018-09-05,465.61431884765625
2018-09-06,464.1255798339844
2018-09-07,478.539794921875
2018-09-10,478.7576904296875
2018-09-11,462.1255798339844
2018-09-12,460.265380859375
2018-09-14,471.1711120605469
2018-09-17,462.4539184570313
2018-09-18,447.6454162597656
2018-09-19,453.5541687011719
2018-09-21,469.5661926269531
2018-09-24,452.8611755371094
2018-09-25,446.952392578125
2018-09-26,458.5875854492188
2018-09-27,452.8611755371094
2018-09-28,457.712158203125
2018-10-01,475.8032531738281
2018-10-03,467.74261474609375
2018-10-04,445.4205627441406
2018-10-05,441.8825073242188
2018-10-08,437.3232421875
2018-10-09,436.5572509765625
2018-10-10,448.1560668945313
2018-10-11,433.6028747558594
2018-10-12,443.0132751464844
2018-10-15,441.0435485839844
2018-10-16,438.63623046875
2018-10-17,437.2138366699219
2018-10-19,431.9250793457031
2018-10-22,420.0345764160156
2018-10-23,420.8005065917969
2018-10-24,407.19580078125
2018-10-25,401.3234252929688
2018-10-26,418.9767761230469
2018-10-29,452.1316223144531
2018-10-30,454.7212829589844
2018-10-31,462.3078918457031
2018-11-01,482.62396240234375
2018-11-02,481.2015380859375
2018-11-05,477.3716735839844
2018-11-06,489.8822021484375
2018-11-07,486.9279174804688
2018-11-09,488.7151794433594
2018-11-12,470.3321533203125
2018-11-13,488.8974914550781
2018-11-14,486.7821044921875
2018-11-15,497.9794616699219
2018-11-16,490.0283203125
2018-11-19,491.34130859375
2018-11-20,493.4202880859375
2018-11-21,493.2743835449219
2018-11-22,490.3929443359375
2018-11-26,489.62689208984375
2018-11-27,487.2561340332031
2018-11-28,485.1041870117188
2018-11-29,492.2894592285156
2018-11-30,492.3624877929688
2018-12-03,496.1558227539063
2018-12-04,494.2590942382813
2018-12-05,491.4140930175781
2018-12-06,482.6968994140625
2018-12-07,482.0768432617188
2018-12-10,484.4476318359375
2018-12-11,482.5509643554688
2018-12-12,475.9491882324219
2018-12-13,472.5206298828125
2018-12-14,474.63616943359375
2018-12-17,483.0616149902344
2018-12-18,481.74847412109375
2018-12-19,487.6573181152344
2018-12-20,486.1983642578125
2018-12-21,478.9765930175781
2018-12-24,474.1985168457031
2018-12-26,476.05853271484375
2018-12-27,486.161865234375
2018-12-28,489.04345703125
2018-12-31,501.6632690429688
2019-01-01,499.9126892089844
2019-01-02,487.985595703125
2019-01-03,488.7516784667969
2019-01-04,494.62396240234375
2019-01-07,496.8851318359375
2019-01-08,496.3381652832031
2019-01-09,499.2925415039063
2019-01-10,502.6480712890625
2019-01-11,494.9885864257813
2019-01-14,497.7241516113281
2019-01-15,497.2865905761719
2019-01-16,508.3745727539063
2019-01-17,506.5508728027344
2019-01-18,498.85498046875
2019-01-21,485.1041870117188
2019-01-22,488.38677978515625
2019-01-23,481.38372802734375
2019-01-24,484.4111022949219
2019-01-25,481.74847412109375
2019-01-28,469.0191345214844
2019-01-29,468.9461364746094
2019-01-30,482.5144653320313
2019-01-31,478.1741638183594
2019-02-01,480.5084228515625
2019-02-04,472.8854064941406
2019-02-05,471.7911987304688
2019-02-06,465.453857421875
2019-02-07,468.2349243164063
2019-02-08,464.9979248046875
2019-02-11,474.7546997070313
2019-02-12,467.2319946289063
2019-02-14,454.1012268066406
2019-02-15,447.94635009765625
2019-02-18,449.9979248046875
2019-02-19,446.57855224609375
2019-02-20,448.5390319824219
2019-02-21,440.058837890625
2019-02-22,433.7213134765625
2019-02-25,432.67279052734375
2019-02-26,425.8338928222656
2019-02-27,432.1712951660156
2019-02-28,431.0771179199219
2019-03-01,436.0010681152344
2019-03-05,441.7457580566406
2019-03-06,443.9797668457031
2019-03-07,442.7943115234375
2019-03-08,445.3931579589844
2019-03-11,449.9979248046875
2019-03-12,458.7060546875
2019-03-13,476.4870910644531
2019-03-14,463.9036865234375
2019-03-15,470.0130920410156
2019-03-18,466.9127807617188
2019-03-19,465.5450439453125
2019-03-20,468.9188537597656
2019-03-22,468.4173889160156
2019-03-25,461.5328979492188
2019-03-26,460.1650085449219
2019-03-27,458.2046203613281
2019-03-28,466.1377258300781
2019-04-01,484.2834167480469
2019-04-02,487.1103210449219
2019-04-03,485.4688720703125
2019-04-04,485.19537353515625
2019-04-05,481.0010070800781
2019-04-08,471.0161743164063
2019-04-09,473.5693054199219
2019-04-10,473.6148071289063
2019-04-11,470.7882080078125
2019-04-12,468.9644165039063
2019-04-15,468.1438293457031
2019-04-16,467.049560546875
2019-04-18,475.1194763183594
2019-04-22,460.5755004882813
2019-04-23,460.3017883300781
2019-04-24,459.1620178222656
2019-04-25,448.81256103515625
2019-04-26,450.40826416015625
2019-04-30,449.724365234375
2019-05-02,468.2804565429688
2019-05-03,460.7577209472656
2019-05-06,451.8216552734375
2019-05-07,446.6697387695313
2019-05-08,435.13482666015625
2019-05-09,432.1256408691406
2019-05-10,433.8581848144531
2019-05-13,428.5695495605469
2019-05-14,427.9312133789063
2019-05-15,434.5876770019531
2019-05-16,427.7033081054688
2019-05-17,436.8672790527344
2019-05-20,453.0526428222656
2019-05-21,440.2867431640625
2019-05-22,442.0191955566406
2019-05-23,448.7213439941406
2019-05-24,460.9857177734375
2019-05-27,477.2167053222656
2019-05-28,478.8123474121094
2019-05-29,478.3109436035156
2019-05-30,482.9156799316406
2019-05-31,483.3260498046875
2019-06-03,484.1011962890625
2019-06-04,490.25634765625
2019-06-06,478.1285095214844
2019-06-07,478.0830078125
2019-06-10,486.6999206542969
2019-06-11,490.3473815917969
2019-06-12,493.6756286621094
2019-06-13,487.7941284179688
2019-06-14,490.5296325683594
2019-06-17,482.6878051757813
2019-06-18,480.955322265625
2019-06-19,484.2834167480469
2019-06-20,497.5054321289063
2019-06-21,504.6178283691406
2019-06-24,504.5722351074219
2019-06-25,505.392822265625
2019-06-26,518.7972412109375
2019-06-27,519.6178588867188
2019-06-28,519.7999877929688
2019-07-01,527.1405029296875
2019-07-02,528.5081176757812
2019-07-03,525.59033203125
2019-07-04,522.4900512695312
2019-07-05,524.9519653320312
2019-07-08,505.1646728515625
2019-07-09,500.6056213378906
2019-07-10,506.3958435058594
2019-07-11,508.7210998535156
2019-07-12,508.7210998535156
2019-07-15,502.8853454589844
2019-07-16,503.97943115234375
2019-07-17,503.0676879882813
2019-07-18,491.4415283203125
2019-07-19,488.0676879882813
2019-07-22,490.3473815917969
2019-07-23,490.8487854003906
2019-07-24,484.010009765625
2019-07-25,481.456787109375
2019-07-26,473.3868103027344
2019-07-29,470.0586853027344
2019-07-30,467.9157409667969
2019-07-31,466.6847534179688
2019-08-01,470.0130920410156
2019-08-02,459.298828125
2019-08-05,456.6544494628906
2019-08-06,453.7821350097656
2019-08-07,440.7882690429688
2019-08-08,439.8308410644531
2019-08-09,442.7943115234375
2019-08-13,432.2625122070313
2019-08-14,433.9493408203125
2019-08-16,427.7033081054688
2019-08-19,430.4237365722656
2019-08-20,439.67718505859375
2019-08-21,446.941162109375
2019-08-22,446.2932739257813
2019-08-23,451.3364868164063
2019-08-26,453.1871948242188
2019-08-27,458.7854919433594
2019-08-28,448.9769287109375
2019-08-29,459.6646423339844
2019-08-30,470.3523254394531
2019-09-03,455.2230529785156
2019-09-04,465.3554382324219
2019-09-05,476.6909484863281
2019-09-06,466.8360290527344
2019-09-09,475.8118591308594
2019-09-11,479.1893310546875
2019-09-12,480.7161865234375
2019-09-13,492.5606384277344
2019-09-16,491.2651672363281
2019-09-17,481.6878662109375
2019-09-18,486.5457763671875
2019-09-19,480.48486328125
2019-09-20,511.1600341796875
2019-09-23,540.6321411132812
2019-09-24,537.7173461914062
2019-09-25,555.3915405273438
2019-09-26,572.3713989257812
2019-09-27,547.0172119140625
2019-09-30,559.601806640625
2019-10-01,592.4053344726562
2019-10-03,584.6785888671875
2019-10-04,568.9013671875
2019-10-07,530.96240234375
2019-10-09,528.3715209960938
2019-10-10,524.207275390625
2019-10-11,522.0789794921875
2019-10-14,535.080078125
2019-10-15,550.5795288085938
2019-10-16,559.555419921875
2019-10-17,554.6513061523438
2019-10-18,565.8478393554688
2019-10-22,562.5629272460938
2019-10-23,567.2821044921875
2019-10-24,543.1306762695312
2019-10-25,544.33349609375
2019-10-27,555.946533203125
2019-10-29,552.7079467773438
2019-10-30,548.5900268554688
2019-10-31,544.426025390625
2019-11-01,537.347412109375
2019-11-04,535.49658203125
2019-11-05,533.78466796875
2019-11-06,537.0697021484375
2019-11-07,536.329345703125
2019-11-08,528.2789306640625
2019-11-11,538.8741455078125
2019-11-13,533.9234619140625
2019-11-14,532.4430541992188
2019-11-15,528.0936889648438
2019-11-18,526.6594848632812
2019-11-19,525.7341918945312
2019-11-20,534.9876098632812
2019-11-21,534.062255859375
2019-11-22,516.4807739257812
2019-11-25,517.4061889648438
2019-11-26,515.555419921875
2019-11-27,510.2809753417969
2019-11-28,511.5763244628906
2019-11-29,535.7740478515625
2019-12-02,529.2967529296875
2019-12-03,518.4240112304688
2019-12-04,514.3523559570312
2019-12-05,525.2252197265625
2019-12-06,520.3671264648438
2019-12-09,517.4987182617188
2019-12-10,512.2241821289062
2019-12-11,517.0359497070312
2019-12-12,519.7657470703125
2019-12-13,534.5249633789062
2019-12-16,530.2222290039062
2019-12-17,532.7205200195312
2019-12-18,530.5458374023438
2019-12-19,526.9834594726562
2019-12-20,538.0410766601562
2019-12-23,538.4113159179688
2019-12-24,532.2579345703125
2019-12-26,524.9013671875
2019-12-27,530.268310546875
2019-12-30,533.6458740234375
2019-12-31,529.2044067382812
2020-01-01,530.2222290039062
2020-01-02,529.2967529296875
2020-01-03,527.16845703125
2020-01-06,520.2283935546875
2020-01-07,514.8150634765625
2020-01-08,511.5763244628906
2020-01-09,519.534423828125
2020-01-10,521.4776000976562
2020-01-13,519.8583374023438
2020-01-14,524.6236572265625
2020-01-15,515.5091552734375
2020-01-16,516.3883666992188
2020-01-17,513.0108642578125
2020-01-20,509.8183288574219
2020-01-21,510.3735046386719
2020-01-22,509.2166748046875
2020-01-23,511.6227416992188
2020-01-24,519.4418334960938
2020-01-27,527.6310424804688
2020-01-28,529.0654907226562
2020-01-29,536.375732421875
2020-01-30,530.0369262695312
2020-01-31,524.670166015625
2020-02-03,504.45111083984375
2020-02-04,524.0686645507812
2020-02-05,550.1170654296875
2020-02-06,541.1410522460938
2020-02-07,532.2579345703125
2020-02-10,529.7132568359375
2020-02-11,531.7951049804688
2020-02-12,528.5565185546875
2020-02-13,523.7445678710938
2020-02-14,518.3777465820312
2020-02-17,510.1883544921875
2020-02-18,496.0615234375
2020-02-19,513.569580078125
2020-02-20,509.5398864746094
2020-02-24,507.6408996582031
2020-02-25,502.0829162597656
2020-02-26,477.8124084472656
2020-02-27,475.2186279296875
2020-02-28,472.1153259277344
2020-03-02,459.609619140625
2020-03-03,453.4956359863281
2020-03-04,443.67626953125
2020-03-05,431.8190307617188
2020-03-06,411.62451171875
2020-03-09,386.5203857421875
2020-03-11,365.5848083496094
2020-03-12,348.4472961425781
2020-03-13,359.9804077148437
2020-03-16,328.7160949707031
2020-03-17,316.302978515625
2020-03-18,276.4234313964844
2020-03-19,264.8440246582031
2020-03-20,307.456298828125
2020-03-23,277.1181945800781
2020-03-24,258.7764892578125
2020-03-25,264.7514953613281
2020-03-26,283.1858825683594
2020-03-27,286.4280700683594
2020-03-30,281.84259033203125
2020-03-31,307.2246398925781
2020-04-01,294.1167907714844
2020-04-03,282.0741882324219
2020-04-07,304.9551086425781
2020-04-08,309.1700134277344
2020-04-09,346.6872253417969
2020-04-13,354.0517578125
2020-04-15,355.30230712890625
2020-04-16,343.7229919433594
2020-04-17,349.1421203613281
2020-04-20,343.0281677246094
2020-04-21,338.813232421875
2020-04-22,339.9712219238281
2020-04-23,340.7122497558594
2020-04-24,334.5057067871094
2020-04-27,332.2825012207031
2020-04-28,330.8929443359375
2020-04-29,339.1375427246094
2020-04-30,345.5756530761719
2020-05-04,322.6947937011719
2020-05-05,311.2543334960937
2020-05-06,325.5665283203125
2020-05-07,332.9309387207031
2020-05-08,332.3288269042969
2020-05-11,338.0721740722656
2020-05-12,335.6172790527344
2020-05-13,352.4306335449219
2020-05-14,350.57794189453125
2020-05-15,350.4852905273437
2020-05-18,323.760009765625
2020-05-19,324.7326965332031
2020-05-20,324.9179382324219
2020-05-21,332.606689453125
2020-05-22,322.6947937011719
2020-05-26,325.3348693847656
2020-05-27,324.36212158203125
2020-05-28,325.7516784667969
2020-05-29,348.4010009765625
2020-06-01,365.3532104492188
2020-06-02,362.713134765625
2020-06-03,360.8141479492188
2020-06-04,361.6478576660156
2020-06-05,372.9493103027344
2020-06-08,381.2402038574219
2020-06-09,388.6974487304688
2020-06-10,379.8506774902344
2020-06-11,361.18463134765625
2020-06-12,365.49224853515625
2020-06-15,355.58026123046875
2020-06-16,350.6705627441406
2020-06-17,356.182373046875
2020-06-18,371.0039978027344
2020-06-19,378.9243774414063
2020-06-22,385.3624572753906
2020-06-23,390.4574890136719
2020-06-24,386.983642578125
2020-06-25,394.8112487792969
2020-06-26,401.8515625
2020-06-29,387.1688232421875
2020-06-30,387.1225280761719
2020-07-01,382.5833740234375
2020-07-02,391.3374938964844
2020-07-03,398.28515625
2020-07-06,399.720947265625
2020-07-07,398.3314208984375
2020-07-08,403.5190124511719
2020-07-09,396.5713806152344
2020-07-10,398.4703369140625
2020-07-13,394.1165161132813
2020-07-14,392.1248168945313
2020-07-15,399.2113952636719
2020-07-16,398.2388000488281
2020-07-17,415.6078186035156
2020-07-20,413.3845520019531
2020-07-21,423.296630859375
2020-07-22,418.3869323730469
2020-07-23,417.7847595214844
2020-07-24,415.3763122558594
2020-07-27,410.4666137695313
2020-07-28,419.6375122070313
2020-07-29,417.6921691894531
2020-07-30,416.8121948242188
2020-07-31,417.8773193359375
2020-08-03,418.6185302734375
2020-08-04,422.0923156738281
2020-08-05,424.13037109375
2020-08-06,425.0103759765625
2020-08-07,422.3239135742188
2020-08-10,357.9424133300781
2020-08-11,349.5126342773437
2020-08-12,335.98785400390625
2020-08-13,349.327392578125
2020-08-14,351.6432189941406
2020-08-17,357.34039306640625
2020-08-18,363.6858215332031
2020-08-19,364.3342590332031
2020-08-20,364.0100402832031
2020-08-21,365.1216125488281
2020-08-24,363.7321166992188
2020-08-25,364.3342590332031
2020-08-26,364.7974853515625
2020-08-27,366.3722534179688
2020-08-28,378.9707336425781
2020-08-31,364.056396484375
2020-09-01,371.9767150878906
2020-09-02,367.8544616699219
2020-09-03,371.09661865234375
2020-09-04,362.8521423339844
2020-09-07,357.2477111816406
2020-09-08,359.7025451660156
2020-09-09,347.4746398925781
2020-09-10,340.4806213378906
2020-09-11,355.5339050292969
2020-09-14,355.90447998046875
2020-09-15,360.1194152832031
2020-09-16,358.6835632324219
2020-09-17,360.2120361328125
2020-09-18,360.62890625
2020-09-21,352.73638916015625
2020-09-22,345.4217224121094
2020-09-23,351.38531494140625
2020-09-24,345.79443359375
2020-09-25,349.6614990234375
2020-09-28,354.3670349121094
2020-09-29,349.3353271484375
2020-09-30,340.0638122558594
2020-10-01,331.9570617675781
2020-10-05,328.5094299316406
2020-10-06,335.8707580566406
2020-10-07,339.0388488769531
2020-10-08,341.042236328125
2020-10-09,344.67626953125
2020-10-12,345.2819519042969
2020-10-13,338.8059387207031
2020-10-14,339.9706726074219
2020-10-15,333.4945373535156
2020-10-16,345.5614929199219
2020-10-19,356.83642578125
2020-10-20,357.30230712890625
2020-10-21,365.036376953125
2020-10-22,368.9500122070313
2020-10-23,359.25909423828125
2020-10-26,358.5137023925781
2020-10-27,370.1147155761719
2020-10-28,363.2658996582031
2020-10-29,357.7216491699219
2020-10-30,364.2442626953125
2020-11-02,365.4090576171875
2020-11-03,371.6522521972656
2020-11-04,370.81353759765625
2020-11-05,379.5259399414063
2020-11-06,352.2705383300781
2020-11-09,354.46026611328125
2020-11-10,361.6352233886719
2020-11-11,372.956787109375
2020-11-12,372.3976440429688
2020-11-13,372.58404541015625
2020-11-14,384.5577392578125
2020-11-17,381.1565856933594
2020-11-18,382.6563415527344
2020-11-19,382.6563415527344
2020-11-20,384.2966003417969
2020-11-23,386.4993286132813
2020-11-24,385.1871032714844
2020-11-25,374.5954895019531
2020-11-26,381.8595886230469
2020-11-27,380.5942077636719
2020-12-01,383.9685668945313
2020-12-02,384.1091918945313
2020-12-03,391.420166015625
2020-12-04,386.7804870605469
2020-12-07,384.6246643066406
2020-12-08,379.1883239746094
2020-12-09,378.1572570800781
2020-12-10,377.0325012207031
2020-12-11,375.72021484375
2020-12-14,378.67279052734375
2020-12-15,387.0147399902344
2020-12-16,382.2814331054688
2020-12-17,383.1249084472656
2020-12-18,379.8443603515625
2020-12-21,355.614990234375
2020-12-22,362.0823974609375
2020-12-23,367.284423828125
2020-12-24,367.6126098632813
2020-12-28,367.8936767578125
2020-12-29,372.5334167480469
2020-12-30,373.84564208984375
2020-12-31,374.2674255371094
2021-01-01,378.11041259765625
2021-01-04,387.8584289550781
2021-01-05,389.170654296875
2021-01-06,406.7452392578125
2021-01-07,404.2612915039063
2021-01-08,414.8059692382813
2021-01-11,411.9941101074219
2021-01-12,417.6648254394531
2021-01-13,411.947265625
2021-01-14,420.1955261230469
2021-01-15,405.667236328125
2021-01-18,398.496826171875
2021-01-19,409.6039123535156
2021-01-20,409.3695983886719
2021-01-21,401.4025268554688
2021-01-22,401.7774658203125
2021-01-25,394.8414001464844
2021-01-27,405.8077697753906
2021-01-28,409.7914123535156
2021-01-29,406.3233947753906
2021-02-01,425.5850830078125
2021-02-02,427.0379028320313
2021-02-03,435.3331298828125
2021-02-04,448.9709167480469
2021-02-05,437.5826110839844
2021-02-08,470.9508666992188
2021-02-09,470.763427734375
2021-02-10,468.8887634277344
2021-02-11,469.5449523925781
2021-02-12,515.0512084960938
2021-02-15,510.1771240234375
2021-02-16,503.4754333496094
2021-02-17,507.5994873046875
2021-02-18,521.2374877929688
2021-02-19,533.2818603515625
2021-02-22,514.77001953125
2021-02-23,522.3622436523438
2021-02-24,544.9046020507812
2021-02-25,539.14013671875
2021-02-26,522.8778076171875
2021-03-01,527.2363891601562
2021-03-02,536.421875
2021-03-03,542.0926513671875
2021-03-04,576.96044921875
2021-03-05,554.324462890625
2021-03-08,559.8076171875
2021-03-09,547.247802734375
2021-03-10,537.687255859375
2021-03-12,540.9677124023438
2021-03-15,525.4085083007812
2021-03-16,522.2216796875
2021-03-17,505.3030395507813
2021-03-18,511.4894409179688
2021-03-19,525.4085083007812
2021-03-22,525.595947265625
2021-03-23,533.2349853515625
2021-03-24,523.7213134765625
2021-03-25,515.4730224609375
2021-03-26,552.4497680664062
2021-03-30,560.3232421875
2021-03-31,560.5107421875
2021-04-01,561.072998046875
2021-04-05,542.3269653320312
2021-04-06,540.3585205078125
2021-04-07,547.9976196289062
2021-04-08,553.10595703125
2021-04-09,550.5283813476562
2021-04-12,529.813720703125
2021-04-13,537.7340087890625
2021-04-15,529.0640869140625
2021-04-16,532.3914794921875
2021-04-19,517.2539672851562
2021-04-20,514.6762084960938
2021-04-22,516.2696533203125
2021-04-23,515.0042724609375
2021-04-26,520.4876098632812
2021-04-27,528.032958984375
2021-04-28,527.986083984375
2021-04-29,522.3622436523438
2021-04-30,552.91845703125
2021-05-03,536.609375
2021-05-04,533.9846801757812
2021-05-05,532.6256713867188
2021-05-06,541.7644653320312
2021-05-07,538.0153198242188
2021-05-10,543.5455932617188
2021-05-11,574.1016235351562
2021-05-12,560.1826171875
2021-05-14,536.8436279296875
2021-05-17,531.5477294921875
2021-05-18,570.1649169921875
2021-05-19,562.1510620117188
2021-05-20,554.5117797851562
2021-05-21,549.8253173828125
2021-05-24,594.4879150390625
2021-05-25,626.2158813476562
2021-05-26,624.8101196289062
2021-05-27,625.8411254882812
2021-05-28,625.794189453125
2021-05-31,641.0255737304688
2021-06-01,649.6956176757812
2021-06-02,648.1489868164062
2021-06-03,663.4271240234375
2021-06-04,668.8167114257812
2021-06-07,674.5811767578125
2021-06-08,669.3320922851562
2021-06-09,662.4899291992188
2021-06-10,652.9293823242188
2021-06-11,643.0406494140625
2021-06-14,638.4009399414062
2021-06-15,641.775390625
2021-06-16,640.5567016601562
2021-06-17,635.167236328125
2021-06-18,645.1964111328125
2021-06-21,640.791259765625
2021-06-22,659.3030395507812
2021-06-23,654.382080078125
2021-06-24,654.9445190429688
2021-06-25,655.0382690429688
2021-06-28,657.475341796875
2021-06-29,650.7735595703125
2021-06-30,654.569580078125
2021-07-01,643.9310913085938
2021-07-02,636.9949951171875
2021-07-05,650.6798706054688
2021-07-06,645.9462890625
2021-07-07,649.1800537109375
2021-07-08,639.0103149414062
2021-07-09,631.6993408203125
2021-07-12,641.7286376953125
2021-07-13,636.8076782226562
2021-07-14,633.9019165039062
2021-07-15,627.1532592773438
2021-07-16,619.9361572265625
2021-07-19,616.749267578125
2021-07-20,622.7481079101562
2021-07-22,626.4036254882812
2021-07-23,621.904296875
2021-07-26,616.9833984375
2021-07-27,599.0809326171875
2021-07-28,599.315185546875
2021-07-29,590.5983276367188
2021-07-30,603.5331420898438
2021-08-02,647.9614868164062
2021-08-03,655.6007690429688
2021-08-04,649.3675537109375
2021-08-05,655.1318969726562
2021-08-06,647.0712280273438
2021-08-09,628.3718872070312
2021-08-10,620.5921630859375
2021-08-11,614.5465087890625
2021-08-12,630.8088989257812
2021-08-13,624.3413696289062
2021-08-16,633.5270385742188
2021-08-17,623.9197998046875
2021-08-18,631.2305297851562
2021-08-20,609.1569213867188
2021-08-23,612.2501831054688
2021-08-24,607.7510986328125
2021-08-25,603.205078125
2021-08-26,612.1094970703125
2021-08-27,612.390625
2021-08-30,637.276123046875
2021-08-31,636.9482421875
2021-09-01,645.3373413085938
2021-09-02,689.5781860351562
2021-09-03,681.6578369140625
2021-09-06,683.0170288085938
2021-09-07,678.2835083007812
2021-09-08,689.7186279296875
2021-09-09,696.3736572265625
2021-09-13,694.1240234375
2021-09-14,683.3917846679688
2021-09-15,674.9561157226562
2021-09-16,687.0943603515625
2021-09-17,678.2835083007812
2021-09-20,663.6146240234375
2021-09-21,660.702392578125
2021-09-22,654.5961303710938
2021-09-23,668.828369140625
2021-09-24,657.2263793945312
2021-09-27,659.9039916992188
2021-09-28,663.0040283203125
2021-09-29,661.0781860351562
2021-09-30,661.6419677734375
2021-10-01,660.890380859375
2021-10-04,664.2722778320312
2021-10-05,666.1511840820312
2021-10-06,654.1734619140625
2021-10-07,652.8580322265625
2021-10-08,643.5579223632812
2021-10-11,645.953369140625
2021-10-12,655.7703857421875
2021-10-13,646.939697265625
2021-10-14,636.3240966796875
2021-10-18,643.1821899414062
2021-10-19,626.9298706054688
2021-10-20,633.4588623046875
2021-10-21,624.1586303710938
2021-10-22,638.9546508789062
2021-10-25,627.07080078125
2021-10-26,635.5255737304688
2021-10-27,637.7332153320312
2021-10-28,619.8370361328125
2021-10-29,615.421875
2021-11-01,626.6478881835938
2021-11-02,631.1318359375
2021-11-03,643.4032592773438
2021-11-04,648.075927734375
2021-11-08,648.2174682617188
2021-11-09,662.140869140625
2021-11-10,665.0198974609375
2021-11-11,646.7543334960938
2021-11-12,648.689453125
2021-11-15,642.5536499023438
2021-11-16,635.1436767578125
2021-11-17,627.9694213867188
2021-11-18,616.7363891601562
2021-11-22,592.9486083984375
2021-11-23,601.9635009765625
2021-11-24,593.8453369140625
2021-11-25,587.284912109375
2021-11-26,570.1519775390625
2021-11-29,564.72412109375
2021-11-30,585.2554321289062
2021-12-01,595.969482421875
2021-12-02,603.426513671875
2021-12-03,604.8895874023438
2021-12-06,594.1284790039062
2021-12-07,600.0755615234375
2021-12-08,593.9868774414062
2021-12-09,603.6154174804688
2021-12-10,615.6036987304688
2021-12-13,609.3734130859375
2021-12-14,605.6920166015625
2021-12-15,603.7098388671875
2021-12-16,609.4680786132812
2021-12-17,589.9751586914062
2021-12-20,574.3526000976562
2021-12-21,574.966064453125
2021-12-22,579.9691772460938
2021-12-23,587.5208129882812
2021-12-24,568.5000610351562
2021-12-27,574.163818359375
2021-12-28,577.5150146484375
2021-12-29,579.3084716796875
2021-12-30,570.6710815429688
2021-12-31,580.1107788085938
2022-01-03,585.0665893554688
2022-01-04,592.5711059570312
2022-01-05,594.647705078125
2022-01-06,598.706787109375
2022-01-07,600.9251098632812
2022-01-10,609.1846313476562
2022-01-11,610.5061645507812
2022-01-12,619.8042602539062
2022-01-13,632.3117065429688
2022-01-14,653.7396850585938
2022-01-17,649.3502807617188
2022-01-18,642.7426147460938
2022-01-19,633.5860595703125
2022-01-20,623.4386596679688
2022-01-21,588.653564453125
2022-01-24,587.6624755859375
2022-01-25,586.2465209960938
2022-01-27,581.6211547851562
2022-01-28,598.8484497070312
2022-01-31,610.0343017578125
2022-02-01,619.4739379882812
2022-02-02,628.5106811523438
2022-02-03,625.4354248046875
2022-02-04,608.6392211914062
2022-02-07,595.7225341796875
2022-02-08,582.5221557617188
2022-02-09,583.5631103515625
2022-02-10,587.8212280273438
2022-02-11,578.5477905273438
2022-02-14,556.7363891601562
2022-02-15,566.1044311523438
2022-02-16,568.6593017578125
2022-02-17,567.33447265625
2022-02-18,561.704345703125
2022-02-21,556.9256591796875
2022-02-22,543.7725219726562
2022-02-23,553.7554931640625
2022-02-24,528.3483276367188
2022-02-25,547.5103149414062
2022-02-28,567.0032958984375
2022-03-02,568.9905395507812
2022-03-03,563.64404296875
2022-03-04,548.7877807617188
2022-03-07,542.731689453125
2022-03-08,538.8519897460938
2022-03-09,562.6505737304688
2022-03-10,561.0419311523438
2022-03-11,564.3539428710938
2022-03-14,566.8614501953125
2022-03-15,558.2503051757812
2022-03-16,582.9481201171875
2022-03-17,582.9952392578125
2022-03-21,581.8597412109375
2022-03-22,582.1437377929688
2022-03-23,581.9070434570312
2022-03-24,588.105224609375
2022-03-25,652.7351684570312
2022-03-28,624.4891357421875
2022-03-29,612.85009765625
2022-03-30,616.4458618164062
2022-03-31,636.0336303710938
2022-04-01,645.9220581054688
2022-04-04,644.2186889648438
2022-04-05,646.8209838867188
2022-04-06,673.1273193359375
2022-04-07,648.38232421875
2022-04-08,665.5097045898438
2022-04-11,662.5291137695312
2022-04-12,648.38232421875
2022-04-13,638.3046875
2022-04-18,637.1691284179688
2022-04-19,619.28466796875
2022-04-20,614.1275024414062
2022-04-21,621.5084838867188
2022-04-22,623.4481811523438
2022-04-25,610.0585327148438
2022-04-26,609.0176391601562
2022-04-27,613.0393676757812
2022-04-28,622.54931640625
2022-04-29,611.667236328125
2022-05-02,609.8692626953125
2022-05-04,606.510009765625
2022-05-05,611.4779052734375
2022-05-06,603.529296875
2022-05-09,591.0385131835938
2022-05-10,578.8316650390625
2022-05-11,573.1068725585938
2022-05-12,562.2721557617188
2022-05-13,573.2485961914062
2022-05-16,585.5974731445312
2022-05-17,594.4924926757812
2022-05-18,587.8687133789062
2022-05-19,574.1004028320312
2022-05-20,542.5896606445312
2022-05-23,567.9024047851562
2022-05-24,555.3168334960938
2022-05-25,590.18701171875
2022-05-26,608.9703369140625
2022-05-27,622.6441040039062
2022-05-30,626.9020385742188
2022-05-31,615.4995727539062
2022-06-01,618.8114624023438
2022-06-02,617.155517578125
2022-06-03,608.0712890625
2022-06-06,602.2044677734375
2022-06-07,592.5525512695312
2022-06-08,588.7202758789062
2022-06-09,621.2717895507812
2022-06-10,615.12109375
2022-06-13,606.0369262695312
2022-06-14,608.875732421875
2022-06-15,599.7914428710938
2022-06-16,585.218994140625
2022-06-17,576.7971801757812
2022-06-20,581.055419921875
2022-06-21,590.9439697265625
2022-06-22,580.8187866210938
2022-06-23,587.016845703125
2022-06-24,588.6729736328125
2022-06-27,591.0385131835938
2022-06-28,586.9223022460938
2022-06-29,584.745849609375
2022-06-30,562.3667602539062
2022-07-01,570.8829956054688
2022-07-04,584.2727661132812
2022-07-05,590.7546997070312
2022-07-06,615.4995727539062
2022-07-07,617.9598388671875
2022-07-08,621.3191528320312
2022-07-11,624.9622802734375
2022-07-12,637.5947875976562
2022-07-13,637.1691284179688
2022-07-14,638.0208129882812
2022-07-15,647.3414306640625
2022-07-18,634.9453125
2022-07-19,637.4530029296875
2022-07-20,637.3582763671875
2022-07-21,644.6445922851562
2022-07-22,638.9195556640625
2022-07-25,635.4183959960938
2022-07-26,630.592529296875
2022-07-27,644.5501098632812
2022-07-28,649.1866455078125
2022-07-29,674.4520263671875
2022-08-01,671.9917602539062
2022-08-02,687.27392578125
2022-08-03,661.8193359375
2022-08-04,642.9414672851562
2022-08-05,649.0447387695312
2022-08-08,658.9805297851562
2022-08-10,653.350341796875
2022-08-11,662.0558471679688
2022-08-12,662.5291137695312
2022-08-16,680.2715454101562
2022-08-17,669.4601440429688
2022-08-18,667.5632934570312
2022-08-19,648.1690063476562
2022-08-22,635.5556030273438
2022-08-23,641.5778198242188
2022-08-24,653.1953125
2022-08-25,664.6233520507812
2022-08-26,675.8616333007812
2022-08-29,652.863525390625
2022-08-30,660.5927734375
2022-09-01,656.9888305664062
2022-09-02,639.5386962890625
2022-09-05,634.607177734375
2022-09-06,634.7968139648438
2022-09-07,689.0440673828125
2022-09-08,694.4498291015625
2022-09-09,713.8441772460938
2022-09-12,725.3670654296875
2022-09-13,730.6304931640625
2022-09-14,728.5914306640625
2022-09-15,724.1340942382812
2022-09-16,700.5668334960938
2022-09-19,709.0548095703125
2022-09-20,708.5791015625
2022-09-21,706.0578002929688
2022-09-22,715.3818969726562
2022-09-23,691.2631225585938
2022-09-26,664.4803466796875
2022-09-27,652.3019409179688
2022-09-28,653.2532958984375
2022-09-29,662.0065307617188
2022-09-30,677.086669921875
2022-10-03,659.3900756835938
2022-10-04,675.6596069335938
2022-10-06,675.5167846679688
2022-10-07,664.7657470703125
2022-10-10,656.4405517578125
2022-10-11,657.4871826171875
2022-10-12,673.3286743164062
2022-10-13,661.3404541015625
2022-10-14,662.19677734375
2022-10-17,678.1332397460938
2022-10-18,686.36328125
2022-10-19,733.7919311523438
2022-10-20,707.9606323242188
2022-10-21,711.8616943359375
2022-10-24,710.624755859375
2022-10-25,722.4700927734375
2022-10-27,751.6790771484375
2022-10-28,747.445068359375
2022-10-31,759.2429809570312
2022-11-01,756.7215576171875
2022-11-02,756.0556640625
2022-11-03,757.3876342773438
2022-11-04,757.3876342773438
2022-11-07,746.1130981445312
2022-11-09,770.3271484375
2022-11-10,764.2855224609375
2022-11-11,730.5095825195312
2022-11-14,725.8952026367188
2022-11-15,726.513671875
2022-11-16,724.8010864257812
2022-11-17,715.2391357421875
2022-11-18,703.20361328125
2022-11-21,697.6851806640625
2022-11-22,701.5989379882812
2022-11-23,713.57861328125
2022-11-24,717.2537841796875
2022-11-25,728.27880859375
2022-11-28,730.2356567382812
2022-11-29,725.1287841796875
2022-11-30,736.869873046875
2022-12-01,734.8651733398438
2022-12-02,745.7470703125
2022-12-05,740.7835083007812
2022-12-06,729.853759765625
2022-12-07,734.8174438476562
2022-12-08,750.3289794921875
2022-12-09,738.8743896484375
2022-12-12,737.1561889648438
2022-12-13,742.2628784179688
2022-12-14,738.0631103515625
2022-12-15,730.7607421875
2022-12-16,707.6126708984375
2022-12-19,708.0899047851562
2022-12-20,713.244384765625
2022-12-21,713.244384765625
2022-12-22,715.6786499023438
2022-12-23,679.9304809570312
2022-12-26,695.0126342773438
2022-12-27,696.4920043945312
2022-12-28,692.3397216796875
2022-12-29,695.1080322265625
2022-12-30,705.226318359375
2023-01-02,706.6103515625
2023-01-03,710.1900024414062
2023-01-04,697.112548828125
2023-01-05,707.278564453125
2023-01-06,702.9830932617188
2023-01-09,713.244384765625
2023-01-10,689.28515625
2023-01-11,688.473876953125
2023-01-12,689.28515625
2023-01-13,680.6463623046875
2023-01-16,676.541748046875
2023-01-17,663.84619140625
2023-01-18,673.1054077148438
2023-01-19,679.2146606445312
2023-01-20,673.5828247070312
2023-01-23,669.048583984375
2023-01-24,649.4324340820312
2023-01-25,620.079833984375
2023-01-27,611.0115966796875
2023-01-30,596.7887573242188
2023-01-31,599.8910522460938
2023-02-01,583.5680541992188
2023-02-02,580.4657592773438
2023-02-03,585.2384643554688
2023-02-06,591.2838134765625
2023-02-07,599.4400024414062
2023-02-08,591.427734375
2023-02-09,592.4832153320312
2023-02-10,584.806640625
2023-02-13,590.89990234375
2023-02-14,590.4681396484375
2023-02-15,596.129638671875
2023-02-16,588.5010375976562
2023-02-17,582.6956787109375
2023-02-20,584.6627197265625
2023-02-21,571.756591796875
2023-02-22,563.1685180664062
2023-02-23,563.9362182617188
2023-02-24,570.0294189453125
2023-02-27,566.3831787109375
2023-02-28,566.6229248046875
2023-03-01,574.9711303710938
2023-03-02,570.2693481445312
2023-03-03,580.6326904296875
2023-03-06,577.8978271484375
2023-03-08,581.736083984375
2023-03-09,570.7970581054688
2023-03-10,561.4413452148438
2023-03-13,556.6434326171875
2023-03-14,561.96923828125
2023-03-15,566.0472412109375
2023-03-16,568.3981323242188
2023-03-17,570.5572509765625
2023-03-20,569.0699462890625
2023-03-21,571.5167236328125
2023-03-22,569.6456909179688
2023-03-23,566.3831787109375
2023-03-24,559.6660766601562
2023-03-27,555.6358642578125
2023-03-28,540.4747924804688
2023-03-29,546.6641235351562
2023-03-31,556.7874145507812
2023-04-03,557.3630981445312
2023-04-05,549.8306274414062
2023-04-06,547.57568359375
2023-04-10,554.004638671875
2023-04-11,567.9183349609375
2023-04-12,576.6503295898438
2023-04-13,580.2008666992188
2023-04-17,580.5845947265625
2023-04-18,584.0390625
2023-04-19,575.1630859375
2023-04-20,586.8696899414062
2023-04-21,583.6072387695312
2023-04-24,578.7135009765625
2023-04-25,579.912841796875
2023-04-26,585.9102783203125
2023-04-27,582.2638549804688
2023-04-28,586.9658813476562
2023-05-02,595.7456665039062
2023-05-03,598.384521484375
2023-05-04,607.4044799804688
2023-05-05,598.4805297851562
2023-05-08,610.1392211914062
2023-05-09,609.2276000976562
2023-05-10,613.7855834960938
2023-05-11,616.0885620117188
2023-05-12,612.4420776367188
2023-05-15,620.6943969726562
2023-05-16,617.1920776367188
2023-05-17,613.4497680664062
2023-05-18,605.8692016601562
2023-05-19,601.0233764648438
2023-05-22,618.8233032226562
2023-05-23,634.4642333984375
2023-05-24,634.9439697265625
2023-05-25,641.421142578125
2023-05-26,645.5473022460938
2023-05-29,646.458740234375
2023-05-30,643.3402099609375
2023-05-31,643.8198852539062
2023-06-01,632.7850952148438
2023-06-02,640.0776977539062
2023-06-05,644.34765625
2023-06-06,643.1961059570312
2023-06-07,645.4032592773438
2023-06-08,646.890625
2023-06-09,646.2188720703125
2023-06-12,636.5752563476562
2023-06-13,624.724609375
2023-06-14,635.5198364257812
2023-06-15,632.7850952148438
2023-06-16,641.277099609375
2023-06-19,634.2242431640625
2023-06-20,610.6189575195312
2023-06-21,626.73974609375
2023-06-22,616.4722900390625
2023-06-23,616.4244384765625
2023-06-26,623.525146484375
2023-06-27,622.5176391601562
2023-06-28,630.530029296875
2023-06-30,635.0399169921875
2023-07-03,630.48193359375
2023-07-04,637.8226928710938
2023-07-05,645.8351440429688
2023-07-06,662.0996704101562
2023-07-07,643.5320434570312
2023-07-10,644.49169921875
2023-07-11,649.865234375
2023-07-12,655.526611328125
2023-07-13,650.9207763671875
2023-07-14,660.9482421875
2023-07-17,657.0139770507812
2023-07-18,653.5115356445312
2023-07-19,658.16552734375
2023-07-20,657.9735717773438
2023-07-21,647.6102294921875
2023-07-24,653.0316772460938
2023-07-25,652.0722045898438
2023-07-26,651.4964599609375
2023-07-27,647.7540893554688
2023-07-28,661.8596801757812
2023-07-31,666.6095581054688
2023-08-01,665.5062255859375
2023-08-02,651.9282836914062
2023-08-03,661.0921630859375
2023-08-04,667.0414428710938
2023-08-07,670.7357177734375
2023-08-08,681.9147338867188
2023-08-09,680.6672973632812
2023-08-10,668.384765625
2023-08-11,650.5369873046875
2023-08-14,638.1585693359375
2023-08-16,631.3936157226562
2023-08-17,634.3201904296875
2023-08-18,629.7992553710938
2023-08-21,632.8292846679688
2023-08-22,637.2539672851562
2023-08-23,635.5225219726562
2023-08-24,639.7548828125
2023-08-25,638.0234985351562
2023-08-28,638.7930297851562
2023-08-29,644.4201049804688
2023-08-30,658.2233276367188
2023-08-31,646.7769775390625
2023-09-01,660.8203735351562
2023-09-04,655.9628295898438
2023-09-05,660.0989379882812
2023-09-06,671.8822021484375
2023-09-07,664.6199340820312
2023-09-08,681.8858642578125
2023-09-11,705.64453125
2023-09-12,672.8440551757812
2023-09-13,672.459228515625
2023-09-14,695.30419921875
2023-09-15,690.0138549804688
2023-09-18,709.1981811523438
2023-09-20,715.5128173828125
2023-09-21,713.7293090820312
2023-09-22,708.5715942382812
2023-09-25,703.847900390625
2023-09-26,705.2457275390625
2023-09-27,697.485107421875
2023-09-28,684.6633911132812
2023-09-29,690.4476318359375
2023-10-03,687.5554809570312
2023-10-04,687.266357421875
2023-10-05,683.89208984375
2023-10-06,689.5800170898438
2023-10-09,684.2777709960938
2023-10-10,679.4575805664062
2023-10-11,673.3358764648438
2023-10-12,675.8424072265625
2023-10-13,687.50732421875
2023-10-16,690.8333129882812
2023-10-17,696.52099609375
2023-10-18,693.484375
2023-10-19,687.796630859375
2023-10-20,682.4943237304688
2023-10-23,675.5050048828125
2023-10-25,669.0941772460938
2023-10-26,666.394775390625
2023-10-27,664.4185180664062
2023-10-30,664.0328369140625
2023-10-31,663.4544677734375
2023-11-01,651.211181640625
2023-11-02,657.9595336914062
2023-11-03,688.0857543945312
2023-11-06,708.3306274414062
2023-11-07,716.2839965820312
2023-11-08,715.0789794921875
2023-11-09,708.9090576171875
2023-11-10,710.3550415039062
2023-11-13,711.0299072265625
2023-11-15,728.3828125
2023-11-16,726.9804077148438
2023-11-17,726.0133666992188
2023-11-20,726.255126953125
2023-11-21,724.707763671875
2023-11-22,724.5626831054688
2023-11-23,726.8352661132812
2023-11-24,723.982421875
2023-11-28,741.6322631835938
2023-11-29,742.889404296875
2023-11-30,750.4813842773438
2023-12-01,759.3303833007812
2023-12-04,774.5625
2023-12-05,771.8546142578125
2023-12-06,772.6282348632812
2023-12-07,814.6494750976562
2023-12-08,815.471435546875
2023-12-11,816.825439453125
2023-12-12,827.5120849609375
2023-12-13,834.3786010742188
2023-12-14,846.9511108398438
2023-12-15,831.622314453125
2023-12-18,840.761474609375
2023-12-19,832.1058349609375
2023-12-20,803.2857666015625
2023-12-21,812.1349487304688
2023-12-22,805.026611328125
2023-12-26,814.0691528320312
2023-12-27,810.1039428710938
2023-12-28,828.7208862304688
2023-12-29,831.3805541992188
2024-01-01,832.8795166015625
2024-01-02,850.7228393554688
2024-01-03,853.140625
2024-01-04,883.2662963867188
2024-01-05,866.4383544921875
2024-01-08,842.1638793945312
2024-01-09,856.8156127929688
2024-01-10,857.154052734375
2024-01-11,873.1598510742188
2024-01-12,860.4423828125
2024-01-15,871.612548828125
2024-01-16,853.6725463867188
2024-01-17,822.1929321289062
2024-01-18,815.9066772460938
2024-01-19,830.4617919921875
2024-01-23,798.16015625
2024-01-24,813.4404907226562
2024-01-25,801.3999633789062
2024-01-29,832.0574340820312
2024-01-30,836.9898071289062
2024-01-31,858.314697265625
2024-02-01,890.906494140625
2024-02-02,889.794189453125
2024-02-05,899.8038940429688
2024-02-06,904.9779663085938
2024-02-07,895.2736206054688
2024-02-08,922.7368774414062
2024-02-09,915.4586791992188
2024-02-12,886.6368408203125
2024-02-13,897.9422607421875
2024-02-14,911.8679809570312
2024-02-15,926.9098510742188
2024-02-16,951.8013916015624
2024-02-19,980.380615234375
2024-02-20,970.2395629882812
2024-02-21,962.5733032226562
2024-02-22,983.7286987304688
2024-02-23,975.2373657226562
2024-02-26,957.8666381835938
2024-02-27,943.3101806640624
2024-02-28,928.9476318359376
2024-02-29,948.501953125
2024-03-01,949.1326904296876
2024-03-04,956.9932250976562
2024-03-05,939.3313598632812
2024-03-06,942.970458984375
2024-03-07,936.1774291992188
2024-03-11,927.4920043945312
2024-03-12,897.6511840820312
2024-03-13,836.9505615234375
2024-03-14,842.2880859375
2024-03-15,840.1529541015625
2024-03-18,829.623779296875
2024-03-19,807.1098022460938
2024-03-20,814.776123046875
2024-03-21,847.3827514648438
2024-03-22,842.43359375
2024-03-26,842.3849487304688
2024-03-27,840.5897216796875
2024-03-28,856.01953125
2024-04-01,875.57373046875
2024-04-02,889.9848022460938
2024-04-03,886.9279174804688
2024-04-04,886.6368408203125
2024-04-05,905.89990234375
2024-04-08,884.4047241210938
2024-04-09,897.069091796875
2024-04-10,942.0000610351562
2024-04-12,918.806640625
2024-04-15,901.4359130859376
2024-04-16,918.8551635742188
2024-04-18,896.8262939453125
2024-04-19,899.446533203125
2024-04-22,917.7877197265624
2024-04-23,920.3107299804688
2024-04-24,944.2805786132812
2024-04-25,975.0917358398438
2024-04-26,1036.423095703125
2024-04-29,1018.5186767578124
2024-04-30,997.6058349609376
2024-05-02,1019.4405517578124
2024-05-03,1028.1258544921875
2024-05-06,1001.8272705078124
2024-05-07,972.7141723632812
2024-05-08,988.9205322265624
2024-05-09,961.3115844726562
2024-05-10,972.132080078125
2024-05-13,983.2434692382812
2024-05-14,996.732421875
2024-05-15,996.8294067382812
2024-05-16,1005.7574462890624
2024-05-17,1054.909912109375
2024-05-21,1061.5089111328125
2024-05-22,1049.8153076171875
2024-05-23,1073.154052734375
2024-05-24,1070.2427978515625
2024-05-27,1070.43701171875
2024-05-28,1048.74755859375
2024-05-29,1052.7264404296875
2024-05-30,1034.53076171875
2024-05-31,1043.0706787109375
2024-06-03,1139.53173828125
2024-06-04,920.698974609375
2024-06-05,963.88330078125
2024-06-06,1021.6240844726562
2024-06-07,1023.613525390625
2024-06-10,1023.7589111328124
2024-06-11,1055.6378173828125
2024-06-12,1107.604736328125
2024-06-13,1106.585693359375
2024-06-14,1106.1488037109375
2024-06-18,1106.585693359375
2024-06-19,1070.43701171875
2024-06-20,1063.546875
2024-06-21,1058.6463623046875
2024-06-24,1018.3246459960938
2024-06-25,1020.3140258789062
2024-06-26,1016.335205078125
2024-06-27,1017.0145874023438
2024-06-28,1011.5800170898438
2024-07-01,1005.7574462890624
2024-07-02,996.9266357421876
2024-07-03,992.3169555664062
2024-07-04,1002.0214233398438
2024-07-05,1026.6220703125
2024-07-08,1012.307861328125
2024-07-09,1009.5422973632812
2024-07-10,1013.1328735351562
2024-07-11,1027.6893310546875
2024-07-12,1026.18505859375
2024-07-15,1025.1177978515625
2024-07-16,1016.8690185546876
2024-07-18,1008.9598999023438
2024-07-19,981.0599975585938
2024-07-22,1008.3291625976562
2024-07-23,999.7893676757812
2024-07-24,994.0152587890624
2024-07-25,984.8931884765624
2024-07-26,1009.2025756835938
2024-07-29,1009.2025756835938
2024-07-30,1017.645263671875
2024-07-31,1009.687744140625
2024-08-01,1007.35888671875
2024-08-02,999.6437377929688
2024-08-05,949.3267211914062
2024-08-06,953.451171875
2024-08-07,974.9462280273438
2024-08-08,968.3472290039062
2024-08-09,951.8013916015624
2024-08-12,951.1221313476562
2024-08-13,928.46240234375
2024-08-14,923.2706909179688
2024-08-16,951.6064453125
2024-08-19,941.25390625
2024-08-20,952.2382202148438
2024-08-21,961.5702514648438
2024-08-22,961.2298583984376
2024-08-23,962.68798828125
2024-08-26,965.0695190429688
2024-08-27,957.4389038085938
2024-08-28,944.8019409179688
2024-08-29,936.1019287109376
2024-08-30,938.1432495117188
2024-09-02,935.22705078125
2024-09-03,947.6695556640624
2024-09-04,938.19189453125
2024-09-05,933.4773559570312
2024-09-06,916.3203125
2024-09-09,920.500244140625
2024-09-10,913.0639038085938
2024-09-11,910.8767700195312
2024-09-12,924.728759765625
2024-09-13,934.4979858398438
2024-09-16,924.9231567382812
2024-09-17,920.685791015625
2024-09-18,903.541259765625
2024-09-19,889.46533203125
2024-09-20,869.8856201171875
2024-09-23,864.4793701171875
2024-09-24,870.129150390625
2024-09-25,866.2813720703125
2024-09-26,868.86279296875
2024-09-27,887.6632080078125
2024-09-30,894.5308227539062
2024-10-01,897.8428344726562
2024-10-03,867.4503173828125
2024-10-04,858.244873046875
2024-10-07,845.824951171875
2024-10-08,868.6193237304688
2024-10-09,873.1488037109375
2024-10-10,865.1123657226562
2024-10-11,870.7622680664062
2024-10-14,858.0014038085938
2024-10-15,865.9405517578125
2024-10-16,862.8718872070312
2024-10-17,846.409423828125
2024-10-18,850.0136108398438
2024-10-21,828.2421875
2024-10-22,822.5435791015625
2024-10-23,798.6777954101562
2024-10-24,792.7356567382812
2024-10-25,774.7144775390625
2024-10-28,760.5410766601562
2024-10-29,788.0599365234375
2024-10-30,813.8252563476562
2024-10-31,825.1737060546875
2024-11-01,823.3228759765625
2024-11-04,816.5527954101562
2024-11-05,815.1890258789062
2024-11-06,836.2298583984375
2024-11-07,826.781005859375
2024-11-08,805.9835205078125
2024-11-11,808.4189453125
2024-11-12,788.79052734375
2024-11-13,771.8408203125
2024-11-14,767.8338012695312
2024-11-18,768.0292358398438
2024-11-19,767.9315185546875
2024-11-21,752.4898071289062
2024-11-22,770.4725952148438
2024-11-25,788.84619140625
2024-11-26,781.1742553710938
2024-11-27,790.556640625
2024-11-28,802.57763671875
2024-11-29,809.5654296875
2024-12-02,816.9442749023438
2024-12-03,820.8046264648438
2024-12-04,825.1049194335938
2024-12-05,827.939208984375
2024-12-06,823.93212890625
2024-12-09,838.640869140625
2024-12-10,832.337158203125
2024-12-11,836.9304809570312
2024-12-12,805.9004516601562
2024-12-13,806.8289794921875
2024-12-16,800.13427734375
2024-12-17,787.9666137695312
2024-12-18,780.4900512695312
2024-12-19,770.912353515625
2024-12-20,750.5352172851562
2024-12-23,758.7446899414062
2024-12-24,758.2560424804688
2024-12-26,758.7446899414062
2024-12-27,766.3678588867188
2024-12-30,761.6278686523438
2024-12-31,770.1305541992188
2025-01-01,609.30224609375
2025-01-02,617.4335327148438
2025-01-03,614.38427734375
2025-01-06,597.0270385742188
2025-01-07,589.7167358398438
2025-01-08,591.6713256835938
2025-01-09,592.8049926757812
2025-01-10,586.5892333984375
2025-01-13,569.505615234375
2025-01-14,595.5806884765625
2025-01-15,593.5477905273438
2025-01-16,606.76123046875
2025-01-17,603.9465942382812
2025-01-20,605.3538818359375
2025-01-21,591.0067749023438
2025-01-22,591.1240234375
2025-01-23,603.7901000976562
2025-01-24,589.7948608398438
2025-01-27,576.1905517578125
2025-01-28,577.1287841796875
2025-01-29,580.8426513671875
2025-01-30,591.2803955078125
2025-01-31,609.9277954101562
2025-02-01,591.0458374023438
2025-02-03,562.9771118164062
2025-02-04,572.86767578125
2025-02-05,578.8097534179688
2025-02-06,574.2881469726562
2025-02-07,569.216064453125
2025-02-10,559.8582153320312
2025-02-11,544.52392578125
2025-02-12,543.5016479492188
2025-02-13,546.1753540039062
2025-02-14,530.9589233398438
2025-02-17,553.0953979492188
2025-02-18,533.7898559570312
2025-02-19,547.5120849609375
2025-02-20,543.3050537109375
2025-02-21,540.7100830078125
2025-02-24,531.823974609375
2025-02-25,531.548828125
2025-02-27,521.0113525390625
2025-02-28,490.4607543945313
2025-03-03,494.3533325195313
2025-03-04,494.15673828125
2025-03-05,521.1686401367188
2025-03-06,522.1122436523438
2025-03-07,516.371826171875
2025-03-10,504.7727661132813
2025-03-11,506.9746398925781
2025-03-12,508.4294128417969
2025-03-13,503.4752502441406
2025-03-17,506.0703125
2025-03-18,506.0703125
2025-03-19,538.036376953125
2025-03-20,531.5093994140625
2025-03-21,542.3219604492188
2025-03-24,563.0037231445312
2025-03-25,559.6222534179688
2025-03-26,540.1202392578125
2025-03-27,550.81494140625
2025-03-28,543.8555908203125
2025-04-01,550.2251586914062
2025-04-02,557.8922119140625
2025-04-03,561.8634643554688
2025-04-04,540.63134765625
2025-04-07,510.5526428222656
2025-04-08,529.0717163085938
2025-04-09,538.8226318359375
2025-04-11,538.5081787109375
2025-04-15,547.3548583984375
2025-04-16,549.9105834960938
2025-04-17,549.7926025390625
2025-04-21,559.5436401367188
2025-04-22,558.4034423828125
2025-04-23,561.0377807617188
2025-04-24,556.4767456054688
2025-04-25,533.7506103515625
2025-04-28,538.9800415039062
2025-04-29,540.2775268554688
2025-04-30,529.7794799804688
2025-05-02,534.4190063476562
2025-05-05,542.9119262695312
2025-05-06,529.8973999023438
2025-05-07,534.3403930664062
2025-05-08,516.9614868164062
2025-05-09,510.0807800292969
2025-05-12,541.2211303710938
2025-05-13,542.12548828125
2025-05-14,540.513427734375
2025-05-15,542.7938842773438
2025-05-16,574.4454345703125
2025-05-19,587.3812255859375
2025-05-20,571.65380859375
2025-05-21,575.2711181640625
2025-05-22,580.3038330078125
2025-05-23,566.8961791992188
2025-05-26,583.8031616210938
2025-05-27,604.48486328125
2025-05-28,611.8767700195312
2025-05-29,618.0497436523438
2025-05-30,616.8309326171875
2025-06-02,611.8767700195312
2025-06-03,618.0104370117188
2025-06-04,633.0301513671875
2025-06-05,632.4404907226562
2025-06-06,638.15576171875
2025-06-09,631.4549560546875
2025-06-10,630.6272583007812
2025-06-11,622.3497314453125
2025-06-12,609.0663452148438
2025-06-13,600.2763671875
2025-06-16,602.7596435546875
2025-06-17,591.8411865234375
2025-06-18,587.8995361328125
2025-06-19,573.8671875
2025-06-20,581.9869995117188
2025-06-23,579.700927734375
2025-06-24,587.5054321289062
2025-06-25,596.0982055664062
2025-06-26,594.5609741210938
2025-06-27,596.2559204101562
2025-06-30,598.9756469726562
2025-07-01,587.8995361328125
2025-07-02,586.7171020507812
2025-07-03,587.5054321289062
2025-07-04,590.9050903320312
2025-07-07,588.4415283203125
2025-07-08,589.6239624023438
2025-07-09,606.3760986328125
2025-07-10,618.69384765625
2025-07-11,605.98193359375
2025-07-14,606.5731201171875
2025-07-15,610.76123046875
2025-07-16,610.8598022460938
2025-07-17,611.9929809570312
2025-07-18,604.3067626953125
2025-07-21,604.5038452148438
2025-07-22,598.640625
2025-07-23,600.4635620117188
2025-07-24,597.2117309570312
2025-07-25,589.968994140625
2025-07-28,582.2827758789062
2025-07-29,583.4158935546875
2025-07-30,576.6165161132812
2025-07-31,569.7678833007812
2025-08-01,565.2349243164062
2025-08-04,573.2661743164062
2025-08-05,570.457763671875
2025-08-06,546.7091064453125
2025-08-07,545.526611328125
2025-08-08,548.5321655273438
2025-08-11,537.34765625
2025-08-12,533.6524047851562
2025-08-13,535.2337036132812
2025-08-14,525.597412109375
2025-08-18,531.5274047851562
2025-08-19,548.52685546875
2025-08-20,550.9976806640625
2025-08-21,546.747802734375
2025-08-22,541.5097045898438
2025-08-25,538.050537109375
2025-08-26,522.2864990234375
2025-08-28,522.6818237304688
2025-08-29,521.1993408203125
2025-09-01,533.2570190429688
2025-09-02,538.44580078125
2025-09-03,542.399169921875
2025-09-04,535.2831420898438
2025-09-05,535.9255981445312
2025-09-08,540.0765380859375
2025-09-09,535.2337036132812
2025-09-10,538.5940551757812
2025-09-11,543.5851440429688
2025-09-12,543.6345825195312
2025-09-15,549.51513671875
2025-09-16,557.5701293945312
2025-09-17,555.6922607421875
2025-09-18,554.5556640625
2025-09-19,547.2913818359375
2025-09-22,543.7334594726562
2025-09-23,537.4080810546875
2025-09-24,524.609130859375
2025-09-25,523.5713500976562
2025-09-26,518.6790771484375
2025-09-29,517.1965942382812
2025-09-30,519.6673583984375
2025-10-01,520.4086303710938
2025-10-03,527.277587890625
2025-10-06,525.943359375
2025-10-07,526.2398681640625
2025-10-08,522.0888061523438
2025-10-09,531.47802734375
2025-10-10,535.0855102539062
2025-10-13,524.75732421875
2025-10-14,521.1005249023438
2025-10-15,523.7689819335938
2025-10-16,527.87060546875
2025-10-17,523.3242797851562
2025-10-20,527.5740966796875
2025-10-21,527.87060546875
2025-10-23,528.5130615234375
2025-10-24,530.6380004882812
2025-10-27,534.4430541992188
2025-10-28,534.8877563476562
2025-10-29,547.3901977539062
2025-10-30,543.1898193359375
2025-10-31,538.8905639648438
2025-11-03,543.4368896484375
2025-11-04,536.172607421875
2025-11-06,513.2926025390625
2025-11-07,515.615234375
2025-11-10,515.269287109375
2025-11-11,516.80126953125
2025-11-12,524.26318359375
2025-11-13,517.7896118164062
2025-11-14,512.7984619140625
2025-11-17,512.106689453125
2025-11-18,516.5046997070312
2025-11-19,511.51361083984375
2025-11-20,511.9606628417969
2025-11-21,507.7886657714844
2025-11-24,511.5136413574219
2025-11-25,509.0799865722656
2025-11-26,515.1392211914062
2025-11-27,510.61962890625
2025-11-28,507.83831787109375
2025-12-01,502.4246826171875
2025-12-02,500.0407104492188
2025-12-03,503.1200256347656
2025-12-04,509.2786560058594
2025-12-05,507.6396484375
2025-12-08,496.8123779296875
2025-12-09,502.2756958007813
2025-12-10,499.8916931152344
2025-12-11,502.5736999511719
2025-12-12,502.1266784667969
2025-12-15,499.3950500488281
2025-12-16,496.26605224609375
2025-12-17,493.0377502441406
2025-12-18,494.9250793457031
2025-12-19,498.00439453125
2025-12-22,505.00732421875
2025-12-23,509.1792907714844
2025-12-24,505.20599365234375
2025-12-26,516.8279418945312
2025-12-29,516.4802856445312
2025-12-30,515.53662109375
2025-12-31,521.4468994140625
2026-01-01,520.7515869140625
2026-01-02,528.2511596679688
2026-01-05,524.8241577148438
2026-01-06,526.4135131835938
2026-01-07,529.2445068359375
2026-01-08,515.0399169921875
2026-01-09,509.6262817382813
2026-01-12,509.6262817382813
2026-01-13,514.046630859375
2026-01-14,516.0332641601562
2026-01-15,516.0332641601562
2026-01-16,516.23193359375
2026-01-19,511.4639892578125
2026-01-20,494.5277404785156
2026-01-21,492.8390808105469
2026-01-22,491.0510864257813
2026-01-23,476.5485229492188
2026-01-27,482.1111755371094
2026-01-28,493.0377502441406
2026-01-29,497.2593994140625
2026-01-30,498.89837646484375
2026-02-02,504.46099853515625
2026-02-03,524.3772583007812
2026-02-04,523.6322631835938
2026-02-05,518.5662231445312
2026-02-06,506.1000061035156
2026-02-09,513.5999755859375
2026-02-10,513.5999755859375
2026-02-11,515.1500244140625
2026-02-12,506.8500061035156
2026-02-13,498.2999877929688
2026-02-16,503.75
2026-02-17,505.5
2026-02-18,506.5499877929688
2026-02-19,505.75
2026-02-20,503.0
2026-02-23,507.0499877929688
2026-02-24,505.5
2026-02-25,500.7000122070313
2026-02-26,499.8500061035156
2026-02-27,495.6499938964844
2026-03-02,479.0
2026-03-04,462.2000122070313
2026-03-05,479.9500122070313
2026-03-06,479.75
2026-03-09,473.75
2026-03-10,472.7999877929688
2026-03-11,470.4500122070313
2026-03-12,467.1499938964844
2026-03-13,453.3999938964844
2026-03-16,454.2999877929688
2026-03-17,452.3999938964844
2026-03-18,458.8500061035156
2026-03-19,440.6499938964844
2026-03-20,447.2999877929688
2026-03-23,423.75
2026-03-24,433.1000061035156
2026-03-25,445.1499938964844
2026-03-27,438.2000122070313
2026-03-30,425.2999877929688
2026-04-01,444.5499877929688
2026-04-02,439.25
2026-04-06,450.4500122070313
2026-04-07,453.6000061035156
2026-04-08,473.7000122070313
2026-04-09,482.25
2026-04-10,483.7000122070313
2026-04-13,481.5499877929688
2026-04-15,489.2000122070313
2026-04-16,502.25
2026-04-17,503.1000061035156
2026-04-20,501.0499877929688
2026-04-21,504.2000122070313
2026-04-22,515.7000122070312
2026-04-23,505.0499877929688
2026-04-24,502.7999877929688
2026-04-27,514.2000122070312
2026-04-28,510.5
2026-04-29,514.5999755859375
2026-04-30,508.8500061035156
2026-05-01,508.8500061035156
2026-05-04,516.3499755859375
2026-05-05,518.0499877929688
2026-05-06,524.2000122070312
2026-05-07,526.7000122070312
2026-05-08,534.75
2026-05-11,530.0
2026-05-12,516.0
2026-05-13,519.8499755859375
2026-05-14,522.9500122070312
2026-05-15,518.7999877929688
2026-05-18,501.9500122070313
2026-05-19,505.6000061035156
2026-05-20,504.1499938964844
2026-05-21,505.8999938964844
2026-05-22,505.8999938964844
2026-05-25,512.0499877929688
2026-05-26,475.8999938964844
2026-05-27,472.2999877929688
2026-05-28,472.2999877929688
2026-05-29,463.6499938964844
2026-06-01,464.1000061035156
2026-06-02,459.4500122070313
2026-06-03,451.8999938964844
2026-06-04,454.3500061035156
2026-06-05,450.9500122070313
2026-06-08,445.3500061035156
2026-06-09,452.9500122070313
2026-06-10,445.5
2026-06-11,440.25
2026-06-12,450.2000122070313
2026-06-15,459.3500061035156
2026-06-16,463.3500061035156
2026-06-17,467.0
2026-06-18,467.1499938964844
2026-06-19,471.75
2026-06-22,473.6499938964844
2026-06-23,479.25
2026-06-24,473.9500122070313
2026-06-25,469.7999877929688
2026-06-26,469.7999877929688
2026-06-29,471.0
2026-06-30,475.25
2026-07-01,480.25
2026-07-02,477.4500122070313
2026-07-03,488.2000122070313
2026-07-06,481.2999877929688
2026-07-07,472.75
2026-07-08,451.3999938964844
2026-07-09,457.1000061035156
2026-07-10,463.75
2026-07-13,463.9500122070313
2026-07-14,493.1499938964844
2026-07-15,492.8999938964844
2026-07-16,490.2999877929688
2026-07-17,486.8999938964844
2026-07-20,499.0
2026-07-21,491.6499938964844
2026-07-22,481.3999938964844
2026-07-23,480.5
2026-07-24,477.54998779296875
2026-07-27,510.5
2026-07-28,522.4000244140625
2026-07-29,525.8499755859375
2026-07-30,525.1500244140625
2026-07-31,525.5
2026-08-03,525.0
