,close
2006-09-29,138.67616271972656
2006-10-03,145.03163146972656
2006-10-04,141.3793487548828
2006-10-05,142.94371032714844
2006-10-06,150.39231872558594
2006-10-09,157.9783477783203
2006-10-10,165.32875061035156
2006-10-11,160.00086975097656
2006-10-12,160.36087036132812
2006-10-13,160.83865356445312
2006-10-16,162.4422607421875
2006-10-17,31.70564079284668
2006-10-18,31.437274932861328
2006-10-19,32.00016403198242
2006-10-20,32.12453842163086
2006-10-23,34.225589752197266
2006-10-26,35.45611572265625
2006-10-27,34.70994186401367
2006-10-30,34.389217376708984
2006-10-31,33.963775634765625
2006-11-01,35.3252067565918
2006-11-02,40.02476119995117
2006-11-03,39.25241088867188
2006-11-06,41.28801345825195
2006-11-07,40.47639083862305
2006-11-08,40.01821899414063
2006-11-09,40.3454704284668
2006-11-10,40.71857070922852
2006-11-13,42.21090698242188
2006-11-14,42.70179748535156
2006-11-15,42.65599060058594
2006-11-16,41.42545318603516
2006-11-17,41.340370178222656
2006-11-20,40.554931640625
2006-11-21,41.30764389038086
2006-11-22,42.18472290039063
2006-11-23,41.81163787841797
2006-11-24,41.065467834472656
2006-11-27,41.294551849365234
2006-11-28,41.02619934082031
2006-11-29,43.27780151367188
2006-11-30,50.09148788452149
2006-12-01,51.41365814208984
2006-12-04,51.62310791015625
2006-12-05,52.8209114074707
2006-12-06,50.28131484985352
2006-12-07,49.65949630737305
2006-12-08,48.95260620117188
2006-12-11,47.58462524414063
2006-12-12,46.99555206298828
2006-12-13,51.91763687133789
2006-12-14,51.6492805480957
2006-12-15,56.18521499633789
2006-12-18,53.74380493164063
2006-12-19,51.82732772827149
2006-12-20,53.47673797607422
2006-12-21,53.28038787841797
2006-12-22,53.88909149169922
2006-12-26,55.05154800415039
2006-12-27,57.14082717895508
2006-12-28,57.13296890258789
2006-12-29,58.947364807128906
2007-01-02,57.9262580871582
2007-01-03,56.67741775512695
2007-01-04,58.46430587768555
2007-01-05,56.82666015625
2007-01-08,55.96265411376953
2007-01-09,57.54139709472656
2007-01-10,55.4796142578125
2007-01-11,56.34361267089844
2007-01-12,56.78738021850586
2007-01-15,57.89877700805664
2007-01-16,57.06229019165039
2007-01-17,57.19187927246094
2007-01-18,57.10940933227539
2007-01-19,57.38824081420898
2007-01-22,57.55318832397461
2007-01-23,57.16046142578125
2007-01-24,58.024452209472656
2007-01-25,59.18297576904297
2007-01-29,60.76563262939453
2007-01-31,59.35184097290039
2007-02-01,59.09264373779297
2007-02-02,58.73920822143555
2007-02-05,57.62386322021485
2007-02-06,55.96265411376953
2007-02-07,56.04120635986328
2007-02-08,55.14581680297852
2007-02-09,55.208641052246094
2007-02-12,53.31966400146485
2007-02-13,52.9190788269043
2007-02-14,51.70164489746094
2007-02-15,52.754150390625
2007-02-19,52.85232925415039
2007-02-20,53.166500091552734
2007-02-21,53.712379455566406
2007-02-22,54.18364715576172
2007-02-23,51.320709228515625
2007-02-26,51.98440933227539
2007-02-27,53.37855911254883
2007-02-28,51.09292602539063
2007-03-01,49.81659698486328
2007-03-02,49.416015625
2007-03-05,47.703758239746094
2007-03-06,46.07396697998047
2007-03-07,44.5423583984375
2007-03-08,45.97578048706055
2007-03-09,45.57520294189453
2007-03-12,46.36064147949219
2007-03-13,48.44207000732422
2007-03-14,48.61093521118164
2007-03-15,50.33498001098633
2007-03-16,49.24713897705078
2007-03-19,49.90299224853516
2007-03-20,50.02080154418945
2007-03-21,50.29964065551758
2007-03-22,51.026161193847656
2007-03-23,51.06151580810547
2007-03-26,50.32712173461914
2007-03-28,48.52061462402344
2007-03-29,48.2967643737793
2007-03-30,51.40709686279297
2007-04-02,47.998294830322266
2007-04-03,48.39493942260742
2007-04-04,47.20499420166016
2007-04-05,49.22751235961914
2007-04-09,49.83622360229492
2007-04-10,50.759124755859375
2007-04-11,53.7162971496582
2007-04-12,53.47673797607422
2007-04-13,54.85519027709961
2007-04-16,54.87483596801758
2007-04-17,53.9205207824707
2007-04-18,53.076168060302734
2007-04-19,52.761993408203125
2007-04-20,52.534210205078125
2007-04-23,52.01583099365234
2007-04-24,51.51705932617188
2007-04-25,51.8901596069336
2007-04-26,51.8665885925293
2007-04-27,51.320709228515625
2007-04-30,52.19254684448242
2007-05-03,52.47529983520508
2007-05-04,51.67023468017578
2007-05-07,51.33641815185547
2007-05-08,50.82588577270508
2007-05-09,52.31822967529297
2007-05-10,52.03545379638672
2007-05-11,52.06295776367188
2007-05-14,53.63775634765625
2007-05-15,56.06870269775391
2007-05-16,54.5881462097168
2007-05-17,55.086910247802734
2007-05-18,54.53709411621094
2007-05-21,53.39034271240234
2007-05-22,54.16792678833008
2007-05-23,53.657413482666016
2007-05-24,52.9858283996582
2007-05-25,52.31822967529297
2007-05-28,52.22396469116211
2007-05-29,54.85126876831055
2007-05-30,56.03335571289063
2007-05-31,56.47320556640625
2007-06-01,55.707401275634766
2007-06-04,54.980865478515625
2007-06-05,56.11190414428711
2007-06-06,55.97050857543945
2007-06-07,59.69349670410156
2007-06-08,59.52465438842773
2007-06-11,60.94235610961914
2007-06-12,60.45145034790039
2007-06-13,62.52896118164063
2007-06-14,64.6339340209961
2007-06-15,66.62503051757812
2007-06-18,64.31582641601562
2007-06-19,63.51075744628906
2007-06-20,64.33546447753906
2007-06-21,64.25691986083984
2007-06-22,65.57646942138672
2007-06-25,65.19945526123047
2007-06-26,66.0477066040039
2007-06-27,65.70213317871094
2007-06-28,65.39581298828125
2007-06-29,65.06199645996094
2007-07-02,66.0084457397461
2007-07-03,66.88030242919922
2007-07-04,66.24407958984375
2007-07-05,65.77281951904297
2007-07-06,66.72713470458984
2007-07-09,70.70146942138672
2007-07-10,72.068115234375
2007-07-11,70.72111511230469
2007-07-12,73.55654907226562
2007-07-13,70.96946716308594
2007-07-16,73.11551666259766
2007-07-17,72.02083587646484
2007-07-18,72.49336242675781
2007-07-19,72.5957260131836
2007-07-20,73.75342559814453
2007-07-23,75.81285095214844
2007-07-24,73.69830322265625
2007-07-25,72.95014190673828
2007-07-26,72.81230926513672
2007-07-27,73.74555206298828
2007-07-30,74.21807098388672
2007-07-31,76.73823547363281
2007-08-01,76.9744873046875
2007-08-02,82.47942352294922
2007-08-03,84.94835662841797
2007-08-06,82.35733032226562
2007-08-07,81.3571548461914
2007-08-08,82.42034149169922
2007-08-09,80.83344268798828
2007-08-10,78.58895111083984
2007-08-13,78.73463439941406
2007-08-14,78.46292877197266
2007-08-16,75.87191009521484
2007-08-17,72.7414321899414
2007-08-20,73.82429504394531
2007-08-21,73.14308166503906
2007-08-22,73.18245697021484
2007-08-23,74.19051361083984
2007-08-24,77.13198852539062
2007-08-27,79.40799713134766
2007-08-28,81.55010986328125
2007-08-29,81.6800308227539
2007-08-30,82.8298568725586
2007-08-31,84.60578918457031
2007-09-03,86.9487075805664
2007-09-04,87.40943145751953
2007-09-05,87.21253967285156
2007-09-06,87.59844207763672
2007-09-07,86.99596405029297
2007-09-10,88.36630249023438
2007-09-11,89.59486389160156
2007-09-12,88.77583312988281
2007-09-13,88.03157806396484
2007-09-14,85.29093933105469
2007-09-17,83.31420135498047
2007-09-18,83.03858184814453
2007-09-19,82.40853881835938
2007-09-20,85.72803497314453
2007-09-21,87.95285034179688
2007-09-24,87.92131805419922
2007-09-25,89.22863006591797
2007-09-26,90.65017700195312
2007-09-27,90.7879867553711
2007-09-28,90.3233413696289
2007-10-01,89.9492416381836
2007-10-03,92.1425552368164
2007-10-04,90.34302520751952
2007-10-05,93.96571350097656
2007-10-08,89.64210510253906
2007-10-09,90.27609252929688
2007-10-10,91.96537017822266
2007-10-11,90.82342529296876
2007-10-12,89.89807891845703
2007-10-15,90.82342529296876
2007-10-16,96.6315460205078
2007-10-17,103.32567596435548
2007-10-18,101.65213775634766
2007-10-19,99.8210906982422
2007-10-22,102.00655364990234
2007-10-23,106.27896881103516
2007-10-24,118.32836151123048
2007-10-25,120.4547348022461
2007-10-26,117.26519775390624
2007-10-29,116.32012939453124
2007-10-30,117.65896606445312
2007-10-31,120.10033416748048
2007-11-01,115.76885223388672
2007-11-02,111.83114624023438
2007-11-05,106.02302551269533
2007-11-06,100.23456573486328
2007-11-07,96.65126037597656
2007-11-08,100.1754913330078
2007-11-12,97.81287384033205
2007-11-13,101.25836944580078
2007-11-14,100.64803314208984
2007-11-15,103.16817474365234
2007-11-16,105.98362731933594
2007-11-19,114.19377136230467
2007-11-20,110.8073272705078
2007-11-21,112.63836669921876
2007-11-22,111.31924438476562
2007-11-23,114.19377136230467
2007-11-26,114.4103546142578
2007-11-27,113.87876892089844
2007-11-28,110.2954330444336
2007-11-29,114.21347045898438
2007-11-30,114.78440856933594
2007-12-03,116.37918853759766
2007-12-04,118.21028137207033
2007-12-05,118.76152801513672
2007-12-06,122.77801513671876
2007-12-07,124.3136749267578
2007-12-10,121.3801040649414
2007-12-11,123.28990173339844
2007-12-12,126.085693359375
2007-12-13,128.960205078125
2007-12-14,131.401611328125
2007-12-17,126.20381927490234
2007-12-18,126.7944564819336
2007-12-19,130.7912139892578
2007-12-20,127.18824768066406
2007-12-24,127.91669464111328
2007-12-26,128.27108764648438
2007-12-27,129.49180603027344
2007-12-28,128.6845703125
2007-12-31,127.05039978027344
2008-01-01,127.56232452392578
2008-01-02,128.6845703125
2008-01-03,128.1136016845703
2008-01-04,126.14473724365234
2008-01-07,130.18089294433594
2008-01-08,127.81826782226562
2008-01-09,125.5146942138672
2008-01-10,121.3801040649414
2008-01-11,121.75422668457033
2008-01-14,119.90347290039062
2008-01-15,120.4547348022461
2008-01-16,117.14707946777344
2008-01-17,118.01337432861328
2008-01-18,110.2560577392578
2008-01-21,104.2116470336914
2008-01-22,94.93833923339844
2008-01-23,111.6933135986328
2008-01-24,110.63016510009766
2008-01-25,109.50788879394533
2008-01-28,109.25196075439452
2008-01-29,106.04269409179688
2008-01-30,93.75702667236328
2008-01-31,86.9841537475586
2008-02-01,78.81338500976562
2008-02-04,86.5510025024414
2008-02-05,88.36235809326172
2008-02-06,88.46080017089844
2008-02-07,87.0432357788086
2008-02-08,87.61420440673828
2008-02-11,86.01940155029297
2008-02-12,88.91363525390625
2008-02-13,87.0235366821289
2008-02-14,89.79959869384766
2008-02-15,90.7052993774414
2008-02-18,92.73322296142578
2008-02-19,94.36737060546876
2008-02-20,92.89073181152344
2008-02-21,93.71765899658205
2008-02-22,91.6109619140625
2008-02-25,89.24835968017578
2008-02-26,90.82342529296876
2008-02-27,96.78907012939452
2008-02-28,95.39117431640624
2008-02-29,93.20574188232422
2008-03-03,88.24423217773438
2008-03-04,82.3967056274414
2008-03-05,82.94800567626953
2008-03-07,76.5295181274414
2008-03-10,77.51394653320312
2008-03-11,82.86923217773438
2008-03-12,80.38847351074219
2008-03-13,73.79279327392578
2008-03-14,71.39078521728516
2008-03-17,65.14952087402344
2008-03-18,66.72459411621094
2008-03-19,64.87388610839844
2008-03-24,63.73195266723633
2008-03-25,67.3349380493164
2008-03-26,72.2964859008789
2008-03-27,70.64263153076172
2008-03-28,72.8083724975586
2008-03-31,77.43517303466797
2008-04-01,75.05286407470703
2008-04-02,74.06844329833984
2008-04-03,72.04051208496094
2008-04-04,72.63117218017578
2008-04-07,72.3949203491211
2008-04-08,69.48101806640625
2008-04-09,68.81159973144531
2008-04-10,69.5991439819336
2008-04-11,69.12661743164062
2008-04-15,68.71314239501953
2008-04-16,68.85095977783203
2008-04-17,67.88623046875
2008-04-21,68.73284912109375
2008-04-22,69.54008483886719
2008-04-23,70.34730529785156
2008-04-24,69.18567657470703
2008-04-25,68.94941711425781
2008-04-28,67.35462951660156
2008-04-29,66.72459411621094
2008-04-30,65.99613189697266
2008-05-02,63.08222579956055
2008-05-05,64.1453857421875
2008-05-06,61.34962463378906
2008-05-07,59.06575775146485
2008-05-08,60.384883880615234
2008-05-09,59.754844665527344
2008-05-12,58.45538711547852
2008-05-13,56.56528091430664
2008-05-14,57.31345748901367
2008-05-15,55.02958297729492
2008-05-16,56.348731994628906
2008-05-20,55.50211334228516
2008-05-21,56.05339050292969
2008-05-22,55.73837661743164
2008-05-23,54.89176177978516
2008-05-26,52.76539611816406
2008-05-27,49.55615615844727
2008-05-28,48.63078689575195
2008-05-29,50.4421501159668
2008-05-30,49.4970932006836
2008-06-02,47.05570602416992
2008-06-03,45.57906723022461
2008-06-04,43.31487655639648
2008-06-05,45.20498275756836
2008-06-06,43.80710220336914
2008-06-09,44.61431503295898
2008-06-10,43.885841369628906
2008-06-11,43.23612976074219
2008-06-12,42.29106903076172
2008-06-13,43.216434478759766
2008-06-16,47.0360221862793
2008-06-17,48.37483596801758
2008-06-18,46.780067443847656
2008-06-19,45.30343246459961
2008-06-20,44.3780632019043
2008-06-23,41.60197067260742
2008-06-24,40.400970458984375
2008-06-25,41.66103744506836
2008-06-26,40.73566436767578
2008-06-27,39.27872467041016
2008-06-30,36.42387771606445
2008-07-01,34.84878921508789
2008-07-02,34.53377151489258
2008-07-03,33.07681655883789
2008-07-04,34.15968704223633
2008-07-07,37.80207443237305
2008-07-08,38.94401931762695
2008-07-09,39.4756088256836
2008-07-10,39.672489166259766
2008-07-11,38.73313903808594
2008-07-14,37.79380798339844
2008-07-15,36.87443161010742
2008-07-16,35.935089111328125
2008-07-17,35.85514068603516
2008-07-18,36.11495971679688
2008-07-21,35.99504852294922
2008-07-22,36.21488571166992
2008-07-23,36.83445739746094
2008-07-24,36.8144760131836
2008-07-25,36.29483795166016
2008-07-28,35.7951774597168
2008-07-29,34.81585693359375
2008-07-30,34.51606750488281
2008-07-31,36.29483795166016
2008-08-01,35.85514068603516
2008-08-04,35.91510009765625
2008-08-05,40.53189849853516
2008-08-06,42.79032516479492
2008-08-07,46.86750411987305
2008-08-08,47.22725296020508
2008-08-11,50.58493041992188
2008-08-12,49.14591979980469
2008-08-13,48.56632232666016
2008-08-14,45.30858612060547
2008-08-18,44.40920639038086
2008-08-19,45.48846435546875
2008-08-20,46.72759628295898
2008-08-21,45.48846435546875
2008-08-22,44.82891845703125
2008-08-25,46.3878288269043
2008-08-26,45.248626708984375
2008-08-27,46.88749694824219
2008-08-28,46.84751129150391
2008-08-29,46.84751129150391
2008-09-01,46.22794723510742
2008-09-02,46.58769226074219
2008-09-04,46.78756332397461
2008-09-05,45.76826477050781
2008-09-08,47.52705001831055
2008-09-09,46.58769226074219
2008-09-10,46.44779586791992
2008-09-11,45.20864868164063
2008-09-12,44.48915863037109
2008-09-15,42.3706283569336
2008-09-16,40.99157333374024
2008-09-17,40.771728515625
2008-09-18,40.87166213989258
2008-09-19,42.290672302246094
2008-09-22,41.17144775390625
2008-09-23,40.71177673339844
2008-09-24,40.21210861206055
2008-09-25,39.61253356933594
2008-09-26,39.692481994628906
2008-09-29,36.23487091064453
2008-09-30,35.1556282043457
2008-10-01,36.7545166015625
2008-10-03,35.91510009765625
2008-10-06,31.418210983276367
2008-10-07,29.47955703735352
2008-10-08,27.16116523742676
2008-10-10,21.98475646972656
2008-10-13,22.864147186279297
2008-10-14,22.52438163757324
2008-10-15,20.80556869506836
2008-10-16,20.22597312927246
2008-10-17,18.906890869140625
2008-10-20,18.06747436523437
2008-10-21,18.0474910736084
2008-10-22,17.208066940307617
2008-10-23,15.809038162231444
2008-10-24,15.3093843460083
2008-10-27,15.069552421569824
2008-10-29,15.369340896606444
2008-10-31,15.04956340789795
2008-11-03,16.308692932128906
2008-11-04,17.947555541992188
2008-11-05,19.08676719665528
2008-11-06,18.14741897583008
2008-11-07,18.327289581298828
2008-11-10,19.24665641784668
2008-11-11,19.50647735595703
2008-11-12,18.627086639404297
2008-11-14,18.00751495361328
2008-11-17,18.06747436523437
2008-11-18,17.687734603881836
2008-11-19,16.848318099975586
2008-11-20,16.008901596069336
2008-11-21,15.569205284118652
2008-11-24,15.689120292663574
2008-11-25,14.909663200378418
2008-11-26,14.330062866210938
2008-11-27,14.330062866210938
2008-11-28,13.890368461608888
2008-12-01,13.330758094787598
2008-12-02,12.671216011047363
2008-12-03,12.211533546447754
2008-12-04,12.01167106628418
2008-12-05,11.95171356201172
2008-12-08,12.511324882507324
2008-12-10,13.13089370727539
2008-12-11,13.630545616149902
2008-12-12,14.23013687133789
2008-12-15,14.929647445678713
2008-12-16,15.649152755737305
2008-12-17,14.869688034057615
2008-12-18,14.150190353393556
2008-12-19,14.569897651672363
2008-12-22,14.809730529785156
2008-12-23,14.509934425354004
2008-12-24,14.25011920928955
2008-12-26,14.330062866210938
2008-12-29,14.469964027404783
2008-12-30,14.829718589782717
2008-12-31,15.229442596435549
2009-01-02,16.808347702026367
2009-01-05,17.64776611328125
2009-01-06,17.308000564575195
2009-01-07,16.448596954345703
2009-01-09,15.629164695739746
2009-01-12,14.849705696105955
2009-01-13,14.809730529785156
2009-01-14,15.069552421569824
2009-01-15,15.289401054382324
2009-01-16,15.569205284118652
2009-01-19,15.689120292663574
2009-01-20,15.609177589416504
2009-01-21,15.149497032165527
2009-01-22,14.390022277832031
2009-01-23,13.87038516998291
2009-01-27,14.370037078857422
2009-01-28,13.850398063659668
2009-01-29,14.429993629455566
2009-01-30,14.370037078857422
2009-02-02,14.629854202270508
2009-02-03,14.23013687133789
2009-02-04,13.590578079223633
2009-02-05,13.530617713928224
2009-02-06,13.350741386413574
2009-02-09,13.21083927154541
2009-02-10,13.17086696624756
2009-02-11,13.17086696624756
2009-02-12,13.110909461975098
2009-02-13,13.15088176727295
2009-02-16,13.010979652404783
2009-02-17,12.731171607971191
2009-02-18,12.751160621643066
2009-02-19,12.331450462341309
2009-02-20,12.631242752075195
2009-02-24,12.01167106628418
2009-02-25,11.89175510406494
2009-02-26,11.91174030303955
2009-02-27,11.711877822875977
2009-03-02,11.571976661682127
2009-03-03,11.61194896697998
2009-03-04,11.232210159301758
2009-03-05,11.172256469726562
2009-03-06,10.932418823242188
2009-03-09,10.27287769317627
2009-03-12,10.03304386138916
2009-03-13,9.833182334899902
2009-03-16,9.993070602416992
2009-03-17,9.833182334899902
2009-03-18,10.832489967346191
2009-03-19,11.93172836303711
2009-03-20,12.13158893585205
2009-03-23,12.231518745422363
2009-03-24,11.551989555358888
2009-03-25,11.67190647125244
2009-03-26,12.07163143157959
2009-03-27,12.651227951049805
2009-03-30,12.391408920288086
2009-03-31,12.411395072937012
2009-04-01,13.07093620300293
2009-04-02,14.390022277832031
2009-04-06,14.729785919189451
2009-04-08,15.469273567199709
2009-04-09,16.048870086669922
2009-04-13,15.928956031799316
2009-04-15,16.728397369384766
2009-04-16,16.90827751159668
2009-04-17,16.688430786132812
2009-04-20,16.308692932128906
2009-04-21,17.0281925201416
2009-04-22,16.748388290405273
2009-04-23,16.928264617919922
2009-04-24,17.24803924560547
2009-04-27,17.707721710205078
2009-04-28,16.88829231262207
2009-04-29,17.128128051757812
2009-04-30,17.128128051757812
2009-05-04,17.98752784729004
2009-05-05,18.227367401123047
2009-05-06,18.00751495361328
2009-05-07,18.36726188659668
2009-05-08,19.966157913208008
2009-05-11,19.18669509887696
2009-05-12,19.346588134765625
2009-05-13,22.02473258972168
2009-05-14,23.32382774353028
2009-05-15,22.664287567138672
2009-05-18,25.961997985839844
2009-05-19,29.419601440429688
2009-05-20,32.37755584716797
2009-05-21,31.33827209472656
2009-05-22,31.1184196472168
2009-05-25,32.5774040222168
2009-05-26,29.979217529296875
2009-05-27,32.977134704589844
2009-05-28,34.69594955444336
2009-05-29,38.17353439331055
2009-06-01,41.09151077270508
2009-06-02,39.11288070678711
2009-06-03,37.17422103881836
2009-06-04,35.5953254699707
2009-06-05,34.476097106933594
2009-06-08,32.75728988647461
2009-06-09,33.676658630371094
2009-06-10,34.81585693359375
2009-06-11,33.69663619995117
2009-06-12,32.03778076171875
2009-06-15,30.65874481201172
2009-06-16,30.858604431152344
2009-06-17,29.33965492248535
2009-06-18,27.88066291809082
2009-06-19,27.44097328186035
2009-06-22,27.22112464904785
2009-06-23,28.000587463378903
2009-06-24,27.82071113586425
2009-06-25,29.19975471496582
2009-06-26,29.7993392944336
2009-06-29,30.73758316040039
2009-06-30,29.24863052368164
2009-07-01,28.106426239013672
2009-07-02,28.41237449645996
2009-07-03,28.16761589050293
2009-07-06,27.31096267700196
2009-07-07,27.51492691040039
2009-07-08,24.679807662963867
2009-07-09,27.55572509765625
2009-07-10,27.392547607421875
2009-07-13,28.1880111694336
2009-07-14,28.71832847595215
2009-07-15,30.73758316040039
2009-07-16,29.921720504760746
2009-07-17,30.288856506347656
2009-07-20,32.450889587402344
2009-07-21,33.14436340332031
2009-07-22,32.002166748046875
2009-07-23,32.63444900512695
2009-07-24,33.9194450378418
2009-07-27,35.286006927490234
2009-07-28,34.75569534301758
2009-07-29,33.16476821899414
2009-07-30,32.20612335205078
2009-07-31,31.777803421020508
2009-08-03,32.43048858642578
2009-08-04,32.04295349121094
2009-08-05,31.451459884643555
2009-08-06,32.7772331237793
2009-08-07,32.940406799316406
2009-08-10,31.777803421020508
2009-08-11,31.63503074645996
2009-08-12,30.92115020751953
2009-08-13,32.26731872558594
2009-08-14,32.7772331237793
2009-08-17,29.860525131225582
2009-08-18,30.839561462402344
2009-08-19,30.839561462402344
2009-08-20,30.77837181091309
2009-08-21,31.22709274291992
2009-08-24,33.75627517700195
2009-08-25,35.5103645324707
2009-08-26,35.836708068847656
2009-08-27,35.245216369628906
2009-08-28,37.01971054077149
2009-08-31,37.44804382324219
2009-09-01,36.24464797973633
2009-09-02,35.3064079284668
2009-09-03,35.12282943725586
2009-09-04,35.12282943725586
2009-09-07,36.38741302490234
2009-09-08,36.53019332885742
2009-09-09,35.61235427856445
2009-09-10,34.87807083129883
2009-09-11,33.77666091918945
2009-09-14,34.592533111572266
2009-09-15,34.51094055175781
2009-09-16,34.3477668762207
2009-09-17,34.53133773803711
2009-09-18,35.10243225097656
2009-09-22,35.38798522949219
2009-09-23,34.40895462036133
2009-09-24,34.79648971557617
2009-09-25,35.286006927490234
2009-09-29,35.734737396240234
2009-09-30,36.97891616821289
2009-10-01,39.12056350708008
2009-10-05,37.672401428222656
2009-10-06,38.01914596557617
2009-10-07,38.345481872558594
2009-10-08,36.9585189819336
2009-10-09,36.509796142578125
2009-10-12,37.12169647216797
2009-10-13,37.14209747314453
2009-10-14,38.121124267578125
2009-10-15,39.52848052978516
2009-10-16,40.83386993408203
2009-10-20,43.28144836425781
2009-10-21,44.30127716064453
2009-10-22,41.16021728515625
2009-10-23,40.95624542236328
2009-10-26,40.20157241821289
2009-10-27,37.59081268310547
2009-10-28,36.81575393676758
2009-10-29,34.53133773803711
2009-10-30,32.79762268066406
2009-11-03,30.492822647094727
2009-11-04,31.96137809753418
2009-11-05,33.10357666015625
2009-11-06,32.55287170410156
2009-11-09,32.98120880126953
2009-11-10,32.2877197265625
2009-11-11,33.34832763671875
2009-11-12,32.59366607666016
2009-11-13,32.43048858642578
2009-11-16,34.204986572265625
2009-11-17,34.551734924316406
2009-11-18,37.305267333984375
2009-11-19,36.9585189819336
2009-11-20,36.6525764465332
2009-11-23,35.97948455810547
2009-11-24,35.67353820800781
2009-11-25,35.286006927490234
2009-11-26,34.57212829589844
2009-11-27,33.02199172973633
2009-11-30,33.10357666015625
2009-12-01,34.082611083984375
2009-12-02,34.00102233886719
2009-12-03,34.592533111572266
2009-12-04,34.49054718017578
2009-12-07,34.83728790283203
2009-12-08,35.245216369628906
2009-12-09,35.347198486328125
2009-12-10,35.65314483642578
2009-12-11,35.08204650878906
2009-12-14,34.44974899291992
2009-12-15,33.939823150634766
2009-12-16,33.59309387207031
2009-12-17,33.899044036865234
2009-12-18,33.409523010253906
2009-12-21,33.12397384643555
2009-12-22,33.409523010253906
2009-12-23,34.16419982910156
2009-12-24,35.286006927490234
2009-12-29,35.571556091308594
2009-12-30,35.12282943725586
2009-12-31,35.89790344238281
2010-01-04,36.53019332885742
2010-01-05,36.32623672485352
2010-01-06,36.30582809448242
2010-01-07,36.55059051513672
2010-01-08,36.91773223876953
2010-01-11,37.3868522644043
2010-01-12,37.550025939941406
2010-01-13,37.08089828491211
2010-01-14,36.9585189819336
2010-01-15,36.83615112304688
2010-01-18,36.55059051513672
2010-01-19,36.85654067993164
2010-01-20,39.16134643554688
2010-01-21,37.14209747314453
2010-01-22,35.87751388549805
2010-01-25,34.95966720581055
2010-01-27,32.512081146240234
2010-01-28,32.47127914428711
2010-01-29,33.6746826171875
2010-02-01,33.81745147705078
2010-02-02,32.940406799316406
2010-02-03,32.61405944824219
2010-02-04,32.756832122802734
2010-02-05,33.12397384643555
2010-02-08,32.89961624145508
2010-02-09,32.85881805419922
2010-02-10,32.4916877746582
2010-02-11,33.14436340332031
2010-02-15,32.79762268066406
2010-02-16,32.675254821777344
2010-02-17,32.532470703125
2010-02-18,32.308109283447266
2010-02-19,31.675819396972656
2010-02-22,31.49225234985352
2010-02-23,30.65599632263184
2010-02-24,30.22766494750977
2010-02-25,30.22766494750977
2010-02-26,30.98233985900879
2010-03-02,32.246917724609375
2010-03-03,32.69564437866211
2010-03-04,32.08374786376953
2010-03-05,32.063350677490234
2010-03-08,31.553443908691406
2010-03-09,31.1863021850586
2010-03-10,31.329078674316406
2010-03-11,31.41066551208496
2010-03-12,30.92115020751953
2010-03-15,30.43163299560547
2010-03-16,30.9619369506836
2010-03-17,29.45259475708008
2010-03-18,29.615760803222656
2010-03-19,28.96307945251465
2010-03-22,29.26902961730957
2010-03-23,29.43220329284668
2010-03-25,29.24863052368164
2010-03-26,29.595378875732425
2010-03-29,29.24863052368164
2010-03-30,29.7993392944336
2010-03-31,29.63616752624512
2010-04-01,30.55400657653809
2010-04-05,31.451459884643555
2010-04-06,31.573835372924805
2010-04-07,31.71661376953125
2010-04-08,32.2877197265625
2010-04-09,33.2259521484375
2010-04-12,34.00102233886719
2010-04-13,33.79705810546875
2010-04-15,33.06278991699219
2010-04-16,32.512081146240234
2010-04-19,31.16590881347656
2010-04-20,32.59366607666016
2010-04-21,33.20556640625
2010-04-22,33.14436340332031
2010-04-23,32.89961624145508
2010-04-26,32.71604537963867
2010-04-27,33.06278991699219
2010-04-28,31.96137809753418
2010-04-29,32.4916877746582
2010-04-30,32.18574142456055
2010-05-03,32.20612335205078
2010-05-04,31.36986541748047
2010-05-05,31.1251163482666
2010-05-06,31.36986541748047
2010-05-07,30.839561462402344
2010-05-10,32.71604537963867
2010-05-11,32.063350677490234
2010-05-12,31.8389892578125
2010-05-13,33.30754089355469
2010-05-14,32.246917724609375
2010-05-17,32.43048858642578
2010-05-18,32.450889587402344
2010-05-19,32.08374786376953
2010-05-20,31.96137809753418
2010-05-21,31.553443908691406
2010-05-24,32.022560119628906
2010-05-25,31.696212768554688
2010-05-26,31.51265335083008
2010-05-27,31.36986541748047
2010-05-28,31.777803421020508
2010-05-31,31.553443908691406
2010-06-01,31.51265335083008
2010-06-02,31.900184631347656
2010-06-03,32.14493942260742
2010-06-04,32.18574142456055
2010-06-07,31.757402420043945
2010-06-08,31.26788902282715
2010-06-09,31.696212768554688
2010-06-10,31.96137809753418
2010-06-11,31.79820442199707
2010-06-14,31.879779815673828
2010-06-15,32.308109283447266
2010-06-16,32.57326889038086
2010-06-17,33.73586654663086
2010-06-18,33.20556640625
2010-06-21,35.469573974609375
2010-06-22,35.61235427856445
2010-06-23,36.81575393676758
2010-06-24,35.81631088256836
2010-06-25,35.530765533447266
2010-06-28,35.571556091308594
2010-06-29,35.26025390625
2010-06-30,34.907440185546875
2010-07-01,35.26025390625
2010-07-02,36.8997917175293
2010-07-05,36.65074157714844
2010-07-06,36.87903594970703
2010-07-07,36.87903594970703
2010-07-08,36.7960205078125
2010-07-09,37.626163482666016
2010-07-12,38.91288375854492
2010-07-13,39.49397659301758
2010-07-14,38.43555450439453
2010-07-15,38.24876022338867
2010-07-16,38.35253143310547
2010-07-19,38.144996643066406
2010-07-20,38.74684524536133
2010-07-21,38.29026412963867
2010-07-22,37.58464813232422
2010-07-23,37.23183822631836
2010-07-26,37.29409790039063
2010-07-27,36.96204376220703
2010-07-28,36.87903594970703
2010-07-29,35.86211013793945
2010-07-30,37.85444641113281
2010-08-02,38.456302642822266
2010-08-03,38.24876022338867
2010-08-04,38.144996643066406
2010-08-05,38.04122543334961
2010-08-06,38.16575241088867
2010-08-09,37.31486129760742
2010-08-10,36.62998580932617
2010-08-11,36.920536041259766
2010-08-12,36.94129180908203
2010-08-13,36.65074157714844
2010-08-16,36.837520599365234
2010-08-17,37.75067901611328
2010-08-18,38.95438003540039
2010-08-19,39.45247268676758
2010-08-20,39.22417831420898
2010-08-23,39.28644561767578
2010-08-24,38.68458557128906
2010-08-25,37.68842315673828
2010-08-26,38.39404678344727
2010-08-27,37.23183822631836
2010-08-30,36.6922492980957
2010-08-31,35.98662567138672
2010-09-01,36.73376083374024
2010-09-02,37.626163482666016
2010-09-03,36.754512786865234
2010-09-06,37.56388854980469
2010-09-07,37.75067901611328
2010-09-08,38.62232971191406
2010-09-09,38.788360595703125
2010-09-13,39.39021682739258
2010-09-14,38.892120361328125
2010-09-15,38.64308547973633
2010-09-16,37.85444641113281
2010-09-17,38.33177947998047
2010-09-20,38.39404678344727
2010-09-21,38.10348892211914
2010-09-22,37.87520217895508
2010-09-23,36.94129180908203
2010-09-24,37.70916748046875
2010-09-27,37.97896194458008
2010-09-28,37.771427154541016
2010-09-29,37.39786911010742
2010-09-30,37.0243034362793
2010-10-01,37.00355911254883
2010-10-04,37.00355911254883
2010-10-05,37.16958618164063
2010-10-06,38.124244689941406
2010-10-07,38.663841247558594
2010-10-08,39.26568222045898
2010-10-11,39.03740310668945
2010-10-12,38.93363571166992
2010-10-13,41.527828216552734
2010-10-14,40.44863510131836
2010-10-15,40.92597579956055
2010-10-18,40.30335998535156
2010-10-19,40.73918914794922
2010-10-20,39.12041473388672
2010-10-21,39.99206161499024
2010-10-22,39.80528259277344
2010-10-25,39.30718994140625
2010-10-26,40.365631103515625
2010-10-27,40.78069686889648
2010-10-28,39.39021682739258
2010-10-29,38.477046966552734
2010-11-01,38.892120361328125
2010-11-02,38.829856872558594
2010-11-03,38.456302642822266
2010-11-04,38.809112548828125
2010-11-08,39.22417831420898
2010-11-09,38.93363571166992
2010-11-10,39.36946105957031
2010-11-11,39.26568222045898
2010-11-12,38.56006622314453
2010-11-15,38.144996643066406
2010-11-16,36.7130012512207
2010-11-18,36.48471450805664
2010-11-19,36.02813720703125
2010-11-22,36.56772613525391
2010-11-23,35.48854064941406
2010-11-24,35.509300231933594
2010-11-25,34.471614837646484
2010-11-26,32.97736358642578
2010-11-29,33.06038284301758
2010-11-30,33.869773864746094
2010-12-01,34.824432373046875
2010-12-02,35.09423065185547
2010-12-03,34.24333190917969
2010-12-06,34.015045166015625
2010-12-07,33.122650146484375
2010-12-08,32.99811935424805
2010-12-09,31.42084312438965
2010-12-10,31.794422149658203
2010-12-13,32.50004196166992
2010-12-14,32.749080657958984
2010-12-15,32.334007263183594
2010-12-16,31.898176193237305
2010-12-20,32.437774658203125
2010-12-21,32.603797912597656
2010-12-22,31.856672286987305
2010-12-23,31.462366104125977
2010-12-24,31.06804275512696
2010-12-27,30.75673484802246
2010-12-28,30.75673484802246
2010-12-29,31.60763359069824
2010-12-30,31.13030242919922
2010-12-31,31.77365493774414
2011-01-03,31.918928146362305
2011-01-04,32.39626693725586
2011-01-05,31.898176193237305
2011-01-06,31.33783721923828
2011-01-07,30.860504150390625
2011-01-10,30.07187461853028
2011-01-11,29.71906280517578
2011-01-12,29.802078247070312
2011-01-13,30.009614944458008
2011-01-14,30.590707778930664
2011-01-17,30.34166717529297
2011-01-18,29.84358596801757
2011-01-19,29.553037643432617
2011-01-20,29.511520385742188
2011-01-21,29.49077796936035
2011-01-24,29.69831085205078
2011-01-25,29.822832107543945
2011-01-27,29.20022392272949
2011-01-28,27.64370918273925
2011-01-31,27.602195739746094
2011-02-01,27.70596504211425
2011-02-02,27.70596504211425
2011-02-03,27.64370918273925
2011-02-04,27.1663761138916
2011-02-07,26.149452209472656
2011-02-08,25.04951477050781
2011-02-09,25.319311141967773
2011-02-10,26.398494720458984
2011-02-11,27.70596504211425
2011-02-14,28.473852157592773
2011-02-15,30.54920196533203
2011-02-16,30.61146354675293
2011-02-17,30.798246383666992
2011-02-18,30.48694229125977
2011-02-21,30.3001651763916
2011-02-22,29.781322479248047
2011-02-23,30.196393966674805
2011-02-24,29.20022392272949
2011-02-25,28.930423736572266
2011-02-28,28.494604110717773
2011-03-01,28.9096736907959
2011-03-03,28.515356063842773
2011-03-04,28.494604110717773
2011-03-07,27.68521308898925
2011-03-08,27.332399368286133
2011-03-09,27.56069564819336
2011-03-10,27.85124588012696
2011-03-11,27.64370918273925
2011-03-14,27.41542053222656
2011-03-15,27.436168670654297
2011-03-16,27.726720809936523
2011-03-17,27.539939880371094
2011-03-18,27.290903091430664
2011-03-21,27.1663761138916
2011-03-22,27.083364486694336
2011-03-23,26.896583557128903
2011-03-24,26.938093185424805
2011-03-25,27.602195739746094
2011-03-28,28.224809646606445
2011-03-29,27.892751693725582
2011-03-30,28.515356063842773
2011-03-31,28.183300018310547
2011-04-01,29.449268341064453
2011-04-04,29.67755508422852
2011-04-05,30.09262657165528
2011-04-06,31.13030242919922
2011-04-07,31.918928146362305
2011-04-08,31.29633331298828
2011-04-11,30.96426773071289
2011-04-13,31.628389358520508
2011-04-15,31.649141311645508
2011-04-18,31.649141311645508
2011-04-19,31.35859489440918
2011-04-20,31.50386428833008
2011-04-21,32.12647247314453
2011-04-25,32.001956939697266
2011-04-26,31.898176193237305
2011-04-27,31.649141311645508
2011-04-28,31.17180061340332
2011-04-29,30.5076961517334
2011-05-02,30.009614944458008
2011-05-03,29.17947196960449
2011-05-04,28.764402389526367
2011-05-05,28.390840530395508
2011-05-06,28.494604110717773
2011-05-09,28.619125366210938
2011-05-10,28.26631164550781
2011-05-11,28.328577041625977
2011-05-12,27.955013275146484
2011-05-13,28.07952880859375
2011-05-16,27.602195739746094
2011-05-17,27.1663761138916
2011-05-18,27.1663761138916
2011-05-19,28.26631164550781
2011-05-20,28.805906295776367
2011-05-23,28.473852157592773
2011-05-24,28.681385040283203
2011-05-25,27.768230438232425
2011-05-26,28.20405006408692
2011-05-27,28.930423736572266
2011-05-30,29.449268341064453
2011-05-31,29.26248359680176
2011-06-01,29.03419303894043
2011-06-02,29.22097969055176
2011-06-03,28.681385040283203
2011-06-06,28.72289085388184
2011-06-07,28.57761573791504
2011-06-08,28.805906295776367
2011-06-09,28.951181411743164
2011-06-10,29.1172103881836
2011-06-13,28.805906295776367
2011-06-14,28.8266544342041
2011-06-15,28.349327087402344
2011-06-16,28.660629272460938
2011-06-17,28.57761573791504
2011-06-20,27.622955322265625
2011-06-21,28.20405006408692
2011-06-22,27.519189834594727
2011-06-23,27.04185485839844
2011-06-24,27.1663761138916
2011-06-27,27.228635787963867
2011-06-28,26.97959327697754
2011-06-29,27.145626068115234
2011-06-30,27.207887649536133
2011-07-01,28.63987922668457
2011-07-04,29.802078247070312
2011-07-05,29.67755508422852
2011-07-06,30.07187461853028
2011-07-07,31.005783081054688
2011-07-08,30.96426773071289
2011-07-11,31.483116149902344
2011-07-12,30.94352149963379
2011-07-13,30.798246383666992
2011-07-14,30.673728942871094
2011-07-15,32.18873977661133
2011-07-18,33.22641372680664
2011-07-19,35.135738372802734
2011-07-20,34.88668441772461
2011-07-21,34.45086669921875
2011-07-22,34.84518814086914
2011-07-25,34.86594772338867
2011-07-26,34.49237060546875
2011-07-27,35.21873474121094
2011-07-28,35.17634201049805
2011-07-29,34.688663482666016
2011-08-01,33.86174011230469
2011-08-02,33.71331024169922
2011-08-03,33.52248001098633
2011-08-04,32.73795700073242
2011-08-05,32.356300354003906
2011-08-08,31.14770698547364
2011-08-09,31.084096908569336
2011-08-10,31.7838077545166
2011-08-11,30.723642349243164
2011-08-12,30.2995662689209
2011-08-16,29.43023681640625
2011-08-17,30.0239315032959
2011-08-18,29.11218643188477
2011-08-19,29.00617408752441
2011-08-22,29.04857063293457
2011-08-23,29.43023681640625
2011-08-24,30.10873985290528
2011-08-25,30.045129776000977
2011-08-26,29.79068374633789
2011-08-29,29.04857063293457
2011-08-30,29.705883026123047
2011-09-02,30.00272750854492
2011-09-05,29.854305267333984
2011-09-06,29.917911529541016
2011-09-07,30.405590057373047
2011-09-08,30.49040603637696
2011-09-09,30.193559646606445
2011-09-12,30.59642219543457
2011-09-13,30.21475601196289
2011-09-14,30.766054153442383
2011-09-15,31.084096908569336
2011-09-16,31.317333221435547
2011-09-19,30.78724670410156
2011-09-20,30.82965469360352
2011-09-21,30.914470672607425
2011-09-22,30.405590057373047
2011-09-23,30.363183975219727
2011-09-26,30.935670852661133
2011-09-27,31.93223190307617
2011-09-28,32.165470123291016
2011-09-29,32.41990661621094
2011-09-30,32.695556640625
2011-10-03,31.677791595458984
2011-10-04,30.956880569458008
2011-10-05,30.193559646606445
2011-10-07,30.17235374450684
2011-10-10,29.472644805908203
2011-10-11,29.493846893310547
2011-10-12,29.5998649597168
2011-10-13,29.76948547363281
2011-10-14,30.045129776000977
2011-10-17,29.87550544738769
2011-10-18,30.06633377075196
2011-10-19,30.193559646606445
2011-10-20,30.49040603637696
2011-10-21,30.15114402770996
2011-10-24,29.55745315551757
2011-10-25,29.5998649597168
2011-10-28,30.00272750854492
2011-10-31,29.493846893310547
2011-11-01,29.17579460144043
2011-11-02,29.281810760498047
2011-11-03,29.493846893310547
2011-11-04,29.43023681640625
2011-11-08,29.409029006958008
2011-11-09,28.96376037597656
2011-11-11,29.11218643188477
2011-11-14,28.200437545776367
2011-11-15,27.20388412475586
2011-11-16,25.84687042236328
2011-11-17,24.892719268798828
2011-11-18,24.447452545166016
2011-11-21,24.807905197143555
2011-11-22,25.14716148376465
2011-11-23,24.892719268798828
2011-11-24,25.316789627075195
2011-11-25,25.04114151000977
2011-11-28,25.316789627075195
2011-11-29,25.4652099609375
2011-11-30,25.04114151000977
2011-12-01,25.4652099609375
2011-12-02,26.037702560424805
2011-12-05,26.122514724731445
2011-12-07,25.931684494018555
2011-12-08,25.719655990600582
2011-12-09,25.316789627075195
2011-12-12,24.63827896118164
2011-12-13,24.426246643066406
2011-12-14,24.06578826904297
2011-12-15,23.74773979187012
2011-12-16,23.55691337585449
2011-12-19,22.708778381347656
2011-12-20,22.05147171020508
2011-12-21,22.136289596557617
2011-12-22,22.15748786926269
2011-12-23,22.390724182128903
2011-12-26,22.687576293945312
2011-12-27,22.751182556152344
2011-12-28,22.687576293945312
2011-12-29,22.729978561401367
2011-12-30,23.09044075012207
2012-01-02,23.23885726928711
2012-01-03,23.55691337585449
2012-01-04,23.21765899658203
2012-01-05,23.34487533569336
2012-01-06,22.89960670471192
2012-01-09,23.11164283752441
2012-01-10,24.23541831970215
2012-01-11,24.1294059753418
2012-01-12,24.002180099487305
2012-01-13,24.044591903686523
2012-01-16,24.23541831970215
2012-01-17,24.23541831970215
2012-01-18,23.87495994567871
2012-01-19,23.790149688720703
2012-01-20,23.38728713989257
2012-01-23,23.323671340942383
2012-01-24,23.53570556640625
2012-01-25,23.790149688720703
2012-01-27,25.062345504760746
2012-01-30,25.57122611999512
2012-01-31,25.86807441711425
2012-02-01,27.161481857299805
2012-02-02,26.86463165283203
2012-02-03,27.013057708740234
2012-02-06,27.58554649353028
2012-02-07,26.69500732421875
2012-02-08,26.99185371398925
2012-02-09,27.5007266998291
2012-02-10,27.415918350219727
2012-02-13,27.055463790893555
2012-02-14,26.949445724487305
2012-02-15,26.35575485229492
2012-02-16,26.71620750427246
2012-02-17,28.412473678588867
2012-02-21,28.62451362609864
2012-02-22,27.3523063659668
2012-02-23,27.437122344970703
2012-02-24,27.14027404785156
2012-02-27,25.931684494018555
2012-02-28,26.525379180908203
2012-02-29,26.50417137145996
2012-03-01,26.33454704284668
2012-03-02,26.08010673522949
2012-03-05,26.016498565673828
2012-03-06,25.40160179138184
2012-03-07,25.253177642822266
2012-03-09,25.4652099609375
2012-03-12,25.65604019165039
2012-03-13,25.86807441711425
2012-03-14,26.440563201904297
2012-03-15,25.825668334960938
2012-03-16,24.78670310974121
2012-03-19,24.1294059753418
2012-03-20,24.08699417114257
2012-03-21,24.68068504333496
2012-03-22,24.447452545166016
2012-03-23,24.553466796875
2012-03-26,24.38384056091309
2012-03-27,24.23541831970215
2012-03-28,24.044591903686523
2012-03-29,25.168365478515625
2012-03-30,26.08010673522949
2012-04-02,25.825668334960938
2012-04-03,25.783262252807617
2012-04-04,25.550025939941406
2012-04-09,24.956329345703125
2012-04-10,25.168365478515625
2012-04-11,24.829111099243164
2012-04-12,25.04114151000977
2012-04-13,24.68068504333496
2012-04-16,24.87152099609375
2012-04-17,25.104751586914062
2012-04-18,25.14716148376465
2012-04-19,25.062345504760746
2012-04-20,24.574670791625977
2012-04-23,24.36263465881348
2012-04-24,24.2778263092041
2012-04-25,24.002180099487305
2012-04-26,24.1294059753418
2012-04-27,23.726539611816406
2012-04-30,23.87495994567871
2012-05-02,23.85375595092773
2012-05-03,23.51450157165528
2012-05-04,23.38728713989257
2012-05-07,23.51450157165528
2012-05-08,23.34487533569336
2012-05-09,23.13284111022949
2012-05-10,23.09044075012207
2012-05-11,22.623964309692383
2012-05-14,22.708778381347656
2012-05-15,22.89960670471192
2012-05-16,22.835996627807617
2012-05-17,22.58155632019043
2012-05-18,22.708778381347656
2012-05-21,22.89960670471192
2012-05-22,22.645170211791992
2012-05-23,22.56035423278809
2012-05-24,22.58155632019043
2012-05-25,22.708778381347656
2012-05-28,22.708778381347656
2012-05-29,22.96321487426757
2012-05-30,22.729978561401367
2012-05-31,22.60276222229004
2012-06-01,22.645170211791992
2012-06-04,22.327117919921875
2012-06-05,22.496746063232425
2012-06-06,23.13284111022949
2012-06-07,22.920812606811523
2012-06-08,23.06923484802246
2012-06-11,22.984420776367188
2012-06-12,23.23885726928711
2012-06-13,23.1540470123291
2012-06-14,22.729978561401367
2012-06-15,23.13284111022949
2012-06-18,22.857202529907227
2012-06-19,22.857202529907227
2012-06-20,23.04802894592285
2012-06-21,23.04802894592285
2012-06-22,22.96321487426757
2012-06-25,23.0056266784668
2012-06-26,22.56035423278809
2012-06-27,22.496746063232425
2012-06-28,22.28470802307129
2012-06-29,22.729978561401367
2012-07-02,22.772384643554688
2012-07-03,23.4296932220459
2012-07-04,23.896163940429688
2012-07-05,24.468652725219727
2012-07-06,24.3414363861084
2012-07-09,24.06578826904297
2012-07-10,24.48986053466797
2012-07-11,24.2778263092041
2012-07-12,23.790149688720703
2012-07-13,23.896163940429688
2012-07-16,23.768943786621094
2012-07-17,23.21765899658203
2012-07-18,23.28126716613769
2012-07-19,23.57811546325684
2012-07-20,23.68413352966309
2012-07-23,23.4869441986084
2012-07-24,23.24594116210937
2012-07-25,22.829662322998047
2012-07-26,22.501020431518555
2012-07-27,22.501020431518555
2012-07-30,22.939207077026367
2012-07-31,22.91730117797852
2012-08-01,21.515092849731445
2012-08-02,20.9892692565918
2012-08-03,20.923540115356445
2012-08-06,20.63871192932129
2012-08-07,20.748262405395508
2012-08-08,20.901626586914062
2012-08-09,20.748262405395508
2012-08-10,20.551074981689453
2012-08-13,20.200523376464844
2012-08-14,20.33198547363281
2012-08-16,20.200523376464844
2012-08-17,20.33198547363281
2012-08-21,20.06907081604004
2012-08-22,20.13479423522949
2012-08-23,20.178617477416992
2012-08-24,20.02525329589844
2012-08-27,19.389875411987305
2012-08-28,18.25058364868164
2012-08-29,17.659029006958008
2012-08-30,18.53540802001953
2012-08-31,18.3601303100586
2012-09-03,18.46967887878418
2012-09-04,18.644954681396484
2012-09-05,18.86404800415039
2012-09-06,20.551074981689453
2012-09-07,20.835901260375977
2012-09-10,20.13479423522949
2012-09-11,19.74042701721192
2012-09-12,19.630878448486328
2012-09-13,19.674701690673828
2012-09-14,19.608970642089844
2012-09-17,19.849973678588867
2012-09-18,19.78424644470215
2012-09-20,19.455604553222656
2012-09-21,20.28816604614257
2012-09-24,20.96735572814941
2012-09-25,21.38364028930664
2012-09-26,21.82182502746582
2012-09-27,21.82182502746582
2012-09-28,21.66845893859864
2012-10-01,21.756101608276367
2012-10-03,21.62464141845703
2012-10-04,22.04092025756836
2012-10-05,21.69036865234375
2012-10-08,21.339818954467773
2012-10-09,21.40554428100586
2012-10-10,21.230268478393555
2012-10-11,21.0330867767334
2012-10-12,20.945444107055664
2012-10-15,21.339818954467773
2012-10-16,21.230268478393555
2012-10-17,20.96735572814941
2012-10-18,22.0847396850586
2012-10-19,21.97519302368164
2012-10-22,21.5808219909668
2012-10-23,21.865646362304688
2012-10-25,22.06283187866211
2012-10-29,21.252180099487305
2012-10-30,20.72635078430176
2012-10-31,20.748262405395508
2012-11-01,22.36956214904785
2012-11-02,22.325746536254883
2012-11-05,22.45720100402832
2012-11-06,22.0847396850586
2012-11-07,22.28192710876465
2012-11-08,21.97519302368164
2012-11-09,22.67629814147949
2012-11-12,22.39147186279297
2012-11-15,22.74202537536621
2012-11-16,21.97519302368164
2012-11-19,21.62464141845703
2012-11-20,21.31790351867676
2012-11-21,21.449363708496094
2012-11-22,21.339818954467773
2012-11-23,21.31790351867676
2012-11-26,20.945444107055664
2012-11-27,20.9892692565918
2012-11-29,20.96735572814941
2012-11-30,20.96735572814941
2012-12-03,20.87971878051757
2012-12-04,21.29599952697754
2012-12-05,21.31790351867676
2012-12-06,21.230268478393555
2012-12-07,21.1645450592041
2012-12-10,21.38364028930664
2012-12-11,21.09881401062012
2012-12-12,21.01117706298828
2012-12-13,21.712276458740234
2012-12-14,21.07690620422364
2012-12-17,21.1645450592041
2012-12-18,21.20836639404297
2012-12-19,21.01117706298828
2012-12-20,20.945444107055664
2012-12-21,20.63871192932129
2012-12-24,20.70444297790528
2012-12-26,20.945444107055664
2012-12-27,20.835901260375977
2012-12-28,20.660625457763672
2012-12-31,20.52916717529297
2013-01-01,20.72635078430176
2013-01-02,20.85780906677246
2013-01-03,21.1207275390625
2013-01-04,21.1645450592041
2013-01-07,21.38364028930664
2013-01-08,21.20836639404297
2013-01-09,20.87971878051757
2013-01-10,20.792081832885746
2013-01-11,20.594894409179688
2013-01-14,20.660625457763672
2013-01-15,20.748262405395508
2013-01-16,20.4415340423584
2013-01-17,20.419620513916016
2013-01-18,20.28816604614257
2013-01-21,20.551074981689453
2013-01-22,19.95952033996582
2013-01-23,19.630878448486328
2013-01-24,19.14887428283692
2013-01-25,19.19268798828125
2013-01-28,19.214599609375
2013-01-29,18.29440116882324
2013-01-30,18.009580612182617
2013-01-31,18.119123458862305
2013-02-01,18.25058364868164
2013-02-04,18.119123458862305
2013-02-05,17.74666976928711
2013-02-06,17.50566291809082
2013-02-07,17.352291107177734
2013-02-08,17.264657974243164
2013-02-11,17.111289978027344
2013-02-12,16.51973533630371
2013-02-13,15.643357276916504
2013-02-14,15.972002029418944
2013-02-15,15.643357276916504
2013-02-18,15.687180519104004
2013-02-19,15.687180519104004
2013-02-20,16.432098388671875
2013-02-21,16.015819549560547
2013-02-22,15.99391269683838
2013-02-25,15.709084510803224
2013-02-26,15.402353286743164
2013-02-27,15.183259963989258
2013-02-28,15.029892921447754
2013-03-01,14.72316074371338
2013-03-04,14.087786674499512
2013-03-05,14.964163780212402
2013-03-06,15.183259963989258
2013-03-07,15.095622062683104
2013-03-08,15.248987197875977
2013-03-11,16.716920852661133
2013-03-12,16.103456497192383
2013-03-13,15.643357276916504
2013-03-14,15.336625099182127
2013-03-15,15.38044261932373
2013-03-18,15.183259963989258
2013-03-19,14.876523971557615
2013-03-20,14.131604194641112
2013-03-21,14.065876960754396
2013-03-22,13.715325355529783
2013-03-25,13.693414688110352
2013-03-26,13.627686500549316
2013-03-28,13.474319458007812
2013-04-01,14.2411527633667
2013-04-02,14.350699424743652
2013-04-03,14.197333335876465
2013-04-04,13.824870109558104
2013-04-05,13.890602111816406
2013-04-08,13.890602111816406
2013-04-09,13.671506881713867
2013-04-10,13.86868953704834
2013-04-11,13.824870109558104
2013-04-12,14.460247039794922
2013-04-15,14.8327054977417
2013-04-16,15.227078437805176
2013-04-17,14.788887977600098
2013-04-18,14.72316074371338
2013-04-22,14.679341316223145
2013-04-23,14.964163780212402
2013-04-25,15.161349296569824
2013-04-26,15.139437675476074
2013-04-29,14.876523971557615
2013-04-30,14.701251029968262
2013-05-02,14.8984375
2013-05-03,14.810796737670898
2013-05-06,15.555718421936035
2013-05-07,15.796723365783691
2013-05-08,15.774815559387209
2013-05-09,15.862449645996094
2013-05-10,16.51973533630371
2013-05-13,15.906268119812012
2013-05-14,15.27089500427246
2013-05-15,15.051803588867188
2013-05-16,15.029892921447754
2013-05-17,15.029892921447754
2013-05-20,15.029892921447754
2013-05-21,14.942253112792969
2013-05-22,14.85461711883545
2013-05-23,14.482152938842772
2013-05-24,14.175424575805664
2013-05-27,15.38044261932373
2013-05-28,15.687180519104004
2013-05-29,14.766979217529297
2013-05-30,14.525976181030272
2013-05-31,14.02205753326416
2013-06-03,13.671506881713867
2013-06-04,13.605775833129885
2013-06-05,13.605775833129885
2013-06-06,13.693414688110352
2013-06-07,13.189496994018556
2013-06-10,12.904674530029297
2013-06-11,13.123769760131836
2013-06-12,12.992311477661133
2013-06-13,12.795126914978027
2013-06-14,12.729397773742676
2013-06-17,12.619850158691406
2013-06-18,12.882765769958496
2013-06-19,12.795126914978027
2013-06-20,12.597941398620604
2013-06-21,12.4007568359375
2013-06-24,12.203571319580078
2013-06-25,12.15975284576416
2013-06-26,12.072115898132324
2013-06-27,12.137845039367676
2013-06-28,12.291210174560549
2013-07-01,12.773218154907228
2013-07-02,12.466486930847168
2013-07-03,12.115933418273926
2013-07-04,12.094022750854492
2013-07-05,12.225481033325195
2013-07-08,12.181662559509276
2013-07-09,12.072115898132324
2013-07-10,12.050204277038574
2013-07-11,11.809202194213867
2013-07-12,11.831110000610352
2013-07-15,11.940658569335938
2013-07-16,11.962567329406738
2013-07-17,12.313118934631348
2013-07-18,12.115933418273926
2013-07-19,11.809202194213867
2013-07-22,11.721563339233398
2013-07-23,11.831110000610352
2013-07-24,11.699654579162598
2013-07-25,11.371012687683104
2013-07-26,11.108098983764648
2013-07-29,10.735637664794922
2013-07-30,10.275537490844728
2013-07-31,9.53061580657959
2013-08-01,9.552526473999023
2013-08-02,8.588508605957031
2013-08-05,9.004790306091309
2013-08-06,8.851424217224121
2013-08-07,8.895242691040039
2013-08-08,9.632672309875488
2013-08-12,10.116610527038574
2013-08-13,10.692728996276855
2013-08-14,12.582387924194336
2013-08-16,11.522335052490234
2013-08-19,10.87708568572998
2013-08-20,10.830994606018066
2013-08-21,10.692728996276855
2013-08-22,10.554460525512695
2013-08-23,10.761860847473145
2013-08-26,10.715770721435549
2013-08-27,10.462281227111816
2013-08-28,10.370101928710938
2013-08-29,10.41619110107422
2013-08-30,10.393147468566896
2013-09-02,10.57750415802002
2013-09-03,10.462281227111816
2013-09-04,10.347057342529297
2013-09-05,10.439234733581545
2013-09-06,10.370101928710938
2013-09-10,10.462281227111816
2013-09-11,10.600547790527344
2013-09-12,11.314931869506836
2013-09-13,11.499290466308594
2013-09-16,11.33798122406006
2013-09-17,11.268843650817873
2013-09-18,11.084487915039062
2013-09-19,11.222753524780272
2013-09-20,11.153620719909668
2013-09-23,11.038396835327148
2013-09-24,10.923172950744627
2013-09-25,11.407112121582031
2013-09-26,11.084487915039062
2013-09-27,12.65152359008789
2013-09-30,12.259763717651367
2013-10-01,11.86800479888916
2013-10-03,12.029318809509276
2013-10-04,11.84496021270752
2013-10-07,12.006272315979004
2013-10-08,11.775826454162598
2013-10-09,11.729738235473633
2013-10-10,12.467167854309082
2013-10-11,12.513256072998049
2013-10-14,12.88197135925293
2013-10-15,12.398032188415527
2013-10-17,12.37498664855957
2013-10-18,12.4210786819458
2013-10-21,12.951105117797852
2013-10-22,12.951105117797852
2013-10-23,13.319818496704102
2013-10-24,13.38895320892334
2013-10-25,15.094257354736328
2013-10-28,15.232524871826172
2013-10-29,14.748590469360352
2013-10-30,14.77163314819336
2013-10-31,14.333785057067873
2013-11-01,14.425965309143066
2013-11-05,15.41688346862793
2013-11-06,15.439927101135254
2013-11-07,15.025123596191406
2013-11-08,14.748590469360352
2013-11-11,14.17247200012207
2013-11-12,13.918981552124023
2013-11-13,14.54118537902832
2013-11-14,14.379875183105469
2013-11-18,14.679455757141112
2013-11-19,14.564231872558594
2013-11-20,14.425965309143066
2013-11-21,14.17247200012207
2013-11-22,14.103337287902832
2013-11-25,13.965069770812988
2013-11-26,14.080291748046877
2013-11-27,13.734623908996582
2013-11-28,13.78071403503418
2013-11-29,13.78071403503418
2013-12-02,13.849846839904783
2013-12-03,13.78071403503418
2013-12-04,13.80375862121582
2013-12-05,13.711580276489258
2013-12-06,14.886857986450195
2013-12-09,14.564231872558594
2013-12-10,14.218562126159668
2013-12-11,13.988114356994627
2013-12-12,13.826804161071776
2013-12-13,13.504175186157228
2013-12-16,13.619397163391112
2013-12-17,13.135462760925291
2013-12-18,13.872891426086426
2013-12-19,13.734623908996582
2013-12-20,13.895936012268066
2013-12-23,14.356828689575195
2013-12-24,14.495097160339355
2013-12-26,14.77163314819336
2013-12-27,14.564231872558594
2013-12-30,14.725544929504396
2013-12-31,14.93294620513916
2014-01-01,15.393839836120604
2014-01-02,14.794678688049316
2014-01-03,14.863813400268556
2014-01-06,14.93294620513916
2014-01-07,14.84076690673828
2014-01-08,15.670377731323242
2014-01-09,15.347749710083008
2014-01-10,15.647330284118652
2014-01-13,15.601239204406738
2014-01-14,15.532105445861816
2014-01-15,15.509063720703123
2014-01-16,14.93294620513916
2014-01-17,14.863813400268556
2014-01-20,14.702499389648438
2014-01-21,14.310738563537598
2014-01-22,14.495097160339355
2014-01-23,14.54118537902832
2014-01-24,14.264652252197266
2014-01-27,13.688533782958984
2014-01-28,13.895936012268066
2014-01-29,13.711580276489258
2014-01-30,13.38895320892334
2014-01-31,13.826804161071776
2014-02-03,13.481131553649902
2014-02-04,13.596355438232422
2014-02-05,13.573309898376465
2014-02-06,13.573309898376465
2014-02-07,13.481131553649902
2014-02-10,13.342862129211426
2014-02-11,13.043282508850098
2014-02-12,13.089373588562012
2014-02-13,12.905014038085938
2014-02-14,12.259763717651367
2014-02-17,11.937139511108398
2014-02-18,11.86800479888916
2014-02-19,11.84496021270752
2014-02-20,11.314931869506836
2014-02-21,11.19970989227295
2014-02-24,10.85403823852539
2014-02-25,11.637558937072754
2014-02-26,12.559345245361328
2014-02-28,13.043282508850098
2014-03-03,12.4210786819458
2014-03-04,12.259763717651367
2014-03-05,12.006272315979004
2014-03-06,12.513256072998049
2014-03-07,12.76674747467041
2014-03-10,13.296774864196776
2014-03-11,13.043282508850098
2014-03-12,13.181550979614258
2014-03-13,12.4210786819458
2014-03-14,11.729738235473633
2014-03-18,12.236720085144045
2014-03-19,12.4210786819458
2014-03-20,12.628478050231934
2014-03-21,12.974148750305176
2014-03-24,13.112418174743652
2014-03-25,13.043282508850098
2014-03-26,13.965069770812988
2014-03-27,14.379875183105469
2014-03-28,14.264652252197266
2014-03-31,15.555152893066406
2014-04-01,16.960878372192383
2014-04-02,17.145233154296875
2014-04-03,16.292583465576172
2014-04-04,17.421768188476562
2014-04-07,17.767444610595703
2014-04-09,18.38965034484864
2014-04-10,18.574005126953125
2014-04-11,18.22833633422852
2014-04-15,17.490903854370117
2014-04-16,16.799562454223633
2014-04-17,17.467863082885742
2014-04-21,17.698305130004883
2014-04-22,18.87358283996582
2014-04-23,18.550960540771484
2014-04-24,18.550960540771484
2014-04-25,18.04397773742676
2014-04-28,18.20528984069824
2014-04-29,17.928754806518555
2014-04-30,17.214370727539062
2014-05-02,17.076099395751953
2014-05-05,16.776517868041992
2014-05-06,16.707386016845703
2014-05-07,17.26045799255371
2014-05-08,16.93783187866211
2014-05-09,17.375680923461914
2014-05-12,17.352636337280273
2014-05-13,18.458778381347656
2014-05-14,20.048858642578125
2014-05-15,20.11800003051757
2014-05-16,22.23810195922852
2014-05-19,24.19690322875977
2014-05-20,26.04047966003418
2014-05-21,27.492292404174805
2014-05-22,29.10542106628418
2014-05-23,28.06840705871582
2014-05-26,26.29396629333496
2014-05-27,28.52930450439453
2014-05-28,29.79675674438477
2014-05-29,31.294660568237305
2014-05-30,30.626367568969727
2014-06-02,29.45108985900879
2014-06-03,29.54326629638672
2014-06-04,29.54326629638672
2014-06-05,30.972036361694336
2014-06-06,30.07329368591309
2014-06-09,29.79675674438477
2014-06-10,29.497180938720703
2014-06-11,29.2667293548584
2014-06-12,29.10542106628418
2014-06-13,28.99019432067871
2014-06-16,28.71365737915039
2014-06-17,30.07329368591309
2014-06-18,29.10542106628418
2014-06-19,29.981115341186523
2014-06-20,30.9489860534668
2014-06-23,30.557233810424805
2014-06-24,30.90290260314941
2014-06-25,31.340755462646484
2014-06-26,30.83376693725586
2014-06-27,30.349828720092773
2014-06-30,29.819805145263672
2014-07-01,30.67246055603028
2014-07-02,30.71854782104492
2014-07-03,29.474130630493164
2014-07-04,29.93502426147461
2014-07-07,29.404998779296875
2014-07-08,27.653608322143555
2014-07-09,26.754863739013672
2014-07-10,27.42316055297852
2014-07-11,25.30304718017578
2014-07-14,24.47344017028809
2014-07-15,25.7869873046875
2014-07-16,26.91617584228516
2014-07-17,28.6445255279541
2014-07-18,28.363466262817383
2014-07-21,29.394012451171875
2014-07-22,29.25348472595215
2014-07-23,27.871618270874023
2014-07-24,27.59055519104004
2014-07-25,26.396055221557617
2014-07-28,26.044734954833984
2014-07-30,25.74025535583496
2014-07-31,26.53658676147461
2014-08-01,26.255529403686523
2014-08-04,25.38893318176269
2014-08-05,25.48262023925781
2014-08-06,25.48262023925781
2014-08-07,25.29524612426757
2014-08-08,23.21072578430176
2014-08-11,22.20360374450684
2014-08-12,22.531509399414062
2014-08-13,22.13334083557129
2014-08-14,22.367555618286133
2014-08-18,22.08650016784668
2014-08-19,22.76572227478028
2014-08-20,22.41439819335937
2014-08-21,22.41439819335937
2014-08-22,21.99281311035156
2014-08-25,21.59464454650879
2014-08-26,20.845157623291016
2014-08-27,20.82173538208008
2014-08-28,20.587520599365234
2014-09-01,21.477537155151367
2014-09-02,23.79626846313477
2014-09-03,23.02335929870605
2014-09-04,23.56205177307129
2014-09-05,23.351259231567383
2014-09-08,25.061033248901367
2014-09-09,24.850238800048828
2014-09-10,24.452072143554688
2014-09-11,24.80339813232422
2014-09-12,25.5997257232666
2014-09-15,24.943923950195312
2014-09-16,24.21786117553711
2014-09-17,24.24128150939941
2014-09-18,25.85736083984375
2014-09-19,25.17813873291016
2014-09-22,25.20155906677246
2014-09-23,24.10074615478516
2014-09-24,23.21072578430176
2014-09-25,22.08650016784668
2014-09-26,22.461244583129883
2014-09-29,22.60176658630371
2014-09-30,21.899126052856445
2014-10-01,21.75859642028809
2014-10-07,21.73517799377441
2014-10-08,21.73517799377441
2014-10-09,22.81256484985352
2014-10-10,22.34413146972656
2014-10-13,22.929672241210938
2014-10-14,22.531509399414062
2014-10-15,22.531509399414062
2014-10-16,21.360429763793945
2014-10-17,21.524377822875977
2014-10-20,21.454116821289062
2014-10-21,21.68833541870117
2014-10-22,22.27387046813965
2014-10-27,23.56205177307129
2014-10-28,23.37468338012696
2014-10-29,24.381805419921875
2014-10-30,24.358383178710938
2014-10-31,25.014190673828125
2014-11-03,24.990766525268555
2014-11-05,24.07732582092285
2014-11-07,23.772846221923828
2014-11-10,22.999935150146484
2014-11-11,22.76572227478028
2014-11-12,24.68628692626953
2014-11-13,24.31154441833496
2014-11-14,23.819690704345703
2014-11-17,24.61601829528809
2014-11-18,24.49891471862793
2014-11-19,26.044734954833984
2014-11-20,25.36551094055176
2014-11-21,24.70970726013184
2014-11-24,25.22498321533203
2014-11-25,23.538633346557617
2014-11-26,24.49891471862793
2014-11-27,24.63944435119629
2014-11-28,24.26469993591309
2014-12-01,22.97651672363281
2014-12-02,24.03048515319824
2014-12-03,24.24128150939941
2014-12-04,24.873659133911133
2014-12-05,24.007061004638672
2014-12-08,23.56205177307129
2014-12-09,23.28099632263184
2014-12-10,23.21072578430176
2014-12-11,23.02335929870605
2014-12-12,22.29729080200196
2014-12-15,22.50808334350586
2014-12-16,21.477537155151367
2014-12-17,21.03253173828125
2014-12-18,22.08650016784668
2014-12-19,22.06307411193848
2014-12-22,22.62519645690918
2014-12-23,22.81256484985352
2014-12-24,23.88995361328125
2014-12-26,23.2575740814209
2014-12-29,22.83598899841309
2014-12-30,23.655738830566406
2014-12-31,24.68628692626953
2015-01-01,25.24840545654297
2015-01-02,25.27182579040528
2015-01-05,25.74025535583496
2015-01-06,24.12417221069336
2015-01-07,23.819690704345703
2015-01-08,24.405229568481445
2015-01-09,24.26469993591309
2015-01-12,24.70970726013184
2015-01-13,24.14759063720703
2015-01-14,24.12417221069336
2015-01-15,24.80339813232422
2015-01-16,24.70970726013184
2015-01-19,24.68628692626953
2015-01-20,25.084449768066406
2015-01-21,24.73312759399414
2015-01-22,24.54575729370117
2015-01-23,24.19443130493164
2015-01-27,24.66286849975586
2015-01-28,24.452072143554688
2015-01-29,24.56917953491211
2015-01-30,24.03048515319824
2015-02-02,24.10074615478516
2015-02-03,23.70258331298828
2015-02-04,24.66286849975586
2015-02-05,22.999935150146484
2015-02-06,23.11704444885254
2015-02-09,22.999935150146484
2015-02-10,22.85940933227539
2015-02-11,22.929672241210938
2015-02-12,22.882827758789062
2015-02-13,23.02335929870605
2015-02-16,22.64861488342285
2015-02-18,23.98363876342773
2015-02-19,23.585474014282227
2015-02-20,23.56205177307129
2015-02-23,24.49891471862793
2015-02-24,26.1384220123291
2015-02-25,25.81052017211914
2015-02-26,25.13129234313965
2015-02-27,25.29524612426757
2015-03-02,24.80339813232422
2015-03-03,26.606853485107425
2015-03-04,26.044734954833984
2015-03-05,26.11499786376953
2015-03-09,25.084449768066406
2015-03-10,25.014190673828125
2015-03-11,24.77997398376465
2015-03-12,26.770801544189453
2015-03-13,27.941879272460938
2015-03-16,27.098705291748047
2015-03-17,27.77792739868164
2015-03-18,32.15774917602539
2015-03-19,30.91641426086425
2015-03-20,29.44085693359375
2015-03-23,30.91641426086425
2015-03-24,29.651649475097656
2015-03-25,29.67506980895996
2015-03-26,29.112957000732425
2015-03-27,28.6445255279541
2015-03-30,32.15774917602539
2015-03-31,31.22089385986328
2015-04-01,34.8746452331543
2015-04-06,34.5467414855957
2015-04-07,36.72494888305664
2015-04-08,35.881778717041016
2015-04-09,34.851226806640625
2015-04-10,34.898075103759766
2015-04-13,34.49991226196289
2015-04-15,32.930660247802734
2015-04-16,32.32170486450195
2015-04-17,32.930660247802734
2015-04-20,31.5019588470459
2015-04-21,31.36141967773437
2015-04-22,32.579345703125
2015-04-23,32.064064025878906
2015-04-24,30.14349937438965
2015-04-27,29.089529037475582
2015-04-28,30.354297637939453
2015-04-29,30.892990112304688
2015-04-30,31.993803024291992
2015-05-04,32.74329376220703
2015-05-05,31.54879570007324
2015-05-06,29.62822532653809
2015-05-07,29.30032730102539
2015-05-08,29.698495864868164
2015-05-11,31.22089385986328
2015-05-12,29.32375144958496
2015-05-13,29.90928649902344
2015-05-14,31.36141967773437
2015-05-15,31.71274185180664
2015-05-18,30.752460479736328
2015-05-19,32.602760314941406
2015-05-20,32.32170486450195
2015-05-21,31.689321517944336
2015-05-22,32.32170486450195
2015-05-25,31.314577102661133
2015-05-26,30.79930877685547
2015-05-27,31.12720489501953
2015-05-28,30.986677169799805
2015-05-29,31.15062141418457
2015-06-01,31.10378646850586
2015-06-02,29.76875877380371
2015-06-03,28.457151412963867
2015-06-04,28.29320335388184
2015-06-05,28.92558479309082
2015-06-08,28.105833053588867
2015-06-09,27.613977432250977
2015-06-10,28.878740310668945
2015-06-11,29.394012451171875
2015-06-12,30.77587890625
2015-06-15,32.860408782958984
2015-06-16,32.134334564208984
2015-06-17,35.249393463134766
2015-06-18,35.90519332885742
2015-06-19,36.09256362915039
2015-06-22,36.959171295166016
2015-06-23,38.22393035888672
2015-06-24,37.70865631103516
2015-06-25,37.16995620727539
2015-06-26,36.865478515625
2015-06-29,35.249393463134766
2015-06-30,37.21680068969727
2015-07-01,37.61496353149414
2015-07-02,36.81863021850586
2015-07-03,36.326786041259766
2015-07-06,40.77687072753906
2015-07-07,40.65977478027344
2015-07-08,42.62717056274414
2015-07-09,40.98766708374024
2015-07-10,41.43267059326172
2015-07-13,42.39295959472656
2015-07-14,41.245304107666016
2015-07-15,42.11190032958984
2015-07-16,42.41638946533203
2015-07-17,41.43267059326172
2015-07-20,41.877685546875
2015-07-21,42.18216323852539
2015-07-22,42.955074310302734
2015-07-23,42.0650634765625
2015-07-24,40.91740036010742
2015-07-27,39.41842269897461
2015-07-28,40.54265975952149
2015-07-29,41.807411193847656
2015-07-30,42.36953353881836
2015-07-31,40.96424865722656
2015-08-03,40.98766708374024
2015-08-04,41.64347076416016
2015-08-05,44.50088882446289
2015-08-06,43.00804901123047
2015-08-07,43.12652587890625
2015-08-10,42.17869186401367
2015-08-11,41.041297912597656
2015-08-12,38.90865707397461
2015-08-13,36.3021125793457
2015-08-14,38.1266975402832
2015-08-17,37.62908935546875
2015-08-18,39.19300842285156
2015-08-19,38.5295295715332
2015-08-20,36.68124771118164
2015-08-21,37.5106086730957
2015-08-24,33.197959899902344
2015-08-25,32.93729782104492
2015-08-26,33.29273223876953
2015-08-27,33.86143112182617
2015-08-28,33.36383056640625
2015-08-31,32.93729782104492
2015-09-01,32.013160705566406
2015-09-02,32.17903137207031
2015-09-03,33.648170471191406
2015-09-04,32.13163757324219
2015-09-07,31.61032485961914
2015-09-08,30.780969619750977
2015-09-09,32.98469161987305
2015-09-10,33.38752365112305
2015-09-11,33.316429138183594
2015-09-14,34.643402099609375
2015-09-15,33.74296188354492
2015-09-16,33.648170471191406
2015-09-18,33.93253326416016
2015-09-21,34.16948318481445
2015-09-22,32.81882095336914
2015-09-23,33.719261169433594
2015-09-24,34.54861831665039
2015-09-28,33.41121292114258
2015-09-29,33.340126037597656
2015-09-30,34.00361251831055
2015-10-01,34.3116569519043
2015-10-05,34.738189697265625
2015-10-06,34.738189697265625
2015-10-07,36.7049446105957
2015-10-08,36.112552642822266
2015-10-09,35.16471099853516
2015-10-12,34.667091369628906
2015-10-13,34.738189697265625
2015-10-14,34.76188659667969
2015-10-15,35.40167236328125
2015-10-16,35.23579788208008
2015-10-19,35.37797164916992
2015-10-20,37.24994659423828
2015-10-21,39.45366668701172
2015-10-23,37.91343307495117
2015-10-26,36.87081146240234
2015-10-27,37.08407211303711
2015-10-28,35.73341369628906
2015-10-29,36.989295959472656
2015-10-30,36.49168014526367
2015-11-02,37.39213180541992
2015-11-03,39.28779220581055
2015-11-04,37.32103729248047
2015-11-05,37.06038284301758
2015-11-06,36.44429016113281
2015-11-09,36.08885192871094
2015-11-10,34.97514724731445
2015-11-13,35.6860237121582
2015-11-16,37.27364349365234
2015-11-17,37.08407211303711
2015-11-18,37.43951797485352
2015-11-19,37.72386932373047
2015-11-20,39.45366668701172
2015-11-23,40.9702033996582
2015-11-24,40.5910758972168
2015-11-26,41.396732330322266
2015-11-27,41.444122314453125
2015-11-30,41.2071647644043
2015-12-01,41.56260299682617
2015-12-02,42.96066665649414
2015-12-03,41.941741943359375
2015-12-04,40.73324966430664
2015-12-07,41.11237716674805
2015-12-08,40.40150451660156
2015-12-09,38.576927185058594
2015-12-10,39.572147369384766
2015-12-11,38.624305725097656
2015-12-14,40.3778076171875
2015-12-15,39.809112548828125
2015-12-16,39.951290130615234
2015-12-17,41.373043060302734
2015-12-18,41.34933853149414
2015-12-21,41.75217819213867
2015-12-22,41.01759719848633
2015-12-23,41.42042922973633
2015-12-24,40.73324966430664
2015-12-28,40.3778076171875
2015-12-29,40.40150451660156
2015-12-30,39.52476119995117
2015-12-31,39.90389251708984
2016-01-01,39.97497177124024
2016-01-04,39.003448486328125
2016-01-05,39.358882904052734
2016-01-06,38.90865707397461
2016-01-07,36.3258056640625
2016-01-08,37.13147735595703
2016-01-11,36.34951019287109
2016-01-12,35.54384994506836
2016-01-13,34.85666275024414
2016-01-14,34.61970901489258
2016-01-15,32.32119369506836
2016-01-18,30.56770896911621
2016-01-19,31.77619743347168
2016-01-20,29.78574562072754
2016-01-21,30.496618270874023
2016-01-22,31.42076301574707
2016-01-25,29.856828689575195
2016-01-27,30.66249084472656
2016-01-28,30.378137588500977
2016-01-29,30.94684219360352
2016-02-01,32.8425178527832
2016-02-02,30.686185836791992
2016-02-03,30.23596572875977
2016-02-04,30.04640007019043
2016-02-05,29.619871139526367
2016-02-08,29.0274715423584
2016-02-09,27.961162567138672
2016-02-10,25.94700813293457
2016-02-11,25.09395980834961
2016-02-12,23.624805450439453
2016-02-15,24.809606552124023
2016-02-16,23.269371032714844
2016-02-17,23.838069915771484
2016-02-18,23.838069915771484
2016-02-19,24.075029373168945
2016-02-22,24.454164505004883
2016-02-23,23.719594955444336
2016-02-24,23.103500366210938
2016-02-25,22.676971435546875
2016-02-26,22.155662536621094
2016-02-29,20.354774475097656
2016-03-01,23.103500366210938
2016-03-02,24.454164505004883
2016-03-03,24.26459693908692
2016-03-04,25.022863388061523
2016-03-08,26.91853904724121
2016-03-09,26.349836349487305
2016-03-10,26.91853904724121
2016-03-11,27.771589279174805
2016-03-14,27.72420120239257
2016-03-15,27.487239837646484
2016-03-16,26.91853904724121
2016-03-17,26.68157958984375
2016-03-18,26.91853904724121
2016-03-21,27.03701972961425
2016-03-22,27.67680931091309
2016-03-23,27.558332443237305
2016-03-28,25.638961791992188
2016-03-29,25.378305435180664
2016-03-30,26.23136138916016
2016-03-31,25.875917434692383
2016-04-01,26.70527458190918
2016-04-04,27.34506607055664
2016-04-05,28.07963752746582
2016-04-06,29.454002380371094
2016-04-07,29.09856414794922
2016-04-08,29.406606674194336
2016-04-11,29.572484970092773
2016-04-12,29.8331356048584
2016-04-13,30.14118194580078
2016-04-18,29.927921295166016
2016-04-20,30.59140586853028
2016-04-21,30.16488075256348
2016-04-22,30.022703170776367
2016-04-25,30.16488075256348
2016-04-26,30.85205841064453
2016-04-27,31.349672317504883
2016-04-28,29.572484970092773
2016-04-29,29.54878234863281
2016-05-02,29.8331356048584
2016-05-03,30.18857383728028
2016-05-04,29.288129806518555
2016-05-05,29.477697372436523
2016-05-06,30.07009506225586
2016-05-09,30.544008255004883
2016-05-10,30.496618270874023
2016-05-11,30.11748695373535
2016-05-12,29.95161819458008
2016-05-13,29.430299758911133
2016-05-16,29.572484970092773
2016-05-17,29.19334602355957
2016-05-18,29.051170349121094
2016-05-19,28.932689666748047
2016-05-20,28.790515899658203
2016-05-23,28.292903900146484
2016-05-24,27.70050048828125
2016-05-25,27.771589279174805
2016-05-26,28.363988876342773
2016-05-27,27.67680931091309
2016-05-30,27.60572052001953
2016-05-31,27.487239837646484
2016-06-01,27.60572052001953
2016-06-02,27.416154861450195
2016-06-03,27.510936737060547
2016-06-06,27.297670364379883
2016-06-07,27.46354484558105
2016-06-08,28.482465744018555
2016-06-09,29.454002380371094
2016-06-10,29.19334602355957
2016-06-13,28.932689666748047
2016-06-14,29.0274715423584
2016-06-15,29.78574562072754
2016-06-16,30.56770896911621
2016-06-17,30.14118194580078
2016-06-20,29.762046813964844
2016-06-21,29.690961837768555
2016-06-22,29.38291358947754
2016-06-23,29.09856414794922
2016-06-24,28.0085506439209
2016-06-27,28.553556442260746
2016-06-28,28.86160087585449
2016-06-29,29.217039108276367
2016-06-30,30.66249084472656
2016-07-01,30.686185836791992
2016-07-04,31.11271095275879
2016-07-05,30.56770896911621
2016-07-07,30.66249084472656
2016-07-08,30.14118194580078
2016-07-11,30.33074760437012
2016-07-12,29.596176147460938
2016-07-13,29.78574562072754
2016-07-14,30.544008255004883
2016-07-15,30.16488075256348
2016-07-18,30.237213134765625
2016-07-19,29.75496482849121
2016-07-20,30.020206451416016
2016-07-21,29.85141563415528
2016-07-22,29.99608993530273
2016-07-25,30.86414337158203
2016-07-26,29.94786262512207
2016-07-27,28.83868408203125
2016-07-28,28.38054084777832
2016-07-29,28.694005966186523
2016-08-01,28.16353416442871
2016-08-02,27.994741439819336
2016-08-03,27.22314071655273
2016-08-04,26.8132266998291
2016-08-05,27.030235290527344
2016-08-08,27.36781311035156
2016-08-09,26.933788299560547
2016-08-10,26.885560989379883
2016-08-11,26.451536178588867
2016-08-12,27.102575302124023
2016-08-16,27.75361633300781
2016-08-17,27.777729034423828
2016-08-18,27.44015121459961
2016-08-19,26.90967559814453
2016-08-22,27.174915313720703
2016-08-23,27.150802612304688
2016-08-24,27.150802612304688
2016-08-25,28.35643196105957
2016-08-26,27.56071662902832
2016-08-29,27.07846641540528
2016-08-30,27.512487411499023
2016-08-31,27.6330509185791
2016-09-01,27.512487411499023
2016-09-02,28.13941764831543
2016-09-06,27.584827423095703
2016-09-07,27.199024200439453
2016-09-08,28.211753845214844
2016-09-09,28.621671676635746
2016-09-12,27.536603927612305
2016-09-14,28.187646865844727
2016-09-15,28.501108169555664
2016-09-16,28.52522087097168
2016-09-19,29.46560859680176
2016-09-20,29.272708892822266
2016-09-21,29.7790756225586
2016-09-22,30.550676345825195
2016-09-23,29.899639129638672
2016-09-26,29.32093620300293
2016-09-27,29.417387008666992
2016-09-28,29.248598098754883
2016-09-29,27.29547500610352
2016-09-30,27.946516036987305
2016-10-03,28.86279487609864
2016-10-04,28.549331665039062
2016-10-05,29.17625999450684
2016-10-06,30.33366775512696
2016-10-07,30.04431533813477
2016-10-10,31.1776065826416
2016-10-13,31.153493881225582
2016-10-14,32.84136962890625
2016-10-17,32.06977081298828
2016-10-18,33.998783111572266
2016-10-19,34.67393493652344
2016-10-20,33.998783111572266
2016-10-21,33.22718048095703
2016-10-24,32.26268005371094
2016-10-25,32.84136962890625
2016-10-26,32.16621780395508
2016-10-27,31.80453872680664
2016-10-28,32.06977081298828
2016-11-01,32.23856735229492
2016-11-02,31.081153869628903
2016-11-03,30.86414337158203
2016-11-04,29.513835906982425
2016-11-07,30.1889877319336
2016-11-08,29.75496482849121
2016-11-09,29.12803649902344
2016-11-10,27.89828872680664
2016-11-11,26.37919807434082
2016-11-15,24.30551528930664
2016-11-16,23.24455642700196
2016-11-17,23.533910751342773
2016-11-18,23.46157455444336
2016-11-21,22.61763000488281
2016-11-22,21.990697860717773
2016-11-23,22.73819160461425
2016-11-24,22.47295188903809
2016-11-25,23.220447540283203
2016-11-28,25.19767570495605
2016-11-29,25.101226806640625
2016-11-30,25.221792221069336
2016-12-01,26.0416202545166
2016-12-02,25.245906829833984
2016-12-05,25.7281551361084
2016-12-06,25.607589721679688
2016-12-07,25.3664665222168
2016-12-08,25.921056747436523
2016-12-09,29.272708892822266
2016-12-12,28.86279487609864
2016-12-13,29.53794860839844
2016-12-14,28.45287704467773
2016-12-15,28.549331665039062
2016-12-16,29.031583786010746
2016-12-19,28.0911922454834
2016-12-20,27.48837661743164
2016-12-21,27.584827423095703
2016-12-22,27.12668800354004
2016-12-23,26.933788299560547
2016-12-26,25.87283515930176
2016-12-27,26.62032127380371
2016-12-28,27.29547500610352
2016-12-29,27.7295036315918
2016-12-30,27.44015121459961
2017-01-02,27.199024200439453
2017-01-03,27.512487411499023
2017-01-04,27.39192581176757
2017-01-05,27.922407150268555
2017-01-06,27.6330509185791
2017-01-09,27.39192581176757
2017-01-10,27.464263916015625
2017-01-11,28.621671676635746
2017-01-12,28.187646865844727
2017-01-13,28.742233276367188
2017-01-16,28.332319259643555
2017-01-17,27.922407150268555
2017-01-18,28.0911922454834
2017-01-19,28.211753845214844
2017-01-20,27.657161712646484
2017-01-23,27.56071662902832
2017-01-24,27.7295036315918
2017-01-25,27.657161712646484
2017-01-27,28.06707763671875
2017-01-30,27.657161712646484
2017-01-31,27.07846641540528
2017-02-01,27.536603927612305
2017-02-02,27.247255325317383
2017-02-03,27.584827423095703
2017-02-06,28.11530494689941
2017-02-07,28.16353416442871
2017-02-08,27.464263916015625
2017-02-09,26.74088478088379
2017-02-10,26.74088478088379
2017-02-13,26.64443588256836
2017-02-14,26.451536178588867
2017-02-15,25.55936622619629
2017-02-16,25.34235191345215
2017-02-17,25.583478927612305
2017-02-20,25.7281551361084
2017-02-21,26.403308868408203
2017-02-22,26.138072967529297
2017-02-23,25.80049133300781
2017-02-27,25.655818939208984
2017-02-28,25.87283515930176
2017-03-01,26.35508346557617
2017-03-02,25.7281551361084
2017-03-03,25.704044342041016
2017-03-06,25.679931640625
2017-03-07,25.7281551361084
2017-03-08,25.43880653381348
2017-03-09,25.27001953125
2017-03-10,25.173566818237305
2017-03-14,25.34235191345215
2017-03-15,25.607589721679688
2017-03-16,26.11396026611328
2017-03-17,25.679931640625
2017-03-20,25.46291732788086
2017-03-21,25.294132232666016
2017-03-22,24.6430892944336
2017-03-23,24.98066520690918
2017-03-24,25.19767570495605
2017-03-27,24.83598899841309
2017-03-28,24.93244171142578
2017-03-29,24.78776359558105
2017-03-30,25.583478927612305
2017-03-31,25.43880653381348
2017-04-03,27.006128311157227
2017-04-05,27.850069046020508
2017-04-06,27.657161712646484
2017-04-07,27.777729034423828
2017-04-10,28.86279487609864
2017-04-11,28.476993560791016
2017-04-12,29.393274307250977
2017-04-13,29.97197532653809
2017-04-17,30.11665153503418
2017-04-18,29.20037269592285
2017-04-19,29.248598098754883
2017-04-20,29.34504508972168
2017-04-21,30.47834205627441
2017-04-24,30.79180908203125
2017-04-25,30.261329650878903
2017-04-26,29.417387008666992
2017-04-27,29.34504508972168
2017-04-28,29.248598098754883
2017-05-02,29.12803649902344
2017-05-03,29.055700302124023
2017-05-04,29.92375373840332
2017-05-05,29.248598098754883
2017-05-08,29.417387008666992
2017-05-09,29.706737518310547
2017-05-10,30.5024528503418
2017-05-11,29.99608993530273
2017-05-12,29.46560859680176
2017-05-15,29.48972511291504
2017-05-16,29.152145385742188
2017-05-17,29.634401321411133
2017-05-18,28.88690948486328
2017-05-19,28.476993560791016
2017-05-22,29.68262481689453
2017-05-23,28.645782470703125
2017-05-24,27.801841735839844
2017-05-25,28.86279487609864
2017-05-26,29.97197532653809
2017-05-29,30.81591987609864
2017-05-30,30.550676345825195
2017-05-31,30.86414337158203
2017-06-01,30.960594177246094
2017-06-02,30.86414337158203
2017-06-05,31.12938690185547
2017-06-06,30.38188934326172
2017-06-07,29.99608993530273
2017-06-08,29.92375373840332
2017-06-09,30.598907470703125
2017-06-12,29.85141563415528
2017-06-13,29.56206321716309
2017-06-14,29.152145385742188
2017-06-15,29.34504508972168
2017-06-16,29.272708892822266
2017-06-19,28.83868408203125
2017-06-20,28.83868408203125
2017-06-21,29.079811096191406
2017-06-22,28.76634407043457
2017-06-23,27.8259506225586
2017-06-27,27.05434799194336
2017-06-28,27.030235290527344
2017-06-29,27.199024200439453
2017-06-30,27.512487411499023
2017-07-03,28.428768157958984
2017-07-04,28.88690948486328
2017-07-05,29.007471084594727
2017-07-06,28.95924949645996
2017-07-07,29.75496482849121
2017-07-10,29.272708892822266
2017-07-11,29.56206321716309
2017-07-12,29.248598098754883
2017-07-13,30.79180908203125
2017-07-14,29.85141563415528
2017-07-17,29.56206321716309
2017-07-18,29.007471084594727
2017-07-19,28.911020278930664
2017-07-20,28.88690948486328
2017-07-21,28.549331665039062
2017-07-24,29.20037269592285
2017-07-25,29.46560859680176
2017-07-26,30.000465393066406
2017-07-27,29.2711181640625
2017-07-28,29.295429229736328
2017-07-31,30.75412368774414
2017-08-01,30.462387084960938
2017-08-02,30.000465393066406
2017-08-03,26.280797958374023
2017-08-04,26.086305618286133
2017-08-07,25.065216064453125
2017-08-08,23.72808074951172
2017-08-09,22.804243087768555
2017-08-10,22.415258407592773
2017-08-11,22.39094924926757
2017-08-14,22.925800323486328
2017-08-16,23.387720108032227
2017-08-17,23.82533073425293
2017-08-18,24.457427978515625
2017-08-21,23.582216262817383
2017-08-22,23.19322967529297
2017-08-23,23.29047203063965
2017-08-24,23.266162872314453
2017-08-28,23.241849899291992
2017-08-29,22.97442626953125
2017-08-30,23.168916702270508
2017-08-31,23.655149459838867
2017-09-01,23.8010196685791
2017-09-04,24.360183715820312
2017-09-05,24.91934967041016
2017-09-06,24.895038604736328
2017-09-07,23.41203689575196
2017-09-08,24.4088077545166
2017-09-11,25.138154983520508
2017-09-12,25.138154983520508
2017-09-13,25.96474838256836
2017-09-14,26.402353286743164
2017-09-15,25.405580520629883
2017-09-18,25.575759887695312
2017-09-19,25.25971412658692
2017-09-20,28.104162216186523
2017-09-21,28.15279006958008
2017-09-22,28.17709732055664
2017-09-25,26.402353286743164
2017-09-26,26.57253646850586
2017-09-27,25.33264541625977
2017-09-28,26.30510711669922
2017-09-29,28.006914138793945
2017-10-03,27.1560115814209
2017-10-04,30.681188583374023
2017-10-05,29.246807098388672
2017-10-06,31.33760070800781
2017-10-09,30.559627532958984
2017-10-10,32.99078750610352
2017-10-11,31.872453689575195
2017-10-12,32.38300323486328
2017-10-13,32.7476692199707
2017-10-16,32.13988494873047
2017-10-17,32.723365783691406
2017-10-18,32.917850494384766
2017-10-19,32.35868453979492
2017-10-23,33.282527923583984
2017-10-24,33.112342834472656
2017-10-25,34.20635986328125
2017-10-26,34.279300689697266
2017-10-27,35.54350280761719
2017-10-30,35.32469940185547
2017-10-31,36.32146835327149
2017-11-01,36.17560195922852
2017-11-02,35.34900665283203
2017-11-03,36.41871643066406
2017-11-06,37.877418518066406
2017-11-07,40.81911087036133
2017-11-08,35.154518127441406
2017-11-09,36.12697219848633
2017-11-10,35.373321533203125
2017-11-13,33.76875305175781
2017-11-14,33.84169387817383
2017-11-15,34.03618621826172
2017-11-16,35.737998962402344
2017-11-17,36.10266876220703
2017-11-20,38.071903228759766
2017-11-21,37.70723724365234
2017-11-22,38.38795471191406
2017-11-23,36.71045684814453
2017-11-24,37.78015899658203
2017-11-27,37.48842239379883
2017-11-28,37.85309982299805
2017-11-29,38.6553840637207
2017-11-30,38.922813415527344
2017-12-01,40.67323684692383
2017-12-04,41.18378829956055
2017-12-05,41.79157257080078
2017-12-06,42.56954193115234
2017-12-07,44.854827880859375
2017-12-08,45.55986404418945
2017-12-11,46.556636810302734
2017-12-12,46.09471893310547
2017-12-13,43.29889678955078
2017-12-14,42.90990447998047
2017-12-15,44.27135467529297
2017-12-18,44.22272109985352
2017-12-19,46.16764831542969
2017-12-20,53.75286102294922
2017-12-21,52.172611236572266
2017-12-22,53.266632080078125
2017-12-26,51.68637847900391
2017-12-27,49.83869934082031
2017-12-28,50.66529083251953
2017-12-29,50.03318786621094
2018-01-01,51.005653381347656
2018-01-02,50.98134613037109
2018-01-03,52.68315124511719
2018-01-04,52.440032958984375
2018-01-05,51.02996063232422
2018-01-08,50.22768783569336
2018-01-09,50.90840911865234
2018-01-10,50.44648361206055
2018-01-11,50.90840911865234
2018-01-12,49.71714019775391
2018-01-15,48.98779678344727
2018-01-16,46.8969955444336
2018-01-17,45.48693084716797
2018-01-18,43.00714874267578
2018-01-19,44.73327255249024
2018-01-22,45.24381256103516
2018-01-23,48.039642333984375
2018-01-24,46.532325744628906
2018-01-25,45.51123809814453
2018-01-29,43.59062576293945
2018-01-30,44.53877639770508
2018-01-31,43.76081085205078
2018-02-01,42.61816787719727
2018-02-02,38.8255615234375
2018-02-05,41.15947341918945
2018-02-06,39.19023895263672
2018-02-07,40.52737045288086
2018-02-08,40.86772918701172
2018-02-09,40.0411376953125
2018-02-12,42.25349044799805
2018-02-14,43.225955963134766
2018-02-15,41.742950439453125
2018-02-16,40.16270065307617
2018-02-19,39.1416130065918
2018-02-20,39.45766067504883
2018-02-21,39.87095642089844
2018-02-22,39.87095642089844
2018-02-23,43.95529556274414
2018-02-26,43.20164108276367
2018-02-27,42.35073852539063
2018-02-28,43.03145217895508
2018-03-01,43.12870407104492
2018-03-05,41.69432830810547
2018-03-06,40.454437255859375
2018-03-07,39.1416130065918
2018-03-08,38.922813415527344
2018-03-09,38.87418365478516
2018-03-12,39.16592788696289
2018-03-13,39.65215301513672
2018-03-14,39.433349609375
2018-03-15,39.99251556396485
2018-03-16,39.554908752441406
2018-03-19,38.50950622558594
2018-03-20,37.9260368347168
2018-03-21,37.53704452514648
2018-03-22,36.51596450805664
2018-03-23,34.35223388671875
2018-03-26,35.10588836669922
2018-03-27,37.050811767578125
2018-03-28,37.731544494628906
2018-04-02,38.60676193237305
2018-04-03,40.3328742980957
2018-04-04,38.58244705200195
2018-04-05,39.2874870300293
2018-04-06,39.09299087524414
2018-04-09,40.430118560791016
2018-04-10,41.13515853881836
2018-04-11,40.62462615966797
2018-04-12,40.74617767333984
2018-04-13,41.08653259277344
2018-04-16,40.430118560791016
2018-04-17,40.69755554199219
2018-04-18,40.52737045288086
2018-04-19,41.64570236206055
2018-04-20,41.742950439453125
2018-04-23,41.11085891723633
2018-04-24,40.67323684692383
2018-04-25,40.01683044433594
2018-04-26,39.67646026611328
2018-04-27,39.554908752441406
2018-04-30,40.721866607666016
2018-05-02,40.21131896972656
2018-05-03,38.87418365478516
2018-05-04,39.74940872192383
2018-05-07,38.0962142944336
2018-05-08,36.44302749633789
2018-05-09,36.51596450805664
2018-05-10,35.178829193115234
2018-05-11,34.425167083740234
2018-05-14,34.35223388671875
2018-05-15,33.74445343017578
2018-05-16,33.72013473510742
2018-05-17,33.74445343017578
2018-05-18,32.62611389160156
2018-05-21,30.72981071472168
2018-05-22,30.60825157165528
2018-05-23,30.389448165893555
2018-05-24,30.14633560180664
2018-05-25,30.72981071472168
2018-05-28,34.887088775634766
2018-05-29,33.938934326171875
2018-05-30,33.8173828125
2018-05-31,33.45270919799805
2018-06-01,32.01832580566406
2018-06-04,31.434852600097656
2018-06-05,30.194955825805664
2018-06-06,31.313295364379883
2018-06-07,32.1641960144043
2018-06-08,31.945384979248047
2018-06-11,31.62933921813965
2018-06-12,33.282527923583984
2018-06-13,32.115577697753906
2018-06-14,32.2857551574707
2018-06-15,32.04263687133789
2018-06-18,31.62933921813965
2018-06-19,31.04586410522461
2018-06-20,31.28897476196289
2018-06-21,30.85137367248535
2018-06-22,30.559627532958984
2018-06-25,30.3408260345459
2018-06-26,30.462387084960938
2018-06-27,28.49315071105957
2018-06-28,27.861047744750977
2018-06-29,28.006914138793945
2018-07-02,27.1560115814209
2018-07-03,27.64224433898925
2018-07-04,27.13170051574707
2018-07-05,27.13170051574707
2018-07-06,28.17709732055664
2018-07-09,28.88213348388672
2018-07-10,29.90321922302246
2018-07-11,29.246807098388672
2018-07-12,28.54177474975586
2018-07-13,27.861047744750977
2018-07-16,27.326190948486328
2018-07-17,28.15279006958008
2018-07-18,27.277568817138672
2018-07-19,27.42344284057617
2018-07-20,27.90967559814453
2018-07-23,27.76380157470703
2018-07-24,28.687641143798828
2018-07-25,29.90321922302246
2018-07-26,29.80597496032715
2018-07-27,29.92753028869629
2018-07-30,30.316516876220703
2018-07-31,30.94861602783203
2018-08-01,30.94861602783203
2018-08-02,35.227447509765625
2018-08-03,34.30360794067383
2018-08-06,33.525634765625
2018-08-07,32.86922836303711
2018-08-08,33.25821304321289
2018-08-09,33.25821304321289
2018-08-10,32.13988494873047
2018-08-13,32.01832580566406
2018-08-14,32.13988494873047
2018-08-16,32.67473602294922
2018-08-17,32.55318069458008
2018-08-20,32.431617736816406
2018-08-21,33.477020263671875
2018-08-23,33.331146240234375
2018-08-24,32.86922836303711
2018-08-27,32.455936431884766
2018-08-28,31.483470916748047
2018-08-29,30.72981071472168
2018-08-30,31.313295364379883
2018-08-31,31.2403507232666
2018-09-03,31.483470916748047
2018-09-04,30.267894744873047
2018-09-05,30.24357795715332
2018-09-06,30.122020721435547
2018-09-07,30.75412368774414
2018-09-10,30.70550346374512
2018-09-11,30.194955825805664
2018-09-12,29.83028221130371
2018-09-14,30.04908943176269
2018-09-17,30.85137367248535
2018-09-18,30.99770164489746
2018-09-19,30.24165725708008
2018-09-21,29.631946563720703
2018-09-24,27.63209724426269
2018-09-25,27.168716430664062
2018-09-26,27.11993980407715
2018-09-27,26.80288887023925
2018-09-28,26.14440155029297
2018-10-01,25.48591423034668
2018-10-03,25.754188537597656
2018-10-04,24.38843536376953
2018-10-05,24.38843536376953
2018-10-08,24.43721008300781
2018-10-09,24.43721008300781
2018-10-10,25.046918869018555
2018-10-11,24.949371337890625
2018-10-12,25.705411911010746
2018-10-15,26.266342163085938
2018-10-16,26.75410842895508
2018-10-17,24.70548439025879
2018-10-19,24.72987365722656
2018-10-22,24.92498016357422
2018-10-23,24.21771812438965
2018-10-24,24.43721008300781
2018-10-25,24.24210357666016
2018-10-26,24.55915069580078
2018-10-29,25.24202919006348
2018-10-30,26.38828659057617
2018-10-31,26.510231018066406
2018-11-01,30.948925018310547
2018-11-02,29.144176483154297
2018-11-05,28.875905990600582
2018-11-06,28.97345924377441
2018-11-07,29.36367416381836
2018-11-09,29.388063430786133
2018-11-12,28.241809844970703
2018-11-13,27.94914627075196
2018-11-14,27.41259765625
2018-11-15,27.48576545715332
2018-11-16,27.046772003173828
2018-11-19,26.92483139038086
2018-11-20,26.60778045654297
2018-11-21,28.339359283447266
2018-11-22,27.388214111328125
2018-11-26,28.58324813842773
2018-11-27,28.4613037109375
2018-11-28,27.19310188293457
2018-11-29,27.55893516540528
2018-11-30,28.11986541748047
2018-12-03,28.72957801818848
2018-12-04,28.875905990600582
2018-12-05,28.4613037109375
2018-12-06,27.92475700378418
2018-12-07,27.77842712402344
2018-12-10,27.63209724426269
2018-12-11,28.217416763305664
2018-12-12,29.095401763916016
2018-12-13,30.217269897460938
2018-12-14,31.631799697875977
2018-12-17,30.7782039642334
2018-12-18,32.778053283691406
2018-12-19,32.50978469848633
2018-12-20,33.55848693847656
2018-12-21,33.07072448730469
2018-12-24,33.509708404541016
2018-12-26,33.338985443115234
2018-12-27,33.19266128540039
2018-12-28,33.99747848510742
2018-12-31,34.19257736206055
2019-01-01,33.94870376586914
2019-01-02,33.314598083496094
2019-01-03,32.29029083251953
2019-01-04,32.50978469848633
2019-01-07,32.24151611328125
2019-01-08,32.63172912597656
2019-01-09,32.24151611328125
2019-01-10,32.14395904541016
2019-01-11,35.16812515258789
2019-01-14,35.48516845703125
2019-01-15,35.216896057128906
2019-01-16,35.14373779296875
2019-01-17,34.87546157836914
2019-01-18,33.99747848510742
2019-01-21,33.60726547241211
2019-01-22,32.778053283691406
2019-01-23,32.899993896484375
2019-01-24,32.5341682434082
2019-01-25,31.973237991333008
2019-01-28,30.14410400390625
2019-01-29,29.5100040435791
2019-01-30,29.8514461517334
2019-01-31,32.09518051147461
2019-02-01,32.0463981628418
2019-02-04,30.558712005615234
2019-02-05,30.070940017700195
2019-02-06,30.168493270874023
2019-02-07,31.31474876403809
2019-02-08,29.997772216796875
2019-02-11,28.11986541748047
2019-02-12,28.04670143127441
2019-02-14,26.8272762298584
2019-02-15,26.632169723510746
2019-02-18,26.412675857543945
2019-02-19,26.8272762298584
2019-02-20,26.80288887023925
2019-02-21,28.04670143127441
2019-02-22,28.58324813842773
2019-02-25,28.63202476501465
2019-02-26,27.58331680297852
2019-02-27,28.363750457763672
2019-02-28,28.04670143127441
2019-03-01,28.75396156311035
2019-03-05,30.24165725708008
2019-03-06,32.63172912597656
2019-03-07,32.70489501953125
2019-03-08,32.48539352416992
2019-03-11,32.33906555175781
2019-03-12,31.50985717773437
2019-03-13,31.26597023010254
2019-03-14,30.99770164489746
2019-03-15,30.92453384399414
2019-03-18,30.70503807067871
2019-03-19,30.70503807067871
2019-03-20,32.314674377441406
2019-03-22,32.5341682434082
2019-03-25,30.973312377929688
2019-03-26,30.58309936523437
2019-03-27,30.85136985778809
2019-03-28,30.99770164489746
2019-04-01,31.168420791625977
2019-04-02,30.7782039642334
2019-04-03,30.875757217407227
2019-04-04,30.436765670776367
2019-04-05,30.217269897460938
2019-04-08,30.02216339111328
2019-04-09,29.631946563720703
2019-04-10,29.65633583068848
2019-04-11,29.41245079040528
2019-04-12,29.558780670166016
2019-04-15,31.241588592529297
2019-04-16,31.6074161529541
2019-04-18,30.82697868347168
2019-04-22,29.607561111450195
2019-04-23,29.19295310974121
2019-04-24,29.33928680419922
2019-04-25,28.99785041809082
2019-04-26,28.77834892272949
2019-04-30,28.339359283447266
2019-05-02,27.168716430664062
2019-05-03,26.778499603271484
2019-05-06,26.80288887023925
2019-05-07,27.90036964416504
2019-05-08,26.290733337402344
2019-05-09,25.3151912689209
2019-05-10,24.92498016357422
2019-05-13,24.21771812438965
2019-05-14,23.72994804382324
2019-05-15,23.656784057617188
2019-05-16,23.827503204345703
2019-05-17,23.72994804382324
2019-05-20,24.412824630737305
2019-05-21,24.339658737182617
2019-05-22,24.36404609680176
2019-05-23,24.485990524291992
2019-05-24,24.998146057128903
2019-05-27,26.65656089782715
2019-05-28,26.705337524414062
2019-05-29,26.48583602905273
2019-05-30,26.31511878967285
2019-05-31,25.924909591674805
2019-06-03,25.4371395111084
2019-06-04,25.26641845703125
2019-06-06,24.60792732238769
2019-06-07,24.19332695007324
2019-06-10,23.827503204345703
2019-06-11,24.02260398864746
2019-06-12,23.99822235107422
2019-06-13,23.87627601623535
2019-06-14,23.193403244018555
2019-06-17,23.21779060363769
2019-06-18,23.071456909179688
2019-06-19,22.24225234985352
2019-06-20,22.730018615722656
2019-06-21,22.31542015075684
2019-06-24,22.047143936157227
2019-06-25,21.900814056396484
2019-06-26,21.852033615112305
2019-06-27,22.41297149658203
2019-06-28,22.58368873596192
2019-07-01,22.60807991027832
2019-07-02,22.63246726989746
2019-07-03,22.63246726989746
2019-07-04,22.58368873596192
2019-07-05,22.29102897644043
2019-07-08,21.51059913635254
2019-07-09,21.65692901611328
2019-07-10,21.1447696685791
2019-07-11,21.1203842163086
2019-07-12,20.73017120361328
2019-07-15,20.80333709716797
2019-07-16,20.705780029296875
2019-07-17,20.510671615600582
2019-07-18,19.705854415893555
2019-07-19,19.022979736328125
2019-07-22,18.803482055664062
2019-07-23,18.75470733642578
2019-07-24,18.77909278869629
2019-07-25,18.974199295043945
2019-07-26,19.6326904296875
2019-07-29,18.16938209533692
2019-07-30,15.340324401855469
2019-07-31,15.145217895507812
2019-08-01,14.437952995300291
2019-08-02,13.438027381896973
2019-08-05,13.120977401733398
2019-08-06,13.486804008483888
2019-08-07,13.633134841918944
2019-08-08,14.169679641723633
2019-08-09,15.12082862854004
2019-08-13,14.608673095703123
2019-08-14,14.828167915344238
2019-08-16,14.876945495605469
2019-08-19,14.169679641723633
2019-08-20,14.096514701843262
2019-08-21,14.096514701843262
2019-08-22,13.681910514831545
2019-08-23,13.65752410888672
2019-08-26,13.65752410888672
2019-08-27,14.24284553527832
2019-08-28,14.633061408996582
2019-08-29,14.437952995300291
2019-08-30,14.584283828735352
2019-09-03,14.803780555725098
2019-09-04,14.779390335083008
2019-09-05,16.24269676208496
2019-09-06,16.610734939575195
2019-09-09,16.561660766601562
2019-09-11,16.68433952331543
2019-09-12,16.561660766601562
2019-09-13,16.12001609802246
2019-09-16,16.02187728881836
2019-09-17,15.678374290466309
2019-09-18,15.77651596069336
2019-09-19,15.604766845703123
2019-09-20,16.04641342163086
2019-09-23,16.26723289489746
2019-09-24,17.739381790161133
2019-09-25,18.009275436401367
2019-09-26,17.960205078125
2019-09-27,17.911128997802734
2019-09-30,16.635271072387695
2019-10-01,15.72744369506836
2019-10-03,15.531158447265623
2019-10-04,14.647869110107422
2019-10-07,14.279833793640137
2019-10-09,14.672405242919922
2019-10-10,14.647869110107422
2019-10-11,14.230761528015137
2019-10-14,14.034475326538086
2019-10-15,14.30436897277832
2019-10-16,14.13261890411377
2019-10-17,14.574263572692873
2019-10-18,15.531158447265623
2019-10-22,15.825591087341309
2019-10-23,15.604766845703123
2019-10-24,15.23672866821289
2019-10-25,14.795085906982422
2019-10-27,15.72744369506836
2019-10-29,15.58023166656494
2019-10-30,15.87466049194336
2019-10-31,16.561660766601562
2019-11-01,18.20556259155273
2019-11-04,19.26059913635254
2019-11-05,18.35277938842773
2019-11-06,18.769886016845703
2019-11-07,18.86802864074707
2019-11-08,18.033811569213867
2019-11-11,17.346805572509766
2019-11-13,17.5185604095459
2019-11-14,17.19959259033203
2019-11-15,17.052379608154297
2019-11-18,16.80702018737793
2019-11-19,16.389915466308594
2019-11-20,16.41444969177246
2019-11-21,16.26723289489746
2019-11-22,16.095481872558594
2019-11-25,16.193626403808594
2019-11-26,16.24269676208496
2019-11-27,16.438983917236328
2019-11-28,15.923730850219728
2019-11-29,16.880626678466797
2019-12-02,16.782485961914062
2019-12-03,16.070947647094727
2019-12-04,16.070947647094727
2019-12-05,16.070947647094727
2019-12-06,15.531158447265623
2019-12-09,15.187658309936523
2019-12-10,14.770549774169922
2019-12-11,14.328906059265137
2019-12-12,14.500656127929688
2019-12-13,15.064980506896973
2019-12-16,14.721478462219238
2019-12-17,16.26723289489746
2019-12-18,15.801054954528809
2019-12-19,16.24269676208496
2019-12-20,17.125986099243164
2019-12-23,17.10144805908203
2019-12-24,16.561660766601562
2019-12-26,17.273202896118164
2019-12-27,17.6167049407959
2019-12-30,17.3958797454834
2019-12-31,18.009275436401367
2020-01-01,17.960205078125
2020-01-02,17.984739303588867
2020-01-03,17.812990188598633
2020-01-06,16.537126541137695
2020-01-07,16.635271072387695
2020-01-08,19.088848114013672
2020-01-09,19.21152877807617
2020-01-10,18.84349250793457
2020-01-13,18.89256477355957
2020-01-14,19.137924194335938
2020-01-15,19.996675491333008
2020-01-16,20.65913963317871
2020-01-17,21.02717399597168
2020-01-20,20.094820022583008
2020-01-21,18.2791690826416
2020-01-22,18.573596954345703
2020-01-23,19.064313888549805
2020-01-24,19.432350158691406
2020-01-27,19.26059913635254
2020-01-28,18.818958282470703
2020-01-29,18.647205352783203
2020-01-30,18.3282413482666
2020-01-31,19.65317153930664
2020-02-03,18.573596954345703
2020-02-04,18.794422149658203
2020-02-05,18.84349250793457
2020-02-06,18.377315521240234
2020-02-07,18.181028366088867
2020-02-10,17.960205078125
2020-02-11,17.24866485595703
2020-02-12,17.56763458251953
2020-02-13,16.929698944091797
2020-02-14,16.488054275512695
2020-02-17,15.972803115844728
2020-02-18,15.94826889038086
2020-02-19,16.24269676208496
2020-02-20,16.070947647094727
2020-02-24,15.408479690551758
2020-02-25,15.089515686035156
2020-02-26,14.353440284729004
2020-02-27,14.230761528015137
2020-02-28,14.034475326538086
2020-03-02,13.690975189208984
2020-03-03,14.009939193725586
2020-03-04,13.641901969909668
2020-03-05,13.764580726623535
2020-03-06,13.5682954788208
2020-03-09,12.93036651611328
2020-03-11,12.93036651611328
2020-03-12,11.973467826843262
2020-03-13,11.728111267089844
2020-03-16,11.114715576171877
2020-03-17,11.360072135925291
2020-03-18,9.838854789733888
2020-03-19,9.519889831542969
2020-03-20,9.986069679260254
2020-03-23,8.587529182434082
2020-03-24,8.391242980957031
2020-03-25,8.440313339233398
2020-03-26,8.931031227111816
2020-03-27,9.200923919677734
2020-03-30,9.029172897338867
2020-03-31,9.299068450927734
2020-04-01,9.740711212158203
2020-04-03,9.740711212158203
2020-04-07,9.176389694213867
2020-04-08,9.495354652404783
2020-04-09,9.69163990020752
2020-04-13,9.519889831542969
2020-04-15,9.887925148010254
2020-04-16,10.746678352355955
2020-04-17,11.21285915374756
2020-04-20,11.62996768951416
2020-04-21,11.041110038757324
2020-04-22,10.771215438842772
2020-04-23,10.67307186126709
2020-04-24,10.40317726135254
2020-04-27,10.45224952697754
2020-04-28,10.501319885253906
2020-04-29,10.476784706115724
2020-04-30,10.697606086730955
2020-05-04,10.206890106201172
2020-05-05,10.010604858398438
2020-05-06,9.76524829864502
2020-05-07,9.470817565917969
2020-05-08,9.593496322631836
2020-05-11,9.64256763458252
2020-05-12,9.200923919677734
2020-05-13,9.78978443145752
2020-05-14,9.78978443145752
2020-05-15,9.838854789733888
2020-05-18,9.544424057006836
2020-05-19,9.372675895690918
2020-05-20,9.323602676391602
2020-05-21,9.299068450927734
2020-05-22,9.421746253967283
2020-05-26,9.446282386779783
2020-05-27,9.249994277954102
2020-05-28,9.519889831542969
2020-05-29,9.495354652404783
2020-06-01,10.133283615112305
2020-06-02,10.501319885253906
2020-06-03,10.623998641967772
2020-06-04,10.206890106201172
2020-06-05,11.360072135925291
2020-06-08,11.433680534362791
2020-06-09,10.942965507507324
2020-06-10,10.992035865783691
2020-06-11,11.041110038757324
2020-06-12,11.21285915374756
2020-06-15,11.09017848968506
2020-06-16,11.482751846313477
2020-06-17,11.752646446228027
2020-06-18,14.083547592163086
2020-06-19,13.347474098205566
2020-06-22,13.102116584777832
2020-06-23,13.273865699768066
2020-06-24,12.635934829711914
2020-06-25,12.709543228149414
2020-06-26,12.905827522277832
2020-06-29,13.445616722106934
2020-06-30,12.807686805725098
2020-07-01,12.488720893859863
2020-07-02,12.43964958190918
2020-07-03,12.267897605895996
2020-07-06,13.690975189208984
2020-07-07,14.42704963684082
2020-07-08,13.740046501159668
2020-07-09,13.5682954788208
2020-07-10,13.200258255004885
2020-07-13,13.028507232666016
2020-07-14,12.66047191619873
2020-07-15,12.586864471435549
2020-07-16,12.43964958190918
2020-07-17,12.734079360961914
2020-07-20,12.807686805725098
2020-07-21,12.758614540100098
2020-07-22,12.415114402770996
2020-07-23,12.562328338623049
2020-07-24,12.341506004333496
2020-07-27,11.973467826843262
2020-07-28,12.145218849182127
2020-07-29,13.249330520629885
2020-07-30,12.734079360961914
2020-07-31,12.096146583557127
2020-08-03,12.022540092468262
2020-08-04,12.537792205810549
2020-08-05,12.61139965057373
2020-08-06,12.488720893859863
2020-08-07,13.053045272827148
2020-08-10,13.028507232666016
2020-08-11,13.053045272827148
2020-08-12,12.954901695251465
2020-08-13,13.151185989379885
2020-08-14,13.470152854919434
2020-08-17,13.641901969909668
2020-08-18,14.13261890411377
2020-08-19,15.383944511413574
2020-08-20,15.506622314453123
2020-08-21,15.261263847351074
2020-08-24,15.751980781555176
2020-08-25,15.187658309936523
2020-08-26,16.463520050048828
2020-08-27,16.488054275512695
2020-08-28,16.02187728881836
2020-08-31,14.672405242919922
2020-09-01,14.623333930969238
2020-09-02,14.819621086120604
2020-09-03,14.868692398071287
2020-09-04,14.672405242919922
2020-09-07,14.206228256225586
2020-09-08,14.059011459350586
2020-09-09,13.911797523498535
2020-09-10,13.715509414672852
2020-09-11,13.6173677444458
2020-09-14,14.034475326538086
2020-09-15,14.181690216064451
2020-09-16,13.6173677444458
2020-09-17,14.476119995117188
2020-09-18,14.13261890411377
2020-09-21,12.85675811767578
2020-09-22,12.43964958190918
2020-09-23,12.807686805725098
2020-09-24,12.243362426757812
2020-09-25,12.734079360961914
2020-09-28,12.905827522277832
2020-09-29,12.464184761047363
2020-09-30,12.513257026672363
2020-10-01,12.292433738708496
2020-10-05,12.39057731628418
2020-10-06,12.169754028320312
2020-10-07,12.145218849182127
2020-10-08,12.096146583557127
2020-10-09,11.948931694030762
2020-10-12,11.58089542388916
2020-10-13,11.40914535522461
2020-10-14,11.531825065612791
2020-10-15,11.09017848968506
2020-10-16,11.18832302093506
2020-10-19,11.45821762084961
2020-10-20,11.899860382080078
2020-10-21,11.752646446228027
2020-10-22,11.58089542388916
2020-10-23,11.679038047790527
2020-10-26,11.286465644836426
2020-10-27,11.065643310546877
2020-10-28,11.114715576171877
2020-10-29,11.016571998596191
2020-10-30,11.09017848968506
2020-11-02,10.992035865783691
2020-11-03,10.967500686645508
2020-11-04,10.79574966430664
2020-11-05,11.507288932800291
2020-11-06,13.1757230758667
2020-11-09,12.562328338623049
2020-11-10,12.954901695251465
2020-11-11,12.807686805725098
2020-11-12,13.347474098205566
2020-11-13,13.151185989379885
2020-11-14,13.372008323669434
2020-11-17,14.25529670715332
2020-11-18,15.310338020324709
2020-11-19,15.58023166656494
2020-11-20,15.77651596069336
2020-11-23,16.169090270996094
2020-11-24,17.027843475341797
2020-11-25,16.488054275512695
2020-11-26,16.635271072387695
2020-11-27,17.5921688079834
2020-12-01,20.16842460632324
2020-12-02,20.16842460632324
2020-12-03,19.186992645263672
2020-12-04,19.334213256835938
2020-12-07,19.30967330932617
2020-12-08,19.039779663085938
2020-12-09,18.720815658569336
2020-12-10,18.107419967651367
2020-12-11,19.162458419799805
2020-12-14,18.67173957824707
2020-12-15,18.818958282470703
2020-12-16,18.647205352783203
2020-12-17,18.52452850341797
2020-12-18,18.426382064819336
2020-12-21,16.782485961914062
2020-12-22,17.2241268157959
2020-12-23,17.862062454223633
2020-12-24,18.35277938842773
2020-12-28,18.69627571105957
2020-12-29,20.92903518676757
2020-12-30,20.413780212402344
2020-12-31,20.90449905395508
2021-01-01,20.75728416442871
2021-01-04,23.84879493713379
2021-01-05,27.40648460388184
2021-01-06,26.007946014404297
2021-01-07,25.9343376159668
2021-01-08,24.584867477416992
2021-01-11,24.118688583374023
2021-01-12,23.897863388061523
2021-01-13,23.84879493713379
2021-01-14,23.79972076416016
2021-01-15,23.28447151184082
2021-01-18,22.155824661254883
2021-01-19,24.31497383117676
2021-01-20,23.35807609558105
2021-01-21,23.79972076416016
2021-01-22,23.55436515808105
2021-01-25,22.64653968811035
2021-01-27,22.84282493591309
2021-01-28,23.13725471496582
2021-01-29,22.47479057312012
2021-02-01,22.76921844482422
2021-02-02,23.063650131225582
2021-02-03,23.897863388061523
2021-02-04,24.24136734008789
2021-02-05,23.627973556518555
2021-02-08,24.16775894165039
2021-02-09,25.688980102539062
2021-02-10,25.0510482788086
2021-02-11,28.28977394104004
2021-02-12,27.45555877685547
2021-02-15,27.25926971435547
2021-02-16,26.547731399536133
2021-02-17,26.1796932220459
2021-02-18,26.7930908203125
2021-02-19,26.007946014404297
2021-02-22,25.3454818725586
2021-02-23,25.173728942871094
2021-02-24,27.087522506713867
2021-02-25,29.09945297241211
2021-02-26,27.970808029174805
2021-03-01,27.1365909576416
2021-03-02,26.91576766967773
2021-03-03,26.891233444213867
2021-03-04,27.185665130615234
2021-03-05,28.338844299316406
2021-03-08,29.123987197875977
2021-03-09,30.44892120361328
2021-03-10,31.160463333129883
2021-03-12,33.19693374633789
2021-03-15,32.19096374511719
2021-03-16,33.785789489746094
2021-03-17,31.45488739013672
2021-03-18,28.51059341430664
2021-03-19,29.982742309570312
2021-03-22,29.22213363647461
2021-03-23,29.050382614135746
2021-03-24,29.39388656616211
2021-03-25,29.590171813964844
2021-03-26,31.356748580932617
2021-03-30,31.47942543029785
2021-03-31,31.160463333129883
2021-04-01,33.14786148071289
2021-04-05,32.14189529418945
2021-04-06,32.14189529418945
2021-04-07,33.27054214477539
2021-04-08,33.834861755371094
2021-04-09,34.963504791259766
2021-04-12,30.91510391235352
2021-04-13,31.74932098388672
2021-04-15,31.356748580932617
2021-04-16,31.258604049682617
2021-04-19,34.17836380004883
2021-04-20,36.92637634277344
2021-04-22,39.993350982666016
2021-04-23,41.19560241699219
2021-04-26,40.26324462890625
2021-04-27,40.48406219482422
2021-04-28,47.40316009521485
2021-04-29,44.90050506591797
2021-04-30,45.0722541809082
2021-05-03,47.52583694458008
2021-05-04,44.238040924072266
2021-05-05,46.102760314941406
2021-05-06,45.1458625793457
2021-05-07,44.8023681640625
2021-05-10,44.875972747802734
2021-05-11,44.36071395874024
2021-05-12,43.10939407348633
2021-05-14,41.833534240722656
2021-05-17,45.0722541809082
2021-05-18,44.4833984375
2021-05-19,43.25661087036133
2021-05-20,44.8023681640625
2021-05-21,43.87000274658203
2021-05-24,49.366024017333984
2021-05-25,52.015892028808594
2021-05-26,51.451568603515625
2021-05-27,50.81363677978516
2021-05-28,54.81296920776367
2021-05-31,57.659122467041016
2021-06-01,55.74533081054688
2021-06-02,58.93498229980469
2021-06-03,60.82423782348633
2021-06-04,61.0450553894043
2021-06-07,59.20487594604492
2021-06-08,59.891876220703125
2021-06-09,60.77516555786133
2021-06-10,61.6584587097168
2021-06-11,60.67702102661133
2021-06-14,59.42569351196289
2021-06-15,62.688961029052734
2021-06-16,66.32025909423828
2021-06-17,63.96482467651367
2021-06-18,68.43032836914062
2021-06-21,67.62065124511719
2021-06-22,65.73139953613281
2021-06-23,65.06893157958984
2021-06-24,64.57820892333984
2021-06-25,67.22808074951172
2021-06-28,69.09281158447266
2021-06-29,67.76786804199219
2021-06-30,67.12994384765625
2021-07-01,67.69425964355469
2021-07-02,69.5835189819336
2021-07-05,68.33219909667969
2021-07-06,65.24066925048828
2021-07-07,65.11799621582031
2021-07-08,63.915748596191406
2021-07-09,64.99532318115234
2021-07-12,64.70088958740234
2021-07-13,61.3394889831543
2021-07-14,63.8176155090332
2021-07-15,66.02583312988281
2021-07-16,69.5835189819336
2021-07-19,67.91509246826172
2021-07-20,71.71812438964844
2021-07-22,71.57051086425781
2021-07-23,69.06100463867188
2021-07-26,69.70067596435547
2021-07-27,67.7816390991211
2021-07-28,68.24909973144531
2021-07-29,68.86416625976562
2021-07-30,67.85543823242188
2021-08-02,71.59512329101562
2021-08-03,74.27687072753906
2021-08-04,71.02925109863281
2021-08-05,75.21177673339844
2021-08-06,71.42289733886719
2021-08-09,73.78479766845703
2021-08-10,72.50543975830078
2021-08-11,71.10305786132812
2021-08-12,74.4490737915039
2021-08-13,79.6649398803711
2021-08-16,87.95620727539062
2021-08-17,86.89826202392578
2021-08-18,84.31492614746094
2021-08-20,80.20622253417969
2021-08-23,74.15383911132812
2021-08-24,79.02527618408203
2021-08-25,78.9268569946289
2021-08-26,80.99351501464844
2021-08-27,80.30463409423828
2021-08-30,80.20622253417969
2021-08-31,80.9443130493164
2021-09-01,84.01969146728516
2021-09-02,83.99510192871094
2021-09-03,83.47843170166016
2021-09-06,82.78955078125
2021-09-07,83.52764129638672
2021-09-08,88.76811218261719
2021-09-09,87.43953704833984
2021-09-13,86.87366485595703
2021-09-14,86.62763977050781
2021-09-15,85.22525024414062
2021-09-16,87.53795623779297
2021-09-17,85.39746856689453
2021-09-20,82.39588928222656
2021-09-21,81.60859680175781
2021-09-22,82.42050170898438
2021-09-23,84.73318481445312
2021-09-24,83.52764129638672
2021-09-27,82.14985656738281
2021-09-28,81.70701599121094
2021-09-29,80.89509582519531
2021-09-30,82.4697036743164
2021-10-01,82.83875274658203
2021-10-04,82.1744613647461
2021-10-05,81.95303344726562
2021-10-06,84.06890106201172
2021-10-07,84.70858764648438
2021-10-08,84.8070068359375
2021-10-11,84.01969146728516
2021-10-12,82.32209014892578
2021-10-13,81.51018524169922
2021-10-14,81.75621032714844
2021-10-18,81.53478240966797
2021-10-19,77.54907989501953
2021-10-20,75.28560638427734
2021-10-21,75.80226135253906
2021-10-22,75.23637390136719
2021-10-25,70.85702514648438
2021-10-26,77.42606353759766
2021-10-27,77.9427261352539
2021-10-28,75.72845458984375
2021-10-29,84.4379653930664
2021-11-01,80.87049865722656
2021-11-02,80.32923889160156
2021-11-03,82.2482681274414
2021-11-04,82.91255950927734
2021-11-08,83.13399505615234
2021-11-09,83.55223846435547
2021-11-10,83.42923736572266
2021-11-11,85.3482666015625
2021-11-12,85.29906463623047
2021-11-15,83.97048950195312
2021-11-16,83.87207794189453
2021-11-17,84.16731262207031
2021-11-18,89.62921905517578
2021-11-22,95.09111785888672
2021-11-23,94.42682647705078
2021-11-24,91.20382690429688
2021-11-25,104.31729888916016
2021-11-26,101.8323745727539
2021-11-29,102.201416015625
2021-11-30,101.8323745727539
2021-12-01,101.46332550048828
2021-12-02,99.44586944580078
2021-12-03,99.66729736328124
2021-12-06,95.21412658691406
2021-12-07,95.9276123046875
2021-12-08,97.77284240722656
2021-12-09,101.1680908203125
2021-12-10,101.02047729492188
2021-12-13,98.78157806396484
2021-12-14,97.32999420166016
2021-12-15,95.58317565917967
2021-12-16,92.53237915039062
2021-12-17,88.34986114501953
2021-12-20,84.8070068359375
2021-12-21,83.87207794189453
2021-12-22,85.3482666015625
2021-12-23,86.01255798339844
2021-12-24,83.67525482177734
2021-12-27,82.37128448486328
2021-12-28,94.69745635986328
2021-12-29,92.06492614746094
2021-12-30,92.75381469726562
2021-12-31,90.6871566772461
2022-01-03,94.27920532226562
2022-01-04,92.90143585205078
2022-01-05,97.15777587890624
2022-01-06,94.1069793701172
2022-01-07,92.55699920654295
2022-01-10,92.75381469726562
2022-01-11,98.68317413330078
2022-01-12,97.10856628417967
2022-01-13,101.5371322631836
2022-01-14,100.35619354248048
2022-01-17,101.6109390258789
2022-01-18,96.93634033203124
2022-01-19,95.68158721923828
2022-01-20,95.8292007446289
2022-01-21,95.38636016845705
2022-01-24,85.96334838867188
2022-01-25,86.18477630615234
2022-01-27,86.23399353027344
2022-01-28,87.4887466430664
2022-01-31,87.68557739257812
2022-02-01,84.65938568115234
2022-02-02,87.04588317871094
2022-02-03,86.75064849853516
2022-02-04,85.69270324707031
2022-02-07,85.20064544677734
2022-02-08,82.54350280761719
2022-02-09,80.4276351928711
2022-02-10,82.9617691040039
2022-02-11,79.88638305664062
2022-02-14,74.0062255859375
2022-02-15,77.57368469238281
2022-02-16,75.35940551757812
2022-02-17,74.12924194335938
2022-02-18,73.3911361694336
2022-02-21,73.07129669189453
2022-02-22,70.43876647949219
2022-02-23,72.53003692626953
2022-02-24,64.5586166381836
2022-02-25,69.30704498291016
2022-02-28,73.02208709716797
2022-03-02,72.97289276123047
2022-03-03,73.14510345458984
2022-03-04,70.43876647949219
2022-03-07,70.16814422607422
2022-03-08,72.53003692626953
2022-03-09,74.27687072753906
2022-03-10,75.13796997070312
2022-03-11,77.9427261352539
2022-03-14,78.31177520751953
2022-03-15,75.60542297363281
2022-03-16,76.56495666503906
2022-03-17,78.1641616821289
2022-03-21,75.18717956542969
2022-03-22,74.08003997802734
2022-03-23,74.20304870605469
2022-03-24,72.18559265136719
2022-03-25,70.83242797851562
2022-03-28,69.28243255615234
2022-03-29,69.43004608154297
2022-03-30,71.3244857788086
2022-03-31,70.75862121582031
2022-04-01,76.36813354492188
2022-04-04,84.46255493164062
2022-04-05,87.41492462158203
2022-04-06,88.20223999023438
2022-04-07,85.39746856689453
2022-04-08,85.88953399658203
2022-04-11,91.22842407226562
2022-04-12,92.31096649169922
2022-04-13,92.80301666259766
2022-04-18,95.53396606445312
2022-04-19,94.00857543945312
2022-04-20,92.26175689697266
2022-04-21,93.7379379272461
2022-04-22,91.72047424316406
2022-04-25,92.97523498535156
2022-04-26,91.8927001953125
2022-04-27,89.03874206542969
2022-04-28,88.96493530273438
2022-04-29,92.60619354248048
2022-05-02,91.54826354980467
2022-05-04,89.45700073242188
2022-05-05,84.85620880126953
2022-05-06,85.1268310546875
2022-05-09,83.2323989868164
2022-05-10,82.4697036743164
2022-05-11,87.1935043334961
2022-05-12,89.16175842285156
2022-05-13,90.83478546142578
2022-05-16,91.1792221069336
2022-05-17,95.18952178955078
2022-05-18,97.40380096435548
2022-05-19,93.86095428466795
2022-05-20,100.70063018798828
2022-05-23,97.40380096435548
2022-05-24,96.9855499267578
2022-05-25,94.4760284423828
2022-05-26,93.68873596191406
2022-05-27,94.5006332397461
2022-05-30,97.945068359375
2022-05-31,96.73951721191406
2022-06-01,99.83951568603516
2022-06-02,112.8053741455078
2022-06-03,113.32203674316406
2022-06-06,123.3109130859375
2022-06-07,128.7974090576172
2022-06-08,123.28630065917967
2022-06-09,124.37493133544922
2022-06-10,123.33578491210938
2022-06-13,121.3069839477539
2022-06-14,117.3978500366211
2022-06-15,126.3294906616211
2022-06-16,121.15853881835938
2022-06-17,128.4077606201172
2022-06-20,121.3069839477539
2022-06-21,128.30877685546875
2022-06-22,133.43026733398438
2022-06-23,137.2404327392578
2022-06-24,133.15809631347656
2022-06-27,129.37269592285156
2022-06-28,133.0839080810547
2022-06-29,129.9169921875
2022-06-30,129.22422790527344
2022-07-01,129.22422790527344
2022-07-04,130.70872497558594
2022-07-05,134.34568786621094
2022-07-06,144.0195770263672
2022-07-07,147.35964965820312
2022-07-08,145.7267303466797
2022-07-11,157.577880859375
2022-07-12,159.18605041503906
2022-07-13,152.9017333984375
2022-07-14,150.8482208251953
2022-07-15,153.4955291748047
2022-07-18,158.14691162109375
2022-07-19,163.96115112304688
2022-07-20,164.0848388671875
2022-07-21,155.2769012451172
2022-07-22,163.24362182617188
2022-07-25,186.79742431640625
2022-07-26,183.16043090820312
2022-07-27,183.80374145507807
2022-07-28,179.3502655029297
2022-07-29,179.22657775878906
2022-08-01,174.9957733154297
2022-08-02,175.7627716064453
2022-08-03,167.42495727539062
2022-08-04,170.56707763671875
2022-08-05,169.89906311035156
2022-08-08,173.28863525390625
2022-08-10,172.02682495117188
2022-08-11,170.69078063964844
2022-08-12,168.6372528076172
2022-08-16,169.354736328125
2022-08-17,176.50503540039062
2022-08-18,178.60800170898438
2022-08-19,171.40829467773438
2022-08-22,169.65164184570312
2022-08-23,170.86395263671875
2022-08-24,174.1051025390625
2022-08-25,174.0308837890625
2022-08-26,185.21397399902344
2022-08-29,181.35430908203125
2022-08-30,185.7335357666016
2022-09-01,184.0511474609375
2022-09-02,179.74612426757812
2022-09-05,178.60800170898438
2022-09-06,182.5914001464844
2022-09-07,185.2387237548828
2022-09-08,186.12940979003903
2022-09-09,186.1046600341797
2022-09-12,183.8284606933593
2022-09-13,187.9355316162109
2022-09-14,194.83837890625
2022-09-15,192.7106170654297
2022-09-16,190.97872924804688
2022-09-19,191.00344848632807
2022-09-20,190.28594970703125
2022-09-21,186.12940979003903
2022-09-22,181.92335510253903
2022-09-23,173.1154327392578
2022-09-26,162.3529510498047
2022-09-27,163.1199188232422
2022-09-28,163.21888732910156
2022-09-29,165.1239776611328
2022-09-30,169.1815643310547
2022-10-03,164.80233764648438
2022-10-04,167.9939727783203
2022-10-06,165.98995971679688
2022-10-07,167.89500427246094
2022-10-10,166.70741271972656
2022-10-11,163.98585510253906
2022-10-12,164.67861938476562
2022-10-13,163.78793334960938
2022-10-14,163.26837158203125
2022-10-17,165.91571044921875
2022-10-18,176.99984741210938
2022-10-19,178.03897094726562
2022-10-20,184.49647521972656
2022-10-21,179.69662475585938
2022-10-24,182.4676818847656
2022-10-25,183.1851959228516
2022-10-27,181.6512145996093
2022-10-28,184.2985382080078
2022-10-31,186.5995178222656
2022-11-01,182.1707763671875
2022-11-02,183.87794494628903
2022-11-03,197.93104553222656
2022-11-04,196.99087524414065
2022-11-07,206.31837463378903
2022-11-09,215.3737335205078
2022-11-10,220.247787475586
2022-11-11,221.5837860107422
2022-11-14,223.9094696044922
2022-11-15,219.6044921875
2022-11-16,220.1488037109375
2022-11-17,217.84786987304688
2022-11-18,211.24191284179688
2022-11-21,210.25225830078125
2022-11-22,211.7862091064453
2022-11-23,221.11373901367188
2022-11-24,223.8105010986328
2022-11-25,225.8145904541016
2022-11-28,220.470443725586
2022-11-29,217.13034057617188
2022-11-30,227.0763702392578
2022-12-01,230.1690673828125
2022-12-02,223.0930328369141
2022-12-05,222.870361328125
2022-12-06,218.3921813964844
2022-12-07,212.99856567382807
2022-12-08,211.6377716064453
2022-12-09,208.37193298339844
2022-12-12,204.710205078125
2022-12-13,214.012939453125
2022-12-14,213.12225341796875
2022-12-15,210.92027282714844
2022-12-16,209.4358062744141
2022-12-19,205.947265625
2022-12-20,211.7120056152344
2022-12-21,201.1721649169922
2022-12-22,192.26524353027344
2022-12-23,172.24951171875
2022-12-26,176.6534423828125
2022-12-27,184.7191467285156
2022-12-28,183.0614776611328
2022-12-29,180.04302978515625
2022-12-30,180.4141540527344
2023-01-02,187.0448455810547
2023-01-03,184.6449279785156
2023-01-04,179.69662475585938
2023-01-05,178.65748596191406
2023-01-06,177.51939392089844
2023-01-09,184.0264129638672
2023-01-10,183.4326019287109
2023-01-11,185.8572540283203
2023-01-12,190.40966796875
2023-01-13,194.1208648681641
2023-01-16,194.2940673828125
2023-01-17,192.0178375244141
2023-01-18,190.97872924804688
2023-01-19,190.6570739746093
2023-01-20,186.921127319336
2023-01-23,192.5126800537109
2023-01-24,190.31069946289065
2023-01-25,192.1910400390625
2023-01-27,188.1829376220703
2023-01-30,183.2099151611328
2023-01-31,191.3003692626953
2023-02-01,184.9418334960937
2023-02-02,186.69845581054688
2023-02-03,186.82215881347656
2023-02-06,187.6881103515625
2023-02-07,187.3417358398437
2023-02-08,186.9706268310547
2023-02-09,186.69845581054688
2023-02-10,190.0138092041016
2023-02-13,181.5769958496093
2023-02-14,182.4676818847656
2023-02-15,186.40158081054688
2023-02-16,188.875717163086
2023-02-17,205.8235626220703
2023-02-20,207.2585601806641
2023-02-21,209.3120880126953
2023-02-22,202.607162475586
2023-02-23,203.67105102539065
2023-02-24,201.86492919921875
2023-02-27,187.9355316162109
2023-02-28,195.13525390625
2023-03-01,194.9620819091797
2023-03-02,187.71286010742188
2023-03-03,191.00344848632807
2023-03-06,190.80552673339844
2023-03-08,193.1807098388672
2023-03-09,197.9805145263672
2023-03-10,196.99087524414065
2023-03-13,188.20770263671875
2023-03-14,190.0138092041016
2023-03-15,188.7519989013672
2023-03-16,190.5086364746093
2023-03-17,191.2508850097656
2023-03-20,188.9499053955078
2023-03-21,189.2715606689453
2023-03-22,189.5437164306641
2023-03-23,190.6570739746093
2023-03-24,187.21804809570312
2023-03-27,180.5131225585937
2023-03-28,182.5419158935547
2023-03-29,187.21804809570312
2023-03-31,189.09835815429688
2023-04-03,193.7250213623047
2023-04-05,196.7681884765625
2023-04-06,199.39077758789065
2023-04-10,197.6094207763672
2023-04-11,214.1119079589844
2023-04-12,214.5077667236328
2023-04-13,222.647689819336
2023-04-17,219.1838836669922
2023-04-18,215.86854553222656
2023-04-19,219.9261474609375
2023-04-20,221.75701904296875
2023-04-21,220.0745849609375
2023-04-24,227.521728515625
2023-04-25,208.39666748046875
2023-04-26,207.7533721923828
2023-04-27,211.56353759765625
2023-04-28,214.82940673828125
2023-05-02,213.9634552001953
2023-05-03,213.0232849121093
2023-05-04,217.5509796142578
2023-05-05,219.82716369628903
2023-05-08,222.00440979003903
2023-05-09,218.6148376464844
2023-05-10,216.2396545410156
2023-05-11,225.6908721923828
2023-05-12,249.59103393554688
2023-05-15,256.716552734375
2023-05-16,264.1142272949219
2023-05-17,266.5636291503906
2023-05-18,273.3427429199219
2023-05-19,278.6374206542969
2023-05-22,273.8128662109375
2023-05-23,275.64373779296875
2023-05-24,276.7076110839844
2023-05-25,293.18536376953125
2023-05-26,287.4206237792969
2023-05-29,266.8852844238281
2023-05-30,259.5123291015625
2023-05-31,261.6648254394531
2023-06-01,268.71612548828125
2023-06-02,265.9945678710937
2023-06-05,273.4912414550781
2023-06-06,272.5015563964844
2023-06-07,277.845703125
2023-06-08,279.4538879394531
2023-06-09,280.5960388183594
2023-06-12,282.03619384765625
2023-06-13,285.6612548828125
2023-06-14,285.6860656738281
2023-06-15,289.509765625
2023-06-16,288.764892578125
2023-06-19,292.1913757324219
2023-06-20,291.3720092773437
2023-06-21,282.58233642578125
2023-06-22,279.2552490234375
2023-06-23,273.9914245605469
2023-06-26,272.79962158203125
2023-06-27,292.56378173828125
2023-06-28,285.26397705078125
2023-06-30,290.18017578125
2023-07-03,310.0436096191406
2023-07-04,305.1522521972656
2023-07-05,316.30059814453125
2023-07-06,317.51727294921875
2023-07-07,319.478759765625
2023-07-10,314.4880676269531
2023-07-11,358.5848693847656
2023-07-12,362.4334716796875
2023-07-13,356.6233825683594
2023-07-14,358.4111328125
2023-07-17,361.0926818847656
2023-07-18,358.4359130859375
2023-07-19,374.7239685058594
2023-07-20,367.1013793945313
2023-07-21,366.3813171386719
2023-07-24,364.8667297363281
2023-07-25,372.6134948730469
2023-07-26,375.270263671875
2023-07-27,372.8121337890625
2023-07-28,364.6184387207031
2023-07-31,376.2136840820313
2023-08-01,388.62835693359375
2023-08-02,393.9915466308594
2023-08-03,406.72894287109375
2023-08-04,396.7971801757813
2023-08-07,396.10205078125
2023-08-08,385.9219970703125
2023-08-09,393.4700622558594
2023-08-10,393.1969909667969
2023-08-11,415.1212768554688
2023-08-14,412.4893798828125
2023-08-16,411.2975463867188
2023-08-17,405.7605895996094
2023-08-18,412.2658996582031
2023-08-21,419.2677307128906
2023-08-22,422.0486450195313
2023-08-23,421.3782348632813
2023-08-24,421.5520935058594
2023-08-25,421.85003662109375
2023-08-28,420.5340576171875
2023-08-29,421.2541198730469
2023-08-30,424.0101013183594
2023-08-31,438.4856567382813
2023-09-01,447.1510925292969
2023-09-04,461.3782653808594
2023-09-05,469.77056884765625
2023-09-06,448.3180541992188
2023-09-07,439.0070495605469
2023-09-08,422.84320068359375
2023-09-11,401.58929443359375
2023-09-12,393.2466430664063
2023-09-13,389.0008239746094
2023-09-14,388.3552551269531
2023-09-15,378.0262451171875
2023-09-18,369.8078002929688
2023-09-20,362.6817321777344
2023-09-21,350.1429443359375
2023-09-22,357.1696472167969
2023-09-25,376.6358337402344
2023-09-26,364.24603271484375
2023-09-27,378.5476684570313
2023-09-28,382.1727600097656
2023-09-29,384.0349426269531
2023-10-03,394.0659790039063
2023-10-04,396.8220825195313
2023-10-05,395.92822265625
2023-10-06,383.1659240722656
2023-10-09,378.7214965820313
2023-10-10,388.8766479492188
2023-10-11,398.2869873046875
2023-10-12,410.9002990722656
2023-10-13,415.915771484375
2023-10-16,403.6749877929688
2023-10-17,403.25286865234375
2023-10-18,393.7184143066406
2023-10-19,390.7885437011719
2023-10-20,400.8195495605469
2023-10-23,386.046142578125
2023-10-25,371.4216918945313
2023-10-26,384.7550048828125
2023-10-27,392.2534790039063
2023-10-30,399.8264465332031
2023-10-31,419.6399841308594
2023-11-01,431.1502685546875
2023-11-02,437.3404235839844
2023-11-03,439.9010314941406
2023-11-06,458.8444519042969
2023-11-07,448.4032287597656
2023-11-08,435.525634765625
2023-11-09,448.05517578125
2023-11-10,450.09368896484375
2023-11-13,448.502685546875
2023-11-15,442.80963134765625
2023-11-16,434.382080078125
2023-11-17,440.9202880859375
2023-11-20,446.4889526367188
2023-11-21,442.6356506347656
2023-11-22,438.9314575195313
2023-11-23,439.1054992675781
2023-11-24,475.4510803222656
2023-11-28,462.99615478515625
2023-11-29,453.84759521484375
2023-11-30,468.81341552734375
2023-12-01,465.8053283691406
2023-12-04,474.1334838867188
2023-12-05,464.3883056640625
2023-12-06,462.5984191894531
2023-12-07,471.4983215332031
2023-12-08,466.0539245605469
2023-12-11,464.1148681640625
2023-12-12,454.1956176757813
2023-12-13,463.1701354980469
2023-12-14,458.47161865234375
2023-12-15,455.2646179199219
2023-12-18,453.9470520019531
2023-12-19,450.491455078125
2023-12-20,438.26025390625
2023-12-21,442.4865112304688
2023-12-22,444.2515563964844
2023-12-26,467.4958190917969
2023-12-27,466.8743286132813
2023-12-28,466.15338134765625
2023-12-29,460.883056640625
2024-01-01,466.0787963867188
2024-01-02,457.0545654296875
2024-01-03,458.2975463867188
2024-01-04,461.5791015625
2024-01-05,464.8109130859375
2024-01-08,492.9775390625
2024-01-09,499.6649169921875
2024-01-10,498.6456909179688
2024-01-11,504.189453125
2024-01-12,507.4710388183594
2024-01-15,533.7731323242188
2024-01-16,513.7109375
2024-01-17,506.5511779785156
2024-01-18,505.2336120605469
2024-01-19,539.7395629882812
2024-01-23,502.4492492675781
2024-01-24,526.5885009765625
2024-01-25,515.2025146484375
2024-01-29,529.1491088867188
2024-01-30,539.8638916015625
2024-01-31,547.2224731445312
2024-02-01,531.9334106445312
2024-02-02,530.6655883789062
2024-02-05,530.9390258789062
2024-02-06,521.0695190429688
2024-02-07,525.4698486328125
2024-02-08,518.35986328125
2024-02-09,504.2392272949219
2024-02-12,489.8202819824219
2024-02-13,500.1372375488281
2024-02-14,516.29638671875
2024-02-15,510.3548278808594
2024-02-16,507.2472839355469
2024-02-19,518.7823486328125
2024-02-20,507.9184875488281
2024-02-21,496.9054260253906
2024-02-22,495.86126708984375
2024-02-23,506.6009216308594
2024-02-26,496.8308715820313
2024-02-27,472.84075927734375
2024-02-28,466.77490234375
2024-02-29,498.2727355957031
2024-03-01,492.1820373535156
2024-03-04,492.7537536621094
2024-03-05,488.10491943359375
2024-03-06,468.6642456054688
2024-03-07,478.4840393066406
2024-03-11,468.7885437011719
2024-03-12,432.6915588378906
2024-03-13,402.6355590820313
2024-03-14,419.6399841308594
2024-03-15,434.0340576171875
2024-03-18,421.8525390625
2024-03-19,417.2036437988281
2024-03-20,418.0737609863281
2024-03-21,442.4118957519531
2024-03-22,457.5517272949219
2024-03-26,468.9874267578125
2024-03-27,477.3901977539063
2024-03-28,471.7220458984375
2024-04-01,486.0415344238281
2024-04-02,483.77923583984375
2024-04-03,486.1409912109375
2024-04-04,488.9004211425781
2024-04-05,499.8140563964844
2024-04-08,509.03717041015625
2024-04-09,497.85009765625
2024-04-10,496.68170166015625
2024-04-12,483.2820434570313
2024-04-15,491.3616333007813
2024-04-16,504.3634643554688
2024-04-18,527.5331420898438
2024-04-19,579.8638916015625
2024-04-22,574.6183471679688
2024-04-23,560.0751342773438
2024-04-24,571.0385131835938
2024-04-25,567.8067016601562
2024-04-26,559.9508666992188
2024-04-29,576.1348876953125
2024-04-30,564.0030517578125
2024-05-02,566.265380859375
2024-05-03,545.6561889648438
2024-05-06,526.8619995117188
2024-05-07,518.0614013671875
2024-05-08,530.0938110351562
2024-05-09,501.8277587890625
2024-05-10,495.4386596679688
2024-05-13,500.98248291015625
2024-05-14,544.3386840820312
2024-05-15,545.805419921875
2024-05-16,569.0746459960938
2024-05-17,568.3536987304688
2024-05-21,567.533203125
2024-05-22,568.8259887695312
2024-05-23,568.0303955078125
2024-05-24,569.745849609375
2024-05-27,578.5462036132812
2024-05-28,566.538818359375
2024-05-29,552.6917114257812
2024-05-30,544.4132080078125
2024-05-31,551.44873046875
2024-06-03,572.0079956054688
2024-06-04,512.2938232421875
2024-06-05,499.1428833007813
2024-06-06,520.199462890625
2024-06-07,548.689208984375
2024-06-10,574.6680908203125
2024-06-11,585.4822998046875
2024-06-12,665.45751953125
2024-06-13,655.1405639648438
2024-06-14,658.1282348632812
2024-06-18,647.571533203125
2024-06-19,648.6421508789062
2024-06-20,648.3433227539062
2024-06-21,651.5054321289062
2024-06-24,654.56787109375
2024-06-25,663.5808715820312
2024-06-26,663.9793090820312
2024-06-27,659.4478759765625
2024-06-28,658.3523559570312
2024-07-01,661.364990234375
2024-07-02,670.5773315429688
2024-07-03,665.4482421875
2024-07-04,670.3531494140625
2024-07-05,685.5408935546875
2024-07-08,642.5670776367188
2024-07-09,643.8367919921875
2024-07-10,629.74462890625
2024-07-11,643.6127319335938
2024-07-12,641.1478271484375
2024-07-15,658.1033325195312
2024-07-16,650.235595703125
2024-07-18,637.73681640625
2024-07-19,638.3841552734375
2024-07-22,628.325439453125
2024-07-23,627.2298583984375
2024-07-24,612.8388061523438
2024-07-25,601.2363891601562
2024-07-26,624.3417358398438
2024-07-29,637.3882446289062
2024-07-30,629.7694702148438
2024-07-31,627.5286254882812
2024-08-01,633.9025268554688
2024-08-02,605.917236328125
2024-08-05,570.2633056640625
2024-08-06,562.744140625
2024-08-07,591.2772216796875
2024-08-08,586.3971557617188
2024-08-09,579.6249389648438
2024-08-12,593.26904296875
2024-08-13,595.7090454101562
2024-08-14,593.8167724609375
2024-08-16,603.0787963867188
2024-08-19,602.8298950195312
2024-08-20,607.9090576171875
2024-08-21,610.14990234375
2024-08-22,604.5228881835938
2024-08-23,608.456787109375
2024-08-26,607.7098999023438
2024-08-27,614.4821166992188
2024-08-28,613.3367919921875
2024-08-29,612.6396484375
2024-08-30,618.9140014648438
2024-09-02,618.0176391601562
2024-09-03,624.2420654296875
2024-09-04,617.5693969726562
2024-09-05,624.6405029296875
2024-09-06,613.834716796875
2024-09-09,620.1090698242188
2024-09-10,631.0143432617188
2024-09-11,614.7808837890625
2024-09-12,620.1090698242188
2024-09-13,635.4461669921875
2024-09-16,620.0592651367188
2024-09-17,623.7939453125
2024-09-18,628.126220703125
2024-09-19,619.1131591796875
2024-09-20,633.504150390625
2024-09-23,655.1654052734375
2024-09-24,658.9996948242188
2024-09-25,660.8919067382812
2024-09-26,699.4340209960938
2024-09-27,692.4625244140625
2024-09-30,697.1932373046875
2024-10-01,693.60791015625
2024-10-03,687.0347900390625
2024-10-04,673.0421752929688
2024-10-07,622.399658203125
2024-10-08,635.2470092773438
2024-10-09,652.8748168945312
2024-10-10,699.1351928710938
2024-10-11,686.8854370117188
2024-10-14,692.8111572265625
2024-10-15,705.06103515625
2024-10-16,728.2658081054688
2024-10-17,718.505859375
2024-10-18,623.84375
2024-10-21,592.0739135742188
2024-10-22,586.5465698242188
2024-10-23,596.7049560546875
2024-10-24,578.7286376953125
2024-10-25,539.3400268554688
2024-10-28,562.217529296875
2024-10-29,547.015625
2024-10-30,549.3582153320312
2024-10-31,572.8836669921875
2024-11-01,580.3599853515625
2024-11-04,583.151123046875
2024-11-05,578.0672607421875
2024-11-06,608.8197631835938
2024-11-07,591.8236083984375
2024-11-08,569.79345703125
2024-11-11,571.9367065429688
2024-11-12,555.7379760742188
2024-11-13,542.081298828125
2024-11-14,556.73486328125
2024-11-18,546.31787109375
2024-11-19,571.2886962890625
2024-11-21,563.0647583007812
2024-11-22,559.1771240234375
2024-11-25,593.26904296875
2024-11-26,568.5972900390625
2024-11-27,580.8085327148438
2024-11-28,582.2041015625
2024-11-29,582.9019165039062
2024-12-02,586.390869140625
2024-12-03,620.8316040039062
2024-12-04,636.2327880859375
2024-12-05,628.0587158203125
2024-12-06,628.9558715820312
2024-12-09,623.6726684570312
2024-12-10,658.5121459960938
2024-12-11,655.1229248046875
2024-12-12,648.8927001953125
2024-12-13,646.3008422851562
2024-12-16,643.3602905273438
2024-12-17,636.3823852539062
2024-12-18,611.1124267578125
2024-12-19,615.8972778320312
2024-12-20,599.84814453125
2024-12-23,600.4961547851562
2024-12-24,625.5167846679688
2024-12-26,639.671875
2024-12-27,640.31982421875
2024-12-30,627.21142578125
2024-12-31,632.4946899414062
2025-01-01,633.4915161132812
2025-01-02,628.3079223632812
2025-01-03,631.8467407226562
2025-01-06,603.386962890625
2025-01-07,609.7667236328125
2025-01-08,603.8355102539062
2025-01-09,603.386962890625
2025-01-10,593.0697021484375
2025-01-13,549.208740234375
2025-01-14,564.4105224609375
2025-01-15,615.3489990234375
2025-01-16,596.2595825195312
2025-01-17,588.384521484375
2025-01-20,602.3402709960938
2025-01-21,603.6859741210938
2025-01-22,549.0591430664062
2025-01-23,567.10205078125
2025-01-24,542.5299072265625
2025-01-27,524.6366577148438
2025-01-28,517.3597412109375
2025-01-29,516.1136474609375
2025-01-30,518.5060424804688
2025-01-31,530.7174072265625
2025-02-01,527.8265380859375
2025-02-03,478.8318786621094
2025-02-04,493.3857421875
2025-02-05,498.8184814453125
2025-02-06,514.4688720703125
2025-02-07,509.18560791015625
2025-02-10,505.74652099609375
2025-02-11,462.8325805664063
2025-02-12,462.8325805664063
2025-02-13,482.8690490722656
2025-02-14,459.5928649902344
2025-02-17,444.4408874511719
2025-02-18,443.8926086425781
2025-02-19,465.27484130859375
2025-02-20,476.38958740234375
2025-02-21,473.8974914550781
2025-02-24,462.9821166992188
2025-02-25,446.6837768554688
2025-02-27,436.06744384765625
2025-02-28,412.8909301757813
2025-03-03,387.1724548339844
2025-03-04,391.0103149414063
2025-03-05,418.2239990234375
2025-03-06,423.1583862304688
2025-03-07,436.1671142578125
2025-03-10,414.136962890625
2025-03-11,398.5364074707031
2025-03-12,400.5799560546875
2025-03-13,389.8639221191406
2025-03-17,389.6147155761719
2025-03-18,389.6147155761719
2025-03-19,429.8870239257813
2025-03-20,424.3545837402344
2025-03-21,438.5595703125
2025-03-24,455.7051696777344
2025-03-25,435.9677734375
2025-03-26,458.84521484375
2025-03-27,459.5429992675781
2025-03-28,447.7304382324219
2025-04-01,444.5405883789063
2025-04-02,449.62445068359375
2025-04-03,453.6616516113281
2025-04-04,432.8775634765625
2025-04-07,414.2864990234375
2025-04-08,417.07763671875
2025-04-09,413.2398071289063
2025-04-11,434.6718444824219
2025-04-15,461.6861877441406
2025-04-16,462.9821166992188
2025-04-17,468.7637634277344
2025-04-21,494.68157958984375
2025-04-22,510.7306823730469
2025-04-23,524.736328125
2025-04-24,538.5924072265625
2025-04-25,516.1136474609375
2025-04-28,539.3898315429688
2025-04-29,558.4793090820312
2025-04-30,543.1279907226562
2025-05-02,574.8275146484375
2025-05-05,577.0704345703125
2025-05-06,591.723876953125
2025-05-07,614.1527709960938
2025-05-08,615.8474731445312
2025-05-09,620.1338500976562
2025-05-12,641.0674438476562
2025-05-13,666.8358154296875
2025-05-14,653.1292724609375
2025-05-15,677.6514892578125
2025-05-16,661.1537475585938
2025-05-19,672.0691528320312
2025-05-20,653.8270263671875
2025-05-21,678.3991088867188
2025-05-22,674.6111450195312
2025-05-23,678.9972534179688
2025-05-26,671.1719970703125
2025-05-27,683.682373046875
2025-05-28,675.50830078125
2025-05-29,677.0036010742188
2025-05-30,661.9014282226562
2025-06-02,697.68798828125
2025-06-03,687.3706665039062
2025-06-04,703.1705932617188
2025-06-05,690.211669921875
2025-06-06,692.1056518554688
2025-06-09,684.1807250976562
2025-06-10,689.613525390625
2025-06-11,680.1934204101562
2025-06-12,667.384033203125
2025-06-13,669.08251953125
2025-06-16,669.2322998046875
2025-06-17,649.9501342773438
2025-06-18,638.36083984375
2025-06-19,631.267333984375
2025-06-20,632.4163208007812
2025-06-23,635.2137451171875
2025-06-24,626.7215576171875
2025-06-25,638.5106811523438
2025-06-26,625.8224487304688
2025-06-27,652.74755859375
2025-06-30,654.0963134765625
2025-07-01,633.1656494140625
2025-07-02,650.2498168945312
2025-07-03,641.6577758789062
2025-07-04,645.5042114257812
2025-07-07,646.0037841796875
2025-07-08,639.6596069335938
2025-07-09,659.7410888671875
2025-07-10,648.1018676757812
2025-07-11,618.7289428710938
2025-07-14,626.771484375
2025-07-15,623.7742919921875
2025-07-16,606.390380859375
2025-07-17,606.7899780273438
2025-07-18,600.44580078125
2025-07-21,598.8473510742188
2025-07-22,596.7492065429688
2025-07-23,594.2515258789062
2025-07-24,588.257080078125
2025-07-25,576.5178833007812
2025-07-28,563.3800659179688
2025-07-29,577.5169677734375
2025-07-30,578.6160278320312
2025-07-31,569.7241821289062
2025-08-01,563.1303100585938
2025-08-04,572.4216918945312
2025-08-05,572.1719360351562
2025-08-06,561.3818969726562
2025-08-07,552.9896240234375
2025-08-08,540.5510864257812
2025-08-11,541.1005859375
2025-08-12,544.9470825195312
2025-08-13,567.2764282226562
2025-08-14,551.9905395507812
2025-08-18,561.9813232421875
2025-08-19,574.76953125
2025-08-20,576.7676391601562
2025-08-21,563.579833984375
2025-08-22,555.63720703125
2025-08-25,573.870361328125
2025-08-26,555.0377197265625
2025-08-28,538.1533203125
2025-08-29,551.7907104492188
2025-09-01,554.4382934570312
2025-09-02,558.3846435546875
2025-09-03,562.2810668945312
2025-09-04,552.789794921875
2025-09-05,553.2893676757812
2025-09-08,568.7750244140625
2025-09-09,559.3837280273438
2025-09-10,600.2459716796875
2025-09-11,589.4559936523438
2025-09-12,599.9462890625
2025-09-15,601.994384765625
2025-09-16,623.9241333007812
2025-09-17,627.7206420898438
2025-09-18,621.926025390625
2025-09-19,620.9269409179688
2025-09-22,612.8843383789062
2025-09-23,604.841796875
2025-09-24,595.300537109375
2025-09-25,583.9110717773438
2025-09-26,565.1784057617188
2025-09-29,557.3856201171875
2025-09-30,567.3763427734375
2025-10-01,586.308837890625
2025-10-03,584.010986328125
2025-10-06,601.9444580078125
2025-10-07,619.0786743164062
2025-10-08,606.1405639648438
2025-10-09,603.2931518554688
2025-10-10,556.3364868164062
2025-10-13,551.2412109375
2025-10-14,530.9100341796875
2025-10-15,541.75
2025-10-16,543.0499877929688
2025-10-17,541.4000244140625
2025-10-20,543.6500244140625
2025-10-21,553.7000122070312
2025-10-23,564.75
2025-10-24,569.0999755859375
2025-10-27,557.7999877929688
2025-10-28,557.1500244140625
2025-10-29,560.0
2025-10-30,568.7999877929688
2025-10-31,561.4500122070312
2025-11-03,557.6500244140625
2025-11-04,565.2999877929688
2025-11-06,546.0499877929688
2025-11-07,537.75
2025-11-10,523.5499877929688
2025-11-11,513.4000244140625
2025-11-12,525.75
2025-11-13,540.3499755859375
2025-11-14,535.6500244140625
2025-11-17,545.5499877929688
2025-11-18,536.1500244140625
2025-11-19,538.7000122070312
2025-11-20,532.4500122070312
2025-11-21,514.3499755859375
2025-11-24,494.3999938964844
2025-11-25,497.75
2025-11-26,503.1499938964844
2025-11-27,499.5499877929688
2025-11-28,504.4500122070313
2025-12-01,491.2000122070313
2025-12-02,487.8500061035156
2025-12-03,482.2000122070313
2025-12-04,479.5
2025-12-05,474.4500122070313
2025-12-08,473.1000061035156
2025-12-09,476.9500122070313
2025-12-10,474.4500122070313
2025-12-11,478.2000122070313
2025-12-12,482.8500061035156
2025-12-15,484.7000122070313
2025-12-16,481.1499938964844
2025-12-17,475.0499877929688
2025-12-18,471.2999877929688
2025-12-19,482.7999877929688
2025-12-22,490.4500122070313
2025-12-23,492.1499938964844
2025-12-24,480.8500061035156
2025-12-26,478.5
2025-12-29,475.8500061035156
2025-12-30,470.2000122070313
2025-12-31,481.4500122070313
2026-01-01,480.7000122070313
2026-01-02,501.0
2026-01-05,497.5499877929688
2026-01-06,479.2999877929688
2026-01-07,517.8499755859375
2026-01-08,503.3500061035156
2026-01-09,423.5499877929688
2026-01-12,409.8999938964844
2026-01-13,400.6000061035156
2026-01-14,395.9500122070313
2026-01-15,395.9500122070313
2026-01-16,391.8999938964844
2026-01-19,386.2000122070313
2026-01-20,375.1000061035156
2026-01-21,378.7000122070313
2026-01-22,378.6499938964844
2026-01-23,375.0
2026-01-27,368.4500122070313
2026-01-28,389.5
2026-01-29,394.5
2026-01-30,408.1000061035156
2026-02-02,401.7000122070313
2026-02-03,447.0499877929688
2026-02-04,455.7000122070313
2026-02-05,438.5
2026-02-06,442.3500061035156
2026-02-09,480.0499877929688
2026-02-10,469.0
2026-02-11,455.2999877929688
2026-02-12,444.7000122070313
2026-02-13,434.2000122070313
2026-02-16,434.4500122070313
2026-02-17,440.75
2026-02-18,439.1000061035156
2026-02-19,424.9500122070313
2026-02-20,421.2999877929688
2026-02-23,426.3500061035156
2026-02-24,419.7000122070313
2026-02-25,423.1499938964844
2026-02-26,423.5499877929688
2026-02-27,415.8500061035156
2026-03-02,406.0
2026-03-04,392.3999938964844
2026-03-05,399.8999938964844
2026-03-06,410.1499938964844
2026-03-09,405.4500122070313
2026-03-10,401.9500122070313
2026-03-11,401.2999877929688
2026-03-12,391.0
2026-03-13,380.6499938964844
2026-03-16,375.6499938964844
2026-03-17,382.7999877929688
2026-03-18,397.75
2026-03-19,383.3500061035156
2026-03-20,389.8500061035156
2026-03-23,379.0499877929688
2026-03-24,384.5499877929688
2026-03-25,387.25
2026-03-27,372.2999877929688
2026-03-30,354.75
2026-04-01,381.3500061035156
2026-04-02,388.1499938964844
2026-04-06,391.6000061035156
2026-04-07,394.9500122070313
2026-04-08,419.6000061035156
2026-04-09,425.8500061035156
2026-04-10,419.5
2026-04-13,414.75
2026-04-15,412.8500061035156
2026-04-16,406.25
2026-04-17,412.75
2026-04-20,435.5499877929688
2026-04-21,471.5499877929688
2026-04-22,504.1000061035156
2026-04-23,512.75
2026-04-24,512.75
2026-04-27,497.4500122070313
2026-04-28,479.2000122070313
2026-04-29,488.25
2026-04-30,506.6499938964844
2026-05-01,506.6499938964844
2026-05-04,525.6500244140625
2026-05-05,529.2000122070312
2026-05-06,557.6500244140625
2026-05-07,562.6500244140625
2026-05-08,557.6500244140625
2026-05-11,529.25
2026-05-12,502.0
2026-05-13,505.7999877929688
2026-05-14,499.0
2026-05-15,484.8500061035156
2026-05-18,484.2999877929688
2026-05-19,485.1499938964844
2026-05-20,486.25
2026-05-21,504.1499938964844
2026-05-22,533.25
2026-05-25,547.4000244140625
2026-05-26,525.1500244140625
2026-05-27,532.7000122070312
2026-05-28,532.7000122070312
2026-05-29,510.0
2026-06-01,503.1168518066406
2026-06-02,507.45452880859375
2026-06-03,505.3500061035156
2026-06-04,504.76220703125
2026-06-05,529.8407592773438
2026-06-08,519.619873046875
2026-06-09,531.3364868164062
2026-06-10,521.464599609375
2026-06-11,526.5999755859375
2026-06-12,536.8499755859375
2026-06-15,560.3499755859375
2026-06-16,556.4000244140625
2026-06-17,558.6500244140625
2026-06-18,535.0
2026-06-19,539.0499877929688
2026-06-22,545.0499877929688
2026-06-23,542.8499755859375
2026-06-24,530.8499755859375
2026-06-25,522.2000122070312
2026-06-26,522.2000122070312
2026-06-29,522.7999877929688
2026-06-30,533.7999877929688
2026-07-01,549.9500122070312
2026-07-02,540.5
2026-07-03,526.7000122070312
2026-07-06,531.0499877929688
2026-07-07,509.25
2026-07-08,498.04998779296875
2026-07-09,512.3499755859375
