,close
2006-01-02,89.00028991699219
2006-01-03,90.9220962524414
2006-01-04,91.4602279663086
2006-01-05,90.8452377319336
2006-01-06,94.0546646118164
2006-01-09,95.53450775146484
2006-01-10,93.7472152709961
2006-01-12,92.88235473632812
2006-01-13,93.40129089355467
2006-01-16,95.74594116210938
2006-01-17,93.70877075195312
2006-01-18,94.51594543457033
2006-01-19,94.78498840332033
2006-01-20,94.0162582397461
2006-01-23,92.40190887451172
2006-01-24,93.1514129638672
2006-01-25,92.0944595336914
2006-01-27,96.2455825805664
2006-01-30,92.92081451416016
2006-01-31,90.48007202148438
2006-02-01,87.0207748413086
2006-02-02,88.42371368408203
2006-02-03,86.90544891357422
2006-02-06,89.09638214111328
2006-02-07,87.42437744140625
2006-02-08,87.75103759765625
2006-02-10,88.69274139404297
2006-02-13,89.3846435546875
2006-02-14,89.34622192382812
2006-02-15,91.09503173828124
2006-02-16,92.94003295898438
2006-02-17,93.61267852783205
2006-02-20,94.32378387451172
2006-02-21,92.76708221435548
2006-02-22,98.2250518798828
2006-02-23,97.11041259765624
2006-02-24,96.95669555664062
2006-02-27,95.2654266357422
2006-02-28,94.3814468383789
2006-03-01,97.62932586669922
2006-03-02,97.32180786132812
2006-03-03,95.82278442382812
2006-03-06,97.22573852539062
2006-03-07,99.6664581298828
2006-03-08,97.03356170654295
2006-03-09,96.05339050292967
2006-03-10,99.18599700927734
2006-03-13,99.3205337524414
2006-03-14,103.6254425048828
2006-03-16,102.81829833984376
2006-03-17,102.91433715820312
2006-03-20,100.37754821777344
2006-03-21,99.89708709716795
2006-03-22,98.55179595947266
2006-03-23,99.82020568847656
2006-03-24,102.62606048583984
2006-03-27,101.97266387939452
2006-03-28,100.83876037597656
2006-03-29,99.6664581298828
2006-03-30,100.26226043701172
2006-03-31,100.5697021484375
2006-04-03,105.39356231689452
2006-04-04,104.43260955810548
2006-04-05,105.7394561767578
2006-04-07,101.01171875
2006-04-10,99.01299285888672
2006-04-12,97.14884948730467
2006-04-13,94.3814468383789
2006-04-17,97.68699645996094
2006-04-18,100.68506622314452
2006-04-19,103.2410888671875
2006-04-20,104.31729125976562
2006-04-21,101.95343780517578
2006-04-24,102.4531707763672
2006-04-25,100.0316162109375
2006-04-26,104.08667755126952
2006-04-27,98.8016357421875
2006-04-28,101.87654113769533
2006-05-02,108.9489517211914
2006-05-03,110.79386138916016
2006-05-04,109.00658416748048
2006-05-05,112.96556091308594
2006-05-08,113.21541595458984
2006-05-09,110.717041015625
2006-05-10,108.83363342285156
2006-05-11,108.4876937866211
2006-05-12,105.66261291503906
2006-05-15,100.5697021484375
2006-05-16,99.9163055419922
2006-05-17,103.14501190185548
2006-05-18,93.651123046875
2006-05-19,90.07647705078124
2006-05-22,80.544189453125
2006-05-23,88.44293212890625
2006-05-24,91.4794464111328
2006-05-25,89.44226837158203
2006-05-26,91.76770782470705
2006-05-29,97.03356170654295
2006-05-30,94.53515625
2006-05-31,91.09503173828124
2006-06-01,88.15467071533203
2006-06-02,84.82991027832031
2006-06-05,88.28919219970703
2006-06-06,87.03997802734375
2006-06-07,79.4102783203125
2006-06-08,74.74022674560547
2006-06-09,77.1041259765625
2006-06-12,78.10345458984375
2006-06-13,73.45257568359375
2006-06-14,72.53013610839844
2006-06-15,78.04580688476562
2006-06-16,78.43018341064453
2006-06-19,78.833740234375
2006-06-20,79.56404113769531
2006-06-21,80.12137603759766
2006-06-22,82.6390151977539
2006-06-23,82.86962890625
2006-06-26,80.73635864257812
2006-06-27,79.60250091552734
2006-06-28,87.34750366210938
2006-06-29,86.77093505859375
2006-06-30,89.46147918701172
2006-07-03,88.46214294433594
2006-07-04,89.5191650390625
2006-07-05,90.01885223388672
2006-07-06,88.5966796875
2006-07-07,88.36604309082031
2006-07-10,88.67355346679688
2006-07-11,89.32698059082031
2006-07-12,88.57749938964844
2006-07-13,88.57749938964844
2006-07-14,87.32829284667969
2006-07-17,85.9253158569336
2006-07-18,82.31227111816406
2006-07-19,80.73635864257812
2006-07-20,81.73571014404297
2006-07-21,78.14189147949219
2006-07-24,79.29497528076172
2006-07-25,79.37186431884766
2006-07-26,84.77222442626953
2006-07-27,83.35009765625
2006-07-28,83.52302551269531
2006-07-31,82.71587371826172
2006-08-01,86.09828186035156
2006-08-02,85.71391296386719
2006-08-03,84.79143524169922
2006-08-04,85.94454193115234
2006-08-07,86.05984497070312
2006-08-08,89.42303466796875
2006-08-09,91.55632781982422
2006-08-10,92.01753997802734
2006-08-11,98.05213165283205
2006-08-14,97.32180786132812
2006-08-16,98.4556884765625
2006-08-17,96.09188079833984
2006-08-18,95.80359649658205
2006-08-21,99.05147552490234
2006-08-22,98.7055435180664
2006-08-23,98.9553451538086
2006-08-24,99.87786865234376
2006-08-25,98.89771270751952
2006-08-28,102.20328521728516
2006-08-29,103.14501190185548
2006-08-30,105.10530090332033
2006-08-31,104.02901458740234
2006-09-01,106.0085220336914
2006-09-04,107.87268829345705
2006-09-05,106.43131256103516
2006-09-06,108.35315704345705
2006-09-07,105.797119140625
2006-09-08,106.9502182006836
2006-09-11,101.64594268798828
2006-09-12,104.29805755615234
2006-09-13,106.4889907836914
2006-09-14,111.58184051513672
2006-09-15,111.35122680664062
2006-09-18,111.85089874267578
2006-09-19,108.6606674194336
2006-09-20,113.58050537109376
2006-09-21,113.446044921875
2006-09-22,112.8694839477539
2006-09-25,110.79386138916016
2006-09-26,114.44538879394533
2006-09-27,116.0789566040039
2006-09-28,114.73370361328124
2006-09-29,118.80797576904295
2006-10-03,116.57864379882812
2006-10-04,117.38581085205078
2006-10-05,117.34737396240234
2006-10-06,116.69390106201172
2006-10-09,115.7522201538086
2006-10-10,115.23332977294922
2006-10-11,110.92842864990234
2006-10-12,113.17696380615234
2006-10-13,115.56005096435548
2006-10-16,93.83177947998048
2006-10-17,93.46277618408205
2006-10-18,92.8477783203125
2006-10-19,90.6184539794922
2006-10-20,90.63381958007812
2006-10-23,90.64920043945312
2006-10-26,93.2782745361328
2006-10-27,96.1226043701172
2006-10-30,99.08991241455078
2006-10-31,103.21031951904295
2006-11-01,101.81121826171876
2006-11-02,101.05786895751952
2006-11-03,104.33270263671876
2006-11-06,104.40955352783205
2006-11-07,103.50245666503906
2006-11-08,103.50245666503906
2006-11-09,103.50245666503906
2006-11-10,103.50245666503906
2006-11-13,103.50245666503906
2006-11-14,103.50245666503906
2006-11-15,103.50245666503906
2006-11-16,103.50245666503906
2006-11-17,103.50245666503906
2006-11-20,103.50245666503906
2006-11-21,103.50245666503906
2006-11-22,103.50245666503906
2006-11-23,103.50245666503906
2006-11-24,103.50245666503906
2006-11-27,120.79805755615234
2006-11-28,122.31615447998048
2006-11-29,116.08106994628906
2006-11-30,118.49378204345705
2006-12-01,117.70759582519533
2006-12-04,119.52391815185548
2006-12-05,122.8311996459961
2006-12-06,124.86441040039062
2006-12-07,123.0481414794922
2006-12-08,120.77094268798828
2006-12-11,116.2436981201172
2006-12-12,109.08692169189452
2006-12-13,111.28273010253906
2006-12-14,118.00582122802734
2006-12-15,113.80390167236328
2006-12-18,113.23462677001952
2006-12-19,111.22850036621094
2006-12-20,113.4786148071289
2006-12-21,111.82494354248048
2006-12-22,113.01775360107422
2006-12-26,110.5779266357422
2006-12-27,110.41522216796876
2006-12-28,109.1140365600586
2006-12-29,108.95140838623048
2007-01-02,115.18644714355467
2007-01-03,119.76790618896484
2007-01-04,121.96371459960938
2007-01-05,121.96371459960938
2007-01-08,120.96066284179688
2007-01-09,123.6444854736328
2007-01-10,122.04508209228516
2007-01-11,121.90956115722656
2007-01-12,120.63536834716795
2007-01-15,121.4215316772461
2007-01-16,119.38839721679688
2007-01-17,116.48770141601562
2007-01-18,116.29793548583984
2007-01-19,114.5358657836914
2007-01-22,113.45147705078124
2007-01-23,112.06890869140624
2007-01-24,112.20450592041016
2007-01-25,116.54192352294922
2007-01-29,113.69544982910156
2007-01-31,113.42436981201172
2007-02-01,114.13947296142578
2007-02-02,113.01181030273438
2007-02-05,113.61690521240234
2007-02-06,111.96669006347656
2007-02-07,111.91162872314452
2007-02-08,116.72476959228516
2007-02-09,116.0646743774414
2007-02-12,113.86441040039062
2007-02-13,113.86441040039062
2007-02-14,112.8193130493164
2007-02-15,118.2099838256836
2007-02-19,117.54988098144533
2007-02-20,114.57952117919922
2007-02-21,115.21207427978516
2007-02-22,113.89196014404295
2007-02-23,114.27696990966795
2007-02-26,114.57952117919922
2007-02-27,114.35951232910156
2007-02-28,114.66205596923828
2007-03-01,112.79177856445312
2007-03-02,111.82913970947266
2007-03-05,109.5188980102539
2007-03-06,109.7939453125
2007-03-07,108.1712417602539
2007-03-08,107.12609100341795
2007-03-09,107.62114715576172
2007-03-12,108.72122955322266
2007-03-13,109.49136352539062
2007-03-14,108.33624267578124
2007-03-15,109.54637908935548
2007-03-16,106.52098083496094
2007-03-19,105.20084381103516
2007-03-20,106.6585693359375
2007-03-21,106.1359405517578
2007-03-22,107.42860412597656
2007-03-23,108.72122955322266
2007-03-26,109.4638671875
2007-03-28,110.70154571533205
2007-03-29,110.97655487060548
2007-03-30,111.6366195678711
2007-04-02,110.6465301513672
2007-04-03,110.3714828491211
2007-04-04,112.2692642211914
2007-04-05,114.77208709716795
2007-04-09,115.95474243164062
2007-04-10,114.49701690673828
2007-04-11,120.52027130126952
2007-04-12,125.6084213256836
2007-04-13,124.34325408935548
2007-04-16,126.32349395751952
2007-04-17,132.04421997070312
2007-04-18,131.8517303466797
2007-04-19,131.82420349121094
2007-04-20,132.7318115234375
2007-04-23,133.25437927246094
2007-04-24,134.51953125
2007-04-25,133.804443359375
2007-04-26,133.47438049316406
2007-04-27,132.01670837402344
2007-04-30,135.9222412109375
2007-05-03,143.21066284179688
2007-05-04,141.20286560058594
2007-05-07,140.9278564453125
2007-05-08,140.8728485107422
2007-05-09,141.367919921875
2007-05-10,144.09078979492188
2007-05-11,143.4031982421875
2007-05-14,143.51316833496094
2007-05-15,142.88059997558594
2007-05-16,142.88059997558594
2007-05-17,141.78053283691406
2007-05-18,140.9003448486328
2007-05-21,138.67262268066406
2007-05-22,137.7099609375
2007-05-23,140.54275512695312
2007-05-24,144.47584533691406
2007-05-25,140.40530395507812
2007-05-28,144.69583129882812
2007-05-29,159.35525512695312
2007-05-30,156.9898681640625
2007-05-31,165.9010772705078
2007-06-01,160.702880859375
2007-06-04,164.63584899902344
2007-06-05,162.57308959960938
2007-06-06,160.620361328125
2007-06-07,161.9955291748047
2007-06-08,157.87001037597656
2007-06-11,159.98779296875
2007-06-12,158.75013732910156
2007-06-13,159.96026611328125
2007-06-14,163.1506805419922
2007-06-15,164.2783203125
2007-06-18,167.38623046875
2007-06-19,170.6040802001953
2007-06-20,172.30934143066406
2007-06-21,178.05758666992188
2007-06-22,188.0413818359375
2007-06-25,191.3417816162109
2007-06-26,184.9059295654297
2007-06-27,186.72120666503903
2007-06-28,186.6936492919922
2007-06-29,196.0448303222656
2007-07-02,192.9644775390625
2007-07-03,191.3967437744141
2007-07-04,193.04698181152344
2007-07-05,188.1239013671875
2007-07-06,186.52867126464844
2007-07-09,185.48350524902344
2007-07-10,186.12469482421875
2007-07-11,183.9224548339844
2007-07-12,193.26075744628903
2007-07-13,193.5952606201172
2007-07-16,191.83908081054688
2007-07-17,187.71356201171875
2007-07-18,185.901611328125
2007-07-19,188.13169860839844
2007-07-20,183.86672973632807
2007-07-23,188.24313354492188
2007-07-24,189.80419921875
2007-07-25,186.2639923095703
2007-07-26,187.37905883789065
2007-07-27,184.1454315185547
2007-07-30,186.2639923095703
2007-07-31,190.25030517578125
2007-08-01,183.97824096679688
2007-08-02,187.4905242919922
2007-08-03,187.4348297119141
2007-08-06,187.7971649169922
2007-08-07,189.943588256836
2007-08-08,194.09698486328125
2007-08-09,190.1665802001953
2007-08-10,188.048095703125
2007-08-13,188.4941253662109
2007-08-14,185.5113677978516
2007-08-16,174.9465789794922
2007-08-17,165.88705444335938
2007-08-20,161.00885009765625
2007-08-21,154.9319610595703
2007-08-22,157.8867950439453
2007-08-23,159.0854949951172
2007-08-24,161.56631469726562
2007-08-27,167.0856475830078
2007-08-28,168.22853088378906
2007-08-29,170.73736572265625
2007-08-30,173.60853576660156
2007-08-31,177.31600952148438
2007-09-03,177.87351989746094
2007-09-04,178.5425262451172
2007-09-05,176.98150634765625
2007-09-06,179.74119567871094
2007-09-07,186.0410003662109
2007-09-10,186.2639923095703
2007-09-11,185.34413146972656
2007-09-12,185.12110900878903
2007-09-13,188.91221618652344
2007-09-14,182.41714477539065
2007-09-17,181.6088104248047
2007-09-18,182.2220153808593
2007-09-19,188.382568359375
2007-09-20,188.3546600341797
2007-09-21,187.5462951660156
2007-09-24,189.636962890625
2007-09-25,189.35821533203125
2007-09-26,190.61260986328125
2007-09-27,185.8180389404297
2007-09-28,187.5742034912109
2007-10-01,192.7032623291016
2007-10-03,211.0732269287109
2007-10-04,207.64456176757807
2007-10-05,201.0938262939453
2007-10-08,198.389892578125
2007-10-09,202.2924194335937
2007-10-10,201.9579162597656
2007-10-11,206.44590759277344
2007-10-12,213.3590545654297
2007-10-15,227.6311950683593
2007-10-16,233.20635986328125
2007-10-17,230.7533569335937
2007-10-18,225.40118408203125
2007-10-19,222.1119537353516
2007-10-22,223.1432647705078
2007-10-23,234.4886169433593
2007-10-24,252.8306579589844
2007-10-25,255.3898162841797
2007-10-26,275.49822998046875
2007-10-29,273.1077575683594
2007-10-30,280.4761657714844
2007-10-31,272.20782470703125
2007-11-01,261.745849609375
2007-11-02,266.3300170898437
2007-11-05,264.8675537109375
2007-11-06,270.5204467773437
2007-11-07,270.1828918457031
2007-11-08,268.0455322265625
2007-11-12,269.3392028808594
2007-11-13,283.5416564941406
2007-11-14,290.03814697265625
2007-11-15,294.1160583496094
2007-11-16,290.2631530761719
2007-11-19,291.753662109375
2007-11-20,292.9630126953125
2007-11-21,266.1894836425781
2007-11-22,250.7776641845703
2007-11-23,261.04278564453125
2007-11-26,268.9736633300781
2007-11-27,281.15106201171875
2007-11-28,275.0764465332031
2007-11-29,266.3861694335937
2007-11-30,278.1137390136719
2007-12-03,284.9759216308594
2007-12-04,281.37615966796875
2007-12-05,278.9574890136719
2007-12-06,273.3327941894531
2007-12-07,274.9919738769531
2007-12-10,277.7200012207031
2007-12-11,279.40753173828125
2007-12-12,277.1575622558594
2007-12-13,297.9408874511719
2007-12-14,294.7066345214844
2007-12-17,285.25714111328125
2007-12-18,283.4853515625
2007-12-19,279.0136413574219
2007-12-20,281.8261108398437
2007-12-24,288.210205078125
2007-12-26,302.44073486328125
2007-12-27,312.9870300292969
2007-12-28,316.0806579589844
2007-12-31,313.52130126953125
2008-01-01,309.75274658203125
2008-01-02,306.34979248046875
2008-01-03,301.5687866210937
2008-01-04,303.39678955078125
2008-01-07,297.5190124511719
2008-01-08,293.32867431640625
2008-01-09,291.3599548339844
2008-01-10,275.1607360839844
2008-01-11,277.2138366699219
2008-01-14,279.85748291015625
2008-01-15,281.7698669433594
2008-01-16,267.51123046875
2008-01-17,265.655029296875
2008-01-18,253.08377075195312
2008-01-21,208.0580139160156
2008-01-22,182.6343231201172
2008-01-23,206.11749267578125
2008-01-24,183.19679260253903
2008-01-25,219.3636779785156
2008-01-28,229.7693786621093
2008-01-29,231.2599334716797
2008-01-30,225.57891845703125
2008-01-31,225.4102478027344
2008-02-01,225.55081176757807
2008-02-04,235.50662231445312
2008-02-05,252.352783203125
2008-02-06,246.9075927734375
2008-02-07,236.58436584472656
2008-02-08,232.67051696777344
2008-02-11,225.60874938964844
2008-02-12,211.59852600097656
2008-02-13,212.3075408935547
2008-02-14,216.278076171875
2008-02-15,223.6234893798828
2008-02-18,241.12193298339844
2008-02-19,246.8791961669922
2008-02-20,239.3351593017578
2008-02-21,248.6376037597656
2008-02-22,242.3414764404297
2008-02-25,247.98532104492188
2008-02-26,240.9802703857422
2008-02-27,248.9779510498047
2008-02-28,238.8532257080078
2008-02-29,235.02442932128903
2008-03-03,232.61373901367188
2008-03-04,226.9132843017578
2008-03-05,228.0760955810547
2008-03-07,232.69891357421875
2008-03-10,229.97625732421875
2008-03-11,229.0971069335937
2008-03-12,222.34719848632807
2008-03-13,209.61328125
2008-03-14,211.57020568847656
2008-03-17,198.18397521972656
2008-03-18,197.81532287597656
2008-03-19,194.9225616455078
2008-03-24,187.6905670166016
2008-03-25,196.51077270507807
2008-03-26,202.523193359375
2008-03-27,191.4058074951172
2008-03-28,205.72792053222656
2008-03-31,213.9240875244141
2008-04-01,214.548095703125
2008-04-02,215.8810577392578
2008-04-03,213.32858276367188
2008-04-04,215.5974273681641
2008-04-07,216.0228881835937
2008-04-08,220.4471435546875
2008-04-09,220.021713256836
2008-04-10,217.92295837402344
2008-04-11,222.63082885742188
2008-04-15,219.5112762451172
2008-04-16,223.45333862304688
2008-04-17,227.70738220214844
2008-04-21,239.47711181640625
2008-04-22,229.97625732421875
2008-04-23,238.3993682861328
2008-04-24,237.0096893310547
2008-04-25,240.611557006836
2008-04-28,239.7889862060547
2008-04-29,254.2246856689453
2008-04-30,250.36756896972656
2008-05-02,248.3255157470703
2008-05-05,256.1247863769531
2008-05-06,257.0323181152344
2008-05-07,259.8399963378906
2008-05-08,270.2486572265625
2008-05-09,260.90679931640625
2008-05-12,266.2408447265625
2008-05-13,268.74920654296875
2008-05-14,276.07281494140625
2008-05-15,283.021484375
2008-05-16,296.2268371582031
2008-05-20,293.6030578613281
2008-05-21,296.57281494140625
2008-05-22,295.3907470703125
2008-05-23,287.8653259277344
2008-05-26,273.0741577148437
2008-05-27,280.1957397460937
2008-05-28,296.7746887207031
2008-05-29,293.0840148925781
2008-05-30,291.7001037597656
2008-06-02,283.4250793457031
2008-06-03,280.1093444824219
2008-06-04,276.8800964355469
2008-06-05,269.4413757324219
2008-06-06,264.3667297363281
2008-06-09,264.2802124023437
2008-06-10,247.6725006103516
2008-06-11,253.4679412841797
2008-06-12,260.6473388671875
2008-06-13,249.77735900878903
2008-06-16,250.2675323486328
2008-06-17,253.9869537353516
2008-06-18,259.6094055175781
2008-06-19,252.0263061523437
2008-06-20,240.34909057617188
2008-06-23,226.76890563964844
2008-06-24,232.96795654296875
2008-06-25,233.8328552246093
2008-06-26,245.6830596923828
2008-06-27,230.2865600585937
2008-06-30,214.284423828125
2008-07-01,192.688705444336
2008-07-02,202.0593414306641
2008-07-03,202.4052734375
2008-07-04,206.9320678710937
2008-07-07,205.54812622070312
2008-07-08,210.85330200195312
2008-07-09,222.6169891357422
2008-07-10,222.5881805419922
2008-07-11,216.1008453369141
2008-07-14,218.20558166503903
2008-07-15,211.17047119140625
2008-07-16,193.7842712402344
2008-07-17,197.6191253662109
2008-07-18,207.50865173339844
2008-07-21,216.82164001464844
2008-07-22,230.6613311767578
2008-07-23,251.5651092529297
2008-07-24,249.0565185546875
2008-07-25,240.03192138671875
2008-07-28,253.4968414306641
2008-07-29,239.85894775390625
2008-07-30,246.3174591064453
2008-07-31,235.1880340576172
2008-08-01,242.59800720214844
2008-08-04,244.70285034179688
2008-08-05,243.2035369873047
2008-08-06,242.9440460205078
2008-08-07,239.80130004882807
2008-08-08,240.03192138671875
2008-08-11,236.54324340820312
2008-08-12,227.69158935546875
2008-08-13,223.56854248046875
2008-08-14,221.6078948974609
2008-08-18,223.79913330078125
2008-08-19,221.9827117919922
2008-08-20,225.87510681152344
2008-08-21,222.18453979492188
2008-08-22,220.94471740722656
2008-08-25,224.6064453125
2008-08-26,224.89483642578125
2008-08-27,223.68386840820312
2008-08-28,220.88706970214844
2008-08-29,221.5790100097656
2008-09-01,216.67752075195312
2008-09-02,222.0980529785156
2008-09-04,209.9018096923828
2008-09-05,212.32383728027344
2008-09-08,208.92160034179688
2008-09-09,206.47071838378903
2008-09-10,195.6585388183593
2008-09-11,193.7842712402344
2008-09-12,193.9862518310547
2008-09-15,185.27870178222656
2008-09-16,180.40606689453125
2008-09-17,176.7442626953125
2008-09-18,178.2146759033203
2008-09-19,185.9994964599609
2008-09-22,190.92987060546875
2008-09-23,183.89474487304688
2008-09-24,184.7020568847656
2008-09-25,175.59092712402344
2008-09-26,168.93057250976562
2008-09-29,164.60572814941406
2008-09-30,175.01426696777344
2008-10-01,181.9341278076172
2008-10-03,172.5923614501953
2008-10-06,152.4670867919922
2008-10-07,156.47491455078125
2008-10-08,148.228759765625
2008-10-10,131.76527404785156
2008-10-13,130.00648498535156
2008-10-14,133.95657348632812
2008-10-15,125.82576751708984
2008-10-16,121.12603759765624
2008-10-17,115.90731048583984
2008-10-20,107.71884155273438
2008-10-21,112.87987518310548
2008-10-22,101.5774917602539
2008-10-23,97.80042266845705
2008-10-24,94.16751861572266
2008-10-27,87.76661682128906
2008-10-29,109.5064926147461
2008-10-31,128.61460876464844
2008-11-03,123.82292938232422
2008-11-04,123.18019104003906
2008-11-05,123.9106216430664
2008-11-06,117.3951644897461
2008-11-07,119.4111328125
2008-11-10,128.05946350097656
2008-11-11,127.41667938232422
2008-11-12,118.18401336669922
2008-11-14,111.08419036865234
2008-11-17,100.79972076416016
2008-11-18,93.17398834228516
2008-11-19,94.72248840332033
2008-11-20,92.91104888916016
2008-11-21,94.86862182617188
2008-11-24,93.87522888183594
2008-11-25,90.39835357666016
2008-11-26,94.78092193603516
2008-11-27,94.78092193603516
2008-11-28,95.71591186523438
2008-12-01,93.55381774902344
2008-12-02,91.91764831542967
2008-12-03,91.68391418457033
2008-12-04,93.55381774902344
2008-12-05,89.69710540771484
2008-12-08,85.19766235351562
2008-12-10,97.67345428466795
2008-12-11,112.86647033691406
2008-12-12,114.9408721923828
2008-12-15,131.9453887939453
2008-12-16,129.2865753173828
2008-12-17,123.8813934326172
2008-12-18,122.88804626464844
2008-12-19,127.4751205444336
2008-12-22,124.14432525634766
2008-12-23,115.40838623046876
2008-12-24,109.9155044555664
2008-12-26,109.3603973388672
2008-12-29,114.18121337890624
2008-12-30,122.5081558227539
2008-12-31,118.88518524169922
2009-01-02,132.06224060058594
2009-01-05,142.25909423828125
2009-01-06,136.41561889648438
2009-01-07,128.23475646972656
2009-01-09,122.24520874023438
2009-01-12,115.02853393554688
2009-01-13,108.1916732788086
2009-01-14,112.19447326660156
2009-01-15,109.00977325439452
2009-01-16,104.21814727783205
2009-01-19,104.0136260986328
2009-01-20,99.25120544433594
2009-01-21,95.45294952392578
2009-01-22,90.7197494506836
2009-01-23,88.14860534667969
2009-01-27,89.40494537353516
2009-01-28,96.91383361816406
2009-01-29,95.07310485839844
2009-01-30,99.9524154663086
2009-02-02,104.07205963134766
2009-02-03,104.4811019897461
2009-02-04,103.80909729003906
2009-02-05,110.87969207763672
2009-02-06,122.24520874023438
2009-02-09,126.3940887451172
2009-02-10,127.75379180908205
2009-02-11,125.95069122314452
2009-02-12,118.44271850585938
2009-02-13,117.61506652832033
2009-02-16,112.14667510986328
2009-02-17,104.87517547607422
2009-02-18,97.9288101196289
2009-02-19,99.08155822753906
2009-02-20,101.71234893798828
2009-02-24,100.3822021484375
2009-02-25,99.1998519897461
2009-02-26,100.32308197021484
2009-02-27,99.11115264892578
2009-03-02,95.50495147705078
2009-03-03,93.2880401611328
2009-03-04,92.22393035888672
2009-03-05,92.7264175415039
2009-03-06,90.15480041503906
2009-03-09,86.51905059814453
2009-03-12,90.59817504882812
2009-03-13,96.5986785888672
2009-03-16,101.09160614013672
2009-03-17,97.33763885498048
2009-03-18,101.09160614013672
2009-03-19,100.73690032958984
2009-03-20,99.85015869140624
2009-03-23,105.34810638427734
2009-03-24,101.97838592529295
2009-03-25,101.03250885009766
2009-03-26,100.5300064086914
2009-03-27,108.77691650390624
2009-03-30,107.12165069580078
2009-03-31,112.1762237548828
2009-04-01,111.88062286376952
2009-04-02,117.02388763427734
2009-04-06,111.3781280517578
2009-04-08,113.12212371826172
2009-04-09,119.15215301513672
2009-04-13,125.83246612548828
2009-04-15,129.58645629882812
2009-04-16,117.4376983642578
2009-04-17,119.97975158691406
2009-04-20,116.99430084228516
2009-04-21,120.54138946533205
2009-04-22,121.81242370605467
2009-04-23,123.23130798339844
2009-04-24,124.0589370727539
2009-04-27,127.60601806640624
2009-04-28,121.87154388427734
2009-04-29,121.22119140625
2009-04-30,121.3985824584961
2009-05-04,131.98072814941406
2009-05-05,141.32130432128906
2009-05-06,135.82337951660156
2009-05-07,142.23765563964844
2009-05-08,141.05531311035156
2009-05-11,134.78880310058594
2009-05-12,137.2421875
2009-05-13,138.469970703125
2009-05-14,146.55540466308594
2009-05-15,144.99818420410156
2009-05-18,161.4684600830078
2009-05-19,147.48370361328125
2009-05-20,157.6653289794922
2009-05-21,152.6942901611328
2009-05-22,154.0418701171875
2009-05-25,157.00653076171875
2009-05-26,147.48370361328125
2009-05-27,157.4557647705078
2009-05-28,167.45762634277344
2009-05-29,169.5837860107422
2009-06-01,176.05213928222656
2009-06-02,171.76986694335938
2009-06-03,184.4070587158203
2009-06-04,179.88525390625
2009-06-05,182.6701812744141
2009-06-08,167.248046875
2009-06-09,163.654541015625
2009-06-10,165.3614501953125
2009-06-11,161.5582733154297
2009-06-12,159.22251892089844
2009-06-15,159.16262817382812
2009-06-16,158.6834716796875
2009-06-17,147.48370361328125
2009-06-18,141.82394409179688
2009-06-19,143.2014617919922
2009-06-22,145.32760620117188
2009-06-23,141.2250213623047
2009-06-24,142.9618682861328
2009-06-25,144.12979125976562
2009-06-26,145.23776245117188
2009-06-29,154.85040283203125
2009-06-30,150.29859924316406
2009-07-01,153.7124481201172
2009-07-02,152.36489868164062
2009-07-03,153.7124481201172
2009-07-06,141.01539611816406
2009-07-07,141.40467834472656
2009-07-08,135.7748260498047
2009-07-09,132.4808349609375
2009-07-10,136.28390502929688
2009-07-13,128.6177520751953
2009-07-14,134.84652709960938
2009-07-15,148.44200134277344
2009-07-16,147.75320434570312
2009-07-17,149.72967529296875
2009-07-20,149.1307373046875
2009-07-21,144.9083709716797
2009-07-22,142.9319305419922
2009-07-23,146.106201171875
2009-07-24,152.60447692871094
2009-07-27,152.7541961669922
2009-07-28,155.53921508789062
2009-07-29,150.92745971679688
2009-07-30,151.01730346679688
2009-07-31,154.5210418701172
2009-08-03,156.2578582763672
2009-08-04,164.01385498046875
2009-08-05,165.42132568359375
2009-08-06,162.9058837890625
2009-08-07,156.16802978515625
2009-08-10,148.7714080810547
2009-08-11,151.82586669921875
2009-08-12,153.56271362304688
2009-08-13,157.18621826171875
2009-08-14,155.32955932617188
2009-08-17,148.471923828125
2009-08-18,154.70069885253906
2009-08-19,152.24514770507812
2009-08-20,155.47927856445312
2009-08-21,152.1253204345703
2009-08-24,157.24606323242188
2009-08-25,155.56912231445312
2009-08-26,166.3197021484375
2009-08-27,174.49497985839844
2009-08-28,176.5612335205078
2009-08-31,169.79344177246094
2009-09-01,161.7978515625
2009-09-02,159.1925811767578
2009-09-03,159.52198791503906
2009-09-04,163.474853515625
2009-09-07,161.73797607421875
2009-09-08,160.80963134765625
2009-09-09,158.2642822265625
2009-09-10,157.24606323242188
2009-09-11,163.20533752441406
2009-09-14,158.29415893554688
2009-09-15,162.0972900390625
2009-09-16,162.57644653320312
2009-09-17,161.2887725830078
2009-09-18,170.4522247314453
2009-09-22,168.59561157226562
2009-09-23,162.12728881835938
2009-09-24,159.7615203857422
2009-09-25,160.51016235351562
2009-09-29,162.9058837890625
2009-09-30,164.85231018066406
2009-10-01,164.0737762451172
2009-10-05,156.85675048828125
2009-10-06,156.88673400878906
2009-10-07,156.9466552734375
2009-10-08,166.52931213378906
2009-10-09,166.58921813964844
2009-10-12,166.43946838378906
2009-10-13,166.8287811279297
2009-10-14,170.27256774902344
2009-10-15,170.9912872314453
2009-10-16,176.2917022705078
2009-10-20,180.00498962402344
2009-10-21,180.6638336181641
2009-10-22,176.05213928222656
2009-10-23,173.77622985839844
2009-10-26,169.16456604003906
2009-10-27,156.16802978515625
2009-10-28,153.02369689941406
2009-10-29,150.20877075195312
2009-10-30,144.09982299804688
2009-11-03,139.2187042236328
2009-11-04,145.59713745117188
2009-11-05,149.1906280517578
2009-11-06,150.05906677246094
2009-11-09,153.0536346435547
2009-11-10,147.8430938720703
2009-11-11,156.46746826171875
2009-11-12,154.13172912597656
2009-11-13,155.8087158203125
2009-11-16,159.8513946533203
2009-11-17,162.0972900390625
2009-11-18,169.76348876953125
2009-11-19,166.46946716308594
2009-11-20,173.1772918701172
2009-11-23,167.15823364257812
2009-11-24,168.1165008544922
2009-11-25,173.47679138183594
2009-11-26,166.40956115722656
2009-11-27,160.77972412109375
2009-11-30,162.72621154785156
2009-12-01,169.55389404296875
2009-12-02,165.03204345703125
2009-12-03,167.48756408691406
2009-12-04,167.4276885986328
2009-12-07,164.34326171875
2009-12-08,164.55288696289062
2009-12-09,163.20533752441406
2009-12-10,166.1100311279297
2009-12-11,162.9956817626953
2009-12-14,160.71986389160156
2009-12-15,160.5401153564453
2009-12-16,160.77972412109375
2009-12-17,162.18716430664062
2009-12-18,161.10916137695312
2009-12-21,160.6898956298828
2009-12-22,162.6064910888672
2009-12-23,164.91224670410156
2009-12-24,168.86514282226562
2009-12-29,168.14646911621094
2009-12-30,168.44586181640625
2009-12-31,168.14646911621094
2010-01-04,171.17092895507812
2010-01-05,172.6083221435547
2010-01-06,175.66285705566406
2010-01-07,179.8552703857422
2010-01-08,181.0531005859375
2010-01-11,193.0015563964844
2010-01-12,187.4016265869141
2010-01-13,187.7610015869141
2010-01-14,185.69471740722656
2010-01-15,190.63584899902344
2010-01-18,193.750228881836
2010-01-19,188.53955078125
2010-01-20,191.0251617431641
2010-01-21,185.0658721923828
2010-01-22,184.25732421875
2010-01-25,178.8670654296875
2010-01-27,169.70361328125
2010-01-28,168.8950653076172
2010-01-29,170.93136596679688
2010-02-01,170.09291076660156
2010-02-02,167.54750061035156
2010-02-03,166.70901489257812
2010-02-04,161.5582733154297
2010-02-05,156.5273895263672
2010-02-08,160.27061462402344
2010-02-09,162.66632080078125
2010-02-10,160.8994903564453
2010-02-11,161.73797607421875
2010-02-15,160.15081787109375
2010-02-16,160.4502716064453
2010-02-17,165.6908721923828
2010-02-18,167.48756408691406
2010-02-19,165.12185668945312
2010-02-22,160.83961486816406
2010-02-23,160.5401153564453
2010-02-24,158.59365844726562
2010-02-25,157.6353759765625
2010-02-26,157.5755157470703
2010-03-02,163.74432373046875
2010-03-03,168.74537658691406
2010-03-04,171.85968017578125
2010-03-05,175.45323181152344
2010-03-08,173.5666046142578
2010-03-09,173.47679138183594
2010-03-10,174.01577758789062
2010-03-11,171.85968017578125
2010-03-12,171.88966369628906
2010-03-15,172.00942993164062
2010-03-16,173.7163543701172
2010-03-17,173.2671356201172
2010-03-18,173.68641662597656
2010-03-19,173.44679260253906
2010-03-22,169.4939727783203
2010-03-23,171.62013244628906
2010-03-25,173.20729064941406
2010-03-26,177.66917419433594
2010-03-29,177.72909545898438
2010-03-30,177.27993774414062
2010-03-31,176.2018585205078
2010-04-01,176.65109252929688
2010-04-05,180.1847076416016
2010-04-06,190.0668182373047
2010-04-07,190.6957244873047
2010-04-08,185.03594970703125
2010-04-09,187.0422515869141
2010-04-12,187.7010803222656
2010-04-13,184.82623291015625
2010-04-15,186.29360961914065
2010-04-16,194.1394500732422
2010-04-19,188.8690643310547
2010-04-20,199.9190216064453
2010-04-21,199.35006713867188
2010-04-22,198.21209716796875
2010-04-23,198.21209716796875
2010-04-26,198.99073791503903
2010-04-27,200.6077880859375
2010-04-28,198.7810974121093
2010-04-29,201.35646057128903
2010-04-30,197.9126892089844
2010-05-03,194.6785583496093
2010-05-04,190.575912475586
2010-05-05,187.7010803222656
2010-05-06,184.1974029541016
2010-05-07,171.739990234375
2010-05-10,180.214599609375
2010-05-11,176.2617645263672
2010-05-12,179.04673767089844
2010-05-13,187.1919860839844
2010-05-14,184.4070587158203
2010-05-17,180.69374084472656
2010-05-18,179.7055206298828
2010-05-19,168.05661010742188
2010-05-20,169.31434631347656
2010-05-21,164.70265197753906
2010-05-24,171.35064697265625
2010-05-25,169.97311401367188
2010-05-26,170.15280151367188
2010-05-27,173.5966033935547
2010-05-28,177.7590789794922
2010-05-31,179.13653564453125
2010-06-01,173.47679138183594
2010-06-02,176.8007354736328
2010-06-03,181.53228759765625
2010-06-04,181.71188354492188
2010-06-07,176.23179626464844
2010-06-08,175.24359130859375
2010-06-09,175.60296630859375
2010-06-10,175.96229553222656
2010-06-11,177.54942321777344
2010-06-14,177.10025024414062
2010-06-15,174.5248565673828
2010-06-16,175.81259155273438
2010-06-17,175.99221801757812
2010-06-18,178.74728393554688
2010-06-21,184.1974029541016
2010-06-22,182.2210235595703
2010-06-23,181.92153930664065
2010-06-24,179.0167694091797
2010-06-25,177.13018798828125
2010-06-28,178.35797119140625
2010-06-29,175.7227783203125
2010-06-30,175.3633270263672
2010-07-01,174.01577758789062
2010-07-02,173.8361358642578
2010-07-05,175.0938720703125
2010-07-06,177.7590789794922
2010-07-07,177.7590789794922
2010-07-08,179.4060516357422
2010-07-09,179.8552703857422
2010-07-12,178.74728393554688
2010-07-13,179.1066131591797
2010-07-14,175.4831085205078
2010-07-15,175.21363830566406
2010-07-16,174.91416931152344
2010-07-19,173.8361358642578
2010-07-20,175.56063842773438
2010-07-21,176.2073211669922
2010-07-22,173.0662841796875
2010-07-23,174.85235595703125
2010-07-26,174.26727294921875
2010-07-27,174.5135955810547
2010-07-28,173.9285125732422
2010-07-29,175.37586975097656
2010-07-30,177.531494140625
2010-08-02,182.7050018310547
2010-08-03,186.86231994628903
2010-08-04,187.539794921875
2010-08-05,194.1605834960937
2010-08-06,189.387435913086
2010-08-09,191.4815673828125
2010-08-10,193.08282470703125
2010-08-11,188.5868530273437
2010-08-12,191.45069885253903
2010-08-13,189.20269775390625
2010-08-16,186.7082977294922
2010-08-17,185.2917633056641
2010-08-18,189.2335357666016
2010-08-19,188.0940856933593
2010-08-20,187.97091674804688
2010-08-23,188.6791839599609
2010-08-24,186.3387451171875
2010-08-25,185.260986328125
2010-08-26,185.04544067382807
2010-08-27,184.9838714599609
2010-08-30,183.53640747070312
2010-08-31,183.0437927246093
2010-09-01,187.6321716308593
2010-09-02,190.1265563964844
2010-09-03,188.6175994873047
2010-09-06,194.4994354248047
2010-09-07,194.5609893798828
2010-09-08,195.3616180419922
2010-09-09,193.60633850097656
2010-09-13,191.45069885253903
2010-09-14,189.0179138183593
2010-09-15,188.4019775390625
2010-09-16,185.3225250244141
2010-09-17,186.2464141845703
2010-09-20,192.8981170654297
2010-09-21,191.7894744873047
2010-09-22,189.2642517089844
2010-09-23,188.12486267089844
2010-09-24,189.572265625
2010-09-27,192.3437347412109
2010-09-28,198.2255096435547
2010-09-29,193.97589111328125
2010-09-30,193.4215850830078
2010-10-01,197.11691284179688
2010-10-04,201.1202545166016
2010-10-05,199.54969787597656
2010-10-06,206.1397705078125
2010-10-07,199.1801605224609
2010-10-08,198.8722076416016
2010-10-11,202.1056671142578
2010-10-12,204.9388427734375
2010-10-13,203.029541015625
2010-10-14,202.29042053222656
2010-10-15,195.60797119140625
2010-10-18,194.5609893798828
2010-10-19,195.6387634277344
2010-10-20,197.1784820556641
2010-10-21,198.2563323974609
2010-10-22,201.36659240722656
2010-10-25,206.75572204589844
2010-10-26,203.49142456054688
2010-10-27,203.3066864013672
2010-10-28,201.1202545166016
2010-10-29,195.57720947265625
2010-11-01,201.7669372558593
2010-11-02,225.3925323486328
2010-11-03,219.3226623535156
2010-11-04,229.3145904541016
2010-11-08,227.042221069336
2010-11-09,227.3846740722656
2010-11-10,242.29461669921875
2010-11-11,233.9525909423828
2010-11-12,233.0187530517578
2010-11-15,233.79690551757807
2010-11-16,228.3807830810547
2010-11-18,235.91360473632807
2010-11-19,228.8787384033203
2010-11-22,229.2212829589844
2010-11-23,230.155029296875
2010-11-24,231.9603729248047
2010-11-25,233.267807006836
2010-11-26,231.5245513916016
2010-11-29,234.4817657470703
2010-11-30,230.3729248046875
2010-12-01,229.8126678466797
2010-12-02,229.0655212402344
2010-12-03,227.6959381103516
2010-12-06,225.1746826171875
2010-12-07,225.08120727539065
2010-12-08,221.4704742431641
2010-12-09,203.4166717529297
2010-12-10,212.9416046142578
2010-12-13,212.72373962402344
2010-12-14,214.31124877929688
2010-12-15,209.4864196777344
2010-12-16,209.2997283935547
2010-12-20,205.253173828125
2010-12-21,208.7705993652344
2010-12-22,209.7977905273437
2010-12-23,206.3426208496093
2010-12-24,205.4711151123047
2010-12-27,205.5333709716797
2010-12-28,205.56448364257807
2010-12-29,204.69288635253903
2010-12-30,211.2296295166016
2010-12-31,214.31124877929688
2011-01-03,214.56024169921875
2011-01-04,217.36167907714844
2011-01-05,212.35020446777344
2011-01-06,208.365951538086
2011-01-07,199.6814422607422
2011-01-10,197.5024871826172
2011-01-11,198.68533325195312
2011-01-12,202.5139923095703
2011-01-13,206.3115081787109
2011-01-14,198.49855041503903
2011-01-17,195.29244995117188
2011-01-18,194.66998291015625
2011-01-19,195.3858337402344
2011-01-20,197.75148010253903
2011-01-21,199.4635009765625
2011-01-24,205.43995666503903
2011-01-25,204.4127960205078
2011-01-27,203.1365966796875
2011-01-28,194.7321929931641
2011-01-31,190.99685668945312
2011-02-01,183.2462158203125
2011-02-02,182.6859893798828
2011-02-03,185.1138610839844
2011-02-04,182.90382385253903
2011-02-07,180.4447631835937
2011-02-08,175.6511993408203
2011-02-09,173.72128295898438
2011-02-10,173.69012451171875
2011-02-11,172.97421264648438
2011-02-14,180.6937713623047
2011-02-15,176.771728515625
2011-02-16,175.40216064453125
2011-02-17,176.7406005859375
2011-02-18,171.72915649414062
2011-02-21,168.9899444580078
2011-02-22,160.71006774902344
2011-02-23,156.94366455078125
2011-02-24,152.6169891357422
2011-02-25,153.3640594482422
2011-02-28,158.81134033203125
2011-03-01,164.22744750976562
2011-03-03,165.939453125
2011-03-04,166.09507751464844
2011-03-07,162.60887145996094
2011-03-08,162.63995361328125
2011-03-09,164.50758361816406
2011-03-10,165.28579711914062
2011-03-11,165.628173828125
2011-03-14,165.2235107421875
2011-03-15,161.4882354736328
2011-03-16,160.9591064453125
2011-03-17,161.42599487304688
2011-03-18,159.83851623535156
2011-03-21,156.94366455078125
2011-03-22,157.5662384033203
2011-03-23,160.49220275878906
2011-03-24,158.84243774414062
2011-03-25,162.01739501953125
2011-03-28,163.1379852294922
2011-03-29,163.35594177246094
2011-03-30,165.44142150878906
2011-03-31,163.82281494140625
2011-04-01,168.7720489501953
2011-04-04,173.69012451171875
2011-04-05,177.58106994628906
2011-04-06,177.73667907714844
2011-04-07,181.5342254638672
2011-04-08,177.0830535888672
2011-04-11,172.38279724121094
2011-04-13,175.05975341796875
2011-04-15,173.4411163330078
2011-04-18,175.77566528320312
2011-04-19,174.71737670898438
2011-04-20,174.1881561279297
2011-04-21,180.53811645507807
2011-04-25,180.56922912597656
2011-04-26,180.72491455078125
2011-04-27,179.8222198486328
2011-04-28,179.04408264160156
2011-04-29,177.39431762695312
2011-05-02,175.90020751953125
2011-05-03,177.67437744140625
2011-05-04,175.7445068359375
2011-05-05,178.63934326171875
2011-05-06,177.23863220214844
2011-05-09,168.89654541015625
2011-05-10,170.6708221435547
2011-05-11,175.6200408935547
2011-05-12,175.12196350097656
2011-05-13,177.11415100097656
2011-05-16,179.44866943359375
2011-05-17,178.7638397216797
2011-05-18,177.42539978027344
2011-05-19,174.3438262939453
2011-05-20,175.1842803955078
2011-05-23,172.196044921875
2011-05-24,174.37496948242188
2011-05-25,172.50730895996094
2011-05-26,169.89260864257812
2011-05-27,173.9391632080078
2011-05-30,177.20751953125
2011-05-31,180.3513641357422
2011-06-01,179.94674682617188
2011-06-02,182.62368774414065
2011-06-03,184.7403259277344
2011-06-06,182.62368774414065
2011-06-07,182.2190093994141
2011-06-08,182.592529296875
2011-06-09,179.6354522705078
2011-06-10,177.95460510253906
2011-06-13,177.3631134033203
2011-06-14,178.04795837402344
2011-06-15,177.3631134033203
2011-06-16,177.48765563964844
2011-06-17,173.5967559814453
2011-06-20,166.71768188476562
2011-06-21,162.8578643798828
2011-06-22,164.84999084472656
2011-06-23,164.94338989257812
2011-06-24,170.9198455810547
2011-06-27,174.09481811523438
2011-06-28,174.59288024902344
2011-06-29,176.5227508544922
2011-06-30,179.04408264160156
2011-07-01,178.70162963867188
2011-07-04,182.00115966796875
2011-07-05,178.51487731933594
2011-07-06,176.58499145507812
2011-07-07,174.3126983642578
2011-07-08,171.07545471191406
2011-07-11,169.23895263671875
2011-07-12,166.15736389160156
2011-07-13,169.23895263671875
2011-07-14,169.30123901367188
2011-07-15,174.28158569335938
2011-07-18,171.32449340820312
2011-07-19,172.445068359375
2011-07-20,171.54237365722656
2011-07-21,171.16880798339844
2011-07-22,175.2153778076172
2011-07-25,175.5577850341797
2011-07-26,172.97421264648438
2011-07-27,176.1698455810547
2011-07-28,171.89846801757812
2011-07-29,171.67698669433594
2011-08-01,172.4047088623047
2011-08-02,169.4305419921875
2011-08-03,165.57052612304688
2011-08-04,167.88026428222656
2011-08-05,160.53977966308594
2011-08-08,161.2675323486328
2011-08-09,156.20518493652344
2011-08-10,149.78233337402344
2011-08-11,150.57330322265625
2011-08-12,150.7315216064453
2011-08-16,152.21856689453125
2011-08-17,151.8072509765625
2011-08-18,142.85321044921875
2011-08-19,141.77748107910156
2011-08-22,144.56175231933594
2011-08-23,147.5991973876953
2011-08-24,148.73822021484375
2011-08-25,143.54930114746094
2011-08-26,139.27796936035156
2011-08-29,143.2645263671875
2011-08-30,150.8896942138672
2011-09-02,152.59823608398438
2011-09-05,154.11697387695312
2011-09-06,151.8705596923828
2011-09-07,155.03448486328125
2011-09-08,155.25599670410156
2011-09-09,154.84466552734375
2011-09-12,154.21188354492188
2011-09-13,154.55992126464844
2011-09-14,155.44581604003906
2011-09-15,155.06619262695312
2011-09-16,159.9702606201172
2011-09-19,160.60311889648438
2011-09-20,160.60311889648438
2011-09-21,165.7287139892578
2011-09-22,160.8245391845703
2011-09-23,158.60980224609375
2011-09-26,157.882080078125
2011-09-27,157.5973358154297
2011-09-28,153.19937133789062
2011-09-29,155.85716247558594
2011-09-30,158.51487731933594
2011-10-03,148.6432647705078
2011-10-04,145.2578582763672
2011-10-05,145.66915893554688
2011-10-07,151.49085998535156
2011-10-10,152.44009399414062
2011-10-11,153.0095672607422
2011-10-12,154.59153747558594
2011-10-13,155.28762817382812
2011-10-14,156.11024475097656
2011-10-17,152.8513946533203
2011-10-18,147.8206787109375
2011-10-19,153.10450744628906
2011-10-20,148.92807006835938
2011-10-21,147.72572326660156
2011-10-24,146.1437530517578
2011-10-25,146.9031219482422
2011-10-28,150.13038635253906
2011-10-31,148.16867065429688
2011-11-01,146.68162536621094
2011-11-02,147.06129455566406
2011-11-03,144.02391052246094
2011-11-04,146.36524963378906
2011-11-08,145.7957305908203
2011-11-09,145.6058807373047
2011-11-11,145.44769287109375
2011-11-14,142.2520751953125
2011-11-15,140.10057067871094
2011-11-16,139.72091674804688
2011-11-17,137.03152465820312
2011-11-18,129.40634155273438
2011-11-21,127.8876495361328
2011-11-22,130.9883270263672
2011-11-23,130.73524475097656
2011-11-24,136.3671112060547
2011-11-25,133.58277893066406
2011-11-28,136.05068969726562
2011-11-29,136.99986267089844
2011-11-30,137.31629943847656
2011-12-01,141.14468383789062
2011-12-02,142.60011291503906
2011-12-05,143.73912048339844
2011-12-07,140.6700897216797
2011-12-08,135.73428344726562
2011-12-09,137.0631866455078
2011-12-12,137.69593811035156
2011-12-13,140.8282928466797
2011-12-14,142.1571502685547
2011-12-15,140.7017059326172
2011-12-16,132.03244018554688
2011-12-19,125.92595672607422
2011-12-20,124.02762603759766
2011-12-21,125.57794189453124
2011-12-22,126.49549865722656
2011-12-23,125.67288970947266
2011-12-26,124.9451675415039
2011-12-27,121.844482421875
2011-12-28,119.21837615966795
2011-12-29,118.01607513427734
2011-12-30,119.91447448730467
2012-01-02,124.31234741210938
2012-01-03,133.3929901123047
2012-01-04,133.17147827148438
2012-01-05,130.48211669921875
2012-01-06,131.399658203125
2012-01-09,132.4754180908203
2012-01-10,137.12644958496094
2012-01-11,140.60678100585938
2012-01-12,143.58096313476562
2012-01-13,142.66342163085938
2012-01-16,144.37191772460938
2012-01-17,144.18211364746094
2012-01-18,142.56846618652344
2012-01-19,142.41029357910156
2012-01-20,142.72666931152344
2012-01-23,139.5626983642578
2012-01-24,145.13128662109375
2012-01-25,157.37583923339844
2012-01-27,147.69410705566406
2012-01-30,148.58004760742188
2012-01-31,147.219482421875
2012-02-01,147.47264099121094
2012-02-02,151.68072509765625
2012-02-03,155.38255310058594
2012-02-06,155.03448486328125
2012-02-07,156.01531982421875
2012-02-08,159.5906524658203
2012-02-09,160.53977966308594
2012-02-10,159.36912536621094
2012-02-13,162.280029296875
2012-02-14,163.2291717529297
2012-02-15,166.2666015625
2012-02-16,170.7278289794922
2012-02-17,171.70863342285156
2012-02-21,167.595458984375
2012-02-22,159.2108917236328
2012-02-23,155.4026641845703
2012-02-24,151.56234741210938
2012-02-27,145.6739501953125
2012-02-28,148.8422088623047
2012-02-29,154.47457885742188
2012-03-01,150.3782958984375
2012-03-02,151.5303955078125
2012-03-05,150.05825805664062
2012-03-06,150.53826904296875
2012-03-07,150.8263397216797
2012-03-09,156.90673828125
2012-03-12,164.0752410888672
2012-03-13,166.09136962890625
2012-03-14,167.17945861816406
2012-03-15,158.15484619140625
2012-03-16,154.63458251953125
2012-03-19,152.23440551757812
2012-03-20,152.13836669921875
2012-03-21,155.81866455078125
2012-03-22,156.2346649169922
2012-03-23,161.1950225830078
2012-03-26,154.47457885742188
2012-03-27,154.02651977539062
2012-03-28,155.91470336914062
2012-03-29,152.93846130371094
2012-03-30,156.4586944580078
2012-04-02,160.7469940185547
2012-04-03,163.5631866455078
2012-04-04,161.41903686523438
2012-04-09,156.04263305664062
2012-04-10,157.13075256347656
2012-04-11,154.02651977539062
2012-04-12,155.2426300048828
2012-04-13,158.09083557128906
2012-04-16,154.2505645751953
2012-04-17,156.13865661621094
2012-04-18,158.122802734375
2012-04-19,168.13949584960938
2012-04-20,164.20321655273438
2012-04-23,161.259033203125
2012-04-24,162.63516235351562
2012-04-25,163.97927856445312
2012-04-26,165.57931518554688
2012-04-27,164.39524841308594
2012-04-30,162.50711059570312
2012-05-02,161.77110290527344
2012-05-03,162.09109497070312
2012-05-04,159.30691528320312
2012-05-07,160.61900329589844
2012-05-08,156.61875915527344
2012-05-09,156.04263305664062
2012-05-10,154.73056030273438
2012-05-11,154.92259216308594
2012-05-14,155.2106475830078
2012-05-15,153.86651611328125
2012-05-16,153.9305419921875
2012-05-17,153.6425018310547
2012-05-18,157.5787353515625
2012-05-21,159.43492126464844
2012-05-22,155.78665161132812
2012-05-23,154.41058349609375
2012-05-24,155.3065948486328
2012-05-25,155.9466552734375
2012-05-28,161.57907104492188
2012-05-29,158.09083557128906
2012-05-30,157.22679138183594
2012-05-31,157.77078247070312
2012-06-01,153.6105194091797
2012-06-04,149.19424438476562
2012-06-05,150.53826904296875
2012-06-06,153.51454162597656
2012-06-07,158.41082763671875
2012-06-08,161.77110290527344
2012-06-11,166.12335205078125
2012-06-12,166.02737426757812
2012-06-13,165.41934204101562
2012-06-14,162.63516235351562
2012-06-15,164.29925537109375
2012-06-18,161.00302124023438
2012-06-19,158.6988525390625
2012-06-20,157.86680603027344
2012-06-21,160.52296447753906
2012-06-22,161.09901428222656
2012-06-25,160.29896545410156
2012-06-26,157.86680603027344
2012-06-27,157.2587890625
2012-06-28,155.46664428710938
2012-06-29,159.27491760253906
2012-07-02,161.7070770263672
2012-07-03,160.90704345703125
2012-07-04,164.7792510986328
2012-07-05,164.39524841308594
2012-07-06,164.10723876953125
2012-07-09,162.1870880126953
2012-07-10,164.04322814941406
2012-07-11,169.1956024169922
2012-07-12,167.91552734375
2012-07-13,167.3074493408203
2012-07-16,166.47540283203125
2012-07-17,166.347412109375
2012-07-18,166.6674041748047
2012-07-19,166.6674041748047
2012-07-20,165.35528564453125
2012-07-23,164.68324279785156
2012-07-24,166.02737426757812
2012-07-25,167.08343505859375
2012-07-26,163.65919494628906
2012-07-27,169.6436004638672
2012-07-30,166.5951385498047
2012-07-31,168.73553466796875
2012-08-01,166.69241333007812
2012-08-02,167.69773864746094
2012-08-03,166.53028869628906
2012-08-06,168.83285522460938
2012-08-07,169.8382110595703
2012-08-08,168.9301300048828
2012-08-09,171.10296630859375
2012-08-10,170.0652313232422
2012-08-13,170.58404541015625
2012-08-14,169.05984497070312
2012-08-16,168.24908447265625
2012-08-17,168.44371032714844
2012-08-21,169.05984497070312
2012-08-22,169.02740478515625
2012-08-23,168.3463897705078
2012-08-24,166.36813354492188
2012-08-27,167.50318908691406
2012-08-28,166.46542358398438
2012-08-29,166.8545684814453
2012-08-30,165.4925079345703
2012-08-31,163.2548065185547
2012-09-03,161.37387084960938
2012-09-04,159.33074951171875
2012-09-05,160.36849975585938
2012-09-06,160.88742065429688
2012-09-07,160.91983032226562
2012-09-10,161.2765350341797
2012-09-11,161.30899047851562
2012-09-12,163.38453674316406
2012-09-13,159.59014892578125
2012-09-14,161.60084533691406
2012-09-17,163.8709716796875
2012-09-18,166.01138305664062
2012-09-20,163.61155700683594
2012-09-21,164.68174743652344
2012-09-24,162.67105102539062
2012-09-25,162.8656463623047
2012-09-26,158.5199737548828
2012-09-27,157.90380859375
2012-09-28,160.3360595703125
2012-10-01,161.86032104492188
2012-10-03,163.51425170898438
2012-10-04,163.18995666503906
2012-10-05,163.8709716796875
2012-10-08,163.51425170898438
2012-10-09,164.1304168701172
2012-10-10,164.7466278076172
2012-10-11,162.8656463623047
2012-10-12,162.9304962158203
2012-10-15,164.38986206054688
2012-10-16,164.68174743652344
2012-10-17,166.62759399414062
2012-10-18,162.70352172851562
2012-10-19,165.36276245117188
2012-10-22,164.51962280273438
2012-10-23,164.7466278076172
2012-10-25,166.62759399414062
2012-10-29,166.8870391845703
2012-10-30,166.724853515625
2012-10-31,166.724853515625
2012-11-01,166.0762481689453
2012-11-02,165.6222381591797
2012-11-05,166.62759399414062
2012-11-06,165.36276245117188
2012-11-07,166.23841857910156
2012-11-08,167.34103393554688
2012-11-09,166.14109802246094
2012-11-12,165.42764282226562
2012-11-15,166.01138305664062
2012-11-16,166.62759399414062
2012-11-19,166.10865783691406
2012-11-20,165.88168334960938
2012-11-21,165.3303680419922
2012-11-22,162.3791961669922
2012-11-23,164.32501220703125
2012-11-26,164.90875244140625
2012-11-27,164.7141876220703
2012-11-29,164.32501220703125
2012-11-30,164.51962280273438
2012-12-03,165.97898864746094
2012-12-04,167.2437744140625
2012-12-05,167.2113037109375
2012-12-06,167.40594482421875
2012-12-07,167.63287353515625
2012-12-10,167.6653289794922
2012-12-11,167.79505920410156
2012-12-12,167.34103393554688
2012-12-13,166.75729370117188
2012-12-14,167.3734893798828
2012-12-17,167.98963928222656
2012-12-18,169.7084503173828
2012-12-19,178.07550048828125
2012-12-20,181.0591278076172
2012-12-21,177.4917449951172
2012-12-24,173.85951232910156
2012-12-26,173.76226806640625
2012-12-27,171.07057189941406
2012-12-28,173.60011291503906
2012-12-31,171.52455139160156
2013-01-01,172.85421752929688
2013-01-02,173.95687866210938
2013-01-03,176.35667419433594
2013-01-04,181.3834228515625
2013-01-07,180.60508728027344
2013-01-08,177.1026153564453
2013-01-09,177.0701904296875
2013-01-10,171.20028686523438
2013-01-11,166.82212829589844
2013-01-14,164.94119262695312
2013-01-15,171.9785919189453
2013-01-16,169.09230041503906
2013-01-17,167.4707794189453
2013-01-18,164.22767639160156
2013-01-21,161.30899047851562
2013-01-22,159.36317443847656
2013-01-23,158.16322326660156
2013-01-24,157.2227325439453
2013-01-25,159.13613891601562
2013-01-28,160.95220947265625
2013-01-29,159.03883361816406
2013-01-30,158.2280731201172
2013-01-31,158.81185913085938
2013-02-01,155.37423706054688
2013-02-04,157.25515747070312
2013-02-05,151.0285186767578
2013-02-06,155.5039520263672
2013-02-07,155.66607666015625
2013-02-08,160.9846649169922
2013-02-11,159.23345947265625
2013-02-12,159.59014892578125
2013-02-13,159.2010040283203
2013-02-14,155.5687713623047
2013-02-15,166.0762481689453
2013-02-18,161.54782104492188
2013-02-19,159.4148406982422
2013-02-20,159.05384826660156
2013-02-21,157.64280700683594
2013-02-22,156.1005401611328
2013-02-25,157.15060424804688
2013-02-26,153.7707061767578
2013-02-27,155.2473602294922
2013-02-28,155.67396545410156
2013-03-01,153.311279296875
2013-03-04,153.311279296875
2013-03-05,150.35794067382812
2013-03-06,156.06771850585938
2013-03-07,156.72401428222656
2013-03-08,156.6912078857422
2013-03-11,157.70843505859375
2013-03-12,155.67396545410156
2013-03-13,155.44424438476562
2013-03-14,150.6532440185547
2013-03-15,152.22836303710938
2013-03-18,151.76895141601562
2013-03-19,151.0142059326172
2013-03-20,150.5876007080078
2013-03-21,150.81732177734375
2013-03-22,151.27674865722656
2013-03-25,150.94857788085938
2013-03-26,151.14549255371094
2013-03-28,151.0142059326172
2013-04-01,147.37179565429688
2013-04-02,153.9676055908203
2013-04-03,152.75340270996094
2013-04-04,150.98143005371094
2013-04-05,150.7845001220703
2013-04-08,150.85015869140625
2013-04-09,152.7862548828125
2013-04-10,149.1437530517578
2013-04-11,148.4874725341797
2013-04-12,146.91236877441406
2013-04-15,142.71205139160156
2013-04-16,143.46681213378906
2013-04-17,139.2336883544922
2013-04-18,136.345947265625
2013-04-22,140.84158325195312
2013-04-23,137.2975616455078
2013-04-25,137.10069274902344
2013-04-26,138.18360900878906
2013-04-29,141.66200256347656
2013-04-30,142.48231506347656
2013-05-02,145.10752868652344
2013-05-03,149.3734588623047
2013-05-06,152.3924560546875
2013-05-07,151.47361755371094
2013-05-08,151.5720672607422
2013-05-09,154.78793334960938
2013-05-10,157.05215454101562
2013-05-13,157.57720947265625
2013-05-14,158.88978576660156
2013-05-15,159.48045349121094
2013-05-16,159.5132598876953
2013-05-17,160.36648559570312
2013-05-20,162.1384735107422
2013-05-21,159.5132598876953
2013-05-22,159.21792602539062
2013-05-23,158.56166076660156
2013-05-24,159.18511962890625
2013-05-27,160.03834533691406
2013-05-28,161.4493408203125
2013-05-29,165.2230682373047
2013-05-30,161.84315490722656
2013-05-31,160.92430114746094
2013-06-03,165.1246337890625
2013-06-04,160.59616088867188
2013-06-05,160.3336639404297
2013-06-06,158.95542907714844
2013-06-07,156.95370483398438
2013-06-10,157.93817138671875
2013-06-11,155.80520629882812
2013-06-12,151.83462524414062
2013-06-13,152.1627197265625
2013-06-14,149.17662048339844
2013-06-17,149.30784606933594
2013-06-18,144.8778533935547
2013-06-19,147.1748809814453
2013-06-20,148.35623168945312
2013-06-21,144.15586853027344
2013-06-24,132.30967712402344
2013-06-25,135.3615264892578
2013-06-26,135.13180541992188
2013-06-27,135.29586791992188
2013-06-28,139.9227752685547
2013-07-01,139.66026306152344
2013-07-02,140.97288513183594
2013-07-03,138.281982421875
2013-07-04,142.0885467529297
2013-07-05,140.185302734375
2013-07-08,141.69476318359375
2013-07-09,139.79150390625
2013-07-10,139.79150390625
2013-07-11,141.0384979248047
2013-07-12,141.0384979248047
2013-07-15,140.34939575195312
2013-07-16,140.54624938964844
2013-07-17,140.54624938964844
2013-07-18,141.23538208007812
2013-07-19,141.3666229248047
2013-07-22,140.7759552001953
2013-07-23,141.72755432128906
2013-07-24,141.72755432128906
2013-07-25,143.1714630126953
2013-07-26,147.29269409179688
2013-07-29,147.29269409179688
2013-07-30,147.46023559570312
2013-07-31,147.69473266601562
2013-08-01,148.0968475341797
2013-08-02,154.26197814941406
2013-08-05,151.9165496826172
2013-08-06,155.16664123535156
2013-08-07,158.11517333984375
2013-08-08,160.56112670898438
2013-08-12,162.97357177734375
2013-08-13,163.81121826171875
2013-08-14,165.18492126464844
2013-08-16,164.21322631835938
2013-08-19,164.7493896484375
2013-08-20,165.0509490966797
2013-08-21,167.96595764160156
2013-08-22,166.32418823242188
2013-08-23,167.53036499023438
2013-08-26,168.16697692871094
2013-08-27,168.16697692871094
2013-08-28,169.00465393066406
2013-08-29,171.38357543945312
2013-08-30,169.40673828125
2013-09-02,172.2212371826172
2013-09-03,170.84747314453125
2013-09-04,170.81398010253906
2013-09-05,171.9866485595703
2013-09-06,172.99185180664062
2013-09-10,176.20846557617188
2013-09-11,177.7162322998047
2013-09-12,179.9611053466797
2013-09-13,181.7704162597656
2013-09-16,181.7704162597656
2013-09-17,181.3348999023437
2013-09-18,182.608139038086
2013-09-19,185.9586944580078
2013-09-20,181.2678985595703
2013-09-23,179.5925750732422
2013-09-24,178.18533325195312
2013-09-25,183.9818572998047
2013-09-26,199.32765197753903
2013-09-27,193.196044921875
2013-09-30,193.9667205810547
2013-10-01,190.2810211181641
2013-10-03,191.9227905273437
2013-10-04,193.09556579589844
2013-10-07,194.90484619140625
2013-10-08,195.87649536132807
2013-10-09,195.5079345703125
2013-10-10,195.67547607421875
2013-10-11,186.82986450195312
2013-10-14,187.6675262451172
2013-10-15,187.73452758789065
2013-10-17,193.7321319580078
2013-10-18,191.6547393798828
2013-10-21,187.56695556640625
2013-10-22,189.04129028320312
2013-10-23,188.0360717773437
2013-10-24,187.7010498046875
2013-10-25,187.16490173339844
2013-10-28,186.1932678222656
2013-10-29,187.23199462890625
2013-10-30,187.06442260742188
2013-10-31,186.7628936767578
2013-11-01,187.56695556640625
2013-11-05,194.0672149658203
2013-11-06,193.464111328125
2013-11-07,198.8250427246093
2013-11-08,194.167709350586
2013-11-11,194.03369140625
2013-11-12,193.16249084472656
2013-11-13,192.9615020751953
2013-11-14,191.688232421875
2013-11-18,191.78878784179688
2013-11-19,200.9359130859375
2013-11-20,202.3432464599609
2013-11-21,198.0879364013672
2013-11-22,196.41259765625
2013-11-25,197.65240478515625
2013-11-26,190.14697265625
2013-11-27,190.3144989013672
2013-11-28,192.3249053955078
2013-11-29,199.7967834472656
2013-12-02,200.868881225586
2013-12-03,196.04400634765625
2013-12-04,193.56460571289065
2013-12-05,192.72691345214844
2013-12-06,195.8094940185547
2013-12-09,197.3173065185547
2013-12-10,193.7991638183593
2013-12-11,194.97189331054688
2013-12-12,196.5131225585937
2013-12-13,193.8326416015625
2013-12-16,195.20635986328125
2013-12-17,191.8222503662109
2013-12-18,192.9615020751953
2013-12-19,193.0620574951172
2013-12-20,194.3352203369141
2013-12-23,208.47482299804688
2013-12-24,207.7376708984375
2013-12-26,207.1681060791016
2013-12-27,209.44650268554688
2013-12-30,214.1708526611328
2013-12-31,213.06509399414065
2014-01-01,213.8357849121093
2014-01-02,212.5960388183593
2014-01-03,209.27896118164065
2014-01-06,207.53665161132807
2014-01-07,207.87173461914065
2014-01-08,209.64752197265625
2014-01-09,206.4309234619141
2014-01-10,205.2247467041016
2014-01-13,200.70135498046875
2014-01-14,206.2634429931641
2014-01-15,204.052001953125
2014-01-16,201.43853759765625
2014-01-17,199.76319885253903
2014-01-20,199.16012573242188
2014-01-21,199.16012573242188
2014-01-22,199.16012573242188
2014-01-23,200.33282470703125
2014-01-24,198.05438232421875
2014-01-27,197.51834106445312
2014-01-28,197.250244140625
2014-01-29,196.81466674804688
2014-01-30,199.6291961669922
2014-01-31,196.7141571044922
2014-02-03,196.47967529296875
2014-02-04,196.3456420898437
2014-02-05,195.2733917236328
2014-02-06,194.30177307128903
2014-02-07,194.3352203369141
2014-02-10,193.16249084472656
2014-02-11,191.520736694336
2014-02-12,190.95114135742188
2014-02-13,192.9615020751953
2014-02-14,193.22952270507807
2014-02-17,197.2048797607422
2014-02-18,200.8744659423828
2014-02-19,203.89840698242188
2014-02-20,206.7864532470703
2014-02-21,214.2955322265625
2014-02-24,220.1396331787109
2014-02-25,219.7318878173828
2014-02-26,213.95571899414065
2014-02-28,211.03369140625
2014-03-03,205.42739868164065
2014-03-04,211.33950805664065
2014-03-05,211.4074859619141
2014-03-06,212.80050659179688
2014-03-07,213.8878173828125
2014-03-10,214.53335571289065
2014-03-11,217.319580078125
2014-03-12,212.9024200439453
2014-03-13,212.80050659179688
2014-03-14,210.11636352539065
2014-03-18,213.2422637939453
2014-03-19,217.6932373046875
2014-03-20,229.4493865966797
2014-03-21,232.3035430908203
2014-03-24,231.72596740722656
2014-03-25,231.997802734375
2014-03-26,234.3761444091797
2014-03-27,228.3621520996093
2014-03-28,230.1629943847656
2014-03-31,231.420150756836
2014-04-01,230.94448852539065
2014-04-02,229.38150024414065
2014-04-03,231.96383666992188
2014-04-04,229.95916748046875
2014-04-07,229.6533050537109
2014-04-09,234.74996948242188
2014-04-10,232.0317840576172
2014-04-11,237.57009887695312
2014-04-15,237.67198181152344
2014-04-16,237.57009887695312
2014-04-17,234.85183715820312
2014-04-21,235.1576385498047
2014-04-22,234.036376953125
2014-04-23,236.041015625
2014-04-24,236.041015625
2014-04-25,229.48342895507807
2014-04-28,222.92578125
2014-04-29,231.6919860839844
2014-04-30,227.58067321777344
2014-05-02,233.2209625244141
2014-05-05,229.6533050537109
2014-05-06,229.78924560546875
2014-05-07,230.57069396972656
2014-05-08,231.1482696533203
2014-05-09,229.24562072753903
2014-05-12,229.9251403808593
2014-05-13,233.4928131103516
2014-05-14,234.4441375732422
2014-05-15,233.08506774902344
2014-05-16,234.3761444091797
2014-05-19,227.58067321777344
2014-05-20,235.12368774414065
2014-05-21,240.76388549804688
2014-05-22,245.45274353027344
2014-05-23,246.7439727783203
2014-05-26,244.1616058349609
2014-05-27,246.8458404541016
2014-05-28,248.34092712402344
2014-05-29,248.069091796875
2014-05-30,250.3795928955078
2014-06-02,244.6033630371093
2014-06-03,242.42881774902344
2014-06-04,244.84117126464844
2014-06-05,255.91783142089844
2014-06-06,249.054428100586
2014-06-09,248.44287109375
2014-06-10,254.04920959472656
2014-06-11,256.76727294921875
2014-06-12,256.1896667480469
2014-06-13,258.160400390625
2014-06-16,255.612045288086
2014-06-17,257.44683837890625
2014-06-18,252.7919006347656
2014-06-19,253.1996307373047
2014-06-20,253.60748291015625
2014-06-23,250.48147583007807
2014-06-24,245.5547332763672
2014-06-25,245.9284820556641
2014-06-26,250.3795928955078
2014-06-27,247.1856689453125
2014-06-30,247.9331817626953
2014-07-01,245.5547332763672
2014-07-02,248.646713256836
2014-07-03,249.394271850586
2014-07-04,254.52471923828125
2014-07-07,254.83053588867188
2014-07-08,253.5734405517578
2014-07-09,249.1903686523437
2014-07-10,250.14170837402344
2014-07-11,240.1862945556641
2014-07-14,239.9485321044922
2014-07-15,242.9045562744141
2014-07-16,244.05972290039065
2014-07-17,244.4335327148437
2014-07-18,245.3848419189453
2014-07-21,250.5834197998047
2014-07-22,245.79254150390625
2014-07-23,245.89459228515625
2014-07-24,245.9964141845703
2014-07-25,250.41346740722656
2014-07-28,248.68067932128903
2014-07-30,250.5834197998047
2014-07-31,249.5640411376953
2014-08-01,240.4581451416016
2014-08-04,241.5793914794922
2014-08-05,244.9770965576172
2014-08-06,242.2249298095703
2014-08-07,242.93844604492188
2014-08-08,243.92388916015625
2014-08-11,242.0211334228516
2014-08-12,247.865234375
2014-08-13,247.4872894287109
2014-08-14,246.86886596679688
2014-08-18,250.30438232421875
2014-08-19,247.96827697753903
2014-08-20,249.54852294921875
2014-08-21,251.7816619873047
2014-08-22,252.5030059814453
2014-08-25,253.1558074951172
2014-08-26,249.58287048339844
2014-08-27,252.9152984619141
2014-08-28,253.3618621826172
2014-09-01,261.1258850097656
2014-09-02,273.73394775390625
2014-09-03,273.8368530273437
2014-09-04,268.0997619628906
2014-09-05,272.5659484863281
2014-09-08,272.6346130371094
2014-09-09,272.0162353515625
2014-09-10,277.7532958984375
2014-09-11,289.2619934082031
2014-09-12,290.18951416015625
2014-09-15,313.68780517578125
2014-09-16,299.1903381347656
2014-09-17,294.4291687011719
2014-09-18,291.05810546875
2014-09-19,301.3101806640625
2014-09-22,299.8158569335937
2014-09-23,295.1589050292969
2014-09-24,288.0693054199219
2014-09-25,283.620849609375
2014-09-26,282.1612243652344
2014-09-29,294.2553405761719
2014-09-30,300.1634216308594
2014-10-01,306.2104797363281
2014-10-07,293.35174560546875
2014-10-08,288.97283935546875
2014-10-09,291.787841796875
2014-10-10,283.620849609375
2014-10-13,282.230712890625
2014-10-14,286.2968139648437
2014-10-15,286.2968139648437
2014-10-16,276.843994140625
2014-10-17,270.9707336425781
2014-10-20,272.5693359375
2014-10-21,271.9437561035156
2014-10-22,275.28009033203125
2014-10-27,272.2566223144531
2014-10-28,268.3989562988281
2014-10-29,274.7240905761719
2014-10-30,273.43817138671875
2014-10-31,277.0177001953125
2014-11-03,275.9403686523437
2014-11-05,273.36865234375
2014-11-07,277.2958679199219
2014-11-10,277.5043029785156
2014-11-11,277.92138671875
2014-11-12,273.4034423828125
2014-11-13,272.7084350585937
2014-11-14,277.0525207519531
2014-11-17,277.4695739746094
2014-11-18,277.33056640625
2014-11-19,282.9605712890625
2014-11-20,285.49755859375
2014-11-21,276.635498046875
2014-11-24,279.0334777832031
2014-11-25,267.4258728027344
2014-11-26,265.72296142578125
2014-11-27,264.2633361816406
2014-11-28,277.3653259277344
2014-12-01,274.0637512207031
2014-12-02,273.2296142578125
2014-12-03,277.9908752441406
2014-12-04,279.9717712402344
2014-12-05,280.632080078125
2014-12-08,276.9135131835937
2014-12-09,277.5390014648437
2014-12-10,279.5895690917969
2014-12-11,273.1949157714844
2014-12-12,271.4920959472656
2014-12-15,262.3171691894531
2014-12-16,248.2421264648437
2014-12-17,262.8731994628906
2014-12-18,264.0200500488281
2014-12-19,256.7566223144531
2014-12-22,248.41583251953125
2014-12-23,241.6390075683593
2014-12-24,248.10308837890625
2014-12-26,244.1065216064453
2014-12-29,245.73989868164065
2014-12-30,246.40020751953125
2014-12-31,251.5436553955078
2015-01-01,254.8104553222656
2015-01-02,261.205078125
2015-01-05,263.08172607421875
2015-01-06,258.73760986328125
2015-01-07,250.04934692382807
2015-01-08,248.9371795654297
2015-01-09,243.4114227294922
2015-01-12,243.967514038086
2015-01-13,243.2723846435547
2015-01-14,245.149154663086
2015-01-15,243.48085021972656
2015-01-16,243.30715942382807
2015-01-19,241.9865875244141
2015-01-20,243.967514038086
2015-01-21,244.384521484375
2015-01-22,243.759017944336
2015-01-23,247.68609619140625
2015-01-27,259.015625
2015-01-28,252.7947540283203
2015-01-29,243.61990356445312
2015-01-30,250.153549194336
2015-02-02,247.6513061523437
2015-02-03,245.0447540283203
2015-02-04,242.0213623046875
2015-02-05,230.2052001953125
2015-02-06,240.2489318847656
2015-02-09,236.07850646972656
2015-02-10,236.73883056640625
2015-02-11,245.2533721923828
2015-02-12,243.09866333007807
2015-02-13,244.1065216064453
2015-02-16,246.747787475586
2015-02-18,238.92823791503903
2015-02-19,242.78585815429688
2015-02-20,240.9092254638672
2015-02-23,237.92042541503903
2015-02-24,245.8441467285156
2015-02-25,247.1648406982422
2015-02-26,252.51675415039065
2015-02-27,255.7835235595703
2015-03-02,253.3508453369141
2015-03-03,259.0503845214844
2015-03-04,257.6602783203125
2015-03-05,255.0190277099609
2015-03-09,251.6131286621093
2015-03-10,248.3115997314453
2015-03-11,244.66256713867188
2015-03-12,243.8978729248047
2015-03-13,238.89352416992188
2015-03-16,236.3912506103516
2015-03-17,240.2836151123047
2015-03-18,240.8049468994141
2015-03-19,235.6614685058593
2015-03-20,232.7769470214844
2015-03-23,235.07061767578125
2015-03-24,240.8049468994141
2015-03-25,239.414794921875
2015-03-26,236.1480407714844
2015-03-27,235.55723571777344
2015-03-30,247.8250732421875
2015-03-31,254.25445556640625
2015-04-01,251.6131286621093
2015-04-06,246.6782684326172
2015-04-07,244.4888153076172
2015-04-08,242.71636962890625
2015-04-09,240.8744201660156
2015-04-10,241.9169769287109
2015-04-13,242.29933166503903
2015-04-15,237.98995971679688
2015-04-16,238.44168090820312
2015-04-17,239.20626831054688
2015-04-20,237.0516052246093
2015-04-21,239.6233367919922
2015-04-22,235.14016723632807
2015-04-23,240.52691650390625
2015-04-24,239.20626831054688
2015-04-27,237.39913940429688
2015-04-28,234.8968811035156
2015-04-29,228.9193725585937
2015-04-30,236.63455200195312
2015-05-04,241.6390075683593
2015-05-05,246.4349060058593
2015-05-06,242.99444580078125
2015-05-07,243.93267822265625
2015-05-08,246.40020751953125
2015-05-11,242.82066345214844
2015-05-12,243.51568603515625
2015-05-13,245.983139038086
2015-05-14,243.0638885498047
2015-05-15,243.2723846435547
2015-05-18,243.30715942382807
2015-05-19,240.3531036376953
2015-05-20,239.51910400390625
2015-05-21,242.95965576171875
2015-05-22,240.63116455078125
2015-05-25,238.3374481201172
2015-05-26,239.76231384277344
2015-05-27,243.13340759277344
2015-05-28,241.95181274414065
2015-05-29,236.6693420410156
2015-06-01,238.1636657714844
2015-06-02,233.47195434570312
2015-06-03,232.60317993164065
2015-06-04,230.7960205078125
2015-06-05,231.03927612304688
2015-06-08,231.6648712158203
2015-06-09,232.7769470214844
2015-06-10,242.05604553222656
2015-06-11,246.40020751953125
2015-06-12,241.8823089599609
2015-06-15,241.7780303955078
2015-06-16,245.2533721923828
2015-06-17,245.5313415527344
2015-06-18,243.93267822265625
2015-06-19,246.36553955078125
2015-06-22,243.79367065429688
2015-06-23,244.87106323242188
2015-06-24,241.95181274414065
2015-06-25,241.39572143554688
2015-06-26,236.07850646972656
2015-06-29,233.9933013916016
2015-06-30,232.1861267089844
2015-07-01,237.43394470214844
2015-07-02,237.7118682861328
2015-07-03,236.8778076171875
2015-07-06,237.8509826660156
2015-07-07,237.7118682861328
2015-07-08,236.5650177001953
2015-07-09,236.6693420410156
2015-07-10,240.5616455078125
2015-07-13,242.1950836181641
2015-07-14,241.4304351806641
2015-07-15,242.05604553222656
2015-07-16,244.00216674804688
2015-07-17,244.03697204589844
2015-07-20,245.566146850586
2015-07-21,249.9450225830078
2015-07-22,250.3968505859375
2015-07-23,247.0257263183593
2015-07-24,245.18380737304688
2015-07-27,243.37667846679688
2015-07-28,241.6390075683593
2015-07-29,239.3104705810547
2015-07-30,239.93614196777344
2015-07-31,241.4304351806641
2015-08-03,251.85647583007807
2015-08-04,252.7424468994141
2015-08-05,254.0535888671875
2015-08-06,257.3138427734375
2015-08-07,262.98388671875
2015-08-10,267.0238647460937
2015-08-11,271.2763977050781
2015-08-12,271.2763977050781
2015-08-13,277.9740905761719
2015-08-14,286.8689880371094
2015-08-17,279.2498779296875
2015-08-18,279.8167724609375
2015-08-19,286.9398498535156
2015-08-20,276.0603942871094
2015-08-21,277.0172424316406
2015-08-24,251.64376831054688
2015-08-25,264.29510498046875
2015-08-26,265.92529296875
2015-08-27,262.0979309082031
2015-08-28,258.6958923339844
2015-08-31,260.7867431640625
2015-09-01,256.5343017578125
2015-09-02,257.9872131347656
2015-09-03,262.62957763671875
2015-09-04,253.52198791503903
2015-09-07,247.4267120361328
2015-09-08,243.31597900390625
2015-09-09,246.11550903320312
2015-09-10,252.6360321044922
2015-09-11,258.8731689453125
2015-09-14,262.7359313964844
2015-09-15,262.2397155761719
2015-09-16,260.5741271972656
2015-09-18,263.1256103515625
2015-09-21,259.1211853027344
2015-09-22,250.01364135742188
2015-09-23,255.43569946289065
2015-09-24,262.2042541503906
2015-09-28,259.262939453125
2015-09-29,255.1876220703125
2015-09-30,261.67266845703125
2015-10-01,255.6482391357422
2015-10-05,255.0104522705078
2015-10-06,252.9904327392578
2015-10-07,255.2230529785156
2015-10-08,254.7977905273437
2015-10-09,255.40028381347656
2015-10-12,255.82557678222656
2015-10-13,254.72686767578125
2015-10-14,257.1012268066406
2015-10-15,253.3802947998047
2015-10-16,262.2397155761719
2015-10-19,263.4091796875
2015-10-20,263.7635498046875
2015-10-21,258.6250305175781
2015-10-23,259.2983703613281
2015-10-26,260.46783447265625
2015-10-27,258.8377380371094
2015-10-28,258.80224609375
2015-10-29,265.287353515625
2015-10-30,267.66168212890625
2015-11-02,271.34722900390625
2015-11-03,264.9684753417969
2015-11-04,268.2641296386719
2015-11-05,263.0548400878906
2015-11-06,264.4368591308594
2015-11-09,286.6563720703125
2015-11-10,282.01397705078125
2015-11-13,283.5378112792969
2015-11-16,281.5179138183594
2015-11-17,285.3451232910156
2015-11-18,279.8523254394531
2015-11-19,278.0094909667969
2015-11-20,272.9773864746094
2015-11-23,272.7293395996094
2015-11-24,265.4291076660156
2015-11-26,267.62628173828125
2015-11-27,270.2840881347656
2015-11-30,268.228759765625
2015-12-01,271.17010498046875
2015-12-02,268.5476379394531
2015-12-03,262.98388671875
2015-12-04,258.9440002441406
2015-12-07,258.9440002441406
2015-12-08,256.1089782714844
2015-12-09,253.2030792236328
2015-12-10,256.7823181152344
2015-12-11,253.23849487304688
2015-12-14,253.16766357421875
2015-12-15,265.57086181640625
2015-12-16,265.1101989746094
2015-12-17,266.8466491699219
2015-12-18,259.9717102050781
2015-12-21,267.2718811035156
2015-12-22,258.7668151855469
2015-12-23,260.00714111328125
2015-12-24,261.95623779296875
2015-12-28,265.78350830078125
2015-12-29,259.08575439453125
2015-12-30,259.4047546386719
2015-12-31,260.96392822265625
2016-01-01,262.34600830078125
2016-01-04,259.33380126953125
2016-01-05,260.8577575683594
2016-01-06,261.8499450683594
2016-01-07,259.82989501953125
2016-01-08,261.8144836425781
2016-01-11,261.3891906738281
2016-01-12,259.9717102050781
2016-01-13,254.0535888671875
2016-01-14,248.98602294921875
2016-01-15,243.8120574951172
2016-01-18,234.49191284179688
2016-01-19,236.08660888671875
2016-01-20,230.48748779296875
2016-01-21,231.40887451171875
2016-01-22,236.6182098388672
2016-01-25,238.60269165039065
2016-01-27,233.7831420898437
2016-01-28,238.17739868164065
2016-01-29,238.4254913330078
2016-02-01,239.06344604492188
2016-02-02,237.6458740234375
2016-02-03,236.65362548828125
2016-02-04,238.2838287353516
2016-02-05,233.818603515625
2016-02-08,234.49191284179688
2016-02-09,231.1608123779297
2016-02-10,224.32125854492188
2016-02-11,214.3277740478516
2016-02-12,204.3343505859375
2016-02-15,217.50787353515625
2016-02-16,217.90597534179688
2016-02-17,212.6221160888672
2016-02-18,214.82974243164065
2016-02-19,213.4183044433593
2016-02-22,214.0697631835937
2016-02-23,211.75352478027344
2016-02-24,210.1610565185547
2016-02-25,204.73245239257807
2016-02-26,202.27149963378903
2016-02-29,204.7686920166016
2016-03-01,202.3800811767578
2016-03-02,201.25808715820312
2016-03-03,213.961166381836
2016-03-04,217.97840881347656
2016-03-08,223.15377807617188
2016-03-09,221.1269989013672
2016-03-10,229.30612182617188
2016-03-11,226.0127716064453
2016-03-14,224.3841552734375
2016-03-15,227.2794342041016
2016-03-16,229.7767028808593
2016-03-17,229.6655120849609
2016-03-18,225.5880889892578
2016-03-21,228.51638793945312
2016-03-22,223.0675201416016
2016-03-23,226.14407348632807
2016-03-28,226.403549194336
2016-03-29,226.03286743164065
2016-03-30,229.9619598388672
2016-03-31,231.14805603027344
2016-04-01,248.79185485839844
2016-04-04,253.90711975097656
2016-04-05,243.97317504882807
2016-04-06,243.1207275390625
2016-04-07,246.4937438964844
2016-04-08,247.605697631836
2016-04-11,240.00704956054688
2016-04-12,243.93606567382807
2016-04-13,243.41717529296875
2016-04-18,250.4227600097656
2016-04-20,244.0843811035156
2016-04-21,248.08761596679688
2016-04-22,245.0852203369141
2016-04-25,248.27296447753903
2016-04-26,246.4937438964844
2016-04-27,247.56866455078125
2016-04-28,243.5654144287109
2016-04-29,243.41717529296875
2016-05-02,245.937744140625
2016-05-03,243.60256958007807
2016-05-04,240.7483673095703
2016-05-05,232.22303771972656
2016-05-06,227.700912475586
2016-05-09,231.2593231201172
2016-05-10,229.6284027099609
2016-05-11,228.1086883544922
2016-05-12,227.4043426513672
2016-05-13,227.44142150878903
2016-05-16,227.1449432373047
2016-05-17,227.6267852783203
2016-05-18,227.700912475586
2016-05-19,227.1449432373047
2016-05-20,232.5936584472656
2016-05-23,229.07237243652344
2016-05-24,231.0369567871093
2016-05-25,231.0739898681641
2016-05-26,230.1844024658203
2016-05-27,230.33273315429688
2016-05-30,230.51803588867188
2016-05-31,227.96031188964844
2016-06-01,231.0369567871093
2016-06-02,229.8878173828125
2016-06-03,227.58973693847656
2016-06-06,226.25534057617188
2016-06-07,228.924072265625
2016-06-08,227.58973693847656
2016-06-09,232.7049102783203
2016-06-10,227.1078491210937
2016-06-13,228.961166381836
2016-06-14,229.1094207763672
2016-06-15,228.5904998779297
2016-06-16,229.6284027099609
2016-06-17,229.7767028808593
2016-06-20,227.700912475586
2016-06-21,232.44541931152344
2016-06-22,232.14889526367188
2016-06-23,228.924072265625
2016-06-24,223.8459014892578
2016-06-27,227.5526733398437
2016-06-28,228.4422607421875
2016-06-29,231.59292602539065
2016-06-30,232.2972106933593
2016-07-01,230.666259765625
2016-07-04,235.0401306152344
2016-07-05,244.01031494140625
2016-07-07,238.8208770751953
2016-07-08,235.299560546875
2016-07-11,236.0779724121093
2016-07-12,236.30035400390625
2016-07-13,240.11822509765625
2016-07-14,241.9345092773437
2016-07-15,241.71206665039065
2016-07-18,240.6742553710937
2016-07-19,241.19322204589844
2016-07-20,245.5299530029297
2016-07-21,247.53160095214844
2016-07-22,248.8660125732422
2016-07-25,247.7169342041016
2016-07-26,248.68067932128903
2016-07-27,251.60894775390625
2016-07-28,254.9449615478516
2016-07-29,248.49526977539065
2016-08-01,260.1713562011719
2016-08-02,262.24713134765625
2016-08-03,259.4300231933594
2016-08-04,263.91510009765625
2016-08-05,269.1044311523437
2016-08-08,270.73541259765625
2016-08-09,269.4010009765625
2016-08-10,261.2834167480469
2016-08-11,257.61376953125
2016-08-12,252.9804077148437
2016-08-16,252.27609252929688
2016-08-17,258.7257995605469
2016-08-18,259.57830810546875
2016-08-19,257.6508483886719
2016-08-22,258.2809753417969
2016-08-23,253.16574096679688
2016-08-24,253.3511199951172
2016-08-25,254.9449615478516
2016-08-26,252.9804077148437
2016-08-29,253.2769775390625
2016-08-30,267.5105285644531
2016-08-31,273.4412536621094
2016-09-01,266.3243713378906
2016-09-02,274.2196655273437
2016-09-06,269.5492553710937
2016-09-07,266.17608642578125
2016-09-08,271.2913513183594
2016-09-09,268.1407165527344
2016-09-12,264.6193542480469
2016-09-14,267.77001953125
2016-09-15,271.95855712890625
2016-09-16,270.4017944335937
2016-09-19,270.58709716796875
2016-09-20,276.035888671875
2016-09-21,275.3686828613281
2016-09-22,277.740966796875
2016-09-23,275.59112548828125
2016-09-26,274.4790954589844
2016-09-27,274.2567138671875
2016-09-28,274.4420471191406
2016-09-29,259.8377380371094
2016-09-30,261.0609436035156
2016-10-03,272.1439514160156
2016-10-04,272.21807861328125
2016-10-05,274.7756652832031
2016-10-06,276.66607666015625
2016-10-07,278.8160095214844
2016-10-10,284.2647399902344
2016-10-13,277.2221069335937
2016-10-14,274.8867492675781
2016-10-17,272.9964904785156
2016-10-18,279.075439453125
2016-10-19,276.7402038574219
2016-10-20,285.5620422363281
2016-10-21,284.1534729003906
2016-10-24,276.9255676269531
2016-10-25,272.62579345703125
2016-10-26,268.4742736816406
2016-10-27,270.6983642578125
2016-10-28,276.5919189453125
2016-11-01,286.6741027832031
2016-11-02,274.5902709960937
2016-11-03,270.6983642578125
2016-11-04,264.5452880859375
2016-11-07,263.6556701660156
2016-11-08,268.3260498046875
2016-11-09,266.4726867675781
2016-11-10,268.437255859375
2016-11-11,268.2519226074219
2016-11-15,266.5097351074219
2016-11-16,260.24542236328125
2016-11-17,266.10211181640625
2016-11-18,259.3929443359375
2016-11-21,263.5444030761719
2016-11-22,267.0657653808594
2016-11-23,263.2108459472656
2016-11-24,257.7620544433594
2016-11-25,268.177734375
2016-11-28,265.5459899902344
2016-11-29,262.8772277832031
2016-11-30,269.21563720703125
2016-12-01,261.35748291015625
2016-12-02,264.248779296875
2016-12-05,269.1044311523437
2016-12-06,275.7023010253906
2016-12-07,270.1423034667969
2016-12-08,279.00128173828125
2016-12-09,277.0738525390625
2016-12-12,277.9633483886719
2016-12-13,273.25592041015625
2016-12-14,274.0343017578125
2016-12-15,272.0697021484375
2016-12-16,270.8466491699219
2016-12-19,270.5130310058594
2016-12-20,269.5492553710937
2016-12-21,267.6217346191406
2016-12-22,269.5862731933594
2016-12-23,265.6943359375
2016-12-26,261.0980529785156
2016-12-27,259.4300231933594
2016-12-28,261.8764038085937
2016-12-29,267.102783203125
2016-12-30,269.0673828125
2017-01-02,271.6249694824219
2017-01-03,275.40576171875
2017-01-04,278.2599182128906
2017-01-05,282.9674072265625
2017-01-06,285.2655029296875
2017-01-09,285.59912109375
2017-01-10,285.488037109375
2017-01-11,284.524169921875
2017-01-12,286.6369934082031
2017-01-13,283.30096435546875
2017-01-16,286.0068664550781
2017-01-17,285.4508972167969
2017-01-18,286.37750244140625
2017-01-19,298.127685546875
2017-01-20,289.15753173828125
2017-01-23,286.8594055175781
2017-01-24,290.4919128417969
2017-01-25,290.64019775390625
2017-01-27,296.34844970703125
2017-01-30,294.9399719238281
2017-01-31,288.11968994140625
2017-02-01,293.4201965332031
2017-02-02,286.3034362792969
2017-02-03,289.37994384765625
2017-02-06,287.5636291503906
2017-02-07,283.74578857421875
2017-02-08,278.6306457519531
2017-02-09,273.25592041015625
2017-02-10,268.91912841796875
2017-02-13,265.0641174316406
2017-02-14,264.4650573730469
2017-02-15,268.50897216796875
2017-02-16,264.9144287109375
2017-02-17,268.9958190917969
2017-02-20,275.84796142578125
2017-02-21,278.8808288574219
2017-02-22,278.05718994140625
2017-02-23,276.8214416503906
2017-02-27,276.9338073730469
2017-02-28,277.1210327148437
2017-03-01,280.0041809082031
2017-03-02,278.9183959960937
2017-03-03,280.3037414550781
2017-03-06,278.05718994140625
2017-03-07,280.7156066894531
2017-03-08,280.6033935546875
2017-03-09,277.15850830078125
2017-03-10,278.0945739746094
2017-03-14,280.3412475585937
2017-03-15,281.61431884765625
2017-03-16,294.6448059082031
2017-03-17,290.7880249023437
2017-03-20,299.4749755859375
2017-03-21,298.0895080566406
2017-03-22,285.1714172363281
2017-03-23,286.1824645996094
2017-03-24,291.1998596191406
2017-03-27,293.5214233398437
2017-03-28,299.5498352050781
2017-03-29,301.272216796875
2017-03-30,302.8074645996094
2017-03-31,312.2807006835937
2017-04-03,322.053466796875
2017-04-05,319.73211669921875
2017-04-06,314.60223388671875
2017-04-07,315.762939453125
2017-04-10,328.0820007324219
2017-04-11,324.86181640625
2017-04-12,317.7475280761719
2017-04-13,316.5118713378906
2017-04-17,323.3265991210937
2017-04-18,317.672607421875
2017-04-19,339.09039306640625
2017-04-20,342.5351867675781
2017-04-21,350.62310791015625
2017-04-24,340.1388244628906
2017-04-25,335.2337341308594
2017-04-26,330.1039123535156
2017-04-27,329.3550720214844
2017-04-28,329.42999267578125
2017-05-02,330.51580810546875
2017-05-03,326.8837890625
2017-05-04,330.5907287597656
2017-05-05,319.994140625
2017-05-08,310.7080993652344
2017-05-09,308.9107971191406
2017-05-10,316.4744873046875
2017-05-11,312.50537109375
2017-05-12,319.5447692871094
2017-05-15,319.6571044921875
2017-05-16,317.6351623535156
2017-05-17,314.5273742675781
2017-05-18,308.53631591796875
2017-05-19,307.7874755859375
2017-05-22,307.225830078125
2017-05-23,301.0101928710937
2017-05-24,286.8564147949219
2017-05-25,300.2987976074219
2017-05-26,295.8055114746094
2017-05-29,294.8319091796875
2017-05-30,293.33416748046875
2017-05-31,294.2327880859375
2017-06-01,294.60723876953125
2017-06-02,312.1683654785156
2017-06-05,303.1819152832031
2017-06-06,297.4530639648437
2017-06-07,292.62274169921875
2017-06-08,288.3915100097656
2017-06-09,289.3650817871094
2017-06-12,289.5898132324219
2017-06-13,295.2812805175781
2017-06-14,299.7745056152344
2017-06-15,303.5562744140625
2017-06-16,303.1445007324219
2017-06-19,300.3360900878906
2017-06-20,299.7745056152344
2017-06-21,302.13348388671875
2017-06-22,297.07861328125
2017-06-23,297.0411682128906
2017-06-27,297.8648986816406
2017-06-28,296.6666564941406
2017-06-29,298.83843994140625
2017-06-30,304.2677307128906
2017-07-03,311.1948547363281
2017-07-04,308.53631591796875
2017-07-05,307.9747009277344
2017-07-06,308.7984313964844
2017-07-07,309.3974914550781
2017-07-10,313.8908386230469
2017-07-11,308.7984313964844
2017-07-12,309.4350280761719
2017-07-13,309.77203369140625
2017-07-14,306.4768981933594
2017-07-17,305.5408630371094
2017-07-18,305.0166015625
2017-07-19,305.7655029296875
2017-07-20,305.0541076660156
2017-07-21,302.6576843261719
2017-07-24,303.81842041015625
2017-07-25,301.87139892578125
2017-07-26,298.91326904296875
2017-07-27,296.3671264648437
2017-07-28,294.3451232910156
2017-07-31,297.7525329589844
2017-08-01,295.69317626953125
2017-08-02,296.1499938964844
2017-08-03,295.3886108398437
2017-08-04,294.2083435058594
2017-08-07,293.2947998046875
2017-08-08,295.1982421875
2017-08-09,295.4266357421875
2017-08-10,285.7567443847656
2017-08-11,280.3888854980469
2017-08-14,290.8581848144531
2017-08-16,287.0511779785156
2017-08-17,296.8352966308594
2017-08-18,293.78961181640625
2017-08-21,297.3682556152344
2017-08-22,296.87335205078125
2017-08-23,296.1119384765625
2017-08-24,296.5688171386719
2017-08-28,297.4443664550781
2017-08-29,294.741455078125
2017-08-30,295.9976806640625
2017-08-31,303.6118469238281
2017-09-01,302.5077514648437
2017-09-04,305.36297607421875
2017-09-05,298.5484313964844
2017-09-06,300.1093444824219
2017-09-07,296.18804931640625
2017-09-08,320.4008483886719
2017-09-11,312.8628845214844
2017-09-12,320.17242431640625
2017-09-13,315.3756103515625
2017-09-14,314.8045349121094
2017-09-15,316.8983459472656
2017-09-18,303.3833923339844
2017-09-19,299.6905822753906
2017-09-20,301.9366760253906
2017-09-21,299.0813903808594
2017-09-22,291.3912353515625
2017-09-25,289.98260498046875
2017-09-26,293.2566223144531
2017-09-27,284.6145935058594
2017-09-28,285.87091064453125
2017-09-29,293.82769775390625
2017-10-03,294.9698181152344
2017-10-04,292.19061279296875
2017-10-05,291.8480224609375
2017-10-06,291.0104675292969
2017-10-09,293.8657531738281
2017-10-10,295.4647521972656
2017-10-11,293.2566223144531
2017-10-12,294.05615234375
2017-10-13,298.96728515625
2017-10-16,298.5484313964844
2017-10-17,304.7539978027344
2017-10-18,301.2514343261719
2017-10-19,305.89605712890625
2017-10-23,299.0053100585937
2017-10-24,298.5864562988281
2017-10-25,298.4722595214844
2017-10-26,295.04595947265625
2017-10-27,289.4115905761719
2017-10-30,294.93170166015625
2017-10-31,297.40631103515625
2017-11-01,294.8555908203125
2017-11-02,294.36065673828125
2017-11-03,306.0102233886719
2017-11-06,308.1422119140625
2017-11-07,299.7286071777344
2017-11-08,295.1982421875
2017-11-09,296.2262268066406
2017-11-10,294.8936462402344
2017-11-13,283.7009582519531
2017-11-14,280.0081787109375
2017-11-15,280.160400390625
2017-11-16,283.89129638671875
2017-11-17,282.36846923828125
2017-11-20,285.7567443847656
2017-11-21,292.6474914550781
2017-11-22,291.2388916015625
2017-11-23,292.4571838378906
2017-11-24,295.2362976074219
2017-11-27,296.0738220214844
2017-11-28,298.4342346191406
2017-11-29,297.2159423828125
2017-11-30,303.8402404785156
2017-12-01,301.784423828125
2017-12-04,302.6600646972656
2017-12-05,302.9266052246094
2017-12-06,298.35809326171875
2017-12-07,298.5864562988281
2017-12-08,300.528076171875
2017-12-11,295.3124694824219
2017-12-12,296.18804931640625
2017-12-13,296.3404541015625
2017-12-14,294.2464294433594
2017-12-15,303.9925231933594
2017-12-18,297.7870788574219
2017-12-19,301.5179443359375
2017-12-20,296.5307006835937
2017-12-21,296.0357666015625
2017-12-22,298.0915832519531
2017-12-26,306.50518798828125
2017-12-27,307.0382080078125
2017-12-28,307.7613830566406
2017-12-29,304.06866455078125
2018-01-01,307.3427124023437
2018-01-02,305.36297607421875
2018-01-03,308.29443359375
2018-01-04,310.274169921875
2018-01-05,313.4339599609375
2018-01-08,312.2918701171875
2018-01-09,323.6368103027344
2018-01-10,354.7023010253906
2018-01-11,346.2506408691406
2018-01-12,347.392822265625
2018-01-15,338.0655517578125
2018-01-16,333.6112670898437
2018-01-17,333.9158935546875
2018-01-18,340.0832824707031
2018-01-19,343.3573608398437
2018-01-22,348.2303466796875
2018-01-23,332.2408447265625
2018-01-24,327.2154235839844
2018-01-25,315.9085693359375
2018-01-29,309.5508117675781
2018-01-30,307.4569396972656
2018-01-31,305.51531982421875
2018-02-01,302.24127197265625
2018-02-02,289.5257263183594
2018-02-05,294.62725830078125
2018-02-06,292.076416015625
2018-02-07,294.8555908203125
2018-02-08,296.37841796875
2018-02-09,300.8707275390625
2018-02-12,296.2641906738281
2018-02-14,303.1549987792969
2018-02-15,302.4696350097656
2018-02-16,297.025634765625
2018-02-19,291.8861389160156
2018-02-20,293.0282592773437
2018-02-21,297.2921447753906
2018-02-22,292.19061279296875
2018-02-23,288.8404541015625
2018-02-26,282.90142822265625
2018-02-27,282.711181640625
2018-02-28,278.37109375
2018-03-01,278.0284423828125
2018-03-05,274.4879150390625
2018-03-06,270.9854431152344
2018-03-07,270.5285949707031
2018-03-08,271.4042053222656
2018-03-09,267.93975830078125
2018-03-12,270.3382263183594
2018-03-13,273.38385009765625
2018-03-14,273.9168395996094
2018-03-15,272.1275329589844
2018-03-16,266.5312194824219
2018-03-19,264.7419128417969
2018-03-20,264.8560791015625
2018-03-21,262.72412109375
2018-03-22,259.6404724121094
2018-03-23,252.86398315429688
2018-03-26,251.34112548828125
2018-03-27,252.6355438232422
2018-03-28,251.41720581054688
2018-04-02,250.27511596679688
2018-04-03,250.27511596679688
2018-04-04,249.24722290039065
2018-04-05,253.96795654296875
2018-04-06,259.10748291015625
2018-04-09,259.4500732421875
2018-04-10,258.1937561035156
2018-04-11,260.0592041015625
2018-04-12,265.69366455078125
2018-04-13,259.98309326171875
2018-04-16,261.6201477050781
2018-04-17,260.0592041015625
2018-04-18,253.2826690673828
2018-04-19,264.8180236816406
2018-04-20,269.5007019042969
2018-04-23,287.4699401855469
2018-04-24,289.10699462890625
2018-04-25,283.7009582519531
2018-04-26,283.3201904296875
2018-04-27,276.5055847167969
2018-04-30,279.6273803710937
2018-05-02,273.38385009765625
2018-05-03,271.2138366699219
2018-05-04,264.0946655273437
2018-05-07,265.3891296386719
2018-05-08,263.33331298828125
2018-05-09,265.2748413085937
2018-05-10,267.36871337890625
2018-05-11,274.71630859375
2018-05-14,276.3153076171875
2018-05-15,266.7215270996094
2018-05-16,265.99822998046875
2018-05-17,261.6201477050781
2018-05-18,262.2292785644531
2018-05-21,251.6075897216797
2018-05-22,255.52880859375
2018-05-23,254.08213806152344
2018-05-24,251.0746154785156
2018-05-25,250.5797271728516
2018-05-28,255.6811065673828
2018-05-29,256.5186767578125
2018-05-30,252.4451141357422
2018-05-31,250.35125732421875
2018-06-01,250.0085906982422
2018-06-04,250.31317138671875
2018-06-05,240.643310546875
2018-06-06,234.5901031494141
2018-06-07,242.28033447265625
2018-06-08,244.6025390625
2018-06-11,244.0695953369141
2018-06-12,243.9935760498047
2018-06-13,242.9656219482422
2018-06-14,241.0621490478516
2018-06-15,242.927474975586
2018-06-18,247.2675170898437
2018-06-19,241.7853546142578
2018-06-20,240.0722198486328
2018-06-21,236.68397521972656
2018-06-22,233.60025024414065
2018-06-25,231.4302520751953
2018-06-26,229.14599609375
2018-06-27,222.5217437744141
2018-06-28,213.2325897216797
2018-06-29,214.64117431640625
2018-07-02,209.5397491455078
2018-07-03,206.7605743408203
2018-07-04,203.90530395507807
2018-07-05,205.5423126220703
2018-07-06,208.3975982666016
2018-07-09,205.9991607666016
2018-07-10,206.34176635742188
2018-07-11,206.0752868652344
2018-07-12,210.0726928710937
2018-07-13,206.4560089111328
2018-07-16,204.9712829589844
2018-07-17,207.3316345214844
2018-07-18,205.808822631836
2018-07-19,205.846908569336
2018-07-20,206.7225341796875
2018-07-23,211.6716766357422
2018-07-24,220.4278259277344
2018-07-25,222.5217437744141
2018-07-26,223.93038940429688
2018-07-27,227.20440673828125
2018-07-30,229.48863220214844
2018-07-31,229.9074249267578
2018-08-01,233.1053466796875
2018-08-02,235.3666229248047
2018-08-03,252.0142517089844
2018-08-06,239.6941680908203
2018-08-07,239.1092987060547
2018-08-08,249.8309020996093
2018-08-09,250.6886444091797
2018-08-10,255.2501678466797
2018-08-13,244.33377075195312
2018-08-14,243.28091430664065
2018-08-16,233.22227478027344
2018-08-17,236.3412628173828
2018-08-20,221.8769378662109
2018-08-21,228.85574340820312
2018-08-23,231.58485412597656
2018-08-24,224.567138671875
2018-08-27,231.1949615478516
2018-08-28,232.2085723876953
2018-08-29,229.9864044189453
2018-08-30,235.40554809570312
2018-08-31,237.6668395996093
2018-09-03,237.5498962402344
2018-09-04,234.70376586914065
2018-09-05,233.3002471923828
2018-09-06,240.43495178222656
2018-09-07,236.77012634277344
2018-09-10,230.96104431152344
2018-09-11,230.7271270751953
2018-09-12,230.7271270751953
2018-09-14,229.5964813232422
2018-09-17,232.2085723876953
2018-09-18,230.3762359619141
2018-09-19,239.42124938964844
2018-09-21,234.89874267578125
2018-09-24,223.86538696289065
2018-09-25,225.4248504638672
2018-09-26,217.86129760742188
2018-09-27,221.8380279541016
2018-09-28,224.3331756591797
2018-10-01,218.4461364746093
2018-10-03,218.4071044921875
2018-10-04,220.0055694580078
2018-10-05,221.79898071289065
2018-10-08,220.9412536621093
2018-10-09,232.79345703125
2018-10-10,252.6380157470703
2018-10-11,245.4643402099609
2018-10-12,231.70184326171875
2018-10-15,226.94532775878903
2018-10-16,222.8126983642578
2018-10-17,220.7073516845703
2018-10-19,217.9003143310547
2018-10-22,214.430419921875
2018-10-23,216.76963806152344
2018-10-24,229.362533569336
2018-10-25,224.17724609375
2018-10-26,231.58485412597656
2018-10-29,235.2886199951172
2018-10-30,239.85012817382807
2018-10-31,244.2556915283203
2018-11-01,240.6298828125
2018-11-02,242.34527587890625
2018-11-05,239.9671325683593
2018-11-06,233.33932495117188
2018-11-07,238.8364715576172
2018-11-09,230.99996948242188
2018-11-12,228.3099365234375
2018-11-13,226.7504119873047
2018-11-14,221.2531890869141
2018-11-15,220.7463531494141
2018-11-16,218.6410369873047
2018-11-19,219.4597625732422
2018-11-20,223.3584747314453
2018-11-21,221.019271850586
2018-11-22,222.3058624267578
2018-11-26,217.471420288086
2018-11-27,224.0991973876953
2018-11-28,222.18893432617188
2018-11-29,221.79898071289065
2018-11-30,221.56509399414065
2018-12-03,223.24156188964844
2018-12-04,228.27085876464844
2018-12-05,227.4132080078125
2018-12-06,235.2886199951172
2018-12-07,237.8617553710937
2018-12-10,238.21261596679688
2018-12-11,243.2030487060547
2018-12-12,256.1858825683594
2018-12-13,265.8547058105469
2018-12-14,271.9366760253906
2018-12-17,267.7650756835937
2018-12-18,268.0769958496094
2018-12-19,271.8197937011719
2018-12-20,264.6850891113281
2018-12-21,257.12158203125
2018-12-24,247.3746795654297
2018-12-26,248.856201171875
2018-12-27,243.3980255126953
2018-12-28,241.6046142578125
2018-12-31,246.2051544189453
2019-01-01,245.1134490966797
2019-01-02,249.47998046875
2019-01-03,247.7646026611328
2019-01-04,249.09014892578125
2019-01-07,241.1756896972656
2019-01-08,245.815170288086
2019-01-09,247.5306396484375
2019-01-10,253.3788146972656
2019-01-11,250.25979614257807
2019-01-14,245.97120666503903
2019-01-15,246.36102294921875
2019-01-16,237.8617553710937
2019-01-17,240.59083557128903
2019-01-18,238.6026153564453
2019-01-21,242.11148071289065
2019-01-22,232.2866058349609
2019-01-23,226.67242431640625
2019-01-24,226.94532775878903
2019-01-25,226.0485992431641
2019-01-28,221.1752319335937
2019-01-29,218.991943359375
2019-01-30,235.67849731445312
2019-01-31,236.0683135986328
2019-02-01,234.2750396728516
2019-02-04,234.0020446777344
2019-02-05,228.1929473876953
2019-02-06,233.69015502929688
2019-02-07,236.4192352294922
2019-02-08,231.2729949951172
2019-02-11,221.4091339111328
2019-02-12,219.10885620117188
2019-02-14,213.10484313964844
2019-02-15,203.82586669921875
2019-02-18,202.5002899169922
2019-02-19,209.75192260742188
2019-02-20,213.5726928710937
2019-02-21,219.5377349853516
2019-02-22,218.9528961181641
2019-02-25,217.978271484375
2019-02-26,214.1184844970703
2019-02-27,212.1301727294922
2019-02-28,209.6349639892578
2019-03-01,217.0035858154297
2019-03-05,220.7073516845703
2019-03-06,223.280517578125
2019-03-07,223.00762939453125
2019-03-08,224.6450958251953
2019-03-11,229.2845916748047
2019-03-12,235.71746826171875
2019-03-13,229.6744384765625
2019-03-14,225.22987365722656
2019-03-15,221.9159698486328
2019-03-18,228.5048370361328
2019-03-19,226.1266021728516
2019-03-20,223.31948852539065
2019-03-22,224.0213165283203
2019-03-25,221.8380279541016
2019-03-26,218.3681488037109
2019-03-27,219.225830078125
2019-03-28,221.72105407714844
2019-04-01,222.22784423828125
2019-04-02,227.02333068847656
2019-04-03,222.8516540527344
2019-04-04,223.280517578125
2019-04-05,226.7504119873047
2019-04-08,224.21620178222656
2019-04-09,234.2359161376953
2019-04-10,236.1073608398437
2019-04-11,234.3529052734375
2019-04-12,232.169662475586
2019-04-15,230.99996948242188
2019-04-16,234.8208465576172
2019-04-18,227.17930603027344
2019-04-22,224.91798400878903
2019-04-23,226.0485992431641
2019-04-24,223.31948852539065
2019-04-25,222.6957244873047
2019-04-26,220.7853240966797
2019-04-30,225.19094848632807
2019-05-02,226.7504119873047
2019-05-03,219.225830078125
2019-05-06,217.3934326171875
2019-05-07,216.10690307617188
2019-05-08,209.24508666992188
2019-05-09,210.6876373291016
2019-05-10,206.8278350830078
2019-05-13,199.77117919921875
2019-05-14,190.37521362304688
2019-05-15,190.2972106933593
2019-05-16,190.5311889648437
2019-05-17,188.19192504882807
2019-05-20,193.8061065673828
2019-05-21,194.3518981933593
2019-05-22,195.7554473876953
2019-05-23,198.0557098388672
2019-05-24,201.993392944336
2019-05-27,212.9488983154297
2019-05-28,216.41873168945312
2019-05-29,220.62939453125
2019-05-30,218.0561981201172
2019-05-31,218.5630645751953
2019-06-03,219.03097534179688
2019-06-04,216.96456909179688
2019-06-06,213.10484313964844
2019-06-07,210.4926605224609
2019-06-10,211.03846740722656
2019-06-11,211.1944732666016
2019-06-12,209.40103149414065
2019-06-13,206.1261138916016
2019-06-14,213.14382934570312
2019-06-17,209.94683837890625
2019-06-18,208.97219848632807
2019-06-19,207.4906768798828
2019-06-20,207.91954040527344
2019-06-21,207.7635803222656
2019-06-24,207.4516143798828
2019-06-25,206.593994140625
2019-06-26,206.554931640625
2019-06-27,206.3210601806641
2019-06-28,206.0870819091797
2019-07-01,207.72457885742188
2019-07-02,211.3113708496093
2019-07-03,209.9078826904297
2019-07-04,214.1184844970703
2019-07-05,207.91954040527344
2019-07-08,197.04205322265625
2019-07-09,193.7281036376953
2019-07-10,188.0359802246093
2019-07-11,191.38888549804688
2019-07-12,198.95242309570312
2019-07-15,195.98941040039065
2019-07-16,194.5858459472656
2019-07-17,203.35801696777344
2019-07-18,201.4085998535156
2019-07-19,202.38331604003903
2019-07-22,195.0536956787109
2019-07-23,192.9873504638672
2019-07-24,186.1256103515625
2019-07-25,186.7494201660156
2019-07-26,188.77671813964844
2019-07-29,186.9443206787109
2019-07-30,186.7104034423828
2019-07-31,187.66769409179688
2019-08-01,188.425537109375
2019-08-02,181.8840789794922
2019-08-05,173.1488800048828
2019-08-06,181.6846618652344
2019-08-07,189.3030548095703
2019-08-08,183.83856201171875
2019-08-09,180.96669006347656
2019-08-13,183.9980926513672
2019-08-14,187.029525756836
2019-08-16,188.425537109375
2019-08-19,190.340087890625
2019-08-20,192.93276977539065
2019-08-21,194.5282440185547
2019-08-22,189.46258544921875
2019-08-23,189.90133666992188
2019-08-26,189.8614501953125
2019-08-27,191.2176208496093
2019-08-28,190.5794219970703
2019-08-29,191.41705322265625
2019-08-30,191.37713623046875
2019-09-03,191.41705322265625
2019-09-04,193.5709228515625
2019-09-05,193.0124969482422
2019-09-06,195.9242553710937
2019-09-09,196.96131896972656
2019-09-11,197.79893493652344
2019-09-12,197.0809783935547
2019-09-13,200.6708068847656
2019-09-16,207.41168212890625
2019-09-17,203.8218688964844
2019-09-18,199.0753326416016
2019-09-19,199.19497680664065
2019-09-20,212.4374389648437
2019-09-23,215.5486297607422
2019-09-24,215.3890075683593
2019-09-25,216.06716918945312
2019-09-26,220.49464416503903
2019-09-27,226.03887939453125
2019-09-30,223.52598571777344
2019-10-01,224.2040557861328
2019-10-03,223.36639404296875
2019-10-04,220.29510498046875
2019-10-07,231.98199462890625
2019-10-09,233.61737060546875
2019-10-10,234.4948883056641
2019-10-11,233.05889892578125
2019-10-14,232.2212829589844
2019-10-15,231.1044769287109
2019-10-16,231.2241058349609
2019-10-17,222.68836975097656
2019-10-18,231.30389404296875
2019-10-22,242.7115173339844
2019-10-23,248.0962677001953
2019-10-24,252.1248474121093
2019-10-25,238.92236328125
2019-10-27,243.5491485595703
2019-10-29,236.9678649902344
2019-10-30,234.4948883056641
2019-10-31,239.2414093017578
2019-11-01,235.09323120117188
2019-11-04,233.25836181640625
2019-11-05,233.61737060546875
2019-11-06,233.0988006591797
2019-11-07,233.29820251464844
2019-11-08,238.72286987304688
2019-11-11,241.03628540039065
2019-11-13,241.71435546875
2019-11-14,240.8368988037109
2019-11-15,240.7172088623047
2019-11-18,239.2414093017578
2019-11-19,236.24986267089844
2019-11-20,239.0020294189453
2019-11-21,237.60601806640625
2019-11-22,238.2841796875
2019-11-25,244.9451904296875
2019-11-26,249.3726959228516
2019-11-27,253.8798675537109
2019-11-28,253.0023498535156
2019-11-29,256.512451171875
2019-12-02,242.5120849609375
2019-12-03,249.49229431152344
2019-12-04,247.4979858398437
2019-12-05,244.8255920410156
2019-12-06,236.88800048828125
2019-12-09,238.32400512695312
2019-12-10,239.44078063964844
2019-12-11,235.8111114501953
2019-12-12,237.446533203125
2019-12-13,239.3610076904297
2019-12-16,234.85386657714844
2019-12-17,238.92236328125
2019-12-18,239.60037231445312
2019-12-19,235.0532989501953
2019-12-20,236.3695373535156
2019-12-23,236.0903167724609
2019-12-24,239.5605010986328
2019-12-26,239.08189392089844
2019-12-27,237.52626037597656
2019-12-30,243.589096069336
2019-12-31,238.48355102539065
2020-01-01,240.5177764892578
2020-01-02,240.0790405273437
2020-01-03,240.7172088623047
2020-01-06,237.68582153320312
2020-01-07,239.7998504638672
2020-01-08,242.1530914306641
2020-01-09,242.5120849609375
2020-01-10,251.72593688964844
2020-01-13,254.3983917236328
2020-01-14,256.4326477050781
2020-01-15,265.8060913085937
2020-01-16,272.5867614746094
2020-01-17,277.4530334472656
2020-01-20,275.61822509765625
2020-01-21,274.7008056640625
2020-01-22,272.7064208984375
2020-01-23,271.6693725585937
2020-01-24,273.6637268066406
2020-01-27,262.4954528808594
2020-01-28,255.87413024902344
2020-01-29,251.3271331787109
2020-01-30,252.4439697265625
2020-01-31,242.7514495849609
2020-02-03,239.9992218017578
2020-02-04,240.7172088623047
2020-02-05,245.46372985839844
2020-02-06,255.5551147460937
2020-02-07,255.5152282714844
2020-02-10,251.3271331787109
2020-02-11,257.389892578125
2020-02-12,261.41851806640625
2020-02-13,227.35513305664065
2020-02-14,227.31524658203125
2020-02-17,221.69119262695312
2020-02-18,218.5799865722656
2020-02-19,220.97317504882807
2020-02-20,217.7024688720703
2020-02-24,208.64816284179688
2020-02-25,204.938705444336
2020-02-26,206.25491333007807
2020-02-27,203.78195190429688
2020-02-28,192.8529357910156
2020-03-02,195.086654663086
2020-03-03,198.5966796875
2020-03-04,192.4141998291016
2020-03-05,188.3457794189453
2020-03-06,178.9723358154297
2020-03-09,171.15452575683594
2020-03-11,179.2116241455078
2020-03-12,161.38223266601562
2020-03-13,188.1064300537109
2020-03-16,172.3511199951172
2020-03-17,171.7528076171875
2020-03-18,161.56549072265625
2020-03-19,161.483642578125
2020-03-20,160.25625610351562
2020-03-23,143.97288513183594
2020-03-24,150.8871612548828
2020-03-25,161.483642578125
2020-03-26,162.62924194335938
2020-03-27,163.16110229492188
2020-03-30,156.16494750976562
2020-03-31,168.39794921875
2020-04-01,165.98411560058594
2020-04-03,164.83853149414062
2020-04-07,163.61114501953125
2020-04-08,162.8337860107422
2020-04-09,161.93370056152344
2020-04-13,153.17828369140625
2020-04-15,157.43328857421875
2020-04-16,160.21536254882812
2020-04-17,163.2838592529297
2020-04-20,165.45220947265625
2020-04-21,168.52066040039062
2020-04-22,180.58999633789065
2020-04-23,183.65850830078125
2020-04-24,177.35791015625
2020-04-27,187.9543914794922
2020-04-28,183.8221130371093
2020-04-29,187.0951995849609
2020-04-30,192.1683959960937
2020-05-04,186.7269592285156
2020-05-05,185.33596801757807
2020-05-06,184.51768493652344
2020-05-07,183.78126525878903
2020-05-08,183.24937438964844
2020-05-11,175.4349822998047
2020-05-12,168.888916015625
2020-05-13,173.55299377441406
2020-05-14,167.7433624267578
2020-05-15,167.41604614257812
2020-05-18,168.7252655029297
2020-05-19,163.57025146484375
2020-05-20,163.52931213378906
2020-05-21,163.03836059570312
2020-05-22,164.51119995117188
2020-05-26,159.88804626464844
2020-05-27,164.22483825683594
2020-05-28,171.91647338867188
2020-05-29,160.82904052734375
2020-06-01,162.87469482421875
2020-06-02,168.35704040527344
2020-06-03,175.51681518554688
2020-06-04,176.53965759277344
2020-06-05,187.0951995849609
2020-06-08,191.8411407470703
2020-06-09,184.88766479492188
2020-06-10,194.4900360107422
2020-06-11,182.487045288086
2020-06-12,183.6873474121093
2020-06-15,175.40939331054688
2020-06-16,176.36138916015625
2020-06-17,176.4027862548828
2020-06-18,181.1211853027344
2020-06-19,177.0649871826172
2020-06-22,182.11453247070312
2020-06-23,181.82481384277344
2020-06-24,178.6378173828125
2020-06-25,177.85140991210938
2020-06-26,181.4522705078125
2020-06-29,176.32000732421875
2020-06-30,175.69912719726562
2020-07-01,173.67105102539062
2020-07-02,175.61634826660156
2020-07-03,176.15443420410156
2020-07-06,180.0450439453125
2020-07-07,177.0649871826172
2020-07-08,174.91273498535156
2020-07-09,174.70578002929688
2020-07-10,173.17437744140625
2020-07-13,177.56167602539062
2020-07-14,180.4589691162109
2020-07-15,176.89944458007812
2020-07-16,179.38279724121094
2020-07-17,178.5136260986328
2020-07-20,185.50848388671875
2020-07-21,186.0879364013672
2020-07-22,182.487045288086
2020-07-23,175.8646697998047
2020-07-24,178.05838012695312
2020-07-27,178.4308624267578
2020-07-28,177.85140991210938
2020-07-29,175.98887634277344
2020-07-30,184.43240356445312
2020-07-31,187.3710021972656
2020-08-03,207.52780151367188
2020-08-04,229.7955017089844
2020-08-05,223.09030151367188
2020-08-06,228.63650512695312
2020-08-07,225.8634185791016
2020-08-10,222.0969696044922
2020-08-11,217.7510223388672
2020-08-12,218.5788726806641
2020-08-13,218.6202392578125
2020-08-14,214.7296142578125
2020-08-17,217.7510223388672
2020-08-18,217.0887756347656
2020-08-19,219.0755157470703
2020-08-20,217.00601196289065
2020-08-21,230.95437622070312
2020-08-24,229.34011840820312
2020-08-25,225.822006225586
2020-08-26,225.987548828125
2020-08-27,229.5884704589844
2020-08-28,224.9942169189453
2020-08-31,210.5492553710937
2020-09-01,214.1915283203125
2020-09-02,214.0673675537109
2020-09-03,197.13902282714844
2020-09-04,204.3821716308593
2020-09-07,213.07400512695312
2020-09-08,215.1434936523437
2020-09-09,214.3984832763672
2020-09-10,214.31570434570312
2020-09-11,215.2262725830078
2020-09-14,218.12355041503903
2020-09-15,218.4960784912109
2020-09-16,214.6054229736328
2020-09-17,212.5773162841797
2020-09-18,208.56253051757807
2020-09-21,202.5196533203125
2020-09-22,206.0791473388672
2020-09-23,206.03775024414065
2020-09-24,198.2151336669922
2020-09-25,200.69851684570312
2020-09-28,200.90545654296875
2020-09-29,198.3807067871093
2020-09-30,194.4486694335937
2020-10-01,195.7317352294922
2020-10-05,195.48336791992188
2020-10-06,196.60096740722656
2020-10-07,194.24171447753903
2020-10-08,192.13087463378903
2020-10-09,188.5299224853516
2020-10-12,179.96229553222656
2020-10-13,178.88613891601562
2020-10-14,184.2254180908203
2020-10-15,185.6326599121093
2020-10-16,194.5728302001953
2020-10-19,193.620834350586
2020-10-20,185.13595581054688
2020-10-21,181.3695068359375
2020-10-22,190.0199737548828
2020-10-23,186.1293487548828
2020-10-26,188.322998046875
2020-10-27,191.8824920654297
2020-10-28,188.65408325195312
2020-10-29,187.41241455078125
2020-10-30,186.0051727294922
2020-11-02,182.19732666015625
2020-11-03,180.4589691162109
2020-11-04,182.19732666015625
2020-11-05,188.11602783203125
2020-11-06,185.0946044921875
2020-11-09,184.68067932128903
2020-11-10,187.95050048828125
2020-11-11,189.27491760253903
2020-11-12,194.77978515625
2020-11-13,199.3326416015625
2020-11-14,198.5462341308593
2020-11-17,205.7066345214844
2020-11-18,206.74139404296875
2020-11-19,205.04443359375
2020-11-20,204.63052368164065
2020-11-23,208.6866912841797
2020-11-24,209.5972900390625
2020-11-25,205.91358947753903
2020-11-26,205.04443359375
2020-11-27,209.017822265625
2020-12-01,216.3851776123047
2020-12-02,217.62684631347656
2020-12-03,218.16490173339844
2020-12-04,234.80357360839844
2020-12-07,234.7207946777344
2020-12-08,228.92626953125
2020-12-09,234.80357360839844
2020-12-10,243.20562744140625
2020-12-11,235.63136291503903
2020-12-14,236.41778564453125
2020-12-15,236.83169555664065
2020-12-16,237.2869567871093
2020-12-17,233.14794921875
2020-12-18,222.30389404296875
2020-12-21,207.81753540039065
2020-12-22,208.1900329589844
2020-12-23,213.28097534179688
2020-12-24,212.9498443603516
2020-12-28,217.2129821777344
2020-12-29,217.25440979003903
2020-12-30,218.6616668701172
2020-12-31,217.875244140625
2021-01-01,224.0422821044922
2021-01-04,231.1199493408203
2021-01-05,233.437728881836
2021-01-06,230.95437622070312
2021-01-07,230.2093505859375
2021-01-08,230.16799926757807
2021-01-11,232.5271453857422
2021-01-12,232.8996734619141
2021-01-13,231.4923858642578
2021-01-14,231.4923858642578
2021-01-15,228.71925354003903
2021-01-18,222.5522918701172
2021-01-19,223.6697540283203
2021-01-20,224.2078552246093
2021-01-21,220.19302368164065
2021-01-22,213.6120758056641
2021-01-25,213.4878692626953
2021-01-27,210.34230041503903
2021-01-28,208.314193725586
2021-01-29,215.7643280029297
2021-02-01,221.06219482421875
2021-02-02,217.62684631347656
2021-02-03,214.0673675537109
2021-02-04,216.5093231201172
2021-02-05,216.7576904296875
2021-02-08,211.8737030029297
2021-02-09,212.82568359375
2021-02-10,213.07400512695312
2021-02-11,211.17010498046875
2021-02-12,212.32899475097656
2021-02-15,213.07400512695312
2021-02-16,213.6120758056641
2021-02-17,220.689682006836
2021-02-18,227.06375122070312
2021-02-19,220.6483154296875
2021-02-22,223.42144775390625
2021-02-23,232.81690979003903
2021-02-24,234.6380615234375
2021-02-25,254.2567138671875
2021-02-26,260.0513000488281
2021-03-01,255.001708984375
2021-03-02,276.6899719238281
2021-03-03,271.2264404296875
2021-03-04,266.8392028808594
2021-03-05,254.5878143310547
2021-03-08,257.6092834472656
2021-03-09,258.0645446777344
2021-03-10,261.4999084472656
2021-03-12,264.2316589355469
2021-03-15,268.45330810546875
2021-03-16,276.400146484375
2021-03-17,263.6521301269531
2021-03-18,260.6307067871094
2021-03-19,249.37271118164065
2021-03-22,252.97366333007807
2021-03-23,264.5213928222656
2021-03-24,256.7815856933594
2021-03-25,261.582763671875
2021-03-26,254.21534729003903
2021-03-30,262.1622314453125
2021-03-31,258.8509826660156
2021-04-01,260.8376770019531
2021-04-05,250.0350036621093
2021-04-06,248.3380126953125
2021-04-07,249.08302307128903
2021-04-08,255.6640014648437
2021-04-09,253.8014373779297
2021-04-12,232.7754821777344
2021-04-13,238.23887634277344
2021-04-15,243.2884979248047
2021-04-16,247.5101776123047
2021-04-19,242.66763305664065
2021-04-20,238.48727416992188
2021-04-22,239.3150787353516
2021-04-23,243.5367889404297
2021-04-26,254.5878143310547
2021-04-27,256.9884948730469
2021-04-28,252.18728637695312
2021-04-29,252.5183868408203
2021-04-30,260.6720886230469
2021-05-03,270.4400329589844
2021-05-04,286.871826171875
2021-05-05,331.9451599121094
2021-05-06,321.6390991210937
2021-05-07,318.3279724121094
2021-05-10,325.6539001464844
2021-05-11,324.03973388671875
2021-05-12,312.9886779785156
2021-05-14,329.3375549316406
2021-05-17,336.9532470703125
2021-05-18,331.0345458984375
2021-05-19,333.1455078125
2021-05-20,330.910400390625
2021-05-21,334.3456726074219
2021-05-24,339.1054992675781
2021-05-25,336.042724609375
2021-05-26,340.636962890625
2021-05-27,340.3471984863281
2021-05-28,343.0790100097656
2021-05-31,340.2644958496094
2021-06-01,351.5638122558594
2021-06-02,355.4544677734375
2021-06-03,356.8203125
2021-06-04,350.94305419921875
2021-06-07,345.6451110839844
2021-06-08,343.36865234375
2021-06-09,342.5408935546875
2021-06-10,339.726318359375
2021-06-11,331.1586608886719
2021-06-14,332.56597900390625
2021-06-15,334.3871154785156
2021-06-16,339.726318359375
2021-06-17,334.9252014160156
2021-06-18,334.26300048828125
2021-06-21,332.690185546875
2021-06-22,331.614013671875
2021-06-23,332.4004211425781
2021-06-24,325.9850158691406
2021-06-25,316.5482177734375
2021-06-28,318.6590270996094
2021-06-29,319.3627014160156
2021-06-30,321.887451171875
2021-07-01,321.39080810546875
2021-07-02,317.7898864746094
2021-07-05,312.4920654296875
2021-07-06,313.98199462890625
2021-07-07,312.69891357421875
2021-07-08,307.6080017089844
2021-07-09,305.8282775878906
2021-07-12,307.6908264160156
2021-07-13,305.7040710449219
2021-07-14,313.8164367675781
2021-07-15,318.5762939453125
2021-07-16,314.892578125
2021-07-19,316.3825988769531
2021-07-20,308.7528076171875
2021-07-22,308.2865600585937
2021-07-23,306.8877868652344
2021-07-26,313.7969665527344
2021-07-27,313.03399658203125
2021-07-28,304.89556884765625
2021-07-29,290.738037109375
2021-07-30,288.23712158203125
2021-08-02,292.0096435546875
2021-08-03,288.7457580566406
2021-08-04,279.5899963378906
2021-08-05,275.73272705078125
2021-08-06,269.4169311523437
2021-08-09,270.2222900390625
2021-08-10,262.6772766113281
2021-08-11,257.97222900390625
2021-08-12,265.3900756835937
2021-08-13,264.0760803222656
2021-08-16,262.592529296875
2021-08-17,261.49041748046875
2021-08-18,256.3614501953125
2021-08-20,251.9955139160156
2021-08-23,249.19793701171875
2021-08-24,256.40386962890625
2021-08-25,286.8807678222656
2021-08-26,294.1290283203125
2021-08-27,283.6592102050781
2021-08-30,301.8435363769531
2021-08-31,305.0650329589844
2021-09-01,301.7588806152344
2021-09-02,302.98809814453125
2021-09-03,304.9378967285156
2021-09-06,302.7337341308594
2021-09-07,303.92059326171875
2021-09-08,305.107421875
2021-09-09,299.9785461425781
2021-09-13,307.8203430175781
2021-09-14,311.76239013671875
2021-09-15,312.27105712890625
2021-09-16,312.9915771484375
2021-09-17,318.9258728027344
2021-09-20,306.97247314453125
2021-09-21,310.19403076171875
2021-09-22,311.93194580078125
2021-09-23,308.88006591796875
2021-09-24,307.8626708984375
2021-09-27,300.1480407714844
2021-09-28,299.7666931152344
2021-09-29,309.3462219238281
2021-09-30,312.5677490234375
2021-10-01,311.3385314941406
2021-10-04,313.6697998046875
2021-10-05,315.6196594238281
2021-10-06,311.0417175292969
2021-10-07,312.9491882324219
2021-10-08,313.07635498046875
2021-10-11,316.5945739746094
2021-10-12,314.3904113769531
2021-10-13,307.269287109375
2021-10-14,303.8782653808594
2021-10-18,292.5606384277344
2021-10-19,284.88848876953125
2021-10-20,282.3875732421875
2021-10-21,272.8079528808594
2021-10-22,269.0778503417969
2021-10-25,266.7041015625
2021-10-26,266.7464904785156
2021-10-27,277.6824951171875
2021-10-28,268.44207763671875
2021-10-29,272.9350280761719
2021-11-01,279.9714660644531
2021-11-02,290.0597839355469
2021-11-03,290.9923400878906
2021-11-04,290.6108703613281
2021-11-08,294.6800537109375
2021-11-09,293.74755859375
2021-11-10,289.8902282714844
2021-11-11,289.7613830566406
2021-11-12,286.6258239746094
2021-11-15,276.4888610839844
2021-11-16,275.5009765625
2021-11-17,278.8512878417969
2021-11-18,274.2124328613281
2021-11-22,268.9291076660156
2021-11-23,269.6164245605469
2021-11-24,270.2606506347656
2021-11-25,271.97882080078125
2021-11-26,265.5788269042969
2021-11-29,258.87811279296875
2021-11-30,252.2633514404297
2021-12-01,257.0310974121094
2021-12-02,258.2337951660156
2021-12-03,254.88345336914065
2021-12-06,253.2083435058593
2021-12-07,257.93316650390625
2021-12-08,258.1908569335937
2021-12-09,257.50360107421875
2021-12-10,261.4553527832031
2021-12-13,257.5895080566406
2021-12-14,258.06201171875
2021-12-15,252.56402587890625
2021-12-16,247.2808380126953
2021-12-17,238.26063537597656
2021-12-20,230.70089721679688
2021-12-21,233.3640289306641
2021-12-22,235.64051818847656
2021-12-23,253.337158203125
2021-12-24,253.5520172119141
2021-12-27,251.87677001953125
2021-12-28,253.4661102294922
2021-12-29,255.1412506103516
2021-12-30,257.4177551269531
2021-12-31,256.1721496582031
2022-01-03,259.5224304199219
2022-01-04,257.7184143066406
2022-01-05,254.3251037597656
2022-01-06,258.3197631835937
2022-01-07,262.657958984375
2022-01-10,266.18017578125
2022-01-11,267.0821838378906
2022-01-12,269.6164245605469
2022-01-13,269.358642578125
2022-01-14,269.7023620605469
2022-01-17,268.4566345214844
2022-01-18,270.6043395996094
2022-01-19,275.2432556152344
2022-01-20,275.8016052246094
2022-01-21,270.5613708496094
2022-01-24,263.0016174316406
2022-01-25,265.40704345703125
2022-01-27,274.6849060058594
2022-01-28,267.8123779296875
2022-01-31,269.78814697265625
2022-02-01,269.31573486328125
2022-02-02,273.224365234375
2022-02-03,273.99761962890625
2022-02-04,273.2674255371094
2022-02-07,274.5989685058594
2022-02-08,274.985595703125
2022-02-09,275.7157592773437
2022-02-10,276.231201171875
2022-02-11,276.2741394042969
2022-02-14,267.1680908203125
2022-02-15,264.0325012207031
2022-02-16,268.62847900390625
2022-02-17,270.6043395996094
2022-02-18,272.32244873046875
2022-02-21,271.46337890625
2022-02-22,270.6043395996094
2022-02-23,270.5613708496094
2022-02-24,265.364013671875
2022-02-25,275.0284423828125
2022-02-28,279.5385131835937
2022-03-02,270.3895568847656
2022-03-03,270.5613708496094
2022-03-04,268.84326171875
2022-03-07,272.8807678222656
2022-03-08,278.7654113769531
2022-03-09,291.8660888671875
2022-03-10,290.5345153808594
2022-03-11,294.6580505371094
2022-03-14,301.7023620605469
2022-03-15,298.7385559082031
2022-03-16,310.29296875
2022-03-17,296.71978759765625
2022-03-21,292.4244384765625
2022-03-22,288.81640625
2022-03-23,287.44189453125
2022-03-24,293.498291015625
2022-03-25,297.4499816894531
2022-03-28,294.9157409667969
2022-03-29,298.7385559082031
2022-03-30,299.8982849121094
2022-03-31,296.67681884765625
2022-04-01,300.1130676269531
2022-04-04,302.1318664550781
2022-04-05,305.35333251953125
2022-04-06,308.1453552246094
2022-04-07,310.07818603515625
2022-04-08,313.600341796875
2022-04-11,318.711669921875
2022-04-12,314.20172119140625
2022-04-13,310.6366271972656
2022-04-18,318.711669921875
2022-04-19,320.90234375
2022-04-20,320.73052978515625
2022-04-21,339.5869445800781
2022-04-22,354.5345764160156
2022-04-25,357.45538330078125
2022-04-26,337.3963623046875
2022-04-27,333.1439514160156
2022-04-28,334.4755249023437
2022-04-29,332.88629150390625
2022-05-02,328.2044372558594
2022-05-04,321.2030334472656
2022-05-05,320.51580810546875
2022-05-06,326.1856384277344
2022-05-09,320.043212890625
2022-05-10,316.6500244140625
2022-05-11,314.3305358886719
2022-05-12,314.5882263183594
2022-05-13,325.1976928710937
2022-05-16,338.16949462890625
2022-05-17,346.4440612792969
2022-05-18,384.0281372070313
2022-05-19,364.29974365234375
2022-05-20,370.0919189453125
2022-05-23,363.5594177246094
2022-05-24,372.1824035644531
2022-05-25,356.4607238769531
2022-05-26,353.499267578125
2022-05-27,354.0654296875
2022-05-30,350.5814208984375
2022-05-31,345.92138671875
2022-06-01,340.1292724609375
2022-06-02,353.4122009277344
2022-06-03,355.98162841796875
2022-06-06,353.2815246582031
2022-06-07,346.6617736816406
2022-06-08,358.0284729003906
2022-06-09,353.5428466796875
2022-06-10,344.048828125
2022-06-13,330.50457763671875
2022-06-14,330.9836730957031
2022-06-15,344.35369873046875
2022-06-16,333.1612243652344
2022-06-17,344.9197998046875
2022-06-20,322.2735290527344
2022-06-21,326.0189208984375
2022-06-22,319.9217529296875
2022-06-23,326.84637451171875
2022-06-24,322.534912109375
2022-06-27,318.0491943359375
2022-06-28,341.7406616210937
2022-06-29,343.8310546875
2022-06-30,344.5714416503906
2022-07-01,340.5647277832031
2022-07-04,345.7037658691406
2022-07-05,351.10400390625
2022-07-06,354.3266906738281
2022-07-07,347.7941589355469
2022-07-08,353.5863647460937
2022-07-11,356.4607238769531
2022-07-12,352.6283264160156
2022-07-13,344.397216796875
2022-07-14,339.6502380371094
2022-07-15,342.1325988769531
2022-07-18,359.5092468261719
2022-07-19,384.1152648925781
2022-07-20,393.0431213378906
2022-07-21,396.6577758789063
2022-07-22,399.7498474121094
2022-07-25,404.4097290039063
2022-07-26,394.4367065429688
2022-07-27,394.218994140625
2022-07-28,394.1318359375
2022-07-29,413.0328369140625
2022-08-01,438.9888916015625
2022-08-02,449.2667236328125
2022-08-03,448.3956909179688
2022-08-04,447.5246887207031
2022-08-05,441.7325134277344
2022-08-08,452.7507934570313
2022-08-10,459.9680480957031
2022-08-11,457.899658203125
2022-08-12,461.15618896484375
2022-08-16,450.41839599609375
2022-08-17,452.6187133789063
2022-08-18,455.5672912597656
2022-08-19,455.479248046875
2022-08-22,457.855712890625
2022-08-23,483.7762756347656
2022-08-24,481.0916748046875
2022-08-25,475.9869079589844
2022-08-26,484.87646484375
2022-08-29,489.36517333984375
2022-08-30,501.37939453125
2022-09-01,503.711669921875
2022-09-02,498.870849609375
2022-09-05,472.3782348632813
2022-09-06,473.0823364257813
2022-09-07,491.0815124511719
2022-09-08,472.5543212890625
2022-09-09,465.3810119628906
2022-09-12,452.22265625
2022-09-13,466.4371948242188
2022-09-14,474.9306335449219
2022-09-15,482.8960876464844
2022-09-16,478.2752380371094
2022-09-19,466.701171875
2022-09-20,474.8865966796875
2022-09-21,470.3099365234375
2022-09-22,474.9747314453125
2022-09-23,461.0242309570313
2022-09-26,431.671142578125
2022-09-27,461.50830078125
2022-09-28,455.7433166503906
2022-09-29,461.8603515625
2022-09-30,475.6788024902344
2022-10-03,470.4419555664063
2022-10-04,474.9747314453125
2022-10-06,472.15826416015625
2022-10-07,489.1451416015625
2022-10-10,467.71337890625
2022-10-11,466.0850830078125
2022-10-12,448.2179870605469
2022-10-13,449.1862182617188
2022-10-14,452.3987426757813
2022-10-17,458.8238220214844
2022-10-18,457.5476379394531
2022-10-19,451.9586791992188
2022-10-20,445.2695007324219
2022-10-21,455.65533447265625
2022-10-24,449.1422119140625
2022-10-25,461.9483947753906
2022-10-27,467.4493103027344
2022-10-28,483.16021728515625
2022-10-31,490.37744140625
2022-11-01,487.5608825683594
2022-11-02,494.7781677246094
2022-11-03,488.3970336914063
2022-11-04,488.08892822265625
2022-11-07,530.556396484375
2022-11-09,513.0853271484375
2022-11-10,500.9832458496094
2022-11-11,510.75286865234375
2022-11-14,535.441162109375
2022-11-15,540.9861450195312
2022-11-16,530.732421875
2022-11-17,540.3261108398438
2022-11-18,548.9075317382812
2022-11-21,555.1566162109375
2022-11-22,562.1902465820312
2022-11-23,569.3126220703125
2022-11-24,570.7372436523438
2022-11-25,593.3512573242188
2022-11-28,616.8555297851562
2022-11-29,611.3356323242188
2022-11-30,590.8582153320312
2022-12-01,604.6135864257812
2022-12-02,617.8349609375
2022-12-05,615.2529907226562
2022-12-06,607.2401123046875
2022-12-07,609.3323974609375
2022-12-08,615.2083740234375
2022-12-09,605.058837890625
2022-12-12,612.2258911132812
2022-12-13,636.0419921875
2022-12-14,639.157958984375
2022-12-15,610.3117065429688
2022-12-16,623.0877685546875
2022-12-19,631.0560302734375
2022-12-20,646.1469116210938
2022-12-21,639.0689697265625
2022-12-22,638.9354248046875
2022-12-23,579.1951293945312
2022-12-26,592.060302734375
2022-12-27,605.7710571289062
2022-12-28,587.1190185546875
2022-12-29,592.104736328125
2022-12-30,597.3131713867188
2023-01-02,602.1653442382812
2023-01-03,589.30029296875
2023-01-04,591.5704956054688
2023-01-05,578.3047485351562
2023-01-06,576.8358764648438
2023-01-09,575.678466796875
2023-01-10,587.297119140625
2023-01-11,576.6134033203125
2023-01-12,572.0281372070312
2023-01-13,553.9992065429688
2023-01-16,557.07080078125
2023-01-17,565.3953247070312
2023-01-18,578.2158203125
2023-01-19,579.6403198242188
2023-01-20,563.6591796875
2023-01-23,565.7069091796875
2023-01-24,565.3507690429688
2023-01-25,563.2139892578125
2023-01-27,558.1837158203125
2023-01-30,556.22509765625
2023-01-31,571.1822509765625
2023-02-01,560.632080078125
2023-02-02,568.8231201171875
2023-02-03,573.0074462890625
2023-02-06,543.04833984375
2023-02-07,553.64306640625
2023-02-08,559.073974609375
2023-02-09,548.8797607421875
2023-02-10,558.1585083007812
2023-02-13,512.7113037109375
2023-02-14,511.67529296875
2023-02-15,512.0807495117188
2023-02-16,517.6209106445312
2023-02-17,531.0433959960938
2023-02-20,540.0516357421875
2023-02-21,533.1602783203125
2023-02-22,513.0717163085938
2023-02-23,512.1257934570312
2023-02-24,516.9000854492188
2023-02-27,500.7302856445313
2023-02-28,496.5413513183594
2023-03-01,511.0447082519531
2023-03-02,534.2863159179688
2023-03-03,522.3052368164062
2023-03-06,524.6924438476562
2023-03-08,546.7630004882812
2023-03-09,557.8432006835938
2023-03-10,546.2675170898438
2023-03-13,522.4403686523438
2023-03-14,526.584228515625
2023-03-15,531.1785278320312
2023-03-16,532.52978515625
2023-03-17,535.9078979492188
2023-03-20,530.6829223632812
2023-03-21,544.7360229492188
2023-03-22,546.7178955078125
2023-03-23,541.5831298828125
2023-03-24,562.527587890625
2023-03-27,571.3108520507812
2023-03-28,572.70703125
2023-03-29,585.7692260742188
2023-03-31,580.6344604492188
2023-04-03,581.7603759765625
2023-04-05,574.9141845703125
2023-04-06,582.4360961914062
2023-04-10,580.7695922851562
2023-04-11,585.0035400390625
2023-04-12,582.9315185546875
2023-04-13,583.6972045898438
2023-04-17,581.6253051757812
2023-04-18,591.9398803710938
2023-04-19,577.7066650390625
2023-04-20,583.4720458984375
2023-04-21,576.0401611328125
2023-04-24,581.5802612304688
2023-04-25,573.3826293945312
2023-04-26,584.733154296875
2023-04-27,598.8313598632812
2023-04-28,610.4071044921875
2023-05-02,602.119384765625
2023-05-03,602.8850708007812
2023-05-04,605.9478759765625
2023-05-05,590.5886840820312
2023-05-08,601.4888305664062
2023-05-09,587.300537109375
2023-05-10,612.9744873046875
2023-05-11,612.8392944335938
2023-05-12,609.6414794921875
2023-05-15,649.9537963867188
2023-05-16,638.1077880859375
2023-05-17,635.3153076171875
2023-05-18,615.1815185546875
2023-05-19,613.4699096679688
2023-05-22,603.2904663085938
2023-05-23,611.35302734375
2023-05-24,612.3572387695312
2023-05-25,617.606689453125
2023-05-26,614.5025634765625
2023-05-29,625.3666381835938
2023-05-30,627.2381591796875
2023-05-31,627.3294067382812
2023-06-01,623.9972534179688
2023-06-02,627.0098266601562
2023-06-05,646.3643188476562
2023-06-06,649.0575561523438
2023-06-07,651.385498046875
2023-06-08,653.3939819335938
2023-06-09,658.3695678710938
2023-06-12,661.4735717773438
2023-06-13,659.556396484375
2023-06-14,658.8260498046875
2023-06-15,688.1314697265625
2023-06-16,689.2271118164062
2023-06-19,683.3385009765625
2023-06-20,661.1539916992188
2023-06-21,665.2166137695312
2023-06-22,653.3026123046875
2023-06-23,640.9323120117188
2023-06-26,663.801513671875
2023-06-27,684.0689086914062
2023-06-28,685.9403686523438
2023-06-30,677.8609008789062
2023-07-03,668.6402587890625
2023-07-04,662.5692138671875
2023-07-05,666.220947265625
2023-07-06,674.802490234375
2023-07-07,676.9478759765625
2023-07-10,692.5592651367188
2023-07-11,702.6016235351562
2023-07-12,688.3141479492188
2023-07-13,696.7132568359375
2023-07-14,720.0845947265625
2023-07-17,729.5792846679688
2023-07-18,715.2916259765625
2023-07-19,713.3289184570312
2023-07-20,704.6558227539062
2023-07-21,697.9000854492188
2023-07-24,709.9052124023438
2023-07-25,709.5857543945312
2023-07-26,701.5974731445312
2023-07-27,695.845947265625
2023-07-28,701.1866455078125
2023-07-31,721.134521484375
2023-08-01,721.9104614257812
2023-08-02,720.9061889648438
2023-08-03,733.367919921875
2023-08-04,730.8116455078125
2023-08-07,705.8883056640625
2023-08-08,687.9032592773438
2023-08-09,691.0986328125
2023-08-10,693.6092529296875
2023-08-11,696.9871215820312
2023-08-14,680.6431274414062
2023-08-16,698.4264526367188
2023-08-17,716.116943359375
2023-08-18,723.8246459960938
2023-08-21,719.7385864257812
2023-08-22,712.3096313476562
2023-08-23,724.6604614257812
2023-08-24,712.1702880859375
2023-08-25,706.8306884765625
2023-08-28,707.4342041015625
2023-08-29,698.4729614257812
2023-08-30,704.7412719726562
2023-08-31,709.9415893554688
2023-09-01,713.37744140625
2023-09-04,712.3560180664062
2023-09-05,714.631103515625
2023-09-06,716.4883422851562
2023-09-07,757.302001953125
2023-09-08,766.0310668945312
2023-09-11,769.9778442382812
2023-09-12,744.8582153320312
2023-09-13,760.412841796875
2023-09-14,754.2374267578125
2023-09-15,776.5711059570312
2023-09-18,770.0242919921875
2023-09-20,758.7412719726562
2023-09-21,733.2037353515625
2023-09-22,753.2623901367188
2023-09-25,764.0809326171875
2023-09-26,790.3612060546875
2023-09-27,795.0974731445312
2023-09-28,782.5608520507812
2023-09-29,786.7396240234375
2023-10-03,793.5650634765625
2023-10-04,780.5177612304688
2023-10-05,767.6097412109375
2023-10-06,776.8961181640625
2023-10-09,787.3433227539062
2023-10-10,790.036376953125
2023-10-11,795.3759765625
2023-10-12,803.269287109375
2023-10-13,802.4800415039062
2023-10-16,816.781005859375
2023-10-17,810.3734130859375
2023-10-18,805.6373901367188
2023-10-19,817.1987915039062
2023-10-20,797.9298095703125
2023-10-23,769.4671020507812
2023-10-25,761.1093139648438
2023-10-26,741.7472534179688
2023-10-27,768.677734375
2023-10-30,740.8651123046875
2023-10-31,737.5684204101562
2023-11-01,741.6080322265625
2023-11-02,733.1110229492188
2023-11-03,732.41455078125
2023-11-06,723.0817260742188
2023-11-07,716.1634521484375
2023-11-08,715.8357543945312
2023-11-09,686.5768432617188
2023-11-10,709.3753662109375
2023-11-13,724.3091430664062
2023-11-15,741.3963012695312
2023-11-16,733.5783081054688
2023-11-17,730.9567260742188
2023-11-20,730.1608276367188
2023-11-21,745.4222412109375
2023-11-22,748.137451171875
2023-11-23,766.8162841796875
2023-11-24,774.3067626953125
2023-11-28,764.0075073242188
2023-11-29,760.7305297851562
2023-11-30,819.7632446289062
2023-12-01,813.9581909179688
2023-12-04,834.7435913085938
2023-12-05,843.0767211914062
2023-12-06,831.3262939453125
2023-12-07,834.603271484375
2023-12-08,835.9608764648438
2023-12-11,822.899658203125
2023-12-12,822.6187133789062
2023-12-13,802.6761474609375
2023-12-14,803.0972900390625
2023-12-15,841.90625
2023-12-18,864.1898803710938
2023-12-19,919.6178588867188
2023-12-20,904.0756225585938
2023-12-21,934.1771240234376
2023-12-22,951.4047241210938
2023-12-26,933.1004028320312
2023-12-27,919.5241088867188
2023-12-28,912.4552612304688
2023-12-29,914.5618896484376
2024-01-01,910.6763305664062
2024-01-02,916.0132446289062
2024-01-03,932.023681640625
2024-01-04,912.7830200195312
2024-01-05,912.8765869140624
2024-01-08,908.0079345703124
2024-01-09,903.607421875
2024-01-10,908.0079345703124
2024-01-11,911.9403686523438
2024-01-12,899.3941040039062
2024-01-15,892.7932739257812
2024-01-16,914.0470581054688
2024-01-17,890.8272094726562
2024-01-18,898.1768798828125
2024-01-19,905.10546875
2024-01-23,897.19384765625
2024-01-24,911.2847900390624
2024-01-25,943.4930419921876
2024-01-29,965.6360473632812
2024-01-30,927.6698608398438
2024-01-31,927.435791015625
2024-02-01,924.7674560546876
2024-02-02,903.2797241210938
2024-02-05,908.0546875
2024-02-06,950.0003051757812
2024-02-07,935.2537841796876
2024-02-08,930.9000244140624
2024-02-09,899.1600952148438
2024-02-12,875.504150390625
2024-02-13,883.232421875
2024-02-14,884.1748657226562
2024-02-15,898.5946044921875
2024-02-16,892.8927001953125
2024-02-19,871.8756103515625
2024-02-20,878.4728393554688
2024-02-21,867.1632690429688
2024-02-22,869.9435424804688
2024-02-23,901.4690551757812
2024-02-26,904.013671875
2024-02-27,896.6153564453125
2024-02-28,898.830078125
2024-02-29,948.0269165039062
2024-03-01,941.3353881835938
2024-03-04,939.073486328125
2024-03-05,962.2581176757812
2024-03-06,938.0367431640624
2024-03-07,949.86474609375
2024-03-11,913.3912963867188
2024-03-12,885.7769775390625
2024-03-13,857.3616943359375
2024-03-14,913.6740112304688
2024-03-15,939.49755859375
2024-03-18,956.0849609375
2024-03-19,941.8065795898438
2024-03-20,921.826416015625
2024-03-21,927.0098266601562
2024-03-22,937.7069091796876
2024-03-26,914.2865600585938
2024-03-27,939.5918579101562
2024-03-28,943.6444091796876
2024-04-01,939.9688720703124
2024-04-02,937.8954467773438
2024-04-03,963.2476806640624
2024-04-04,965.6040649414062
2024-04-05,981.1546630859376
2024-04-08,929.8844604492188
2024-04-09,931.486572265625
2024-04-10,927.0570678710938
2024-04-12,902.0816650390624
2024-04-15,902.0345458984376
2024-04-16,939.7332153320312
2024-04-18,963.6718139648438
2024-04-19,950.8543701171876
2024-04-22,971.7301025390624
2024-04-23,961.36279296875
2024-04-24,1006.5540771484376
2024-04-25,1023.7539672851562
2024-04-26,1027.47705078125
2024-04-29,1021.6807861328124
2024-04-30,1027.3355712890625
2024-05-02,1003.4439697265624
2024-05-03,980.8718872070312
2024-05-06,947.08447265625
2024-05-07,927.0570678710938
2024-05-08,936.6231079101562
2024-05-09,913.3441162109376
2024-05-10,934.9265747070312
2024-05-13,944.1627807617188
2024-05-14,988.60009765625
2024-05-15,979.364013671875
2024-05-16,998.7786865234376
2024-05-17,964.7086181640624
2024-05-21,987.4219970703124
2024-05-22,976.08984375
2024-05-23,975.4708251953124
2024-05-24,964.3767700195312
2024-05-27,954.9967651367188
2024-05-28,962.0912475585938
2024-05-29,1005.7059326171876
2024-05-30,980.8036499023438
2024-05-31,1025.8941650390625
2024-06-03,1014.2288208007812
2024-06-04,939.85546875
2024-06-05,1002.4205932617188
2024-06-06,1018.7996826171876
2024-06-07,1102.5531005859375
2024-06-10,1131.1690673828125
2024-06-11,1117.5989990234375
2024-06-12,1104.07666015625
2024-06-13,1131.645263671875
2024-06-14,1157.785400390625
2024-06-18,1168.593994140625
2024-06-19,1134.978271484375
2024-06-20,1122.9317626953125
2024-06-21,1111.88525390625
2024-06-24,1141.3583984375
2024-06-25,1132.9307861328125
2024-06-26,1135.4544677734375
2024-06-27,1134.1209716796875
2024-06-28,1166.5462646484375
2024-07-01,1160.451904296875
2024-07-02,1156.8330078125
2024-07-03,1178.7830810546875
2024-07-04,1180.2115478515625
2024-07-05,1207.3040771484375
2024-07-08,1279.106201171875
2024-07-09,1322.7684326171875
2024-07-10,1297.532958984375
2024-07-11,1384.666748046875
2024-07-12,1371.4776611328125
2024-07-15,1329.624755859375
2024-07-16,1296.4378662109375
2024-07-18,1274.1065673828125
2024-07-19,1232.9205322265625
2024-07-22,1301.29443359375
2024-07-23,1259.7271728515625
2024-07-24,1265.774169921875
2024-07-25,1279.058837890625
2024-07-26,1280.9154052734375
2024-07-29,1307.2459716796875
2024-07-30,1311.3409423828125
2024-07-31,1321.43505859375
2024-08-01,1297.532958984375
2024-08-02,1269.72607421875
2024-08-05,1200.4476318359375
2024-08-06,1230.77783203125
2024-08-07,1276.4398193359375
2024-08-08,1293.723876953125
2024-08-09,1269.2025146484375
2024-08-12,1281.86767578125
2024-08-13,1313.0252685546875
2024-08-14,1312.1146240234375
2024-08-16,1322.9957275390625
2024-08-19,1330.6651611328125
2024-08-20,1301.0897216796875
2024-08-21,1322.516357421875
2024-08-22,1317.626953125
2024-08-23,1263.0294189453125
2024-08-26,1223.2437744140625
2024-08-27,1255.0244140625
2024-08-28,1254.832763671875
2024-08-29,1247.7384033203125
2024-08-30,1276.9302978515625
2024-09-02,1263.317138671875
2024-09-03,1261.974853515625
2024-09-04,1276.4031982421875
2024-09-05,1277.0264892578125
2024-09-06,1241.2672119140625
2024-09-09,1221.086669921875
2024-09-10,1238.3909912109375
2024-09-11,1225.7841796875
2024-09-12,1226.359375
2024-09-13,1207.7608642578125
2024-09-16,1208.47998046875
2024-09-17,1203.2071533203125
2024-09-18,1184.2249755859375
2024-09-19,1156.998046875
2024-09-20,1173.1519775390625
2024-09-23,1187.9638671875
2024-09-24,1171.426513671875
2024-09-25,1157.4295654296875
2024-09-26,1156.279052734375
2024-09-27,1159.7303466796875
2024-09-30,1150.9102783203125
2024-10-01,1151.5335693359375
2024-10-03,1182.06787109375
2024-10-04,1182.499267578125
2024-10-07,1152.9716796875
2024-10-08,1220.176025390625
2024-10-09,1240.7398681640625
2024-10-10,1219.984375
2024-10-11,1219.2652587890625
2024-10-14,1224.87353515625
2024-10-15,1227.1744384765625
2024-10-16,1285.3189697265625
2024-10-17,1262.59814453125
2024-10-18,1215.670166015625
2024-10-21,1200.187255859375
2024-10-22,1179.910888671875
2024-10-23,1164.33203125
2024-10-24,1200.9541015625
2024-10-25,1195.393798828125
2024-10-28,1194.2913818359375
2024-10-29,1188.4432373046875
2024-10-30,1234.748046875
2024-10-31,1236.1383056640625
2024-11-01,1231.10498046875
2024-11-04,1240.020751953125
2024-11-05,1240.260498046875
2024-11-06,1205.9873046875
2024-11-07,1238.247314453125
2024-11-08,1154.07421875
2024-11-11,1131.9764404296875
2024-11-12,1078.433349609375
2024-11-13,1040.61279296875
2024-11-14,1066.162109375
2024-11-18,1023.8356323242188
2024-11-19,1025.6212158203125
2024-11-21,1037.3968505859375
2024-11-22,1050.6683349609375
2024-11-25,1059.4517822265625
2024-11-26,1072.916259765625
2024-11-27,1068.524658203125
2024-11-28,1064.7117919921875
2024-11-29,1062.5401611328125
2024-12-02,1039.182373046875
2024-12-03,1071.2269287109375
2024-12-04,1047.0970458984375
2024-12-05,1039.3272705078125
2024-12-06,1062.733154296875
2024-12-09,1069.007080078125
2024-12-10,1041.45068359375
2024-12-11,1046.08349609375
2024-12-12,1046.6143798828125
2024-12-13,1035.5145263671875
2024-12-16,1033.053466796875
2024-12-17,1013.7493896484376
2024-12-18,993.7696533203124
2024-12-19,988.9920043945312
2024-12-20,958.7329711914062
2024-12-23,917.615478515625
2024-12-24,935.8095092773438
2024-12-26,930.9835205078124
2024-12-27,948.8396606445312
2024-12-30,913.7064208984376
2024-12-31,928.5221557617188
2025-01-01,936.1954956054688
2025-01-02,944.3997802734376
2025-01-03,950.4322509765624
2025-01-06,912.4033813476562
2025-01-07,946.6196899414062
2025-01-08,930.6456298828124
2025-01-09,919.1597900390624
2025-01-10,905.212646484375
2025-01-13,865.4946899414062
2025-01-14,900.483154296875
2025-01-15,881.6618041992188
2025-01-16,953.9069213867188
2025-01-17,919.01513671875
2025-01-20,925.96435546875
2025-01-21,915.68505859375
2025-01-22,914.4786376953124
2025-01-23,931.7073974609376
2025-01-24,905.5022583007812
2025-01-27,880.3104858398438
2025-01-28,877.2701416015625
2025-01-29,898.8423461914062
2025-01-30,915.1541748046876
2025-01-31,949.7566528320312
2025-02-01,965.2481079101562
2025-02-03,929.146728515625
2025-02-04,913.1396484375
2025-02-05,899.5651245117188
2025-02-06,874.3135986328125
2025-02-07,888.5692749023438
2025-02-10,888.3259887695312
2025-02-11,860.6904907226562
2025-02-12,868.9617309570312
2025-02-13,887.4015502929688
2025-02-14,878.2059936523438
2025-02-17,878.3519897460938
2025-02-18,870.469970703125
2025-02-19,878.254638671875
2025-02-20,887.1096801757812
2025-02-21,880.687255859375
2025-02-24,867.6966552734375
2025-02-25,859.279541015625
2025-02-27,815.3935546875
2025-02-28,788.8770751953125
2025-03-03,799.7755737304688
2025-03-04,799.5324096679688
2025-03-05,824.4918212890625
2025-03-06,849.0621337890625
2025-03-07,882.0982666015625
2025-03-10,868.9130249023438
2025-03-11,880.7846069335938
2025-03-12,871.78369140625
2025-03-13,872.9513549804688
2025-03-17,868.6697387695312
2025-03-18,868.6697387695312
2025-03-19,905.1603393554688
2025-03-20,927.2979125976562
2025-03-21,916.8859252929688
2025-03-24,919.9512329101562
2025-03-25,899.954345703125
2025-03-26,890.9533081054688
2025-03-27,895.2835083007812
2025-03-28,906.5713500976562
2025-04-01,898.3974609375
2025-04-02,903.3600463867188
2025-04-03,910.9014282226562
2025-04-04,882.195556640625
2025-04-07,849.4027709960938
2025-04-08,841.326171875
2025-04-09,837.2392578125
2025-04-11,839.7206420898438
2025-04-15,856.4088745117188
2025-04-16,865.50732421875
2025-04-17,854.56005859375
2025-04-21,882.4388427734375
2025-04-22,887.2069091796875
2025-04-23,899.3705444335938
2025-04-24,892.4129638671875
2025-04-25,862.831298828125
2025-04-28,883.7525024414062
2025-04-29,876.4544067382812
2025-04-30,846.6295166015625
2025-05-02,849.5000610351562
2025-05-05,905.7442016601562
2025-05-06,863.7069702148438
2025-05-07,849.0621337890625
2025-05-08,840.5963134765625
2025-05-09,851.9813842773438
2025-05-12,888.2286376953125
2025-05-13,871.345703125
2025-05-14,896.6944580078125
2025-05-15,890.136474609375
2025-05-16,952.14453125
2025-05-19,942.062744140625
2025-05-20,898.11376953125
2025-05-21,891.2131958007812
2025-05-22,892.4855346679688
2025-05-23,903.7420654296876
2025-05-26,912.06201171875
2025-05-27,914.5089721679688
2025-05-28,921.40966796875
2025-05-29,917.053955078125
2025-05-30,911.0831909179688
2025-06-02,951.2635498046876
2025-06-03,955.9129028320312
2025-06-04,969.5185546875
2025-06-05,978.8173217773438
2025-06-06,964.330810546875
2025-06-09,966.4351806640624
2025-06-10,960.8560180664062
2025-06-11,946.2227172851562
2025-06-12,954.3468627929688
2025-06-13,968.4907836914062
2025-06-16,983.8582763671876
2025-06-17,957.6259155273438
2025-06-18,942.2095336914062
2025-06-19,935.945068359375
2025-06-20,942.4542236328124
2025-06-23,973.4827270507812
2025-06-24,952.0955810546876
2025-06-25,965.1138916015624
2025-06-26,967.0225830078124
2025-06-27,953.1722412109376
2025-06-30,958.1152954101562
2025-07-01,959.045166015625
2025-07-02,978.8173217773438
2025-07-03,978.7683715820312
2025-07-04,1011.1182250976562
2025-07-07,1001.8195190429688
2025-07-08,993.8910522460938
2025-07-09,1006.7135620117188
2025-07-10,984.9349365234376
2025-07-11,970.9867553710938
2025-07-14,973.7274169921876
2025-07-15,967.2672119140624
2025-07-16,969.420654296875
2025-07-17,974.0700073242188
2025-07-18,970.59521484375
2025-07-21,969.420654296875
2025-07-22,969.1759643554688
2025-07-23,968.6865844726562
2025-07-24,955.3746337890624
2025-07-25,941.4754028320312
2025-07-28,914.0195922851562
2025-07-29,937.8538208007812
2025-07-30,926.93994140625
2025-07-31,919.9903564453124
2025-08-01,909.5659790039062
2025-08-04,910.7894897460938
2025-08-05,904.9166259765624
2025-08-06,919.4674072265624
2025-08-07,927.2608032226562
2025-08-08,918.28369140625
2025-08-11,934.067626953125
2025-08-12,960.8018188476562
2025-08-13,945.9057006835938
2025-08-14,957.6943359375
2025-08-18,960.9004516601562
2025-08-19,969.2363891601562
2025-08-20,969.0390625
2025-08-21,966.9181518554688
2025-08-22,954.7841186523438
2025-08-25,941.6143798828124
2025-08-26,934.6102905273438
2025-08-28,922.0817260742188
2025-08-29,914.8308715820312
2025-09-01,943.48876953125
2025-09-02,947.6320190429688
2025-09-03,945.8563842773438
2025-09-04,957.8916625976562
2025-09-05,958.0396728515624
2025-09-08,939.049560546875
2025-09-09,961.9856567382812
2025-09-10,974.41552734375
2025-09-11,973.231689453125
2025-09-12,978.608154296875
2025-09-15,982.2582397460938
2025-09-16,1043.8651123046875
2025-09-17,1033.55615234375
2025-09-18,1045.3448486328125
2025-09-19,1040.165771484375
2025-09-22,1033.7041015625
2025-09-23,1027.9332275390625
2025-09-24,1015.0592651367188
2025-09-25,1004.2571411132812
2025-09-26,981.666259765625
2025-09-29,962.8241577148438
2025-09-30,980.3345336914062
2025-10-01,981.1730346679688
2025-10-03,1039.919189453125
2025-10-06,1047.21923828125
2025-10-07,1034.0987548828125
2025-10-08,1026.4534912109375
2025-10-09,1036.0224609375
2025-10-10,1035.5784912109375
2025-10-13,1031.8297119140625
2025-10-14,1015.305908203125
2025-10-15,1018.3147583007812
2025-10-16,1030.892578125
2025-10-17,1020.5343627929688
2025-10-20,1019.49853515625
2025-10-21,1022.01416015625
2025-10-23,1005.4902954101562
2025-10-24,1008.9923706054688
2025-10-27,1038.2913818359375
2025-10-28,1043.7666015625
2025-10-29,1057.429443359375
2025-10-30,1069.02099609375
2025-10-31,1084.7554931640625
2025-11-03,1069.9581298828125
2025-11-04,1039.1793212890625
2025-11-06,1035.3319091796875
2025-11-07,1070.5499267578125
2025-11-10,1074.8905029296875
2025-11-11,1093.8314208984375
2025-11-12,1143.3536376953125
2025-11-13,1127.6695556640625
2025-11-14,1124.8900146484375
2025-11-17,1125.088623046875
2025-11-18,1123.0040283203125
2025-11-19,1109.00732421875
2025-11-20,1092.529052734375
2025-11-21,1088.5584716796875
2025-11-24,1080.1207275390625
2025-11-25,1056.197509765625
2025-11-26,1085.8782958984375
2025-11-27,1086.97021484375
2025-11-28,1098.782958984375
2025-12-01,1116.750244140625
2025-12-02,1089.0548095703125
2025-12-03,1096.8968505859375
2025-12-04,1095.9041748046875
2025-12-05,1082.99951171875
2025-12-08,1063.5433349609375
2025-12-09,1068.9036865234375
2025-12-10,1077.9368896484375
2025-12-11,1087.764404296875
2025-12-12,1101.2646484375
2025-12-15,1120.5223388671875
2025-12-16,1096.99609375
2025-12-17,1103.8455810546875
2025-12-18,1103.6470947265625
2025-12-19,1084.8856201171875
2025-12-22,1104.0440673828125
2025-12-23,1100.966796875
2025-12-24,1101.5623779296875
2025-12-26,1088.65771484375
2025-12-29,1094.514404296875
2025-12-30,1094.1173095703125
2025-12-31,1120.7208251953125
2026-01-01,1106.4263916015625
2026-01-02,1105.830810546875
2026-01-05,1117.6436767578125
2026-01-06,1085.779052734375
2026-01-07,1099.97412109375
2026-01-08,1076.646484375
2026-01-09,1078.830322265625
2026-01-12,1091.9334716796875
2026-01-13,1098.1873779296875
2026-01-14,1114.2685546875
2026-01-15,1114.2685546875
2026-01-16,1113.3751220703125
2026-01-19,1106.2279052734375
2026-01-20,1074.6611328125
2026-01-21,1087.168701171875
2026-01-22,1106.2279052734375
2026-01-23,1100.6690673828125
2026-01-27,1109.4044189453125
2026-01-28,1164.9937744140625
2026-01-29,1177.8984375
2026-01-30,1193.5826416015625
2026-02-02,1207.47998046875
2026-02-03,1218.300048828125
2026-02-04,1238.800048828125
2026-02-05,1266.0999755859375
2026-02-06,1274.199951171875
2026-02-09,1313.199951171875
2026-02-10,1342.699951171875
2026-02-11,1348.9000244140625
2026-02-12,1340.300048828125
2026-02-13,1300.0999755859375
2026-02-16,1311.9000244140625
2026-02-17,1318.0999755859375
2026-02-18,1290.800048828125
2026-02-19,1292.9000244140625
2026-02-20,1287.199951171875
2026-02-23,1299.199951171875
2026-02-24,1323.199951171875
2026-02-25,1346.800048828125
2026-02-26,1346.5999755859375
2026-02-27,1338.9000244140625
2026-03-02,1326.4000244140625
2026-03-04,1354.5999755859375
2026-03-05,1389.4000244140625
2026-03-06,1415.300048828125
2026-03-09,1338.5
2026-03-10,1391.0999755859375
2026-03-11,1427.0
2026-03-12,1486.5
2026-03-13,1459.9000244140625
2026-03-16,1373.4000244140625
2026-03-17,1426.4000244140625
2026-03-18,1441.0
2026-03-19,1441.300048828125
2026-03-20,1429.699951171875
2026-03-23,1360.0
2026-03-24,1398.699951171875
2026-03-25,1416.5
2026-03-27,1415.0
2026-03-30,1414.699951171875
2026-04-01,1460.0999755859375
2026-04-02,1439.5999755859375
2026-04-06,1463.0
2026-04-07,1424.5
2026-04-08,1389.5999755859375
2026-04-09,1391.199951171875
2026-04-10,1372.9000244140625
2026-04-13,1335.300048828125
2026-04-15,1400.4000244140625
2026-04-16,1381.4000244140625
2026-04-17,1424.300048828125
2026-04-20,1423.5999755859375
2026-04-21,1445.5999755859375
2026-04-22,1449.0999755859375
2026-04-23,1414.4000244140625
2026-04-24,1404.4000244140625
2026-04-27,1424.199951171875
2026-04-28,1474.4000244140625
2026-04-29,1554.5999755859375
2026-04-30,1576.800048828125
2026-05-01,1576.800048828125
2026-05-04,1536.800048828125
2026-05-05,1523.800048828125
2026-05-06,1575.0999755859375
2026-05-07,1552.4000244140625
2026-05-08,1588.300048828125
2026-05-11,1571.510986328125
2026-05-12,1500.2005615234375
2026-05-13,1488.18310546875
2026-05-14,1474.775146484375
2026-05-15,1523.4410400390625
2026-05-18,1684.9322509765625
2026-05-19,1704.199951171875
2026-05-20,1665.4000244140625
2026-05-21,1719.5999755859375
2026-05-22,1666.0999755859375
2026-05-25,1648.5999755859375
2026-05-26,1650.699951171875
2026-05-27,1511.300048828125
2026-05-28,1511.300048828125
2026-05-29,1418.9000244140625
2026-06-01,1467.699951171875
2026-06-02,1517.199951171875
2026-06-03,1480.199951171875
2026-06-04,1492.0
2026-06-05,1464.0
2026-06-08,1432.5
2026-06-09,1442.199951171875
2026-06-10,1367.800048828125
2026-06-11,1389.5
2026-06-12,1389.0999755859375
2026-06-15,1384.199951171875
2026-06-16,1418.5999755859375
2026-06-17,1404.4000244140625
2026-06-18,1412.0999755859375
2026-06-19,1437.699951171875
2026-06-22,1473.300048828125
2026-06-23,1470.300048828125
2026-06-24,1497.199951171875
2026-06-25,1499.0
2026-06-26,1499.0
2026-06-29,1523.199951171875
2026-06-30,1483.0999755859375
2026-07-01,1421.0
2026-07-02,1421.9000244140625
2026-07-03,1440.4000244140625
2026-07-06,1410.0999755859375
2026-07-07,1384.9000244140625
2026-07-08,1375.0999755859375
2026-07-09,1414.199951171875
2026-07-10,1420.9000244140625
2026-07-13,1402.0
2026-07-14,1418.800048828125
2026-07-15,1393.199951171875
2026-07-16,1377.4000244140625
2026-07-17,1345.4000244140625
2026-07-20,1387.0999755859375
2026-07-21,1408.9000244140625
2026-07-22,1435.199951171875
2026-07-23,1441.9000244140625
2026-07-24,1437.9000244140625
2026-07-27,1383.713623046875
2026-07-28,1362.7392578125
2026-07-29,1356.1104736328125
2026-07-30,1356.7042236328125
2026-07-31,1336.026611328125
2026-08-03,1383.5157470703125
2026-08-04,1419.6273193359375
2026-08-05,1389.7486572265625
2026-08-06,1338.5
2026-08-07,1341.800048828125
2026-08-10,1329.5999755859375
