,close
2010-01-05,239.71011352539065
2010-01-06,235.2259979248047
2010-01-07,239.553955078125
2010-01-08,232.1473846435547
2010-01-11,232.1473846435547
2010-01-12,228.0202178955078
2010-01-13,230.9649810791016
2010-01-14,229.2025756835937
2010-01-15,227.6409606933593
2010-01-18,227.68556213378903
2010-01-19,228.6448516845703
2010-01-20,228.42176818847656
2010-01-21,223.49148559570312
2010-01-22,220.3905029296875
2010-01-25,218.405029296875
2010-01-27,214.59019470214844
2010-01-28,216.1295166015625
2010-01-29,212.3592987060547
2010-02-01,216.59800720214844
2010-02-02,214.21095275878903
2010-02-03,214.34478759765625
2010-02-04,213.4970550537109
2010-02-05,208.90139770507807
2010-02-06,210.016845703125
2010-02-08,211.28846740722656
2010-02-09,209.4591217041016
2010-02-10,210.1060791015625
2010-02-11,212.87242126464844
2010-02-15,213.4970550537109
2010-02-16,210.59689331054688
2010-02-17,213.40782165527344
2010-02-18,213.7647399902344
2010-02-19,211.9800262451172
2010-02-22,210.77536010742188
2010-02-23,209.659912109375
2010-02-24,207.76364135742188
2010-02-25,212.4708251953125
2010-02-26,211.53387451171875
2010-03-02,216.1964263916016
2010-03-03,230.31802368164065
2010-03-04,231.098861694336
2010-03-05,227.7078857421875
2010-03-08,223.60299682617188
2010-03-09,223.1791381835937
2010-03-10,223.69227600097656
2010-03-11,218.31578063964844
2010-03-12,218.78428649902344
2010-03-15,216.97726440429688
2010-03-16,220.2120513916016
2010-03-17,220.9036407470703
2010-03-18,223.1791381835937
2010-03-19,226.23550415039065
2010-03-22,222.97837829589844
2010-03-23,227.03860473632807
2010-03-25,223.78152465820312
2010-03-26,225.4100646972656
2010-03-29,221.1044158935547
2010-03-30,221.8183135986328
2010-03-31,228.2433013916016
2010-04-01,230.34036254882807
2010-04-05,231.43348693847656
2010-04-06,232.12506103515625
2010-04-07,231.70118713378903
2010-04-08,234.8690948486328
2010-04-09,236.1630096435547
2010-04-12,232.95050048828125
2010-04-13,228.1317596435547
2010-04-15,232.9727935791016
2010-04-16,232.6381683349609
2010-04-19,226.34703063964844
2010-04-20,228.33253479003903
2010-04-21,228.71177673339844
2010-04-22,224.67384338378903
2010-04-23,224.31690979003903
2010-04-26,224.67384338378903
2010-04-27,223.95999145507807
2010-04-28,221.3275146484375
2010-04-29,223.08990478515625
2010-04-30,223.4691772460937
2010-05-03,222.39833068847656
2010-05-04,223.95999145507807
2010-05-05,223.0452880859375
2010-05-06,220.2566833496093
2010-05-07,211.1546173095703
2010-05-10,218.9181365966797
2010-05-11,219.02967834472656
2010-05-12,219.36431884765625
2010-05-13,226.88243103027344
2010-05-14,225.5438995361328
2010-05-17,225.49929809570312
2010-05-18,232.7274169921875
2010-05-19,232.9058837890625
2010-05-20,229.58184814453125
2010-05-21,234.64599609375
2010-05-24,232.05813598632807
2010-05-25,229.8495330810547
2010-05-26,230.9873046875
2010-05-27,234.2890472412109
2010-05-28,233.5751342773437
2010-05-31,233.37437438964844
2010-06-01,232.52664184570312
2010-06-02,233.44129943847656
2010-06-03,234.42286682128903
2010-06-04,238.9962615966797
2010-06-07,233.06201171875
2010-06-08,231.8573608398437
2010-06-09,229.8272247314453
2010-06-10,232.77203369140625
2010-06-11,230.808837890625
2010-06-14,230.2734222412109
2010-06-15,245.3542938232422
2010-06-16,242.2533416748047
2010-06-17,239.2862701416016
2010-06-18,240.8925018310547
2010-06-21,250.0391998291016
2010-06-22,253.3632354736328
2010-06-23,252.247787475586
2010-06-24,270.1172790527344
2010-06-25,274.177490234375
2010-06-28,273.5528869628906
2010-06-29,276.9215087890625
2010-06-30,281.96337890625
2010-07-01,278.37158203125
2010-07-02,273.0620422363281
2010-07-05,277.07763671875
2010-07-06,276.8546142578125
2010-07-07,282.4541320800781
2010-07-08,284.60943603515625
2010-07-09,288.67303466796875
2010-07-12,289.0097961425781
2010-07-13,288.560791015625
2010-07-14,293.6795959472656
2010-07-15,307.66650390625
2010-07-16,316.31005859375
2010-07-19,310.383056640625
2010-07-20,299.1351623535156
2010-07-21,297.2716979980469
2010-07-22,294.1061096191406
2010-07-23,287.9770812988281
2010-07-26,283.127685546875
2010-07-27,291.8610534667969
2010-07-28,291.95086669921875
2010-07-29,296.149169921875
2010-07-30,299.8086853027344
2010-08-02,302.2109069824219
2010-08-03,309.5972595214844
2010-08-04,311.6402587890625
2010-08-05,330.27447509765625
2010-08-06,336.1565856933594
2010-08-09,349.0658569335937
2010-08-10,344.46337890625
2010-08-11,333.9115295410156
2010-08-12,338.3343200683594
2010-08-13,349.3352355957031
2010-08-16,346.05743408203125
2010-08-17,346.6186828613281
2010-08-18,353.08453369140625
2010-08-19,350.2332763671875
2010-08-20,342.959228515625
2010-08-23,335.4156494140625
2010-08-24,340.5569763183594
2010-08-25,336.0218811035156
2010-08-26,334.6972961425781
2010-08-27,334.6075134277344
2010-08-30,340.13037109375
2010-08-31,329.2192687988281
2010-09-01,340.4895935058594
2010-09-02,355.35211181640625
2010-09-03,352.2538146972656
2010-09-06,353.98260498046875
2010-09-07,348.1229248046875
2010-09-08,342.3081359863281
2010-09-09,341.61212158203125
2010-09-13,344.1940002441406
2010-09-14,341.14068603515625
2010-09-15,337.8853454589844
2010-09-16,336.6954040527344
2010-09-17,335.5279846191406
2010-09-20,334.6075134277344
2010-09-21,326.0088195800781
2010-09-22,323.8535461425781
2010-09-23,322.7085266113281
2010-09-24,325.0882873535156
2010-09-27,327.9620666503906
2010-09-28,322.192138671875
2010-09-29,319.2960205078125
2010-09-30,330.0948486328125
2010-10-01,335.2810363769531
2010-10-04,334.4727783203125
2010-10-05,334.6748046875
2010-10-06,335.3483581542969
2010-10-07,332.3848571777344
2010-10-08,328.9498291015625
2010-10-11,330.0948486328125
2010-10-12,328.702880859375
2010-10-13,341.0059814453125
2010-10-14,334.2931823730469
2010-10-15,326.9293212890625
2010-10-18,315.9283447265625
2010-10-19,311.9994812011719
2010-10-20,316.4671630859375
2010-10-21,321.0920715332031
2010-10-22,320.08172607421875
2010-10-25,324.8413391113281
2010-10-26,330.8581848144531
2010-10-27,331.37457275390625
2010-10-28,330.83575439453125
2010-10-29,327.1537780761719
2010-11-01,320.50836181640625
2010-11-02,322.0350036621094
2010-11-03,322.3493347167969
2010-11-04,327.6925964355469
2010-11-08,330.925537109375
2010-11-09,330.27447509765625
2010-11-10,334.4503479003906
2010-11-11,327.9395751953125
2010-11-12,319.8572998046875
2010-11-15,316.2427062988281
2010-11-16,310.3156433105469
2010-11-18,302.8395080566406
2010-11-19,293.9490051269531
2010-11-22,291.1201477050781
2010-11-23,293.7918701171875
2010-11-24,299.7637634277344
2010-11-25,291.1650695800781
2010-11-26,290.1098937988281
2010-11-29,287.528076171875
2010-11-30,287.2810974121094
2010-12-01,302.50274658203125
2010-12-02,303.6477355957031
2010-12-03,298.5065002441406
2010-12-06,295.2960205078125
2010-12-07,290.716064453125
2010-12-08,287.0116882324219
2010-12-09,276.8189697265625
2010-12-10,282.7684631347656
2010-12-13,279.6702575683594
2010-12-14,278.3231811523437
2010-12-15,274.3943176269531
2010-12-16,272.14923095703125
2010-12-20,269.88165283203125
2010-12-21,269.18572998046875
2010-12-22,265.2119140625
2010-12-23,259.0603942871094
2010-12-24,266.78350830078125
2010-12-27,268.3774719238281
2010-12-28,265.5486145019531
2010-12-29,265.7058410644531
2010-12-30,264.6056823730469
2010-12-31,276.1903381347656
2011-01-03,279.872314453125
2011-01-04,276.7291564941406
2011-01-05,276.7291564941406
2011-01-06,276.2801513671875
2011-01-07,273.6309814453125
2011-01-10,263.99957275390625
2011-01-11,262.6524963378906
2011-01-12,265.5262145996094
2011-01-13,263.34844970703125
2011-01-14,269.3877868652344
2011-01-17,266.760986328125
2011-01-18,262.31573486328125
2011-01-19,262.63006591796875
2011-01-20,263.1688842773437
2011-01-21,264.3138427734375
2011-01-24,263.5056457519531
2011-01-25,262.67498779296875
2011-01-27,260.09307861328125
2011-01-28,256.1192626953125
2011-01-31,254.43551635742188
2011-02-01,251.00051879882807
2011-02-02,256.0968933105469
2011-02-03,267.5243835449219
2011-02-04,267.883544921875
2011-02-07,268.2203063964844
2011-02-08,261.8891906738281
2011-02-09,259.32977294921875
2011-02-10,253.40272521972656
2011-02-11,257.6683959960937
2011-02-14,261.395263671875
2011-02-15,269.455078125
2011-02-16,270.0163879394531
2011-02-17,271.72265625
2011-02-18,271.49810791015625
2011-02-21,271.9471740722656
2011-02-22,268.89385986328125
2011-02-23,265.3465881347656
2011-02-24,263.0341491699219
2011-02-25,264.6282043457031
2011-02-28,272.1268005371094
2011-03-01,274.1922607421875
2011-03-03,272.306396484375
2011-03-04,271.1613464355469
2011-03-07,272.03692626953125
2011-03-08,272.08184814453125
2011-03-09,273.15948486328125
2011-03-10,273.1819763183594
2011-03-11,272.2614440917969
2011-03-14,271.2736511230469
2011-03-15,266.6038513183594
2011-03-16,270.1286315917969
2011-03-17,274.461669921875
2011-03-18,272.77783203125
2011-03-21,275.1575927734375
2011-03-22,276.75164794921875
2011-03-23,286.47283935546875
2011-03-24,289.8629150390625
2011-03-25,305.4887084960937
2011-03-28,303.0864562988281
2011-03-29,303.1538391113281
2011-03-30,300.8414001464844
2011-03-31,299.6290283203125
2011-04-01,300.504638671875
2011-04-04,306.9928894042969
2011-04-05,309.5972595214844
2011-04-06,315.636474609375
2011-04-07,311.30352783203125
2011-04-08,305.6907958984375
2011-04-11,299.0677795410156
2011-04-13,309.9339904785156
2011-04-15,311.4606628417969
2011-04-18,309.7768249511719
2011-04-19,303.6028747558594
2011-04-20,310.5626220703125
2011-04-21,307.3072814941406
2011-04-25,305.0621643066406
2011-04-26,309.8217468261719
2011-04-27,308.6318359375
2011-04-28,309.4176330566406
2011-04-29,309.35028076171875
2011-05-02,307.7787170410156
2011-05-03,304.1192321777344
2011-05-04,302.682373046875
2011-05-05,300.504638671875
2011-05-06,300.7740478515625
2011-05-09,312.2688903808594
2011-05-10,317.0509033203125
2011-05-11,312.42608642578125
2011-05-12,310.293212890625
2011-05-13,312.1566162109375
2011-05-16,316.2651062011719
2011-05-17,307.53173828125
2011-05-18,304.882568359375
2011-05-19,300.7740478515625
2011-05-20,299.1800231933594
2011-05-23,292.9386901855469
2011-05-24,291.81610107421875
2011-05-25,292.9836120605469
2011-05-26,291.8835144042969
2011-05-27,301.96392822265625
2011-05-30,298.3717956542969
2011-05-31,303.62530517578125
2011-06-01,302.0537414550781
2011-06-02,304.5906982421875
2011-06-03,297.4513244628906
2011-06-06,299.337158203125
2011-06-07,300.9761047363281
2011-06-08,297.1818542480469
2011-06-09,299.5841369628906
2011-06-10,294.44287109375
2011-06-13,298.0350341796875
2011-06-14,296.57574462890625
2011-06-15,296.6880187988281
2011-06-16,296.8002624511719
2011-06-17,300.4372863769531
2011-06-20,297.316650390625
2011-06-21,297.7431945800781
2011-06-22,303.8049011230469
2011-06-23,304.4111022949219
2011-06-24,307.8460693359375
2011-06-27,307.9582824707031
2011-06-28,329.28662109375
2011-06-29,332.5420227050781
2011-06-30,331.01531982421875
2011-07-01,332.11541748046875
2011-07-04,336.1341552734375
2011-07-05,333.46246337890625
2011-07-06,339.7487487792969
2011-07-07,346.4166564941406
2011-07-08,346.8880920410156
2011-07-11,365.0508117675781
2011-07-12,364.5569458007813
2011-07-13,355.4194030761719
2011-07-14,355.7355041503906
2011-07-15,363.6382751464844
2011-07-18,357.3386535644531
2011-07-19,363.480224609375
2011-07-20,359.86749267578125
2011-07-21,360.1610412597656
2011-07-22,367.9508972167969
2011-07-25,362.87054443359375
2011-07-26,357.4966735839844
2011-07-27,347.7424621582031
2011-07-28,350.0907287597656
2011-07-29,348.5779113769531
2011-08-01,344.10723876953125
2011-08-02,337.5366516113281
2011-08-03,333.6756286621094
2011-08-04,333.81109619140625
2011-08-05,324.5536499023437
2011-08-08,325.547119140625
2011-08-09,311.5931701660156
2011-08-10,314.1445617675781
2011-08-11,314.23492431640625
2011-08-12,311.4350891113281
2011-08-16,313.5575256347656
2011-08-17,302.10986328125
2011-08-18,303.8710632324219
2011-08-19,303.8033142089844
2011-08-22,311.7286071777344
2011-08-23,313.1285400390625
2011-08-24,311.841552734375
2011-08-25,311.096435546875
2011-08-26,311.006103515625
2011-08-29,312.6995544433594
2011-08-30,309.0643005371094
2011-09-02,311.6383361816406
2011-09-05,311.6383361816406
2011-09-06,311.29962158203125
2011-09-07,325.0955505371094
2011-09-08,319.0894470214844
2011-09-09,317.3508605957031
2011-09-12,310.915771484375
2011-09-13,308.6352844238281
2011-09-14,311.2319030761719
2011-09-15,313.7833557128906
2011-09-16,309.8771667480469
2011-09-19,310.1029357910156
2011-09-20,304.8871459960937
2011-09-21,298.56494140625
2011-09-22,289.849365234375
2011-09-23,291.1815795898437
2011-09-26,283.4820251464844
2011-09-27,288.92364501953125
2011-09-28,298.4294738769531
2011-09-29,304.8419494628906
2011-09-30,299.2875061035156
2011-10-03,297.1650085449219
2011-10-04,291.6557006835937
2011-10-05,282.4433898925781
2011-10-07,294.8845520019531
2011-10-10,298.94879150390625
2011-10-11,296.6005859375
2011-10-12,300.1229248046875
2011-10-13,302.9453125
2011-10-14,306.96441650390625
2011-10-17,301.8163757324219
2011-10-18,300.1229248046875
2011-10-19,303.4646301269531
2011-10-20,298.3843688964844
2011-10-21,301.9292907714844
2011-10-24,299.6487731933594
2011-10-25,301.79376220703125
2011-10-28,310.4190368652344
2011-10-31,311.0738525390625
2011-11-01,309.10943603515625
2011-11-02,301.5679931640625
2011-11-03,303.0130615234375
2011-11-04,307.3031311035156
2011-11-08,307.8901672363281
2011-11-09,305.42901611328125
2011-11-11,304.6839294433594
2011-11-14,304.1645812988281
2011-11-15,303.080810546875
2011-11-16,300.9583435058594
2011-11-17,302.6517944335937
2011-11-18,298.1811218261719
2011-11-21,295.6296691894531
2011-11-22,289.1268615722656
2011-11-23,282.46600341796875
2011-11-24,291.0009460449219
2011-11-25,297.54888916015625
2011-11-28,298.8584899902344
2011-11-29,302.2679443359375
2011-11-30,299.7616882324219
2011-12-01,304.3452453613281
2011-12-02,304.81939697265625
2011-12-05,304.571044921875
2011-12-07,305.4516296386719
2011-12-08,306.5580139160156
2011-12-09,304.8871459960937
2011-12-12,305.0000305175781
2011-12-13,305.2032470703125
2011-12-14,303.1485290527344
2011-12-15,293.4169006347656
2011-12-16,299.0616760253906
2011-12-19,284.6335754394531
2011-12-20,282.3982238769531
2011-12-21,287.0269470214844
2011-12-22,287.34307861328125
2011-12-23,289.939697265625
2011-12-26,287.5688781738281
2011-12-27,277.5436706542969
2011-12-28,279.3725891113281
2011-12-29,279.8468017578125
2011-12-30,275.3987121582031
2012-01-02,273.9084777832031
2012-01-03,276.9340515136719
2012-01-04,281.9015197753906
2012-01-05,283.5723876953125
2012-01-06,280.4112854003906
2012-01-09,281.5853576660156
2012-01-10,283.6626892089844
2012-01-11,285.3335266113281
2012-01-12,283.0079040527344
2012-01-13,284.0465087890625
2012-01-16,287.6366271972656
2012-01-17,289.759033203125
2012-01-18,288.7655944824219
2012-01-19,294.2523193359375
2012-01-20,292.2653503417969
2012-01-23,293.9588317871094
2012-01-24,297.0973205566406
2012-01-25,298.2262878417969
2012-01-27,300.3487243652344
2012-01-30,290.16552734375
2012-01-31,297.68438720703125
2012-02-01,297.2327880859375
2012-02-02,296.6457214355469
2012-02-03,297.9327392578125
2012-02-06,289.66876220703125
2012-02-07,284.43035888671875
2012-02-08,290.7751159667969
2012-02-09,296.3296203613281
2012-02-10,292.9201354980469
2012-02-13,293.52978515625
2012-02-14,295.1103820800781
2012-02-15,295.2232360839844
2012-02-16,296.9844055175781
2012-02-17,300.5970764160156
2012-02-21,299.2875061035156
2012-02-22,292.4911499023437
2012-02-23,293.3717346191406
2012-02-24,296.5102233886719
2012-02-27,288.5623474121094
2012-02-28,297.864990234375
2012-02-29,298.3165588378906
2012-03-01,295.7876892089844
2012-03-02,302.3582763671875
2012-03-05,298.8584899902344
2012-03-06,293.9588317871094
2012-03-07,290.7073669433594
2012-03-09,294.2975158691406
2012-03-12,296.1037902832031
2012-03-13,303.1485290527344
2012-03-14,304.2097473144531
2012-03-15,301.2969970703125
2012-03-16,292.9653015136719
2012-03-19,290.2557983398437
2012-03-20,285.4012451171875
2012-03-21,288.6300964355469
2012-03-22,279.9822998046875
2012-03-23,296.4876708984375
2012-03-26,288.9461975097656
2012-03-27,283.0079040527344
2012-03-28,277.5436706542969
2012-03-29,275.9405822753906
2012-03-30,276.8211975097656
2012-04-02,272.0343933105469
2012-04-03,277.92755126953125
2012-04-04,279.32745361328125
2012-04-09,279.4403686523437
2012-04-10,280.4564208984375
2012-04-11,278.853271484375
2012-04-12,275.73736572265625
2012-04-13,278.0856018066406
2012-04-16,274.7212829589844
2012-04-17,275.10516357421875
2012-04-18,277.27276611328125
2012-04-19,276.3244323730469
2012-04-20,274.9471130371094
2012-04-23,273.6148986816406
2012-04-24,274.4955139160156
2012-04-25,270.8602905273437
2012-04-26,270.74737548828125
2012-04-27,270.22802734375
2012-04-30,267.8120422363281
2012-05-02,266.2767028808594
2012-05-03,268.8055725097656
2012-05-04,265.6670227050781
2012-05-07,266.412109375
2012-05-08,266.1863708496094
2012-05-09,268.3539428710937
2012-05-10,264.8315734863281
2012-05-11,257.9900817871094
2012-05-14,259.16424560546875
2012-05-15,258.5997314453125
2012-05-16,256.9740295410156
2012-05-17,255.3483123779297
2012-05-18,258.4642944335937
2012-05-21,259.14166259765625
2012-05-22,260.6544494628906
2012-05-23,261.33184814453125
2012-05-24,260.8125
2012-05-25,257.6288452148437
2012-05-28,261.5801696777344
2012-05-29,262.5059509277344
2012-05-30,261.08349609375
2012-05-31,262.1446838378906
2012-06-01,257.4030456542969
2012-06-04,257.6288452148437
2012-06-05,258.3513488769531
2012-06-06,258.0352783203125
2012-06-07,257.7417297363281
2012-06-08,259.9093017578125
2012-06-11,259.457763671875
2012-06-12,271.853759765625
2012-06-13,263.7251892089844
2012-06-14,257.267578125
2012-06-15,258.1029968261719
2012-06-18,256.2289123535156
2012-06-19,254.78387451171875
2012-06-20,255.1902618408203
2012-06-21,254.0387420654297
2012-06-22,248.9584197998047
2012-06-25,245.3231811523437
2012-06-26,245.1199493408203
2012-06-27,243.78778076171875
2012-06-28,240.24282836914065
2012-06-29,238.12039184570312
2012-07-02,235.7495880126953
2012-07-03,242.11691284179688
2012-07-04,244.7586975097656
2012-07-05,244.23936462402344
2012-07-06,248.6648712158203
2012-07-09,244.826416015625
2012-07-10,243.26844787597656
2012-07-11,239.0235748291016
2012-07-12,235.93020629882807
2012-07-13,233.446517944336
2012-07-16,232.8368530273437
2012-07-17,232.94976806640625
2012-07-18,229.8338165283203
2012-07-19,229.53854370117188
2012-07-20,233.3997802734375
2012-07-23,229.0615692138672
2012-07-24,229.9246826171875
2012-07-25,231.2420349121093
2012-07-26,227.4035186767578
2012-07-27,229.69754028320312
2012-07-30,232.2641143798828
2012-07-31,231.62814331054688
2012-08-01,234.5354156494141
2012-08-02,235.4212341308593
2012-08-03,233.4224853515625
2012-08-06,232.6048126220703
2012-08-07,235.7846527099609
2012-08-08,232.9455108642578
2012-08-09,231.74171447753903
2012-08-10,230.58335876464844
2012-08-13,230.71961975097656
2012-08-14,231.7644500732422
2012-08-16,235.830078125
2012-08-17,236.87489318847656
2012-08-21,238.44207763671875
2012-08-22,241.69004821777344
2012-08-23,240.5089874267578
2012-08-24,239.1461944580078
2012-08-27,236.28436279296875
2012-08-28,236.8521728515625
2012-08-29,235.08053588867188
2012-08-30,238.3739471435547
2012-08-31,234.2855834960937
2012-09-03,233.9449005126953
2012-09-04,234.399169921875
2012-09-05,236.28436279296875
2012-09-06,236.53421020507807
2012-09-07,235.6029510498047
2012-09-10,237.94239807128903
2012-09-11,241.3720703125
2012-09-12,245.0516052246093
2012-09-13,249.4352264404297
2012-09-14,248.0043029785156
2012-09-17,250.38917541503903
2012-09-18,253.70529174804688
2012-09-20,250.18475341796875
2012-09-21,249.662353515625
2012-09-24,258.6794738769531
2012-09-25,267.6965026855469
2012-09-26,271.6485900878906
2012-09-27,267.10601806640625
2012-09-28,271.126220703125
2012-10-01,268.9230651855469
2012-10-03,268.9230651855469
2012-10-04,270.89910888671875
2012-10-05,268.0145568847656
2012-10-08,269.6044616699219
2012-10-09,269.1274719238281
2012-10-10,264.6302795410156
2012-10-11,261.2460327148437
2012-10-12,263.7898864746094
2012-10-15,265.03912353515625
2012-10-16,266.37921142578125
2012-10-17,268.0599670410156
2012-10-18,270.7855224609375
2012-10-19,275.0101928710937
2012-10-22,266.8334350585937
2012-10-23,269.83160400390625
2012-10-25,271.26251220703125
2012-10-29,267.9009704589844
2012-10-30,266.9697570800781
2012-10-31,263.29022216796875
2012-11-01,273.193115234375
2012-11-02,274.8511962890625
2012-11-05,279.2575378417969
2012-11-06,276.6909484863281
2012-11-07,279.9161682128906
2012-11-08,294.0437316894531
2012-11-09,291.6588439941406
2012-11-12,287.1389465332031
2012-11-15,287.8885192871094
2012-11-16,287.3887939453125
2012-11-19,283.02789306640625
2012-11-20,281.460693359375
2012-11-21,287.1162414550781
2012-11-22,285.0039367675781
2012-11-23,285.2310485839844
2012-11-26,282.8689270019531
2012-11-27,283.7774353027344
2012-11-29,287.2979431152344
2012-11-30,290.5686340332031
2012-12-03,296.54217529296875
2012-12-04,295.6336364746094
2012-12-05,300.0173034667969
2012-12-06,297.8140869140625
2012-12-07,299.7674255371094
2012-12-10,300.5624084472656
2012-12-11,298.60906982421875
2012-12-12,298.6771850585937
2012-12-13,297.8822631835937
2012-12-14,299.2450561523437
2012-12-17,295.8835144042969
2012-12-18,305.15045166015625
2012-12-19,299.4494934082031
2012-12-20,296.6784973144531
2012-12-21,291.6588439941406
2012-12-24,295.9971008300781
2012-12-26,292.9535217285156
2012-12-27,291.20458984375
2012-12-28,290.2961120605469
2012-12-31,290.4550476074219
2013-01-01,292.9081115722656
2013-01-02,299.9945678710937
2013-01-03,301.1302490234375
2013-01-04,295.8153686523437
2013-01-07,288.5017395019531
2013-01-08,287.6159362792969
2013-01-09,284.8904113769531
2013-01-10,285.549072265625
2013-01-11,282.5509033203125
2013-01-14,283.7774353027344
2013-01-15,286.4121398925781
2013-01-16,284.5496826171875
2013-01-17,283.595703125
2013-01-18,278.780517578125
2013-01-21,277.962890625
2013-01-22,281.5742492675781
2013-01-23,278.9622497558594
2013-01-24,275.7596740722656
2013-01-25,282.39190673828125
2013-01-28,284.0045471191406
2013-01-29,283.57305908203125
2013-01-30,286.3440246582031
2013-01-31,282.1420593261719
2013-02-01,282.25567626953125
2013-02-04,281.7105407714844
2013-02-05,277.7811889648437
2013-02-06,271.784912109375
2013-02-07,271.6713562011719
2013-02-08,270.1041564941406
2013-02-11,270.8763732910156
2013-02-12,268.5823669433594
2013-02-13,276.8272399902344
2013-02-14,271.9666442871094
2013-02-15,270.3766784667969
2013-02-18,272.2391357421875
2013-02-19,274.4423522949219
2013-02-20,274.8057556152344
2013-02-21,271.60321044921875
2013-02-22,270.62652587890625
2013-02-25,268.5142517089844
2013-02-26,261.8138427734375
2013-02-27,254.4320831298828
2013-02-28,244.02951049804688
2013-03-01,246.05096435546875
2013-03-04,247.7317352294922
2013-03-05,255.22706604003903
2013-03-06,255.9084625244141
2013-03-07,255.77215576171875
2013-03-08,251.38856506347656
2013-03-11,251.070556640625
2013-03-12,249.82135009765625
2013-03-13,246.80050659179688
2013-03-14,244.0976409912109
2013-03-15,243.2118377685547
2013-03-18,244.18849182128903
2013-03-19,241.8717498779297
2013-03-20,238.19224548339844
2013-03-21,235.19412231445312
2013-03-22,233.9449005126953
2013-03-25,238.94178771972656
2013-03-26,240.59982299804688
2013-03-28,239.64588928222656
2013-04-01,257.9753723144531
2013-04-02,257.7936096191406
2013-04-03,248.91281127929688
2013-04-04,244.5973358154297
2013-04-05,241.39480590820312
2013-04-08,241.303939819336
2013-04-09,240.1682891845703
2013-04-10,243.1436920166016
2013-04-11,253.70529174804688
2013-04-12,254.52296447753903
2013-04-15,259.6333923339844
2013-04-16,265.2889709472656
2013-04-17,259.5425720214844
2013-04-18,264.74383544921875
2013-04-22,271.4896545410156
2013-04-23,272.1256103515625
2013-04-25,274.3969421386719
2013-04-26,273.0795593261719
2013-04-29,272.9432678222656
2013-04-30,281.4833984375
2013-05-02,284.75408935546875
2013-05-03,281.2562561035156
2013-05-06,279.8935241699219
2013-05-07,284.1862487792969
2013-05-08,282.6417541503906
2013-05-09,272.6025695800781
2013-05-10,271.9893493652344
2013-05-13,268.6278076171875
2013-05-14,268.1054077148437
2013-05-15,266.3564758300781
2013-05-16,269.7861633300781
2013-05-17,267.2423095703125
2013-05-20,264.6529846191406
2013-05-21,258.13433837890625
2013-05-22,256.3172912597656
2013-05-23,256.2945861816406
2013-05-24,255.0453643798828
2013-05-27,257.6800842285156
2013-05-28,261.2460327148437
2013-05-29,261.65484619140625
2013-05-30,258.9066162109375
2013-05-31,258.3614501953125
2013-06-03,255.70407104492188
2013-06-04,256.2037353515625
2013-06-05,256.38543701171875
2013-06-06,254.1822662353516
2013-06-07,252.36520385742188
2013-06-10,250.275619506836
2013-06-11,256.0902099609375
2013-06-12,255.22706604003903
2013-06-13,250.275619506836
2013-06-14,251.75196838378903
2013-06-17,252.09266662597656
2013-06-18,252.04722595214844
2013-06-19,249.5033721923828
2013-06-20,240.8042449951172
2013-06-21,239.7367248535156
2013-06-24,228.902587890625
2013-06-25,241.71275329589844
2013-06-26,238.48751831054688
2013-06-27,242.07620239257807
2013-06-28,241.9171905517578
2013-07-01,243.0982666015625
2013-07-02,243.0525054931641
2013-07-03,239.7342987060547
2013-07-04,239.5054473876953
2013-07-05,241.70233154296875
2013-07-08,239.7800750732422
2013-07-09,239.4368133544922
2013-07-10,240.7869567871093
2013-07-11,240.16909790039065
2013-07-12,240.9471740722656
2013-07-15,244.8145751953125
2013-07-16,243.02960205078125
2013-07-17,247.1258850097656
2013-07-18,248.727767944336
2013-07-19,248.81930541992188
2013-07-22,243.8534393310547
2013-07-23,243.6475067138672
2013-07-24,238.6816253662109
2013-07-25,237.40011596679688
2013-07-26,235.29478454589844
2013-07-29,231.81637573242188
2013-07-30,225.4088287353516
2013-07-31,219.04702758789065
2013-08-01,224.859603881836
2013-08-02,217.4680328369141
2013-08-05,217.07899475097656
2013-08-06,208.1770782470703
2013-08-07,211.9758453369141
2013-08-08,204.9961700439453
2013-08-12,211.76988220214844
2013-08-13,209.5043487548828
2013-08-14,211.9071807861328
2013-08-16,219.9166259765625
2013-08-19,219.4352264404297
2013-08-20,221.25607299804688
2013-08-21,216.50714111328125
2013-08-22,211.6351623535156
2013-08-23,210.1834259033203
2013-08-26,210.1342010498047
2013-08-27,203.2445526123047
2013-08-28,196.4041442871093
2013-08-29,194.6817169189453
2013-08-30,193.6236724853516
2013-09-02,194.48487854003903
2013-09-03,193.94354248046875
2013-09-04,187.8658905029297
2013-09-05,191.11387634277344
2013-09-06,191.5567779541016
2013-09-10,192.68862915039065
2013-09-11,190.05581665039065
2013-09-12,190.6217498779297
2013-09-13,186.16807556152344
2013-09-16,189.4898834228516
2013-09-17,187.6690368652344
2013-09-18,184.5440826416016
2013-09-19,191.8028259277344
2013-09-20,192.83628845214844
2013-09-23,185.6021423339844
2013-09-24,176.71942138671875
2013-09-25,176.0796661376953
2013-09-26,171.8720703125
2013-09-27,170.29727172851562
2013-09-30,168.82093811035156
2013-10-01,171.18310546875
2013-10-03,177.65444946289062
2013-10-04,184.9131774902344
2013-10-07,188.23497009277344
2013-10-08,191.0154266357422
2013-10-09,190.8678131103516
2013-10-10,189.61289978027344
2013-10-11,187.0539093017578
2013-10-14,185.67596435546875
2013-10-15,184.3472595214844
2013-10-17,180.1642608642578
2013-10-18,181.64059448242188
2013-10-21,182.0096893310547
2013-10-22,181.07467651367188
2013-10-23,181.6159820556641
2013-10-24,180.31187438964844
2013-10-25,181.8374481201172
2013-10-28,178.44183349609375
2013-10-29,181.29611206054688
2013-10-30,181.3453369140625
2013-10-31,180.23806762695312
2013-11-01,181.4437713623047
2013-11-05,180.9516448974609
2013-11-06,180.2872772216797
2013-11-07,179.45068359375
2013-11-08,176.9408721923828
2013-11-11,174.18502807617188
2013-11-12,173.88975524902344
2013-11-13,173.96356201171875
2013-11-14,168.55027770996094
2013-11-18,173.7667236328125
2013-11-19,178.17117309570312
2013-11-20,177.65444946289062
2013-11-21,177.30996704101562
2013-11-22,178.44183349609375
2013-11-25,177.65444946289062
2013-11-26,173.5698699951172
2013-11-27,168.7963409423828
2013-11-28,167.2215576171875
2013-11-29,164.51490783691406
2013-12-02,167.2215576171875
2013-12-03,165.3022918701172
2013-12-04,163.77671813964844
2013-12-05,164.51490783691406
2013-12-06,164.71176147460938
2013-12-09,165.3022918701172
2013-12-10,161.26693725585938
2013-12-11,158.01895141601562
2013-12-12,160.8240203857422
2013-12-13,161.95590209960938
2013-12-16,162.44801330566406
2013-12-17,159.34765625
2013-12-18,160.38111877441406
2013-12-19,162.79249572753906
2013-12-20,163.3338165283203
2013-12-23,164.4656982421875
2013-12-24,164.4656982421875
2013-12-26,165.0562286376953
2013-12-27,164.95782470703125
2013-12-30,162.00511169433594
2013-12-31,162.79249572753906
2014-01-01,177.65444946289062
2014-01-02,164.17042541503906
2014-01-03,164.76097106933594
2014-01-06,165.25308227539062
2014-01-07,164.36727905273438
2014-01-08,163.53067016601562
2014-01-09,162.3988037109375
2014-01-10,161.1685028076172
2014-01-13,162.2019500732422
2014-01-14,162.94012451171875
2014-01-15,162.44801330566406
2014-01-16,159.69215393066406
2014-01-17,156.78866577148438
2014-01-20,158.6094970703125
2014-01-21,161.26693725585938
2014-01-22,162.3988037109375
2014-01-23,162.2511749267578
2014-01-24,157.96974182128906
2014-01-27,153.9343719482422
2014-01-28,155.75521850585938
2014-01-29,157.4284210205078
2014-01-30,152.65487670898438
2014-01-31,159.8397979736328
2014-02-03,157.3300018310547
2014-02-04,155.75521850585938
2014-02-05,156.83787536621094
2014-02-06,156.34576416015625
2014-02-07,156.64102172851562
2014-02-10,156.2965545654297
2014-02-11,156.34576416015625
2014-02-12,155.75521850585938
2014-02-13,153.4422607421875
2014-02-14,153.5898895263672
2014-02-17,153.4422607421875
2014-02-18,154.91860961914062
2014-02-19,154.0327911376953
2014-02-20,154.5741424560547
2014-02-21,157.4284210205078
2014-02-24,155.5091552734375
2014-02-25,165.25308227539062
2014-02-26,163.6291046142578
2014-02-28,164.6625518798828
2014-03-03,160.4795379638672
2014-03-04,162.79249572753906
2014-03-05,162.34959411621094
2014-03-06,166.82786560058594
2014-03-07,167.27076721191406
2014-03-10,168.5994873046875
2014-03-11,176.5225830078125
2014-03-12,179.4260711669922
2014-03-13,174.06199645996094
2014-03-14,175.34149169921875
2014-03-18,172.68405151367188
2014-03-19,171.404541015625
2014-03-20,173.17616271972656
2014-03-21,174.20962524414062
2014-03-24,176.76864624023438
2014-03-25,180.06581115722656
2014-03-26,183.75669860839844
2014-03-27,188.28419494628903
2014-03-28,198.963134765625
2014-03-31,210.47869873046875
2014-04-01,214.9077606201172
2014-04-02,219.73049926757807
2014-04-03,222.4863739013672
2014-04-04,222.1910858154297
2014-04-07,224.1103515625
2014-04-09,222.5355834960937
2014-04-10,219.04153442382807
2014-04-11,213.67745971679688
2014-04-15,209.39602661132807
2014-04-16,206.3941192626953
2014-04-17,216.13804626464844
2014-04-21,220.6163024902344
2014-04-22,218.4017791748047
2014-04-23,217.0238494873047
2014-04-24,217.0238494873047
2014-04-25,213.1361389160156
2014-04-28,214.02194213867188
2014-04-29,213.5790405273437
2014-04-30,216.3348846435547
2014-05-02,210.38026428222656
2014-05-05,211.5121307373047
2014-05-06,210.38026428222656
2014-05-07,206.49253845214844
2014-05-08,204.474853515625
2014-05-09,207.67361450195312
2014-05-12,211.61056518554688
2014-05-13,212.34873962402344
2014-05-14,213.33297729492188
2014-05-15,211.75819396972656
2014-05-16,215.7443389892578
2014-05-19,231.8858184814453
2014-05-20,236.06881713867188
2014-05-21,240.84234619140625
2014-05-22,246.6985321044922
2014-05-23,246.60012817382807
2014-05-26,232.27951049804688
2014-05-27,230.0157623291016
2014-05-28,236.856185913086
2014-05-29,234.69088745117188
2014-05-30,239.3167724609375
2014-06-02,237.64358520507807
2014-06-03,244.28717041015625
2014-06-04,247.5843505859375
2014-06-05,245.6651153564453
2014-06-06,251.8165740966797
2014-06-09,256.2948303222656
2014-06-10,253.8342437744141
2014-06-11,245.8619537353516
2014-06-12,247.04302978515625
2014-06-13,238.48019409179688
2014-06-16,240.39944458007807
2014-06-17,243.45057678222656
2014-06-18,235.67510986328125
2014-06-19,232.8700408935547
2014-06-20,231.3936920166016
2014-06-23,229.3267822265625
2014-06-24,234.100341796875
2014-06-25,239.5136260986328
2014-06-26,239.267578125
2014-06-27,238.7754669189453
2014-06-30,239.80889892578125
2014-07-01,242.12185668945312
2014-07-02,241.7281646728516
2014-07-03,235.82275390625
2014-07-04,237.4467315673828
2014-07-07,241.77735900878903
2014-07-08,228.6870574951172
2014-07-09,227.55517578125
2014-07-10,222.732421875
2014-07-11,224.25799560546875
2014-07-14,220.41946411132807
2014-07-15,221.10842895507807
2014-07-16,226.91542053222656
2014-07-17,228.44097900390625
2014-07-18,229.67127990722656
2014-07-21,231.83660888671875
2014-07-22,242.2694854736328
2014-07-23,237.5943756103516
2014-07-24,236.80699157714844
2014-07-25,230.50787353515625
2014-07-28,227.33120727539065
2014-07-30,228.9195556640625
2014-07-31,226.83485412597656
2014-08-01,225.296142578125
2014-08-04,226.73556518554688
2014-08-05,233.9823760986328
2014-08-06,232.4933013916016
2014-08-07,227.7282867431641
2014-08-08,222.1194610595703
2014-08-11,222.7647247314453
2014-08-12,226.13995361328125
2014-08-13,221.67274475097656
2014-08-14,220.97784423828125
2014-08-18,222.91363525390625
2014-08-19,226.0903167724609
2014-08-20,224.20416259765625
2014-08-21,223.4099884033203
2014-08-22,222.3180084228516
2014-08-25,223.75743103027344
2014-08-26,223.11216735839844
2014-08-27,221.82164001464844
2014-08-28,222.5661773681641
2014-09-01,223.0128936767578
2014-09-02,230.0611572265625
2014-09-03,241.8744354248047
2014-09-04,234.1312866210937
2014-09-05,235.9181671142578
2014-09-08,239.4422912597656
2014-09-09,235.02471923828125
2014-09-10,232.59259033203125
2014-09-11,237.35760498046875
2014-09-12,235.1240081787109
2014-09-15,236.7619781494141
2014-09-16,232.14585876464844
2014-09-17,234.08164978027344
2014-09-18,235.96780395507807
2014-09-19,238.6481170654297
2014-09-22,247.0365600585937
2014-09-23,236.8612518310547
2014-09-24,238.9459381103516
2014-09-25,232.09622192382807
2014-09-26,231.40133666992188
2014-09-29,237.95323181152344
2014-09-30,235.1736297607422
2014-10-01,233.5852966308593
2014-10-07,236.01744079589844
2014-10-08,233.6349334716797
2014-10-09,238.8466796875
2014-10-10,237.4568634033203
2014-10-13,238.3999481201172
2014-10-14,235.71961975097656
2014-10-15,235.71961975097656
2014-10-16,231.5502319335937
2014-10-17,227.9268341064453
2014-10-20,223.65817260742188
2014-10-21,232.0465850830078
2014-10-22,232.0465850830078
2014-10-27,232.8903961181641
2014-10-28,234.82618713378903
2014-10-29,237.8043212890625
2014-10-30,239.7897491455078
2014-10-31,242.37078857421875
2014-11-03,249.4190673828125
2014-11-05,258.4527587890625
2014-11-07,253.3402709960937
2014-11-10,249.96505737304688
2014-11-11,250.7592315673828
2014-11-12,250.11395263671875
2014-11-13,243.51242065429688
2014-11-14,247.58253479003903
2014-11-17,248.9723358154297
2014-11-18,248.82342529296875
2014-11-19,243.5620574951172
2014-11-20,242.072998046875
2014-11-21,250.26287841796875
2014-11-24,252.248291015625
2014-11-25,248.82342529296875
2014-11-26,252.64537048339844
2014-11-27,248.4263458251953
2014-11-28,248.82342529296875
2014-12-01,249.1708831787109
2014-12-02,249.12124633789065
2014-12-03,266.1462707519531
2014-12-04,268.3302307128906
2014-12-05,268.9755249023437
2014-12-08,268.6776733398437
2014-12-09,261.281982421875
2014-12-10,262.4732360839844
2014-12-11,259.991455078125
2014-12-12,254.2337188720703
2014-12-15,253.538818359375
2014-12-16,246.5898284912109
2014-12-17,245.944564819336
2014-12-18,247.7810974121093
2014-12-19,245.1007537841797
2014-12-22,245.3985748291016
2014-12-23,246.3416442871093
2014-12-24,246.44091796875
2014-12-26,246.54019165039065
2014-12-29,248.22781372070312
2014-12-30,255.42495727539065
2014-12-31,255.6731414794922
2015-01-01,253.3402709960937
2015-01-02,254.7300720214844
2015-01-05,262.5228881835937
2015-01-06,253.5884552001953
2015-01-07,250.41177368164065
2015-01-08,250.6599578857422
2015-01-09,249.1708831787109
2015-01-12,251.35484313964844
2015-01-13,250.8584899902344
2015-01-14,249.4687042236328
2015-01-15,259.9418334960937
2015-01-16,257.7578430175781
2015-01-19,259.7432556152344
2015-01-20,267.3871765136719
2015-01-21,263.2177734375
2015-01-22,265.99737548828125
2015-01-23,264.7068176269531
2015-01-27,273.34344482421875
2015-01-28,274.6836242675781
2015-01-29,277.0164489746094
2015-01-30,277.46319580078125
2015-02-02,273.6908874511719
2015-02-03,279.9449768066406
2015-02-04,282.9231262207031
2015-02-05,287.5392150878906
2015-02-06,281.83111572265625
2015-02-09,282.12896728515625
2015-02-10,285.3056030273437
2015-02-11,291.8575134277344
2015-02-12,294.98455810546875
2015-02-13,293.6940612792969
2015-02-16,293.6444091796875
2015-02-18,296.2254638671875
2015-02-19,302.1817321777344
2015-02-20,300.1466979980469
2015-02-23,299.1539611816406
2015-02-24,299.2035827636719
2015-02-25,296.67218017578125
2015-02-26,295.828369140625
2015-02-27,296.5729064941406
2015-03-02,295.7290954589844
2015-03-03,295.828369140625
2015-03-04,286.5465087890625
2015-03-05,279.845703125
2015-03-09,276.4208679199219
2015-03-10,270.36529541015625
2015-03-11,265.798828125
2015-03-12,266.2455444335937
2015-03-13,264.011962890625
2015-03-16,262.2746887207031
2015-03-17,262.77105712890625
2015-03-18,258.0060119628906
2015-03-19,254.978256225586
2015-03-20,249.6175994873047
2015-03-23,249.36941528320312
2015-03-24,249.0716094970703
2015-03-25,243.214599609375
2015-03-26,237.4568634033203
2015-03-27,237.10943603515625
2015-03-30,249.7168731689453
2015-03-31,249.3197784423828
2015-04-01,256.76513671875
2015-04-06,269.6207580566406
2015-04-07,274.23687744140625
2015-04-08,272.30108642578125
2015-04-09,269.3725891113281
2015-04-10,271.2587280273437
2015-04-13,272.25146484375
2015-04-15,267.6849670410156
2015-04-16,263.2177734375
2015-04-17,259.7432556152344
2015-04-20,257.2118530273437
2015-04-21,258.4527587890625
2015-04-22,253.2410125732422
2015-04-23,249.667236328125
2015-04-24,243.1649627685547
2015-04-27,239.24375915527344
2015-04-28,242.42042541503903
2015-04-29,233.8334808349609
2015-04-30,240.18682861328125
2015-05-04,242.47007751464844
2015-05-05,247.7810974121093
2015-05-06,249.5679626464844
2015-05-07,241.37808227539065
2015-05-08,243.0160675048828
2015-05-11,246.0934600830078
2015-05-12,240.9810028076172
2015-05-13,238.25103759765625
2015-05-14,238.0525054931641
2015-05-15,237.30796813964844
2015-05-18,238.25103759765625
2015-05-19,238.1517639160156
2015-05-20,237.7546844482422
2015-05-21,252.99282836914065
2015-05-22,258.9490966796875
2015-05-25,256.96368408203125
2015-05-26,253.4891815185547
2015-05-27,258.5520324707031
2015-05-28,261.72869873046875
2015-05-29,266.0966186523437
2015-06-01,265.6499328613281
2015-06-02,253.3899078369141
2015-06-03,252.59573364257807
2015-06-04,253.6380920410156
2015-06-05,258.3534851074219
2015-06-08,248.87306213378903
2015-06-09,248.27745056152344
2015-06-10,253.5884552001953
2015-06-11,253.3899078369141
2015-06-12,248.27745056152344
2015-06-15,243.1649627685547
2015-06-16,240.18682861328125
2015-06-17,240.633544921875
2015-06-18,244.654037475586
2015-06-19,246.44091796875
2015-06-22,249.7665100097656
2015-06-23,248.3270721435547
2015-06-24,244.80294799804688
2015-06-25,244.0087738037109
2015-06-26,247.7810974121093
2015-06-29,243.41314697265625
2015-06-30,245.05113220214844
2015-07-01,246.3912811279297
2015-07-02,248.27745056152344
2015-07-03,247.58253479003903
2015-07-06,249.667236328125
2015-07-07,252.1490173339844
2015-07-08,252.5460968017578
2015-07-09,247.0365600585937
2015-07-10,249.91542053222656
2015-07-13,252.1986541748047
2015-07-14,251.8511962890625
2015-07-15,253.4891815185547
2015-07-16,268.6776733398437
2015-07-17,267.8835144042969
2015-07-20,272.6485290527344
2015-07-21,271.2091064453125
2015-07-22,268.1317138671875
2015-07-23,268.1317138671875
2015-07-24,272.45001220703125
2015-07-27,268.29998779296875
2015-07-28,258.1000061035156
2015-07-29,260.1499938964844
2015-07-30,262.1000061035156
2015-07-31,268.1000061035156
2015-08-03,267.0
2015-08-04,261.25
2015-08-05,263.79998779296875
2015-08-06,284.1499938964844
2015-08-07,283.54998779296875
2015-08-10,302.70001220703125
2015-08-11,309.3500061035156
2015-08-12,295.1000061035156
2015-08-13,296.0
2015-08-14,305.8500061035156
2015-08-17,319.5
2015-08-18,332.20001220703125
2015-08-19,344.3999938964844
2015-08-20,326.75
2015-08-21,309.54998779296875
2015-08-24,289.5
2015-08-25,288.6000061035156
2015-08-26,292.6499938964844
2015-08-27,296.6000061035156
2015-08-28,290.0
2015-08-31,309.3999938964844
2015-09-01,293.8999938964844
2015-09-02,295.25
2015-09-03,302.6000061035156
2015-09-04,293.95001220703125
2015-09-07,290.3999938964844
2015-09-08,284.6000061035156
2015-09-09,292.5
2015-09-10,285.29998779296875
2015-09-11,288.1499938964844
2015-09-14,294.20001220703125
2015-09-15,313.0
2015-09-16,308.3999938964844
2015-09-18,322.25
2015-09-21,323.70001220703125
2015-09-22,315.20001220703125
2015-09-23,314.6499938964844
2015-09-24,319.79998779296875
2015-09-28,312.70001220703125
2015-09-29,306.0
2015-09-30,329.1000061035156
2015-10-01,320.29998779296875
2015-10-05,320.8500061035156
2015-10-06,324.04998779296875
2015-10-07,338.8500061035156
2015-10-08,344.25
2015-10-09,339.8999938964844
2015-10-12,337.1000061035156
2015-10-13,334.5
2015-10-14,336.25
2015-10-15,342.8500061035156
2015-10-16,345.5
2015-10-19,361.7999877929688
2015-10-20,363.7999877929688
2015-10-21,353.1000061035156
2015-10-23,359.04998779296875
2015-10-26,361.3999938964844
2015-10-27,360.1000061035156
2015-10-28,352.3500061035156
2015-10-29,350.45001220703125
2015-10-30,343.5
2015-11-02,346.8500061035156
2015-11-03,348.0
2015-11-04,337.3500061035156
2015-11-05,323.5
2015-11-06,319.95001220703125
2015-11-09,321.8999938964844
2015-11-10,313.70001220703125
2015-11-13,319.0
2015-11-16,318.5
2015-11-17,316.6499938964844
2015-11-18,310.70001220703125
2015-11-19,316.45001220703125
2015-11-20,320.04998779296875
2015-11-23,321.0
2015-11-24,315.8500061035156
2015-11-26,323.95001220703125
2015-11-27,331.75
2015-11-30,335.25
2015-12-01,333.95001220703125
2015-12-02,335.75
2015-12-03,339.25
2015-12-04,334.0
2015-12-07,338.3500061035156
2015-12-08,332.20001220703125
2015-12-09,325.95001220703125
2015-12-10,330.70001220703125
2015-12-11,328.04998779296875
2015-12-14,325.6000061035156
2015-12-15,330.54998779296875
2015-12-16,329.45001220703125
2015-12-17,332.04998779296875
2015-12-18,329.70001220703125
2015-12-21,330.20001220703125
2015-12-22,342.3999938964844
2015-12-23,339.1499938964844
2015-12-24,336.54998779296875
2015-12-28,335.8999938964844
2015-12-29,332.6499938964844
2015-12-30,336.8999938964844
2015-12-31,336.25
2016-01-01,337.0
2016-01-04,334.04998779296875
2016-01-05,334.0
2016-01-06,330.0
2016-01-07,318.3999938964844
2016-01-08,320.20001220703125
2016-01-11,319.75
2016-01-12,320.45001220703125
2016-01-13,320.45001220703125
2016-01-14,325.8999938964844
2016-01-15,314.04998779296875
2016-01-18,313.25
2016-01-19,319.95001220703125
2016-01-20,313.20001220703125
2016-01-21,311.0
2016-01-22,309.1000061035156
2016-01-25,309.54998779296875
2016-01-27,305.20001220703125
2016-01-28,300.29998779296875
2016-01-29,300.25
2016-02-01,302.45001220703125
2016-02-02,300.04998779296875
2016-02-03,289.8999938964844
2016-02-04,298.0
2016-02-05,302.5
2016-02-08,298.45001220703125
2016-02-09,290.8500061035156
2016-02-10,288.0
2016-02-11,285.5
2016-02-12,278.20001220703125
2016-02-15,286.6499938964844
2016-02-16,282.25
2016-02-17,279.0
2016-02-18,284.8999938964844
2016-02-19,274.75
2016-02-22,279.6499938964844
2016-02-23,275.5
2016-02-24,273.54998779296875
2016-02-25,273.75
2016-02-26,271.95001220703125
2016-02-29,267.3500061035156
2016-03-01,269.6000061035156
2016-03-02,272.95001220703125
2016-03-03,283.5
2016-03-04,281.1000061035156
2016-03-08,276.8999938964844
2016-03-09,278.6000061035156
2016-03-10,279.54998779296875
2016-03-11,276.25
2016-03-14,277.3500061035156
2016-03-15,274.79998779296875
2016-03-16,272.8999938964844
2016-03-17,273.3999938964844
2016-03-18,283.45001220703125
2016-03-21,287.75
2016-03-22,291.3500061035156
2016-03-23,297.75
2016-03-28,295.0
2016-03-29,293.54998779296875
2016-03-30,295.3999938964844
2016-03-31,295.8500061035156
2016-04-01,303.6000061035156
2016-04-04,303.8999938964844
2016-04-05,301.79998779296875
2016-04-06,306.8500061035156
2016-04-07,310.3500061035156
2016-04-08,314.75
2016-04-11,316.5
2016-04-12,321.70001220703125
2016-04-13,322.1499938964844
2016-04-18,344.79998779296875
2016-04-20,344.5
2016-04-21,334.1499938964844
2016-04-22,337.1000061035156
2016-04-25,332.3500061035156
2016-04-26,330.5
2016-04-27,330.1000061035156
2016-04-28,334.70001220703125
2016-04-29,340.04998779296875
2016-05-02,340.8500061035156
2016-05-03,339.8500061035156
2016-05-04,335.8999938964844
2016-05-05,322.6000061035156
2016-05-06,318.0
2016-05-09,320.6499938964844
2016-05-10,320.75
2016-05-11,320.8500061035156
2016-05-12,322.25
2016-05-13,320.20001220703125
2016-05-16,323.70001220703125
2016-05-17,329.79998779296875
2016-05-18,334.29998779296875
2016-05-19,333.0
2016-05-20,330.3500061035156
2016-05-23,320.6499938964844
2016-05-24,322.04998779296875
2016-05-25,319.54998779296875
2016-05-26,322.20001220703125
2016-05-27,328.0
2016-05-30,330.75
2016-05-31,329.5
2016-06-01,330.75
2016-06-02,329.5
2016-06-03,329.6000061035156
2016-06-06,330.45001220703125
2016-06-07,340.1499938964844
2016-06-08,340.6000061035156
2016-06-09,338.25
2016-06-10,332.1499938964844
2016-06-13,328.54998779296875
2016-06-14,325.3999938964844
2016-06-15,335.25
2016-06-16,332.0
2016-06-17,337.8999938964844
2016-06-20,340.0
2016-06-21,337.1000061035156
2016-06-22,339.5
2016-06-23,338.0
2016-06-24,328.70001220703125
2016-06-27,335.95001220703125
2016-06-28,359.5
2016-06-29,363.4500122070313
2016-06-30,363.6499938964844
2016-07-01,363.2000122070313
2016-07-04,367.1000061035156
2016-07-05,362.6499938964844
2016-07-07,367.8500061035156
2016-07-08,360.9500122070313
2016-07-11,374.8999938964844
2016-07-12,376.75
2016-07-13,368.3999938964844
2016-07-14,367.7999877929688
2016-07-15,368.5499877929688
2016-07-18,360.1499938964844
2016-07-19,361.7000122070313
2016-07-20,371.6000061035156
2016-07-21,367.8999938964844
2016-07-22,368.3500061035156
2016-07-25,367.6000061035156
2016-07-26,368.3999938964844
2016-07-27,366.0499877929688
2016-07-28,364.6000061035156
2016-07-29,361.2999877929688
2016-08-01,358.5
2016-08-02,353.95001220703125
2016-08-03,351.70001220703125
2016-08-04,346.70001220703125
2016-08-05,363.5
2016-08-08,372.0499877929688
2016-08-09,377.7999877929688
2016-08-10,364.25
2016-08-11,359.8500061035156
2016-08-12,356.8999938964844
2016-08-16,357.6000061035156
2016-08-17,364.1000061035156
2016-08-18,365.8999938964844
2016-08-19,362.1000061035156
2016-08-22,364.8999938964844
2016-08-23,363.7000122070313
2016-08-24,364.2999877929688
2016-08-25,365.7999877929688
2016-08-26,365.5
2016-08-29,361.75
2016-08-30,358.6499938964844
2016-08-31,359.6499938964844
2016-09-01,352.04998779296875
2016-09-02,355.20001220703125
2016-09-06,353.20001220703125
2016-09-07,347.5
2016-09-08,353.54998779296875
2016-09-09,349.20001220703125
2016-09-12,339.75
2016-09-14,339.70001220703125
2016-09-15,330.79998779296875
2016-09-16,337.0
2016-09-19,337.0
2016-09-20,335.8999938964844
2016-09-21,337.1000061035156
2016-09-22,341.25
2016-09-23,336.45001220703125
2016-09-26,332.6000061035156
2016-09-27,336.04998779296875
2016-09-28,340.20001220703125
2016-09-29,337.6000061035156
2016-09-30,347.20001220703125
2016-10-03,350.6000061035156
2016-10-04,353.6499938964844
2016-10-05,351.79998779296875
2016-10-06,350.5
2016-10-07,352.95001220703125
2016-10-10,351.45001220703125
2016-10-13,349.8999938964844
2016-10-14,350.6499938964844
2016-10-17,351.5
2016-10-18,356.3999938964844
2016-10-19,354.5
2016-10-20,358.6499938964844
2016-10-21,362.4500122070313
2016-10-24,365.6499938964844
2016-10-25,364.5499877929688
2016-10-26,362.6000061035156
2016-10-27,358.1000061035156
2016-10-28,359.04998779296875
2016-11-01,365.0499877929688
2016-11-02,360.20001220703125
2016-11-03,364.3999938964844
2016-11-04,358.0
2016-11-07,357.45001220703125
2016-11-08,359.1499938964844
2016-11-09,350.45001220703125
2016-11-10,340.1000061035156
2016-11-11,323.45001220703125
2016-11-15,305.70001220703125
2016-11-16,305.5
2016-11-17,306.25
2016-11-18,305.6499938964844
2016-11-21,293.75
2016-11-22,299.29998779296875
2016-11-23,301.3500061035156
2016-11-24,306.3999938964844
2016-11-25,307.3999938964844
2016-11-28,307.45001220703125
2016-11-29,300.54998779296875
2016-11-30,300.6000061035156
2016-12-01,301.3999938964844
2016-12-02,299.8999938964844
2016-12-05,295.6000061035156
2016-12-06,302.45001220703125
2016-12-07,298.6499938964844
2016-12-08,303.29998779296875
2016-12-09,300.79998779296875
2016-12-12,301.6000061035156
2016-12-13,298.8999938964844
2016-12-14,300.29998779296875
2016-12-15,305.3999938964844
2016-12-16,305.6499938964844
2016-12-19,302.1000061035156
2016-12-20,298.3500061035156
2016-12-21,294.45001220703125
2016-12-22,298.20001220703125
2016-12-23,293.75
2016-12-26,293.6000061035156
2016-12-27,301.6000061035156
2016-12-28,302.1499938964844
2016-12-29,305.1000061035156
2016-12-30,303.20001220703125
2017-01-02,313.70001220703125
2017-01-03,321.20001220703125
2017-01-04,323.6499938964844
2017-01-05,325.0
2017-01-06,316.1499938964844
2017-01-09,322.75
2017-01-10,321.70001220703125
2017-01-11,326.1499938964844
2017-01-12,335.04998779296875
2017-01-13,331.70001220703125
2017-01-16,335.25
2017-01-17,336.54998779296875
2017-01-18,335.6000061035156
2017-01-19,330.3500061035156
2017-01-20,328.0
2017-01-23,325.3500061035156
2017-01-24,323.54998779296875
2017-01-25,323.45001220703125
2017-01-27,335.5
2017-01-30,329.75
2017-01-31,330.6499938964844
2017-02-01,348.75
2017-02-02,372.2999877929688
2017-02-03,373.5
2017-02-06,386.6000061035156
2017-02-07,375.1499938964844
2017-02-08,372.9500122070313
2017-02-09,366.2000122070313
2017-02-10,363.3999938964844
2017-02-13,363.25
2017-02-14,361.0
2017-02-15,355.04998779296875
2017-02-16,359.75
2017-02-17,355.3999938964844
2017-02-20,354.45001220703125
2017-02-21,355.6499938964844
2017-02-22,366.8500061035156
2017-02-23,369.75
2017-02-27,365.3500061035156
2017-02-28,364.1000061035156
2017-03-01,373.3500061035156
2017-03-02,369.1000061035156
2017-03-03,367.0499877929688
2017-03-06,366.1000061035156
2017-03-07,368.0499877929688
2017-03-08,361.4500122070313
2017-03-09,358.54998779296875
2017-03-10,361.5
2017-03-14,374.8500061035156
2017-03-15,375.3999938964844
2017-03-16,376.0
2017-03-17,392.2999877929688
2017-03-20,394.4500122070313
2017-03-21,388.3500061035156
2017-03-22,395.3500061035156
2017-03-23,395.7999877929688
2017-03-24,400.1000061035156
2017-03-27,391.6000061035156
2017-03-28,377.5499877929688
2017-03-29,380.1499938964844
2017-03-30,384.5499877929688
2017-03-31,385.0499877929688
2017-04-03,403.0499877929688
2017-04-05,436.2000122070313
2017-04-06,443.3500061035156
2017-04-07,437.3999938964844
2017-04-10,428.8999938964844
2017-04-11,429.8500061035156
2017-04-12,425.2999877929688
2017-04-13,429.7999877929688
2017-04-17,458.1000061035156
2017-04-18,438.2999877929688
2017-04-19,448.6499938964844
2017-04-20,466.8500061035156
2017-04-21,469.1499938964844
2017-04-24,473.8500061035156
2017-04-25,470.3999938964844
2017-04-26,455.25
2017-04-27,458.5499877929688
2017-04-28,464.2999877929688
2017-05-02,506.2999877929688
2017-05-03,541.9500122070312
2017-05-04,531.0
2017-05-05,525.2999877929688
2017-05-08,532.5999755859375
2017-05-09,530.25
2017-05-10,528.0999755859375
2017-05-11,513.5
2017-05-12,509.6000061035156
2017-05-15,514.0999755859375
2017-05-16,514.4000244140625
2017-05-17,527.0499877929688
2017-05-18,515.6500244140625
2017-05-19,513.5
2017-05-22,501.3999938964844
2017-05-23,501.3999938964844
2017-05-24,484.7999877929688
2017-05-25,495.6499938964844
2017-05-26,498.4500122070313
2017-05-29,486.7000122070313
2017-05-30,492.0499877929688
2017-05-31,490.6499938964844
2017-06-01,489.5499877929688
2017-06-02,520.5
2017-06-05,528.75
2017-06-06,513.75
2017-06-07,515.75
2017-06-08,517.0999755859375
2017-06-09,518.0499877929688
2017-06-12,508.7000122070313
2017-06-13,533.2000122070312
2017-06-14,551.5
2017-06-15,553.5499877929688
2017-06-16,559.0
2017-06-19,556.9000244140625
2017-06-20,550.7000122070312
2017-06-21,543.5999755859375
2017-06-22,552.75
2017-06-23,533.2999877929688
2017-06-27,515.0
2017-06-28,509.25
2017-06-29,514.3499755859375
2017-06-30,520.0
2017-07-03,524.1500244140625
2017-07-04,511.0
2017-07-05,514.0499877929688
2017-07-06,517.5999755859375
2017-07-07,516.25
2017-07-10,518.3499755859375
2017-07-11,513.5999755859375
2017-07-12,509.5
2017-07-13,509.25
2017-07-14,503.2000122070313
2017-07-17,511.2000122070313
2017-07-18,506.3500061035156
2017-07-19,510.25
2017-07-20,512.0
2017-07-21,524.5999755859375
2017-07-24,512.5999755859375
2017-07-25,512.1500244140625
2017-07-26,514.2999877929688
2017-07-27,515.5999755859375
2017-07-28,521.75
2017-07-31,522.1500244140625
2017-08-01,515.0499877929688
2017-08-02,505.1000061035156
2017-08-03,499.8999938964844
2017-08-04,494.3999938964844
2017-08-07,504.3999938964844
2017-08-08,504.0499877929688
2017-08-09,500.0
2017-08-10,498.6000061035156
2017-08-11,498.5499877929688
2017-08-14,509.8500061035156
2017-08-16,514.7999877929688
2017-08-17,510.5
2017-08-18,510.7000122070313
2017-08-21,510.0499877929688
2017-08-22,510.0499877929688
2017-08-23,510.3500061035156
2017-08-24,519.5999755859375
2017-08-28,540.5499877929688
2017-08-29,540.5999755859375
2017-08-30,568.5999755859375
2017-08-31,579.5
2017-09-01,597.2999877929688
2017-09-04,600.8499755859375
2017-09-05,607.3499755859375
2017-09-06,606.4000244140625
2017-09-07,608.9500122070312
2017-09-08,593.75
2017-09-11,603.5
2017-09-12,653.2999877929688
2017-09-13,632.9000244140625
2017-09-14,626.0999755859375
2017-09-15,616.7999877929688
2017-09-18,616.7000122070312
2017-09-19,610.0999755859375
2017-09-20,609.4500122070312
2017-09-21,600.4000244140625
2017-09-22,601.0999755859375
2017-09-25,596.4000244140625
2017-09-26,617.2999877929688
2017-09-27,593.5
2017-09-28,609.7000122070312
2017-09-29,619.75
2017-10-03,614.5499877929688
2017-10-04,643.5999755859375
2017-10-05,624.3499755859375
2017-10-06,635.5
2017-10-09,647.7999877929688
2017-10-10,639.1500244140625
2017-10-11,629.5499877929688
2017-10-12,640.2999877929688
2017-10-13,634.9000244140625
2017-10-16,640.5499877929688
2017-10-17,635.5999755859375
2017-10-18,648.5
2017-10-19,642.9000244140625
2017-10-23,661.5
2017-10-24,676.4000244140625
2017-10-25,674.4500122070312
2017-10-26,676.9500122070312
2017-10-27,657.5
2017-10-30,673.0999755859375
2017-10-31,679.2999877929688
2017-11-01,702.0999755859375
2017-11-02,723.1500244140625
2017-11-03,718.0999755859375
2017-11-06,719.9000244140625
2017-11-07,708.2000122070312
2017-11-08,698.7000122070312
2017-11-09,694.5499877929688
2017-11-10,702.5
2017-11-13,693.8499755859375
2017-11-14,696.0999755859375
2017-11-15,672.6500244140625
2017-11-16,669.2000122070312
2017-11-17,686.5999755859375
2017-11-20,699.0499877929688
2017-11-21,707.0
2017-11-22,727.5
2017-11-23,720.7999877929688
2017-11-24,712.8499755859375
2017-11-27,715.7999877929688
2017-11-28,716.1500244140625
2017-11-29,725.7000122070312
2017-11-30,728.2000122070312
2017-12-01,721.1500244140625
2017-12-04,718.5999755859375
2017-12-05,709.1500244140625
2017-12-06,705.8499755859375
2017-12-07,708.6500244140625
2017-12-08,713.8499755859375
2017-12-11,714.6500244140625
2017-12-12,713.25
2017-12-13,704.4000244140625
2017-12-14,701.2999877929688
2017-12-15,708.0999755859375
2017-12-18,697.7000122070312
2017-12-19,709.5999755859375
2017-12-20,709.75
2017-12-21,705.6500244140625
2017-12-22,700.7000122070312
2017-12-26,703.9500122070312
2017-12-27,698.0
2017-12-28,698.7999877929688
2017-12-29,692.5499877929688
2018-01-01,703.8499755859375
2018-01-02,703.6500244140625
2018-01-03,710.75
2018-01-04,714.75
2018-01-05,725.25
2018-01-08,736.9500122070312
2018-01-09,791.5499877929688
2018-01-10,826.3499755859375
2018-01-11,844.5999755859375
2018-01-12,834.75
2018-01-15,833.0
2018-01-16,786.25
2018-01-17,831.5
2018-01-18,795.3499755859375
2018-01-19,824.0499877929688
2018-01-22,882.0499877929688
2018-01-23,843.8499755859375
2018-01-24,837.7999877929688
2018-01-25,819.0
2018-01-29,814.4500122070312
2018-01-30,804.3499755859375
2018-01-31,799.5999755859375
2018-02-01,807.4500122070312
2018-02-02,806.5999755859375
2018-02-05,780.7999877929688
2018-02-06,769.75
2018-02-07,793.4500122070312
2018-02-08,822.5499877929688
2018-02-09,839.3499755859375
2018-02-12,828.5499877929688
2018-02-14,827.8499755859375
2018-02-15,803.7999877929688
2018-02-16,794.2000122070312
2018-02-19,776.0999755859375
2018-02-20,764.2999877929688
2018-02-21,772.3499755859375
2018-02-22,774.75
2018-02-23,780.9000244140625
2018-02-26,783.0
2018-02-27,784.7000122070312
2018-02-28,780.2000122070312
2018-03-01,779.0499877929688
2018-03-05,768.4000244140625
2018-03-06,762.4000244140625
2018-03-07,745.3499755859375
2018-03-08,751.5999755859375
2018-03-09,741.9000244140625
2018-03-12,736.2000122070312
2018-03-13,763.4000244140625
2018-03-14,759.5
2018-03-15,754.7000122070312
2018-03-16,741.5999755859375
2018-03-19,735.75
2018-03-20,732.2999877929688
2018-03-21,739.7000122070312
2018-03-22,738.4500122070312
2018-03-23,725.5999755859375
2018-03-26,730.9500122070312
2018-03-27,725.5999755859375
2018-03-28,722.9000244140625
2018-04-02,727.6500244140625
2018-04-03,731.0999755859375
2018-04-04,716.1500244140625
2018-04-05,724.7999877929688
2018-04-06,729.4500122070312
2018-04-09,719.3499755859375
2018-04-10,717.2999877929688
2018-04-11,726.4000244140625
2018-04-12,721.2000122070312
2018-04-13,723.9000244140625
2018-04-16,725.5999755859375
2018-04-17,764.2000122070312
2018-04-18,789.0499877929688
2018-04-19,789.5999755859375
2018-04-20,779.5999755859375
2018-04-23,812.0
2018-04-24,815.0999755859375
2018-04-25,798.5999755859375
2018-04-26,799.7000122070312
2018-04-27,800.9500122070312
2018-04-30,805.25
2018-05-02,795.7999877929688
2018-05-03,785.4000244140625
2018-05-04,809.9000244140625
2018-05-07,849.8499755859375
2018-05-08,880.7000122070312
2018-05-09,879.0
2018-05-10,865.75
2018-05-11,834.2999877929688
2018-05-14,812.25
2018-05-15,798.2999877929688
2018-05-16,800.1500244140625
2018-05-17,798.0499877929688
2018-05-18,776.9000244140625
2018-05-21,747.5499877929688
2018-05-22,762.5999755859375
2018-05-23,741.8499755859375
2018-05-24,729.75
2018-05-25,731.8499755859375
2018-05-28,735.6500244140625
2018-05-29,738.5499877929688
2018-05-30,743.0499877929688
2018-05-31,731.0499877929688
2018-06-01,730.0999755859375
2018-06-04,712.3499755859375
2018-06-05,706.3499755859375
2018-06-06,726.2000122070312
2018-06-07,787.5999755859375
2018-06-08,789.9000244140625
2018-06-11,778.9500122070312
2018-06-12,769.4500122070312
2018-06-13,767.0999755859375
2018-06-14,768.5999755859375
2018-06-15,764.7000122070312
2018-06-18,758.6500244140625
2018-06-19,734.8499755859375
2018-06-20,740.8499755859375
2018-06-21,743.7999877929688
2018-06-22,744.1500244140625
2018-06-25,739.75
2018-06-26,739.0
2018-06-27,727.1500244140625
2018-06-28,711.4000244140625
2018-06-29,719.0499877929688
2018-07-02,715.2999877929688
2018-07-03,714.2999877929688
2018-07-04,714.4500122070312
2018-07-05,705.75
2018-07-06,707.6500244140625
2018-07-09,708.3499755859375
2018-07-10,711.9000244140625
2018-07-11,703.4000244140625
2018-07-12,700.4000244140625
2018-07-13,705.5499877929688
2018-07-16,670.7999877929688
2018-07-17,692.25
2018-07-18,670.9000244140625
2018-07-19,665.75
2018-07-20,658.5999755859375
2018-07-23,657.9500122070312
2018-07-24,686.2000122070312
2018-07-25,676.5499877929688
2018-07-26,681.7999877929688
2018-07-27,687.0999755859375
2018-07-30,714.5
2018-07-31,714.75
2018-08-01,743.25
2018-08-02,725.5
2018-08-03,734.25
2018-08-06,713.4000244140625
2018-08-07,716.25
2018-08-08,718.3499755859375
2018-08-09,710.4500122070312
2018-08-10,694.75
2018-08-13,692.2000122070312
2018-08-14,719.8499755859375
2018-08-16,708.0
2018-08-17,713.0499877929688
2018-08-20,709.9500122070312
2018-08-21,705.8499755859375
2018-08-23,707.8499755859375
2018-08-24,707.9500122070312
2018-08-27,705.5
2018-08-28,694.7999877929688
2018-08-29,702.3499755859375
2018-08-30,701.4000244140625
2018-08-31,687.7000122070312
2018-09-03,696.0499877929688
2018-09-04,694.5999755859375
2018-09-05,682.9500122070312
2018-09-06,684.2999877929688
2018-09-07,682.4500122070312
2018-09-10,670.5999755859375
2018-09-11,657.0499877929688
2018-09-12,658.1500244140625
2018-09-14,654.5499877929688
2018-09-17,655.75
2018-09-18,640.75
2018-09-19,619.0499877929688
2018-09-21,574.9000244140625
2018-09-24,565.9000244140625
2018-09-25,570.0
2018-09-26,603.5499877929688
2018-09-27,609.0999755859375
2018-09-28,590.9000244140625
2018-10-01,599.75
2018-10-03,608.4500122070312
2018-10-04,576.2000122070312
2018-10-05,564.3499755859375
2018-10-08,498.3999938964844
2018-10-09,467.3999938964844
2018-10-10,501.4500122070313
2018-10-11,489.1000061035156
2018-10-12,504.5
2018-10-15,517.0499877929688
2018-10-16,540.6500244140625
2018-10-17,539.75
2018-10-19,528.1500244140625
2018-10-22,511.7999877929688
2018-10-23,521.5
2018-10-24,538.5999755859375
2018-10-25,511.6499938964844
2018-10-26,528.75
2018-10-29,585.8499755859375
2018-10-30,607.0499877929688
2018-10-31,599.2000122070312
2018-11-01,599.8499755859375
2018-11-02,606.4500122070312
2018-11-05,612.0999755859375
2018-11-06,613.7999877929688
2018-11-07,616.5
2018-11-09,619.7000122070312
2018-11-12,609.1500244140625
2018-11-13,607.0999755859375
2018-11-14,605.9500122070312
2018-11-15,636.0499877929688
2018-11-16,629.3499755859375
2018-11-19,623.4000244140625
2018-11-20,640.1500244140625
2018-11-21,660.25
2018-11-22,649.9500122070312
2018-11-26,674.7000122070312
2018-11-27,675.7000122070312
2018-11-28,641.3499755859375
2018-11-29,635.1500244140625
2018-11-30,663.2000122070312
2018-12-03,697.7999877929688
2018-12-04,694.4500122070312
2018-12-05,690.7999877929688
2018-12-06,665.0999755859375
2018-12-07,656.8499755859375
2018-12-10,636.4500122070312
2018-12-11,625.4500122070312
2018-12-12,660.25
2018-12-13,669.9500122070312
2018-12-14,666.1500244140625
2018-12-17,674.4000244140625
2018-12-18,675.8499755859375
2018-12-19,685.2999877929688
2018-12-20,689.5
2018-12-21,677.1500244140625
2018-12-24,677.75
2018-12-26,675.9000244140625
2018-12-27,672.0999755859375
2018-12-28,668.0
2018-12-31,652.7000122070312
2019-01-01,660.2999877929688
2019-01-02,669.7999877929688
2019-01-03,677.0499877929688
2019-01-04,679.2999877929688
2019-01-07,712.25
2019-01-08,732.0499877929688
2019-01-09,742.0999755859375
2019-01-10,735.3499755859375
2019-01-11,729.0999755859375
2019-01-14,737.4000244140625
2019-01-15,730.0499877929688
2019-01-16,736.5
2019-01-17,759.9500122070312
2019-01-18,749.4500122070312
2019-01-21,740.25
2019-01-22,733.8499755859375
2019-01-23,715.2999877929688
2019-01-24,742.4500122070312
2019-01-25,745.2999877929688
2019-01-28,742.5999755859375
2019-01-29,753.6500244140625
2019-01-30,745.2999877929688
2019-01-31,741.9000244140625
2019-02-01,750.0999755859375
2019-02-04,764.7000122070312
2019-02-05,729.4500122070312
2019-02-06,745.4000244140625
2019-02-07,748.3499755859375
2019-02-08,757.2999877929688
2019-02-11,735.6500244140625
2019-02-12,713.3499755859375
2019-02-14,723.75
2019-02-15,711.0499877929688
2019-02-18,704.7999877929688
2019-02-19,707.0999755859375
2019-02-20,714.1500244140625
2019-02-21,719.4000244140625
2019-02-22,724.8499755859375
2019-02-25,727.5999755859375
2019-02-26,703.25
2019-02-27,708.5999755859375
2019-02-28,709.4500122070312
2019-03-01,713.0999755859375
2019-03-05,710.4500122070312
2019-03-06,699.4500122070312
2019-03-07,695.5999755859375
2019-03-08,702.8499755859375
2019-03-11,704.5999755859375
2019-03-12,709.0999755859375
2019-03-13,697.5
2019-03-14,696.9500122070312
2019-03-15,694.4500122070312
2019-03-18,720.5
2019-03-19,752.5
2019-03-20,811.6500244140625
2019-03-22,846.3499755859375
2019-03-25,829.0999755859375
2019-03-26,814.1500244140625
2019-03-27,855.4000244140625
2019-03-28,867.9000244140625
2019-04-01,814.7000122070312
2019-04-02,894.0999755859375
2019-04-03,891.5999755859375
2019-04-04,917.7000122070312
2019-04-05,976.1500244140624
2019-04-08,928.9000244140624
2019-04-09,911.7999877929688
2019-04-10,932.9000244140624
2019-04-11,917.0
2019-04-12,907.9000244140624
2019-04-15,957.2000122070312
2019-04-16,942.7000122070312
2019-04-18,915.25
2019-04-22,903.5999755859376
2019-04-23,889.9500122070312
2019-04-24,892.2000122070312
2019-04-25,877.4500122070312
2019-04-26,854.8499755859375
2019-04-30,829.9000244140625
2019-05-02,820.4000244140625
2019-05-03,817.75
2019-05-06,801.7999877929688
2019-05-07,774.0
2019-05-08,779.5
2019-05-09,794.3499755859375
2019-05-10,789.2000122070312
2019-05-13,757.2000122070312
2019-05-14,801.5499877929688
2019-05-15,828.2999877929688
2019-05-16,817.6500244140625
2019-05-17,830.4000244140625
2019-05-20,849.5499877929688
2019-05-21,848.2000122070312
2019-05-22,841.2999877929688
2019-05-23,846.75
2019-05-24,880.3499755859375
2019-05-27,919.5499877929688
2019-05-28,928.75
2019-05-29,900.0499877929688
2019-05-30,885.6500244140625
2019-05-31,887.0999755859375
2019-06-03,900.75
2019-06-04,878.5999755859375
2019-06-06,843.7000122070312
2019-06-07,869.1500244140625
2019-06-10,892.25
2019-06-11,903.25
2019-06-12,891.5
2019-06-13,921.0
2019-06-14,916.0999755859376
2019-06-17,915.2999877929688
2019-06-18,915.4500122070312
2019-06-19,930.3499755859376
2019-06-20,984.0499877929688
2019-06-21,959.1500244140624
2019-06-24,960.4500122070312
2019-06-25,982.2000122070312
2019-06-26,960.0499877929688
2019-06-27,1000.0
2019-06-28,1002.2999877929688
2019-07-01,1096.25
2019-07-02,960.3499755859376
2019-07-03,949.5499877929688
2019-07-04,946.4000244140624
2019-07-05,925.0499877929688
2019-07-08,889.4500122070312
2019-07-09,899.2999877929688
2019-07-10,908.7000122070312
2019-07-11,931.0
2019-07-12,942.5
2019-07-15,948.2999877929688
2019-07-16,975.5999755859376
2019-07-17,989.9000244140624
2019-07-18,977.25
2019-07-19,950.75
2019-07-22,946.6500244140624
2019-07-23,953.7999877929688
2019-07-24,927.1500244140624
2019-07-25,944.25
2019-07-26,949.2999877929688
2019-07-29,937.5
2019-07-30,942.9500122070312
2019-07-31,952.9500122070312
2019-08-01,941.5999755859376
2019-08-02,936.5499877929688
2019-08-05,912.5499877929688
2019-08-06,928.0
2019-08-07,918.7000122070312
2019-08-08,908.6500244140624
2019-08-09,903.7000122070312
2019-08-13,902.9000244140624
2019-08-14,901.7999877929688
2019-08-16,916.3499755859376
2019-08-19,905.7999877929688
2019-08-20,903.9500122070312
2019-08-21,898.0999755859375
2019-08-22,889.5
2019-08-23,891.6500244140625
2019-08-26,899.7000122070312
2019-08-27,893.0499877929688
2019-08-28,891.9000244140625
2019-08-29,900.2000122070312
2019-08-30,900.6500244140625
2019-09-03,900.0499877929688
2019-09-04,892.6500244140625
2019-09-05,882.2999877929688
2019-09-06,885.75
2019-09-09,895.0
2019-09-11,954.9000244140624
2019-09-12,941.0499877929688
2019-09-13,958.0999755859376
2019-09-16,953.25
2019-09-17,940.7000122070312
2019-09-18,928.0999755859376
2019-09-19,906.6500244140624
2019-09-20,961.25
2019-09-23,1015.2999877929688
2019-09-24,1009.8499755859376
2019-09-25,1012.5
2019-09-26,1093.5
2019-09-27,1062.0999755859375
2019-09-30,1038.699951171875
2019-10-01,983.25
2019-10-03,1006.5499877929688
2019-10-04,1001.5999755859376
2019-10-07,993.25
2019-10-09,995.25
2019-10-10,978.5499877929688
2019-10-11,991.1500244140624
2019-10-14,996.2000122070312
2019-10-15,987.2000122070312
2019-10-16,990.2000122070312
2019-10-17,991.2999877929688
2019-10-18,974.9500122070312
2019-10-22,966.9500122070312
2019-10-23,949.7000122070312
2019-10-24,985.9000244140624
2019-10-25,975.3499755859376
2019-10-27,983.7999877929688
2019-10-29,1001.0
2019-10-30,993.5499877929688
2019-10-31,997.2999877929688
2019-11-01,1000.0
2019-11-04,985.7000122070312
2019-11-05,955.1500244140624
2019-11-06,985.7999877929688
2019-11-07,989.7999877929688
2019-11-08,961.25
2019-11-11,947.0
2019-11-13,933.7999877929688
2019-11-14,919.7000122070312
2019-11-15,906.5999755859376
2019-11-18,890.2000122070312
2019-11-19,882.5499877929688
2019-11-20,861.0
2019-11-21,859.5
2019-11-22,892.3499755859375
2019-11-25,898.0999755859375
2019-11-26,898.75
2019-11-27,904.5999755859376
2019-11-28,899.75
2019-11-29,908.7999877929688
2019-12-02,894.3499755859375
2019-12-03,899.4500122070312
2019-12-04,899.4000244140625
2019-12-05,896.7999877929688
2019-12-06,886.4500122070312
2019-12-09,885.3499755859375
2019-12-10,883.4000244140625
2019-12-11,902.1500244140624
2019-12-12,930.7999877929688
2019-12-13,919.0
2019-12-16,932.5999755859376
2019-12-17,922.4500122070312
2019-12-18,924.3499755859376
2019-12-19,934.5499877929688
2019-12-20,948.6500244140624
2019-12-23,947.6500244140624
2019-12-24,939.2999877929688
2019-12-26,949.7000122070312
2019-12-27,957.5999755859376
2019-12-30,958.0
2019-12-31,988.2999877929688
2020-01-01,990.2000122070312
2020-01-02,968.4500122070312
2020-01-03,965.0499877929688
2020-01-06,925.4500122070312
2020-01-07,970.7000122070312
2020-01-08,952.1500244140624
2020-01-09,962.0999755859376
2020-01-10,973.5
2020-01-13,982.0999755859376
2020-01-14,976.0999755859376
2020-01-15,979.75
2020-01-16,989.3499755859376
2020-01-17,987.9000244140624
2020-01-20,981.9000244140624
2020-01-21,953.5
2020-01-22,960.25
2020-01-23,1020.2999877929688
2020-01-24,1053.0
2020-01-27,1059.949951171875
2020-01-28,1059.1500244140625
2020-01-29,1089.050048828125
2020-01-30,1087.949951171875
2020-01-31,1080.300048828125
2020-02-03,1071.199951171875
2020-02-04,1099.0
2020-02-05,1151.4000244140625
2020-02-06,1168.6500244140625
2020-02-07,1168.800048828125
2020-02-10,1155.8499755859375
2020-02-11,1150.550048828125
2020-02-12,1145.0
2020-02-13,1129.6500244140625
2020-02-14,1139.75
2020-02-17,1132.5999755859375
2020-02-18,1113.0
2020-02-19,1081.800048828125
2020-02-20,1112.199951171875
2020-02-24,1103.0999755859375
2020-02-25,1099.949951171875
2020-02-26,1082.0999755859375
2020-02-27,1039.75
2020-02-28,1003.0499877929688
2020-03-02,1013.9500122070312
2020-03-03,1000.0499877929688
2020-03-04,984.0999755859376
2020-03-05,954.0499877929688
2020-03-06,915.4000244140624
2020-03-09,916.0999755859376
2020-03-11,909.5499877929688
2020-03-12,814.3499755859375
2020-03-13,822.75
2020-03-16,767.2000122070312
2020-03-17,756.9000244140625
2020-03-18,707.75
2020-03-19,654.9500122070312
2020-03-20,699.9500122070312
2020-03-23,560.0
2020-03-24,571.0999755859375
2020-03-25,645.0499877929688
2020-03-26,696.0
2020-03-27,690.4500122070312
2020-03-30,591.0499877929688
2020-03-31,603.25
2020-04-01,596.4000244140625
2020-04-03,608.0499877929688
2020-04-07,701.3499755859375
2020-04-08,687.1500244140625
2020-04-09,671.7999877929688
2020-04-13,661.25
2020-04-15,655.2999877929688
2020-04-16,683.5499877929688
2020-04-17,683.75
2020-04-20,679.5
2020-04-21,686.0999755859375
2020-04-22,667.5499877929688
2020-04-23,676.9000244140625
2020-04-24,667.2999877929688
2020-04-27,660.1500244140625
2020-04-28,663.0
2020-04-29,662.4500122070312
2020-04-30,677.5999755859375
2020-05-04,618.1500244140625
2020-05-05,611.9000244140625
2020-05-06,603.8499755859375
2020-05-07,601.25
2020-05-08,617.7000122070312
2020-05-11,620.9000244140625
2020-05-12,621.2000122070312
2020-05-13,660.0499877929688
2020-05-14,651.0999755859375
2020-05-15,624.0499877929688
2020-05-18,598.4000244140625
2020-05-19,584.5999755859375
2020-05-20,596.6500244140625
2020-05-21,601.0999755859375
2020-05-22,602.5499877929688
2020-05-26,602.3499755859375
2020-05-27,637.5
2020-05-28,653.7999877929688
2020-05-29,688.4000244140625
2020-06-01,715.6500244140625
2020-06-02,766.5999755859375
2020-06-03,832.25
2020-06-04,790.25
2020-06-05,807.0
2020-06-08,815.2999877929688
2020-06-09,834.1500244140625
2020-06-10,827.6500244140625
2020-06-11,818.0999755859375
2020-06-12,835.8499755859375
2020-06-15,819.25
2020-06-16,818.2000122070312
2020-06-17,806.2999877929688
2020-06-18,824.5999755859375
2020-06-19,893.7999877929688
2020-06-22,912.9000244140624
2020-06-23,901.7999877929688
2020-06-24,890.0499877929688
2020-06-25,881.8499755859375
2020-06-26,868.25
2020-06-29,843.0999755859375
2020-06-30,867.0999755859375
2020-07-01,856.4500122070312
2020-07-02,866.7000122070312
2020-07-03,894.2000122070312
2020-07-06,891.9500122070312
2020-07-07,881.5499877929688
2020-07-08,876.25
2020-07-09,881.4500122070312
2020-07-10,892.2000122070312
2020-07-13,894.2000122070312
2020-07-14,894.7999877929688
2020-07-15,854.9000244140625
2020-07-16,889.3499755859375
2020-07-17,881.9500122070312
2020-07-20,877.8499755859375
2020-07-21,898.1500244140625
2020-07-22,886.0499877929688
2020-07-23,895.3499755859375
2020-07-24,895.9000244140625
2020-07-27,871.5
2020-07-28,879.7999877929688
2020-07-29,883.1500244140625
2020-07-30,870.3499755859375
2020-07-31,926.5999755859376
2020-08-03,921.75
2020-08-04,931.3499755859376
2020-08-05,903.0
2020-08-06,889.25
2020-08-07,887.75
2020-08-10,890.5999755859375
2020-08-11,893.1500244140625
2020-08-12,878.2000122070312
2020-08-13,872.75
2020-08-14,861.7000122070312
2020-08-17,872.5499877929688
2020-08-18,891.9000244140625
2020-08-19,889.7000122070312
2020-08-20,863.25
2020-08-21,858.7000122070312
2020-08-24,862.0
2020-08-25,855.25
2020-08-26,849.7000122070312
2020-08-27,910.1500244140624
2020-08-28,902.9000244140624
2020-08-31,913.25
2020-09-01,927.8499755859376
2020-09-02,922.25
2020-09-03,944.75
2020-09-04,919.25
2020-09-07,900.5499877929688
2020-09-08,875.75
2020-09-09,868.4000244140625
2020-09-10,876.1500244140625
2020-09-11,877.2999877929688
2020-09-14,905.7000122070312
2020-09-15,896.0999755859375
2020-09-16,903.5
2020-09-17,903.3499755859376
2020-09-18,915.5
2020-09-21,859.5999755859375
2020-09-22,843.9000244140625
2020-09-23,864.4500122070312
2020-09-24,849.75
2020-09-25,854.4500122070312
2020-09-28,889.5
2020-09-29,879.1500244140625
2020-09-30,860.4500122070312
2020-10-01,866.6500244140625
2020-10-05,865.4000244140625
2020-10-06,902.9000244140624
2020-10-07,903.0999755859376
2020-10-08,925.5
2020-10-09,912.75
2020-10-12,903.4000244140624
2020-10-13,885.2999877929688
2020-10-14,873.5999755859375
2020-10-15,849.1500244140625
2020-10-16,865.25
2020-10-19,900.9500122070312
2020-10-20,934.4000244140624
2020-10-21,1041.8499755859375
2020-10-22,1046.199951171875
2020-10-23,1047.5999755859375
2020-10-26,1021.5999755859376
2020-10-27,1020.0
2020-10-28,994.0
2020-10-29,991.5499877929688
2020-10-30,1034.449951171875
2020-11-02,1141.75
2020-11-03,1036.5999755859375
2020-11-04,978.3499755859376
2020-11-05,912.1500244140624
2020-11-06,951.3499755859376
2020-11-09,961.3499755859376
2020-11-10,957.2999877929688
2020-11-11,991.4000244140624
2020-11-12,993.0999755859376
2020-11-13,990.2999877929688
2020-11-14,1002.8499755859376
2020-11-17,1033.4000244140625
2020-11-18,1064.449951171875
2020-11-19,1040.25
2020-11-20,1062.4000244140625
2020-11-23,1088.25
2020-11-24,1118.5
2020-11-25,1083.550048828125
2020-11-26,1106.9000244140625
2020-11-27,1165.449951171875
2020-12-01,1187.0999755859375
2020-12-02,1194.25
2020-12-03,1182.8499755859375
2020-12-04,1200.300048828125
2020-12-07,1207.800048828125
2020-12-08,1256.0999755859375
2020-12-09,1266.199951171875
2020-12-10,1279.699951171875
2020-12-11,1303.4000244140625
2020-12-14,1290.550048828125
2020-12-15,1291.699951171875
2020-12-16,1348.1500244140625
2020-12-17,1357.1500244140625
2020-12-18,1375.199951171875
2020-12-21,1304.0
2020-12-22,1276.25
2020-12-23,1375.1500244140625
2020-12-24,1364.0999755859375
2020-12-28,1424.199951171875
2020-12-29,1405.050048828125
2020-12-30,1393.75
2020-12-31,1432.1500244140625
2021-01-01,1427.25
2021-01-04,1407.199951171875
2021-01-05,1406.5999755859375
2021-01-06,1460.5999755859375
2021-01-07,1452.800048828125
2021-01-08,1463.1500244140625
2021-01-11,1472.8499755859375
2021-01-12,1474.0
2021-01-13,1428.6500244140625
2021-01-14,1427.949951171875
2021-01-15,1382.300048828125
2021-01-18,1353.75
2021-01-19,1406.6500244140625
2021-01-20,1419.050048828125
2021-01-21,1375.3499755859375
2021-01-22,1350.3499755859375
2021-01-25,1327.199951171875
2021-01-27,1297.1500244140625
2021-01-28,1242.800048828125
2021-01-29,1257.199951171875
2021-02-01,1321.8499755859375
2021-02-02,1399.5
2021-02-03,1388.9000244140625
2021-02-04,1340.3499755859375
2021-02-05,1397.1500244140625
2021-02-08,1424.199951171875
2021-02-09,1424.5999755859375
2021-02-10,1464.75
2021-02-11,1481.5999755859375
2021-02-12,1488.4000244140625
2021-02-15,1509.9000244140625
2021-02-16,1522.800048828125
2021-02-17,1505.300048828125
2021-02-18,1505.300048828125
2021-02-19,1523.25
2021-02-22,1444.5999755859375
2021-02-23,1496.25
2021-02-24,1494.0999755859375
2021-02-25,1550.3499755859375
2021-02-26,1540.550048828125
2021-03-01,1539.949951171875
2021-03-02,1508.449951171875
2021-03-03,1524.5
2021-03-04,1525.5999755859375
2021-03-05,1497.6500244140625
2021-03-08,1483.5
2021-03-09,1463.050048828125
2021-03-10,1463.3499755859375
2021-03-12,1450.050048828125
2021-03-15,1429.300048828125
2021-03-16,1421.300048828125
2021-03-17,1389.9000244140625
2021-03-18,1346.050048828125
2021-03-19,1317.75
2021-03-22,1412.0
2021-03-23,1439.800048828125
2021-03-24,1393.9000244140625
2021-03-25,1332.0999755859375
2021-03-26,1366.8499755859375
2021-03-30,1352.199951171875
2021-03-31,1406.75
2021-04-01,1391.3499755859375
2021-04-05,1352.0999755859375
2021-04-06,1371.0
2021-04-07,1368.6500244140625
2021-04-08,1385.550048828125
2021-04-09,1362.0999755859375
2021-04-12,1269.449951171875
2021-04-13,1304.0
2021-04-15,1347.75
2021-04-16,1336.9000244140625
2021-04-19,1302.949951171875
2021-04-20,1327.550048828125
2021-04-22,1330.25
2021-04-23,1312.949951171875
2021-04-26,1366.25
2021-04-27,1367.050048828125
2021-04-28,1355.699951171875
2021-04-29,1379.75
2021-04-30,1368.3499755859375
2021-05-03,1309.699951171875
2021-05-04,1283.8499755859375
2021-05-05,1223.4000244140625
2021-05-06,1254.5
2021-05-07,1246.4000244140625
2021-05-10,1242.3499755859375
2021-05-11,1259.050048828125
2021-05-12,1240.3499755859375
2021-05-14,1221.199951171875
2021-05-17,1249.0
2021-05-18,1253.0
2021-05-19,1281.050048828125
2021-05-20,1288.6500244140625
2021-05-21,1305.25
2021-05-24,1352.3499755859375
2021-05-25,1343.0
2021-05-26,1348.550048828125
2021-05-27,1361.6500244140625
2021-05-28,1359.8499755859375
2021-05-31,1369.699951171875
2021-06-01,1361.0999755859375
2021-06-02,1390.6500244140625
2021-06-03,1406.5999755859375
2021-06-04,1408.949951171875
2021-06-07,1403.800048828125
2021-06-08,1407.199951171875
2021-06-09,1403.5
2021-06-10,1438.949951171875
2021-06-11,1421.75
2021-06-14,1410.199951171875
2021-06-15,1432.3499755859375
2021-06-16,1410.6500244140625
2021-06-17,1392.050048828125
2021-06-18,1387.0999755859375
2021-06-21,1419.5999755859375
2021-06-22,1401.9000244140625
2021-06-23,1405.300048828125
2021-06-24,1383.550048828125
2021-06-25,1401.050048828125
2021-06-28,1402.0
2021-06-29,1406.050048828125
2021-06-30,1397.800048828125
2021-07-01,1385.800048828125
2021-07-02,1388.4000244140625
2021-07-05,1443.5999755859375
2021-07-06,1433.75
2021-07-07,1482.0999755859375
2021-07-08,1454.6500244140625
2021-07-09,1480.449951171875
2021-07-12,1514.0
2021-07-13,1514.1500244140625
2021-07-14,1501.25
2021-07-15,1553.800048828125
2021-07-16,1577.800048828125
2021-07-19,1568.949951171875
2021-07-20,1545.9000244140625
2021-07-22,1555.300048828125
2021-07-23,1561.550048828125
2021-07-26,1541.0999755859375
2021-07-27,1532.75
2021-07-28,1541.8499755859375
2021-07-29,1564.050048828125
2021-07-30,1602.3499755859375
2021-08-02,1657.699951171875
2021-08-03,1659.550048828125
2021-08-04,1637.3499755859375
2021-08-05,1604.699951171875
2021-08-06,1582.5999755859375
2021-08-09,1562.949951171875
2021-08-10,1548.699951171875
2021-08-11,1546.0
2021-08-12,1557.0
2021-08-13,1546.449951171875
2021-08-16,1546.75
2021-08-17,1522.949951171875
2021-08-18,1507.0999755859375
2021-08-20,1484.949951171875
2021-08-23,1475.8499755859375
2021-08-24,1459.050048828125
2021-08-25,1440.5
2021-08-26,1465.25
2021-08-27,1473.699951171875
2021-08-30,1494.3499755859375
2021-08-31,1489.0
2021-09-01,1560.550048828125
2021-09-02,1595.4000244140625
2021-09-03,1580.4000244140625
2021-09-06,1605.25
2021-09-07,1577.300048828125
2021-09-08,1583.1500244140625
2021-09-09,1581.550048828125
2021-09-13,1605.9000244140625
2021-09-14,1615.800048828125
2021-09-15,1633.199951171875
2021-09-16,1640.449951171875
2021-09-17,1629.550048828125
2021-09-20,1644.949951171875
2021-09-21,1723.6500244140625
2021-09-22,1951.0999755859373
2021-09-23,2199.300048828125
2021-09-24,2191.449951171875
2021-09-27,2285.699951171875
2021-09-28,2234.199951171875
2021-09-29,2309.5
2021-09-30,2311.89990234375
2021-10-01,2233.300048828125
2021-10-04,2337.550048828125
2021-10-05,2285.449951171875
2021-10-06,2287.050048828125
2021-10-07,2476.800048828125
2021-10-08,2359.5
2021-10-11,2368.949951171875
2021-10-12,2435.60009765625
2021-10-13,2458.050048828125
2021-10-14,2502.75
2021-10-18,2502.800048828125
2021-10-19,2390.35009765625
2021-10-20,2309.699951171875
2021-10-21,2282.89990234375
2021-10-22,2350.89990234375
2021-10-25,2279.39990234375
2021-10-26,2345.25
2021-10-27,2383.39990234375
2021-10-28,2270.449951171875
2021-10-29,2233.300048828125
2021-11-01,2345.300048828125
2021-11-02,2349.85009765625
2021-11-03,2428.449951171875
2021-11-04,2429.89990234375
2021-11-08,2446.800048828125
2021-11-09,2420.949951171875
2021-11-10,2369.64990234375
2021-11-11,2292.800048828125
2021-11-12,2291.949951171875
2021-11-15,2337.75
2021-11-16,2322.050048828125
2021-11-17,2222.199951171875
2021-11-18,2177.39990234375
2021-11-22,2116.199951171875
2021-11-23,2177.35009765625
2021-11-24,2182.5
2021-11-25,2239.35009765625
2021-11-26,2095.75
2021-11-29,2062.10009765625
2021-11-30,1996.699951171875
2021-12-01,1966.5
2021-12-02,2020.75
2021-12-03,2020.0999755859373
2021-12-06,1961.449951171875
2021-12-07,2000.1500244140625
2021-12-08,2042.800048828125
2021-12-09,2044.3499755859373
2021-12-10,2099.199951171875
2021-12-13,2066.35009765625
2021-12-14,2082.5
2021-12-15,2012.9000244140625
2021-12-16,1998.5999755859373
2021-12-17,1884.699951171875
2021-12-20,1806.1500244140625
2021-12-21,1818.25
2021-12-22,1852.4000244140625
2021-12-23,1875.9000244140625
2021-12-24,1828.699951171875
2021-12-27,1839.800048828125
2021-12-28,1855.75
2021-12-29,1858.3499755859373
2021-12-30,1840.449951171875
2021-12-31,1871.800048828125
2022-01-03,1903.5999755859373
2022-01-04,1890.300048828125
2022-01-05,1920.699951171875
2022-01-06,1903.550048828125
2022-01-07,1891.5
2022-01-10,1921.5
2022-01-11,1913.25
2022-01-12,1956.0999755859373
2022-01-13,1929.9000244140625
2022-01-14,1964.3499755859373
2022-01-17,1977.949951171875
2022-01-18,1903.050048828125
2022-01-19,1851.199951171875
2022-01-20,1867.0
2022-01-21,1798.8499755859375
2022-01-24,1655.9000244140625
2022-01-25,1638.949951171875
2022-01-27,1609.949951171875
2022-01-28,1632.0999755859375
2022-01-31,1715.1500244140625
2022-02-01,1721.5
2022-02-02,1782.199951171875
2022-02-03,1667.8499755859375
2022-02-04,1506.9000244140625
2022-02-07,1561.550048828125
2022-02-08,1551.199951171875
2022-02-09,1547.1500244140625
2022-02-10,1576.699951171875
2022-02-11,1560.449951171875
2022-02-14,1472.199951171875
2022-02-15,1554.300048828125
2022-02-16,1586.9000244140625
2022-02-17,1606.25
2022-02-18,1569.0
2022-02-21,1587.199951171875
2022-02-22,1556.449951171875
2022-02-23,1596.8499755859375
2022-02-24,1451.300048828125
2022-02-25,1471.449951171875
2022-02-28,1502.1500244140625
2022-03-02,1504.699951171875
2022-03-03,1539.5999755859375
2022-03-04,1466.300048828125
2022-03-07,1374.800048828125
2022-03-08,1424.25
2022-03-09,1467.300048828125
2022-03-10,1484.0
2022-03-11,1492.800048828125
2022-03-14,1487.3499755859375
2022-03-15,1470.949951171875
2022-03-16,1526.3499755859375
2022-03-17,1596.4000244140625
2022-03-21,1607.800048828125
2022-03-22,1578.949951171875
2022-03-23,1558.5
2022-03-24,1569.6500244140625
2022-03-25,1622.949951171875
2022-03-28,1628.949951171875
2022-03-29,1632.300048828125
2022-03-30,1665.5999755859375
2022-03-31,1672.199951171875
2022-04-01,1692.1500244140625
2022-04-04,1681.75
2022-04-05,1672.050048828125
2022-04-06,1681.6500244140625
2022-04-07,1666.8499755859375
2022-04-08,1665.25
2022-04-11,1688.550048828125
2022-04-12,1610.949951171875
2022-04-13,1603.25
2022-04-18,1604.8499755859375
2022-04-19,1565.949951171875
2022-04-20,1575.6500244140625
2022-04-21,1593.9000244140625
2022-04-22,1574.4000244140625
2022-04-25,1510.800048828125
2022-04-26,1582.9000244140625
2022-04-27,1570.4000244140625
2022-04-28,1588.8499755859375
2022-04-29,1573.449951171875
2022-05-02,1615.75
2022-05-04,1546.949951171875
2022-05-05,1460.25
2022-05-06,1417.25
2022-05-09,1395.949951171875
2022-05-10,1360.5
2022-05-11,1379.800048828125
2022-05-12,1320.949951171875
2022-05-13,1340.9000244140625
2022-05-16,1381.1500244140625
2022-05-17,1416.8499755859375
2022-05-18,1361.050048828125
2022-05-19,1302.25
2022-05-20,1345.050048828125
2022-05-23,1316.1500244140625
2022-05-24,1298.199951171875
2022-05-25,1268.75
2022-05-26,1289.1500244140625
2022-05-27,1305.75
2022-05-30,1356.8499755859375
2022-05-31,1399.5
2022-06-01,1367.6500244140625
2022-06-02,1391.25
2022-06-03,1355.050048828125
2022-06-06,1364.0999755859375
2022-06-07,1325.0999755859375
2022-06-08,1345.050048828125
2022-06-09,1371.5999755859375
2022-06-10,1313.4000244140625
2022-06-13,1243.050048828125
2022-06-14,1239.5
2022-06-15,1244.3499755859375
2022-06-16,1197.550048828125
2022-06-17,1184.75
2022-06-20,1150.9000244140625
2022-06-21,1209.9000244140625
2022-06-22,1170.3499755859375
2022-06-23,1186.6500244140625
2022-06-24,1200.25
2022-06-27,1211.300048828125
2022-06-28,1206.800048828125
2022-06-29,1211.3499755859375
2022-06-30,1182.949951171875
2022-07-01,1227.800048828125
2022-07-04,1236.550048828125
2022-07-05,1233.699951171875
2022-07-06,1277.9000244140625
2022-07-07,1308.1500244140625
2022-07-08,1302.550048828125
2022-07-11,1302.550048828125
2022-07-12,1301.0
2022-07-13,1321.949951171875
2022-07-14,1317.449951171875
2022-07-15,1343.550048828125
2022-07-18,1352.949951171875
2022-07-19,1385.8499755859375
2022-07-20,1412.800048828125
2022-07-21,1441.5999755859375
2022-07-22,1448.949951171875
2022-07-25,1432.449951171875
2022-07-26,1406.75
2022-07-27,1441.300048828125
2022-07-28,1460.0
2022-07-29,1507.5999755859375
2022-08-01,1512.25
2022-08-02,1464.0999755859375
2022-08-03,1425.699951171875
2022-08-04,1391.4000244140625
2022-08-05,1373.8499755859375
2022-08-08,1366.699951171875
2022-08-10,1347.1500244140625
2022-08-11,1361.050048828125
2022-08-12,1354.550048828125
2022-08-16,1363.0999755859375
2022-08-17,1390.25
2022-08-18,1407.25
2022-08-19,1364.5999755859375
2022-08-22,1302.5
2022-08-23,1323.050048828125
2022-08-24,1346.1500244140625
2022-08-25,1382.6500244140625
2022-08-26,1384.550048828125
2022-08-29,1348.050048828125
2022-08-30,1407.699951171875
2022-09-01,1425.3499755859375
2022-09-02,1418.8499755859375
2022-09-05,1428.5999755859375
2022-09-06,1421.3499755859375
2022-09-07,1436.0999755859375
2022-09-08,1418.550048828125
2022-09-09,1409.5
2022-09-12,1459.5999755859375
2022-09-13,1442.0
2022-09-14,1417.0
2022-09-15,1390.699951171875
2022-09-16,1331.0
2022-09-19,1308.5999755859375
2022-09-20,1311.3499755859375
2022-09-21,1282.199951171875
2022-09-22,1255.75
2022-09-23,1227.949951171875
2022-09-26,1165.300048828125
2022-09-27,1154.5999755859375
2022-09-28,1155.25
2022-09-29,1162.0
2022-09-30,1193.9000244140625
2022-10-03,1164.3499755859375
2022-10-04,1208.0999755859375
2022-10-06,1230.4000244140625
2022-10-07,1226.949951171875
2022-10-10,1218.8499755859375
2022-10-11,1175.5
2022-10-12,1198.9000244140625
2022-10-13,1180.800048828125
2022-10-14,1178.949951171875
2022-10-17,1186.949951171875
2022-10-18,1204.5999755859375
2022-10-19,1215.949951171875
2022-10-20,1206.699951171875
2022-10-21,1203.1500244140625
2022-10-24,1204.550048828125
2022-10-25,1212.050048828125
2022-10-27,1241.4000244140625
2022-10-28,1246.0999755859375
2022-10-31,1263.0
2022-11-01,1268.1500244140625
2022-11-02,1240.8499755859375
2022-11-03,1250.3499755859375
2022-11-04,1258.800048828125
2022-11-07,1260.25
2022-11-09,1169.699951171875
2022-11-10,1235.3499755859375
2022-11-11,1292.800048828125
2022-11-14,1309.6500244140625
2022-11-15,1311.1500244140625
2022-11-16,1295.9000244140625
2022-11-17,1289.699951171875
2022-11-18,1273.949951171875
2022-11-21,1257.75
2022-11-22,1264.4000244140625
2022-11-23,1266.0
2022-11-24,1269.6500244140625
2022-11-25,1287.449951171875
2022-11-28,1291.949951171875
2022-11-29,1278.550048828125
2022-11-30,1305.1500244140625
2022-12-01,1326.5
2022-12-02,1333.5999755859375
2022-12-05,1355.4000244140625
2022-12-06,1343.75
2022-12-07,1311.5999755859375
2022-12-08,1300.6500244140625
2022-12-09,1277.6500244140625
2022-12-12,1299.0
2022-12-13,1308.050048828125
2022-12-14,1332.25
2022-12-15,1310.800048828125
2022-12-16,1293.25
2022-12-19,1313.5999755859375
2022-12-20,1275.800048828125
2022-12-21,1254.4000244140625
2022-12-22,1227.449951171875
2022-12-23,1173.0999755859375
2022-12-26,1207.0999755859375
2022-12-27,1233.050048828125
2022-12-28,1232.800048828125
2022-12-29,1216.3499755859375
2022-12-30,1224.699951171875
2023-01-02,1236.3499755859375
2023-01-03,1243.0999755859375
2023-01-04,1213.0
2023-01-05,1212.550048828125
2023-01-06,1199.8499755859375
2023-01-09,1216.8499755859375
2023-01-10,1212.25
2023-01-11,1223.949951171875
2023-01-12,1237.550048828125
2023-01-13,1243.75
2023-01-16,1238.3499755859375
2023-01-17,1237.449951171875
2023-01-18,1247.800048828125
2023-01-19,1255.25
2023-01-20,1231.1500244140625
2023-01-23,1232.550048828125
2023-01-24,1215.6500244140625
2023-01-25,1196.3499755859375
2023-01-27,1186.449951171875
2023-01-30,1165.199951171875
2023-01-31,1181.5999755859375
2023-02-01,1156.449951171875
2023-02-02,1156.0
2023-02-03,1150.5999755859375
2023-02-06,1156.5
2023-02-07,1174.9000244140625
2023-02-08,1184.1500244140625
2023-02-09,1173.9000244140625
2023-02-10,1208.75
2023-02-13,1185.75
2023-02-14,1158.699951171875
2023-02-15,1170.550048828125
2023-02-16,1186.1500244140625
2023-02-17,1164.050048828125
2023-02-20,1153.4000244140625
2023-02-21,1143.1500244140625
2023-02-22,1106.6500244140625
2023-02-23,1089.1500244140625
2023-02-24,1080.5
2023-02-27,1093.75
2023-02-28,1100.4000244140625
2023-03-01,1119.25
2023-03-02,1125.1500244140625
2023-03-03,1167.5
2023-03-06,1165.9000244140625
2023-03-08,1182.300048828125
2023-03-09,1167.5999755859375
2023-03-10,1162.0
2023-03-13,1122.25
2023-03-14,1107.800048828125
2023-03-15,1090.449951171875
2023-03-16,1101.800048828125
2023-03-17,1123.3499755859375
2023-03-20,1099.550048828125
2023-03-21,1097.449951171875
2023-03-22,1084.449951171875
2023-03-23,1066.9000244140625
2023-03-24,1044.8499755859375
2023-03-27,1025.4000244140625
2023-03-28,1013.4500122070312
2023-03-29,1021.7000122070312
2023-03-31,1031.050048828125
2023-04-03,1045.5
2023-04-05,1056.5
2023-04-06,1125.3499755859375
2023-04-10,1228.3499755859375
2023-04-11,1233.800048828125
2023-04-12,1247.699951171875
2023-04-13,1283.0999755859375
2023-04-17,1279.300048828125
2023-04-18,1307.25
2023-04-19,1292.9000244140625
2023-04-20,1279.449951171875
2023-04-21,1272.550048828125
2023-04-24,1283.4000244140625
2023-04-25,1291.5
2023-04-26,1295.6500244140625
2023-04-27,1319.9000244140625
2023-04-28,1315.25
2023-05-02,1328.75
2023-05-03,1328.550048828125
2023-05-04,1326.050048828125
2023-05-05,1324.199951171875
2023-05-08,1341.3499755859375
2023-05-09,1325.5
2023-05-10,1336.949951171875
2023-05-11,1339.449951171875
2023-05-12,1338.300048828125
2023-05-15,1388.5
2023-05-16,1389.699951171875
2023-05-17,1383.800048828125
2023-05-18,1309.1500244140625
2023-05-19,1322.199951171875
2023-05-22,1342.4000244140625
2023-05-23,1345.25
2023-05-24,1337.9000244140625
2023-05-25,1365.5999755859375
2023-05-26,1372.0999755859375
2023-05-29,1374.9000244140625
2023-05-30,1385.949951171875
2023-05-31,1390.300048828125
2023-06-01,1402.699951171875
2023-06-02,1427.449951171875
2023-06-05,1414.0999755859375
2023-06-06,1421.4000244140625
2023-06-07,1446.449951171875
2023-06-08,1424.699951171875
2023-06-09,1429.9000244140625
2023-06-12,1434.9000244140625
2023-06-13,1474.449951171875
2023-06-14,1506.550048828125
2023-06-15,1569.6500244140625
2023-06-16,1536.550048828125
2023-06-19,1521.6500244140625
2023-06-20,1526.800048828125
2023-06-21,1529.8499755859375
2023-06-22,1497.800048828125
2023-06-23,1499.449951171875
2023-06-26,1535.6500244140625
2023-06-27,1563.300048828125
2023-06-28,1583.0999755859375
2023-06-30,1568.449951171875
2023-07-03,1582.1500244140625
2023-07-04,1560.800048828125
2023-07-05,1559.5
2023-07-06,1598.699951171875
2023-07-07,1581.8499755859375
2023-07-10,1573.699951171875
2023-07-11,1599.3499755859375
2023-07-12,1598.75
2023-07-13,1621.4000244140625
2023-07-14,1666.0999755859375
2023-07-17,1625.25
2023-07-18,1607.6500244140625
2023-07-19,1607.5
2023-07-20,1622.199951171875
2023-07-21,1627.050048828125
2023-07-24,1648.4000244140625
2023-07-25,1651.949951171875
2023-07-26,1671.300048828125
2023-07-27,1707.050048828125
2023-07-28,1751.949951171875
2023-07-31,1740.5
2023-08-01,1692.0
2023-08-02,1659.800048828125
2023-08-03,1573.0
2023-08-04,1535.9000244140625
2023-08-07,1561.6500244140625
2023-08-08,1560.4000244140625
2023-08-09,1526.8499755859375
2023-08-10,1528.3499755859375
2023-08-11,1519.949951171875
2023-08-14,1549.9000244140625
2023-08-16,1547.5
2023-08-17,1547.75
2023-08-18,1526.0
2023-08-21,1554.0999755859375
2023-08-22,1565.4000244140625
2023-08-23,1595.3499755859375
2023-08-24,1612.699951171875
2023-08-25,1595.199951171875
2023-08-28,1631.5
2023-08-29,1644.5
2023-08-30,1658.8499755859375
2023-08-31,1645.800048828125
2023-09-01,1643.6500244140625
2023-09-04,1650.5
2023-09-05,1659.699951171875
2023-09-06,1644.5
2023-09-07,1656.3499755859375
2023-09-08,1693.25
2023-09-11,1685.949951171875
2023-09-12,1624.199951171875
2023-09-13,1642.1500244140625
2023-09-14,1674.199951171875
2023-09-15,1660.8499755859375
2023-09-18,1621.3499755859375
2023-09-20,1588.4000244140625
2023-09-21,1553.5999755859375
2023-09-22,1538.800048828125
2023-09-25,1595.8499755859375
2023-09-26,1572.0999755859375
2023-09-27,1580.3499755859375
2023-09-28,1537.0999755859375
2023-09-29,1554.0999755859375
2023-10-03,1555.699951171875
2023-10-04,1565.75
2023-10-05,1599.3499755859375
2023-10-06,1675.0
2023-10-09,1630.6500244140625
2023-10-10,1722.75
2023-10-11,1727.449951171875
2023-10-12,1701.4000244140625
2023-10-13,1688.199951171875
2023-10-16,1701.1500244140625
2023-10-17,1707.5
2023-10-18,1675.9000244140625
2023-10-19,1677.800048828125
2023-10-20,1649.5
2023-10-23,1630.199951171875
2023-10-25,1582.0
2023-10-26,1576.8499755859375
2023-10-27,1602.199951171875
2023-10-30,1639.3499755859375
2023-10-31,1659.6500244140625
2023-11-01,1664.25
2023-11-02,1716.0
2023-11-03,1784.4000244140625
2023-11-06,1823.5
2023-11-07,1764.5999755859375
2023-11-08,1773.0999755859375
2023-11-09,1815.25
2023-11-10,1817.6500244140625
2023-11-13,1821.449951171875
2023-11-15,1863.75
2023-11-16,1853.300048828125
2023-11-17,1862.9000244140625
2023-11-20,1850.300048828125
2023-11-21,1890.8499755859373
2023-11-22,1861.9000244140625
2023-11-23,1852.3499755859373
2023-11-24,1841.050048828125
2023-11-28,1839.5
2023-11-29,1840.0
2023-11-30,1876.699951171875
2023-12-01,1872.6500244140625
2023-12-04,1915.5999755859373
2023-12-05,1907.5
2023-12-06,1936.699951171875
2023-12-07,1935.8499755859373
2023-12-08,1930.1500244140625
2023-12-11,1923.949951171875
2023-12-12,1899.0
2023-12-13,1934.0999755859373
2023-12-14,2061.449951171875
2023-12-15,2052.10009765625
2023-12-18,1988.8499755859373
2023-12-19,1976.5999755859373
2023-12-20,1890.699951171875
2023-12-21,1957.699951171875
2023-12-22,1971.699951171875
2023-12-26,1983.699951171875
2023-12-27,2005.3499755859373
2023-12-28,1996.75
2023-12-29,2013.3499755859373
2024-01-01,2002.050048828125
2024-01-02,2016.0
2024-01-03,2052.35009765625
2024-01-04,2216.14990234375
2024-01-05,2244.300048828125
2024-01-08,2161.300048828125
2024-01-09,2241.0
2024-01-10,2210.89990234375
2024-01-11,2248.800048828125
2024-01-12,2273.800048828125
2024-01-15,2311.35009765625
2024-01-16,2304.14990234375
2024-01-17,2318.89990234375
2024-01-18,2315.60009765625
2024-01-19,2343.39990234375
2024-01-23,2268.949951171875
2024-01-24,2266.39990234375
2024-01-25,2326.89990234375
2024-01-29,2430.39990234375
2024-01-30,2373.14990234375
2024-01-31,2377.14990234375
2024-02-01,2355.10009765625
2024-02-02,2375.550048828125
2024-02-05,2322.85009765625
2024-02-06,2300.39990234375
2024-02-07,2294.60009765625
2024-02-08,2216.75
2024-02-09,2256.800048828125
2024-02-12,2259.14990234375
2024-02-13,2279.14990234375
2024-02-14,2314.14990234375
2024-02-15,2283.60009765625
2024-02-16,2302.89990234375
2024-02-19,2280.14990234375
2024-02-20,2299.39990234375
2024-02-21,2343.35009765625
2024-02-22,2387.39990234375
2024-02-23,2468.85009765625
2024-02-26,2462.60009765625
2024-02-27,2493.050048828125
2024-02-28,2353.550048828125
2024-02-29,2398.050048828125
2024-03-01,2428.050048828125
2024-03-04,2492.050048828125
2024-03-05,2485.85009765625
2024-03-06,2460.39990234375
2024-03-07,2465.449951171875
2024-03-11,2421.14990234375
2024-03-12,2319.199951171875
2024-03-13,2205.25
2024-03-14,2169.0
2024-03-15,2218.25
2024-03-18,2162.949951171875
2024-03-19,2135.550048828125
2024-03-20,2139.89990234375
2024-03-21,2223.550048828125
2024-03-22,2246.449951171875
2024-03-26,2272.5
2024-03-27,2277.0
2024-03-28,2300.10009765625
2024-04-01,2389.699951171875
2024-04-02,2497.75
2024-04-03,2401.75
2024-04-04,2409.60009765625
2024-04-05,2500.35009765625
2024-04-08,2588.60009765625
2024-04-09,2704.5
2024-04-10,2656.199951171875
2024-04-12,2671.5
2024-04-15,2652.300048828125
2024-04-16,2606.89990234375
2024-04-18,2537.60009765625
2024-04-19,2500.89990234375
2024-04-22,2503.25
2024-04-23,2535.800048828125
2024-04-24,2551.35009765625
2024-04-25,2571.35009765625
2024-04-26,2634.800048828125
2024-04-29,2628.0
2024-04-30,2647.60009765625
2024-05-02,2532.699951171875
2024-05-03,2569.699951171875
2024-05-06,2842.75
2024-05-07,2781.0
2024-05-08,2813.35009765625
2024-05-09,2757.39990234375
2024-05-10,2690.949951171875
2024-05-13,2766.60009765625
2024-05-14,2822.300048828125
2024-05-15,2821.25
2024-05-16,2860.0
2024-05-17,2852.800048828125
2024-05-21,2788.85009765625
2024-05-22,2813.35009765625
2024-05-23,2814.75
2024-05-24,2737.0
2024-05-27,2843.300048828125
2024-05-28,2775.25
2024-05-29,2758.35009765625
2024-05-30,2721.75
2024-05-31,2778.699951171875
2024-06-03,2964.75
2024-06-04,2583.949951171875
2024-06-05,2668.199951171875
2024-06-06,2796.39990234375
2024-06-07,2873.550048828125
2024-06-10,2845.39990234375
2024-06-11,2855.949951171875
2024-06-12,2928.199951171875
2024-06-13,3030.75
2024-06-14,2998.5
2024-06-18,3088.89990234375
2024-06-19,3000.800048828125
2024-06-20,3010.60009765625
2024-06-21,3007.300048828125
2024-06-24,3111.25
2024-06-25,3077.199951171875
2024-06-26,3066.550048828125
2024-06-27,3110.64990234375
2024-06-28,3207.89990234375
2024-07-01,3161.64990234375
2024-07-02,3301.10009765625
2024-07-03,3330.64990234375
2024-07-04,3306.25
2024-07-05,3281.699951171875
2024-07-08,3312.0
2024-07-09,3268.89990234375
2024-07-10,3313.89990234375
2024-07-11,3294.10009765625
2024-07-12,3262.0
2024-07-15,3301.39990234375
2024-07-16,3381.39990234375
2024-07-18,3362.64990234375
2024-07-19,3245.75
2024-07-22,3242.10009765625
2024-07-23,3151.75
2024-07-24,3124.64990234375
2024-07-25,3099.14990234375
2024-07-26,3128.699951171875
2024-07-29,3129.85009765625
2024-07-30,3181.050048828125
2024-07-31,3219.550048828125
2024-08-01,3127.199951171875
2024-08-02,3001.550048828125
2024-08-05,2835.25
2024-08-06,2926.60009765625
2024-08-07,2977.800048828125
2024-08-08,2876.550048828125
2024-08-09,2925.699951171875
2024-08-12,2939.550048828125
2024-08-13,2900.0
2024-08-14,2873.699951171875
2024-08-16,2940.25
2024-08-19,2926.0
2024-08-20,2978.64990234375
2024-08-21,2923.949951171875
2024-08-22,2933.14990234375
2024-08-23,2883.64990234375
2024-08-26,2887.699951171875
2024-08-27,2894.300048828125
2024-08-28,2887.699951171875
2024-08-29,2869.10009765625
2024-08-30,2909.25
2024-09-02,2886.10009765625
2024-09-03,2892.75
2024-09-04,2901.949951171875
2024-09-05,2869.5
2024-09-06,2856.449951171875
2024-09-09,2873.0
2024-09-10,2888.60009765625
2024-09-11,2832.89990234375
2024-09-12,2879.89990234375
2024-09-13,2950.85009765625
2024-09-16,2838.5
2024-09-17,2856.199951171875
2024-09-18,2884.699951171875
2024-09-19,2911.10009765625
2024-09-20,2988.0
2024-09-23,3192.35009765625
2024-09-24,3202.60009765625
2024-09-25,3327.449951171875
2024-09-26,3305.64990234375
2024-09-27,3191.39990234375
2024-09-30,3160.949951171875
2024-10-01,3252.449951171875
2024-10-03,3071.14990234375
2024-10-04,2897.449951171875
2024-10-07,2855.75
2024-10-08,2951.89990234375
2024-10-09,2984.35009765625
2024-10-10,3014.39990234375
2024-10-11,3014.25
2024-10-14,3091.550048828125
2024-10-15,3146.64990234375
2024-10-16,3227.85009765625
2024-10-17,3084.199951171875
2024-10-18,3133.64990234375
2024-10-21,3034.60009765625
2024-10-22,2907.699951171875
2024-10-23,2964.300048828125
2024-10-24,2924.39990234375
2024-10-25,2929.25
2024-10-28,2975.35009765625
2024-10-29,2945.800048828125
2024-10-30,2873.64990234375
2024-10-31,2875.699951171875
2024-11-01,2882.699951171875
2024-11-04,2802.800048828125
2024-11-05,2833.25
2024-11-06,2879.5
2024-11-07,2811.85009765625
2024-11-08,2685.199951171875
2024-11-11,2678.64990234375
2024-11-12,2645.10009765625
2024-11-13,2569.14990234375
2024-11-14,2595.300048828125
2024-11-18,2629.5
2024-11-19,2692.75
2024-11-21,2704.800048828125
2024-11-22,2857.14990234375
2024-11-25,2943.050048828125
2024-11-26,2901.949951171875
2024-11-27,2834.10009765625
2024-11-28,2815.75
2024-11-29,2776.14990234375
2024-12-02,2901.39990234375
2024-12-03,2862.550048828125
2024-12-04,2900.25
2024-12-05,2860.64990234375
2024-12-06,2840.699951171875
2024-12-09,2842.949951171875
2024-12-10,2899.199951171875
2024-12-11,2912.89990234375
2024-12-12,2880.35009765625
2024-12-13,2926.949951171875
2024-12-16,2972.85009765625
2024-12-17,2992.949951171875
2024-12-18,3001.050048828125
2024-12-19,2984.050048828125
2024-12-20,2855.949951171875
2024-12-23,2887.39990234375
2024-12-24,2864.39990234375
2024-12-26,2855.75
2024-12-27,2830.699951171875
2024-12-30,2825.35009765625
2024-12-31,2786.5
2025-01-01,2776.699951171875
2025-01-02,2811.949951171875
2025-01-03,2734.10009765625
2025-01-06,2616.10009765625
2025-01-07,2652.14990234375
2025-01-08,2564.25
2025-01-09,2495.89990234375
2025-01-10,2386.5
2025-01-13,2248.89990234375
2025-01-14,2307.949951171875
2025-01-15,2306.89990234375
2025-01-16,2363.64990234375
2025-01-17,2407.60009765625
2025-01-20,2428.14990234375
2025-01-21,2365.85009765625
2025-01-22,2240.550048828125
2025-01-23,2225.64990234375
2025-01-24,2155.0
2025-01-27,2095.75
2025-01-28,2160.949951171875
2025-01-29,2237.550048828125
2025-01-30,2288.39990234375
2025-01-31,2329.449951171875
2025-02-01,2360.14990234375
2025-02-03,2319.75
2025-02-04,2389.85009765625
2025-02-05,2301.35009765625
2025-02-06,2250.199951171875
2025-02-07,2196.89990234375
2025-02-10,2122.85009765625
2025-02-11,2025.949951171875
2025-02-12,1929.75
2025-02-13,2025.699951171875
2025-02-14,1968.1500244140625
2025-02-17,1974.050048828125
2025-02-18,1975.8499755859373
2025-02-19,2047.5
2025-02-20,2076.949951171875
2025-02-21,1991.3499755859373
2025-02-24,2033.3499755859373
2025-02-25,1987.050048828125
2025-02-27,1939.25
2025-02-28,1936.300048828125
2025-03-03,2002.75
2025-03-04,2008.4000244140625
2025-03-05,2075.300048828125
2025-03-06,2064.89990234375
2025-03-07,2008.3499755859373
2025-03-10,1974.1500244140625
2025-03-11,2046.0999755859373
2025-03-12,2018.1500244140625
2025-03-13,1969.0999755859373
2025-03-17,1973.550048828125
2025-03-18,1973.550048828125
2025-03-19,2104.60009765625
2025-03-20,2108.85009765625
2025-03-21,2143.949951171875
2025-03-24,2189.10009765625
2025-03-25,2138.39990234375
2025-03-26,2130.699951171875
2025-03-27,2126.199951171875
2025-03-28,2129.60009765625
2025-04-01,2041.449951171875
2025-04-02,2146.800048828125
2025-04-03,2151.449951171875
2025-04-04,2067.949951171875
2025-04-07,1927.1500244140625
2025-04-08,1974.550048828125
2025-04-09,1973.300048828125
2025-04-11,1948.4000244140625
2025-04-15,2015.5999755859373
2025-04-16,2000.300048828125
2025-04-17,1991.0999755859373
2025-04-21,2044.699951171875
2025-04-22,2095.0
2025-04-23,2152.39990234375
2025-04-24,2145.60009765625
2025-04-25,2085.300048828125
2025-04-28,2121.39990234375
2025-04-29,2099.10009765625
2025-04-30,2161.5
2025-05-02,2216.39990234375
2025-05-05,2219.199951171875
2025-05-06,2088.5
2025-05-07,2128.0
2025-05-08,2030.300048828125
2025-05-09,2000.5
2025-05-12,2146.800048828125
2025-05-13,2102.39990234375
2025-05-14,2119.10009765625
2025-05-15,2148.89990234375
2025-05-16,2176.10009765625
2025-05-19,2231.10009765625
2025-05-20,2169.0
2025-05-21,2181.0
2025-05-22,2164.5
2025-05-23,2182.39990234375
2025-05-26,2246.89990234375
2025-05-27,2245.60009765625
2025-05-28,2232.10009765625
2025-05-29,2239.39990234375
2025-05-30,2243.800048828125
2025-06-02,2281.60009765625
2025-06-03,2284.39990234375
2025-06-04,2263.800048828125
2025-06-05,2312.0
2025-06-06,2467.0
2025-06-09,2467.300048828125
2025-06-10,2458.0
2025-06-11,2447.699951171875
2025-06-12,2388.699951171875
2025-06-13,2402.0
2025-06-16,2434.39990234375
2025-06-17,2455.699951171875
2025-06-18,2461.39990234375
2025-06-19,2380.10009765625
2025-06-20,2432.0
2025-06-23,2401.10009765625
2025-06-24,2398.699951171875
2025-06-25,2403.300048828125
2025-06-26,2391.60009765625
2025-06-27,2362.300048828125
2025-06-30,2343.10009765625
2025-07-01,2314.5
2025-07-02,2290.199951171875
2025-07-03,2266.10009765625
2025-07-04,2304.0
2025-07-07,2299.0
2025-07-08,2310.39990234375
2025-07-09,2255.10009765625
2025-07-10,2256.199951171875
2025-07-11,2206.300048828125
2025-07-14,2256.89990234375
2025-07-15,2269.699951171875
2025-07-16,2289.10009765625
2025-07-17,2337.0
2025-07-18,2365.39990234375
2025-07-21,2403.89990234375
2025-07-22,2363.5
2025-07-23,2324.10009765625
2025-07-24,2312.60009765625
2025-07-25,2233.800048828125
2025-07-28,2115.800048828125
2025-07-29,2155.10009765625
2025-07-30,2129.39990234375
2025-07-31,2102.89990234375
2025-08-01,2050.60009765625
2025-08-04,2098.10009765625
2025-08-05,2114.800048828125
2025-08-06,2061.5
2025-08-07,2043.800048828125
2025-08-08,1971.9000244140625
2025-08-11,1990.9000244140625
2025-08-12,1948.800048828125
2025-08-13,1960.0999755859373
2025-08-14,1936.5999755859373
2025-08-18,2002.4000244140625
2025-08-19,2010.0
2025-08-20,2041.800048828125
2025-08-21,2053.60009765625
2025-08-22,2052.89990234375
2025-08-25,2068.89990234375
2025-08-26,2007.0999755859373
2025-08-28,1984.5999755859373
2025-08-29,1947.699951171875
2025-09-01,1952.199951171875
2025-09-02,1978.199951171875
2025-09-03,2011.9000244140625
2025-09-04,2002.800048828125
2025-09-05,1961.800048828125
2025-09-08,1964.300048828125
2025-09-09,1949.699951171875
2025-09-10,1989.0999755859373
2025-09-11,1993.0
2025-09-12,1998.9000244140625
2025-09-15,2036.5999755859373
2025-09-16,2061.0
2025-09-17,2081.5
2025-09-18,2087.60009765625
2025-09-19,2145.199951171875
2025-09-22,2103.699951171875
2025-09-23,2103.699951171875
2025-09-24,2019.0999755859373
2025-09-25,1967.4000244140625
2025-09-26,1957.5999755859373
2025-09-29,1996.9000244140625
2025-09-30,1968.800048828125
2025-10-01,2030.4000244140625
2025-10-03,2033.0
2025-10-06,2056.5
2025-10-07,2073.300048828125
2025-10-08,2033.4000244140625
2025-10-09,2031.5
2025-10-10,2091.89990234375
2025-10-13,2096.89990234375
2025-10-14,2057.39990234375
2025-10-15,2135.60009765625
2025-10-16,2205.300048828125
2025-10-17,2236.199951171875
2025-10-20,2291.800048828125
2025-10-21,2293.5
2025-10-23,2278.800048828125
2025-10-24,2287.800048828125
2025-10-27,2320.300048828125
2025-10-28,2296.60009765625
2025-10-29,2311.300048828125
2025-10-30,2298.89990234375
2025-10-31,2288.0
2025-11-03,2307.5
2025-11-04,2293.199951171875
2025-11-06,2193.699951171875
2025-11-07,2142.699951171875
2025-11-10,2167.699951171875
2025-11-11,2158.5
2025-11-12,2193.800048828125
2025-11-13,2206.10009765625
2025-11-14,2195.800048828125
2025-11-17,2184.60009765625
2025-11-18,2150.800048828125
2025-11-19,2130.39990234375
2025-11-20,2123.800048828125
2025-11-21,2090.89990234375
2025-11-24,2046.4000244140625
2025-11-25,2094.0
2025-11-26,2114.39990234375
2025-11-27,2096.300048828125
2025-11-28,2114.60009765625
2025-12-01,2096.5
2025-12-02,2097.699951171875
2025-12-03,2067.800048828125
2025-12-04,2079.60009765625
2025-12-05,2082.39990234375
2025-12-08,1975.0999755859373
2025-12-09,2043.0
2025-12-10,2014.300048828125
2025-12-11,2035.5999755859373
2025-12-12,2075.10009765625
2025-12-15,2067.800048828125
2025-12-16,2023.5999755859373
2025-12-17,2014.9000244140625
2025-12-18,1999.800048828125
2025-12-19,2044.800048828125
2025-12-22,2030.4000244140625
2025-12-23,2019.5
2025-12-24,2006.0999755859373
2025-12-26,2002.5999755859373
2025-12-29,1997.800048828125
2025-12-30,1977.699951171875
2025-12-31,2004.4000244140625
2026-01-01,2015.300048828125
2026-01-02,2068.5
2026-01-05,2124.199951171875
2026-01-06,2127.89990234375
2026-01-07,2138.199951171875
2026-01-08,2095.10009765625
2026-01-09,1991.5
2026-01-12,1930.800048828125
2026-01-13,1878.800048828125
2026-01-14,1871.4000244140625
2026-01-15,1871.4000244140625
2026-01-16,1889.0
2026-01-19,1797.800048828125
2026-01-20,1694.699951171875
2026-01-21,1644.4000244140625
2026-01-22,1620.4000244140625
2026-01-23,1541.199951171875
2026-01-27,1517.9000244140625
2026-01-28,1550.300048828125
2026-01-29,1566.5
2026-01-30,1576.800048828125
2026-02-02,1560.0999755859375
2026-02-03,1699.4000244140625
2026-02-04,1711.699951171875
2026-02-05,1689.800048828125
2026-02-06,1699.800048828125
2026-02-09,1801.4000244140625
2026-02-10,1820.800048828125
2026-02-11,1852.0999755859373
2026-02-12,1821.699951171875
2026-02-13,1806.5999755859373
2026-02-16,1832.699951171875
2026-02-17,1845.0999755859373
2026-02-18,1885.0999755859373
2026-02-19,1824.199951171875
2026-02-20,1825.699951171875
2026-02-23,1829.699951171875
2026-02-24,1770.699951171875
2026-02-25,1797.800048828125
2026-02-26,1797.800048828125
2026-02-27,1731.0
2026-03-02,1733.5
2026-03-04,1693.699951171875
2026-03-05,1743.800048828125
2026-03-06,1667.300048828125
2026-03-09,1645.5999755859375
2026-03-10,1675.4000244140625
2026-03-11,1651.0999755859375
2026-03-12,1616.300048828125
2026-03-13,1577.4000244140625
2026-03-16,1560.0
2026-03-17,1584.199951171875
2026-03-18,1643.0
2026-03-19,1552.0999755859375
2026-03-20,1549.5
2026-03-23,1497.199951171875
2026-03-24,1540.5
2026-03-25,1564.9000244140625
2026-03-27,1505.199951171875
2026-03-30,1471.300048828125
2026-04-01,1508.0999755859375
2026-04-02,1508.300048828125
2026-04-06,1584.699951171875
2026-04-07,1605.0
2026-04-08,1702.199951171875
2026-04-09,1695.5
2026-04-10,1716.5
2026-04-13,1706.800048828125
2026-04-15,1739.9000244140625
2026-04-16,1747.4000244140625
2026-04-17,1758.800048828125
2026-04-20,1759.699951171875
2026-04-21,1805.0
2026-04-22,1832.199951171875
2026-04-23,1791.0
2026-04-24,1769.4000244140625
2026-04-27,1828.199951171875
2026-04-28,1824.5999755859373
2026-04-29,1862.300048828125
2026-04-30,1835.199951171875
2026-05-01,1835.199951171875
2026-05-04,1899.800048828125
2026-05-05,1809.5
2026-05-06,1867.199951171875
2026-05-07,1878.5999755859373
2026-05-08,1873.5999755859373
2026-05-11,1794.300048828125
2026-05-12,1712.4000244140625
2026-05-13,1730.5999755859375
2026-05-14,1733.5
2026-05-15,1714.0999755859375
2026-05-18,1686.300048828125
2026-05-19,1715.4000244140625
2026-05-20,1719.4000244140625
2026-05-21,1736.9000244140625
2026-05-22,1732.9000244140625
2026-05-25,1767.300048828125
2026-05-26,1760.199951171875
2026-05-27,1788.5999755859375
2026-05-28,1788.5999755859375
2026-05-29,1762.699951171875
2026-06-01,1714.199951171875
2026-06-02,1720.5
2026-06-03,1704.800048828125
2026-06-04,1694.300048828125
2026-06-05,1708.300048828125
2026-06-08,1654.5999755859375
2026-06-09,1684.300048828125
2026-06-10,1641.5
2026-06-11,1618.0
2026-06-12,1691.4000244140625
2026-06-15,1766.199951171875
2026-06-16,1794.5
