Date,close
2005-01-03,17.94417381286621
2005-01-04,18.15157699584961
2005-01-05,17.80891990661621
2005-01-06,16.474380493164062
2005-01-07,16.997377395629883
2005-01-10,16.934255599975586
2005-01-11,16.194847106933594
2005-01-12,14.896374702453612
2005-01-13,15.644800186157228
2005-01-14,15.35624885559082
2005-01-17,15.013596534729004
2005-01-18,15.626765251159668
2005-01-19,16.131725311279297
2005-01-20,15.888259887695312
2005-01-24,15.35624885559082
2005-01-25,15.365266799926758
2005-01-27,15.671853065490724
2005-01-28,16.122711181640625
2005-01-31,16.465362548828125
2005-02-01,16.907197952270508
2005-02-02,17.096561431884766
2005-02-03,17.466266632080078
2005-02-04,17.66464614868164
2005-02-07,17.20476722717285
2005-02-08,17.186737060546875
2005-02-09,17.114599227905273
2005-02-10,16.744890213012695
2005-02-11,16.76292610168457
2005-02-14,16.62767219543457
2005-02-15,16.312068939208984
2005-02-16,16.194847106933594
2005-02-17,15.888259887695312
2005-02-18,16.0686092376709
2005-02-21,16.131725311279297
2005-02-22,16.167795181274414
2005-02-23,16.140745162963867
2005-02-24,16.221895217895508
2005-02-25,17.132633209228516
2005-02-28,17.61054229736328
2005-03-01,18.647520065307617
2005-03-02,19.00820541381836
2005-03-03,19.143463134765625
2005-03-04,19.549230575561523
2005-03-07,18.963119506835938
2005-03-08,18.909013748168945
2005-03-09,18.115503311157227
2005-03-10,18.449138641357425
2005-03-11,18.94508171081543
2005-03-14,18.25076103210449
2005-03-15,17.61054229736328
2005-03-16,17.592510223388672
2005-03-17,16.92523765563965
2005-03-18,16.32108497619629
2005-03-21,16.50143051147461
2005-03-22,16.221895217895508
2005-03-23,15.978434562683104
2005-03-24,16.03253746032715
2005-03-28,16.34813690185547
2005-03-29,15.987456321716309
2005-03-30,16.24894905090332
2005-03-31,16.4833984375
2005-04-01,16.89818572998047
2005-04-04,17.493318557739258
2005-04-05,17.430204391479492
2005-04-06,17.430204391479492
2005-04-07,17.24083709716797
2005-04-08,17.00639533996582
2005-04-11,17.06049346923828
2005-04-12,16.8260440826416
2005-04-13,16.663738250732422
2005-04-15,16.212881088256836
2005-04-18,16.212881088256836
2005-04-19,16.02351951599121
2005-04-20,16.384206771850586
2005-04-21,16.492414474487305
2005-04-22,16.609638214111328
2005-04-25,16.492414474487305
2005-04-26,16.880149841308594
2005-04-27,17.484304428100586
2005-04-28,18.53030014038086
2005-04-29,18.070417404174805
2005-05-02,18.602434158325195
2005-05-03,18.57537841796875
2005-05-04,18.629487991333008
2005-05-05,19.45906639099121
2005-05-06,20.973949432373047
2005-05-09,20.58620834350586
2005-05-10,20.64031982421875
2005-05-11,20.65834617614746
2005-05-12,24.64394187927246
2005-05-13,24.36440658569336
2005-05-16,23.65204620361328
2005-05-17,28.22375869750977
2005-05-18,27.10563087463379
2005-05-19,32.53396987915039
2005-05-20,39.035343170166016
2005-05-23,36.90729141235352
2005-05-24,35.05876922607422
2005-05-25,38.56645965576172
2005-05-26,40.27070617675781
2005-05-27,37.59260559082031
2005-05-30,37.646705627441406
2005-05-31,36.22199249267578
2005-06-01,35.85228729248047
2005-06-02,34.67103576660156
2005-06-03,34.13901901245117
2005-06-06,35.5817756652832
2005-06-07,34.96860885620117
2005-06-08,34.616939544677734
2005-06-09,35.40143203735352
2005-06-10,34.07590866088867
2005-06-13,33.97671890258789
2005-06-14,33.931636810302734
2005-06-15,33.62504959106445
2005-06-16,32.51593017578125
2005-06-17,31.27156639099121
2005-06-20,30.87480354309082
2005-06-21,32.8315315246582
2005-06-22,32.88562774658203
2005-06-23,32.48888397216797
2005-06-24,34.22017288208008
2005-06-27,35.88834762573242
2005-06-28,33.80538558959961
2005-06-29,34.860408782958984
2005-06-30,34.4095344543457
2005-07-01,34.47266387939453
2005-07-04,34.842369079589844
2005-07-05,34.62594223022461
2005-07-06,34.69809341430664
2005-07-07,34.17509841918945
2005-07-08,34.15705871582031
2005-07-11,34.337398529052734
2005-07-12,33.87752914428711
2005-07-13,35.74408721923828
2005-07-14,35.28420639038086
2005-07-15,35.116024017333984
2005-07-18,34.96925354003906
2005-07-19,35.43709182739258
2005-07-20,34.87751770019531
2005-07-21,36.87733840942383
2005-07-22,38.088226318359375
2005-07-25,38.13410186767578
2005-07-26,37.44608688354492
2005-07-27,36.83146286010742
2005-07-28,36.83146286010742
2005-07-29,36.12511444091797
2005-08-01,36.1984977722168
2005-08-02,36.51038360595703
2005-08-03,36.26271057128906
2005-08-04,36.244361877441406
2005-08-05,36.51038360595703
2005-08-08,36.06088638305664
2005-08-09,35.89577102661133
2005-08-10,36.22600936889648
2005-08-11,37.83137512207031
2005-08-12,36.94154357910156
2005-08-16,36.99658203125
2005-08-17,37.59286117553711
2005-08-18,36.79477310180664
2005-08-19,36.748905181884766
2005-08-22,36.427833557128906
2005-08-23,35.4554443359375
2005-08-24,35.0885124206543
2005-08-25,35.840721130371094
2005-08-26,35.84990310668945
2005-08-29,36.48286819458008
2005-08-30,36.85898208618164
2005-08-31,37.44608688354492
2005-09-01,41.48240661621094
2005-09-02,41.70256423950195
2005-09-05,41.1796875
2005-09-06,40.9411735534668
2005-09-08,41.032901763916016
2005-09-09,40.601749420166016
2005-09-12,40.34489822387695
2005-09-13,39.7669677734375
2005-09-14,39.262428283691406
2005-09-15,40.11556625366211
2005-09-16,40.39077377319336
2005-09-19,39.99630737304688
2005-09-20,39.84035873413086
2005-09-21,38.27169036865234
2005-09-22,35.52882766723633
2005-09-23,36.12511444091797
2005-09-26,37.28096389770508
2005-09-27,39.32664108276367
2005-09-28,40.82191848754883
2005-09-29,40.41828918457031
2005-09-30,39.95044708251953
2005-10-03,40.10638427734375
2005-10-04,41.86769104003906
2005-10-05,41.58331298828125
2005-10-06,40.89530944824219
2005-10-07,40.89530944824219
2005-10-10,40.52836608886719
2005-10-11,40.07887268066406
2005-10-13,40.02383041381836
2005-10-14,38.95053482055664
2005-10-17,39.2073860168457
2005-10-18,38.225833892822266
2005-10-19,36.58378219604492
2005-10-20,35.56552505493164
2005-10-21,36.13428497314453
2005-10-24,36.565425872802734
2005-10-25,35.27197265625
2005-10-26,35.12520217895508
2005-10-27,34.74908447265625
2005-10-28,33.84090805053711
2005-10-31,33.55653762817383
2005-11-02,35.290313720703125
2005-11-04,35.290313720703125
2005-11-07,37.5469856262207
2005-11-08,37.2993049621582
2005-11-09,37.45526123046875
2005-11-10,37.98731231689453
2005-11-11,38.26252746582031
2005-11-14,38.7120246887207
2005-11-16,38.96887969970703
2005-11-17,38.40012741088867
2005-11-18,39.34498977661133
2005-11-21,38.50102996826172
2005-11-22,38.09739685058594
2005-11-23,38.78541564941406
2005-11-24,39.62936782836914
2005-11-25,39.64772033691406
2005-11-28,39.80366516113281
2005-11-29,39.47341537475586
2005-11-30,39.19822311401367
2005-12-01,39.592681884765625
2005-12-02,41.30811309814453
2005-12-05,43.757423400878906
2005-12-06,51.16958999633789
2005-12-07,51.03199005126953
2005-12-08,59.11381149291992
2005-12-09,61.0127182006836
2005-12-12,57.554325103759766
2005-12-13,55.58202362060547
2005-12-14,53.78403091430664
2005-12-15,55.29764938354492
2005-12-16,54.24269485473633
2005-12-19,55.43525695800781
2005-12-20,53.59138488769531
2005-12-21,53.05932235717773
2005-12-22,53.32535171508789
2005-12-23,53.55469131469727
2005-12-26,53.692291259765625
2005-12-27,58.76521682739258
2005-12-28,56.62779998779297
2005-12-29,58.315711975097656
2005-12-30,58.1139030456543
2006-01-02,57.480934143066406
2006-01-03,58.83860397338867
2006-01-04,58.4166259765625
2006-01-05,57.93960952758789
2006-01-06,58.012996673583984
2006-01-09,58.06803131103516
2006-01-10,57.9304313659668
2006-01-12,57.88456344604492
2006-01-13,57.41671752929688
2006-01-16,57.123172760009766
2006-01-17,57.06813049316406
2006-01-18,56.077396392822266
2006-01-19,56.8112678527832
2006-01-20,57.15985870361328
2006-01-23,57.59101486206055
2006-01-24,57.242431640625
2006-01-25,57.3800163269043
2006-01-27,56.77458190917969
2006-01-30,55.92144393920898
2006-01-31,57.60936737060547
2006-02-01,57.08647918701172
2006-02-02,56.86631393432617
2006-02-03,55.94896697998047
2006-02-06,57.28828430175781
2006-02-07,58.08638000488281
2006-02-08,58.60009765625
2006-02-10,59.89355850219727
2006-02-13,59.98529052734375
2006-02-14,63.27857208251953
2006-02-15,63.28774642944336
2006-02-16,61.77411651611328
2006-02-17,63.04922103881836
2006-02-20,63.498722076416016
2006-02-21,63.388648986816406
2006-02-22,62.95749282836914
2006-02-23,62.70063781738281
2006-02-24,62.003456115722656
2006-02-27,62.911617279052734
2006-02-28,62.99418258666992
2006-03-01,67.72767639160156
2006-03-02,69.54403686523438
2006-03-03,67.6451187133789
2006-03-06,68.17718505859375
2006-03-07,78.1579360961914
2006-03-08,71.46128845214844
2006-03-09,76.72687530517578
2006-03-10,80.7723617553711
2006-03-13,79.43303680419922
2006-03-14,79.43303680419922
2006-03-16,82.8639144897461
2006-03-17,83.5243911743164
2006-03-20,86.29479217529297
2006-03-21,98.32120513916016
2006-03-22,91.59705352783205
2006-03-23,90.3036117553711
2006-03-24,89.89996337890625
2006-03-27,92.80795288085938
2006-03-28,91.72547912597656
2006-03-29,90.61548614501952
2006-03-30,91.64292907714844
2006-03-31,91.90895080566406
2006-04-03,94.59676361083984
2006-04-04,93.4317398071289
2006-04-05,92.26671600341795
2006-04-07,88.6523666381836
2006-04-10,86.96446228027344
2006-04-12,81.72640991210938
2006-04-13,76.58927154541016
2006-04-17,77.7359390258789
2006-04-18,83.42350006103516
2006-04-19,85.16645050048828
2006-04-20,91.81722259521484
2006-04-21,88.84502410888672
2006-04-24,91.92730712890624
2006-04-25,88.2762680053711
2006-04-26,91.5695343017578
2006-04-27,100.72464752197266
2006-04-28,110.80628967285156
2006-05-02,117.30111694335938
2006-05-03,115.6590576171875
2006-05-04,112.98039245605467
2006-05-05,114.47566223144533
2006-05-08,113.2005615234375
2006-05-09,110.42098999023438
2006-05-10,109.46694946289062
2006-05-11,109.41190338134766
2006-05-12,114.88848876953124
2006-05-15,120.08983612060548
2006-05-16,126.09844207763672
2006-05-17,132.40982055664062
2006-05-18,125.78656005859376
2006-05-19,119.5027313232422
2006-05-22,113.53081512451172
2006-05-23,119.20919799804688
2006-05-24,113.28312683105467
2006-05-25,107.62308502197266
2006-05-26,102.83454895019533
2006-05-29,98.0459976196289
2006-05-30,100.38523864746094
2006-05-31,95.36734008789062
2006-06-01,90.60630798339844
2006-06-02,86.08380126953125
2006-06-05,81.77228546142578
2006-06-06,77.6900634765625
2006-06-07,73.80970001220703
2006-06-08,70.12195587158203
2006-06-09,70.98426055908203
2006-06-12,72.51625061035156
2006-06-13,65.35176086425781
2006-06-14,59.095462799072266
2006-06-15,62.71897888183594
2006-06-16,66.35167694091797
2006-06-19,70.26873779296875
2006-06-20,71.98419189453125
2006-06-21,79.18536376953125
2006-06-22,78.17626190185547
2006-06-23,78.62576293945312
2006-06-26,77.70841979980469
2006-06-27,75.7911605834961
2006-06-28,77.57083129882812
2006-06-29,75.05729675292969
2006-06-30,78.00196838378906
2006-07-03,77.82768249511719
2006-07-04,75.98381805419922
2006-07-05,76.50670623779297
2006-07-06,75.31415557861328
2006-07-07,73.22260284423828
2006-07-10,72.40615844726562
2006-07-11,76.02969360351562
2006-07-12,76.77273559570312
2006-07-13,76.27546691894531
2006-07-14,76.05309295654297
2006-07-17,75.10798645019531
2006-07-18,72.30973052978516
2006-07-19,68.69609832763672
2006-07-20,65.46236419677734
2006-07-21,62.478797912597656
2006-07-24,60.43107223510742
2006-07-25,62.803104400634766
2006-07-26,64.53577423095703
2006-07-27,67.76026153564453
2006-07-28,70.81794738769531
2006-07-31,71.5036392211914
2006-08-01,70.14155578613281
2006-08-02,70.0303726196289
2006-08-03,67.80659484863281
2006-08-04,67.76026153564453
2006-08-07,68.05675506591797
2006-08-08,68.50153350830078
2006-08-09,70.95693969726562
2006-08-10,77.16498565673828
2006-08-11,78.87914276123047
2006-08-14,86.76426696777344
2006-08-16,87.92249298095703
2006-08-17,85.32809448242188
2006-08-18,85.92108917236328
2006-08-21,89.11776733398438
2006-08-22,88.01514434814453
2006-08-23,86.99591827392578
2006-08-24,88.218994140625
2006-08-25,92.65727996826172
2006-08-28,97.29014587402344
2006-08-29,99.3285903930664
2006-08-30,97.24381256103516
2006-08-31,93.25955200195312
2006-09-01,92.61094665527344
2006-09-04,91.6380386352539
2006-09-05,91.4527359008789
2006-09-06,90.01654815673828
2006-09-07,89.13629150390625
2006-09-08,87.88541412353516
2006-09-11,86.12496185302734
2006-09-12,85.38368225097656
2006-09-13,86.35657501220703
2006-09-14,86.03227996826172
2006-09-15,85.93962097167969
2006-09-18,84.36444091796875
2006-09-19,83.11359405517578
2006-09-20,82.92826080322266
2006-09-21,83.2525634765625
2006-09-22,82.92826080322266
2006-09-25,84.54975891113281
2006-09-26,85.84696197509766
2006-09-27,83.29889678955078
2006-09-28,83.34521484375
2006-09-29,87.51478576660156
2006-10-03,87.79277801513672
2006-10-04,85.01304626464844
2006-10-05,87.56112670898438
2006-10-06,89.73857116699219
2006-10-09,88.85832977294922
2006-10-10,87.7464370727539
2006-10-11,94.60308837890624
2006-10-12,97.84607696533205
2006-10-13,107.66776275634766
2006-10-16,118.46233367919922
2006-10-17,112.5785903930664
2006-10-18,108.36268615722656
2006-10-19,109.6135711669922
2006-10-20,109.84520721435548
2006-10-23,121.10305786132812
2006-10-26,127.17213439941406
2006-10-27,133.56544494628906
2006-10-30,140.28311157226562
2006-10-31,147.3250732421875
2006-11-01,154.69131469726562
2006-11-02,162.4281768798828
2006-11-03,155.5715789794922
2006-11-06,163.35476684570312
2006-11-07,155.20094299316406
2006-11-08,148.57595825195312
2006-11-09,151.49465942382812
2006-11-10,144.96229553222656
2006-11-13,147.417724609375
2006-11-14,144.36004638671875
2006-11-15,141.58030700683594
2006-11-16,141.39501953125
2006-11-17,142.46055603027344
2006-11-20,139.31021118164062
2006-11-21,146.3058319091797
2006-11-22,153.6257781982422
2006-11-23,161.31631469726562
2006-11-24,169.42385864257812
2006-11-27,177.90196228027344
2006-11-28,169.00686645507812
2006-11-29,177.48501586914062
2006-11-30,171.18429565429688
2006-12-01,170.67469787597656
2006-12-04,165.76385498046875
2006-12-05,162.1038818359375
2006-12-06,160.52874755859375
2006-12-07,158.1659698486328
2006-12-08,163.26211547851562
2006-12-11,165.99549865722656
2006-12-12,152.096923828125
2006-12-13,160.85301208496094
2006-12-14,166.45880126953125
2006-12-15,168.1266326904297
2006-12-18,171.23065185546875
2006-12-19,165.81021118164062
2006-12-20,161.22366333007812
2006-12-21,162.47454833984375
2006-12-22,169.65548706054688
2006-12-26,165.9491729736328
2006-12-27,166.55145263671875
2006-12-28,161.8722686767578
2006-12-29,165.8565216064453
2007-01-02,169.00686645507812
2007-01-03,164.1423797607422
2007-01-04,163.91075134277344
2007-01-05,161.5479736328125
2007-01-08,159.46319580078125
2007-01-09,157.3783721923828
2007-01-10,153.3477783203125
2007-01-11,153.02349853515625
2007-01-12,154.9692840576172
2007-01-15,165.57858276367188
2007-01-16,162.61351013183594
2007-01-17,159.37051391601562
2007-01-18,158.49026489257812
2007-01-19,158.2123260498047
2007-01-22,154.36703491210938
2007-01-23,152.18955993652344
2007-01-24,153.02349853515625
2007-01-25,152.46754455566406
2007-01-29,153.3941192626953
2007-01-31,153.71841430664062
2007-02-01,153.6257781982422
2007-02-02,162.9378204345703
2007-02-05,164.2813262939453
2007-02-06,162.33555603027344
2007-02-07,163.63275146484375
2007-02-08,170.30406188964844
2007-02-09,172.759521484375
2007-02-12,166.08819580078125
2007-02-13,157.70269775390625
2007-02-14,160.89938354492188
2007-02-15,165.4395751953125
2007-02-19,164.8372802734375
2007-02-20,165.2079315185547
2007-02-21,164.37400817871094
2007-02-22,160.66770935058594
2007-02-23,155.4789276123047
2007-02-26,152.513916015625
2007-02-27,152.7455291748047
2007-02-28,150.84605407714844
2007-03-01,151.35565185546875
2007-03-02,151.0776824951172
2007-03-05,140.7464141845703
2007-03-06,132.87054443359375
2007-03-07,133.2411651611328
2007-03-08,139.21755981445312
2007-03-09,137.8276824951172
2007-03-12,139.72715759277344
2007-03-13,147.69569396972656
2007-03-14,143.34078979492188
2007-03-15,146.07418823242188
2007-03-16,151.95791625976562
2007-03-19,156.22018432617188
2007-03-20,153.20880126953125
2007-03-21,151.81898498535156
2007-03-22,152.18955993652344
2007-03-23,149.64149475097656
2007-03-26,150.66070556640625
2007-03-28,149.68783569335938
2007-03-29,147.23239135742188
2007-03-30,149.5025177001953
2007-04-02,136.34518432617188
2007-04-03,138.01303100585938
2007-04-04,141.34866333007812
2007-04-05,143.57244873046875
2007-04-09,142.55323791503906
2007-04-10,143.6651153564453
2007-04-11,150.7533721923828
2007-04-12,152.096923828125
2007-04-13,159.46319580078125
2007-04-16,175.44654846191406
2007-04-17,167.1537322998047
2007-04-18,161.08465576171875
2007-04-19,159.83377075195312
2007-04-20,156.49813842773438
2007-04-23,152.0042724609375
2007-04-24,159.60215759277344
2007-04-25,154.04273986816406
2007-04-26,151.40199279785156
2007-04-27,146.95445251464844
2007-04-30,145.3792724609375
2007-05-03,148.76124572753906
2007-05-04,145.42556762695312
2007-05-07,142.18258666992188
2007-05-08,139.17124938964844
2007-05-09,137.36441040039062
2007-05-10,139.58819580078125
2007-05-11,142.55323791503906
2007-05-14,141.76564025878906
2007-05-15,140.42210388183594
2007-05-16,144.2210693359375
2007-05-17,150.7533721923828
2007-05-18,146.95445251464844
2007-05-21,146.21316528320312
2007-05-22,144.4990234375
2007-05-23,151.72630310058594
2007-05-24,156.7297821044922
2007-05-25,164.60562133789062
2007-05-28,164.4666748046875
2007-05-29,172.71315002441406
2007-05-30,170.39674377441406
2007-05-31,171.36962890625
2007-06-01,169.7017822265625
2007-06-04,174.2420196533203
2007-06-05,174.38099670410156
2007-06-06,167.9412841796875
2007-06-07,163.07679748535156
2007-06-08,155.80320739746094
2007-06-11,163.63275146484375
2007-06-12,165.4395751953125
2007-06-13,162.1038818359375
2007-06-14,161.5016326904297
2007-06-15,160.62139892578125
2007-06-18,159.50950622558594
2007-06-19,164.3276824951172
2007-06-20,172.57418823242188
2007-06-21,180.58905029296875
2007-06-22,179.80145263671875
2007-06-25,188.78921508789065
2007-06-26,195.5995330810547
2007-06-27,194.71926879882807
2007-06-28,188.0479431152344
2007-06-29,189.39144897460932
2007-07-02,198.88882446289065
2007-07-03,201.43690490722656
2007-07-04,195.08990478515625
2007-07-05,194.2559814453125
2007-07-06,194.58029174804688
2007-07-09,194.30230712890625
2007-07-10,197.45265197753903
2007-07-11,194.62661743164065
2007-07-12,204.35562133789065
2007-07-13,194.4876251220703
2007-07-16,195.73846435546875
2007-07-17,189.0671844482422
2007-07-18,187.9032745361328
2007-07-19,190.0448455810547
2007-07-20,185.24951171875
2007-07-23,185.62196350097656
2007-07-24,180.17481994628903
2007-07-25,177.61419677734375
2007-07-26,180.2213592529297
2007-07-27,180.91970825195312
2007-07-30,188.8809356689453
2007-07-31,186.6461944580078
2007-08-01,181.571533203125
2007-08-02,182.36297607421875
2007-08-03,190.0448455810547
2007-08-06,189.2068328857422
2007-08-07,187.39111328125
2007-08-08,185.48228454589844
2007-08-09,179.70924377441406
2007-08-10,173.14474487304688
2007-08-13,173.23785400390625
2007-08-14,173.05162048339844
2007-08-16,168.07005310058594
2007-08-17,164.9972686767578
2007-08-20,168.53562927246094
2007-08-21,160.52784729003906
2007-08-22,154.56857299804688
2007-08-23,150.0525665283203
2007-08-24,154.7548065185547
2007-08-27,162.52978515625
2007-08-28,162.1107940673828
2007-08-29,164.34552001953125
2007-08-30,167.6510467529297
2007-08-31,170.7238006591797
2007-09-03,176.2174835205078
2007-09-04,169.9788818359375
2007-09-05,166.67335510253906
2007-09-06,168.67526245117188
2007-09-07,166.67335510253906
2007-09-10,166.99925231933594
2007-09-11,166.76646423339844
2007-09-12,165.88189697265625
2007-09-13,164.85765075683594
2007-09-14,164.95074462890625
2007-09-17,160.01573181152344
2007-09-18,160.48129272460938
2007-09-19,161.9711151123047
2007-09-20,169.74609375
2007-09-21,163.50747680664062
2007-09-24,164.15927124023438
2007-09-25,161.9711151123047
2007-09-26,162.25047302246094
2007-09-27,163.18157958984375
2007-09-28,161.3658905029297
2007-10-01,163.69369506835938
2007-10-03,161.0399932861328
2007-10-04,158.99148559570312
2007-10-05,160.1553955078125
2007-10-08,149.95947265625
2007-10-09,151.26304626464844
2007-10-10,153.77713012695312
2007-10-11,153.637451171875
2007-10-12,150.564697265625
2007-10-15,155.3600311279297
2007-10-16,166.06809997558594
2007-10-17,163.3678436279297
2007-10-18,158.66558837890625
2007-10-19,152.6597442626953
2007-10-22,154.0564422607422
2007-10-23,158.75869750976562
2007-10-24,161.73831176757812
2007-10-25,163.87994384765625
2007-10-26,165.27662658691406
2007-10-29,181.8043212890625
2007-10-30,198.65786743164065
2007-10-31,195.95758056640625
2007-11-01,193.76939392089844
2007-11-02,203.49978637695312
2007-11-05,213.69569396972656
2007-11-06,224.4037933349609
2007-11-07,235.62399291992188
2007-11-08,235.76364135742188
2007-11-12,225.89361572265625
2007-11-13,225.2418212890625
2007-11-14,224.9624786376953
2007-11-15,236.229232788086
2007-11-16,241.35047912597656
2007-11-19,253.0362091064453
2007-11-20,242.9333953857422
2007-11-21,231.6666259765625
2007-11-22,221.9828186035156
2007-11-23,218.6773223876953
2007-11-26,216.9081420898437
2007-11-27,227.75588989257807
2007-11-28,239.16229248046875
2007-11-29,251.12741088867188
2007-11-30,263.6977844238281
2007-12-03,276.9198303222656
2007-12-04,290.7937927246094
2007-12-05,305.3661193847656
2007-12-06,320.6366882324219
2007-12-07,336.6987609863281
2007-12-10,353.5523986816406
2007-12-11,371.2439270019531
2007-12-12,389.8200988769531
2007-12-13,405.0907287597656
2007-12-14,425.3429870605469
2007-12-17,446.6193542480469
2007-12-18,424.3186645507813
2007-12-19,404.29925537109375
2007-12-20,384.0936279296875
2007-12-24,402.6231994628906
2007-12-26,403.4612121582031
2007-12-27,395.220703125
2007-12-28,407.8375854492188
2007-12-31,402.7628784179688
2008-01-01,395.4069213867188
2008-01-02,393.2187805175781
2008-01-03,386.468017578125
2008-01-04,405.23046875
2008-01-07,433.4438171386719
2008-01-08,435.8647766113281
2008-01-09,435.9113159179688
2008-01-10,404.1596374511719
2008-01-11,396.9898376464844
2008-01-14,400.2954406738281
2008-01-15,371.8026123046875
2008-01-16,345.1255798339844
2008-01-17,334.6968078613281
2008-01-18,315.46893310546875
2008-01-21,284.6017150878906
2008-01-22,270.4018859863281
2008-01-23,261.4164428710937
2008-01-24,248.38052368164065
2008-01-25,260.8112487792969
2008-01-28,273.8936462402344
2008-01-29,287.6279296875
2008-01-30,302.01397705078125
2008-01-31,298.4290466308594
2008-02-01,291.2593994140625
2008-02-04,292.19049072265625
2008-02-05,297.9635009765625
2008-02-06,287.302001953125
2008-02-07,272.9625244140625
2008-02-08,259.7403869628906
2008-02-11,246.75108337402344
2008-02-12,234.4135284423828
2008-02-13,222.7277374267578
2008-02-14,229.89747619628903
2008-02-15,241.39698791503903
2008-02-18,253.50177001953125
2008-02-19,250.61524963378903
2008-02-20,243.30584716796875
2008-02-21,242.28160095214844
2008-02-22,230.36306762695312
2008-02-25,224.59002685546875
2008-02-26,235.85671997070312
2008-02-27,247.6822052001953
2008-02-28,260.0662841796875
2008-02-29,273.10223388671875
2008-03-03,268.446533203125
2008-03-04,255.03811645507807
2008-03-05,255.45718383789065
2008-03-07,242.7005920410156
2008-03-10,244.7490997314453
2008-03-11,269.23797607421875
2008-03-12,266.30487060546875
2008-03-13,240.04689025878903
2008-03-14,260.7181091308594
2008-03-17,235.71710205078125
2008-03-18,225.8470458984375
2008-03-19,218.6773223876953
2008-03-24,217.1875
2008-03-25,234.69284057617188
2008-03-26,241.90914916992188
2008-03-27,260.625
2008-03-28,265.9324645996094
2008-03-31,240.7452392578125
2008-04-01,232.8771209716797
2008-04-02,239.9071807861328
2008-04-03,231.1079559326172
2008-04-04,222.1225128173828
2008-04-07,227.0575256347656
2008-04-08,225.940170288086
2008-04-09,233.4823760986328
2008-04-10,236.6947784423828
2008-04-11,237.5793609619141
2008-04-15,244.7490997314453
2008-04-16,247.12350463867188
2008-04-17,251.732666015625
2008-04-21,255.5037384033203
2008-04-22,258.43682861328125
2008-04-23,256.94696044921875
2008-04-24,262.9527893066406
2008-04-25,262.9527893066406
2008-04-28,261.7423400878906
2008-04-29,261.3699035644531
2008-04-30,264.2563781738281
2008-05-02,272.0780029296875
2008-05-05,293.4475402832031
2008-05-06,277.9441223144531
2008-05-07,275.9421691894531
2008-05-08,264.7684631347656
2008-05-09,271.1468200683594
2008-05-12,273.940185546875
2008-05-13,262.2079162597656
2008-05-14,261.5095520019531
2008-05-15,260.3921813964844
2008-05-16,266.4911499023437
2008-05-20,267.3757019042969
2008-05-21,272.590087890625
2008-05-22,264.3495483398437
2008-05-23,258.2971496582031
2008-05-26,246.75108337402344
2008-05-27,241.11767578125
2008-05-28,241.11767578125
2008-05-29,245.6336669921875
2008-05-30,239.4882202148437
2008-06-02,236.229232788086
2008-06-03,230.87515258789065
2008-06-04,223.75198364257807
2008-06-05,210.8092041015625
2008-06-06,213.88194274902344
2008-06-09,203.1273498535156
2008-06-10,198.1922912597656
2008-06-11,199.30963134765625
2008-06-12,201.4047241210937
2008-06-13,199.03033447265625
2008-06-16,204.75680541992188
2008-06-17,203.4066772460937
2008-06-18,202.615234375
2008-06-19,184.1786956787109
2008-06-20,178.12631225585938
2008-06-23,152.24072265625
2008-06-24,149.12144470214844
2008-06-25,143.39495849609375
2008-06-26,143.0690460205078
2008-06-27,132.82655334472656
2008-06-30,123.46863555908205
2008-07-01,115.41431427001952
2008-07-02,129.98658752441406
2008-07-03,119.51131439208984
2008-07-04,136.7373046875
2008-07-07,136.1786346435547
2008-07-08,146.28147888183594
2008-07-09,165.83529663085938
2008-07-10,163.18157958984375
2008-07-11,152.75286865234375
2008-07-14,152.3338623046875
2008-07-15,144.41921997070312
2008-07-16,139.01861572265625
2008-07-17,136.50453186035156
2008-07-18,136.31671142578125
2008-07-21,131.62098693847656
2008-07-22,134.6262664794922
2008-07-23,161.57969665527344
2008-07-24,167.54324340820312
2008-07-25,165.19537353515625
2008-07-28,167.73109436035156
2008-07-29,163.2231903076172
2008-07-30,167.91891479492188
2008-07-31,163.69276428222656
2008-08-01,168.48239135742188
2008-08-04,170.6893768310547
2008-08-05,171.15895080566406
2008-08-06,176.18336486816406
2008-08-07,173.31898498535156
2008-08-08,171.9102325439453
2008-08-11,172.4268035888672
2008-08-12,169.32760620117188
2008-08-13,175.33815002441406
2008-08-14,171.29983520507812
2008-08-18,165.71192932128906
2008-08-19,161.1570587158203
2008-08-20,164.6318817138672
2008-08-21,161.8614501953125
2008-08-22,162.3779754638672
2008-08-25,163.4110107421875
2008-08-26,157.68223571777344
2008-08-27,155.4282684326172
2008-08-28,153.4561004638672
2008-08-29,158.71533203125
2008-09-01,154.16046142578125
2008-09-02,158.5274658203125
2008-09-04,158.15182495117188
2008-09-05,155.8509063720703
2008-09-08,158.66835021972656
2008-09-09,155.19346618652344
2008-09-10,157.25961303710938
2008-09-11,156.97787475585938
2008-09-12,151.81259155273438
2008-09-15,140.21417236328125
2008-09-16,135.7532196044922
2008-09-17,130.3531494140625
2008-09-18,124.34264373779295
2008-09-19,128.5218048095703
2008-09-22,126.40875244140624
2008-09-23,123.73219299316406
2008-09-24,126.5965576171875
2008-09-25,125.6104736328125
2008-09-26,118.8486328125
2008-09-29,112.08680725097656
2008-09-30,118.89559936523438
2008-10-01,115.65555572509766
2008-10-03,108.00153350830078
2008-10-06,101.85013580322266
2008-10-07,93.7265396118164
2008-10-08,98.14051818847656
2008-10-10,89.50040435791016
2008-10-13,93.4448013305664
2008-10-14,90.6743392944336
2008-10-15,81.2359390258789
2008-10-16,82.59768676757812
2008-10-17,77.24457550048828
2008-10-20,74.66191101074219
2008-10-21,78.8880844116211
2008-10-22,74.52106475830078
2008-10-23,69.73143005371094
2008-10-24,58.22692108154297
2008-10-27,66.67921447753906
2008-10-29,66.67921447753906
2008-10-31,65.69309997558594
2008-11-03,69.30880737304688
2008-11-04,78.8880844116211
2008-11-05,76.86892700195312
2008-11-06,70.81143951416016
2008-11-07,72.07928466796875
2008-11-10,75.50716400146484
2008-11-11,71.56275939941406
2008-11-12,68.41661834716797
2008-11-14,66.3974609375
2008-11-17,61.04434967041016
2008-11-18,60.33998107910156
2008-11-19,58.273868560791016
2008-11-20,54.84600067138672
2008-11-21,54.00076675415039
2008-11-24,53.81293487548828
2008-11-25,51.46508026123047
2008-11-26,44.984981536865234
2008-11-27,44.984981536865234
2008-11-28,47.09806060791016
2008-12-01,47.70850372314453
2008-12-02,50.19723510742188
2008-12-03,50.00940704345703
2008-12-04,52.92075347900391
2008-12-05,51.23029327392578
2008-12-08,51.69985961914063
2008-12-10,54.79903793334961
2008-12-11,57.09993743896485
2008-12-12,57.94517135620117
2008-12-15,62.828712463378906
2008-12-16,66.91399383544922
2008-12-17,60.76259613037109
2008-12-18,64.66004180908203
2008-12-19,71.37493133544922
2008-12-22,65.64615631103516
2008-12-23,61.09130096435547
2008-12-24,63.67395782470703
2008-12-26,61.51391220092773
2008-12-29,63.955711364746094
2008-12-30,64.9887466430664
2008-12-31,64.33134460449219
2009-01-02,78.60633850097656
2009-01-05,74.52106475830078
2009-01-06,72.59580993652344
2009-01-07,63.814823150634766
2009-01-09,60.809566497802734
2009-01-12,62.17132186889648
2009-01-13,61.32609176635742
2009-01-14,63.25133895874024
2009-01-15,64.19049072265625
2009-01-16,63.814823150634766
2009-01-19,63.67395782470703
2009-01-20,64.28439331054688
2009-01-21,63.67395782470703
2009-01-22,60.62173461914063
2009-01-23,58.08604431152344
2009-01-27,56.95906066894531
2009-01-28,57.24081039428711
2009-01-29,55.26860046386719
2009-01-30,60.33998107910156
2009-02-02,57.66342544555664
2009-02-03,58.743438720703125
2009-02-04,58.132999420166016
2009-02-05,57.80429458618164
2009-02-06,61.41999816894531
2009-02-09,60.90348052978516
2009-02-10,60.0582389831543
2009-02-11,60.0582389831543
2009-02-12,58.83735275268555
2009-02-13,59.16605758666992
2009-02-16,58.3677864074707
2009-02-17,56.86515426635742
2009-02-18,55.879051208496094
2009-02-19,56.30166244506836
2009-02-20,55.26860046386719
2009-02-24,53.6251106262207
2009-02-25,54.04772567749024
2009-02-26,54.89295196533203
2009-02-27,53.6251106262207
2009-03-02,52.028564453125
2009-03-03,51.277252197265625
2009-03-04,50.19723510742188
2009-03-05,49.02330017089844
2009-03-06,46.8632698059082
2009-03-09,46.81631851196289
2009-03-12,46.76935577392578
2009-03-13,47.70850372314453
2009-03-16,47.426753997802734
2009-03-17,47.05109405517578
2009-03-18,50.94855117797852
2009-03-19,53.24945068359375
2009-03-20,53.155540466308594
2009-03-23,55.78513717651367
2009-03-24,53.57815170288086
2009-03-25,51.98160552978516
2009-03-26,52.16943740844727
2009-03-27,51.65290832519531
2009-03-30,49.633750915527344
2009-03-31,49.1641731262207
2009-04-01,55.83209609985352
2009-04-02,57.61647415161133
2009-04-06,60.95043182373047
2009-04-08,64.47220611572266
2009-04-09,63.392215728759766
2009-04-13,75.5541000366211
2009-04-15,76.305419921875
2009-04-16,68.08790588378906
2009-04-17,67.2896499633789
2009-04-20,69.8253402709961
2009-04-21,69.68446350097656
2009-04-22,69.12097930908203
2009-04-23,71.28099822998047
2009-04-24,71.14013671875
2009-04-27,69.8253402709961
2009-04-28,66.58528137207031
2009-04-29,68.79227447509766
2009-04-30,69.07402038574219
2009-05-04,71.75057983398438
2009-05-05,79.63938903808594
2009-05-06,83.58379364013672
2009-05-07,98.28138732910156
2009-05-08,93.91436767578124
2009-05-11,87.15253448486328
2009-05-12,88.46733856201172
2009-05-13,88.46733856201172
2009-05-14,88.4203872680664
2009-05-15,88.74909210205078
2009-05-18,97.62399291992188
2009-05-19,107.39108276367188
2009-05-20,118.144287109375
2009-05-21,113.44857025146484
2009-05-22,119.1303939819336
2009-05-25,125.09396362304688
2009-05-26,118.8486328125
2009-05-27,121.80696105957033
2009-05-28,124.90612030029295
2009-05-29,131.1514129638672
2009-06-01,137.72544860839844
2009-06-02,141.20025634765625
2009-06-03,135.2366943359375
2009-06-04,137.5845489501953
2009-06-05,131.05751037597656
2009-06-08,124.53046417236328
2009-06-09,120.06954193115234
2009-06-10,115.89034271240234
2009-06-11,118.7547378540039
2009-06-12,115.5146942138672
2009-06-15,115.8433837890625
2009-06-16,121.66606903076172
2009-06-17,120.6330108642578
2009-06-18,120.49217224121094
2009-06-19,123.450439453125
2009-06-22,120.21039581298828
2009-06-23,125.3757095336914
2009-06-24,126.0331039428711
2009-06-25,124.6713409423828
2009-06-26,127.44180297851562
2009-06-29,133.82798767089844
2009-06-30,127.16004943847656
2009-07-01,133.54623413085938
2009-07-02,136.0349578857422
2009-07-03,135.94107055664062
2009-07-06,129.1792449951172
2009-07-07,122.41738891601562
2009-07-08,113.63639068603516
2009-07-09,116.59469604492188
2009-07-10,111.80506896972656
2009-07-13,107.57891845703124
2009-07-14,110.81896209716795
2009-07-15,115.9373016357422
2009-07-16,127.53572082519533
2009-07-17,128.66268920898438
2009-07-20,134.15989685058594
2009-07-21,128.66270446777344
2009-07-22,127.71491241455078
2009-07-23,131.64825439453125
2009-07-24,131.5060577392578
2009-07-27,144.6803741455078
2009-07-28,147.33421325683594
2009-07-29,143.9695281982422
2009-07-30,143.16390991210938
2009-07-31,144.34864807128906
2009-08-03,145.91249084472656
2009-08-04,142.26351928710938
2009-08-05,154.53741455078125
2009-08-06,145.4860076904297
2009-08-07,145.05947875976562
2009-08-10,136.95584106445312
2009-08-11,135.5341796875
2009-08-12,143.7325897216797
2009-08-13,147.99765014648438
2009-08-14,144.91732788085938
2009-08-17,136.6241455078125
2009-08-18,149.65626525878906
2009-08-19,143.5430145263672
2009-08-20,141.93177795410156
2009-08-21,143.59042358398438
2009-08-24,155.2008514404297
2009-08-25,156.33819580078125
2009-08-26,160.17678833007812
2009-08-27,160.3189239501953
2009-08-28,163.1623077392578
2009-08-31,179.32215881347656
2009-09-01,167.75909423828125
2009-09-02,169.417724609375
2009-09-03,168.13821411132812
2009-09-04,172.82977294921875
2009-09-07,180.17518615722656
2009-09-08,181.73904418945312
2009-09-09,175.81532287597656
2009-09-10,167.85386657714844
2009-09-11,187.61534118652344
2009-09-14,192.259506225586
2009-09-15,191.88038635253903
2009-09-16,192.9229736328125
2009-09-17,187.5205535888672
2009-09-18,189.27395629882807
2009-09-22,187.42575073242188
2009-09-23,183.39767456054688
2009-09-24,190.2217559814453
2009-09-25,188.84744262695312
2009-09-29,187.899658203125
2009-09-30,186.62013244628903
2009-10-01,187.66270446777344
2009-10-05,181.1703491210937
2009-10-06,178.61129760742188
2009-10-07,189.79525756835932
2009-10-08,198.70448303222656
2009-10-09,195.3398284912109
2009-10-12,198.1358184814453
2009-10-13,197.2827911376953
2009-10-14,197.80409240722656
2009-10-15,194.9133453369141
2009-10-16,192.5438690185547
2009-10-20,197.2827911376953
2009-10-21,196.71414184570312
2009-10-22,192.9229736328125
2009-10-23,197.8988647460937
2009-10-26,189.93739318847656
2009-10-27,176.95266723632812
2009-10-28,177.9004669189453
2009-10-29,173.44586181640625
2009-10-30,169.70208740234375
2009-11-03,156.8594970703125
2009-11-04,168.4225616455078
2009-11-05,165.62655639648438
2009-11-06,176.5261993408203
2009-11-09,182.26031494140625
2009-11-10,178.7534942626953
2009-11-11,183.492416381836
2009-11-12,184.0611267089844
2009-11-13,184.10850524902344
2009-11-16,187.61534118652344
2009-11-17,185.4828186035156
2009-11-18,184.10850524902344
2009-11-19,181.02816772460932
2009-11-20,183.06591796875
2009-11-23,188.0892333984375
2009-11-24,196.5719757080078
2009-11-25,195.3398284912109
2009-11-26,194.0603179931641
2009-11-27,192.3069000244141
2009-11-30,192.49647521972656
2009-12-01,199.9366149902344
2009-12-02,198.8466644287109
2009-12-03,203.7751617431641
2009-12-04,199.41534423828125
2009-12-07,189.9848022460937
2009-12-08,186.24102783203125
2009-12-09,179.4169158935547
2009-12-10,175.95750427246094
2009-12-11,167.1903839111328
2009-12-14,170.6024627685547
2009-12-15,165.20005798339844
2009-12-16,164.86831665039062
2009-12-17,169.4651336669922
2009-12-18,164.72616577148438
2009-12-21,164.91574096679688
2009-12-22,165.05789184570312
2009-12-23,170.69728088378906
2009-12-24,169.03860473632812
2009-12-29,170.03379821777344
2009-12-30,168.99122619628906
2009-12-31,174.86753845214844
2010-01-04,176.9052734375
2010-01-05,174.06192016601562
2010-01-06,168.80165100097656
2010-01-07,165.20005798339844
2010-01-08,163.77838134765625
2010-01-11,165.3422393798828
2010-01-12,164.4892120361328
2010-01-13,161.1719207763672
2010-01-14,160.46112060546875
2010-01-15,161.45626831054688
2010-01-18,161.07716369628906
2010-01-19,160.7928009033203
2010-01-20,156.2908477783203
2010-01-21,152.2626953125
2010-01-22,148.329345703125
2010-01-25,145.05947875976562
2010-01-27,142.54783630371094
2010-01-28,140.79441833496094
2010-01-29,139.46754455566406
2010-02-01,142.6426544189453
2010-02-02,139.6570587158203
2010-02-03,140.2257537841797
2010-02-04,136.57675170898438
2010-02-05,135.43939208984375
2010-02-08,138.47235107421875
2010-02-09,136.5293731689453
2010-02-10,133.8755645751953
2010-02-11,136.95584106445312
2010-02-15,138.0458526611328
2010-02-16,140.4626922607422
2010-02-17,151.97836303710938
2010-02-18,148.7559051513672
2010-02-19,143.06912231445312
2010-02-22,143.021728515625
2010-02-23,138.3301544189453
2010-02-24,136.813720703125
2010-02-25,144.1116943359375
2010-02-26,144.2064666748047
2010-03-02,145.77032470703125
2010-03-03,148.329345703125
2010-03-04,150.41452026367188
2010-03-05,151.40969848632812
2010-03-08,155.48519897460938
2010-03-09,150.035400390625
2010-03-10,147.52374267578125
2010-03-11,146.8602752685547
2010-03-12,145.8651123046875
2010-03-15,141.26832580566406
2010-03-16,143.021728515625
2010-03-17,141.26832580566406
2010-03-18,139.60968017578125
2010-03-19,139.98883056640625
2010-03-22,136.95584106445312
2010-03-23,136.86111450195312
2010-03-25,135.24984741210938
2010-03-26,135.2972412109375
2010-03-29,133.78077697753906
2010-03-30,134.1125030517578
2010-03-31,132.88037109375
2010-04-01,140.4626922607422
2010-04-05,146.528564453125
2010-04-06,144.8699493408203
2010-04-07,152.4522705078125
2010-04-08,151.17274475097656
2010-04-09,150.88841247558594
2010-04-12,151.788818359375
2010-04-13,150.5093231201172
2010-04-15,152.64183044433594
2010-04-16,154.72695922851562
2010-04-19,149.94061279296875
2010-04-20,151.31491088867188
2010-04-21,159.84500122070312
2010-04-22,160.93499755859375
2010-04-23,158.6129150390625
2010-04-26,157.33340454101562
2010-04-27,156.48036193847656
2010-04-28,150.88841247558594
2010-04-29,150.5093231201172
2010-04-30,157.3807830810547
2010-05-03,154.63218688964844
2010-05-04,151.9309844970703
2010-05-05,152.35748291015625
2010-05-06,149.89321899414062
2010-05-07,140.9365997314453
2010-05-10,146.48117065429688
2010-05-11,142.07395935058594
2010-05-12,143.7325897216797
2010-05-13,147.80812072753906
2010-05-14,156.2908477783203
2010-05-17,153.589599609375
2010-05-18,150.035400390625
2010-05-19,148.329345703125
2010-05-20,149.51412963867188
2010-05-21,144.96470642089844
2010-05-24,145.20164489746094
2010-05-25,137.57192993164062
2010-05-26,140.32054138183594
2010-05-27,138.5197296142578
2010-05-28,141.83702087402344
2010-05-31,143.16390991210938
2010-06-01,138.66189575195312
2010-06-02,140.6996612548828
2010-06-03,142.21612548828125
2010-06-04,141.7896270751953
2010-06-07,138.23538208007812
2010-06-08,136.05548095703125
2010-06-09,136.6241455078125
2010-06-10,138.7566680908203
2010-06-11,138.614501953125
2010-06-14,144.06431579589844
2010-06-15,146.1494598388672
2010-06-16,146.1494598388672
2010-06-17,145.05947875976562
2010-06-18,144.44342041015625
2010-06-21,147.90286254882812
2010-06-22,151.03057861328125
2010-06-23,151.50448608398438
2010-06-24,161.59844970703125
2010-06-25,157.94944763183594
2010-06-28,158.32859802246094
2010-06-29,157.57032775878906
2010-06-30,158.89724731445312
2010-07-01,157.00167846679688
2010-07-02,161.02978515625
2010-07-05,161.5510711669922
2010-07-06,161.50367736816406
2010-07-07,159.08677673339844
2010-07-08,167.14303588867188
2010-07-09,167.3325958251953
2010-07-12,167.94863891601562
2010-07-13,170.79205322265625
2010-07-14,166.81130981445312
2010-07-15,168.4699249267578
2010-07-16,178.98439025878906
2010-07-19,176.78590393066406
2010-07-20,176.2601776123047
2010-07-21,175.59109497070312
2010-07-22,175.3043212890625
2010-07-23,172.15000915527344
2010-07-26,170.3338623046875
2010-07-27,175.1609344482422
2010-07-28,181.3740234375
2010-07-29,185.6275787353516
2010-07-30,182.23426818847656
2010-08-02,183.8114776611328
2010-08-03,185.2930450439453
2010-08-04,184.7195281982422
2010-08-05,186.7746124267578
2010-08-06,192.318588256836
2010-08-09,197.7191772460937
2010-08-10,195.903076171875
2010-08-11,190.0245513916016
2010-08-12,190.7891998291016
2010-08-13,191.4105224609375
2010-08-16,190.0245513916016
2010-08-17,195.52069091796875
2010-08-18,202.30731201171875
2010-08-19,198.38829040527344
2010-08-20,199.6309356689453
2010-08-23,200.44338989257807
2010-08-24,199.5353240966797
2010-08-25,194.8038024902344
2010-08-26,195.71188354492188
2010-08-27,194.89944458007807
2010-08-30,192.7965087890625
2010-08-31,187.25254821777344
2010-09-01,192.9876708984375
2010-09-02,198.2449188232422
2010-09-03,201.447021484375
2010-09-06,207.61231994628903
2010-09-07,220.564208984375
2010-09-08,221.80679321289065
2010-09-09,233.8506317138672
2010-09-13,230.6006774902344
2010-09-14,227.20738220214844
2010-09-15,221.66343688964844
2010-09-16,221.0421295166016
2010-09-17,223.3839569091797
2010-09-20,220.2296295166016
2010-09-21,215.49815368652344
2010-09-22,210.9578094482422
2010-09-23,211.8180694580078
2010-09-24,214.590087890625
2010-09-27,211.00564575195312
2010-09-28,210.00196838378903
2010-09-29,207.61231994628903
2010-09-30,204.31460571289065
2010-10-01,219.6561279296875
2010-10-04,216.2150115966797
2010-10-05,220.373046875
2010-10-06,222.42811584472656
2010-10-07,215.7849273681641
2010-10-08,211.4835357666016
2010-10-11,221.90240478515625
2010-10-12,218.5569000244141
2010-10-13,218.84364318847656
2010-10-14,218.74806213378903
2010-10-15,214.06434631347656
2010-10-18,212.91732788085932
2010-10-19,208.7593536376953
2010-10-20,207.8512725830078
2010-10-21,211.4835357666016
2010-10-22,209.3806610107422
2010-10-25,209.9541778564453
2010-10-26,218.84364318847656
2010-10-27,216.78854370117188
2010-10-28,209.04611206054688
2010-10-29,203.7888946533203
2010-11-01,212.48719787597656
2010-11-02,209.2850646972656
2010-11-03,207.9468688964844
2010-11-04,209.57183837890625
2010-11-08,218.07894897460932
2010-11-09,219.41714477539065
2010-11-10,222.0457763671875
2010-11-11,216.3106384277344
2010-11-12,207.8512725830078
2010-11-15,207.1822052001953
2010-11-16,201.255859375
2010-11-18,199.8220672607422
2010-11-19,191.64947509765625
2010-11-22,195.6641082763672
2010-11-23,194.70822143554688
2010-11-24,190.4546813964844
2010-11-25,171.6720733642578
2010-11-26,172.67572021484375
2010-11-29,179.3667449951172
2010-11-30,180.4181671142578
2010-12-01,181.6129913330078
2010-12-02,184.91070556640625
2010-12-03,180.56153869628903
2010-12-06,177.88516235351562
2010-12-07,173.15365600585938
2010-12-08,169.5691680908203
2010-12-09,161.10984802246094
2010-12-10,167.70526123046875
2010-12-13,169.80812072753906
2010-12-14,172.8668670654297
2010-12-15,168.23098754882812
2010-12-16,168.6133270263672
2010-12-20,167.6096649169922
2010-12-21,171.00296020507812
2010-12-22,172.15000915527344
2010-12-23,173.2969970703125
2010-12-24,175.4476776123047
2010-12-27,172.5801544189453
2010-12-28,173.72715759277344
2010-12-29,175.9734344482422
2010-12-30,175.59109497070312
2010-12-31,182.6166229248047
2011-01-03,194.70822143554688
2011-01-04,190.64584350585932
2011-01-05,190.74142456054688
2011-01-06,185.6275787353516
2011-01-07,176.5947265625
2011-01-10,169.234619140625
2011-01-11,171.09854125976562
2011-01-12,174.01393127441406
2011-01-13,170.04710388183594
2011-01-14,167.37071228027344
2011-01-17,167.70526123046875
2011-01-18,169.234619140625
2011-01-19,168.7089080810547
2011-01-20,173.2969970703125
2011-01-21,175.4476776123047
2011-01-24,178.0285186767578
2011-01-25,173.72715759277344
2011-01-27,169.66476440429688
2011-01-28,164.40756225585938
2011-01-31,165.74575805664062
2011-02-01,159.7716522216797
2011-02-02,161.39659118652344
2011-02-03,164.6942901611328
2011-02-04,160.67970275878906
2011-02-07,159.48489379882812
2011-02-08,153.79751586914062
2011-02-09,148.4925079345703
2011-02-10,153.7019500732422
2011-02-11,159.7238311767578
2011-02-14,162.7825927734375
2011-02-15,164.2163848876953
2011-02-16,165.22000122070312
2011-02-17,167.56185913085938
2011-02-18,160.39292907714844
2011-02-21,161.0142822265625
2011-02-22,158.52902221679688
2011-02-23,157.7165069580078
2011-02-24,151.36009216308594
2011-02-25,157.38197326660156
2011-02-28,154.7056121826172
2011-03-01,161.2053985595703
2011-03-03,167.6096649169922
2011-03-04,166.46263122558594
2011-03-07,161.683349609375
2011-03-08,163.26052856445312
2011-03-09,164.78988647460938
2011-03-10,162.20907592773438
2011-03-11,162.30465698242188
2011-03-14,164.5987091064453
2011-03-15,158.57679748535156
2011-03-16,159.96279907226562
2011-03-17,158.76797485351562
2011-03-18,157.38197326660156
2011-03-21,156.76068115234375
2011-03-22,159.1025390625
2011-03-23,164.07301330566406
2011-03-24,168.46994018554688
2011-03-25,173.39260864257812
2011-03-28,178.1240997314453
2011-03-29,173.63156127929688
2011-03-30,172.7235107421875
2011-03-31,174.01393127441406
2011-04-01,184.14602661132807
2011-04-04,185.6753692626953
2011-04-05,184.95849609375
2011-04-06,185.5319976806641
2011-04-07,183.47689819335932
2011-04-08,177.98072814941406
2011-04-11,174.49185180664062
2011-04-13,184.28941345214844
2011-04-15,179.9402313232422
2011-04-18,174.92196655273438
2011-04-19,174.25289916992188
2011-04-20,177.64617919921875
2011-04-21,179.27113342285156
2011-04-25,176.97708129882812
2011-04-26,175.1131591796875
2011-04-27,180.0836181640625
2011-04-28,178.793212890625
2011-04-29,181.5652008056641
2011-05-02,181.0394592285156
2011-05-03,180.6571350097656
2011-05-04,177.45497131347656
2011-05-05,176.5469512939453
2011-05-06,180.56153869628903
2011-05-09,179.8446502685547
2011-05-10,179.175537109375
2011-05-11,180.6093139648437
2011-05-12,183.19015502929688
2011-05-13,185.3408203125
2011-05-16,180.4659576416016
2011-05-17,176.92929077148438
2011-05-18,174.82640075683594
2011-05-19,174.53964233398438
2011-05-20,174.7307891845703
2011-05-23,167.37071228027344
2011-05-24,170.4772491455078
2011-05-25,169.66476440429688
2011-05-26,166.5104217529297
2011-05-27,173.44041442871094
2011-05-30,177.1682586669922
2011-05-31,184.95849609375
2011-06-01,183.0467834472656
2011-06-02,178.88880920410156
2011-06-03,177.4072265625
2011-06-06,177.9329376220703
2011-06-07,179.9402313232422
2011-06-08,177.1682586669922
2011-06-09,176.5947265625
2011-06-10,175.7822265625
2011-06-13,173.9661407470703
2011-06-14,181.89974975585932
2011-06-15,188.11280822753903
2011-06-16,188.54293823242188
2011-06-17,193.9913482666016
2011-06-20,188.78192138671875
2011-06-21,188.351806640625
2011-06-22,192.70095825195312
2011-06-23,188.351806640625
2011-06-24,195.2339630126953
2011-06-27,198.0059509277344
2011-06-28,198.4360809326172
2011-06-29,197.1934509277344
2011-06-30,197.52801513671875
2011-07-01,200.15663146972656
2011-07-04,199.5830993652344
2011-07-05,198.10153198242188
2011-07-06,196.2854156494141
2011-07-07,212.77394104003903
2011-07-08,210.2887115478516
2011-07-11,210.3365173339844
2011-07-12,206.3218994140625
2011-07-13,207.9468688964844
2011-07-14,210.00196838378903
2011-07-15,208.56817626953125
2011-07-18,216.8841552734375
2011-07-19,221.37667846679688
2011-07-20,219.6083374023437
2011-07-21,216.8150634765625
2011-07-22,225.00222778320312
2011-07-25,222.30528259277344
2011-07-26,213.39572143554688
2011-07-27,215.08132934570312
2011-07-28,211.7101593017578
2011-07-29,203.9564208984375
2011-08-01,211.80645751953125
2011-08-02,215.37030029296875
2011-08-03,217.82644653320312
2011-08-04,218.16354370117188
2011-08-05,206.1236267089844
2011-08-08,200.05548095703125
2011-08-09,200.6334228515625
2011-08-10,205.2085723876953
2011-08-11,207.134994506836
2011-08-12,205.16043090820312
2011-08-16,196.92510986328125
2011-08-17,195.43214416503903
2011-08-18,186.23367309570312
2011-08-19,179.68392944335938
2011-08-22,187.3894805908203
2011-08-23,188.44900512695312
2011-08-24,187.5339508056641
2011-08-25,183.3922119140625
2011-08-26,174.81980895996094
2011-08-29,185.84835815429688
2011-08-30,191.0977935791016
2011-09-02,194.0355224609375
2011-09-05,192.3499298095703
2011-09-06,192.5907287597656
2011-09-07,199.91102600097656
2011-09-08,204.0045928955078
2011-09-09,196.0582275390625
2011-09-12,194.5653076171875
2011-09-13,193.2649688720703
2011-09-14,195.86561584472656
2011-09-15,200.2962951660156
2011-09-16,200.77789306640625
2011-09-19,196.58799743652344
2011-09-20,198.3217315673828
2011-09-21,200.6334228515625
2011-09-22,183.3922119140625
2011-09-23,184.83702087402344
2011-09-26,182.3326873779297
2011-09-27,190.47169494628903
2011-09-28,185.4149169921875
2011-09-29,190.47169494628903
2011-09-30,188.40084838867188
2011-10-03,183.5366973876953
2011-10-04,179.9247283935547
2011-10-05,174.57899475097656
2011-10-07,180.8397521972656
2011-10-10,181.0323944091797
2011-10-11,184.2109375
2011-10-12,190.1827392578125
2011-10-13,185.60757446289065
2011-10-14,187.91925048828125
2011-10-17,189.4603729248047
2011-10-18,184.2109375
2011-10-19,187.0041961669922
2011-10-20,186.7152404785156
2011-10-21,186.3299865722656
2011-10-24,188.5453186035156
2011-10-25,188.5934600830078
2011-10-28,194.90240478515625
2011-10-31,195.57666015625
2011-11-01,192.01280212402344
2011-11-02,194.18002319335932
2011-11-03,193.4094390869141
2011-11-04,200.97052001953125
2011-11-08,199.52572631835932
2011-11-09,199.91102600097656
2011-11-11,191.2904357910156
2011-11-14,188.16004943847656
2011-11-15,181.70664978027344
2011-11-16,184.0664520263672
2011-11-17,181.9474334716797
2011-11-18,179.10601806640625
2011-11-21,177.75753784179688
2011-11-22,174.14556884765625
2011-11-23,165.47682189941406
2011-11-24,170.437255859375
2011-11-25,172.31549072265625
2011-11-28,180.3099975585937
2011-11-29,181.5621490478516
2011-11-30,181.08053588867188
2011-12-01,185.2704467773437
2011-12-02,190.95330810546875
2011-12-05,190.1827392578125
2011-12-07,191.3385772705078
2011-12-08,190.71250915527344
2011-12-09,190.0382537841797
2011-12-12,189.1232452392578
2011-12-13,195.76925659179688
2011-12-14,190.47169494628903
2011-12-15,191.53121948242188
2011-12-16,182.52536010742188
2011-12-19,175.1569061279297
2011-12-20,168.31825256347656
2011-12-21,175.397705078125
2011-12-22,173.27870178222656
2011-12-23,171.78573608398438
2011-12-26,170.14830017089844
2011-12-27,168.02928161621094
2011-12-28,164.0320281982422
2011-12-29,168.12557983398438
2011-12-30,164.85072326660156
2012-01-02,167.01792907714844
2012-01-03,170.8225555419922
2012-01-04,173.85658264160156
2012-01-05,171.0151824951172
2012-01-06,171.4486083984375
2012-01-09,171.64125061035156
2012-01-10,177.99835205078125
2012-01-11,177.5648956298828
2012-01-12,176.74618530273438
2012-01-13,180.06919860839844
2012-01-16,181.85110473632807
2012-01-17,182.2364044189453
2012-01-18,176.1682586669922
2012-01-19,179.78024291992188
2012-01-20,178.76890563964844
2012-01-23,178.72073364257812
2012-01-24,180.64712524414065
2012-01-25,186.1854705810547
2012-01-27,189.7974853515625
2012-01-30,186.1854705810547
2012-01-31,194.90240478515625
2012-02-01,198.4662170410156
2012-02-02,199.86285400390625
2012-02-03,205.0159454345703
2012-02-06,200.44076538085932
2012-02-07,193.8428955078125
2012-02-08,191.62754821777344
2012-02-09,197.599349975586
2012-02-10,197.4067230224609
2012-02-13,193.939193725586
2012-02-14,193.5057678222656
2012-02-15,198.6588592529297
2012-02-16,201.64474487304688
2012-02-17,208.820556640625
2012-02-21,231.31114196777344
2012-02-22,225.5319976806641
2012-02-23,231.4556427001953
2012-02-24,242.29156494140625
2012-02-27,236.17529296875
2012-02-28,249.56369018554688
2012-02-29,244.12164306640625
2012-03-01,241.6654663085937
2012-03-02,239.113021850586
2012-03-05,237.2348175048828
2012-03-06,232.61148071289065
2012-03-07,225.8690643310547
2012-03-09,231.4556427001953
2012-03-12,231.8890686035156
2012-03-13,254.1388702392578
2012-03-14,240.17254638671875
2012-03-15,245.08482360839844
2012-03-16,236.0308074951172
2012-03-19,227.93997192382807
2012-03-20,227.6510162353516
2012-03-21,245.42198181152344
2012-03-22,236.367919921875
2012-03-23,244.26611328125
2012-03-26,236.6568756103516
2012-03-27,236.56056213378903
2012-03-28,239.2093505859375
2012-03-29,239.01670837402344
2012-03-30,249.27471923828125
2012-04-02,263.8670959472656
2012-04-03,260.2070007324219
2012-04-04,260.9294128417969
2012-04-09,254.57229614257807
2012-04-10,270.0797424316406
2012-04-11,260.8330993652344
2012-04-12,255.0539093017578
2012-04-13,253.7535552978516
2012-04-16,260.1106262207031
2012-04-17,259.0511474609375
2012-04-18,258.0398254394531
2012-04-19,262.0370178222656
2012-04-20,260.4959716796875
2012-04-23,254.6686248779297
2012-04-24,252.7422332763672
2012-04-25,258.8103332519531
2012-04-26,254.8612365722656
2012-04-27,257.55816650390625
2012-04-30,256.7876892089844
2012-05-02,254.76498413085932
2012-05-03,251.34559631347656
2012-05-04,245.8553924560547
2012-05-07,252.2606201171875
2012-05-08,247.733642578125
2012-05-09,243.6400604248047
2012-05-10,239.3056640625
2012-05-11,233.9117584228516
2012-05-14,221.72738647460932
2012-05-15,227.4583740234375
2012-05-16,223.89456176757807
2012-05-17,225.5319976806641
2012-05-18,226.4951934814453
2012-05-21,236.8495178222656
2012-05-22,236.7050323486328
2012-05-23,230.68507385253903
2012-05-24,241.76182556152344
2012-05-25,241.472885131836
2012-05-28,245.22930908203125
2012-05-29,248.74496459960932
2012-05-30,246.1925201416016
2012-05-31,249.6600341796875
2012-06-01,238.6314239501953
2012-06-04,240.75045776367188
2012-06-05,237.90902709960932
2012-06-06,242.9658050537109
2012-06-07,241.6654663085937
2012-06-08,240.22071838378903
2012-06-11,236.4642639160156
2012-06-12,230.7813873291016
2012-06-13,226.8323211669922
2012-06-14,220.6678466796875
2012-06-15,222.59426879882807
2012-06-18,222.0644989013672
2012-06-19,214.310775756836
2012-06-20,219.12673950195312
2012-06-21,224.0390472412109
2012-06-22,224.37615966796875
2012-06-25,220.47520446777344
2012-06-26,218.93409729003903
2012-06-27,220.47520446777344
2012-06-28,226.54335021972656
2012-06-29,232.9004364013672
2012-07-02,233.5746307373047
2012-07-03,235.7418212890625
2012-07-04,234.77865600585932
2012-07-05,236.07894897460932
2012-07-06,234.5860290527344
2012-07-09,230.34796142578125
2012-07-10,234.4415283203125
2012-07-11,233.04489135742188
2012-07-12,242.33973693847656
2012-07-13,242.00259399414065
2012-07-16,248.504135131836
2012-07-17,241.32833862304688
2012-07-18,242.29156494140625
2012-07-19,233.71913146972656
2012-07-20,236.7050323486328
2012-07-23,224.13536071777344
2012-07-24,222.1607818603516
2012-07-25,229.24029541015625
2012-07-26,228.4697265625
2012-07-27,231.3592987060547
2012-07-30,237.71641540527344
2012-07-31,229.24029541015625
2012-08-01,237.90902709960932
2012-08-02,244.1174774169922
2012-08-03,244.60250854492188
2012-08-06,246.63966369628903
2012-08-07,243.5354156494141
2012-08-08,238.6851043701172
2012-08-09,236.7449493408203
2012-08-10,232.6221618652344
2012-08-13,240.916259765625
2012-08-14,242.8563842773437
2012-08-16,240.2856903076172
2012-08-17,238.0060577392578
2012-08-21,236.98748779296875
2012-08-22,237.66651916503903
2012-08-23,238.53958129882807
2012-08-24,236.93896484375
2012-08-27,233.2527313232422
2012-08-28,230.197006225586
2012-08-29,230.488021850586
2012-08-30,224.86163330078125
2012-08-31,232.1371459960937
2012-09-03,236.11441040039065
2012-09-04,238.15155029296875
2012-09-05,241.4497985839844
2012-09-06,248.48277282714844
2012-09-07,250.42288208007807
2012-09-10,259.2990417480469
2012-09-11,272.1039123535156
2012-09-12,270.1152648925781
2012-09-13,267.7386169433594
2012-09-14,265.07086181640625
2012-09-17,265.55596923828125
2012-09-18,268.9996643066406
2012-09-20,262.0152282714844
2012-09-21,269.29071044921875
2012-09-24,264.3433837890625
2012-09-25,282.8231201171875
2012-09-26,282.0956115722656
2012-09-27,279.28240966796875
2012-09-28,278.5063781738281
2012-10-01,278.3123779296875
2012-10-03,281.4650573730469
2012-10-04,288.0614929199219
2012-10-05,279.7189636230469
2012-10-08,274.965576171875
2012-10-09,276.0812072753906
2012-10-10,270.7458190917969
2012-10-11,275.4506225585937
2012-10-12,272.443359375
2012-10-15,282.8231201171875
2012-10-16,277.82733154296875
2012-10-17,281.1740417480469
2012-10-18,291.456787109375
2012-10-19,297.32568359375
2012-10-22,298.9263000488281
2012-10-23,301.7394714355469
2012-10-25,299.8963317871094
2012-10-29,295.4339904785156
2012-10-30,291.84478759765625
2012-10-31,292.9118957519531
2012-11-01,305.5227355957031
2012-11-02,307.6083679199219
2012-11-05,312.2646789550781
2012-11-06,308.2389221191406
2012-11-07,309.69403076171875
2012-11-08,309.3544921875
2012-11-09,299.26580810546875
2012-11-12,294.7064819335937
2012-11-15,297.3741760253906
2012-11-16,291.2627258300781
2012-11-19,284.5207824707031
2012-11-20,278.1668395996094
2012-11-21,282.1925964355469
2012-11-22,281.12554931640625
2012-11-23,279.0884094238281
2012-11-26,281.0285339355469
2012-11-27,286.8004455566406
2012-11-29,289.8076171875
2012-11-30,298.00469970703125
2012-12-03,297.0831604003906
2012-12-04,305.5227355957031
2012-12-05,302.758056640625
2012-12-06,306.2987976074219
2012-12-07,299.8963317871094
2012-12-10,305.37725830078125
2012-12-11,296.40411376953125
2012-12-12,305.6197509765625
2012-12-13,298.44122314453125
2012-12-14,301.8849792480469
2012-12-17,298.29571533203125
2012-12-18,301.2059020996094
2012-12-19,303.631103515625
2012-12-20,300.6723937988281
2012-12-21,293.2999267578125
2012-12-24,292.6208190917969
2012-12-26,292.3783264160156
2012-12-27,295.7735595703125
2012-12-28,302.9520568847656
2012-12-31,300.8664245605469
2013-01-01,303.0975341796875
2013-01-02,301.8849792480469
2013-01-03,313.42877197265625
2013-01-04,311.5371398925781
2013-01-07,317.40606689453125
2013-01-08,320.70428466796875
2013-01-09,315.5628967285156
2013-01-10,310.6155700683594
2013-01-11,311.6826477050781
2013-01-14,312.1676940917969
2013-01-15,312.9437561035156
2013-01-16,304.6011657714844
2013-01-17,310.1790771484375
2013-01-18,310.2275695800781
2013-01-21,307.5113525390625
2013-01-22,305.5712280273437
2013-01-23,305.1346740722656
2013-01-24,301.8849792480469
2013-01-25,307.26885986328125
2013-01-28,302.17596435546875
2013-01-29,296.986083984375
2013-01-30,294.366943359375
2013-01-31,295.1430053710937
2013-02-01,293.9789123535156
2013-02-04,294.4154663085937
2013-02-05,294.9005126953125
2013-02-06,292.5237731933594
2013-02-07,298.73223876953125
2013-02-08,303.194580078125
2013-02-11,304.2616882324219
2013-02-12,301.0603942871094
2013-02-13,307.1233215332031
2013-02-14,304.2616882324219
2013-02-15,303.194580078125
2013-02-18,303.4371032714844
2013-02-19,301.3029479980469
2013-02-20,293.4939270019531
2013-02-21,285.7818298339844
2013-02-22,281.99859619140625
2013-02-25,276.6632080078125
2013-02-26,270.7943725585937
2013-02-27,267.6415710449219
2013-02-28,262.500244140625
2013-03-01,265.55596923828125
2013-03-04,265.6044616699219
2013-03-05,271.0853576660156
2013-03-06,278.55487060546875
2013-03-07,281.756103515625
2013-03-08,288.98309326171875
2013-03-11,284.1812438964844
2013-03-12,284.0357360839844
2013-03-13,282.8716735839844
2013-03-14,285.1998291015625
2013-03-15,280.54351806640625
2013-03-18,283.4052124023437
2013-03-19,280.68902587890625
2013-03-20,285.1513061523437
2013-03-21,282.0956115722656
2013-03-22,283.35675048828125
2013-03-25,284.375244140625
2013-03-26,287.13995361328125
2013-03-28,285.2968139648437
2013-04-01,294.1244506835937
2013-04-02,296.5010681152344
2013-04-03,290.9232177734375
2013-04-04,283.8902587890625
2013-04-05,281.3680419921875
2013-04-08,284.7633361816406
2013-04-09,286.7519226074219
2013-04-10,284.66632080078125
2013-04-11,294.075927734375
2013-04-12,298.82928466796875
2013-04-15,295.9675598144531
2013-04-16,297.9077453613281
2013-04-17,294.1244506835937
2013-04-18,296.7435913085937
2013-04-22,305.8137512207031
2013-04-23,302.7095642089844
2013-04-25,300.81793212890625
2013-04-26,300.5268859863281
2013-04-29,301.6424865722656
2013-04-30,300.7693786621094
2013-05-02,301.25445556640625
2013-05-03,296.986083984375
2013-05-06,297.32568359375
2013-05-07,302.4185485839844
2013-05-08,305.7652282714844
2013-05-09,300.81793212890625
2013-05-10,303.631103515625
2013-05-13,300.9149169921875
2013-05-14,300.81793212890625
2013-05-15,303.5825500488281
2013-05-16,307.1233215332031
2013-05-17,306.3472900390625
2013-05-20,296.258544921875
2013-05-21,292.0873413085937
2013-05-22,287.5765075683594
2013-05-23,282.14410400390625
2013-05-24,284.7633361816406
2013-05-27,293.639404296875
2013-05-28,287.625
2013-05-29,296.7435913085937
2013-05-30,297.4227294921875
2013-05-31,285.3453063964844
2013-06-03,287.0914611816406
2013-06-04,289.0315856933594
2013-06-05,292.1842956542969
2013-06-06,296.01611328125
2013-06-07,288.3040466308594
2013-06-10,285.1513061523437
2013-06-11,284.5692749023437
2013-06-12,287.4794921875
2013-06-13,286.6549072265625
2013-06-14,288.1100158691406
2013-06-17,289.2256164550781
2013-06-18,287.9644775390625
2013-06-19,289.1771240234375
2013-06-20,287.1884155273437
2013-06-21,290.29266357421875
2013-06-24,286.1213684082031
2013-06-25,288.0614929199219
2013-06-26,287.5765075683594
2013-06-27,297.0346374511719
2013-06-28,300.1873474121094
2013-07-01,303.5825500488281
2013-07-02,302.758056640625
2013-07-03,296.2100830078125
2013-07-04,305.95928955078125
2013-07-05,309.3544921875
2013-07-08,300.38140869140625
2013-07-09,299.5567932128906
2013-07-10,296.2100830078125
2013-07-11,292.766357421875
2013-07-12,289.6621398925781
2013-07-15,297.0346374511719
2013-07-16,294.9005126953125
2013-07-17,288.6435852050781
2013-07-18,290.29266357421875
2013-07-19,286.8489685058594
2013-07-22,286.3639221191406
2013-07-23,280.8830261230469
2013-07-24,270.0667419433594
2013-07-25,266.28350830078125
2013-07-26,263.7613220214844
2013-07-29,261.6756591796875
2013-07-30,244.74801635742188
2013-07-31,254.7882080078125
2013-08-01,252.54205322265625
2013-08-02,250.8819274902344
2013-08-05,249.85650634765625
2013-08-06,228.5671844482422
2013-08-07,235.35438537597656
2013-08-08,235.01255798339844
2013-08-12,238.7723846435547
2013-08-13,245.70606994628903
2013-08-14,250.2471466064453
2013-08-16,242.23922729492188
2013-08-19,245.5107421875
2013-08-20,239.7001495361328
2013-08-21,233.79185485839844
2013-08-22,235.01255798339844
2013-08-23,236.1356658935547
2013-08-26,239.6512908935547
2013-08-27,231.3992462158203
2013-08-28,223.830795288086
2013-08-29,223.34249877929688
2013-08-30,230.22735595703125
2013-09-02,236.3797912597656
2013-09-03,236.8192138671875
2013-09-04,248.0986785888672
2013-09-05,258.6944580078125
2013-09-06,260.6476135253906
2013-09-10,269.6809387207031
2013-09-11,277.7377014160156
2013-09-12,280.9115600585937
2013-09-13,284.62255859375
2013-09-16,277.9330139160156
2013-09-17,283.8901062011719
2013-09-18,283.0600280761719
2013-09-19,288.5288391113281
2013-09-20,285.0619812011719
2013-09-23,281.9857788085937
2013-09-24,282.3276062011719
2013-09-25,280.5209655761719
2013-09-26,271.24346923828125
2013-09-27,266.2140808105469
2013-09-30,261.917236328125
2013-10-01,257.52264404296875
2013-10-03,258.9874572753906
2013-10-04,258.84100341796875
2013-10-07,259.4757385253906
2013-10-08,258.5479736328125
2013-10-09,266.3606262207031
2013-10-10,265.8723449707031
2013-10-11,261.67303466796875
2013-10-14,271.29229736328125
2013-10-15,269.9739685058594
2013-10-17,272.9524841308594
2013-10-18,275.4915771484375
2013-10-21,279.5931701660156
2013-10-22,281.0092163085937
2013-10-23,278.7631225585937
2013-10-24,276.7611389160156
2013-10-25,277.8841857910156
2013-10-28,271.48760986328125
2013-10-29,276.8587951660156
2013-10-30,275.7357177734375
2013-10-31,289.3589172363281
2013-11-01,288.08941650390625
2013-11-05,293.6070556640625
2013-11-06,288.5288391113281
2013-11-07,277.3470764160156
2013-11-08,280.0814514160156
2013-11-11,273.6849365234375
2013-11-12,265.823486328125
2013-11-13,258.49920654296875
2013-11-14,259.91522216796875
2013-11-18,273.29425048828125
2013-11-19,283.8412780761719
2013-11-20,276.9564514160156
2013-11-21,270.51104736328125
2013-11-22,266.5559387207031
2013-11-25,263.821533203125
2013-11-26,259.37811279296875
2013-11-27,262.063720703125
2013-11-28,267.678955078125
2013-11-29,266.2629089355469
2013-12-02,270.4134216308594
2013-12-03,267.190673828125
2013-12-04,265.774658203125
2013-12-05,272.8059997558594
2013-12-06,276.7611389160156
2013-12-09,270.4134216308594
2013-12-10,264.846923828125
2013-12-11,265.188720703125
2013-12-12,263.1379699707031
2013-12-13,253.27452087402344
2013-12-16,244.58302307128903
2013-12-17,244.0458984375
2013-12-18,250.9307403564453
2013-12-19,251.3701934814453
2013-12-20,256.8389892578125
2013-12-23,261.2824401855469
2013-12-24,264.2121276855469
2013-12-26,261.23358154296875
2013-12-27,261.7707214355469
2013-12-30,268.6556091308594
2013-12-31,270.75518798828125
2014-01-01,272.56182861328125
2014-01-02,264.553955078125
2014-01-03,264.1632995605469
2014-01-06,272.7571716308594
2014-01-07,267.6301574707031
2014-01-08,265.530517578125
2014-01-09,262.45428466796875
2014-01-10,271.0969543457031
2014-01-13,275.1009521484375
2014-01-14,274.7591552734375
2014-01-15,279.3002014160156
2014-01-16,284.5248718261719
2014-01-17,283.8412780761719
2014-01-20,286.38037109375
2014-01-21,282.18115234375
2014-01-22,281.0092163085937
2014-01-23,275.8822021484375
2014-01-24,262.2101745605469
2014-01-27,262.9425964355469
2014-01-28,260.3058166503906
2014-01-29,275.4915771484375
2014-01-30,258.2550354003906
2014-01-31,266.1164855957031
2014-02-03,260.0617370605469
2014-02-04,260.45233154296875
2014-02-05,271.14581298828125
2014-02-06,269.241455078125
2014-02-07,273.8802490234375
2014-02-10,263.626220703125
2014-02-11,267.825439453125
2014-02-12,264.0656433105469
2014-02-13,264.553955078125
2014-02-14,263.919189453125
2014-02-17,266.848876953125
2014-02-18,263.43084716796875
2014-02-19,262.45428466796875
2014-02-20,260.89178466796875
2014-02-21,261.96600341796875
2014-02-24,265.0910949707031
2014-02-25,269.387939453125
2014-02-26,269.53448486328125
2014-02-28,271.1458435058594
2014-03-03,270.5599060058594
2014-03-04,276.9075927734375
2014-03-05,274.8567810058594
2014-03-06,280.9604187011719
2014-03-07,279.9349975585937
2014-03-10,290.5307922363281
2014-03-11,286.38037109375
2014-03-12,286.18505859375
2014-03-13,288.4800109863281
2014-03-14,290.48199462890625
2014-03-18,285.55029296875
2014-03-19,285.1596374511719
2014-03-20,284.28076171875
2014-03-21,286.03857421875
2014-03-24,294.9254150390625
2014-03-25,299.36883544921875
2014-03-26,302.884521484375
2014-03-27,302.34735107421875
2014-03-28,304.7887878417969
2014-03-31,308.20684814453125
2014-04-01,307.327880859375
2014-04-02,316.3123474121094
2014-04-03,317.0447998046875
2014-04-04,310.64825439453125
2014-04-07,308.6462707519531
2014-04-09,311.72247314453125
2014-04-10,307.1325988769531
2014-04-11,307.1325988769531
2014-04-15,300.24774169921875
2014-04-16,306.4490051269531
2014-04-17,307.864990234375
2014-04-21,320.9511108398437
2014-04-22,315.5311279296875
2014-04-23,310.3552551269531
2014-04-24,310.3552551269531
2014-04-25,303.8610534667969
2014-04-28,306.3513488769531
2014-04-29,299.85711669921875
2014-04-30,295.0718688964844
2014-05-02,292.77691650390625
2014-05-05,284.8666687011719
2014-05-06,285.0619812011719
2014-05-07,283.9389343261719
2014-05-08,277.3470764160156
2014-05-09,283.0600280761719
2014-05-12,287.7475891113281
2014-05-13,286.38037109375
2014-05-14,286.52685546875
2014-05-15,281.6439819335937
2014-05-16,283.6459655761719
2014-05-19,297.3180236816406
2014-05-20,301.3707580566406
2014-05-21,306.3025207519531
2014-05-22,304.105224609375
2014-05-23,306.3513488769531
2014-05-26,292.9722595214844
2014-05-27,294.3883361816406
2014-05-28,286.0874328613281
2014-05-29,288.4311828613281
2014-05-30,288.1870422363281
2014-06-02,297.0250244140625
2014-06-03,294.4371032714844
2014-06-04,292.58160400390625
2014-06-05,302.59149169921875
2014-06-06,314.31036376953125
2014-06-09,325.19921875
2014-06-10,323.4413146972656
2014-06-11,316.9471435546875
2014-06-12,335.4532775878906
2014-06-13,330.27740478515625
2014-06-16,335.1603088378906
2014-06-17,335.8926696777344
2014-06-18,330.22857666015625
2014-06-19,331.8399353027344
2014-06-20,329.3008117675781
2014-06-23,328.6171875
2014-06-24,339.0177307128906
2014-06-25,340.2384338378906
2014-06-26,337.79705810546875
2014-06-27,346.8303527832031
2014-06-30,357.0843505859375
2014-07-01,354.0569763183594
2014-07-02,354.3988037109375
2014-07-03,355.9124755859375
2014-07-04,357.6214599609375
2014-07-07,359.3793029785156
2014-07-08,334.9649353027344
2014-07-09,338.2853088378906
2014-07-10,334.3790588378906
2014-07-11,322.4648132324219
2014-07-14,318.7049865722656
2014-07-15,322.3671264648437
2014-07-16,328.56842041015625
2014-07-17,329.2519226074219
2014-07-18,325.3945617675781
2014-07-21,334.8184509277344
2014-07-22,337.1134033203125
2014-07-23,334.7207946777344
2014-07-24,338.4805908203125
2014-07-25,332.4747009277344
2014-07-28,326.37109375
2014-07-30,331.8887023925781
2014-07-31,329.3364562988281
2014-08-01,322.416015625
2014-08-04,332.8212585449219
2014-08-05,337.0422668457031
2014-08-06,331.7414855957031
2014-08-07,333.31207275390625
2014-08-08,320.99267578125
2014-08-11,327.9622497558594
2014-08-12,327.6676940917969
2014-08-13,324.8210144042969
2014-08-14,326.8824462890625
2014-08-18,329.3364562988281
2014-08-19,337.7294311523437
2014-08-20,336.3060607910156
2014-08-21,338.7601318359375
2014-08-22,332.2322692871094
2014-08-25,323.2013244628906
2014-08-26,326.04803466796875
2014-08-27,320.8945007324219
2014-08-28,316.6734924316406
2014-09-01,322.7104797363281
2014-09-02,325.9989318847656
2014-09-03,338.2693176269531
2014-09-04,334.73541259765625
2014-09-05,331.3978881835937
2014-09-08,348.3310241699219
2014-09-09,345.63153076171875
2014-09-10,340.42889404296875
2014-09-11,338.9073791503906
2014-09-12,343.4228820800781
2014-09-15,343.4228820800781
2014-09-16,323.1522216796875
2014-09-17,322.6614074707031
2014-09-18,330.7598571777344
2014-09-19,326.7351989746094
2014-09-22,324.7719116210937
2014-09-23,312.10888671875
2014-09-24,308.0351867675781
2014-09-25,296.1083679199219
2014-09-26,302.1453857421875
2014-09-29,302.4398498535156
2014-09-30,302.0472106933594
2014-10-01,294.2923583984375
2014-10-07,294.5377502441406
2014-10-08,285.9975891113281
2014-10-09,293.5560913085937
2014-10-10,284.6233215332031
2014-10-13,286.9301147460937
2014-10-14,286.5865478515625
2014-10-15,286.5865478515625
2014-10-16,275.9849853515625
2014-10-17,277.9973449707031
2014-10-20,279.2734375
2014-10-21,282.6109924316406
2014-10-22,284.47607421875
2014-10-27,284.3778686523437
2014-10-28,286.7828674316406
2014-10-29,288.1571655273437
2014-10-30,288.2553100585937
2014-10-31,296.1083679199219
2014-11-03,299.004150390625
2014-11-05,300.231201171875
2014-11-07,299.7403869628906
2014-11-10,295.7647705078125
2014-11-11,292.77081298828125
2014-11-12,293.21258544921875
2014-11-13,289.0406494140625
2014-11-14,292.8689880371094
2014-11-17,292.57452392578125
2014-11-18,298.02252197265625
2014-11-19,291.8873596191406
2014-11-20,284.9668884277344
2014-11-21,281.2366638183594
2014-11-24,278.53717041015625
2014-11-25,274.1689453125
2014-11-26,278.0954895019531
2014-11-27,274.9542541503906
2014-11-28,280.94219970703125
2014-12-01,280.45135498046875
2014-12-02,283.8870849609375
2014-12-03,288.5497741699219
2014-12-04,294.0469055175781
2014-12-05,290.9548034667969
2014-12-08,283.199951171875
2014-12-09,277.7518920898437
2014-12-10,279.6661071777344
2014-12-11,280.3041076660156
2014-12-12,271.0767822265625
2014-12-15,265.7760009765625
2014-12-16,260.32794189453125
2014-12-17,269.16265869140625
2014-12-18,271.3222045898437
2014-12-19,275.7395324707031
2014-12-22,279.4696960449219
2014-12-23,283.8379821777344
2014-12-24,279.0771179199219
2014-12-26,280.84405517578125
2014-12-29,284.7214660644531
2014-12-30,285.01593017578125
2014-12-31,288.5007629394531
2015-01-01,286.7828674316406
2015-01-02,290.1204528808594
2015-01-05,289.6156921386719
2015-01-06,273.7988586425781
2015-01-07,272.32525634765625
2015-01-08,279.05474853515625
2015-01-09,279.5950927734375
2015-01-12,283.3773498535156
2015-01-13,287.94561767578125
2015-01-14,289.6648254394531
2015-01-15,300.76611328125
2015-01-16,309.3131103515625
2015-01-19,303.958984375
2015-01-20,305.481689453125
2015-01-21,303.271240234375
2015-01-22,303.66424560546875
2015-01-23,309.0184020996094
2015-01-27,310.9831848144531
2015-01-28,306.6114807128906
2015-01-29,309.50958251953125
2015-01-30,305.2852478027344
2015-02-02,306.8570556640625
2015-02-03,315.7478942871094
2015-02-04,301.9941101074219
2015-02-05,299.98016357421875
2015-02-06,298.5556945800781
2015-02-09,287.01226806640625
2015-02-10,302.68182373046875
2015-02-11,304.2045593261719
2015-02-12,309.3131103515625
2015-02-13,322.28094482421875
2015-02-16,317.90924072265625
2015-02-18,324.9335021972656
2015-02-19,325.7685546875
2015-02-20,325.0317687988281
2015-02-23,323.4598693847656
2015-02-24,325.81768798828125
2015-02-25,328.1754455566406
2015-02-26,322.4283752441406
2015-02-27,325.3756103515625
2015-03-02,334.3155517578125
2015-03-03,333.3822937011719
2015-03-04,329.55084228515625
2015-03-05,329.1578674316406
2015-03-09,324.9335021972656
2015-03-10,323.50897216796875
2015-03-11,324.6878662109375
2015-03-12,333.28399658203125
2015-03-13,329.6490783691406
2015-03-16,327.1930236816406
2015-03-17,338.932861328125
2015-03-18,338.932861328125
2015-03-19,334.51202392578125
2015-03-20,330.53326416015625
2015-03-23,327.6351318359375
2015-03-24,327.3404541015625
2015-03-25,328.2737121582031
2015-03-26,328.7157897949219
2015-03-27,339.4241027832031
2015-03-30,339.0802307128906
2015-03-31,339.7679748535156
2015-04-01,352.8832092285156
2015-04-06,354.4550476074219
2015-04-07,355.3392639160156
2015-04-08,366.0475158691406
2015-04-09,362.5108337402344
2015-04-10,375.52783203125
2015-04-13,374.8892517089844
2015-04-15,363.4932556152344
2015-04-16,368.0123596191406
2015-04-17,364.2300720214844
2015-04-20,344.581787109375
2015-04-21,362.1669921875
2015-04-22,364.7212524414063
2015-04-23,361.2828063964844
2015-04-24,354.3076477050781
2015-04-27,335.19970703125
2015-04-28,345.2694702148437
2015-04-29,333.0384216308594
2015-04-30,354.7989196777344
2015-05-04,369.78070068359375
2015-05-05,362.6091003417969
2015-05-06,360.0057067871094
2015-05-07,349.49383544921875
2015-05-08,334.3155517578125
2015-05-11,348.8061828613281
2015-05-12,334.51202392578125
2015-05-13,341.8310241699219
2015-05-14,357.697021484375
2015-05-15,352.9814147949219
2015-05-18,357.2549133300781
2015-05-19,354.06207275390625
2015-05-20,356.2724914550781
2015-05-21,356.4198608398437
2015-05-22,353.1778869628906
2015-05-25,357.0093078613281
2015-05-26,357.5005187988281
2015-05-27,356.8128356933594
2015-05-28,370.861328125
2015-05-29,372.3840942382813
2015-06-01,367.81585693359375
2015-06-02,344.581787109375
2015-06-03,336.47686767578125
2015-06-04,327.04571533203125
2015-06-05,331.9577331542969
2015-06-08,326.21063232421875
2015-06-09,326.7018127441406
2015-06-10,329.9437866210937
2015-06-11,323.50897216796875
2015-06-12,325.6211853027344
2015-06-15,325.1791381835937
2015-06-16,326.4562072753906
2015-06-17,329.5017395019531
2015-06-18,329.5999450683594
2015-06-19,338.19610595703125
2015-06-22,340.8486328125
2015-06-23,341.1924743652344
2015-06-24,337.8031005859375
2015-06-25,351.9989929199219
2015-06-26,348.2167358398437
2015-06-29,341.04510498046875
2015-06-30,349.4447326660156
2015-07-01,355.8304138183594
2015-07-02,355.9286499023437
2015-07-03,356.8619689941406
2015-07-06,363.5423278808594
2015-07-07,366.93170166015625
2015-07-08,360.7424926757813
2015-07-09,363.4932556152344
2015-07-10,362.1178894042969
2015-07-13,370.61572265625
2015-07-14,374.8892517089844
2015-07-15,389.6745910644531
2015-07-16,393.2603759765625
2015-07-17,387.4150695800781
2015-07-20,393.55511474609375
2015-07-21,383.9765930175781
2015-07-22,396.4040832519531
2015-07-23,386.1379089355469
2015-07-24,378.0329895019531
2015-07-27,369.829833984375
2015-07-28,367.1773376464844
2015-07-29,366.1949157714844
2015-07-30,383.9765930175781
2015-07-31,385.5061645507813
2015-08-03,382.20025634765625
2015-08-04,384.5193176269531
2015-08-05,384.9140625
2015-08-06,391.8218994140625
2015-08-07,390.1936340332031
2015-08-10,396.7067565917969
2015-08-11,388.71337890625
2015-08-12,376.772705078125
2015-08-13,367.9898986816406
2015-08-14,380.522705078125
2015-08-17,377.8582153320313
2015-08-18,380.0292663574219
2015-08-19,381.16412353515625
2015-08-20,370.8023681640625
2015-08-21,367.54583740234375
2015-08-24,330.2928771972656
2015-08-25,348.4012451171875
2015-08-26,336.46063232421875
2015-08-27,365.81884765625
2015-08-28,364.5853271484375
2015-08-31,364.4372863769531
2015-09-01,361.3287963867188
2015-09-02,358.614990234375
2015-09-03,360.4406433105469
2015-09-04,356.5920104980469
2015-09-07,359.99658203125
2015-09-08,356.690673828125
2015-09-09,362.75970458984375
2015-09-10,370.65435791015625
2015-09-11,358.4176330566406
2015-09-14,359.2564392089844
2015-09-15,354.5196228027344
2015-09-16,349.58544921875
2015-09-18,349.0920715332031
2015-09-21,346.72369384765625
2015-09-22,337.44744873046875
2015-09-23,339.5691223144531
2015-09-24,350.57232666015625
2015-09-28,346.2302551269531
2015-09-29,338.8290100097656
2015-09-30,343.5164794921875
2015-10-01,345.9835510253906
2015-10-05,353.8288269042969
2015-10-06,353.6808166503906
2015-10-07,351.75653076171875
2015-10-08,354.4703369140625
2015-10-09,354.42095947265625
2015-10-12,354.6183166503906
2015-10-13,348.055908203125
2015-10-14,344.2072448730469
2015-10-15,359.50311279296875
2015-10-16,361.3287963867188
2015-10-19,366.1149291992188
2015-10-20,367.9898986816406
2015-10-21,362.75970458984375
2015-10-23,362.2169494628906
2015-10-26,378.0062561035156
2015-10-27,378.7957458496094
2015-10-28,382.4469604492188
2015-10-29,392.3646545410156
2015-10-30,386.3450012207031
2015-11-02,391.2791442871094
2015-11-03,396.5093994140625
2015-11-04,391.3284912109375
2015-11-05,381.85491943359375
2015-11-06,386.9864196777344
2015-11-09,385.6541748046875
2015-11-10,370.6050109863281
2015-11-13,377.6115112304688
2015-11-16,383.6805419921875
2015-11-17,382.8910827636719
2015-11-18,376.3286437988281
2015-11-19,378.8450622558594
2015-11-20,378.7463989257813
2015-11-23,380.522705078125
2015-11-24,384.420654296875
2015-11-26,391.081787109375
2015-11-27,385.2101440429688
2015-11-30,377.6115112304688
2015-12-01,377.11810302734375
2015-12-02,372.7760620117188
2015-12-03,365.9668884277344
2015-12-04,366.0656127929688
2015-12-07,370.9010925292969
2015-12-08,364.3386535644531
2015-12-09,357.5294494628906
2015-12-10,351.60845947265625
2015-12-11,355.65447998046875
2015-12-14,356.0492248535156
2015-12-15,352.891357421875
2015-12-16,358.3189697265625
2015-12-17,365.62152099609375
2015-12-18,372.7267150878906
2015-12-21,379.2891540527344
2015-12-22,375.1938171386719
2015-12-23,376.0325927734375
2015-12-24,375.1444091796875
2015-12-28,377.7595520019531
2015-12-29,382.4469604492188
2015-12-30,377.31549072265625
2015-12-31,374.20697021484375
2016-01-01,379.14111328125
2016-01-04,367.3977966308594
2016-01-05,377.26611328125
2016-01-06,374.7496948242188
2016-01-07,378.3516540527344
2016-01-08,382.3483581542969
2016-01-11,373.9602661132813
2016-01-12,371.34515380859375
2016-01-13,366.90435791015625
2016-01-14,362.5623474121094
2016-01-15,347.5131225585937
2016-01-18,337.44744873046875
2016-01-19,345.4407653808594
2016-01-20,332.760009765625
2016-01-21,339.4704284667969
2016-01-22,342.5789794921875
2016-01-25,338.8783264160156
2016-01-27,332.95733642578125
2016-01-28,339.2730712890625
2016-01-29,346.2795715332031
2016-02-01,349.3387756347656
2016-02-02,336.16455078125
2016-02-03,332.2172241210937
2016-02-04,340.1612243652344
2016-02-05,346.1315612792969
2016-02-08,338.9770812988281
2016-02-09,334.5856018066406
2016-02-10,332.90802001953125
2016-02-11,312.5299377441406
2016-02-12,307.15167236328125
2016-02-15,321.0660095214844
2016-02-16,310.2601928710937
2016-02-17,312.7272644042969
2016-02-18,306.3128662109375
2016-02-19,304.7339172363281
2016-02-22,310.01348876953125
2016-02-23,307.7931213378906
2016-02-24,307.10235595703125
2016-02-25,301.4774169921875
2016-02-26,297.9741516113281
2016-02-29,287.957763671875
2016-03-01,298.4675598144531
2016-03-02,311.0990295410156
2016-03-03,309.2240600585937
2016-03-04,315.6877746582031
2016-03-08,318.8949890136719
2016-03-09,322.0528259277344
2016-03-10,327.92449951171875
2016-03-11,326.93768310546875
2016-03-14,325.30938720703125
2016-03-15,326.10308837890625
2016-03-16,329.4762268066406
2016-03-17,336.8177490234375
2016-03-18,337.1153869628906
2016-03-21,339.0995788574219
2016-03-22,342.3735046386719
2016-03-23,344.3576965332031
2016-03-28,344.9530029296875
2016-03-29,345.6970520019531
2016-03-30,358.4951477050781
2016-03-31,352.1953125
2016-04-01,354.2290954589844
2016-04-04,355.66766357421875
2016-04-05,351.7984313964844
2016-04-06,351.8976745605469
2016-04-07,353.6834411621094
2016-04-08,362.11627197265625
2016-04-11,363.4556579589844
2016-04-12,359.9832458496094
2016-04-13,366.0846862792969
2016-04-18,371.9380493164063
2016-04-20,369.6066284179688
2016-04-21,364.6957702636719
2016-04-22,363.9020385742188
2016-04-25,357.0069885253906
2016-04-26,350.6079406738281
2016-04-27,352.8401794433594
2016-04-28,345.2505798339844
2016-04-29,346.1434631347656
2016-05-02,351.8976745605469
2016-05-03,345.4986267089844
2016-05-04,340.0420837402344
2016-05-05,337.3633728027344
2016-05-06,342.6215209960937
2016-05-09,345.44903564453125
2016-05-10,345.3994140625
2016-05-11,344.7545471191406
2016-05-12,345.2505798339844
2016-05-13,339.2484130859375
2016-05-16,344.2585144042969
2016-05-17,348.2268981933594
2016-05-18,348.2268981933594
2016-05-19,339.69482421875
2016-05-20,337.5618591308594
2016-05-23,336.17291259765625
2016-05-24,344.30810546875
2016-05-25,345.7466735839844
2016-05-26,341.1333923339844
2016-05-27,345.101806640625
2016-05-30,346.441162109375
2016-05-31,341.62945556640625
2016-06-01,339.94287109375
2016-06-02,344.7049255371094
2016-06-03,353.28662109375
2016-06-06,358.9415588378906
2016-06-07,360.8265686035156
2016-06-08,360.2313232421875
2016-06-09,356.7093505859375
2016-06-10,360.92578125
2016-06-13,355.9156799316406
2016-06-14,354.47711181640625
2016-06-15,356.1636962890625
2016-06-16,350.6079406738281
2016-06-17,349.56622314453125
2016-06-20,366.3822937011719
2016-06-21,367.5728454589844
2016-06-22,368.0688781738281
2016-06-23,370.3507080078125
2016-06-24,375.1623840332031
2016-06-27,381.0157775878906
2016-06-28,391.2839965820313
2016-06-29,406.3639526367188
2016-06-30,393.8634948730469
2016-07-01,395.3020324707031
2016-07-04,399.7664489746094
2016-07-05,400.8081665039063
2016-07-07,403.7844543457031
2016-07-08,399.3200378417969
2016-07-11,405.57025146484375
2016-07-12,402.6435546875
2016-07-13,404.72698974609375
2016-07-14,413.4078369140625
2016-07-15,412.2669067382813
2016-07-18,414.3503112792969
2016-07-19,417.07861328125
2016-07-20,423.62646484375
2016-07-21,428.1404724121094
2016-07-22,444.063720703125
2016-07-25,434.9860229492188
2016-07-26,424.6681518554688
2016-07-27,425.3626098632813
2016-07-28,434.3907470703125
2016-07-29,427.0988159179688
2016-08-01,427.5948486328125
2016-08-02,427.2476196289063
2016-08-03,406.0166931152344
2016-08-04,394.8059692382813
2016-08-05,397.1870422363281
2016-08-08,399.3695983886719
2016-08-09,393.7146606445313
2016-08-10,389.3494262695313
2016-08-11,392.9705810546875
2016-08-12,400.7585754394531
2016-08-16,403.38763427734375
2016-08-17,406.9095764160156
2016-08-18,407.5544128417969
2016-08-19,414.3503112792969
2016-08-22,417.2770080566406
2016-08-23,416.6817932128906
2016-08-24,417.0290222167969
2016-08-25,420.9974060058594
2016-08-26,420.3029174804688
2016-08-29,423.1799926757813
2016-08-30,422.9815979003906
2016-08-31,417.624267578125
2016-09-01,415.0943908691406
2016-09-02,420.1541137695313
2016-09-06,424.8169860839844
2016-09-07,432.5553283691406
2016-09-08,431.9104919433594
2016-09-09,424.6185607910156
2016-09-12,412.8621520996094
2016-09-14,415.39202880859375
2016-09-15,412.8125915527344
2016-09-16,416.1361389160156
2016-09-19,416.7809753417969
2016-09-20,417.8722839355469
2016-09-21,415.8880920410156
2016-09-22,424.9161376953125
2016-09-23,430.67034912109375
2016-09-26,429.0334167480469
2016-09-27,416.83056640625
2016-09-28,421.6422729492188
2016-09-29,410.0842895507813
2016-09-30,426.5531921386719
2016-10-03,441.4842529296875
2016-10-04,441.2858276367188
2016-10-05,441.4346618652344
2016-10-06,443.6172790527344
2016-10-07,444.01409912109375
2016-10-10,444.9070129394531
2016-10-13,443.6669006347656
2016-10-14,448.9745788574219
2016-10-17,441.1370239257813
2016-10-18,447.4368286132813
2016-10-19,447.88330078125
2016-10-20,454.4807739257813
2016-10-21,455.3736572265625
2016-10-24,449.47064208984375
2016-10-25,445.0061950683594
2016-10-26,433.2994384765625
2016-10-27,436.1269226074219
2016-10-28,433.4482116699219
2016-11-01,436.0276794433594
2016-11-02,426.7019653320313
2016-11-03,416.0864868164063
2016-11-04,413.1101989746094
2016-11-07,411.4732360839844
2016-11-08,410.2331237792969
2016-11-09,403.7348937988281
2016-11-10,404.6277465820313
2016-11-11,383.9920959472656
2016-11-15,380.4701232910156
2016-11-16,378.1883239746094
2016-11-17,377.841064453125
2016-11-18,378.1883239746094
2016-11-21,370.201904296875
2016-11-22,378.0890808105469
2016-11-23,371.293212890625
2016-11-24,364.19970703125
2016-11-25,364.9933471679688
2016-11-28,364.3485107421875
2016-11-29,380.3709106445313
2016-11-30,386.3731384277344
2016-12-01,377.4442443847656
2016-12-02,373.1286010742188
2016-12-05,376.6505432128906
2016-12-06,384.8849792480469
2016-12-07,395.4012451171875
2016-12-08,406.5623168945313
2016-12-09,414.2015075683594
2016-12-12,402.5443115234375
2016-12-13,409.8858947753906
2016-12-14,415.14404296875
2016-12-15,418.0707092285156
2016-12-16,407.5048522949219
2016-12-19,416.0368957519531
2016-12-20,408.0008850097656
2016-12-21,410.7291259765625
2016-12-22,408.0008850097656
2016-12-23,399.71685791015625
2016-12-26,398.9728088378906
2016-12-27,405.07415771484375
2016-12-28,409.4890441894531
2016-12-29,423.0808410644531
2016-12-30,426.7019653320313
2017-01-02,429.92626953125
2017-01-03,430.6207275390625
2017-01-04,429.2814331054688
2017-01-05,431.7120666503906
2017-01-06,439.0536193847656
2017-01-09,435.8292846679688
2017-01-10,438.7559509277344
2017-01-11,439.0039978027344
2017-01-12,437.4166259765625
2017-01-13,437.3173828125
2017-01-16,435.87890625
2017-01-17,429.6782531738281
2017-01-18,430.5711364746094
2017-01-19,431.0671997070313
2017-01-20,430.42236328125
2017-01-23,431.3152160644531
2017-01-24,426.9003601074219
2017-01-25,424.172119140625
2017-01-27,426.8011779785156
2017-01-30,425.4618225097656
2017-01-31,425.3626098632813
2017-02-01,431.7616882324219
2017-02-02,477.5966491699219
2017-02-03,481.9122924804688
2017-02-06,496.694580078125
2017-02-07,502.2999267578125
2017-02-08,509.74066162109375
2017-02-09,507.55810546875
2017-02-10,514.3043212890625
2017-02-13,512.0720825195312
2017-02-14,512.8657836914062
2017-02-15,515.5941162109375
2017-02-16,501.10943603515625
2017-02-17,480.0273132324219
2017-02-20,487.4184265136719
2017-02-21,504.4825439453125
2017-02-22,501.35748291015625
2017-02-23,500.86138916015625
2017-02-27,492.577392578125
2017-02-28,498.0339050292969
2017-03-01,494.760009765625
2017-03-02,478.142333984375
2017-03-03,484.7893981933594
2017-03-06,480.9202270507813
2017-03-07,477.4478454589844
2017-03-08,477.00140380859375
2017-03-09,475.1163940429688
2017-03-10,489.0554504394531
2017-03-14,497.1906433105469
2017-03-15,493.9167175292969
2017-03-16,509.0958557128906
2017-03-17,500.0677185058594
2017-03-20,498.6291809082031
2017-03-21,496.49615478515625
2017-03-22,487.7656555175781
2017-03-23,487.5672912597656
2017-03-24,488.75775146484375
2017-03-27,500.3157348632813
2017-03-28,499.2244567871094
2017-03-29,499.5220642089844
2017-03-30,498.4803771972656
2017-03-31,501.2086486816406
2017-04-03,526.0607299804688
2017-04-05,531.5172729492188
2017-04-06,533.8983764648438
2017-04-07,526.95361328125
2017-04-10,534.7911987304688
2017-04-11,533.4022827148438
2017-04-12,533.4518432617188
2017-04-13,523.8781127929688
2017-04-17,525.3167114257812
2017-04-18,518.4215087890625
2017-04-19,515.5444946289062
2017-04-20,519.2152099609375
2017-04-21,517.6774291992188
2017-04-24,516.3877563476562
2017-04-25,533.4022827148438
2017-04-26,525.564697265625
2017-04-27,528.7890014648438
2017-04-28,530.1282958984375
2017-05-02,546.299560546875
2017-05-03,550.3671264648438
2017-05-04,553.4923095703125
2017-05-05,539.751708984375
2017-05-08,541.63671875
2017-05-09,563.512451171875
2017-05-10,561.87548828125
2017-05-11,562.3219604492188
2017-05-12,560.1393432617188
2017-05-15,573.9791259765625
2017-05-16,580.1796875
2017-05-17,583.94970703125
2017-05-18,570.0603637695312
2017-05-19,573.4335327148438
2017-05-22,561.4786987304688
2017-05-23,556.8653564453125
2017-05-24,565.4470825195312
2017-05-25,579.286865234375
2017-05-26,588.8109741210938
2017-05-29,580.626220703125
2017-05-30,605.3790893554688
2017-05-31,599.7737426757812
2017-06-01,610.4387817382812
2017-06-02,607.0657348632812
2017-06-05,609.4962768554688
2017-06-06,595.11083984375
2017-06-07,602.6508178710938
2017-06-08,604.5357666015625
2017-06-09,618.6235961914062
2017-06-12,609.5459594726562
2017-06-13,618.4252319335938
2017-06-14,639.9041137695312
2017-06-15,631.7689208984375
2017-06-16,633.4058837890625
2017-06-19,634.943603515625
2017-06-20,640.648193359375
2017-06-21,643.2772827148438
2017-06-22,630.826416015625
2017-06-23,622.592041015625
2017-06-27,614.4071655273438
2017-06-28,613.31591796875
2017-06-29,624.774658203125
2017-06-30,632.760986328125
2017-07-03,640.7970581054688
2017-07-04,643.87255859375
2017-07-05,653.4463500976562
2017-07-06,652.7518310546875
2017-07-07,653.4959106445312
2017-07-10,657.8115234375
2017-07-11,667.9805297851562
2017-07-12,665.94677734375
2017-07-13,661.6807250976562
2017-07-14,658.3571166992188
2017-07-17,657.265869140625
2017-07-18,652.7022094726562
2017-07-19,667.1373291015625
2017-07-20,684.9950561523438
2017-07-21,674.8260498046875
2017-07-24,676.562255859375
2017-07-25,674.3300170898438
2017-07-26,669.1214599609375
2017-07-27,663.8633422851562
2017-07-28,659.3493041992188
2017-07-31,657.7619018554688
2017-08-01,649.4779052734375
2017-08-02,644.2554931640625
2017-08-03,651.019775390625
2017-08-04,646.5433349609375
2017-08-07,634.656005859375
2017-08-08,625.9518432617188
2017-08-09,598.7453002929688
2017-08-10,573.6773071289062
2017-08-11,556.3684692382812
2017-08-14,573.2793579101562
2017-08-16,607.747802734375
2017-08-17,602.0776977539062
2017-08-18,594.8656616210938
2017-08-21,579.8448486328125
2017-08-22,574.622314453125
2017-08-23,597.1536254882812
2017-08-24,601.4808349609375
2017-08-28,610.5828247070312
2017-08-29,598.794921875
2017-08-30,616.9990234375
2017-08-31,609.1404418945312
2017-09-01,621.0277709960938
2017-09-04,607.6980590820312
2017-09-05,612.3236083984375
2017-09-06,614.2634887695312
2017-09-07,629.4334716796875
2017-09-08,628.8864135742188
2017-09-11,628.090576171875
2017-09-12,644.852294921875
2017-09-13,631.423095703125
2017-09-14,632.6167602539062
2017-09-15,636.2476196289062
2017-09-18,636.4465942382812
2017-09-19,635.9989013671875
2017-09-20,620.5304565429688
2017-09-21,610.83154296875
2017-09-22,586.1117553710938
2017-09-25,572.9312744140625
2017-09-26,587.9520874023438
2017-09-27,569.3003540039062
2017-09-28,571.8369750976562
2017-09-29,585.1668090820312
2017-10-03,588.6981811523438
2017-10-04,586.5594482421875
2017-10-05,582.7296142578125
2017-10-06,597.75048828125
2017-10-09,596.7059326171875
2017-10-10,605.7085571289062
2017-10-11,606.2556762695312
2017-10-12,610.8812255859375
2017-10-13,617.0985107421875
2017-10-16,608.5933227539062
2017-10-17,602.8734741210938
2017-10-18,593.0750732421875
2017-10-19,587.90234375
2017-10-23,576.4129028320312
2017-10-24,580.441650390625
2017-10-25,571.4390869140625
2017-10-26,567.708740234375
2017-10-27,581.68505859375
2017-10-30,591.8316650390625
2017-10-31,589.9415893554688
2017-11-01,592.826416015625
2017-11-02,586.6588745117188
2017-11-03,582.0332641601562
2017-11-06,576.5620727539062
2017-11-07,558.8554077148438
2017-11-08,548.3109741210938
2017-11-09,559.15380859375
2017-11-10,564.077880859375
2017-11-13,554.1302490234375
2017-11-14,554.0308227539062
2017-11-15,535.7272338867188
2017-11-16,537.517822265625
2017-11-17,551.693115234375
2017-11-20,567.509765625
2017-11-21,560.397216796875
2017-11-22,552.8370971679688
2017-11-23,560.6459350585938
2017-11-24,559.651123046875
2017-11-27,573.1302490234375
2017-11-28,578.9992065429688
2017-11-29,578.9992065429688
2017-11-30,574.771484375
2017-12-01,564.4260864257812
2017-12-04,567.1616821289062
2017-12-05,569.9469604492188
2017-12-06,571.8369750976562
2017-12-07,579.695556640625
2017-12-08,588.2007446289062
2017-12-11,594.7164306640625
2017-12-12,586.0122680664062
2017-12-13,583.0280151367188
2017-12-14,591.6327514648438
2017-12-15,591.9310913085938
2017-12-18,591.9808349609375
2017-12-19,599.4415283203125
2017-12-20,604.4153442382812
2017-12-21,599.0933837890625
2017-12-22,601.4808349609375
2017-12-26,603.9677124023438
2017-12-27,600.1378784179688
2017-12-28,599.4415283203125
2017-12-29,603.2713623046875
2018-01-01,599.0933837890625
2018-01-02,598.5462646484375
2018-01-03,604.6142578125
2018-01-04,609.2399291992188
2018-01-05,613.0697021484375
2018-01-08,606.7530517578125
2018-01-09,605.8080444335938
2018-01-10,613.915283203125
2018-01-11,638.4360961914062
2018-01-12,629.0355834960938
2018-01-15,615.5068969726562
2018-01-16,612.821044921875
2018-01-17,620.9780883789062
2018-01-18,606.5540771484375
2018-01-19,618.5906372070312
2018-01-22,636.6455078125
2018-01-23,625.2057495117188
2018-01-24,621.923095703125
2018-01-25,616.800048828125
2018-01-29,621.2764892578125
2018-01-30,603.0226440429688
2018-01-31,604.3158569335938
2018-02-01,608.3446044921875
2018-02-02,577.7060546875
2018-02-05,554.08056640625
2018-02-06,552.489013671875
2018-02-07,543.5858764648438
2018-02-08,548.3606567382812
2018-02-09,547.1669921875
2018-02-12,547.8135986328125
2018-02-14,544.7297973632812
2018-02-15,539.7559814453125
2018-02-16,538.9602661132812
2018-02-19,545.177490234375
2018-02-20,541.2979125976562
2018-02-21,537.8660278320312
2018-02-22,536.224609375
2018-02-23,545.6251220703125
2018-02-26,548.26123046875
2018-02-27,544.9287719726562
2018-02-28,548.8580932617188
2018-03-01,542.9889526367188
2018-03-05,541.546630859375
2018-03-06,540.7507934570312
2018-03-07,539.9052124023438
2018-03-08,547.5648803710938
2018-03-09,544.1329345703125
2018-03-12,535.7272338867188
2018-03-13,544.6800537109375
2018-03-14,547.3162231445312
2018-03-15,546.4208984375
2018-03-16,543.8345947265625
2018-03-19,538.1146850585938
2018-03-20,536.8712158203125
2018-03-21,522.7953491210938
2018-03-22,525.5806884765625
2018-03-23,530.0073852539062
2018-03-26,536.3240966796875
2018-03-27,543.9340209960938
2018-03-28,547.0177612304688
2018-04-02,546.9182739257812
2018-04-03,547.1172485351562
2018-04-04,531.5990600585938
2018-04-05,552.3397216796875
2018-04-06,552.0413208007812
2018-04-09,551.0962524414062
2018-04-10,559.5020141601562
2018-04-11,556.468017578125
2018-04-12,572.28466796875
2018-04-13,571.9364624023438
2018-04-16,578.9992065429688
2018-04-17,574.572509765625
2018-04-18,588.1012573242188
2018-04-19,596.457275390625
2018-04-20,599.739990234375
2018-04-23,594.1195678710938
2018-04-24,587.55419921875
2018-04-25,582.8788452148438
2018-04-26,594.6666870117188
2018-04-27,592.1300659179688
2018-04-30,596.457275390625
2018-05-02,612.6220703125
2018-05-03,597.5017700195312
2018-05-04,580.789794921875
2018-05-07,589.5934448242188
2018-05-08,593.2740478515625
2018-05-09,587.703369140625
2018-05-10,577.9547729492188
2018-05-11,589.7924194335938
2018-05-14,587.6536254882812
2018-05-15,575.6171264648438
2018-05-16,578.1536865234375
2018-05-17,575.0202026367188
2018-05-18,562.4365844726562
2018-05-21,557.5621948242188
2018-05-22,559.4522705078125
2018-05-23,555.4732055664062
2018-05-24,545.0780029296875
2018-05-25,563.1328735351562
2018-05-28,577.1589965820312
2018-05-29,562.8841552734375
2018-05-30,577.507080078125
2018-05-31,593.572509765625
2018-06-01,596.0096435546875
2018-06-04,595.4624633789062
2018-06-05,600.6849975585938
2018-06-06,596.6065063476562
2018-06-07,593.6719360351562
2018-06-08,594.2190551757812
2018-06-11,598.5462646484375
2018-06-12,605.4598388671875
2018-06-13,606.2556762695312
2018-06-14,606.4048461914062
2018-06-15,613.2189331054688
2018-06-18,611.0802001953125
2018-06-19,593.7216796875
2018-06-20,596.805419921875
2018-06-21,603.7190551757812
2018-06-22,601.8289794921875
2018-06-25,604.6142578125
2018-06-26,605.0619506835938
2018-06-27,602.0279541015625
2018-06-28,591.6327514648438
2018-06-29,620.4309692382812
2018-07-02,614.5121459960938
2018-07-03,614.4126586914062
2018-07-04,608.8419799804688
2018-07-05,602.5253295898438
2018-07-06,588.6484375
2018-07-09,591.4337158203125
2018-07-10,605.9572143554688
2018-07-11,597.1038818359375
2018-07-12,590.239990234375
2018-07-13,581.4364013671875
2018-07-16,571.8369750976562
2018-07-17,592.9756469726562
2018-07-18,594.9651489257812
2018-07-19,593.174560546875
2018-07-20,588.7479248046875
2018-07-23,602.0279541015625
2018-07-24,609.0409545898438
2018-07-25,605.6587524414062
2018-07-26,607.89697265625
2018-07-27,634.2581176757812
2018-07-30,639.1821899414062
2018-07-31,645.2501831054688
2018-08-01,641.2711791992188
2018-08-02,630.697998046875
2018-08-03,621.9701538085938
2018-08-06,627.5560302734375
2018-08-07,627.70556640625
2018-08-08,617.0326538085938
2018-08-09,617.5314331054688
2018-08-10,614.8383178710938
2018-08-13,596.8839111328125
2018-08-14,602.1704711914062
2018-08-16,609.052978515625
2018-08-17,608.7537231445312
2018-08-20,617.3818359375
2018-08-21,618.2296752929688
2018-08-23,623.1172485351562
2018-08-24,628.4536743164062
2018-08-27,622.9675903320312
2018-08-28,628.204345703125
2018-08-29,628.4536743164062
2018-08-30,628.1046142578125
2018-08-31,645.0116577148438
2018-09-03,628.3539428710938
2018-09-04,610.5990600585938
2018-09-05,600.4249267578125
2018-09-06,600.574462890625
2018-09-07,611.0977783203125
2018-09-10,594.2904663085938
2018-09-11,582.0216064453125
2018-09-12,589.4028930664062
2018-09-14,588.2557983398438
2018-09-17,573.9920654296875
2018-09-18,567.0596313476562
2018-09-19,561.0748291015625
2018-09-21,545.8135986328125
2018-09-24,534.542236328125
2018-09-25,538.8313598632812
2018-09-26,532.048583984375
2018-09-27,524.5177001953125
2018-09-28,515.2911376953125
2018-10-01,506.862548828125
2018-10-03,505.3663330078125
2018-10-04,485.0180358886719
2018-10-05,471.0534973144531
2018-10-08,480.72894287109375
2018-10-09,450.455810546875
2018-10-10,481.1777648925781
2018-10-11,475.8413391113281
2018-10-12,476.5894165039063
2018-10-15,489.2073974609375
2018-10-16,487.8608093261719
2018-10-17,468.9588012695313
2018-10-19,467.5623779296875
2018-10-22,455.9917602539063
2018-10-23,446.1666870117188
2018-10-24,453.996826171875
2018-10-25,447.8623962402344
2018-10-26,459.18365478515625
2018-10-29,458.78466796875
2018-10-30,460.4803466796875
2018-10-31,466.2157897949219
2018-11-01,464.5699768066406
2018-11-02,476.4897155761719
2018-11-05,478.6342468261719
2018-11-06,469.5074462890625
2018-11-07,472.3501892089844
2018-11-09,468.1608581542969
2018-11-12,460.1811218261719
2018-11-13,497.1871337890625
2018-11-14,499.8802795410156
2018-11-15,508.109375
2018-11-16,516.2387084960938
2018-11-19,521.0764770507812
2018-11-20,523.0714111328125
2018-11-21,524.8169555664062
2018-11-22,520.1288452148438
2018-11-26,524.41796875
2018-11-27,526.2632446289062
2018-11-28,518.2835083007812
2018-11-29,534.0435180664062
2018-11-30,548.0579223632812
2018-12-03,546.7113037109375
2018-12-04,548.90576171875
2018-12-05,541.3748779296875
2018-12-06,541.2252197265625
2018-12-07,541.82373046875
2018-12-10,531.4002075195312
2018-12-11,551.5989379882812
2018-12-12,543.96826171875
2018-12-13,545.4644775390625
2018-12-14,541.474609375
2018-12-17,537.3351440429688
2018-12-18,538.2328491210938
2018-12-19,539.5296020507812
2018-12-20,538.6318359375
2018-12-21,521.4754028320312
2018-12-24,514.1939086914062
2018-12-26,521.1762084960938
2018-12-27,530.1533813476562
2018-12-28,536.6369018554688
2018-12-31,545.0654907226562
2019-01-01,542.2227172851562
2019-01-02,536.8862915039062
2019-01-03,530.9014892578125
2019-01-04,539.330078125
2019-01-07,534.6419677734375
2019-01-08,538.1829833984375
2019-01-09,536.4374389648438
2019-01-10,541.8735961914062
2019-01-11,538.5819702148438
2019-01-14,524.0189208984375
2019-01-15,525.7645263671875
2019-01-16,527.6597290039062
2019-01-17,526.5126342773438
2019-01-18,524.268310546875
2019-01-21,523.3207397460938
2019-01-22,523.7197265625
2019-01-23,524.6672973632812
2019-01-24,521.1263427734375
2019-01-25,515.390869140625
2019-01-28,510.7027893066406
2019-01-29,509.2564392089844
2019-01-30,493.4964904785156
2019-01-31,502.0248107910156
2019-02-01,504.3190002441406
2019-02-04,505.21673583984375
2019-02-05,488.4592895507813
2019-02-06,492.0501708984375
2019-02-07,496.3891296386719
2019-02-08,493.4964904785156
2019-02-11,489.2073974609375
2019-02-12,491.3020629882813
2019-02-14,488.90814208984375
2019-02-15,479.0830993652344
2019-02-18,469.5573120117188
2019-02-19,472.59954833984375
2019-02-20,481.47705078125
2019-02-21,474.39501953125
2019-02-22,480.08056640625
2019-02-25,480.2301940917969
2019-02-26,481.0281677246094
2019-02-27,497.7357177734375
2019-02-28,491.80078125
2019-03-01,493.2969970703125
2019-03-05,499.3316650390625
2019-03-06,508.3088684082031
2019-03-07,509.356201171875
2019-03-08,509.8050842285156
2019-03-11,520.3782348632812
2019-03-12,528.70703125
2019-03-13,526.1635131835938
2019-03-14,531.5997314453125
2019-03-15,532.9961547851562
2019-03-18,528.0587158203125
2019-03-19,530.45263671875
2019-03-20,533.4450073242188
2019-03-22,529.255615234375
2019-03-25,532.1483154296875
2019-03-26,540.0283203125
2019-03-27,541.12548828125
2019-03-28,535.1406860351562
2019-04-01,536.0384521484375
2019-04-02,534.74169921875
2019-04-03,529.4551391601562
2019-04-04,528.0087890625
2019-04-05,528.856689453125
2019-04-08,530.6022338867188
2019-04-09,528.9065551757812
2019-04-10,527.8592529296875
2019-04-11,528.0587158203125
2019-04-12,526.1136474609375
2019-04-15,528.5574340820312
2019-04-16,526.1136474609375
2019-04-18,515.739990234375
2019-04-22,503.2218017578125
2019-04-23,503.8202819824219
2019-04-24,507.36126708984375
2019-04-25,508.5083618164063
2019-04-26,511.2513732910156
2019-04-30,513.0468139648438
2019-05-02,502.3240661621094
2019-05-03,505.91497802734375
2019-05-06,502.8726806640625
2019-05-07,483.0729675292969
2019-05-08,474.8937377929688
2019-05-09,470.10589599609375
2019-05-10,470.0061645507813
2019-05-13,451.3036804199219
2019-05-14,449.8074645996094
2019-05-15,444.421142578125
2019-05-16,439.0348205566406
2019-05-17,448.9097290039063
2019-05-20,482.374755859375
2019-05-21,469.7069091796875
2019-05-22,473.64691162109375
2019-05-23,478.0856323242188
2019-05-24,490.5040893554688
2019-05-27,493.5463562011719
2019-05-28,477.18792724609375
2019-05-29,481.9258728027344
2019-05-30,483.1726989746094
2019-05-31,490.5040893554688
2019-06-03,498.1846008300781
2019-06-04,499.0823059082031
2019-06-06,489.60638427734375
2019-06-07,480.9284057617188
2019-06-10,478.2851257324219
2019-06-11,482.1253967285156
2019-06-12,473.29779052734375
2019-06-13,470.3053894042969
2019-06-14,461.6773376464844
2019-06-17,456.141357421875
2019-06-18,454.0965576171875
2019-06-19,448.2613830566406
2019-06-20,455.7922668457031
2019-06-21,469.6071472167969
2019-06-24,476.53955078125
2019-06-25,483.62158203125
2019-06-26,480.4795837402344
2019-06-27,489.0577697753906
2019-06-28,482.8235778808594
2019-07-01,498.1846008300781
2019-07-02,494.1947326660156
2019-07-03,483.970703125
2019-07-04,481.327392578125
2019-07-05,481.2775268554688
2019-07-08,482.9732360839844
2019-07-09,482.92333984375
2019-07-10,484.2200622558594
2019-07-11,481.676513671875
2019-07-12,480.5294189453125
2019-07-15,482.8235778808594
2019-07-16,475.641845703125
2019-07-17,475.1431274414063
2019-07-18,482.4745178222656
2019-07-19,479.6317138671875
2019-07-22,473.9461364746094
2019-07-23,479.1828308105469
2019-07-24,469.3079223632813
2019-07-25,457.0889587402344
2019-07-26,451.7026672363281
2019-07-29,449.3586120605469
2019-07-30,451.1041870117188
2019-07-31,461.1286926269531
2019-08-01,452.75
2019-08-02,445.9500122070313
2019-08-05,434.6499938964844
2019-08-06,447.1499938964844
2019-08-07,457.2000122070313
2019-08-08,468.75
2019-08-09,469.8999938964844
2019-08-13,454.8500061035156
2019-08-14,450.8500061035156
2019-08-16,454.7000122070313
2019-08-19,450.75
2019-08-20,445.3999938964844
2019-08-21,441.0499877929688
2019-08-22,428.1499938964844
2019-08-23,427.0499877929688
2019-08-26,435.0
2019-08-27,434.9500122070313
2019-08-28,426.5
2019-08-29,422.6499938964844
2019-08-30,420.0499877929688
2019-09-03,404.1000061035156
2019-09-04,400.0
2019-09-05,397.9500122070313
2019-09-06,400.1000061035156
2019-09-09,399.4500122070313
2019-09-11,399.75
2019-09-12,407.7999877929688
2019-09-13,409.1499938964844
2019-09-16,404.9500122070313
2019-09-17,404.1499938964844
2019-09-18,404.3500061035156
2019-09-19,405.3500061035156
2019-09-20,426.5
2019-09-23,424.75
2019-09-24,423.2000122070313
2019-09-25,417.3999938964844
2019-09-26,415.75
2019-09-27,412.4500122070313
2019-09-30,408.3999938964844
2019-10-01,406.9500122070313
2019-10-03,381.9500122070313
2019-10-04,382.0499877929688
2019-10-07,385.6499938964844
2019-10-09,383.7999877929688
2019-10-10,379.8999938964844
2019-10-11,378.8999938964844
2019-10-14,381.6000061035156
2019-10-15,382.7000122070313
2019-10-16,386.1499938964844
2019-10-17,391.0499877929688
2019-10-18,399.7000122070313
2019-10-22,393.25
2019-10-23,399.1499938964844
2019-10-24,403.2999877929688
2019-10-25,402.0
2019-10-27,408.2999877929688
2019-10-29,410.3999938964844
2019-10-30,414.1000061035156
2019-10-31,416.4500122070313
2019-11-01,423.3500061035156
2019-11-04,424.3500061035156
2019-11-05,421.9500122070313
2019-11-06,425.3999938964844
2019-11-07,425.0
2019-11-08,425.25
2019-11-11,431.2999877929688
2019-11-13,430.3999938964844
2019-11-14,438.8999938964844
2019-11-15,444.1000061035156
2019-11-18,441.8500061035156
2019-11-19,444.5499877929688
2019-11-20,445.5
2019-11-21,435.6499938964844
2019-11-22,435.8999938964844
2019-11-25,435.0
2019-11-26,429.25
2019-11-27,435.7000122070313
2019-11-28,435.8500061035156
2019-11-29,437.0
2019-12-02,435.25
2019-12-03,433.2999877929688
2019-12-04,434.75
2019-12-05,435.0499877929688
2019-12-06,433.75
2019-12-09,432.7000122070313
2019-12-10,423.8500061035156
2019-12-11,409.5
2019-12-12,413.9500122070313
2019-12-13,418.6499938964844
2019-12-16,428.0499877929688
2019-12-17,434.5499877929688
2019-12-18,425.1499938964844
2019-12-19,425.4500122070313
2019-12-20,416.7999877929688
2019-12-23,419.1499938964844
2019-12-24,421.7999877929688
2019-12-26,423.6499938964844
2019-12-27,425.1499938964844
2019-12-30,425.3999938964844
2019-12-31,424.5499877929688
2020-01-01,431.6499938964844
2020-01-02,429.25
2020-01-03,434.25
2020-01-06,433.1000061035156
2020-01-07,438.7999877929688
2020-01-08,440.6000061035156
2020-01-09,445.6499938964844
2020-01-10,447.1000061035156
2020-01-13,436.5499877929688
2020-01-14,443.1499938964844
2020-01-15,449.75
2020-01-16,441.75
2020-01-17,437.7999877929688
2020-01-20,433.2999877929688
2020-01-21,437.4500122070313
2020-01-22,436.0
2020-01-23,430.8999938964844
2020-01-24,439.7999877929688
2020-01-27,436.3500061035156
2020-01-28,427.1000061035156
2020-01-29,430.2999877929688
2020-01-30,425.5
2020-01-31,414.3500061035156
2020-02-03,400.1499938964844
2020-02-04,405.6000061035156
2020-02-05,415.1000061035156
2020-02-06,425.4500122070313
2020-02-07,431.8999938964844
2020-02-10,425.8500061035156
2020-02-11,441.8999938964844
2020-02-12,429.5499877929688
2020-02-13,435.25
2020-02-14,410.25
2020-02-17,409.8500061035156
2020-02-18,417.5499877929688
2020-02-19,414.4500122070313
2020-02-20,420.0
2020-02-24,419.8500061035156
2020-02-25,417.75
2020-02-26,410.6499938964844
2020-02-27,410.8500061035156
2020-02-28,392.0499877929688
2020-03-02,397.7999877929688
2020-03-03,414.9500122070313
2020-03-04,423.0
2020-03-05,425.4500122070313
2020-03-06,411.8999938964844
2020-03-09,397.7999877929688
2020-03-11,378.2999877929688
2020-03-12,353.1000061035156
2020-03-13,366.8999938964844
2020-03-16,335.1000061035156
2020-03-17,324.1499938964844
2020-03-18,324.29998779296875
2020-03-19,316.45001220703125
2020-03-20,315.29998779296875
2020-03-23,289.54998779296875
2020-03-24,290.3999938964844
2020-03-25,289.45001220703125
2020-03-26,294.6000061035156
2020-03-27,284.29998779296875
2020-03-30,285.04998779296875
2020-03-31,283.1499938964844
2020-04-01,278.25
2020-04-03,278.6499938964844
2020-04-07,281.3999938964844
2020-04-08,278.3999938964844
2020-04-09,279.1000061035156
2020-04-13,275.8999938964844
2020-04-15,273.1000061035156
2020-04-16,274.3999938964844
2020-04-17,278.45001220703125
2020-04-20,277.8999938964844
2020-04-21,271.04998779296875
2020-04-22,265.0
2020-04-23,266.29998779296875
2020-04-24,263.5
2020-04-27,258.79998779296875
2020-04-28,259.75
2020-04-29,261.6499938964844
2020-04-30,264.54998779296875
2020-05-04,252.1499938964844
2020-05-05,242.25
2020-05-06,235.4499969482422
2020-05-07,242.3000030517578
2020-05-08,248.75
2020-05-11,255.0500030517578
2020-05-12,252.8999938964844
2020-05-13,257.79998779296875
2020-05-14,264.6499938964844
2020-05-15,258.45001220703125
2020-05-18,246.5
2020-05-19,253.6499938964844
2020-05-20,251.4499969482422
2020-05-21,255.1999969482422
2020-05-22,256.1499938964844
2020-05-26,287.8999938964844
2020-05-27,310.1499938964844
2020-05-28,313.0
2020-05-29,318.6499938964844
2020-06-01,325.70001220703125
2020-06-02,327.54998779296875
2020-06-03,351.75
2020-06-04,357.5
2020-06-05,366.3500061035156
2020-06-08,380.6000061035156
2020-06-09,385.7000122070313
2020-06-10,388.0
2020-06-11,385.3999938964844
2020-06-12,377.5
2020-06-15,379.8500061035156
2020-06-16,377.8500061035156
2020-06-17,377.0499877929688
2020-06-18,377.75
2020-06-19,382.0499877929688
2020-06-22,399.6000061035156
2020-06-23,411.5499877929688
2020-06-24,412.1499938964844
2020-06-25,416.25
2020-06-26,421.4500122070313
2020-06-29,417.1000061035156
2020-06-30,417.5
2020-07-01,405.7999877929688
2020-07-02,400.6000061035156
2020-07-03,393.75
2020-07-06,393.25
2020-07-07,396.7999877929688
2020-07-08,394.9500122070313
2020-07-09,386.0
2020-07-10,378.4500122070313
2020-07-13,364.6499938964844
2020-07-14,360.1000061035156
2020-07-15,351.45001220703125
2020-07-16,351.0
2020-07-17,351.6000061035156
2020-07-20,350.6499938964844
2020-07-21,357.75
2020-07-22,354.75
2020-07-23,361.3500061035156
2020-07-24,365.3999938964844
2020-07-27,357.20001220703125
2020-07-28,356.8500061035156
2020-07-29,357.29998779296875
2020-07-30,352.95001220703125
2020-07-31,354.5
2020-08-03,357.95001220703125
2020-08-04,354.1000061035156
2020-08-05,355.6499938964844
2020-08-06,357.3500061035156
2020-08-07,366.8500061035156
2020-08-10,385.9500122070313
2020-08-11,382.7000122070313
2020-08-12,388.7000122070313
2020-08-13,382.2999877929688
2020-08-14,372.75
2020-08-17,384.3500061035156
2020-08-18,400.0499877929688
2020-08-19,408.0499877929688
2020-08-20,414.7999877929688
2020-08-21,412.4500122070313
2020-08-24,412.25
2020-08-25,418.7999877929688
2020-08-26,432.1499938964844
2020-08-27,435.0499877929688
2020-08-28,448.5
2020-08-31,439.4500122070313
2020-09-01,451.5499877929688
2020-09-02,465.2999877929688
2020-09-03,450.7000122070313
2020-09-04,441.5
2020-09-07,426.8500061035156
2020-09-08,412.75
2020-09-09,408.5499877929688
2020-09-10,411.4500122070313
2020-09-11,407.5499877929688
2020-09-14,419.6000061035156
2020-09-15,416.5
2020-09-16,411.6499938964844
2020-09-17,410.1499938964844
2020-09-18,409.2999877929688
2020-09-21,397.7999877929688
2020-09-22,401.1000061035156
2020-09-23,401.1000061035156
2020-09-24,403.9500122070313
2020-09-25,401.0499877929688
2020-09-28,412.8999938964844
2020-09-29,408.6000061035156
2020-09-30,411.4500122070313
2020-10-01,409.5
2020-10-05,401.5
2020-10-06,402.0
2020-10-07,395.9500122070313
2020-10-08,395.5
2020-10-09,395.6000061035156
2020-10-12,390.0
2020-10-13,387.7999877929688
2020-10-14,379.0499877929688
2020-10-15,383.5499877929688
2020-10-16,376.2000122070313
2020-10-19,375.8999938964844
2020-10-20,373.1499938964844
2020-10-21,387.3999938964844
2020-10-22,385.6000061035156
2020-10-23,382.1499938964844
2020-10-26,377.3500061035156
2020-10-27,376.75
2020-10-28,372.6499938964844
2020-10-29,367.7000122070313
2020-10-30,366.1000061035156
2020-11-02,358.1000061035156
2020-11-03,354.29998779296875
2020-11-04,361.0499877929688
2020-11-05,369.5499877929688
2020-11-06,380.6499938964844
2020-11-09,381.9500122070313
2020-11-10,376.8999938964844
2020-11-11,381.7999877929688
2020-11-12,380.3500061035156
2020-11-13,382.3999938964844
2020-11-14,389.9500122070313
2020-11-17,395.2000122070313
2020-11-18,406.9500122070313
2020-11-19,418.1000061035156
2020-11-20,420.3500061035156
2020-11-23,419.6499938964844
2020-11-24,415.0499877929688
2020-11-25,410.3500061035156
2020-11-26,403.25
2020-11-27,405.7000122070313
2020-12-01,408.1499938964844
2020-12-02,409.5
2020-12-03,420.8999938964844
2020-12-04,427.1499938964844
2020-12-07,434.25
2020-12-08,438.1000061035156
2020-12-09,442.1499938964844
2020-12-10,443.9500122070313
2020-12-11,452.6499938964844
2020-12-14,451.9500122070313
2020-12-15,457.5499877929688
2020-12-16,474.6499938964844
2020-12-17,467.7999877929688
2020-12-18,447.8999938964844
2020-12-21,421.1499938964844
2020-12-22,429.75
2020-12-23,431.4500122070313
2020-12-24,434.5499877929688
2020-12-28,443.8500061035156
2020-12-29,431.1000061035156
2020-12-30,423.75
2020-12-31,422.2000122070313
2021-01-01,428.8999938964844
2021-01-04,425.75
2021-01-05,422.5
2021-01-06,422.75
2021-01-07,426.8999938964844
2021-01-08,431.2999877929688
2021-01-11,432.7999877929688
2021-01-12,434.5499877929688
2021-01-13,435.6000061035156
2021-01-14,437.1499938964844
2021-01-15,430.7000122070313
2021-01-18,419.1499938964844
2021-01-19,417.2999877929688
2021-01-20,424.2000122070313
2021-01-21,430.8500061035156
2021-01-22,440.1000061035156
2021-01-25,437.7999877929688
2021-01-27,432.0499877929688
2021-01-28,431.75
2021-01-29,437.6499938964844
2021-02-01,444.25
2021-02-02,444.3500061035156
2021-02-03,454.75
2021-02-04,459.5499877929688
2021-02-05,463.8999938964844
2021-02-08,458.75
2021-02-09,452.7999877929688
2021-02-10,449.9500122070313
2021-02-11,449.1499938964844
2021-02-12,450.25
2021-02-15,447.9500122070313
2021-02-16,446.25
2021-02-17,444.5
2021-02-18,439.0499877929688
2021-02-19,448.0
2021-02-22,432.0499877929688
2021-02-23,447.7999877929688
2021-02-24,444.5
2021-02-25,445.1499938964844
2021-02-26,446.4500122070313
2021-03-01,451.9500122070313
2021-03-02,457.9500122070313
2021-03-03,463.1000061035156
2021-03-04,466.1499938964844
2021-03-05,466.6000061035156
2021-03-08,474.6499938964844
2021-03-09,478.25
2021-03-10,493.25
2021-03-12,486.6000061035156
2021-03-15,503.25
2021-03-16,507.1000061035156
2021-03-17,506.6000061035156
2021-03-18,508.1499938964844
2021-03-19,517.0999755859375
2021-03-22,521.25
2021-03-23,520.2999877929688
2021-03-24,525.0
2021-03-25,525.0
2021-03-26,530.75
2021-03-30,545.7999877929688
2021-03-31,545.75
2021-04-01,539.5
2021-04-05,540.7999877929688
2021-04-06,534.3499755859375
2021-04-07,540.0999755859375
2021-04-08,541.5499877929688
2021-04-09,540.4000244140625
2021-04-12,510.0
2021-04-13,516.0
2021-04-15,509.2000122070313
2021-04-16,537.9500122070312
2021-04-19,524.0999755859375
2021-04-20,515.9000244140625
2021-04-22,517.0
2021-04-23,512.3499755859375
2021-04-26,509.0499877929688
2021-04-27,515.7999877929688
2021-04-28,514.2999877929688
2021-04-29,514.7000122070312
2021-04-30,509.9500122070313
2021-05-03,505.6499938964844
2021-05-04,502.5
2021-05-05,508.3500061035156
2021-05-06,507.0
2021-05-07,510.7000122070313
2021-05-10,509.25
2021-05-11,509.6499938964844
2021-05-12,557.0999755859375
2021-05-14,523.7000122070312
2021-05-17,542.4000244140625
2021-05-18,535.8499755859375
2021-05-19,561.4000244140625
2021-05-20,560.7000122070312
2021-05-21,563.5999755859375
2021-05-24,569.25
2021-05-25,553.75
2021-05-26,552.7999877929688
2021-05-27,529.3499755859375
2021-05-28,528.0999755859375
2021-05-31,524.0
2021-06-01,527.4000244140625
2021-06-02,526.2999877929688
2021-06-03,527.0999755859375
2021-06-04,525.9000244140625
2021-06-07,533.8499755859375
2021-06-08,541.9000244140625
2021-06-09,543.7000122070312
2021-06-10,552.75
2021-06-11,553.4000244140625
2021-06-14,551.8499755859375
2021-06-15,548.5999755859375
2021-06-16,538.7999877929688
2021-06-17,533.75
2021-06-18,537.6500244140625
2021-06-21,537.25
2021-06-22,536.8499755859375
2021-06-23,576.6500244140625
2021-06-24,561.0499877929688
2021-06-25,570.6500244140625
2021-06-28,580.0
2021-06-29,583.5999755859375
2021-06-30,571.3499755859375
2021-07-01,570.6500244140625
2021-07-02,574.9000244140625
2021-07-05,573.1500244140625
2021-07-06,563.0
2021-07-07,554.7999877929688
2021-07-08,549.5499877929688
2021-07-09,544.5499877929688
2021-07-12,561.8499755859375
2021-07-13,554.5999755859375
2021-07-14,556.9500122070312
2021-07-15,557.75
2021-07-16,555.5
2021-07-19,553.0999755859375
2021-07-20,554.8499755859375
2021-07-22,554.4500122070312
2021-07-23,547.2000122070312
2021-07-26,547.7000122070312
2021-07-27,545.6500244140625
2021-07-28,545.25
2021-07-29,542.9500122070312
2021-07-30,546.0499877929688
2021-08-02,547.7999877929688
2021-08-03,577.0
2021-08-04,601.1500244140625
2021-08-05,598.5499877929688
2021-08-06,590.7000122070312
2021-08-09,584.2999877929688
2021-08-10,581.0499877929688
2021-08-11,565.5
2021-08-12,566.1500244140625
2021-08-13,562.4000244140625
2021-08-16,571.1500244140625
2021-08-17,568.3499755859375
2021-08-18,567.0999755859375
2021-08-20,554.3499755859375
2021-08-23,550.5499877929688
2021-08-24,544.5999755859375
2021-08-25,543.0
2021-08-26,552.0499877929688
2021-08-27,551.1500244140625
2021-08-30,559.7999877929688
2021-08-31,558.7999877929688
2021-09-01,559.25
2021-09-02,560.9000244140625
2021-09-03,571.2999877929688
2021-09-06,574.5499877929688
2021-09-07,565.4500122070312
2021-09-08,562.2000122070312
2021-09-09,559.75
2021-09-13,553.7000122070312
2021-09-14,551.2000122070312
2021-09-15,553.7999877929688
2021-09-16,554.9500122070312
2021-09-17,546.7999877929688
2021-09-20,555.0
2021-09-21,554.8499755859375
2021-09-22,567.2999877929688
2021-09-23,588.7999877929688
2021-09-24,577.8499755859375
2021-09-27,577.4500122070312
2021-09-28,566.4000244140625
2021-09-29,574.0
2021-09-30,579.1500244140625
2021-10-01,564.8499755859375
2021-10-04,565.6500244140625
2021-10-05,565.0499877929688
2021-10-06,567.5999755859375
2021-10-07,576.0499877929688
2021-10-08,588.2999877929688
2021-10-11,578.4000244140625
2021-10-12,578.2000122070312
2021-10-13,577.8499755859375
2021-10-14,569.3499755859375
2021-10-18,578.0999755859375
2021-10-19,566.4000244140625
2021-10-20,570.4000244140625
2021-10-21,575.5999755859375
2021-10-22,578.7999877929688
2021-10-25,576.5
2021-10-26,575.4500122070312
2021-10-27,575.7000122070312
2021-10-28,565.4000244140625
2021-10-29,580.5
2021-11-01,581.9500122070312
2021-11-02,604.0999755859375
2021-11-03,605.8499755859375
2021-11-04,608.3499755859375
2021-11-08,602.4000244140625
2021-11-09,643.5
2021-11-10,632.5499877929688
2021-11-11,632.75
2021-11-12,630.1500244140625
2021-11-15,609.0499877929688
2021-11-16,610.9000244140625
2021-11-17,593.3499755859375
2021-11-18,602.2999877929688
2021-11-22,609.5999755859375
2021-11-23,618.0999755859375
2021-11-24,619.25
2021-11-25,618.1500244140625
2021-11-26,577.0
2021-11-29,591.7000122070312
2021-11-30,569.2999877929688
2021-12-01,571.6500244140625
2021-12-02,577.8499755859375
2021-12-03,574.3499755859375
2021-12-06,566.2000122070312
2021-12-07,572.5499877929688
2021-12-08,578.9500122070312
2021-12-09,573.4000244140625
2021-12-10,596.4000244140625
2021-12-13,584.0
2021-12-14,583.8499755859375
2021-12-15,581.2999877929688
2021-12-16,604.5999755859375
2021-12-17,600.5999755859375
2021-12-20,590.7000122070312
2021-12-21,618.5
2021-12-22,624.5499877929688
2021-12-23,620.8499755859375
2021-12-24,630.1500244140625
2021-12-27,642.5499877929688
2021-12-28,640.5999755859375
2021-12-29,640.75
2021-12-30,630.4000244140625
2021-12-31,628.2999877929688
2022-01-03,631.2999877929688
2022-01-04,627.7999877929688
2022-01-05,621.2999877929688
2022-01-06,628.25
2022-01-07,642.4000244140625
2022-01-10,636.5499877929688
2022-01-11,631.25
2022-01-12,644.5
2022-01-13,638.5999755859375
2022-01-14,631.0999755859375
2022-01-17,634.9000244140625
2022-01-18,624.6500244140625
2022-01-19,624.7000122070312
2022-01-20,625.9500122070312
2022-01-21,618.0499877929688
2022-01-24,604.25
2022-01-25,618.7999877929688
2022-01-27,622.0999755859375
2022-01-28,620.4500122070312
2022-01-31,612.4500122070312
2022-02-01,618.3499755859375
2022-02-02,615.5
2022-02-03,608.25
2022-02-04,599.9000244140625
2022-02-07,591.0499877929688
2022-02-08,585.9500122070312
2022-02-09,579.7999877929688
2022-02-10,582.9000244140625
2022-02-11,571.0499877929688
2022-02-14,540.2000122070312
2022-02-15,550.5
2022-02-16,547.7999877929688
2022-02-17,543.2999877929688
2022-02-18,525.5
2022-02-21,515.5
2022-02-22,505.0
2022-02-23,501.2000122070313
2022-02-24,509.7000122070313
2022-02-25,532.9000244140625
2022-02-28,519.3499755859375
2022-03-02,514.2999877929688
2022-03-03,514.25
2022-03-04,499.1000061035156
2022-03-07,492.3999938964844
2022-03-08,495.8999938964844
2022-03-09,502.6499938964844
2022-03-10,510.75
2022-03-11,500.1499938964844
2022-03-14,504.6499938964844
2022-03-15,496.25
2022-03-16,489.1499938964844
2022-03-17,497.7999877929688
2022-03-21,489.8999938964844
2022-03-22,487.7999877929688
2022-03-23,479.0
2022-03-24,479.2000122070313
2022-03-25,474.6499938964844
2022-03-28,461.3999938964844
2022-03-29,453.1499938964844
2022-03-30,457.6000061035156
2022-03-31,464.0
2022-04-01,470.0
2022-04-04,475.0
2022-04-05,492.0499877929688
2022-04-06,498.1000061035156
2022-04-07,492.0
2022-04-08,488.1499938964844
2022-04-11,497.0499877929688
2022-04-12,499.3999938964844
2022-04-13,499.2999877929688
2022-04-18,493.0499877929688
2022-04-19,488.5499877929688
2022-04-20,493.0499877929688
2022-04-21,502.1000061035156
2022-04-22,495.8999938964844
2022-04-25,481.8500061035156
2022-04-26,487.7000122070313
2022-04-27,487.2999877929688
2022-04-28,496.0
2022-04-29,492.2999877929688
2022-05-02,486.6499938964844
2022-05-04,482.2999877929688
2022-05-05,471.0
2022-05-06,467.4500122070313
2022-05-09,475.6499938964844
2022-05-10,468.2000122070313
2022-05-11,456.1499938964844
2022-05-12,438.8999938964844
2022-05-13,453.4500122070313
2022-05-16,450.9500122070313
2022-05-17,458.2999877929688
2022-05-18,457.5
2022-05-19,449.3500061035156
2022-05-20,449.7999877929688
2022-05-23,447.9500122070313
2022-05-24,448.7000122070313
2022-05-25,433.6499938964844
2022-05-26,439.1000061035156
2022-05-27,484.7000122070313
2022-05-30,484.2999877929688
2022-05-31,478.2999877929688
2022-06-01,474.25
2022-06-02,481.5
2022-06-03,478.3500061035156
2022-06-06,481.1000061035156
2022-06-07,473.7999877929688
2022-06-08,471.7000122070313
2022-06-09,472.75
2022-06-10,466.6499938964844
2022-06-13,451.6499938964844
2022-06-14,452.6499938964844
2022-06-15,449.25
2022-06-16,438.9500122070313
2022-06-17,423.8500061035156
2022-06-20,407.75
2022-06-21,420.1499938964844
2022-06-22,418.5
2022-06-23,425.1000061035156
2022-06-24,425.6499938964844
2022-06-27,428.9500122070313
2022-06-28,425.8500061035156
2022-06-29,438.1499938964844
2022-06-30,433.8500061035156
2022-07-01,425.2999877929688
2022-07-04,420.3500061035156
2022-07-05,418.3999938964844
2022-07-06,418.2000122070313
2022-07-07,419.25
2022-07-08,426.0
2022-07-11,434.0499877929688
2022-07-12,444.1499938964844
2022-07-13,438.9500122070313
2022-07-14,441.1000061035156
2022-07-15,442.3999938964844
2022-07-18,449.1499938964844
2022-07-19,452.7000122070313
2022-07-20,459.0499877929688
2022-07-21,462.7999877929688
2022-07-22,461.0499877929688
2022-07-25,457.1499938964844
2022-07-26,447.1000061035156
2022-07-27,448.9500122070313
2022-07-28,446.3500061035156
2022-07-29,444.4500122070313
2022-08-01,443.5
2022-08-02,443.75
2022-08-03,444.6499938964844
2022-08-04,448.1000061035156
2022-08-05,453.1499938964844
2022-08-08,453.8999938964844
2022-08-10,458.5499877929688
2022-08-11,462.2000122070313
2022-08-12,467.1499938964844
2022-08-16,483.75
2022-08-17,482.1499938964844
2022-08-18,482.6000061035156
2022-08-19,472.4500122070313
2022-08-22,464.1499938964844
2022-08-23,477.3999938964844
2022-08-24,481.3999938964844
2022-08-25,478.8999938964844
2022-08-26,481.1499938964844
2022-08-29,474.25
2022-08-30,479.5499877929688
2022-09-01,475.0
2022-09-02,471.75
2022-09-05,469.1000061035156
2022-09-06,466.1000061035156
2022-09-07,463.5
2022-09-08,467.1499938964844
2022-09-09,486.7999877929688
2022-09-12,483.3999938964844
2022-09-13,479.3999938964844
2022-09-14,478.1000061035156
2022-09-15,476.5
2022-09-16,459.25
2022-09-19,463.3999938964844
2022-09-20,467.1499938964844
2022-09-21,462.1000061035156
2022-09-22,459.9500122070313
2022-09-23,457.8500061035156
2022-09-26,443.5499877929688
2022-09-27,437.6499938964844
2022-09-28,438.1499938964844
2022-09-29,441.8999938964844
2022-09-30,439.0
2022-10-03,431.25
2022-10-04,435.5499877929688
2022-10-06,430.3999938964844
2022-10-07,430.6000061035156
2022-10-10,430.0499877929688
2022-10-11,427.75
2022-10-12,432.8500061035156
2022-10-13,430.2999877929688
2022-10-14,425.1000061035156
2022-10-17,425.2000122070313
2022-10-18,430.8999938964844
2022-10-19,427.9500122070313
2022-10-20,430.3500061035156
2022-10-21,427.6499938964844
2022-10-24,434.2000122070313
2022-10-25,431.7999877929688
2022-10-27,429.6499938964844
2022-10-28,428.2999877929688
2022-10-31,429.3500061035156
2022-11-01,424.9500122070313
2022-11-02,424.7999877929688
2022-11-03,422.8999938964844
2022-11-04,423.4500122070313
2022-11-07,422.5
2022-11-09,420.1499938964844
2022-11-10,414.6499938964844
2022-11-11,413.1000061035156
2022-11-14,406.1499938964844
2022-11-15,413.6499938964844
2022-11-16,411.3999938964844
2022-11-17,407.3500061035156
2022-11-18,407.8999938964844
2022-11-21,407.8999938964844
2022-11-22,408.1000061035156
2022-11-23,405.3500061035156
2022-11-24,420.25
2022-11-25,429.6000061035156
2022-11-28,447.8500061035156
2022-11-29,454.5499877929688
2022-11-30,462.4500122070313
2022-12-01,457.8500061035156
2022-12-02,457.6000061035156
2022-12-05,464.6499938964844
2022-12-06,464.6000061035156
2022-12-07,480.2999877929688
2022-12-08,481.2999877929688
2022-12-09,487.25
2022-12-12,470.25
2022-12-13,474.1000061035156
2022-12-14,466.5
2022-12-15,460.4500122070313
2022-12-16,463.1499938964844
2022-12-19,458.75
2022-12-20,455.5499877929688
2022-12-21,442.7999877929688
2022-12-22,435.8999938964844
2022-12-23,424.5499877929688
2022-12-26,434.25
2022-12-27,436.8999938964844
2022-12-28,435.0
2022-12-29,430.1499938964844
2022-12-30,429.8999938964844
2023-01-02,435.0499877929688
2023-01-03,438.1000061035156
2023-01-04,430.7999877929688
2023-01-05,430.1000061035156
2023-01-06,451.2999877929688
2023-01-09,454.0
2023-01-10,452.6000061035156
2023-01-11,445.25
2023-01-12,448.75
2023-01-13,446.2000122070313
2023-01-16,443.7999877929688
2023-01-17,447.8999938964844
2023-01-18,442.1499938964844
2023-01-19,442.5
2023-01-20,436.5499877929688
2023-01-23,436.3500061035156
2023-01-24,431.6499938964844
2023-01-25,424.2000122070313
2023-01-27,422.2000122070313
2023-01-30,420.8500061035156
2023-01-31,429.6000061035156
2023-02-01,426.3999938964844
2023-02-02,428.9500122070313
2023-02-03,431.5499877929688
2023-02-06,431.5
2023-02-07,437.4500122070313
2023-02-08,433.0499877929688
2023-02-09,429.7999877929688
2023-02-10,427.1000061035156
2023-02-13,428.5499877929688
2023-02-14,423.5
2023-02-15,424.0
2023-02-16,424.1000061035156
2023-02-17,420.3999938964844
2023-02-20,414.2000122070313
2023-02-21,419.0
2023-02-22,417.1499938964844
2023-02-23,420.1000061035156
2023-02-24,419.2999877929688
2023-02-27,420.7999877929688
2023-02-28,419.25
2023-03-01,418.5
2023-03-02,419.1000061035156
2023-03-03,420.6000061035156
2023-03-06,437.2000122070313
2023-03-08,435.5
2023-03-09,424.2999877929688
2023-03-10,421.75
2023-03-13,417.4500122070313
2023-03-14,410.7999877929688
2023-03-15,407.0
2023-03-16,408.25
2023-03-17,401.2999877929688
2023-03-20,403.5499877929688
2023-03-21,412.25
2023-03-22,416.0
2023-03-23,407.1000061035156
2023-03-24,408.75
2023-03-27,402.75
2023-03-28,397.2999877929688
2023-03-29,402.0
2023-03-31,403.8500061035156
2023-04-03,413.2999877929688
2023-04-05,414.6499938964844
2023-04-06,423.9500122070313
2023-04-10,442.3500061035156
2023-04-11,435.6499938964844
2023-04-12,438.5
2023-04-13,443.1000061035156
2023-04-17,440.5
2023-04-18,440.5
2023-04-19,442.0
2023-04-20,438.2999877929688
2023-04-21,436.2999877929688
2023-04-24,435.5499877929688
2023-04-25,444.8999938964844
2023-04-26,448.6000061035156
2023-04-27,444.7000122070313
2023-04-28,450.2000122070313
2023-05-02,452.5499877929688
2023-05-03,449.75
2023-05-04,446.5499877929688
2023-05-05,443.2000122070313
2023-05-08,445.9500122070313
2023-05-09,444.2000122070313
2023-05-10,466.2000122070313
2023-05-11,475.7000122070313
2023-05-12,471.8999938964844
2023-05-15,475.7000122070313
2023-05-16,468.8500061035156
2023-05-17,468.25
2023-05-18,459.7000122070313
2023-05-19,469.9500122070313
2023-05-22,474.75
2023-05-23,470.1499938964844
2023-05-24,464.8500061035156
2023-05-25,467.5499877929688
2023-05-26,485.2000122070313
2023-05-29,475.6000061035156
2023-05-30,476.3999938964844
2023-05-31,479.7999877929688
2023-06-01,481.25
2023-06-02,481.25
2023-06-05,474.0499877929688
2023-06-06,470.1000061035156
2023-06-07,473.5499877929688
2023-06-08,471.25
2023-06-09,465.0499877929688
2023-06-12,472.2999877929688
2023-06-13,481.2000122070313
2023-06-14,484.7999877929688
2023-06-15,508.6000061035156
2023-06-16,497.6499938964844
2023-06-19,503.9500122070313
2023-06-20,503.6499938964844
2023-06-21,500.1499938964844
2023-06-22,498.1499938964844
2023-06-23,481.5499877929688
2023-06-26,479.7999877929688
2023-06-27,501.5499877929688
2023-06-28,502.5499877929688
2023-06-30,517.8499755859375
2023-07-03,506.4500122070313
2023-07-04,508.75
2023-07-05,514.5999755859375
2023-07-06,506.75
2023-07-07,499.0499877929688
2023-07-10,488.4500122070313
2023-07-11,496.25
2023-07-12,497.25
2023-07-13,489.6499938964844
2023-07-14,489.2000122070313
2023-07-17,489.4500122070313
2023-07-18,485.6499938964844
2023-07-19,480.9500122070313
2023-07-20,476.7000122070313
2023-07-21,478.7000122070313
2023-07-24,481.25
2023-07-25,474.3999938964844
2023-07-26,476.4500122070313
2023-07-27,475.7000122070313
2023-07-28,475.1499938964844
2023-07-31,476.8999938964844
2023-08-01,478.4500122070313
2023-08-02,476.5
2023-08-03,472.8999938964844
2023-08-04,475.5
2023-08-07,471.1499938964844
2023-08-08,486.0499877929688
2023-08-09,499.8999938964844
2023-08-10,493.3500061035156
2023-08-11,500.0
2023-08-14,495.5499877929688
2023-08-16,504.25
2023-08-17,507.7999877929688
2023-08-18,495.6000061035156
2023-08-21,492.5499877929688
2023-08-22,494.9500122070313
2023-08-23,531.0
2023-08-24,535.3499755859375
2023-08-25,536.0999755859375
2023-08-28,527.0499877929688
2023-08-29,523.7000122070312
2023-08-30,522.9000244140625
2023-08-31,537.5999755859375
2023-09-01,536.9500122070312
2023-09-04,544.5999755859375
2023-09-05,542.2999877929688
2023-09-06,544.5499877929688
2023-09-07,554.75
2023-09-08,584.25
2023-09-11,572.7000122070312
2023-09-12,553.1500244140625
2023-09-13,570.7999877929688
2023-09-14,580.4000244140625
2023-09-15,574.9500122070312
2023-09-18,575.4500122070312
2023-09-20,558.7999877929688
2023-09-21,562.7000122070312
2023-09-22,561.5
2023-09-25,555.0999755859375
2023-09-26,559.75
2023-09-27,553.75
2023-09-28,560.9500122070312
2023-09-29,569.6500244140625
2023-10-03,589.9500122070312
2023-10-04,583.2000122070312
2023-10-05,601.0499877929688
2023-10-06,719.0999755859375
2023-10-09,678.25
2023-10-10,677.0
2023-10-11,669.0999755859375
2023-10-12,676.5499877929688
2023-10-13,683.9000244140625
2023-10-16,669.2000122070312
2023-10-17,658.9000244140625
2023-10-18,662.0
2023-10-19,663.4500122070312
2023-10-20,653.7000122070312
2023-10-23,617.75
2023-10-25,621.75
2023-10-26,618.0999755859375
2023-10-27,633.25
2023-10-30,621.2000122070312
2023-10-31,628.75
2023-11-01,628.8499755859375
2023-11-02,632.0499877929688
2023-11-03,652.25
2023-11-06,673.9000244140625
2023-11-07,658.0
2023-11-08,658.5499877929688
2023-11-09,667.7000122070312
2023-11-10,668.25
2023-11-13,669.1500244140625
2023-11-15,670.1500244140625
2023-11-16,665.7000122070312
2023-11-17,656.0
2023-11-20,668.5499877929688
2023-11-21,657.5499877929688
2023-11-22,667.7999877929688
2023-11-23,663.5999755859375
2023-11-24,660.0
2023-11-28,669.6500244140625
2023-11-29,657.75
2023-11-30,648.0499877929688
2023-12-01,647.6500244140625
2023-12-04,647.6500244140625
2023-12-05,644.0499877929688
2023-12-06,653.9000244140625
2023-12-07,667.9500122070312
2023-12-08,668.1500244140625
2023-12-11,667.0499877929688
2023-12-12,663.2000122070312
2023-12-13,660.0499877929688
2023-12-14,672.0
2023-12-15,681.0499877929688
2023-12-18,680.9000244140625
2023-12-19,692.4500122070312
2023-12-20,681.75
2023-12-21,681.5
2023-12-22,692.25
2023-12-26,706.4500122070312
2023-12-27,706.2999877929688
2023-12-28,705.0
2023-12-29,744.4500122070312
2024-01-01,779.9000244140625
2024-01-02,802.7000122070312
2024-01-03,794.0
2024-01-04,823.2000122070312
2024-01-05,841.1500244140625
2024-01-08,878.5999755859375
2024-01-09,848.0
2024-01-10,838.0
2024-01-11,844.25
2024-01-12,831.6500244140625
2024-01-15,832.0
2024-01-16,845.9000244140625
2024-01-17,814.0
2024-01-18,815.5499877929688
2024-01-19,817.7999877929688
2024-01-23,825.6500244140625
2024-01-24,828.4000244140625
2024-01-25,845.5
2024-01-29,867.0999755859375
2024-01-30,879.6500244140625
2024-01-31,899.9000244140625
2024-02-01,882.5999755859375
2024-02-02,873.7999877929688
2024-02-05,878.5499877929688
2024-02-06,878.0
2024-02-07,858.5499877929688
2024-02-08,850.0499877929688
2024-02-09,831.4500122070312
2024-02-12,797.4000244140625
2024-02-13,815.4000244140625
2024-02-14,800.9000244140625
2024-02-15,814.4500122070312
2024-02-16,806.6500244140625
2024-02-19,805.5499877929688
2024-02-20,810.5999755859375
2024-02-21,801.0499877929688
2024-02-22,804.5
2024-02-23,803.5499877929688
2024-02-26,810.2999877929688
2024-02-27,815.4000244140625
2024-02-28,805.1500244140625
2024-02-29,801.0
2024-03-01,809.9000244140625
2024-03-04,804.3499755859375
2024-03-05,800.0
2024-03-06,796.9000244140625
2024-03-07,817.25
2024-03-11,811.8499755859375
2024-03-12,790.8499755859375
2024-03-13,758.6500244140625
2024-03-14,753.0499877929688
2024-03-15,759.6500244140625
2024-03-18,742.25
2024-03-19,739.6500244140625
2024-03-20,738.75
2024-03-21,755.5999755859375
2024-03-22,755.7999877929688
2024-03-26,759.2000122070312
2024-03-27,772.5
2024-03-28,782.4500122070312
2024-04-01,790.3499755859375
2024-04-02,792.7999877929688
2024-04-03,798.9500122070312
2024-04-04,803.3499755859375
2024-04-05,814.3499755859375
2024-04-08,857.2999877929688
2024-04-09,871.4500122070312
2024-04-10,851.0
2024-04-12,838.2999877929688
2024-04-15,839.3499755859375
2024-04-16,840.0
2024-04-18,837.2000122070312
2024-04-19,829.6500244140625
2024-04-22,843.5999755859375
2024-04-23,855.5499877929688
2024-04-24,849.7999877929688
2024-04-25,860.5
2024-04-26,871.0
2024-04-29,909.0
2024-04-30,960.5999755859376
2024-05-02,894.1500244140625
2024-05-03,868.75
2024-05-06,885.2999877929688
2024-05-07,878.3499755859375
2024-05-08,864.0499877929688
2024-05-09,838.5999755859375
2024-05-10,822.5999755859375
2024-05-13,825.75
2024-05-14,802.75
2024-05-15,799.5
2024-05-16,797.2000122070312
2024-05-17,798.0499877929688
2024-05-21,820.8499755859375
2024-05-22,834.5499877929688
2024-05-23,848.9000244140625
2024-05-24,823.7000122070312
2024-05-27,846.7000122070312
2024-05-28,835.5499877929688
2024-05-29,836.3499755859375
2024-05-30,801.9500122070312
2024-05-31,786.75
2024-06-03,790.6500244140625
2024-06-04,793.1500244140625
2024-06-05,792.5499877929688
2024-06-06,804.4000244140625
2024-06-07,814.5999755859375
2024-06-10,805.7999877929688
2024-06-11,800.0999755859375
2024-06-12,800.1500244140625
2024-06-13,834.4500122070312
2024-06-14,825.8499755859375
2024-06-18,819.7999877929688
2024-06-19,815.5499877929688
2024-06-20,821.7999877929688
2024-06-21,799.3499755859375
2024-06-24,832.25
2024-06-25,842.8499755859375
2024-06-26,846.4000244140625
2024-06-27,845.1500244140625
2024-06-28,855.9000244140625
2024-07-01,886.1500244140625
2024-07-02,897.8499755859375
2024-07-03,897.2000122070312
2024-07-04,889.2000122070312
2024-07-05,893.0499877929688
2024-07-08,900.4500122070312
2024-07-09,917.4000244140624
2024-07-10,915.75
2024-07-11,907.25
2024-07-12,903.5499877929688
2024-07-15,901.75
2024-07-16,901.0
2024-07-18,885.4500122070312
2024-07-19,880.7000122070312
2024-07-22,891.2999877929688
2024-07-23,892.9000244140625
2024-07-24,889.3499755859375
2024-07-25,887.9500122070312
2024-07-26,894.9500122070312
2024-07-29,903.9000244140624
2024-07-30,908.6500244140624
2024-07-31,906.75
2024-08-01,951.0499877929688
2024-08-02,925.7999877929688
2024-08-05,875.9500122070312
2024-08-06,870.3499755859375
2024-08-07,874.6500244140625
2024-08-08,870.2000122070312
2024-08-09,882.1500244140625
2024-08-12,899.0
2024-08-13,888.6500244140625
2024-08-14,890.0499877929688
2024-08-16,905.6500244140624
2024-08-19,915.9500122070312
2024-08-20,932.1500244140624
2024-08-21,941.9500122070312
2024-08-22,937.2000122070312
2024-08-23,940.0
2024-08-26,951.0499877929688
2024-08-27,1009.5999755859376
2024-08-28,1001.0
2024-08-29,1013.75
2024-08-30,1013.6500244140624
2024-09-02,1061.6500244140625
2024-09-03,1211.4000244140625
2024-09-04,1203.199951171875
2024-09-05,1210.5999755859375
2024-09-06,1210.9000244140625
2024-09-09,1212.800048828125
2024-09-10,1206.6500244140625
2024-09-11,1203.550048828125
2024-09-12,1204.25
2024-09-13,1201.25
2024-09-16,1221.8499755859375
2024-09-17,1227.300048828125
2024-09-18,1202.0999755859375
2024-09-19,1202.699951171875
2024-09-20,1203.75
2024-09-23,1238.050048828125
2024-09-24,1232.25
2024-09-25,1226.199951171875
2024-09-26,1236.8499755859375
2024-09-27,1234.5999755859375
2024-09-30,1235.5
2024-10-01,1192.1500244140625
2024-10-03,1116.449951171875
2024-10-04,1113.3499755859375
2024-10-07,1086.4000244140625
2024-10-08,1097.550048828125
2024-10-09,1124.1500244140625
2024-10-10,1099.550048828125
2024-10-11,1092.550048828125
2024-10-14,1101.9000244140625
2024-10-15,1039.75
2024-10-16,1058.75
2024-10-17,1035.699951171875
2024-10-18,1035.6500244140625
2024-10-21,1013.4000244140624
2024-10-22,1011.7000122070312
2024-10-23,1006.4500122070312
2024-10-24,1038.300048828125
2024-10-25,1028.949951171875
2024-10-28,1013.75
2024-10-29,1033.6500244140625
2024-10-30,1024.1500244140625
2024-10-31,1038.300048828125
2024-11-01,1041.5999755859375
2024-11-04,1028.199951171875
2024-11-05,1015.0999755859376
2024-11-06,1029.949951171875
2024-11-07,1014.0999755859376
2024-11-08,994.0499877929688
2024-11-11,980.2999877929688
2024-11-12,953.9500122070312
2024-11-13,932.8499755859376
2024-11-14,931.9500122070312
2024-11-18,1023.7999877929688
2024-11-19,1027.5
2024-11-21,1000.3499755859376
2024-11-22,1027.949951171875
2024-11-25,1055.300048828125
2024-11-26,1057.5999755859375
2024-11-27,1073.0999755859375
2024-11-28,1065.4000244140625
2024-11-29,1076.0999755859375
2024-12-02,1066.449951171875
2024-12-03,1078.9000244140625
2024-12-04,1073.1500244140625
2024-12-05,1079.5999755859375
2024-12-06,1066.0
2024-12-09,1064.300048828125
2024-12-10,1102.9000244140625
2024-12-11,1094.949951171875
2024-12-12,1075.4000244140625
2024-12-13,1071.75
2024-12-16,1101.25
2024-12-17,1101.699951171875
2024-12-18,1153.0999755859375
2024-12-19,1127.050048828125
2024-12-20,1119.9000244140625
2024-12-23,1124.550048828125
2024-12-24,1125.25
2024-12-26,1134.6500244140625
2024-12-27,1130.1500244140625
2024-12-30,1204.699951171875
2024-12-31,1166.199951171875
2025-01-01,1170.0
2025-01-02,1193.1500244140625
2025-01-03,1149.300048828125
2025-01-06,1098.75
2025-01-07,1086.6500244140625
2025-01-08,1042.5999755859375
2025-01-09,1028.3499755859375
2025-01-10,994.3499755859376
2025-01-13,956.5499877929688
2025-01-14,955.7000122070312
2025-01-15,957.7999877929688
2025-01-16,932.7000122070312
2025-01-17,929.0
2025-01-20,920.0499877929688
2025-01-21,898.5
2025-01-22,879.5999755859375
2025-01-23,883.75
2025-01-24,856.25
2025-01-27,839.2999877929688
2025-01-28,834.0
2025-01-29,876.0999755859375
2025-01-30,879.3499755859375
2025-01-31,890.5499877929688
2025-02-01,920.5999755859376
2025-02-03,904.7999877929688
2025-02-04,890.4500122070312
2025-02-05,885.2999877929688
2025-02-06,888.0
2025-02-07,882.5999755859375
2025-02-10,854.4500122070312
2025-02-11,835.6500244140625
2025-02-12,812.6500244140625
2025-02-13,824.9000244140625
2025-02-14,800.7000122070312
2025-02-17,824.9500122070312
2025-02-18,841.5
2025-02-19,861.3499755859375
2025-02-20,1011.75
2025-02-21,1131.5
2025-02-24,1101.800048828125
2025-02-25,1112.8499755859375
2025-02-27,1100.449951171875
2025-02-28,1097.5999755859375
2025-03-03,1103.449951171875
2025-03-04,1101.5
2025-03-05,1108.699951171875
2025-03-06,1100.4000244140625
2025-03-07,1109.800048828125
2025-03-10,1152.6500244140625
2025-03-11,1124.5999755859375
2025-03-12,1128.5
2025-03-13,1149.050048828125
2025-03-17,1140.199951171875
2025-03-18,1140.199951171875
2025-03-19,1167.5
2025-03-20,1193.8499755859375
2025-03-21,1206.449951171875
2025-03-24,1237.6500244140625
2025-03-25,1180.949951171875
2025-03-26,1146.6500244140625
2025-03-27,1159.9000244140625
2025-03-28,1134.1500244140625
2025-04-01,1090.949951171875
2025-04-02,1137.5999755859375
2025-04-03,1106.6500244140625
2025-04-04,1079.4000244140625
2025-04-07,1044.949951171875
2025-04-08,1085.699951171875
2025-04-09,1108.699951171875
2025-04-11,1136.699951171875
2025-04-15,1136.0999755859375
2025-04-16,1134.300048828125
2025-04-17,1129.699951171875
2025-04-21,1128.300048828125
2025-04-22,1170.4000244140625
2025-04-23,1168.5
2025-04-24,1140.0
2025-04-25,1099.0
2025-04-28,1125.699951171875
2025-04-29,1103.300048828125
2025-04-30,1083.9000244140625
2025-05-02,1061.699951171875
2025-05-05,1089.9000244140625
2025-05-06,1112.199951171875
2025-05-07,1121.0
2025-05-08,1109.5999755859375
2025-05-09,1081.699951171875
2025-05-12,1122.800048828125
2025-05-13,1142.5
2025-05-14,1172.5
2025-05-15,1126.699951171875
2025-05-16,1143.300048828125
2025-05-19,1156.4000244140625
2025-05-20,1156.9000244140625
2025-05-21,1160.4000244140625
2025-05-22,1167.800048828125
2025-05-23,1170.199951171875
2025-05-26,1168.0999755859375
2025-05-27,1175.4000244140625
2025-05-28,1177.9000244140625
2025-05-29,1180.5
2025-05-30,1184.699951171875
2025-06-02,1199.0
2025-06-03,1191.800048828125
2025-06-04,1188.199951171875
2025-06-05,1190.5
2025-06-06,1359.5
2025-06-09,1357.0
2025-06-10,1322.5999755859375
2025-06-11,1280.0999755859375
2025-06-12,1292.5
2025-06-13,1278.0999755859375
2025-06-16,1303.199951171875
2025-06-17,1318.9000244140625
2025-06-18,1348.199951171875
2025-06-19,1336.5
2025-06-20,1348.5
2025-06-23,1280.9000244140625
2025-06-24,1254.9000244140625
2025-06-25,1247.199951171875
2025-06-26,1246.4000244140625
2025-06-27,1247.5
2025-06-30,1246.199951171875
2025-07-01,1206.9000244140625
2025-07-02,1156.0999755859375
2025-07-03,1159.0
2025-07-04,1165.300048828125
2025-07-07,1168.699951171875
2025-07-08,1152.699951171875
2025-07-09,1146.0999755859375
2025-07-10,1134.0
2025-07-11,1095.5999755859375
2025-07-14,1096.699951171875
2025-07-15,1121.800048828125
2025-07-16,1146.5
2025-07-17,1146.800048828125
2025-07-18,1154.699951171875
2025-07-21,1136.300048828125
2025-07-22,1144.4000244140625
2025-07-23,1129.199951171875
2025-07-24,1130.5
2025-07-25,1135.800048828125
2025-07-28,1130.800048828125
2025-07-29,1117.199951171875
2025-07-30,1138.199951171875
2025-07-31,1147.4000244140625
2025-08-01,1114.800048828125
2025-08-04,1120.199951171875
2025-08-05,1137.9000244140625
2025-08-06,1137.800048828125
2025-08-07,1108.5999755859375
2025-08-08,1100.5999755859375
2025-08-11,1093.5999755859375
2025-08-12,1095.699951171875
2025-08-13,1175.300048828125
2025-08-14,1181.4000244140625
2025-08-18,1273.9000244140625
2025-08-19,1284.300048828125
2025-08-20,1288.199951171875
2025-08-21,1285.699951171875
2025-08-22,1287.5999755859375
2025-08-25,1286.199951171875
2025-08-26,1270.0
2025-08-28,1250.4000244140625
2025-08-29,1230.199951171875
2025-09-01,1224.0999755859375
2025-09-02,1201.9000244140625
2025-09-03,1201.0
2025-09-04,1196.5
2025-09-05,1201.9000244140625
2025-09-08,1206.0999755859375
2025-09-09,1216.5
2025-09-10,1206.699951171875
2025-09-11,1207.800048828125
2025-09-12,1210.699951171875
2025-09-15,1243.5
2025-09-16,1221.800048828125
2025-09-17,1217.699951171875
2025-09-18,1217.199951171875
2025-09-19,1175.5999755859375
2025-09-22,1177.800048828125
2025-09-23,1180.199951171875
2025-09-24,1191.0
2025-09-25,1212.5
2025-09-26,1195.0
2025-09-29,1195.0
2025-09-30,1201.699951171875
2025-10-01,1188.5999755859375
2025-10-03,1161.300048828125
2025-10-06,1126.4000244140625
2025-10-07,1106.0
2025-10-08,1071.9000244140625
2025-10-09,1066.0
2025-10-10,1078.9000244140625
2025-10-13,1048.5
2025-10-14,1062.9000244140625
2025-10-15,1070.5999755859375
2025-10-16,1082.5
2025-10-17,1081.9000244140625
2025-10-20,1100.5999755859375
2025-10-21,1106.5
2025-10-23,1095.300048828125
2025-10-24,1086.699951171875
2025-10-27,1094.800048828125
2025-10-28,1089.9000244140625
2025-10-29,1095.199951171875
2025-10-30,1096.800048828125
2025-10-31,1104.9000244140625
2025-11-03,1128.4000244140625
2025-11-04,1107.699951171875
2025-11-06,1085.800048828125
2025-11-07,1075.0999755859375
2025-11-10,1060.699951171875
2025-11-11,1070.0999755859375
2025-11-12,1067.699951171875
2025-11-13,1063.300048828125
2025-11-14,1063.699951171875
2025-11-17,1075.0
2025-11-18,1056.4000244140625
2025-11-19,1060.300048828125
2025-11-20,1048.0
2025-11-21,1049.4000244140625
2025-11-24,1017.7999877929688
2025-11-25,1022.2999877929688
2025-11-26,1055.5999755859375
2025-11-27,1047.0
2025-11-28,1051.5999755859375
2025-12-01,1052.199951171875
2025-12-02,1045.0999755859375
2025-12-03,1037.300048828125
2025-12-04,1000.7999877929688
2025-12-05,1014.0
2025-12-08,1014.2000122070312
2025-12-09,1018.2999877929688
2025-12-10,1031.5999755859375
2025-12-11,1012.9000244140624
2025-12-12,1016.5999755859376
2025-12-15,1018.7999877929688
2025-12-16,1014.7999877929688
2025-12-17,1012.7000122070312
2025-12-18,1010.2000122070312
2025-12-19,992.5999755859376
2025-12-22,996.0
2025-12-23,1006.7999877929688
2025-12-24,1003.7999877929688
2025-12-26,1006.2000122070312
2025-12-29,995.5
2025-12-30,967.7000122070312
2025-12-31,1002.4000244140624
2026-01-01,1030.0999755859375
2026-01-02,1021.0999755859376
2026-01-05,1005.7999877929688
2026-01-06,1020.2000122070312
2026-01-07,1054.199951171875
2026-01-08,1023.5999755859376
2026-01-09,1024.199951171875
2026-01-12,1012.2000122070312
2026-01-13,1000.7999877929688
2026-01-14,1003.4000244140624
2026-01-15,1003.4000244140624
2026-01-16,1017.5
2026-01-19,997.2000122070312
2026-01-20,1004.7999877929688
2026-01-21,1005.9000244140624
2026-01-22,1005.0999755859376
2026-01-23,974.7000122070312
2026-01-27,971.4000244140624
2026-01-28,993.7999877929688
2026-01-29,990.4000244140624
2026-01-30,974.0999755859376
2026-02-02,990.7000122070312
2026-02-03,1006.3499755859376
2026-02-04,1008.3499755859376
2026-02-05,998.0999755859376
2026-02-06,994.3499755859376
2026-02-09,1040.9000244140625
2026-02-10,1039.0999755859375
2026-02-11,1015.9500122070312
2026-02-12,1011.2000122070312
2026-02-13,966.0999755859376
2026-02-16,972.0
2026-02-17,979.5999755859376
2026-02-18,985.0999755859376
2026-02-19,1026.0999755859375
2026-02-20,1034.3499755859375
2026-02-23,1049.9000244140625
2026-02-24,1050.300048828125
2026-02-25,1035.699951171875
2026-02-26,1030.300048828125
2026-02-27,993.0499877929688
2026-03-02,961.8499755859376
2026-03-04,938.25
2026-03-05,932.5999755859376
2026-03-06,936.9000244140624
2026-03-09,915.9000244140624
2026-03-10,912.1500244140624
2026-03-11,888.5999755859375
2026-03-12,892.8499755859375
2026-03-13,837.9500122070312
2026-03-16,859.5499877929688
2026-03-17,828.5499877929688
2026-03-18,831.9500122070312
2026-03-19,823.5499877929688
2026-03-20,832.0499877929688
2026-03-23,786.8499755859375
2026-03-24,791.2000122070312
2026-03-25,807.2999877929688
2026-03-27,775.2000122070312
2026-03-30,749.0
2026-04-01,831.8499755859375
2026-04-02,841.9000244140625
2026-04-06,842.5499877929688
2026-04-07,851.2000122070312
2026-04-08,881.6500244140625
2026-04-09,872.6500244140625
2026-04-10,892.0499877929688
2026-04-13,888.75
2026-04-15,906.3499755859376
2026-04-16,919.2000122070312
2026-04-17,927.5
2026-04-20,919.5499877929688
2026-04-21,928.0999755859376
2026-04-22,943.1500244140624
2026-04-23,996.0
2026-04-24,990.5499877929688
2026-04-27,997.25
2026-04-28,989.0999755859376
2026-04-29,959.9000244140624
2026-04-30,959.0499877929688
2026-05-01,959.0499877929688
2026-05-04,966.5999755859375
2026-05-05,984.4000244140625
2026-05-06,1022.4000244140625
2026-05-07,1226.8499755859375
2026-05-08,1218.25
2026-05-11,1146.050048828125
2026-05-12,1091.1500244140625
2026-05-13,1073.1500244140625
2026-05-14,1153.1500244140625
2026-05-15,1135.050048828125
