,close
2005-01-03,92.18970489501952
2005-01-04,93.33810424804688
2005-01-05,92.22161865234376
2005-01-06,90.49903106689452
2005-01-07,89.98863983154297
2005-01-10,91.07322692871094
2005-01-11,90.05242919921875
2005-01-12,88.93596649169922
2005-01-13,89.35066986083984
2005-01-14,89.41444396972656
2005-01-17,89.47824096679688
2005-01-18,90.97753143310548
2005-01-19,90.62661743164062
2005-01-20,90.69043731689452
2005-01-24,94.13555145263672
2005-01-25,95.379638671875
2005-01-27,96.7194595336914
2005-01-28,97.7083511352539
2005-01-31,101.95100402832033
2005-02-01,107.4376983642578
2005-02-02,105.04524230957033
2005-02-03,105.65133666992188
2005-02-04,105.84272003173828
2005-02-07,103.41837310791016
2005-02-08,102.07860565185548
2005-02-09,102.36563873291016
2005-02-10,98.2506103515625
2005-02-11,99.17571258544922
2005-02-14,96.84706115722656
2005-02-15,97.0703125
2005-02-16,91.80690002441406
2005-02-17,92.47679138183594
2005-02-18,92.34919738769533
2005-02-21,91.00941467285156
2005-02-22,92.79578399658205
2005-02-23,91.80690002441406
2005-02-24,91.07322692871094
2005-02-25,89.6696548461914
2005-02-28,91.9026336669922
2005-03-01,93.27430725097656
2005-03-02,93.68900299072266
2005-03-03,95.8900375366211
2005-03-04,95.57105255126952
2005-03-07,92.47679138183594
2005-03-08,93.17859649658205
2005-03-09,91.9664077758789
2005-03-10,91.9664077758789
2005-03-11,91.64744567871094
2005-03-14,88.23416137695312
2005-03-15,86.6391830444336
2005-03-16,86.38397216796875
2005-03-17,85.36320495605469
2005-03-18,85.26748657226562
2005-03-21,83.09833526611328
2005-03-22,83.44922637939453
2005-03-23,85.26748657226562
2005-03-24,85.93739318847656
2005-03-28,86.03309631347656
2005-03-29,83.73634338378906
2005-03-30,83.73634338378906
2005-03-31,84.18292999267578
2005-04-01,84.34245300292969
2005-04-04,83.89584350585938
2005-04-05,82.77934265136719
2005-04-06,84.69332122802734
2005-04-07,84.24674987792969
2005-04-08,84.24674987792969
2005-04-11,82.9388427734375
2005-04-12,84.50189971923828
2005-04-13,86.0969009399414
2005-04-15,84.37432098388672
2005-04-18,83.00264739990234
2005-04-19,80.96106719970703
2005-04-20,83.70445251464844
2005-04-21,83.70445251464844
2005-04-22,84.34245300292969
2005-04-25,85.33130645751953
2005-04-26,87.8832778930664
2005-04-27,91.4560317993164
2005-04-28,92.18970489501952
2005-04-29,87.75569915771484
2005-05-02,85.0123062133789
2005-05-03,84.50189971923828
2005-05-04,86.44778442382812
2005-05-05,86.0969009399414
2005-05-06,85.55461120605469
2005-05-09,84.34245300292969
2005-05-10,84.66141510009766
2005-05-11,83.99151611328125
2005-05-12,83.28972625732422
2005-05-13,83.95964050292969
2005-05-16,84.6294937133789
2005-05-17,84.02344512939453
2005-05-18,83.25784301757812
2005-05-19,83.09833526611328
2005-05-20,82.97071075439453
2005-05-23,81.56717681884766
2005-05-24,82.49225616455078
2005-05-25,82.58794403076172
2005-05-26,84.24674987792969
2005-05-27,88.17035675048828
2005-05-30,92.15782165527344
2005-05-31,91.39222717285156
2005-06-01,95.0606918334961
2005-06-02,94.00799560546876
2005-06-03,93.65709686279295
2005-06-06,94.1675033569336
2005-06-07,93.12908172607422
2005-06-08,92.44763946533205
2005-06-09,95.9197006225586
2005-06-10,94.68668365478516
2005-06-13,97.15281677246094
2005-06-14,96.04955291748048
2005-06-15,96.76341247558594
2005-06-16,96.82830047607422
2005-06-17,96.92566680908205
2005-06-20,96.30913543701172
2005-06-21,99.06729125976562
2005-06-22,100.20301055908205
2005-06-23,100.819580078125
2005-06-24,105.91410064697266
2005-06-27,105.4273681640625
2005-06-28,105.65446472167967
2005-06-29,105.6220245361328
2005-06-30,106.4657211303711
2005-07-01,106.9849090576172
2005-07-04,106.62799072265624
2005-07-05,105.65446472167967
2005-07-06,105.88162231445312
2005-07-07,102.76651763916016
2005-07-08,102.96125793457033
2005-07-11,102.66915893554688
2005-07-12,103.0261001586914
2005-07-13,101.6957015991211
2005-07-14,101.01425170898438
2005-07-15,101.43610382080078
2005-07-18,103.80487060546876
2005-07-19,103.77243041992188
2005-07-20,103.99958801269533
2005-07-21,102.8314208984375
2005-07-22,104.94059753417967
2005-07-25,107.40674591064452
2005-07-26,106.4657211303711
2005-07-27,106.66040802001952
2005-07-28,106.66040802001952
2005-07-29,108.1530990600586
2005-08-01,112.9879913330078
2005-08-02,111.10590362548828
2005-08-03,108.93186950683594
2005-08-04,108.7047119140625
2005-08-05,107.27696990966795
2005-08-08,106.68385314941406
2005-08-09,105.79430389404295
2005-08-10,106.65096282958984
2005-08-11,111.85662841796876
2005-08-12,111.0988311767578
2005-08-16,113.0427703857422
2005-08-17,113.89937591552734
2005-08-18,111.16474151611328
2005-08-19,110.5058135986328
2005-08-22,109.9786376953125
2005-08-23,108.66070556640624
2005-08-24,106.74978637695312
2005-08-25,106.71683502197266
2005-08-26,107.80410766601562
2005-08-29,106.98040771484376
2005-08-30,109.78095245361328
2005-08-31,109.05611419677734
2005-09-01,110.63758087158205
2005-09-02,111.42835235595705
2005-09-05,109.71502685546876
2005-09-06,109.18791198730467
2005-09-08,109.7480010986328
2005-09-09,109.12203979492188
2005-09-12,111.52717590332033
2005-09-13,111.52717590332033
2005-09-14,113.1086654663086
2005-09-15,116.07392120361328
2005-09-16,117.02938079833984
2005-09-19,116.73281860351562
2005-09-20,115.08547973632812
2005-09-21,112.68032836914062
2005-09-22,108.59485626220705
2005-09-23,111.92253875732422
2005-09-26,116.07392120361328
2005-09-27,119.17101287841795
2005-09-28,121.60911560058594
2005-09-29,122.1032943725586
2005-09-30,119.36872100830078
2005-10-03,122.4986801147461
2005-10-04,121.27964782714844
2005-10-05,119.03916931152344
2005-10-06,115.34906768798828
2005-10-07,118.67677307128906
2005-10-10,118.74262237548828
2005-10-11,117.75425720214844
2005-10-13,115.41496276855467
2005-10-14,114.13002014160156
2005-10-17,115.74445343017578
2005-10-18,115.81033325195312
2005-10-19,111.16474151611328
2005-10-20,111.1318130493164
2005-10-21,112.87803649902344
2005-10-24,110.17630767822266
2005-10-25,110.34107971191406
2005-10-26,108.9572982788086
2005-10-27,106.947509765625
2005-10-28,103.88335418701172
2005-10-31,106.3873519897461
2005-11-02,108.69366455078124
2005-11-04,108.69366455078124
2005-11-07,110.14337158203124
2005-11-08,111.79075622558594
2005-11-09,113.6357650756836
2005-11-10,111.0988311767578
2005-11-11,113.47103881835938
2005-11-14,112.51557159423828
2005-11-16,111.29650115966795
2005-11-17,111.79075622558594
2005-11-18,113.76763153076172
2005-11-21,112.28498077392578
2005-11-22,111.65898895263672
2005-11-23,113.53694915771484
2005-11-24,116.6010513305664
2005-11-25,123.02581024169922
2005-11-28,126.32056427001952
2005-11-29,123.65182495117188
2005-11-30,119.99468231201172
2005-12-01,122.5316390991211
2005-12-02,122.30101776123048
2005-12-05,123.61888885498048
2005-12-06,122.33394622802734
2005-12-07,123.84954071044922
2005-12-08,123.88246154785156
2005-12-09,124.50845336914062
2005-12-12,122.76224517822266
2005-12-13,124.2119140625
2005-12-14,123.61888885498048
2005-12-15,123.28939819335938
2005-12-16,124.11312103271484
2005-12-19,128.75865173339844
2005-12-20,128.19859313964844
2005-12-21,128.89048767089844
2005-12-22,128.56105041503906
2005-12-23,127.24308776855467
2005-12-26,124.50845336914062
2005-12-27,126.7489013671875
2005-12-28,127.44075775146484
2005-12-29,128.56105041503906
2005-12-30,129.9447784423828
2006-01-02,128.56105041503906
2006-01-03,129.3188018798828
2006-01-04,128.5281219482422
2006-01-05,128.3633575439453
2006-01-06,127.50666046142578
2006-01-09,127.3419418334961
2006-01-10,124.57440185546876
2006-01-12,123.68477630615234
2006-01-13,122.9928970336914
2006-01-16,122.95995330810548
2006-01-17,122.5975341796875
2006-01-18,121.64208221435548
2006-01-19,123.65182495117188
2006-01-20,122.82813262939452
2006-01-23,123.88246154785156
2006-01-24,124.08013916015624
2006-01-25,129.28587341308594
2006-01-27,128.56105041503906
2006-01-30,126.61711120605467
2006-01-31,128.6598663330078
2006-02-01,126.25470733642578
2006-02-02,127.53964233398438
2006-02-03,125.3980484008789
2006-02-06,128.2644805908203
2006-02-07,130.3401641845703
2006-02-08,129.9447784423828
2006-02-10,137.09439086914062
2006-02-13,138.0498504638672
2006-02-14,147.9011688232422
2006-02-15,155.44613647460938
2006-02-16,157.12643432617188
2006-02-17,152.01962280273438
2006-02-20,157.15939331054688
2006-02-21,156.17098999023438
2006-02-22,159.13623046875
2006-02-23,162.79344177246094
2006-02-24,159.5974884033203
2006-02-27,157.25823974609375
2006-02-28,160.58599853515625
2006-03-01,161.7390899658203
2006-03-02,160.9154510498047
2006-03-03,160.94837951660156
2006-03-06,160.4211883544922
2006-03-07,166.25291442871094
2006-03-08,159.9599151611328
2006-03-09,161.1460723876953
2006-03-10,166.0552215576172
2006-03-13,166.6483154296875
2006-03-14,169.94300842285156
2006-03-16,170.30543518066406
2006-03-17,167.4060516357422
2006-03-20,166.48355102539062
2006-03-21,166.12109375
2006-03-22,168.2297821044922
2006-03-23,168.1968231201172
2006-03-24,168.4603729248047
2006-03-27,176.9608154296875
2006-03-28,176.46665954589844
2006-03-29,175.60995483398438
2006-03-30,180.02499389648438
2006-03-31,179.2342529296875
2006-04-03,184.0445251464844
2006-04-04,185.56011962890625
2006-04-05,190.3704833984375
2006-04-07,185.4942169189453
2006-04-10,184.5057830810547
2006-04-12,180.25555419921875
2006-04-13,178.97064208984375
2006-04-17,181.3428497314453
2006-04-18,184.30813598632807
2006-04-19,182.5618896484375
2006-04-20,182.232421875
2006-04-21,187.6687469482422
2006-04-24,188.36065673828125
2006-04-25,183.3527069091797
2006-04-26,190.8646850585937
2006-04-27,189.90921020507807
2006-04-28,193.1330718994141
2006-05-02,194.32955932617188
2006-05-03,195.2601928710937
2006-05-04,194.7283935546875
2006-05-05,189.3773803710937
2006-05-08,188.11444091796875
2006-05-09,185.6217803955078
2006-05-10,186.0206451416016
2006-05-11,184.99024963378903
2006-05-12,181.7996520996093
2006-05-15,174.28836059570312
2006-05-16,179.90518188476562
2006-05-17,183.09585571289065
2006-05-18,171.66275024414062
2006-05-19,161.55905151367188
2006-05-22,158.23548889160156
2006-05-23,158.3019561767578
2006-05-24,150.8238983154297
2006-05-25,157.40457153320312
2006-05-26,161.8914794921875
2006-05-29,160.49549865722656
2006-05-30,160.59524536132812
2006-05-31,155.17784118652344
2006-06-01,149.56094360351562
2006-06-02,160.86114501953125
2006-06-05,156.64019775390625
2006-06-06,149.29507446289062
2006-06-07,146.53648376464844
2006-06-08,135.90101623535156
2006-06-09,137.0310821533203
2006-06-12,130.74949645996094
2006-06-13,125.1658935546875
2006-06-14,123.86968231201172
2006-06-15,134.1727752685547
2006-06-16,143.34585571289062
2006-06-19,148.06532287597656
2006-06-20,143.97735595703125
2006-06-21,145.2071075439453
2006-06-22,145.33998107910156
2006-06-23,147.46707153320312
2006-06-26,141.78379821777344
2006-06-27,146.23733520507812
2006-06-28,143.67823791503906
2006-06-29,139.29112243652344
2006-06-30,152.25303649902344
2006-07-03,157.2384490966797
2006-07-04,154.87869262695312
2006-07-05,161.02734375
2006-07-06,161.326416015625
2006-07-07,158.00286865234375
2006-07-10,159.56497192382812
2006-07-11,156.47402954101562
2006-07-12,158.16900634765625
2006-07-13,162.05760192871094
2006-07-14,160.39578247070312
2006-07-17,153.21688842773438
2006-07-18,153.38307189941406
2006-07-19,148.6968231201172
2006-07-20,153.74868774414062
2006-07-21,148.5970916748047
2006-07-24,151.6548309326172
2006-07-25,155.7760772705078
2006-07-26,160.0634765625
2006-07-27,163.71942138671875
2006-07-28,161.326416015625
2006-07-31,154.6792755126953
2006-08-01,152.08689880371094
2006-08-02,151.6548309326172
2006-08-03,149.36151123046875
2006-08-04,146.5697479248047
2006-08-07,145.8717498779297
2006-08-08,150.31971740722656
2006-08-09,150.99366760253906
2006-08-10,150.58934020996094
2006-08-11,150.42080688476562
2006-08-14,153.082763671875
2006-08-16,155.34046936035156
2006-08-17,158.30577087402344
2006-08-18,160.3612060546875
2006-08-21,159.282958984375
2006-08-22,156.75579833984375
2006-08-23,154.9024658203125
2006-08-24,156.21656799316406
2006-08-25,159.45147705078125
2006-08-28,161.94497680664062
2006-08-29,158.30577087402344
2006-08-30,159.384033203125
2006-08-31,158.00250244140625
2006-09-01,160.96780395507812
2006-09-04,164.1015625
2006-09-05,163.46131896972656
2006-09-06,161.03518676757812
2006-09-07,161.03518676757812
2006-09-08,162.34934997558594
2006-09-11,155.17198181152344
2006-09-12,154.49806213378906
2006-09-13,158.8112335205078
2006-09-14,161.03518676757812
2006-09-15,164.30369567871094
2006-09-18,168.71792602539062
2006-09-19,166.4940643310547
2006-09-20,168.5831756591797
2006-09-21,174.6148223876953
2006-09-22,173.94093322753906
2006-09-25,170.73973083496094
2006-09-26,174.24415588378906
2006-09-27,173.67132568359375
2006-09-28,171.68328857421875
2006-09-29,173.30062866210938
2006-10-03,168.11141967773438
2006-10-04,166.66249084472656
2006-10-05,168.4484100341797
2006-10-06,165.3820343017578
2006-10-09,164.00039672851562
2006-10-10,160.90042114257812
2006-10-11,158.33944702148438
2006-10-12,156.5535430908203
2006-10-13,159.14816284179688
2006-10-16,159.82211303710938
2006-10-17,156.45245361328125
2006-10-18,157.0253143310547
2006-10-19,156.18287658691406
2006-10-20,156.18287658691406
2006-10-23,154.53175354003906
2006-10-26,151.63385009765625
2006-10-27,152.3751983642578
2006-10-30,154.22850036621094
2006-10-31,157.46328735351562
2006-11-01,160.09169006347656
2006-11-02,160.05795288085938
2006-11-03,159.14816284179688
2006-11-06,166.4265899658203
2006-11-07,167.13421630859375
2006-11-08,166.4940643310547
2006-11-09,168.78533935546875
2006-11-10,170.70602416992188
2006-11-13,170.2679901123047
2006-11-14,167.7071075439453
2006-11-15,164.4385223388672
2006-11-16,163.8993682861328
2006-11-17,161.50694274902344
2006-11-20,163.8993682861328
2006-11-21,167.33644104003906
2006-11-22,165.11244201660156
2006-11-23,162.18089294433594
2006-11-24,163.6298065185547
2006-11-27,161.3721160888672
2006-11-28,159.41775512695312
2006-11-29,159.08078002929688
2006-11-30,158.5079803466797
2006-12-01,162.0797882080078
2006-12-04,161.2373504638672
2006-12-05,160.76560974121094
2006-12-06,160.90042114257812
2006-12-07,162.01239013671875
2006-12-08,157.6318817138672
2006-12-11,154.46438598632812
2006-12-12,150.4882354736328
2006-12-13,147.6240234375
2006-12-14,153.31871032714844
2006-12-15,155.5089569091797
2006-12-18,155.40786743164062
2006-12-19,151.6676025390625
2006-12-20,147.01748657226562
2006-12-21,148.06204223632812
2006-12-22,147.826171875
2006-12-26,148.83706665039062
2006-12-27,147.96104431152344
2006-12-28,148.53379821777344
2006-12-29,145.83807373046875
2007-01-02,145.83807373046875
2007-01-03,142.87283325195312
2007-01-04,141.9293212890625
2007-01-05,143.7826385498047
2007-01-08,141.59239196777344
2007-01-09,141.42388916015625
2007-01-10,140.51406860351562
2007-01-11,146.81527709960938
2007-01-12,148.06204223632812
2007-01-15,149.37620544433594
2007-01-16,148.2642059326172
2007-01-17,148.6685791015625
2007-01-18,150.9600067138672
2007-01-19,149.44357299804688
2007-01-22,151.3643035888672
2007-01-23,149.74685668945312
2007-01-24,144.49021911621094
2007-01-25,145.73704528808594
2007-01-29,144.8609161376953
2007-01-31,140.34555053710938
2007-02-01,139.70535278320312
2007-02-02,140.88473510742188
2007-02-05,140.07601928710938
2007-02-06,140.91845703125
2007-02-07,139.73910522460938
2007-02-08,138.55970764160156
2007-02-09,136.60531616210938
2007-02-12,137.0433349609375
2007-02-13,135.4595947265625
2007-02-14,135.08892822265625
2007-02-15,138.7955780029297
2007-02-19,138.2900848388672
2007-02-20,134.51611328125
2007-02-21,131.98887634277344
2007-02-22,129.02354431152344
2007-02-23,126.7995834350586
2007-02-26,127.7431411743164
2007-02-27,124.98006439208984
2007-02-28,118.8472900390625
2007-03-01,118.64508819580078
2007-03-02,120.6668930053711
2007-03-05,117.29727172851562
2007-03-06,115.57872772216795
2007-03-07,112.74822235107422
2007-03-08,123.86801147460938
2007-03-09,123.83434295654295
2007-03-12,124.67670440673828
2007-03-13,122.08212280273438
2007-03-14,119.1842041015625
2007-03-15,119.31902313232422
2007-03-16,119.25161743164062
2007-03-19,121.44188690185548
2007-03-20,124.0702133178711
2007-03-21,128.7203369140625
2007-03-22,132.5617218017578
2007-03-23,133.80845642089844
2007-03-26,133.50518798828125
2007-03-28,133.20193481445312
2007-03-29,138.15530395507812
2007-03-30,138.2900848388672
2007-04-02,131.88778686523438
2007-04-03,134.92042541503906
2007-04-04,133.30303955078125
2007-04-05,134.7856903076172
2007-04-09,137.91946411132812
2007-04-10,140.68263244628906
2007-04-11,138.5933837890625
2007-04-12,140.07601928710938
2007-04-13,139.30101013183594
2007-04-16,143.95111083984375
2007-04-17,142.6706085205078
2007-04-18,140.27818298339844
2007-04-19,139.53688049316406
2007-04-20,140.42587280273438
2007-04-23,138.34011840820312
2007-04-24,142.3406219482422
2007-04-25,144.46051025390625
2007-04-26,147.2642059326172
2007-04-27,144.18701171875
2007-04-30,136.2886505126953
2007-05-03,133.92941284179688
2007-05-04,133.45071411132812
2007-05-07,133.96356201171875
2007-05-08,133.0404052734375
2007-05-09,130.68116760253906
2007-05-10,129.92897033691406
2007-05-11,126.9884796142578
2007-05-14,131.39918518066406
2007-05-15,132.0488739013672
2007-05-16,135.1603240966797
2007-05-17,133.45071411132812
2007-05-18,132.39077758789062
2007-05-21,132.39077758789062
2007-05-22,133.1429443359375
2007-05-23,135.77578735351562
2007-05-24,137.58787536621094
2007-05-25,138.92138671875
2007-05-28,137.10922241210938
2007-05-29,139.2974853515625
2007-05-30,135.8099365234375
2007-05-31,139.09237670898438
2007-06-01,137.82723999023438
2007-06-04,134.1687469482422
2007-06-05,133.89517211914062
2007-06-06,133.75845336914062
2007-06-07,130.98887634277344
2007-06-08,129.2109375
2007-06-11,128.15098571777344
2007-06-12,129.96316528320312
2007-06-13,127.74066925048828
2007-06-14,127.74066925048828
2007-06-15,127.9800262451172
2007-06-18,128.3903045654297
2007-06-19,129.2109375
2007-06-20,128.9716033935547
2007-06-21,129.62123107910156
2007-06-22,131.53598022460938
2007-06-25,129.3818817138672
2007-06-26,130.0999298095703
2007-06-27,130.51025390625
2007-06-28,129.41610717773438
2007-06-29,128.9716033935547
2007-07-02,129.00572204589844
2007-07-03,133.21139526367188
2007-07-04,135.0577392578125
2007-07-05,136.11770629882812
2007-07-06,137.55372619628906
2007-07-09,133.82684326171875
2007-07-10,135.91253662109375
2007-07-11,138.4769287109375
2007-07-12,140.80198669433594
2007-07-13,138.44273376464844
2007-07-16,135.63900756835938
2007-07-17,134.6132354736328
2007-07-18,135.94667053222656
2007-07-19,135.26290893554688
2007-07-20,132.76686096191406
2007-07-23,140.0839385986328
2007-07-24,136.59634399414062
2007-07-25,138.10079956054688
2007-07-26,140.6652069091797
2007-07-27,133.96356201171875
2007-07-30,142.8876495361328
2007-07-31,141.3832244873047
2007-08-01,138.03245544433594
2007-08-02,137.86148071289062
2007-08-03,140.46006774902344
2007-08-06,136.835693359375
2007-08-07,138.9184112548828
2007-08-08,141.1053466796875
2007-08-09,139.5432891845703
2007-08-10,136.1414794921875
2007-08-13,141.66070556640625
2007-08-14,139.2655487060547
2007-08-16,136.31503295898438
2007-08-17,133.64215087890625
2007-08-20,137.66879272460938
2007-08-21,134.16287231445312
2007-08-22,136.17617797851562
2007-08-23,137.39108276367188
2007-08-24,138.43243408203125
2007-08-27,139.36972045898438
2007-08-28,140.30694580078125
2007-08-29,140.20281982421875
2007-08-30,141.07061767578125
2007-08-31,144.61122131347656
2007-09-03,145.6526336669922
2007-09-04,146.48573303222656
2007-09-05,147.4229736328125
2007-09-06,150.199951171875
2007-09-07,148.53370666503906
2007-09-10,148.1172332763672
2007-09-11,150.72059631347656
2007-09-12,151.0330047607422
2007-09-13,149.26268005371094
2007-09-14,147.2146759033203
2007-09-17,149.88754272460938
2007-09-18,148.9502716064453
2007-09-19,150.65115356445312
2007-09-20,148.70724487304688
2007-09-21,152.3173828125
2007-09-24,155.1637725830078
2007-09-25,157.8366241455078
2007-09-26,156.51756286621094
2007-09-27,151.97023010253906
2007-09-28,153.1504669189453
2007-10-01,155.58029174804688
2007-10-03,153.08106994628906
2007-10-04,155.44149780273438
2007-10-05,154.05291748046875
2007-10-08,153.25462341308594
2007-10-09,155.7191619873047
2007-10-10,155.54563903808594
2007-10-11,156.7952880859375
2007-10-12,153.6017303466797
2007-10-15,152.24795532226562
2007-10-16,147.83946228027344
2007-10-17,145.3749237060547
2007-10-18,146.0691375732422
2007-10-19,142.8409423828125
2007-10-22,144.05584716796875
2007-10-23,149.7833709716797
2007-10-24,149.9222412109375
2007-10-25,153.25462341308594
2007-10-26,151.20655822753906
2007-10-29,152.45623779296875
2007-10-30,152.35203552246094
2007-10-31,143.74346923828125
2007-11-01,134.47525024414062
2007-11-02,135.9331817626953
2007-11-05,134.19760131835938
2007-11-06,135.8984832763672
2007-11-07,136.0041961669922
2007-11-08,137.6610870361328
2007-11-12,140.30503845214844
2007-11-13,140.97483825683594
2007-11-14,141.67982482910156
2007-11-15,140.3755340576172
2007-11-16,141.96188354492188
2007-11-19,144.570556640625
2007-11-20,144.85260009765625
2007-11-21,142.38491821289062
2007-11-22,142.3497314453125
2007-11-23,145.80441284179688
2007-11-26,148.2720947265625
2007-11-27,148.37786865234375
2007-11-28,147.4965362548828
2007-11-29,148.0958251953125
2007-11-30,145.7691650390625
2007-12-03,145.27561950683594
2007-12-04,145.6281280517578
2007-12-05,145.2404327392578
2007-12-06,146.40370178222656
2007-12-07,147.07354736328125
2007-12-10,145.16990661621094
2007-12-11,148.55409240722656
2007-12-12,148.2368621826172
2007-12-13,149.47068786621094
2007-12-14,154.19451904296875
2007-12-17,154.3708038330078
2007-12-18,149.64694213867188
2007-12-19,149.82322692871094
2007-12-20,150.10520935058594
2007-12-24,152.60818481445312
2007-12-26,151.79734802246094
2007-12-27,152.92543029785156
2007-12-28,152.5376434326172
2007-12-31,150.66928100585938
2008-01-01,154.01829528808594
2008-01-02,152.1498565673828
2008-01-03,157.12045288085938
2008-01-04,163.60693359375
2008-01-07,167.2379150390625
2008-01-08,166.81495666503906
2008-01-09,164.9818115234375
2008-01-10,161.13925170898438
2008-01-11,157.71975708007812
2008-01-14,154.4413299560547
2008-01-15,152.85491943359375
2008-01-16,151.3743133544922
2008-01-17,153.3837432861328
2008-01-18,150.8102264404297
2008-01-21,140.76329040527344
2008-01-22,129.7645263671875
2008-01-23,134.38259887695312
2008-01-24,131.24513244628906
2008-01-25,141.11582946777344
2008-01-28,140.93955993652344
2008-01-29,147.2498016357422
2008-01-30,138.0841827392578
2008-01-31,147.1792755126953
2008-02-01,146.5799560546875
2008-02-04,150.35205078125
2008-02-05,147.35552978515625
2008-02-06,143.93606567382812
2008-02-07,141.0100860595703
2008-02-08,148.94190979003906
2008-02-11,136.8502960205078
2008-02-12,136.7445068359375
2008-02-13,135.7222442626953
2008-02-14,143.19578552246094
2008-02-15,148.8714141845703
2008-02-18,153.06646728515625
2008-02-19,156.13345336914062
2008-02-20,150.98655700683594
2008-02-21,155.2521209716797
2008-02-22,152.50242614746094
2008-02-25,152.07936096191406
2008-02-26,155.00535583496094
2008-02-27,155.28736877441406
2008-02-28,155.78091430664062
2008-02-29,160.39898681640625
2008-03-03,163.4659423828125
2008-03-04,161.45655822753906
2008-03-05,159.12986755371094
2008-03-07,159.2003936767578
2008-03-10,157.79026794433594
2008-03-11,158.46009826660156
2008-03-12,156.69744873046875
2008-03-13,156.48594665527344
2008-03-14,159.5177001953125
2008-03-17,159.19615173339844
2008-03-18,165.44822692871094
2008-03-19,161.19674682617188
2008-03-24,167.80613708496094
2008-03-25,175.0942840576172
2008-03-26,167.98475646972656
2008-03-27,174.8441925048828
2008-03-28,173.0579071044922
2008-03-31,163.4832763671875
2008-04-01,170.34271240234375
2008-04-02,168.30630493164062
2008-04-03,173.7724151611328
2008-04-04,172.80784606933594
2008-04-07,180.917709350586
2008-04-08,177.80950927734375
2008-04-09,174.91566467285156
2008-04-10,171.6288604736328
2008-04-11,168.2705841064453
2008-04-15,175.70162963867188
2008-04-16,172.2004852294922
2008-04-17,165.69830322265625
2008-04-21,168.66358947753906
2008-04-22,170.91433715820312
2008-04-23,174.30831909179688
2008-04-24,177.9166259765625
2008-04-25,178.84556579589844
2008-04-28,176.66622924804688
2008-04-29,179.91732788085938
2008-04-30,178.80982971191406
2008-05-02,178.95274353027344
2008-05-05,177.3450927734375
2008-05-06,177.59512329101562
2008-05-07,180.0602569580078
2008-05-08,179.2028045654297
2008-05-09,180.0245361328125
2008-05-12,176.5233612060547
2008-05-13,175.80885314941406
2008-05-14,173.55807495117188
2008-05-15,169.87823486328125
2008-05-16,174.30831909179688
2008-05-20,172.4505615234375
2008-05-21,168.4134979248047
2008-05-22,167.6989288330078
2008-05-23,168.05625915527344
2008-05-26,165.23385620117188
2008-05-27,166.01983642578125
2008-05-28,170.30699157714844
2008-05-29,169.23521423339844
2008-05-30,169.41383361816406
2008-06-02,167.87757873535156
2008-06-03,168.12765502929688
2008-06-04,164.55508422851562
2008-06-05,169.94972229003906
2008-06-06,169.52099609375
2008-06-09,165.59112548828125
2008-06-10,167.4488525390625
2008-06-11,166.48428344726562
2008-06-12,165.8411865234375
2008-06-13,162.01846313476562
2008-06-16,165.16236877441406
2008-06-17,168.8779296875
2008-06-18,167.34169006347656
2008-06-19,165.69830322265625
2008-06-20,161.303955078125
2008-06-23,162.23287963867188
2008-06-24,153.5156707763672
2008-06-25,154.40878295898438
2008-06-26,152.122314453125
2008-06-27,149.01414489746094
2008-06-30,148.01376342773438
2008-07-01,141.22584533691406
2008-07-02,143.0478515625
2008-07-03,140.29693603515625
2008-07-04,143.9767303466797
2008-07-07,149.87158203125
2008-07-08,149.94302368164062
2008-07-09,154.6588897705078
2008-07-10,156.12367248535156
2008-07-11,152.979736328125
2008-07-14,157.2669219970703
2008-07-15,151.26486206054688
2008-07-16,153.73001098632812
2008-07-17,157.016845703125
2008-07-18,157.0525360107422
2008-07-21,162.9116668701172
2008-07-22,166.2699432373047
2008-07-23,164.9480438232422
2008-07-24,162.69729614257812
2008-07-25,166.627197265625
2008-07-28,164.9480438232422
2008-07-29,169.91400146484375
2008-07-30,170.52133178710938
2008-07-31,171.2358856201172
2008-08-01,167.87757873535156
2008-08-04,169.8359832763672
2008-08-05,174.0429229736328
2008-08-06,178.21356201171875
2008-08-07,175.71121215820312
2008-08-08,175.5298309326172
2008-08-11,175.49356079101562
2008-08-12,176.2188720703125
2008-08-13,176.76287841796875
2008-08-14,173.82530212402344
2008-08-18,175.16722106933594
2008-08-19,176.5452880859375
2008-08-20,176.3277130126953
2008-08-21,171.0327911376953
2008-08-22,177.63331604003906
2008-08-25,176.5452880859375
2008-08-26,179.4103240966797
2008-08-27,178.7938232421875
2008-08-28,173.71649169921875
2008-08-29,177.99595642089844
2008-09-01,175.49356079101562
2008-09-02,179.15652465820312
2008-09-04,174.55062866210938
2008-09-05,177.77835083007812
2008-09-08,183.47216796875
2008-09-09,182.4204864501953
2008-09-10,181.80392456054688
2008-09-11,179.0476837158203
2008-09-12,180.4620513916016
2008-09-15,176.2914276123047
2008-09-16,174.44183349609375
2008-09-17,172.73727416992188
2008-09-18,174.5869140625
2008-09-19,177.8509063720703
2008-09-22,181.11489868164065
2008-09-23,179.26527404785156
2008-09-24,181.11489868164065
2008-09-25,180.7159423828125
2008-09-26,183.14581298828125
2008-09-29,184.7052764892578
2008-09-30,182.9644775390625
2008-10-01,184.48760986328125
2008-10-03,186.1921539306641
2008-10-06,181.006088256836
2008-10-07,180.8247528076172
2008-10-08,172.73727416992188
2008-10-10,160.9144287109375
2008-10-13,167.5511932373047
2008-10-14,173.208740234375
2008-10-15,167.80508422851562
2008-10-16,179.55545043945312
2008-10-17,175.2034149169922
2008-10-20,173.5714111328125
2008-10-21,181.5500640869141
2008-10-22,182.7831420898437
2008-10-23,175.34849548339844
2008-10-24,164.25099182128906
2008-10-27,153.51605224609375
2008-10-29,150.43345642089844
2008-10-31,160.8418426513672
2008-11-03,172.15704345703125
2008-11-04,179.3378143310547
2008-11-05,173.24510192871094
2008-11-06,177.66958618164062
2008-11-07,181.11489868164065
2008-11-10,182.4204864501953
2008-11-11,179.08395385742188
2008-11-12,170.12612915039062
2008-11-14,170.1986541748047
2008-11-17,170.85145568847656
2008-11-18,170.52503967285156
2008-11-19,169.9085235595703
2008-11-20,170.0898895263672
2008-11-21,170.48880004882812
2008-11-24,171.17784118652344
2008-11-25,171.35922241210938
2008-11-26,171.6130828857422
2008-11-27,171.6130828857422
2008-11-28,171.46800231933594
2008-12-01,168.63925170898438
2008-12-02,169.11065673828125
2008-12-03,168.3853302001953
2008-12-04,171.54052734375
2008-12-05,170.2711639404297
2008-12-08,174.36927795410156
2008-12-10,177.4882049560547
2008-12-11,175.23965454101562
2008-12-12,174.36927795410156
2008-12-15,176.94419860839844
2008-12-16,180.0994110107422
2008-12-17,182.7831420898437
2008-12-18,185.3217620849609
2008-12-19,192.6838531494141
2008-12-22,190.25401306152344
2008-12-23,186.9537506103516
2008-12-24,186.7361602783203
2008-12-26,182.8556671142578
2008-12-29,183.3996734619141
2008-12-30,183.00076293945312
2008-12-31,181.5500640869141
2009-01-02,179.5191650390625
2009-01-05,176.255126953125
2009-01-06,179.08395385742188
2009-01-07,182.1665496826172
2009-01-09,191.0518951416016
2009-01-12,191.37831115722656
2009-01-13,184.63270568847656
2009-01-14,184.23377990722656
2009-01-15,179.15652465820312
2009-01-16,181.9127349853516
2009-01-19,184.3788909912109
2009-01-20,178.46742248535156
2009-01-21,185.0316619873047
2009-01-22,183.6897888183593
2009-01-23,179.0114288330078
2009-01-27,183.7623443603516
2009-01-28,187.89669799804688
2009-01-29,186.446029663086
2009-01-30,189.7825622558593
2009-02-02,189.9639587402344
2009-02-03,193.01028442382807
2009-02-04,194.3158721923828
2009-02-05,191.0518951416016
2009-02-06,189.0209350585937
2009-02-09,188.6945953369141
2009-02-10,187.82421875
2009-02-11,188.0055389404297
2009-02-12,187.64288330078125
2009-02-13,188.04177856445312
2009-02-16,185.8657989501953
2009-02-17,183.10952758789065
2009-02-18,183.8348693847656
2009-02-19,180.8247528076172
2009-02-20,180.78846740722656
2009-02-24,183.43592834472656
2009-02-25,182.45675659179688
2009-02-26,184.0161590576172
2009-02-27,183.87110900878903
2009-03-02,177.56076049804688
2009-03-03,175.27598571777344
2009-03-04,174.6956787109375
2009-03-05,166.93467712402344
2009-03-06,162.43763732910156
2009-03-09,156.85260009765625
2009-03-12,163.67066955566406
2009-03-13,166.39065551757812
2009-03-16,170.77891540527344
2009-03-17,169.2919921875
2009-03-18,168.49412536621094
2009-03-19,167.04348754882812
2009-03-20,169.219482421875
2009-03-23,173.063720703125
2009-03-24,173.53515625
2009-03-25,170.1986541748047
2009-03-26,173.89785766601562
2009-03-27,174.07913208007812
2009-03-30,173.89785766601562
2009-03-31,172.26585388183594
2009-04-01,171.50424194335938
2009-04-02,167.5511932373047
2009-04-06,164.93997192382812
2009-04-08,175.02210998535156
2009-04-09,169.00186157226562
2009-04-13,166.8258819580078
2009-04-15,170.77891540527344
2009-04-16,173.46261596679688
2009-04-17,173.42636108398438
2009-04-20,172.6285400390625
2009-04-21,176.1826629638672
2009-04-22,174.51437377929688
2009-04-23,174.26048278808594
2009-04-24,172.84613037109375
2009-04-27,167.4061279296875
2009-04-28,163.4167938232422
2009-04-29,170.2711639404297
2009-04-30,170.2711639404297
2009-05-04,174.0066375732422
2009-05-05,172.88243103027344
2009-05-06,170.162353515625
2009-05-07,167.29734802246094
2009-05-08,169.0381622314453
2009-05-11,164.7586669921875
2009-05-12,163.27175903320312
2009-05-13,160.9869842529297
2009-05-14,163.09046936035156
2009-05-15,162.6914825439453
2009-05-18,173.7890625
2009-05-19,166.4632110595703
2009-05-20,169.3282470703125
2009-05-21,167.11602783203125
2009-05-22,168.2765655517578
2009-05-25,169.0381622314453
2009-05-26,167.5511932373047
2009-05-27,166.93467712402344
2009-05-28,167.5511932373047
2009-05-29,167.4061279296875
2009-06-01,168.7480010986328
2009-06-02,169.54583740234375
2009-06-03,173.86158752441406
2009-06-04,180.9698028564453
2009-06-05,182.7831420898437
2009-06-08,182.9644775390625
2009-06-09,186.2284240722656
2009-06-10,191.740966796875
2009-06-11,188.549545288086
2009-06-12,188.40216064453125
2009-06-15,190.9068756103516
2009-06-16,194.0744781494141
2009-06-17,192.7117156982422
2009-06-18,191.34884643554688
2009-06-19,192.0855255126953
2009-06-22,190.98049926757807
2009-06-23,191.56982421875
2009-06-24,193.70616149902344
2009-06-25,190.7595367431641
2009-06-26,195.9897918701172
2009-06-29,196.39498901367188
2009-06-30,197.0579833984375
2009-07-01,200.9991455078125
2009-07-02,198.9733123779297
2009-07-03,201.22018432617188
2009-07-06,202.50929260253903
2009-07-07,201.44113159179688
2009-07-08,199.12063598632807
2009-07-09,195.7688751220703
2009-07-10,196.947494506836
2009-07-13,194.3691864013672
2009-07-14,198.4945068359375
2009-07-15,199.3048553466797
2009-07-16,196.100341796875
2009-07-17,196.5054931640625
2009-07-20,196.68960571289065
2009-07-21,198.6786346435547
2009-07-22,198.38389587402344
2009-07-23,203.87213134765625
2009-07-24,208.21844482421875
2009-07-27,220.7417755126953
2009-07-28,203.7985382080078
2009-07-29,197.68418884277344
2009-07-30,207.29766845703125
2009-07-31,214.73797607421875
2009-08-03,210.02330017089844
2009-08-04,216.5796356201172
2009-08-05,213.92759704589844
2009-08-06,205.2717742919922
2009-08-07,198.6049652099609
2009-08-10,192.0118103027344
2009-08-11,193.8535003662109
2009-08-12,189.13885498046875
2009-08-13,194.0376739501953
2009-08-14,189.24932861328125
2009-08-17,182.9876708984375
2009-08-18,190.50167846679688
2009-08-19,189.24932861328125
2009-08-20,189.0283660888672
2009-08-21,192.0855255126953
2009-08-24,198.12615966796875
2009-08-25,198.5313262939453
2009-08-26,193.81668090820312
2009-08-27,188.8809509277344
2009-08-28,191.7907867431641
2009-08-31,191.4962310791016
2009-09-01,193.3378448486328
2009-09-02,196.8002014160156
2009-09-03,197.1684417724609
2009-09-04,201.1464691162109
2009-09-07,201.84629821777344
2009-09-08,196.1371459960937
2009-09-09,195.54786682128903
2009-09-10,193.0800018310547
2009-09-11,188.6599578857422
2009-09-14,191.45936584472656
2009-09-15,191.2383728027344
2009-09-16,189.322998046875
2009-09-17,192.41696166992188
2009-09-18,192.7484588623047
2009-09-22,194.95852661132807
2009-09-23,190.39117431640625
2009-09-24,191.4962310791016
2009-09-25,191.1646881103516
2009-09-29,193.9271697998047
2009-09-30,193.4483642578125
2009-10-01,195.510986328125
2009-10-05,196.72642517089844
2009-10-06,207.5554962158203
2009-10-07,206.41363525390625
2009-10-08,211.7544860839844
2009-10-09,211.3492889404297
2009-10-12,214.074951171875
2009-10-13,214.074951171875
2009-10-14,216.4691619873047
2009-10-15,213.04364013671875
2009-10-16,211.09146118164065
2009-10-20,206.4504852294922
2009-10-21,201.5884704589844
2009-10-22,205.0139617919922
2009-10-23,206.7451171875
2009-10-26,204.6824645996093
2009-10-27,206.56100463867188
2009-10-28,206.1189727783203
2009-10-29,208.54995727539065
2009-10-30,208.8446502685547
2009-11-03,201.18331909179688
2009-11-04,204.7561798095703
2009-11-05,206.0453338623047
2009-11-06,202.99224853515625
2009-11-09,202.09864807128903
2009-11-10,196.4765472412109
2009-11-11,197.8913726806641
2009-11-12,196.8861083984375
2009-11-13,200.9072113037109
2009-11-16,204.2581024169922
2009-11-17,205.97085571289065
2009-11-18,206.08251953125
2009-11-19,205.1516876220703
2009-11-20,205.97085571289065
2009-11-23,209.13560485839844
2009-11-24,208.42822265625
2009-11-25,211.6674194335937
2009-11-26,213.4918670654297
2009-11-27,211.7046661376953
2009-11-30,212.37489318847656
2009-12-01,207.49734497070312
2009-12-02,204.63047790527344
2009-12-03,201.5401763916016
2009-12-04,202.5082550048828
2009-12-07,202.3592834472656
2009-12-08,206.26870727539065
2009-12-09,206.04537963867188
2009-12-10,203.32736206054688
2009-12-11,203.2528839111328
2009-12-14,199.2317047119141
2009-12-15,198.33816528320312
2009-12-16,196.43927001953125
2009-12-17,200.1625823974609
2009-12-18,196.104248046875
2009-12-21,195.17340087890625
2009-12-22,194.57765197753903
2009-12-23,196.81158447265625
2009-12-24,197.81689453125
2009-12-29,197.3328857421875
2009-12-30,198.15200805664065
2009-12-31,197.1839141845703
2010-01-04,197.1095123291016
2010-01-05,196.4765472412109
2010-01-06,197.5935516357422
2010-01-07,197.1839141845703
2010-01-08,198.04034423828125
2010-01-11,198.15200805664065
2010-01-12,195.21055603027344
2010-01-13,195.4712371826172
2010-01-14,190.6682281494141
2010-01-15,190.92886352539065
2010-01-18,191.5990753173828
2010-01-19,190.2214508056641
2010-01-20,191.97137451171875
2010-01-21,191.18948364257807
2010-01-22,192.08311462402344
2010-01-25,196.551010131836
2010-01-27,193.1256103515625
2010-01-28,190.1097412109375
2010-01-29,180.4292755126953
2010-02-01,176.66880798339844
2010-02-02,176.11029052734375
2010-02-03,176.0730743408203
2010-02-04,172.05191040039062
2010-02-05,170.5626220703125
2010-02-08,176.11029052734375
2010-02-09,173.20614624023438
2010-02-10,171.34454345703125
2010-02-11,173.80186462402344
2010-02-15,171.08389282226562
2010-02-16,176.59434509277344
2010-02-17,179.12612915039062
2010-02-18,180.5782470703125
2010-02-19,179.46124267578125
2010-02-22,183.2961883544922
2010-02-23,182.3654022216797
2010-02-24,180.31759643554688
2010-02-25,175.1422119140625
2010-02-26,175.8868865966797
2010-03-02,174.58375549316406
2010-03-03,178.04637145996094
2010-03-04,181.28564453125
2010-03-05,180.9505310058593
2010-03-08,177.7857666015625
2010-03-09,175.7751922607422
2010-03-10,178.53042602539062
2010-03-11,170.37643432617188
2010-03-12,163.376708984375
2010-03-15,167.95635986328125
2010-03-16,168.8126983642578
2010-03-17,166.7276611328125
2010-03-18,167.43508911132812
2010-03-19,170.48817443847656
2010-03-22,169.96693420410156
2010-03-23,170.1530303955078
2010-03-25,172.75938415527344
2010-03-26,177.599609375
2010-03-29,178.49319458007812
2010-03-30,180.09417724609375
2010-03-31,178.3814697265625
2010-04-01,171.56790161132812
2010-04-05,170.59988403320312
2010-04-06,171.1956024169922
2010-04-07,167.54676818847656
2010-04-08,165.8341064453125
2010-04-09,164.8288116455078
2010-04-12,167.17446899414062
2010-04-13,166.4670867919922
2010-04-15,167.8819122314453
2010-04-16,169.03607177734375
2010-04-19,167.3606414794922
2010-04-20,169.63180541992188
2010-04-21,173.39230346679688
2010-04-22,176.74322509765625
2010-04-23,178.04637145996094
2010-04-26,179.83355712890625
2010-04-27,180.68991088867188
2010-04-28,180.1686248779297
2010-04-29,175.44007873535156
2010-04-30,178.567626953125
2010-05-03,174.06246948242188
2010-05-04,173.01995849609375
2010-05-05,170.33921813964844
2010-05-06,172.87106323242188
2010-05-07,174.6954345703125
2010-05-10,176.4453887939453
2010-05-11,176.3709259033203
2010-05-12,177.599609375
2010-05-13,177.376220703125
2010-05-14,174.1741943359375
2010-05-17,178.75381469726562
2010-05-18,178.75381469726562
2010-05-19,173.7646484375
2010-05-20,176.4453887939453
2010-05-21,171.7913055419922
2010-05-24,172.53594970703125
2010-05-25,171.6796112060547
2010-05-26,172.4242401123047
2010-05-27,173.5040283203125
2010-05-28,175.99859619140625
2010-05-31,176.63156127929688
2010-06-01,174.0997314453125
2010-06-02,177.04110717773438
2010-06-03,183.96633911132807
2010-06-04,187.42898559570312
2010-06-07,186.9449920654297
2010-06-08,187.20562744140625
2010-06-09,185.82801818847656
2010-06-10,187.65240478515625
2010-06-11,188.21090698242188
2010-06-14,190.2214508056641
2010-06-15,193.7213287353516
2010-06-16,190.5565795898437
2010-06-17,188.39703369140625
2010-06-18,191.93414306640625
2010-06-21,192.67877197265625
2010-06-22,194.9127960205078
2010-06-23,198.2265014648437
2010-06-24,201.72634887695312
2010-06-25,198.26370239257807
2010-06-28,198.6360321044922
2010-06-29,195.5829315185547
2010-06-30,199.2317047119141
2010-07-01,202.9178466796875
2010-07-02,199.8647308349609
2010-07-05,198.1892547607422
2010-07-06,199.0828399658203
2010-07-07,199.2689666748047
2010-07-08,201.0421142578125
2010-07-09,197.9862823486328
2010-07-12,197.7976531982422
2010-07-13,196.0245513916016
2010-07-14,194.36460876464844
2010-07-15,198.703125
2010-07-16,200.8157501220703
2010-07-19,199.646224975586
2010-07-20,198.1749725341797
2010-07-21,197.495849609375
2010-07-22,197.91082763671875
2010-07-23,197.6468048095703
2010-07-26,197.6468048095703
2010-07-27,196.4772186279297
2010-07-28,190.40333557128903
2010-07-29,193.5346221923828
2010-07-30,189.72427368164065
2010-08-02,191.2333526611328
2010-08-03,191.15786743164065
2010-08-04,193.6477966308593
2010-08-05,192.6291961669922
2010-08-06,192.4405670166016
2010-08-09,193.1950836181641
2010-08-10,196.32638549804688
2010-08-11,197.11862182617188
2010-08-12,200.70260620117188
2010-08-13,200.55165100097656
2010-08-16,203.64520263671875
2010-08-17,200.43844604492188
2010-08-18,203.1547241210937
2010-08-19,206.77642822265625
2010-08-20,202.8907012939453
2010-08-23,202.8529510498047
2010-08-24,203.4565887451172
2010-08-25,202.2115936279297
2010-08-26,200.43844604492188
2010-08-27,199.15579223632807
2010-08-30,198.929443359375
2010-08-31,199.57081604003903
2010-09-01,201.11756896972656
2010-09-02,203.64520263671875
2010-09-03,205.9087371826172
2010-09-06,204.96563720703125
2010-09-07,204.21109008789065
2010-09-08,206.92735290527344
2010-09-09,210.549057006836
2010-09-13,210.6244659423828
2010-09-14,209.87001037597656
2010-09-15,209.7945709228516
2010-09-16,209.83224487304688
2010-09-17,212.6239471435547
2010-09-20,221.22561645507807
2010-09-21,222.5459442138672
2010-09-22,224.8472595214844
2010-09-23,228.84622192382807
2010-09-24,237.6363983154297
2010-09-27,233.0337677001953
2010-09-28,231.0343017578125
2010-09-29,230.88340759277344
2010-09-30,233.18467712402344
2010-10-01,233.6750946044922
2010-10-04,232.80743408203125
2010-10-05,229.37437438964844
2010-10-06,227.2239685058593
2010-10-07,223.602279663086
2010-10-08,223.1873016357422
2010-10-11,222.47042846679688
2010-10-12,220.1692810058593
2010-10-13,228.8838806152344
2010-10-14,225.71495056152344
2010-10-15,225.2999725341797
2010-10-18,224.05499267578125
2010-10-19,224.0926971435547
2010-10-20,221.37643432617188
2010-10-21,231.2229156494141
2010-10-22,227.2994079589844
2010-10-25,231.1097412109375
2010-10-26,225.0358123779297
2010-10-27,221.07472229003903
2010-10-28,219.79196166992188
2010-10-29,222.3573303222656
2010-11-01,224.52981567382807
2010-11-02,224.56788635253903
2010-11-03,225.6351776123047
2010-11-04,228.0743865966797
2010-11-08,233.75338745117188
2010-11-09,243.1675720214844
2010-11-10,239.92791748046875
2010-11-11,235.69728088378903
2010-11-12,230.05633544921875
2010-11-15,231.5046539306641
2010-11-16,227.502670288086
2010-11-18,228.34120178222656
2010-11-19,227.92193603515625
2010-11-22,228.41748046875
2010-11-23,228.9128570556641
2010-11-24,228.53175354003903
2010-11-25,226.5498809814453
2010-11-26,223.424545288086
2010-11-29,227.0072784423828
2010-11-30,227.35020446777344
2010-12-01,226.85476684570312
2010-12-02,226.3592834472656
2010-12-03,228.112533569336
2010-12-06,228.9128570556641
2010-12-07,225.444580078125
2010-12-08,225.94004821777344
2010-12-09,220.3753662109375
2010-12-10,225.6351776123047
2010-12-13,229.44650268554688
2010-12-14,227.35020446777344
2010-12-15,227.7313995361328
2010-12-16,224.1105194091797
2010-12-20,224.9872283935547
2010-12-21,223.9199981689453
2010-12-22,223.7294311523437
2010-12-23,221.89996337890625
2010-12-24,224.8728179931641
2010-12-27,225.82571411132807
2010-12-28,224.4154663085937
2010-12-29,232.2669982910156
2010-12-30,235.77345275878903
2010-12-31,238.51768493652344
2011-01-03,238.708236694336
2011-01-04,244.6158905029297
2011-01-05,248.27491760253903
2011-01-06,244.5016021728516
2011-01-07,238.63194274902344
2011-01-10,235.54473876953125
2011-01-11,234.7444305419922
2011-01-12,232.4193725585937
2011-01-13,230.3612823486328
2011-01-14,230.6280517578125
2011-01-17,229.9420623779297
2011-01-18,230.094482421875
2011-01-19,228.41748046875
2011-01-20,228.6079864501953
2011-01-21,227.31211853027344
2011-01-24,227.12161254882807
2011-01-25,214.88699340820312
2011-01-27,206.3493804931641
2011-01-28,207.3022918701172
2011-01-31,206.6924591064453
2011-02-01,205.54904174804688
2011-02-02,209.3223876953125
2011-02-03,212.6382598876953
2011-02-04,208.06451416015625
2011-02-07,209.1316833496093
2011-02-08,208.3694610595703
2011-02-09,210.69439697265625
2011-02-10,207.8358612060547
2011-02-11,205.1678771972656
2011-02-14,208.2169952392578
2011-02-15,208.2169952392578
2011-02-16,210.3133087158203
2011-02-17,208.8268585205078
2011-02-18,212.9812774658203
2011-02-21,213.66729736328125
2011-02-22,213.66729736328125
2011-02-23,213.514877319336
2011-02-24,213.514877319336
2011-02-25,213.66729736328125
2011-02-28,214.96316528320312
2011-03-01,219.1176300048828
2011-03-03,221.67124938964844
2011-03-04,219.46066284179688
2011-03-07,214.4676971435547
2011-03-08,214.7725982666016
2011-03-09,213.2099456787109
2011-03-10,210.8850250244141
2011-03-11,211.41856384277344
2011-03-14,211.99029541015625
2011-03-15,209.4366149902344
2011-03-16,206.84487915039065
2011-03-17,206.3493804931641
2011-03-18,205.0535583496093
2011-03-21,202.88101196289065
2011-03-22,204.0625457763672
2011-03-23,205.54904174804688
2011-03-24,205.12977600097656
2011-03-25,206.8067779541016
2011-03-28,210.9231719970703
2011-03-29,211.6854248046875
2011-03-30,211.9521942138672
2011-03-31,218.850830078125
2011-04-01,216.4496612548828
2011-04-04,213.1717834472656
2011-04-05,209.89405822753903
2011-04-06,211.30426025390625
2011-04-07,210.3894958496093
2011-04-08,211.1898498535156
2011-04-11,208.5981292724609
2011-04-13,214.6582946777344
2011-04-15,209.66531372070312
2011-04-18,214.31521606445312
2011-04-19,211.1898498535156
2011-04-20,216.56393432617188
2011-04-21,220.10861206054688
2011-04-25,220.03233337402344
2011-04-26,216.18283081054688
2011-04-27,216.1066436767578
2011-04-28,212.905014038086
2011-04-29,217.40255737304688
2011-05-02,214.23904418945312
2011-05-03,207.8358612060547
2011-05-04,209.70350646972656
2011-05-05,203.9482269287109
2011-05-06,210.3133087158203
2011-05-09,217.0595092773437
2011-05-10,226.5880126953125
2011-05-11,228.8367462158203
2011-05-12,229.75148010253903
2011-05-13,233.75338745117188
2011-05-16,232.00018310546875
2011-05-17,235.5066375732422
2011-05-18,235.5828552246093
2011-05-19,236.002182006836
2011-05-20,236.4595642089844
2011-05-23,231.7333526611328
2011-05-24,230.3993988037109
2011-05-25,228.68423461914065
2011-05-26,235.2398376464844
2011-05-27,230.17062377929688
2011-05-30,230.81863403320312
2011-05-31,232.15255737304688
2011-06-01,236.6501007080078
2011-06-02,244.5016021728516
2011-06-03,242.8245849609375
2011-06-06,240.0803680419922
2011-06-07,235.354248046875
2011-06-08,238.89878845214844
2011-06-09,238.2508087158203
2011-06-10,237.4123687744141
2011-06-13,239.31814575195312
2011-06-14,240.3853302001953
2011-06-15,241.4524841308593
2011-06-16,244.6158905029297
2011-06-17,244.6158905029297
2011-06-20,245.8736572265625
2011-06-21,245.72122192382807
2011-06-22,236.8787536621093
2011-06-23,242.1003570556641
2011-06-24,247.2458038330078
2011-06-27,246.5596923828125
2011-06-28,246.6741180419922
2011-06-29,253.6869964599609
2011-06-30,261.9577941894531
2011-07-01,256.69805908203125
2011-07-04,256.4694519042969
2011-07-05,253.6869964599609
2011-07-06,251.362060546875
2011-07-07,255.9357452392578
2011-07-08,256.8601989746094
2011-07-11,255.74319458007807
2011-07-12,256.4750061035156
2011-07-13,255.24249267578125
2011-07-14,255.9742431640625
2011-07-15,254.010009765625
2011-07-18,256.590576171875
2011-07-19,254.8574066162109
2011-07-20,255.62765502929688
2011-07-21,257.0912170410156
2011-07-22,257.052734375
2011-07-25,255.12696838378903
2011-07-26,252.2382659912109
2011-07-27,251.12136840820312
2011-07-28,248.6948699951172
2011-07-29,249.5807037353516
2011-08-01,248.77186584472656
2011-08-02,249.38804626464844
2011-08-03,248.0401153564453
2011-08-04,245.8832244873047
2011-08-05,245.61363220214844
2011-08-08,246.2683868408203
2011-08-09,246.075912475586
2011-08-10,243.6493530273437
2011-08-11,243.0715789794922
2011-08-12,242.6864471435547
2011-08-16,239.1430206298828
2011-08-17,243.7263946533203
2011-08-18,244.0345001220703
2011-08-19,243.18716430664065
2011-08-22,241.22286987304688
2011-08-23,245.074462890625
2011-08-24,246.2683868408203
2011-08-25,246.7305450439453
2011-08-26,246.22979736328125
2011-08-29,246.4994964599609
2011-08-30,246.8075561523437
2011-09-02,246.4994964599609
2011-09-05,246.38394165039065
2011-09-06,246.4994964599609
2011-09-07,246.8846740722656
2011-09-08,250.15850830078125
2011-09-09,256.62896728515625
2011-09-12,266.5276184082031
2011-09-13,262.94561767578125
2011-09-14,271.611572265625
2011-09-15,269.03106689453125
2011-09-16,261.40496826171875
2011-09-19,260.24951171875
2011-09-20,264.2165832519531
2011-09-21,260.9428405761719
2011-09-22,255.66616821289065
2011-09-23,255.08843994140625
2011-09-26,253.3552398681641
2011-09-27,260.9813232421875
2011-09-28,257.861572265625
2011-09-29,264.8329162597656
2011-09-30,262.367919921875
2011-10-03,257.3993835449219
2011-10-04,251.31396484375
2011-10-05,247.96310424804688
2011-10-07,253.70196533203125
2011-10-10,255.08843994140625
2011-10-11,250.96725463867188
2011-10-12,253.70196533203125
2011-10-13,251.69911193847656
2011-10-14,255.31951904296875
2011-10-17,257.2067565917969
2011-10-18,253.7789306640625
2011-10-19,255.31951904296875
2011-10-20,254.5492401123047
2011-10-21,251.1983337402344
2011-10-24,259.5177307128906
2011-10-25,262.71453857421875
2011-10-28,270.41766357421875
2011-10-31,289.4828491210937
2011-11-01,298.9576110839844
2011-11-02,300.4598693847656
2011-11-03,294.4513244628906
2011-11-04,295.1510009765625
2011-11-08,295.9673156738281
2011-11-09,305.451904296875
2011-11-11,307.5898742675781
2011-11-14,310.62188720703125
2011-11-15,304.2469177246094
2011-11-16,304.6745910644531
2011-11-17,303.7416687011719
2011-11-18,303.08074951171875
2011-11-21,303.3529052734375
2011-11-22,299.2324523925781
2011-11-23,298.2607116699219
2011-11-24,299.3102111816406
2011-11-25,292.1579284667969
2011-11-28,296.9001159667969
2011-11-29,301.798095703125
2011-11-30,308.75604248046875
2011-12-01,303.6639404296875
2011-12-02,307.0068054199219
2011-12-05,307.0845031738281
2011-12-07,308.4449768066406
2011-12-08,305.4908752441406
2011-12-09,299.8544921875
2011-12-12,297.9886474609375
2011-12-13,300.1264953613281
2011-12-14,298.8827209472656
2011-12-15,307.24005126953125
2011-12-16,305.3742370605469
2011-12-19,308.0174560546875
2011-12-20,308.4061889648437
2011-12-21,312.1378479003906
2011-12-22,317.50213623046875
2011-12-23,320.06768798828125
2011-12-26,325.8983459472656
2011-12-27,323.9935607910156
2011-12-28,320.0287170410156
2011-12-29,322.0889892578125
2011-12-30,316.7246398925781
2012-01-02,312.8374328613281
2012-01-03,317.1523132324219
2012-01-04,307.4344177246094
2012-01-05,305.8017883300781
2012-01-06,308.48388671875
2012-01-09,305.8796081542969
2012-01-10,307.4344177246094
2012-01-11,305.14093017578125
2012-01-12,306.34588623046875
2012-01-13,304.48028564453125
2012-01-16,300.3598327636719
2012-01-17,309.10595703125
2012-01-18,304.9466247558594
2012-01-19,304.28582763671875
2012-01-20,304.0914001464844
2012-01-23,307.5898742675781
2012-01-24,305.60748291015625
2012-01-25,305.957275390625
2012-01-27,303.1584777832031
2012-01-30,297.25006103515625
2012-01-31,294.6068115234375
2012-02-01,299.1158142089844
2012-02-02,303.7416687011719
2012-02-03,312.0600891113281
2012-02-06,300.9039611816406
2012-02-07,297.0946044921875
2012-02-08,302.07012939453125
2012-02-09,305.8017883300781
2012-02-10,301.17608642578125
2012-02-13,304.55792236328125
2012-02-14,304.6355895996094
2012-02-15,302.03131103515625
2012-02-16,298.5717163085937
2012-02-17,299.38800048828125
2012-02-21,296.9390869140625
2012-02-22,294.2569580078125
2012-02-23,301.798095703125
2012-02-24,300.0099182128906
2012-02-27,295.4620056152344
2012-02-28,296.3948669433594
2012-02-29,295.5785522460937
2012-03-01,295.6952514648437
2012-03-02,297.63885498046875
2012-03-05,297.4055480957031
2012-03-06,295.5785522460937
2012-03-07,299.3102111816406
2012-03-09,297.1723022460937
2012-03-12,295.8507080078125
2012-03-13,296.8224792480469
2012-03-14,296.6280822753906
2012-03-15,301.7202453613281
2012-03-16,303.3529052734375
2012-03-19,306.19049072265625
2012-03-20,307.3954467773437
2012-03-21,313.4594116210937
2012-03-22,307.7454833984375
2012-03-23,313.3817138671875
2012-03-26,313.5760803222656
2012-03-27,323.4493408203125
2012-03-28,320.6896057128906
2012-03-29,317.4632263183594
2012-03-30,318.78485107421875
2012-04-02,315.3641662597656
2012-04-03,313.8870544433594
2012-04-04,310.34979248046875
2012-04-09,314.4701232910156
2012-04-10,322.59429931640625
2012-04-11,323.8769836425781
2012-04-12,327.4532470703125
2012-04-13,330.5240783691406
2012-04-16,327.4921264648437
2012-04-17,328.2306213378906
2012-04-18,328.7359619140625
2012-04-19,330.796142578125
2012-04-20,328.8525695800781
2012-04-23,324.2657470703125
2012-04-24,326.908935546875
2012-04-25,325.8205261230469
2012-04-26,322.3999328613281
2012-04-27,322.9441223144531
2012-04-30,324.6544189453125
2012-05-02,330.40740966796875
2012-05-03,337.98736572265625
2012-05-04,338.10400390625
2012-05-07,334.2557067871094
2012-05-08,334.95538330078125
2012-05-09,336.2769470214844
2012-05-10,336.8211975097656
2012-05-11,335.8882751464844
2012-05-14,337.2876281738281
2012-05-15,336.19921875
2012-05-16,332.54541015625
2012-05-17,334.2557067871094
2012-05-18,335.8882751464844
2012-05-21,331.34039306640625
2012-05-22,329.513427734375
2012-05-23,331.9623413085937
2012-05-24,330.1741638183594
2012-05-25,327.1810913085937
2012-05-28,324.5378112792969
2012-05-29,323.6049499511719
2012-05-30,328.4250183105469
2012-05-31,332.7397155761719
2012-06-01,326.13153076171875
2012-06-04,320.6118469238281
2012-06-05,316.6469421386719
2012-06-06,326.5590515136719
2012-06-07,329.4356689453125
2012-06-08,333.7503662109375
2012-06-11,339.0758361816406
2012-06-12,336.2769470214844
2012-06-13,347.9384765625
2012-06-14,342.6907958984375
2012-06-15,349.41552734375
2012-06-18,347.08331298828125
2012-06-19,349.2212219238281
2012-06-20,354.1967468261719
2012-06-21,357.7339782714844
2012-06-22,357.85064697265625
2012-06-25,357.65631103515625
2012-06-26,350.387451171875
2012-06-27,351.7478332519531
2012-06-28,351.1259765625
2012-06-29,353.3415832519531
2012-07-02,347.19989013671875
2012-07-03,343.118408203125
2012-07-04,343.58905029296875
2012-07-05,345.8642883300781
2012-07-06,349.94390869140625
2012-07-09,348.2963562011719
2012-07-10,350.2184753417969
2012-07-11,346.2958068847656
2012-07-12,347.5118713378906
2012-07-13,346.0604248046875
2012-07-16,346.0996398925781
2012-07-17,348.4532470703125
2012-07-18,350.1400451660156
2012-07-19,350.4145812988281
2012-07-20,349.94390869140625
2012-07-23,347.5118713378906
2012-07-24,373.5977478027344
2012-07-25,364.37939453125
2012-07-26,362.3396606445313
2012-07-27,364.4971618652344
2012-07-30,365.39935302734375
2012-07-31,366.6546020507813
2012-08-01,368.851318359375
2012-08-02,367.5175476074219
2012-08-03,366.0661315917969
2012-08-06,366.6546020507813
2012-08-07,368.6552429199219
2012-08-08,374.3431396484375
2012-08-09,383.0514221191406
2012-08-10,390.4653930664063
2012-08-13,384.6597595214844
2012-08-14,389.0531921386719
2012-08-16,388.1510009765625
2012-08-17,394.9371337890625
2012-08-21,402.9395446777344
2012-08-22,402.3511352539063
2012-08-23,408.27447509765625
2012-08-24,406.3522644042969
2012-08-27,408.7843933105469
2012-08-28,411.1772155761719
2012-08-29,409.9612426757813
2012-08-30,414.7861022949219
2012-08-31,404.1164245605469
2012-09-03,404.1164245605469
2012-09-04,408.7843933105469
2012-09-05,416.7474060058594
2012-09-06,413.0208740234375
2012-09-07,422.8276672363281
2012-09-10,419.8463134765625
2012-09-11,417.2573547363281
2012-09-12,424.4359130859375
2012-09-13,429.1824340820313
2012-09-14,429.9669189453125
2012-09-17,417.2573547363281
2012-09-18,417.68896484375
2012-09-20,413.8446044921875
2012-09-21,415.5706176757813
2012-09-24,406.4306945800781
2012-09-25,414.55072021484375
2012-09-26,413.3346557617188
2012-09-27,421.8861389160156
2012-09-28,428.2409057617188
2012-10-01,425.8873291015625
2012-10-03,435.8117370605469
2012-10-04,435.8117370605469
2012-10-05,443.5788269042969
2012-10-08,439.3814086914063
2012-10-09,446.2853698730469
2012-10-10,442.4018859863281
2012-10-11,448.2467651367188
2012-10-12,451.1494140625
2012-10-15,453.8953552246094
2012-10-16,450.5218505859375
2012-10-17,449.5804443359375
2012-10-18,451.5809020996094
2012-10-19,444.4809265136719
2012-10-22,446.7561950683594
2012-10-23,447.4621887207031
2012-10-25,442.4412231445313
2012-10-29,428.3978271484375
2012-10-30,431.9674987792969
2012-10-31,428.829345703125
2012-11-01,431.5190734863281
2012-11-02,427.9461975097656
2012-11-05,427.9461975097656
2012-11-06,427.82568359375
2012-11-07,429.1907043457031
2012-11-08,428.2271728515625
2012-11-09,424.8549499511719
2012-11-12,425.3768615722656
2012-11-15,428.5884399414063
2012-11-16,418.3113708496094
2012-11-19,414.81878662109375
2012-11-20,417.66900634765625
2012-11-21,421.2016906738281
2012-11-22,421.0010986328125
2012-11-23,425.6980895996094
2012-11-26,431.4788818359375
2012-11-27,434.8912048339844
2012-11-29,440.1100463867188
2012-11-30,432.0408935546875
2012-12-03,430.7563171386719
2012-12-04,428.50823974609375
2012-12-05,426.9425354003906
2012-12-06,429.7525939941406
2012-12-07,426.0592956542969
2012-12-10,429.43157958984375
2012-12-11,437.5007629394531
2012-12-12,425.3367309570313
2012-12-13,417.30767822265625
2012-12-14,414.81878662109375
2012-12-17,419.7164001464844
2012-12-18,421.322265625
2012-12-19,419.8769836425781
2012-12-20,427.7053527832031
2012-12-21,423.2492980957031
2012-12-24,426.90240478515625
2012-12-26,420.2383728027344
2012-12-27,416.0632934570313
2012-12-28,419.1945190429688
2012-12-31,421.4025268554688
2013-01-01,426.0191650390625
2013-01-02,425.93896484375
2013-01-03,427.4242248535156
2013-01-04,429.3110961914063
2013-01-07,421.8441162109375
2013-01-08,421.9243774414063
2013-01-09,416.9463806152344
2013-01-10,414.778564453125
2013-01-11,399.9248962402344
2013-01-14,405.7057495117188
2013-01-15,404.421142578125
2013-01-16,401.5708312988281
2013-01-17,401.89202880859375
2013-01-18,393.7426452636719
2013-01-21,399.242431640625
2013-01-22,386.1150512695313
2013-01-23,369.3745727539063
2013-01-24,376.39990234375
2013-01-25,382.582275390625
2013-01-28,377.6444396972656
2013-01-29,376.19921875
2013-01-30,383.3449401855469
2013-01-31,380.5348510742188
2013-02-01,373.2284851074219
2013-02-04,375.0350036621094
2013-02-05,370.5386962890625
2013-02-06,364.7177429199219
2013-02-07,366.1228332519531
2013-02-08,363.4732666015625
2013-02-11,369.7759704589844
2013-02-12,369.3343505859375
2013-02-13,365.9220275878906
2013-02-14,372.9875793457031
2013-02-15,371.02044677734375
2013-02-18,377.5239868164063
2013-02-19,382.6625061035156
2013-02-20,383.1041564941406
2013-02-21,375.9582824707031
2013-02-22,365.6410217285156
2013-02-25,362.6703186035156
2013-02-26,362.9913940429688
2013-02-27,363.9148559570313
2013-02-28,355.7252197265625
2013-03-01,363.5535278320313
2013-03-04,354.0391845703125
2013-03-05,361.2251281738281
2013-03-06,353.6778259277344
2013-03-07,347.81671142578125
2013-03-08,351.510009765625
2013-03-11,352.5136108398437
2013-03-12,356.849365234375
2013-03-13,358.6960144042969
2013-03-14,366.1629943847656
2013-03-15,368.2103576660156
2013-03-18,372.1043395996094
2013-03-19,364.1155700683594
2013-03-20,376.2795104980469
2013-03-21,369.9767761230469
2013-03-22,368.61181640625
2013-03-25,370.3780822753906
2013-03-26,379.53118896484375
2013-03-28,374.9146118164063
2013-04-01,378.44732666015625
2013-04-02,378.0860900878906
2013-04-03,371.5824890136719
2013-04-04,377.4034729003906
2013-04-05,378.7283020019531
2013-04-08,383.7464294433594
2013-04-09,379.0896301269531
2013-04-10,375.7174987792969
2013-04-11,378.6881713867188
2013-04-12,384.6297302246094
2013-04-15,381.37786865234375
2013-04-16,390.04925537109375
2013-04-17,387.8412780761719
2013-04-18,387.9617004394531
2013-04-22,387.7208862304688
2013-04-23,384.87054443359375
2013-04-25,384.3085021972656
2013-04-26,373.3890075683594
2013-04-29,399.32275390625
2013-04-30,468.7335815429688
2013-05-02,459.1387634277344
2013-05-03,459.5804138183594
2013-05-06,460.1827087402344
2013-05-07,465.16064453125
2013-05-08,471.3026428222656
2013-05-09,469.5764465332031
2013-05-10,469.6969909667969
2013-05-13,467.4488525390625
2013-05-14,468.7735900878906
2013-05-15,470.0984497070313
2013-05-16,467.8904418945313
2013-05-17,470.4999694824219
2013-05-20,470.8211975097656
2013-05-21,470.3392333984375
2013-05-22,469.7773132324219
2013-05-23,469.897705078125
2013-05-24,470.6202697753906
2013-05-27,474.99603271484375
2013-05-28,474.79541015625
2013-05-29,477.0435485839844
2013-05-30,478.1676025390625
2013-05-31,475.71875
2013-06-03,475.3976135253906
2013-06-04,474.2735900878906
2013-06-05,473.9523315429688
2013-06-06,474.3940734863281
2013-06-07,474.6349182128906
2013-06-10,475.87933349609375
2013-06-11,476.521728515625
2013-06-12,476.64202880859375
2013-06-13,477.4851989746094
2013-06-14,476.6018676757813
2013-06-17,478.44866943359375
2013-06-18,478.2480163574219
2013-06-19,477.5252685546875
2013-06-20,476.3611450195313
2013-06-21,474.2335510253906
2013-06-24,468.85400390625
2013-06-25,471.905029296875
2013-06-26,472.3867492675781
2013-06-27,472.8684387207031
2013-06-28,469.81744384765625
2013-07-01,471.6240234375
2013-07-02,471.9853515625
2013-07-03,471.9853515625
2013-07-04,482.8646545410156
2013-07-05,489.2477111816406
2013-07-08,489.5287170410156
2013-07-09,485.71490478515625
2013-07-10,482.4710693359375
2013-07-11,487.4176635742188
2013-07-12,487.8638305664063
2013-07-15,498.0817565917969
2013-07-16,505.2991027832031
2013-07-17,555.5369262695312
2013-07-18,557.9700317382812
2013-07-19,556.3885498046875
2013-07-22,565.3497314453125
2013-07-23,582.906494140625
2013-07-24,575.3240966796875
2013-07-25,557.8889770507812
2013-07-26,538.2234497070312
2013-07-29,517.8282470703125
2013-07-30,508.46197509765625
2013-07-31,496.7436218261719
2013-08-01,515.1115112304688
2013-08-02,499.5009460449219
2013-08-05,501.8121032714844
2013-08-06,493.3376770019531
2013-08-07,489.1613464355469
2013-08-08,486.56634521484375
2013-08-12,499.2575988769531
2013-08-13,504.0827941894531
2013-08-14,500.0280151367188
2013-08-16,485.7553405761719
2013-08-19,477.8893127441406
2013-08-20,478.9435119628906
2013-08-21,477.970458984375
2013-08-22,480.6058654785156
2013-08-23,487.66119384765625
2013-08-26,493.4593811035156
2013-08-27,482.957763671875
2013-08-28,482.1467590332031
2013-08-29,492.2430725097656
2013-08-30,512.0706176757812
2013-09-02,520.0584106445312
2013-09-03,497.39251708984375
2013-09-04,499.9470825195313
2013-09-05,509.272705078125
2013-09-06,500.8389587402344
2013-09-10,529.9520263671875
2013-09-11,521.9234619140625
2013-09-12,507.8941955566406
2013-09-13,504.2042541503906
2013-09-16,502.8662414550781
2013-09-17,509.79986572265625
2013-09-18,520.7882080078125
2013-09-19,549.4956665039062
2013-09-20,527.9650268554688
2013-09-23,521.1126708984375
2013-09-24,521.51806640625
2013-09-25,513.81396484375
2013-09-26,510.0025634765625
2013-09-27,503.5961608886719
2013-09-30,508.8267822265625
2013-10-01,502.1365661621094
2013-10-03,494.3919982910156
2013-10-04,492.0402221679688
2013-10-07,495.5676879882813
2013-10-08,494.3919982910156
2013-10-09,494.83795166015625
2013-10-10,487.66119384765625
2013-10-11,489.7290649414063
2013-10-14,483.6469421386719
2013-10-15,488.7558898925781
2013-10-17,490.6210021972656
2013-10-18,491.5131530761719
2013-10-21,493.8648376464844
2013-10-22,493.82427978515625
2013-10-23,498.4466247558594
2013-10-24,494.2702331542969
2013-10-25,481.6601867675781
2013-10-28,477.8487548828125
2013-10-29,490.3372497558594
2013-10-30,497.6357727050781
2013-10-31,499.0268859863281
2013-11-01,498.2495422363281
2013-11-05,487.6526794433594
2013-11-06,481.2291564941406
2013-11-07,482.7431640625
2013-11-08,478.8155212402344
2013-11-11,470.5506896972656
2013-11-12,470.0597839355469
2013-11-13,476.8514404296875
2013-11-14,474.8058166503906
2013-11-18,488.2256164550781
2013-11-19,484.62506103515625
2013-11-20,475.8286743164063
2013-11-21,469.8551635742188
2013-11-22,467.7276916503906
2013-11-25,475.4194030761719
2013-11-26,481.7203063964844
2013-11-27,477.6698913574219
2013-11-28,482.5794067382813
2013-11-29,486.6708679199219
2013-12-02,476.3196105957031
2013-12-03,473.782958984375
2013-12-04,468.0550231933594
2013-12-05,462.6134033203125
2013-12-06,457.9493103027344
2013-12-09,458.0310363769531
2013-12-10,460.8541870117188
2013-12-11,462.6951904296875
2013-12-12,460.4859619140625
2013-12-13,458.9311828613281
2013-12-16,455.9445190429688
2013-12-17,455.6580505371094
2013-12-18,456.6398010253906
2013-12-19,454.1033020019531
2013-12-20,465.3546447753906
2013-12-23,462.49066162109375
2013-12-24,462.408935546875
2013-12-26,461.1813659667969
2013-12-27,465.3954772949219
2013-12-30,469.15960693359375
2013-12-31,466.9502258300781
2014-01-01,468.3414001464844
2014-01-02,460.199462890625
2014-01-03,462.3269653320313
2014-01-06,461.09967041015625
2014-01-07,457.3765258789063
2014-01-08,457.5400695800781
2014-01-09,453.44866943359375
2014-01-10,449.8892517089844
2014-01-13,446.5342712402344
2014-01-14,440.5608215332031
2014-01-15,446.1251831054688
2014-01-16,451.7713317871094
2014-01-17,457.3356018066406
2014-01-20,454.22601318359375
2014-01-21,458.072021484375
2014-01-22,463.5135192871094
2014-01-23,464.04534912109375
2014-01-24,462.981689453125
2014-01-27,470.71435546875
2014-01-28,466.1728820800781
2014-01-29,466.0910339355469
2014-01-30,466.7456359863281
2014-01-31,466.500244140625
2014-02-03,466.2139587402344
2014-02-04,466.6230773925781
2014-02-05,466.41839599609375
2014-02-06,479.9610595703125
2014-02-07,472.6783447265625
2014-02-10,461.5087585449219
2014-02-11,460.2404479980469
2014-02-12,465.9683837890625
2014-02-13,455.98541259765625
2014-02-14,458.4402160644531
2014-02-17,458.4402160644531
2014-02-18,460.0768127441406
2014-02-19,457.1717834472656
2014-02-20,453.3668212890625
2014-02-21,454.4305725097656
2014-02-24,454.0625
2014-02-25,453.6942138671875
2014-02-26,453.9396362304688
2014-02-28,449.4391784667969
2014-03-03,444.4885864257813
2014-03-04,454.0625
2014-03-05,451.034912109375
2014-03-06,449.2756042480469
2014-03-07,450.3802490234375
2014-03-10,455.9445190429688
2014-03-11,458.5219421386719
2014-03-12,458.4402160644531
2014-03-13,459.74951171875
2014-03-14,453.03948974609375
2014-03-18,455.0035095214844
2014-03-19,459.54498291015625
2014-03-20,468.5050964355469
2014-03-21,467.8094177246094
2014-03-24,476.5240173339844
2014-03-25,485.0341796875
2014-03-26,484.0522766113281
2014-03-27,490.8031311035156
2014-03-28,490.8031311035156
2014-03-31,495.5081787109375
2014-04-01,492.3988037109375
2014-04-02,486.5481872558594
2014-04-03,496.1220397949219
2014-04-04,495.3035583496094
2014-04-07,494.8945007324219
2014-04-09,498.4132080078125
2014-04-10,505.6141662597656
2014-04-11,498.6585693359375
2014-04-15,500.9087829589844
2014-04-16,497.1448059082031
2014-04-17,498.6994323730469
2014-04-21,490.2302856445313
2014-04-22,488.0619201660156
2014-04-23,487.2845458984375
2014-04-24,487.2845458984375
2014-04-25,475.3377380371094
2014-04-28,475.4194030761719
2014-04-29,460.2404479980469
2014-04-30,464.3726501464844
2014-05-02,459.9949645996094
2014-05-05,455.9037170410156
2014-05-06,453.0804748535156
2014-05-07,452.6304626464844
2014-05-08,451.9349365234375
2014-05-09,455.2079772949219
2014-05-12,467.6458435058594
2014-05-13,472.6373291015625
2014-05-14,472.555419921875
2014-05-15,481.92474365234375
2014-05-16,475.1740112304688
2014-05-19,454.798828125
2014-05-20,460.3631896972656
2014-05-21,459.34027099609375
2014-05-22,460.6086730957031
2014-05-23,459.4630737304688
2014-05-26,458.1128540039063
2014-05-27,458.3584899902344
2014-05-28,459.7903747558594
2014-05-29,455.330810546875
2014-05-30,493.70794677734375
2014-06-02,491.7850341796875
2014-06-03,485.6070556640625
2014-06-04,495.0173034667969
2014-06-05,515.596923828125
2014-06-06,523.6569213867188
2014-06-09,517.7244873046875
2014-06-10,523.9025268554688
2014-06-11,518.1893310546875
2014-06-12,521.7081909179688
2014-06-13,525.7240600585938
2014-06-16,525.5584106445312
2014-06-17,521.915283203125
2014-06-18,512.3935546875
2014-06-19,518.106689453125
2014-06-20,516.9058837890625
2014-06-23,511.4001770019531
2014-06-24,510.2409057617188
2014-06-25,517.7339477539062
2014-06-26,512.2279663085938
2014-06-27,510.3649291992188
2014-06-30,513.6354370117188
2014-07-01,520.6732788085938
2014-07-02,522.5777587890625
2014-07-03,516.740478515625
2014-07-04,517.60986328125
2014-07-07,519.6382446289062
2014-07-08,519.4314575195312
2014-07-09,521.5013427734375
2014-07-10,523.1572875976562
2014-07-11,531.4370727539062
2014-07-14,515.7882080078125
2014-07-15,512.43505859375
2014-07-16,514.422119140625
2014-07-17,519.017333984375
2014-07-18,515.4156494140625
2014-07-21,519.5969848632812
2014-07-22,524.6061401367188
2014-07-23,525.0202026367188
2014-07-24,532.3065185546875
2014-07-25,549.5696411132812
2014-07-28,568.6546020507812
2014-07-30,575.154296875
2014-07-31,568.4889526367188
2014-08-01,574.2434692382812
2014-08-04,579.2940673828125
2014-08-05,583.5995483398438
2014-08-06,586.08349609375
2014-08-07,581.198486328125
2014-08-08,581.2811279296875
2014-08-11,577.886474609375
2014-08-12,580.3290405273438
2014-08-13,595.0671997070312
2014-08-14,591.6309204101562
2014-08-18,600.1177978515625
2014-08-19,595.7709350585938
2014-08-20,589.3953857421875
2014-08-21,588.1535034179688
2014-08-22,583.0614013671875
2014-08-25,593.4110717773438
2014-08-26,602.2290649414062
2014-08-27,608.4388427734375
2014-08-28,614.7314453125
2014-09-01,613.0341186523438
2014-09-02,606.6588745117188
2014-09-03,606.7416381835938
2014-09-04,610.3018188476562
2014-09-05,607.5281982421875
2014-09-08,617.50537109375
2014-09-09,622.555908203125
2014-09-10,620.2376708984375
2014-09-11,625.6193237304688
2014-09-12,627.1927490234375
2014-09-15,624.9983520507812
2014-09-16,625.9505615234375
2014-09-17,624.832763671875
2014-09-18,620.6929321289062
2014-09-19,610.4261474609375
2014-09-22,614.110595703125
2014-09-23,614.4002685546875
2014-09-24,632.6571655273438
2014-09-25,628.7242431640625
2014-09-26,622.183349609375
2014-09-29,618.0849609375
2014-09-30,617.6707763671875
2014-10-01,609.5151977539062
2014-10-07,609.2254638671875
2014-10-08,608.356201171875
2014-10-09,611.9577026367188
2014-10-10,596.4332275390625
2014-10-13,596.4747314453125
2014-10-14,605.4583129882812
2014-10-15,605.4583129882812
2014-10-16,604.919921875
2014-10-17,601.359619140625
2014-10-20,609.846435546875
2014-10-21,620.7757568359375
2014-10-22,627.1098022460938
2014-10-27,596.51611328125
2014-10-28,593.7009887695312
2014-10-29,599.4141235351562
2014-10-30,605.7479248046875
2014-10-31,616.3919677734375
2014-11-03,617.644287109375
2014-11-05,624.2393188476562
2014-11-07,635.7181396484375
2014-11-10,643.6488647460938
2014-11-11,644.7341918945312
2014-11-12,642.814208984375
2014-11-13,638.0972900390625
2014-11-14,631.251953125
2014-11-17,632.1284790039062
2014-11-18,627.661865234375
2014-11-19,634.6328125
2014-11-20,635.5093994140625
2014-11-21,628.6221313476562
2014-11-24,626.2011108398438
2014-11-25,639.2245483398438
2014-11-26,642.60546875
2014-11-27,659.5523681640625
2014-11-28,656.2547607421875
2014-12-01,675.080078125
2014-12-02,672.700927734375
2014-12-03,683.720458984375
2014-12-04,688.4374389648438
2014-12-05,685.0979614257812
2014-12-08,684.5552978515625
2014-12-09,678.6697387695312
2014-12-10,666.0221557617188
2014-12-11,664.5612182617188
2014-12-12,665.98046875
2014-12-15,659.5941162109375
2014-12-16,640.0174560546875
2014-12-17,639.7670288085938
2014-12-18,639.4330444335938
2014-12-19,630.4170532226562
2014-12-22,641.019287109375
2014-12-23,639.558349609375
2014-12-24,631.9613647460938
2014-12-26,626.40966796875
2014-12-29,633.505859375
2014-12-30,634.0484619140625
2014-12-31,634.5494384765625
2015-01-01,633.171875
2015-01-02,631.0845947265625
2015-01-05,634.7164916992188
2015-01-06,646.7379150390625
2015-01-07,669.4451904296875
2015-01-08,682.0925903320312
2015-01-09,721.7884521484375
2015-01-12,748.5029296875
2015-01-13,738.4431762695312
2015-01-14,771.418701171875
2015-01-15,769.3317260742188
2015-01-16,785.6106567382812
2015-01-19,745.1217651367188
2015-01-20,747.5427856445312
2015-01-21,786.3621826171875
2015-01-22,788.615966796875
2015-01-23,805.8551025390625
2015-01-27,786.3621826171875
2015-01-28,779.5999755859375
2015-01-29,786.0697021484375
2015-01-30,778.5147705078125
2015-02-02,758.0198974609375
2015-02-03,760.399169921875
2015-02-04,751.2578125
2015-02-05,758.8963012695312
2015-02-06,756.1414184570312
2015-02-09,751.4664306640625
2015-02-10,741.1146240234375
2015-02-11,751.5916137695312
2015-02-12,741.1563720703125
2015-02-13,745.3304443359375
2015-02-16,757.1849365234375
2015-02-18,762.1104736328125
2015-02-19,758.1451416015625
2015-02-20,751.5499877929688
2015-02-23,739.7789916992188
2015-02-24,762.7782592773438
2015-02-25,752.9273681640625
2015-02-26,739.9876098632812
2015-02-27,740.6137084960938
2015-03-02,781.1027221679688
2015-03-03,776.1354370117188
2015-03-04,764.78173828125
2015-03-05,784.4835815429688
2015-03-09,814.7877807617188
2015-03-10,799.0513305664062
2015-03-11,808.8606567382812
2015-03-12,801.8897094726562
2015-03-13,786.1533203125
2015-03-16,777.846923828125
2015-03-17,777.8886108398438
2015-03-18,769.7908935546875
2015-03-19,770.2500610351562
2015-03-20,747.7932739257812
2015-03-23,753.3447875976562
2015-03-24,740.655517578125
2015-03-25,739.9876098632812
2015-03-26,722.8736572265625
2015-03-27,710.685302734375
2015-03-30,719.6596069335938
2015-03-31,729.2601928710938
2015-04-01,737.5665283203125
2015-04-06,757.9782104492188
2015-04-07,762.5696411132812
2015-04-08,761.8182373046875
2015-04-09,773.4223022460938
2015-04-10,779.5582275390625
2015-04-13,792.3727416992188
2015-04-15,780.3096313476562
2015-04-16,778.9738159179688
2015-04-17,782.7723388671875
2015-04-20,762.5696411132812
2015-04-21,728.8843994140625
2015-04-22,757.3101806640625
2015-04-23,753.5534057617188
2015-04-24,742.575439453125
2015-04-27,723.4998168945312
2015-04-28,718.4491577148438
2015-04-29,716.0281372070312
2015-04-30,709.8922119140625
2015-05-04,719.4091796875
2015-05-05,733.8515625
2015-05-06,716.4454956054688
2015-05-07,723.1659545898438
2015-05-08,747.333984375
2015-05-11,721.871826171875
2015-05-12,704.5493774414062
2015-05-13,702.12841796875
2015-05-14,706.6365356445312
2015-05-15,705.2588500976562
2015-05-18,711.8540649414062
2015-05-19,705.2171630859375
2015-05-20,714.2749633789062
2015-05-21,721.5797119140625
2015-05-22,721.0789184570312
2015-05-25,711.6453857421875
2015-05-26,714.0662841796875
2015-05-27,716.0281372070312
2015-05-28,706.4276733398438
2015-05-29,717.5725708007812
2015-06-01,735.3126220703125
2015-06-02,711.8958129882812
2015-06-03,694.1141967773438
2015-06-04,686.7676391601562
2015-06-05,692.1519775390625
2015-06-08,678.0853881835938
2015-06-09,684.3464965820312
2015-06-10,684.9309692382812
2015-06-11,681.8004760742188
2015-06-12,679.9638671875
2015-06-15,686.0162963867188
2015-06-16,697.0360107421875
2015-06-17,719.6596069335938
2015-06-18,720.1188354492188
2015-06-19,723.5777587890625
2015-06-22,736.8646850585938
2015-06-23,738.7630004882812
2015-06-24,756.3525390625
2015-06-25,745.1322631835938
2015-06-26,749.0973510742188
2015-06-29,759.600341796875
2015-06-30,773.3515625
2015-07-01,774.7014770507812
2015-07-02,779.0460815429688
2015-07-03,779.9318237304688
2015-07-06,782.4204711914062
2015-07-07,779.8053588867188
2015-07-08,782.5892944335938
2015-07-09,777.443115234375
2015-07-10,759.4739990234375
2015-07-13,768.2898559570312
2015-07-14,782.2940673828125
2015-07-15,783.7282104492188
2015-07-16,790.3506469726562
2015-07-17,779.7630615234375
2015-07-20,770.3145141601562
2015-07-21,751.9234619140625
2015-07-22,776.5573120117188
2015-07-23,762.8485107421875
2015-07-24,764.9995727539062
2015-07-27,759.347412109375
2015-07-28,763.270263671875
2015-07-29,758.5880737304688
2015-07-30,776.7258911132812
2015-07-31,777.5275268554688
2015-08-03,767.446044921875
2015-08-04,766.0962524414062
2015-08-05,766.518310546875
2015-08-06,765.8010864257812
2015-08-07,763.3546752929688
2015-08-10,764.4513549804688
2015-08-11,749.308349609375
2015-08-12,730.875
2015-08-13,731.0437622070312
2015-08-14,734.4181518554688
2015-08-17,736.1898803710938
2015-08-18,736.3587646484375
2015-08-19,739.1847534179688
2015-08-20,735.6837768554688
2015-08-21,745.8916015625
2015-08-24,718.0520629882812
2015-08-25,730.5375366210938
2015-08-26,721.2997436523438
2015-08-27,723.6620483398438
2015-08-28,720.8780517578125
2015-08-31,726.2774047851562
2015-09-01,720.2453002929688
2015-09-02,700.71533203125
2015-09-03,703.372802734375
2015-09-04,700.2092895507812
2015-09-07,691.6463012695312
2015-09-08,675.828369140625
2015-09-09,677.4734497070312
2015-09-10,666.5907592773438
2015-09-11,670.8931884765625
2015-09-14,670.4714965820312
2015-09-15,678.7811279296875
2015-09-16,680.679443359375
2015-09-18,673.0866088867188
2015-09-21,667.0546875
2015-09-22,663.0054321289062
2015-09-23,662.2461547851562
2015-09-24,659.4620361328125
2015-09-28,667.0126953125
2015-09-29,661.6976318359375
2015-09-30,687.343994140625
2015-10-01,688.7359008789062
2015-10-05,683.1679077148438
2015-10-06,699.61865234375
2015-10-07,694.7677612304688
2015-10-08,693.3759155273438
2015-10-09,690.085693359375
2015-10-12,687.42822265625
2015-10-13,685.783203125
2015-10-14,672.5382690429688
2015-10-15,667.7717895507812
2015-10-16,662.2461547851562
2015-10-19,675.3464965820312
2015-10-20,669.5618286132812
2015-10-21,672.3265991210938
2015-10-23,680.7056274414062
2015-10-26,687.8511352539062
2015-10-27,690.8712158203125
2015-10-28,696.2728271484375
2015-10-29,681.7689208984375
2015-10-30,681.0884399414062
2015-11-02,682.8748168945312
2015-11-03,684.3209838867188
2015-11-04,681.3862915039062
2015-11-05,682.7898559570312
2015-11-06,679.727294921875
2015-11-09,682.7471313476562
2015-11-10,683.5553588867188
2015-11-13,677.7282104492188
2015-11-16,667.009765625
2015-11-17,679.08935546875
2015-11-18,675.0062255859375
2015-11-19,675.9418334960938
2015-11-20,678.9617919921875
2015-11-23,673.049560546875
2015-11-24,690.700927734375
2015-11-26,691.1264038085938
2015-11-27,694.31640625
2015-11-30,690.7434692382812
2015-12-01,708.9479370117188
2015-12-02,705.9705200195312
2015-12-03,694.6565551757812
2015-12-04,693.2528076171875
2015-12-07,709.0328369140625
2015-12-08,702.440185546875
2015-12-09,697.6764526367188
2015-12-10,694.0611572265625
2015-12-11,699.3353271484375
2015-12-14,713.7116088867188
2015-12-15,730.3846435546875
2015-12-16,727.6627197265625
2015-12-17,735.1910400390625
2015-12-18,729.0662231445312
2015-12-21,724.4299926757812
2015-12-22,724.3024291992188
2015-12-23,734.3403930664062
2015-12-24,735.1910400390625
2015-12-28,736.5519409179688
2015-12-29,729.789306640625
2015-12-30,729.4063110351562
2015-12-31,733.9149169921875
2016-01-01,728.640869140625
2016-01-04,730.7250366210938
2016-01-05,721.3251953125
2016-01-06,717.1567993164062
2016-01-07,697.761474609375
2016-01-08,688.91455078125
2016-01-11,690.5308837890625
2016-01-12,697.2935180664062
2016-01-13,708.3949584960938
2016-01-14,703.7161865234375
2016-01-15,684.1510009765625
2016-01-18,688.9996337890625
2016-01-19,689.4249877929688
2016-01-20,676.3247680664062
2016-01-21,659.7791748046875
2016-01-22,656.2913818359375
2016-01-25,666.3291015625
2016-01-27,653.2291259765625
2016-01-28,673.5175170898438
2016-01-29,694.911865234375
2016-02-01,681.3435668945312
2016-02-02,680.6204833984375
2016-02-03,698.9097900390625
2016-02-04,710.1387939453125
2016-02-05,718.7730712890625
2016-02-08,705.1198120117188
2016-02-09,702.9505615234375
2016-02-10,701.41943359375
2016-02-11,682.7471313476562
2016-02-12,691.25390625
2016-02-15,684.5336303710938
2016-02-16,683.2578125
2016-02-17,691.21142578125
2016-02-18,703.8438720703125
2016-02-19,704.013916015625
2016-02-22,732.979248046875
2016-02-23,711.882568359375
2016-02-24,711.7975463867188
2016-02-25,716.9440307617188
2016-02-26,722.98388671875
2016-02-29,706.3958129882812
2016-03-01,701.0792236328125
2016-03-02,722.430908203125
2016-03-03,722.13330078125
2016-03-04,722.0055541992188
2016-03-08,702.8656005859375
2016-03-09,714.2645874023438
2016-03-10,712.4781494140625
2016-03-11,724.4299926757812
2016-03-14,729.1512451171875
2016-03-15,715.2427368164062
2016-03-16,718.0925903320312
2016-03-17,722.7711791992188
2016-03-18,721.665283203125
2016-03-21,748.2913818359375
2016-03-22,740.2099609375
2016-03-23,743.144775390625
2016-03-28,734.6806030273438
2016-03-29,732.5538940429688
2016-03-30,732.979248046875
2016-03-31,739.6570434570312
2016-04-01,738.2110595703125
2016-04-04,741.9537963867188
2016-04-05,738.8062744140625
2016-04-06,741.5284423828125
2016-04-07,731.5755615234375
2016-04-08,723.4091796875
2016-04-11,735.2335815429688
2016-04-12,742.2090454101562
2016-04-13,763.6458740234375
2016-04-18,764.8794555664062
2016-04-20,769.0901489257812
2016-04-21,769.0475463867188
2016-04-22,752.161865234375
2016-04-25,752.1193237304688
2016-04-26,753.4803466796875
2016-04-27,758.96728515625
2016-04-28,745.3991088867188
2016-04-29,738.2958984375
2016-05-02,734.9357299804688
2016-05-03,723.9196166992188
2016-05-04,725.9612426757812
2016-05-05,723.1966552734375
2016-05-06,725.9612426757812
2016-05-09,719.240966796875
2016-05-10,733.6598510742188
2016-05-11,733.744873046875
2016-05-12,725.620849609375
2016-05-13,707.5867919921875
2016-05-16,719.8788452148438
2016-05-17,709.500732421875
2016-05-18,702.2275390625
2016-05-19,693.3806762695312
2016-05-20,691.083740234375
2016-05-23,697.2086791992188
2016-05-24,700.1859741210938
2016-05-25,714.6471557617188
2016-05-26,723.36669921875
2016-05-27,732.5963134765625
2016-05-30,726.7694702148438
2016-05-31,721.5377807617188
2016-06-01,727.4498901367188
2016-06-02,738.5510864257812
2016-06-03,752.7146606445312
2016-06-06,748.0360107421875
2016-06-07,763.0929565429688
2016-06-08,763.2205200195312
2016-06-09,745.569091796875
2016-06-10,744.0380249023438
2016-06-13,743.6551513671875
2016-06-14,736.4244384765625
2016-06-15,744.0380249023438
2016-06-16,748.1211547851562
2016-06-17,749.7374267578125
2016-06-20,748.07861328125
2016-06-21,740.2949829101562
2016-06-22,739.0048217773438
2016-06-23,747.6915893554688
2016-06-24,738.8758544921875
2016-06-27,738.6607666015625
2016-06-28,763.5164794921875
2016-06-29,760.1193237304688
2016-06-30,772.8052368164062
2016-07-01,771.9881591796875
2016-07-04,768.0748291015625
2016-07-05,765.623779296875
2016-07-07,789.7914428710938
2016-07-08,791.8554077148438
2016-07-11,799.3380126953125
2016-07-12,795.811767578125
2016-07-13,797.660888671875
2016-07-14,802.3911743164062
2016-07-15,809.7446899414062
2016-07-18,792.9306030273438
2016-07-19,769.881103515625
2016-07-20,779.9866943359375
2016-07-21,782.6958618164062
2016-07-22,776.804443359375
2016-07-25,780.0296630859375
2016-07-26,776.3744506835938
2016-07-27,777.3633422851562
2016-07-28,782.1369018554688
2016-07-29,793.446533203125
2016-08-01,795.5537719726562
2016-08-02,797.6178588867188
2016-08-03,785.921142578125
2016-08-04,789.5762939453125
2016-08-05,795.9837646484375
2016-08-08,799.4239501953125
2016-08-09,803.50927734375
2016-08-10,795.5106201171875
2016-08-11,804.7133178710938
2016-08-12,804.154296875
2016-08-16,796.5858764648438
2016-08-17,785.4050903320312
2016-08-18,779.9866943359375
2016-08-19,783.2119140625
2016-08-22,799.89697265625
2016-08-23,792.715576171875
2016-08-24,790.7374267578125
2016-08-25,783.3408203125
2016-08-26,777.922607421875
2016-08-29,778.5245971679688
2016-08-30,795.3817138671875
2016-08-31,788.7162475585938
2016-09-01,796.2417602539062
2016-09-02,791.8984375
2016-09-06,806.6055297851562
2016-09-07,802.4341430664062
2016-09-08,818.3882446289062
2016-09-09,799.8110961914062
2016-09-12,789.9204711914062
2016-09-14,781.31982421875
2016-09-15,786.093017578125
2016-09-16,784.1150512695312
2016-09-19,784.3300170898438
2016-09-20,776.5464477539062
2016-09-21,785.2759399414062
2016-09-22,782.7818603515625
2016-09-23,783.1259155273438
2016-09-26,767.6878662109375
2016-09-27,771.7301025390625
2016-09-28,763.0005493164062
2016-09-29,755.3890380859375
2016-09-30,746.4014282226562
2016-10-03,747.1754760742188
2016-10-04,739.9940185546875
2016-10-05,749.0676879882812
2016-10-06,760.6782836914062
2016-10-07,754.4859008789062
2016-10-10,753.5399780273438
2016-10-13,741.4130859375
2016-10-14,724.3839111328125
2016-10-17,730.404296875
2016-10-18,735.8656005859375
2016-10-19,727.609130859375
2016-10-20,722.706787109375
2016-10-21,732.0816040039062
2016-10-24,729.6302490234375
2016-10-25,715.8692626953125
2016-10-26,724.8999633789062
2016-10-27,722.706787109375
2016-10-28,719.4385986328125
2016-11-01,724.42578125
2016-11-02,729.4994506835938
2016-11-03,728.0250244140625
2016-11-04,735.48388671875
2016-11-07,726.5072021484375
2016-11-08,732.5350952148438
2016-11-09,718.3978271484375
2016-11-10,709.94140625
2016-11-11,695.37060546875
2016-11-15,698.5797119140625
2016-11-16,701.4417114257812
2016-11-17,703.95703125
2016-11-18,696.32470703125
2016-11-21,691.9012451171875
2016-11-22,711.1124267578125
2016-11-23,721.3466796875
2016-11-24,715.7958984375
2016-11-25,722.9945068359375
2016-11-28,726.6805419921875
2016-11-29,722.214111328125
2016-11-30,732.0147094726562
2016-12-01,735.5706787109375
2016-12-02,721.1298217773438
2016-12-05,732.7953491210938
2016-12-06,725.0762939453125
2016-12-07,723.0812377929688
2016-12-08,731.1474609375
2016-12-09,732.9252319335938
2016-12-12,722.1272583007812
2016-12-13,720.8697509765625
2016-12-14,712.7601318359375
2016-12-15,707.7731323242188
2016-12-16,708.5537719726562
2016-12-19,702.3090209960938
2016-12-20,695.0669555664062
2016-12-21,691.0774536132812
2016-12-22,682.6209716796875
2016-12-23,684.7459716796875
2016-12-26,695.413818359375
2016-12-27,699.7071533203125
2016-12-28,702.7860717773438
2016-12-29,709.8981323242188
2016-12-30,716.70654296875
2017-01-02,715.8392944335938
2017-01-03,719.7421875
2017-01-04,712.586669921875
2017-01-05,722.6044311523438
2017-01-06,723.1246337890625
2017-01-09,720.7828369140625
2017-01-10,720.3492431640625
2017-01-11,729.846435546875
2017-01-12,716.3162841796875
2017-01-13,718.0941772460938
2017-01-16,717.7039794921875
2017-01-17,729.1092529296875
2017-01-18,750.1849365234375
2017-01-19,746.1517944335938
2017-01-20,746.2820434570312
2017-01-23,747.973388671875
2017-01-24,746.1953125
2017-01-25,753.8709716796875
2017-01-27,742.3790893554688
2017-01-30,740.297607421875
2017-01-31,741.9020385742188
2017-02-01,740.7310791015625
2017-02-02,733.1421508789062
2017-02-03,737.0018310546875
2017-02-06,746.3687744140625
2017-02-07,741.7720947265625
2017-02-08,739.7771606445312
2017-02-09,737.8690795898438
2017-02-10,737.9991455078125
2017-02-13,747.8866577148438
2017-02-14,735.6140747070312
2017-02-15,737.2620239257812
2017-02-16,733.8359375
2017-02-17,729.6295166015625
2017-02-20,741.0780639648438
2017-02-21,748.2766723632812
2017-02-22,749.4910888671875
2017-02-23,744.3739624023438
2017-02-27,751.4859008789062
2017-02-28,751.0088500976562
2017-03-01,759.3351440429688
2017-03-02,761.0696411132812
2017-03-03,760.7662963867188
2017-03-06,757.2535400390625
2017-03-07,756.3428344726562
2017-03-08,755.6924438476562
2017-03-09,754.8250732421875
2017-03-10,759.0750122070312
2017-03-14,792.510009765625
2017-03-15,781.0180053710938
2017-03-16,785.9617919921875
2017-03-17,782.7958984375
2017-03-20,779.2401123046875
2017-03-21,783.5765380859375
2017-03-22,784.8775024414062
2017-03-23,782.3189697265625
2017-03-24,780.7578735351562
2017-03-27,779.5436401367188
2017-03-28,783.27294921875
2017-03-29,791.4691772460938
2017-03-30,797.2369384765625
2017-03-31,790.7753295898438
2017-04-03,798.4944458007812
2017-04-05,811.2437744140625
2017-04-06,810.6368408203125
2017-04-07,801.8336791992188
2017-04-10,803.0911865234375
2017-04-11,801.1398315429688
2017-04-12,801.1832275390625
2017-04-13,801.2698364257812
2017-04-17,792.7700805664062
2017-04-18,791.6427001953125
2017-04-19,787.9999389648438
2017-04-20,794.201171875
2017-04-21,786.1351928710938
2017-04-24,784.5305786132812
2017-04-25,801.39990234375
2017-04-26,816.4478759765625
2017-04-27,821.6083984375
2017-04-28,810.8971557617188
2017-05-02,804.9559326171875
2017-05-03,810.0731201171875
2017-05-04,829.7612915039062
2017-05-05,827.3327026367188
2017-05-08,828.1566162109375
2017-05-09,825.7282104492188
2017-05-10,864.1502685546875
2017-05-11,848.885498046875
2017-05-12,850.1431274414062
2017-05-15,852.7884521484375
2017-05-16,867.6629028320312
2017-05-17,875.4686279296875
2017-05-18,858.8595581054688
2017-05-19,874.2543334960938
2017-05-22,883.4479370117188
2017-05-23,888.825439453125
2017-05-24,900.3173217773438
2017-05-25,905.000732421875
2017-05-26,902.8325805664062
2017-05-29,929.979736328125
2017-05-30,930.2832641601562
2017-05-31,925.4260864257812
2017-06-01,950.0146484375
2017-06-02,942.2518920898438
2017-06-05,952.0958862304688
2017-06-06,946.7188720703124
2017-06-07,959.554931640625
2017-06-08,948.4100341796876
2017-06-09,950.0146484375
2017-06-12,953.7440795898438
2017-06-13,956.4324340820312
2017-06-14,965.9296264648438
2017-06-15,957.5167236328124
2017-06-16,946.9356079101562
2017-06-19,950.2745971679688
2017-06-20,948.0198974609376
2017-06-21,974.3861083984376
2017-06-22,957.4093627929688
2017-06-23,960.7781372070312
2017-06-27,955.7027587890624
2017-06-28,953.864990234375
2017-06-29,952.2021484375
2017-06-30,944.763916015625
2017-07-03,960.64697265625
2017-07-04,952.2021484375
2017-07-05,959.7279052734376
2017-07-06,956.052734375
2017-07-07,960.6031494140624
2017-07-10,959.3343505859376
2017-07-11,968.2606201171876
2017-07-12,990.3131713867188
2017-07-13,992.982177734375
2017-07-14,997.0076293945312
2017-07-17,1008.9527587890624
2017-07-18,1013.240966796875
2017-07-19,1010.1776733398438
2017-07-20,1008.9090576171876
2017-07-21,1013.9410400390624
2017-07-24,1014.5533447265624
2017-07-25,1006.0213623046876
2017-07-26,1019.1040649414062
2017-07-27,1025.535888671875
2017-07-28,1009.740234375
2017-07-31,1011.4033813476562
2017-08-01,1027.329833984375
2017-08-02,1022.7796020507812
2017-08-03,1023.78564453125
2017-08-04,1043.21337890625
2017-08-07,1038.1375732421875
2017-08-08,1042.25048828125
2017-08-09,1037.306396484375
2017-08-10,1024.4859619140625
2017-08-11,1008.8215942382812
2017-08-14,1011.359375
2017-08-16,1038.181640625
2017-08-17,1030.26171875
2017-08-18,1052.0517578125
2017-08-21,1042.6444091796875
2017-08-22,1049.7767333984375
2017-08-23,1039.7562255859375
2017-08-24,1032.36181640625
2017-08-28,1049.8638916015625
2017-08-29,1041.7694091796875
2017-08-30,1053.8895263671875
2017-08-31,1067.4097900390625
2017-09-01,1064.2593994140625
2017-09-04,1047.632568359375
2017-09-05,1054.6767578125
2017-09-06,1055.7271728515625
2017-09-07,1057.7838134765625
2017-09-08,1056.7333984375
2017-09-11,1067.541015625
2017-09-12,1093.7069091796875
2017-09-13,1094.7132568359375
2017-09-14,1092.0003662109375
2017-09-15,1090.38134765625
2017-09-18,1120.1787109375
2017-09-19,1119.5224609375
2017-09-20,1102.064208984375
2017-09-21,1099.7451171875
2017-09-22,1084.4306640625
2017-09-25,1091.3878173828125
2017-09-26,1065.3095703125
2017-09-27,1055.289794921875
2017-09-28,1052.5770263671875
2017-09-29,1027.2861328125
2017-10-03,1038.181640625
2017-10-04,1047.9385986328125
2017-10-05,1039.319091796875
2017-10-06,1056.514892578125
2017-10-09,1067.8472900390625
2017-10-10,1058.1773681640625
2017-10-11,1065.9219970703125
2017-10-12,1086.005859375
2017-10-13,1092.6566162109375
2017-10-16,1121.272705078125
2017-10-17,1122.016357421875
2017-10-18,1106.0892333984375
2017-10-19,1100.6199951171875
2017-10-23,1093.837890625
2017-10-24,1111.4278564453125
2017-10-25,1113.5279541015625
2017-10-26,1114.621826171875
2017-10-27,1102.76416015625
2017-10-30,1080.05517578125
2017-10-31,1082.8990478515625
2017-11-01,1108.0460205078125
2017-11-02,1093.5130615234375
2017-11-03,1091.751220703125
2017-11-06,1092.7200927734375
2017-11-07,1087.0828857421875
2017-11-08,1088.0518798828125
2017-11-09,1103.55419921875
2017-11-10,1136.8040771484375
2017-11-13,1126.983154296875
2017-11-14,1130.85888671875
2017-11-15,1114.2115478515625
2017-11-16,1124.341064453125
2017-11-17,1125.7939453125
2017-11-20,1122.5791015625
2017-11-21,1125.0894775390625
2017-11-22,1119.0120849609375
2017-11-23,1116.4134521484375
2017-11-24,1115.04833984375
2017-11-27,1110.0716552734375
2017-11-28,1116.7218017578125
2017-11-29,1124.0325927734375
2017-11-30,1120.7735595703125
2017-12-01,1101.4400634765625
2017-12-04,1117.3824462890625
2017-12-05,1110.688232421875
2017-12-06,1123.5482177734375
2017-12-07,1137.948974609375
2017-12-08,1168.512939453125
2017-12-11,1166.2230224609375
2017-12-12,1157.943115234375
2017-12-13,1158.295654296875
2017-12-14,1164.06494140625
2017-12-15,1166.663330078125
2017-12-18,1173.0050048828125
2017-12-19,1188.8154296875
2017-12-20,1200.2218017578125
2017-12-21,1187.7142333984375
2017-12-22,1194.8048095703125
2017-12-26,1187.4061279296875
2017-12-27,1191.237548828125
2017-12-28,1193.0433349609375
2017-12-29,1204.8021240234375
2018-01-01,1184.2352294921875
2018-01-02,1179.038330078125
2018-01-03,1189.387939453125
2018-01-04,1191.061279296875
2018-01-05,1194.8486328125
2018-01-08,1205.28662109375
2018-01-09,1199.03271484375
2018-01-10,1202.996337890625
2018-01-11,1214.3145751953125
2018-01-12,1210.2186279296875
2018-01-15,1204.2294921875
2018-01-16,1217.265380859375
2018-01-17,1207.7525634765625
2018-01-18,1195.2010498046875
2018-01-19,1200.04541015625
2018-01-22,1193.57177734375
2018-01-23,1205.2423095703125
2018-01-24,1203.0843505859375
2018-01-25,1209.117919921875
2018-01-29,1230.7412109375
2018-01-30,1233.3397216796875
2018-01-31,1206.123046875
2018-02-01,1207.796630859375
2018-02-02,1208.6331787109375
2018-02-05,1194.14404296875
2018-02-06,1167.367919921875
2018-02-07,1156.1815185546875
2018-02-08,1171.0672607421875
2018-02-09,1174.1500244140625
2018-02-12,1184.19091796875
2018-02-14,1188.5511474609375
2018-02-15,1196.258056640625
2018-02-16,1190.929443359375
2018-02-19,1176.6602783203125
2018-02-20,1173.0491943359375
2018-02-21,1171.9920654296875
2018-02-22,1168.3367919921875
2018-02-23,1165.43017578125
2018-02-26,1174.3704833984375
2018-02-27,1185.86474609375
2018-02-28,1160.673583984375
2018-03-01,1166.3990478515625
2018-03-05,1144.8192138671875
2018-03-06,1139.05029296875
2018-03-07,1139.6226806640625
2018-03-08,1139.006103515625
2018-03-09,1145.7001953125
2018-03-12,1166.3548583984375
2018-03-13,1163.139892578125
2018-03-14,1159.925048828125
2018-03-15,1144.99560546875
2018-03-16,1144.2908935546875
2018-03-19,1153.3192138671875
2018-03-20,1156.7103271484375
2018-03-21,1158.7799072265625
2018-03-22,1155.47705078125
2018-03-23,1146.4930419921875
2018-03-26,1166.443115234375
2018-03-27,1173.9298095703125
2018-03-28,1174.414306640625
2018-04-02,1190.224609375
2018-04-03,1187.67041015625
2018-04-04,1195.641357421875
2018-04-05,1217.44140625
2018-04-06,1210.923583984375
2018-04-09,1225.7210693359375
2018-04-10,1225.6328125
2018-04-11,1241.1790771484375
2018-04-12,1244.349853515625
2018-04-13,1242.412109375
2018-04-16,1250.29541015625
2018-04-17,1273.239990234375
2018-04-18,1277.5999755859375
2018-04-19,1280.8590087890625
2018-04-20,1292.837890625
2018-04-23,1279.58154296875
2018-04-24,1285.6593017578125
2018-04-25,1285.262939453125
2018-04-26,1313.4925537109375
2018-04-27,1298.2545166015625
2018-04-30,1329.0386962890625
2018-05-02,1296.4931640625
2018-05-03,1279.09716796875
2018-05-04,1289.666748046875
2018-05-07,1319.349853515625
2018-05-08,1317.72021484375
2018-05-09,1317.6763916015625
2018-05-10,1309.308837890625
2018-05-11,1324.8109130859375
2018-05-14,1324.326416015625
2018-05-15,1334.8521728515625
2018-05-16,1386.467041015625
2018-05-17,1382.6793212890625
2018-05-18,1414.3883056640625
2018-05-21,1390.4744873046875
2018-05-22,1386.643310546875
2018-05-23,1381.1820068359375
2018-05-24,1375.0164794921875
2018-05-25,1387.9202880859375
2018-05-28,1394.1737060546875
2018-05-29,1385.2337646484375
2018-05-30,1396.772216796875
2018-05-31,1419.364501953125
2018-06-01,1399.45849609375
2018-06-04,1376.865966796875
2018-06-05,1376.513671875
2018-06-06,1383.868408203125
2018-06-07,1411.9661865234375
2018-06-08,1405.40380859375
2018-06-11,1410.5128173828125
2018-06-12,1443.146240234375
2018-06-13,1427.9525146484375
2018-06-14,1417.7352294921875
2018-06-15,1428.040771484375
2018-06-18,1416.810546875
2018-06-19,1410.160400390625
2018-06-20,1411.3935546875
2018-06-21,1414.10009765625
2018-06-22,1427.10107421875
2018-06-25,1433.3577880859375
2018-06-26,1439.2147216796875
2018-06-27,1428.1663818359375
2018-06-28,1422.3533935546875
2018-06-29,1456.4315185546875
2018-07-02,1458.47265625
2018-07-03,1458.5169677734375
2018-07-04,1487.3587646484375
2018-07-05,1498.0081787109375
2018-07-06,1489.4000244140625
2018-07-09,1501.4693603515625
2018-07-10,1497.1209716796875
2018-07-11,1524.7645263671875
2018-07-12,1546.240966796875
2018-07-13,1546.5069580078125
2018-07-16,1554.1392822265625
2018-07-17,1492.4173583984375
2018-07-18,1458.73876953125
2018-07-19,1462.022216796875
2018-07-20,1469.4766845703125
2018-07-23,1499.4722900390625
2018-07-24,1480.1705322265625
2018-07-25,1466.9033203125
2018-07-26,1481.98974609375
2018-07-27,1472.27197265625
2018-07-30,1498.6295166015625
2018-07-31,1536.745361328125
2018-08-01,1539.096923828125
2018-08-02,1551.69873046875
2018-08-03,1564.56689453125
2018-08-06,1535.5469970703125
2018-08-07,1535.3251953125
2018-08-08,1559.375
2018-08-09,1556.757080078125
2018-08-10,1555.4256591796875
2018-08-13,1534.260498046875
2018-08-14,1547.927001953125
2018-08-16,1541.8480224609375
2018-08-17,1583.8685302734375
2018-08-20,1576.99072265625
2018-08-21,1555.2484130859375
2018-08-23,1573.2635498046875
2018-08-24,1580.49609375
2018-08-27,1590.5687255859375
2018-08-28,1571.843505859375
2018-08-29,1558.2215576171875
2018-08-30,1573.3079833984375
2018-08-31,1579.741943359375
2018-09-03,1507.8585205078125
2018-09-04,1465.350341796875
2018-09-05,1430.2960205078125
2018-09-06,1427.5450439453125
2018-09-07,1454.301513671875
2018-09-10,1429.053466796875
2018-09-11,1411.615478515625
2018-09-12,1443.7406005859375
2018-09-14,1445.915283203125
2018-09-17,1424.74951171875
2018-09-18,1477.5523681640625
2018-09-19,1461.7117919921875
2018-09-21,1438.815673828125
2018-09-24,1411.4378662109375
2018-09-25,1447.2906494140625
2018-09-26,1429.453125
2018-09-27,1437.75048828125
2018-09-28,1427.367431640625
2018-10-01,1457.451904296875
2018-10-03,1436.6416015625
2018-10-04,1396.7950439453125
2018-10-05,1383.1282958984375
2018-10-08,1383.8385009765625
2018-10-09,1342.2171630859375
2018-10-10,1355.7064208984375
2018-10-11,1354.3306884765625
2018-10-12,1392.9346923828125
2018-10-15,1354.5081787109375
2018-10-16,1372.1685791015625
2018-10-17,1386.190185546875
2018-10-19,1400.744384765625
2018-10-22,1406.512451171875
2018-10-23,1377.360107421875
2018-10-24,1407.4442138671875
2018-10-25,1402.62451171875
2018-10-26,1390.7545166015625
2018-10-29,1385.9793701171875
2018-10-30,1421.81396484375
2018-10-31,1447.3841552734375
2018-11-01,1434.844482421875
2018-11-02,1462.3336181640625
2018-11-05,1463.76171875
2018-11-06,1456.5325927734375
2018-11-07,1467.1534423828125
2018-11-09,1492.812744140625
2018-11-12,1476.480224609375
2018-11-13,1491.4742431640625
2018-11-14,1531.101806640625
2018-11-15,1522.6673583984375
2018-11-16,1507.5394287109375
2018-11-19,1518.517333984375
2018-11-20,1511.9127197265625
2018-11-21,1508.2977294921875
2018-11-22,1495.0443115234375
2018-11-26,1556.538330078125
2018-11-27,1546.9881591796875
2018-11-28,1546.0067138671875
2018-11-29,1578.40478515625
2018-11-30,1565.4635009765625
2018-12-03,1629.3671875
2018-12-04,1613.346435546875
2018-12-05,1649.4486083984375
2018-12-06,1607.85791015625
2018-12-07,1628.20703125
2018-12-10,1602.7703857421875
2018-12-11,1601.9669189453125
2018-12-12,1641.416015625
2018-12-13,1656.097900390625
2018-12-14,1660.56005859375
2018-12-17,1651.7689208984375
2018-12-18,1642.8885498046875
2018-12-19,1646.5032958984375
2018-12-20,1637.087158203125
2018-12-21,1609.6427001953125
2018-12-24,1592.8189697265625
2018-12-26,1599.021728515625
2018-12-27,1619.8172607421875
2018-12-28,1626.1986083984375
2018-12-31,1624.056884765625
2019-01-01,1607.500732421875
2019-01-02,1592.77392578125
2019-01-03,1596.165771484375
2019-01-04,1590.185791015625
2019-01-07,1593.086669921875
2019-01-08,1580.5023193359375
2019-01-09,1593.1309814453125
2019-01-10,1594.2021484375
2019-01-11,1579.2078857421875
2019-01-14,1574.299072265625
2019-01-15,1597.4599609375
2019-01-16,1582.01953125
2019-01-17,1563.2320556640625
2019-01-18,1556.62744140625
2019-01-21,1559.1263427734375
2019-01-22,1562.072021484375
2019-01-23,1577.2445068359375
2019-01-24,1570.3720703125
2019-01-25,1567.9625244140625
2019-01-28,1555.645751953125
2019-01-29,1567.873046875
2019-01-30,1547.03271484375
2019-01-31,1573.718994140625
2019-02-01,1605.8941650390625
2019-02-04,1608.83935546875
2019-02-05,1625.6629638671875
2019-02-06,1633.249267578125
2019-02-07,1641.3714599609375
2019-02-08,1621.9593505859375
2019-02-11,1610.8028564453125
2019-02-12,1601.6099853515625
2019-02-14,1593.176025390625
2019-02-15,1582.2425537109375
2019-02-18,1563.5888671875
2019-02-19,1551.138427734375
2019-02-20,1547.1668701171875
2019-02-21,1566.0882568359375
2019-02-22,1578.449462890625
2019-02-25,1579.8775634765625
2019-02-26,1581.7518310546875
2019-02-27,1549.8443603515625
2019-02-28,1546.4083251953125
2019-03-01,1548.1934814453125
2019-03-05,1539.2235107421875
2019-03-06,1517.089111328125
2019-03-07,1522.0875244140625
2019-03-08,1518.6956787109375
2019-03-11,1530.61083984375
2019-03-12,1548.3271484375
2019-03-13,1559.751220703125
2019-03-14,1550.5584716796875
2019-03-15,1515.8399658203125
2019-03-18,1515.0810546875
2019-03-19,1516.9554443359375
2019-03-20,1506.156005859375
2019-03-22,1497.6771240234375
2019-03-25,1493.9288330078125
2019-03-26,1502.80908203125
2019-03-27,1500.131591796875
2019-03-28,1502.898193359375
2019-04-01,1508.3426513671875
2019-04-02,1505.7991943359375
2019-04-03,1491.20654296875
2019-04-04,1487.4134521484375
2019-04-05,1480.7640380859375
2019-04-08,1485.9407958984375
2019-04-09,1499.86376953125
2019-04-10,1512.0465087890625
2019-04-11,1526.5496826171875
2019-04-12,1536.5908203125
2019-04-15,1536.94775390625
2019-04-16,1551.6739501953125
2019-04-18,1552.8790283203125
2019-04-22,1552.8343505859375
2019-04-23,1556.716796875
2019-04-24,1564.2138671875
2019-04-25,1547.79150390625
2019-04-26,1559.5279541015625
2019-04-30,1568.7655029296875
2019-05-02,1538.2862548828125
2019-05-03,1511.510986328125
2019-05-06,1489.5106201171875
2019-05-07,1515.03662109375
2019-05-08,1507.1824951171875
2019-05-09,1520.614501953125
2019-05-10,1506.06689453125
2019-05-13,1519.052734375
2019-05-14,1515.92919921875
2019-05-15,1491.4295654296875
2019-05-16,1506.736083984375
2019-05-17,1550.1123046875
2019-05-20,1581.9749755859375
2019-05-21,1593.3544921875
2019-05-22,1578.22607421875
2019-05-23,1565.329345703125
2019-05-24,1561.5362548828125
2019-05-27,1581.483642578125
2019-05-28,1585.90185546875
2019-05-29,1589.42724609375
2019-05-30,1592.461669921875
2019-05-31,1596.2550048828125
2019-06-03,1641.9512939453125
2019-06-04,1620.4420166015625
2019-06-06,1640.211181640625
2019-06-07,1633.9635009765625
2019-06-10,1653.375732421875
2019-06-11,1642.0404052734375
2019-06-12,1648.5560302734375
2019-06-13,1647.1279296875
2019-06-14,1627.0018310546875
2019-06-17,1622.628662109375
2019-06-18,1615.0869140625
2019-06-19,1616.9610595703125
2019-06-20,1622.6697998046875
2019-06-21,1588.1494140625
2019-06-24,1586.171875
2019-06-25,1578.97998046875
2019-06-26,1583.0703125
2019-06-27,1595.116455078125
2019-06-28,1606.982666015625
2019-07-01,1600.3302001953125
2019-07-02,1608.421142578125
2019-07-03,1604.3756103515625
2019-07-04,1612.3765869140625
2019-07-05,1610.3985595703125
2019-07-08,1576.3734130859375
2019-07-09,1564.4169921875
2019-07-10,1544.954345703125
2019-07-11,1556.011474609375
2019-07-12,1540.099853515625
2019-07-15,1543.470947265625
2019-07-16,1565.36083984375
2019-07-17,1582.80078125
2019-07-18,1563.4283447265625
2019-07-19,1546.572509765625
2019-07-22,1510.8837890625
2019-07-23,1522.2557373046875
2019-07-24,1553.9891357421875
2019-07-25,1561.180908203125
2019-07-26,1555.786865234375
2019-07-29,1540.18994140625
2019-07-30,1546.1229248046875
2019-07-31,1552.191162109375
2019-08-01,1556.37109375
2019-08-02,1561.899658203125
2019-08-05,1565.2708740234375
2019-08-06,1567.8779296875
2019-08-07,1597.67822265625
2019-08-08,1620.9166259765625
2019-08-09,1655.3016357421875
2019-08-13,1640.3790283203125
2019-08-14,1653.234375
2019-08-16,1643.8851318359375
2019-08-19,1636.9183349609375
2019-08-20,1657.14453125
2019-08-21,1663.078125
2019-08-22,1682.94482421875
2019-08-23,1672.0675048828125
2019-08-26,1686.9454345703125
2019-08-27,1673.3260498046875
2019-08-28,1643.390869140625
2019-08-29,1647.75048828125
2019-08-30,1691.754638671875
2019-09-03,1655.7513427734375
2019-09-04,1660.021484375
2019-09-05,1644.8739013671875
2019-09-06,1635.344970703125
2019-09-09,1648.7393798828125
2019-09-11,1639.9747314453125
2019-09-12,1622.9842529296875
2019-09-13,1623.1190185546875
2019-09-16,1632.782958984375
2019-09-17,1646.1773681640625
2019-09-18,1644.3795166015625
2019-09-19,1629.5916748046875
2019-09-20,1770.728515625
2019-09-23,1833.65576171875
2019-09-24,1843.274658203125
2019-09-25,1844.218505859375
2019-09-26,1828.84619140625
2019-09-27,1807.720703125
2019-09-30,1781.6956787109375
2019-10-01,1789.2022705078125
2019-10-03,1763.8065185546875
2019-10-04,1747.7598876953125
2019-10-07,1744.029296875
2019-10-09,1751.1759033203125
2019-10-10,1769.8294677734375
2019-10-11,1802.1021728515625
2019-10-14,1810.732421875
2019-10-15,1855.815185546875
2019-10-16,1861.748291015625
2019-10-17,1891.2791748046875
2019-10-18,1893.9761962890625
2019-10-22,1912.4046630859373
2019-10-23,1927.6763916015625
2019-10-24,1927.7664794921875
2019-10-25,1938.38427734375
2019-10-27,1933.549560546875
2019-10-29,1952.02880859375
2019-10-30,1960.3424072265625
2019-10-31,1965.7197265625
2019-11-01,1969.3336181640625
2019-11-04,1950.17626953125
2019-11-05,1962.8275146484373
2019-11-06,1969.424072265625
2019-11-07,1932.194091796875
2019-11-08,1885.3409423828125
2019-11-11,1880.7774658203125
2019-11-13,1889.4976806640625
2019-11-14,1869.6630859375
2019-11-15,1859.4066162109373
2019-11-18,1858.0511474609373
2019-11-19,1841.379150390625
2019-11-20,1831.2132568359373
2019-11-21,1851.2283935546875
2019-11-22,1832.8848876953125
2019-11-25,1863.6534423828125
2019-11-26,1859.9940185546875
2019-11-27,1891.530517578125
2019-11-28,1886.0184326171875
2019-11-29,1839.165283203125
2019-12-02,1846.303955078125
2019-12-03,1832.9752197265625
2019-12-04,1850.641357421875
2019-12-05,1841.10791015625
2019-12-06,1830.8065185546875
2019-12-09,1814.631591796875
2019-12-10,1830.1739501953125
2019-12-11,1816.7099609375
2019-12-12,1813.9085693359373
2019-12-13,1812.86962890625
2019-12-16,1784.4503173828125
2019-12-17,1772.3416748046875
2019-12-18,1742.702392578125
2019-12-19,1763.0792236328125
2019-12-20,1755.85009765625
2019-12-23,1762.4468994140625
2019-12-24,1758.832275390625
2019-12-26,1757.521728515625
2019-12-27,1761.994873046875
2019-12-30,1750.56396484375
2019-12-31,1737.6871337890625
2020-01-01,1749.9312744140625
2020-01-02,1751.286865234375
2020-01-03,1741.7081298828125
2020-01-06,1730.86474609375
2020-01-07,1735.6087646484375
2020-01-08,1743.4254150390625
2020-01-09,1748.575927734375
2020-01-10,1765.699951171875
2020-01-13,1802.613037109375
2020-01-14,1815.21875
2020-01-15,1826.830810546875
2020-01-16,1851.7706298828125
2020-01-17,1861.756103515625
2020-01-20,1864.0604248046875
2020-01-21,1857.3282470703125
2020-01-22,1853.98486328125
2020-01-23,1858.6837158203125
2020-01-24,1873.8648681640625
2020-01-27,1862.705078125
2020-01-28,1862.0272216796875
2020-01-29,1874.3165283203125
2020-01-30,1859.76806640625
2020-01-31,1838.21630859375
2020-02-03,1968.9722900390625
2020-02-04,1947.8720703125
2020-02-05,1952.1195068359373
2020-02-06,1948.5947265625
2020-02-07,1951.8031005859373
2020-02-10,1951.2159423828125
2020-02-11,1945.20654296875
2020-02-12,2042.528076171875
2020-02-13,2063.3564453125
2020-02-14,2037.7386474609373
2020-02-17,2035.52490234375
2020-02-18,2019.0787353515625
2020-02-19,2071.263427734375
2020-02-20,2031.5938720703125
2020-02-24,2001.6834716796875
2020-02-25,2018.3558349609373
2020-02-26,2020.705322265625
2020-02-27,2037.6484375
2020-02-28,1965.1768798828125
2020-03-02,1951.3514404296875
2020-03-03,1957.8572998046875
2020-03-04,1966.1708984375
2020-03-05,2004.259033203125
2020-03-06,1977.9630126953125
2020-03-09,1917.0584716796875
2020-03-11,1947.329833984375
2020-03-12,1857.8253173828125
2020-03-13,1837.2674560546875
2020-03-16,1754.765869140625
2020-03-17,1810.9266357421875
2020-03-18,1738.410400390625
2020-03-19,1661.1495361328125
2020-03-20,1853.98486328125
2020-03-23,1689.5234375
2020-03-24,1832.43310546875
2020-03-25,1886.9222412109373
2020-03-26,1983.385009765625
2020-03-27,1934.27294921875
2020-03-30,1973.8519287109373
2020-03-31,2077.001708984375
2020-04-01,1969.6046142578125
2020-04-03,1946.5167236328125
2020-04-07,2209.293212890625
2020-04-08,2223.70654296875
2020-04-09,2143.64453125
2020-04-13,2120.331298828125
2020-04-15,2247.833740234375
2020-04-16,2201.341796875
2020-04-17,2155.165771484375
2020-04-20,2111.385009765625
2020-04-21,2094.08056640625
2020-04-22,2156.205078125
2020-04-23,2094.170654296875
2020-04-24,2063.085693359375
2020-04-27,2096.83642578125
2020-04-28,2069.275146484375
2020-04-29,2016.6842041015625
2020-04-30,1983.475341796875
2020-05-04,1881.9520263671875
2020-05-05,1844.767578125
2020-05-06,1816.48388671875
2020-05-07,1800.0828857421875
2020-05-08,1888.096923828125
2020-05-11,1850.641357421875
2020-05-12,1817.7039794921875
2020-05-13,1803.4266357421875
2020-05-14,1812.7340087890625
2020-05-15,1836.2734375
2020-05-18,1812.01123046875
2020-05-19,1785.17333984375
2020-05-20,1798.9986572265625
2020-05-21,1780.9710693359375
2020-05-22,1796.3331298828125
2020-05-26,1787.206298828125
2020-05-27,1805.5501708984373
2020-05-28,1816.2578125
2020-05-29,1859.0904541015625
2020-06-01,1905.3565673828125
2020-06-02,1904.3170166015625
2020-06-03,1916.1546630859373
2020-06-04,1916.245361328125
2020-06-05,1886.4251708984373
2020-06-08,1908.2030029296875
2020-06-09,1903.5040283203125
2020-06-10,1915.341552734375
2020-06-11,1903.8656005859373
2020-06-12,1904.1815185546875
2020-06-15,1883.443359375
2020-06-16,1876.259765625
2020-06-17,1877.9761962890625
2020-06-18,1866.3197021484373
2020-06-19,1903.985107421875
2020-06-22,1911.3089599609373
2020-06-23,1961.4844970703125
2020-06-24,1938.148193359375
2020-06-25,1977.1326904296875
2020-06-26,1959.892578125
2020-06-29,1986.04931640625
2020-06-30,1983.3653564453125
2020-07-01,1974.6312255859373
2020-07-02,1957.6634521484373
2020-07-03,1977.6336669921875
2020-07-06,1966.6251220703125
2020-07-07,1959.846435546875
2020-07-08,1988.86962890625
2020-07-09,1979.5897216796875
2020-07-10,2023.21484375
2020-07-13,2060.92578125
2020-07-14,2033.1767578125
2020-07-15,2069.932861328125
2020-07-16,2081.48681640625
2020-07-17,2123.974853515625
2020-07-20,2120.69921875
2020-07-21,2108.91796875
2020-07-22,2045.68701171875
2020-07-23,2011.8878173828125
2020-07-24,2010.0228271484373
2020-07-27,2021.122314453125
2020-07-28,2040.2735595703125
2020-07-29,2030.0379638671875
2020-07-30,2006.099365234375
2020-07-31,2019.165283203125
2020-08-03,2014.2313232421875
2020-08-04,2008.109375
2020-08-05,2005.1400146484373
2020-08-06,2028.8046875
2020-08-07,2019.7589111328125
2020-08-10,2016.2874755859373
2020-08-11,2019.8505859375
2020-08-12,2005.642578125
2020-08-13,2008.8861083984373
2020-08-14,1986.2720947265625
2020-08-17,2006.510498046875
2020-08-18,2023.231201171875
2020-08-19,2004.272216796875
2020-08-20,1997.053466796875
2020-08-21,2011.99267578125
2020-08-24,2005.0030517578125
2020-08-25,1991.023681640625
2020-08-26,1994.4044189453125
2020-08-27,1983.85107421875
2020-08-28,1966.216552734375
2020-08-31,1934.603515625
2020-09-01,1975.07958984375
2020-09-02,1956.8056640625
2020-09-03,1954.5216064453125
2020-09-04,1941.2728271484373
2020-09-07,1975.9476318359373
2020-09-08,1957.35400390625
2020-09-09,1948.2171630859373
2020-09-10,1949.724853515625
2020-09-11,1972.8865966796875
2020-09-14,1940.22216796875
2020-09-15,1941.0902099609373
2020-09-16,1958.49609375
2020-09-17,1944.5166015625
2020-09-18,1917.5628662109373
2020-09-21,1861.9189453125
2020-09-22,1851.86865234375
2020-09-23,1875.395751953125
2020-09-24,1883.0252685546875
2020-09-25,1899.6087646484373
2020-09-28,1885.218017578125
2020-09-29,1857.716064453125
2020-09-30,1889.7406005859373
2020-10-01,1914.1822509765625
2020-10-05,1928.84716796875
2020-10-06,1933.2779541015625
2020-10-07,1954.70458984375
2020-10-08,1974.3028564453125
2020-10-09,1954.97802734375
2020-10-12,1953.836181640625
2020-10-13,1953.653564453125
2020-10-14,1971.8814697265625
2020-10-15,1966.76513671875
2020-10-16,1964.9375
2020-10-19,1989.835693359375
2020-10-20,1985.5413818359373
2020-10-21,1976.4500732421875
2020-10-22,1991.2520751953125
2020-10-23,1958.8157958984373
2020-10-26,1979.7396240234373
2020-10-27,1988.8306884765625
2020-10-28,1990.3480224609373
2020-10-29,1951.49462890625
2020-10-30,1904.77880859375
2020-11-02,1905.42236328125
2020-11-03,1890.4327392578125
2020-11-04,1894.4332275390625
2020-11-05,1933.3326416015625
2020-11-06,1925.7918701171875
2020-11-09,1961.1044921875
2020-11-10,1964.8292236328125
2020-11-11,1959.817138671875
2020-11-12,2015.8675537109373
2020-11-13,2009.6597900390625
2020-11-14,2011.82080078125
2020-11-17,2002.53271484375
2020-11-18,1960.6907958984373
2020-11-19,1959.4493408203125
2020-11-20,1949.7933349609373
2020-11-23,1958.207763671875
2020-11-24,1983.9110107421875
2020-11-25,1964.139404296875
2020-11-26,1981.01416015625
2020-11-27,1966.30029296875
2020-12-01,1961.564453125
2020-12-02,1967.3116455078125
2020-12-03,1956.690673828125
2020-12-04,2008.60205078125
2020-12-07,2074.767333984375
2020-12-08,2078.30810546875
2020-12-09,2107.919677734375
2020-12-10,2161.486572265625
2020-12-11,2183.832763671875
2020-12-14,2180.154296875
2020-12-15,2133.53076171875
2020-12-16,2155.509033203125
2020-12-17,2129.16259765625
2020-12-18,2145.853271484375
2020-12-21,2120.56396484375
2020-12-22,2125.208251953125
2020-12-23,2179.78662109375
2020-12-24,2209.122314453125
2020-12-28,2196.844970703125
2020-12-29,2192.615234375
2020-12-30,2213.122314453125
2020-12-31,2202.82275390625
2021-01-01,2195.60400390625
2021-01-04,2231.4228515625
2021-01-05,2253.53955078125
2021-01-06,2222.9619140625
2021-01-07,2178.4072265625
2021-01-08,2198.960693359375
2021-01-11,2233.8134765625
2021-01-12,2184.890625
2021-01-13,2181.6259765625
2021-01-14,2205.7197265625
2021-01-15,2162.130126953125
2021-01-18,2145.072021484375
2021-01-19,2173.165283203125
2021-01-20,2166.544189453125
2021-01-21,2177.3037109375
2021-01-22,2215.651611328125
2021-01-25,2206.685302734375
2021-01-27,2199.052734375
2021-01-28,2115.460205078125
2021-01-29,2081.894287109375
2021-02-01,2067.82470703125
2021-02-02,2051.1337890625
2021-02-03,2053.34130859375
2021-02-04,2065.06591796875
2021-02-05,2087.090576171875
2021-02-08,2056.83544921875
2021-02-09,2038.075439453125
2021-02-10,2055.778076171875
2021-02-11,2081.067138671875
2021-02-12,2061.341796875
2021-02-15,2037.1102294921875
2021-02-16,2019.5455322265625
2021-02-17,1989.9342041015625
2021-02-18,1974.2552490234373
2021-02-19,2005.7515869140625
2021-02-22,1993.3367919921875
2021-02-23,2004.0501708984373
2021-02-24,2003.6822509765625
2021-02-25,1989.3824462890625
2021-02-26,1960.64501953125
2021-03-01,1971.0819091796875
2021-03-02,2002.8544921875
2021-03-03,2017.1541748046875
2021-03-04,2020.2813720703125
2021-03-05,2024.143798828125
2021-03-08,1999.7281494140625
2021-03-09,2021.75244140625
2021-03-10,2048.742919921875
2021-03-12,2027.5
2021-03-15,2033.109619140625
2021-03-16,2063.640625
2021-03-17,2047.31787109375
2021-03-18,2037.1102294921875
2021-03-19,2126.17333984375
2021-03-22,2164.015625
2021-03-23,2149.393798828125
2021-03-24,2132.19677734375
2021-03-25,2057.203125
2021-03-26,2131.55322265625
2021-03-30,2205.903564453125
2021-03-31,2236.020751953125
2021-04-01,2206.225341796875
2021-04-05,2182.407470703125
2021-04-06,2214.685302734375
2021-04-07,2211.88134765625
2021-04-08,2216.157470703125
2021-04-09,2276.94287109375
2021-04-12,2264.068603515625
2021-04-13,2257.079345703125
2021-04-15,2262.826904296875
2021-04-16,2261.21728515625
2021-04-19,2240.756103515625
2021-04-20,2204.707763671875
2021-04-22,2160.521240234375
2021-04-23,2122.21923828125
2021-04-26,2170.866455078125
2021-04-27,2188.523193359375
2021-04-28,2213.076416015625
2021-04-29,2214.042236328125
2021-04-30,2164.521728515625
2021-05-03,2214.409912109375
2021-05-04,2214.087890625
2021-05-05,2202.133056640625
2021-05-06,2197.85693359375
2021-05-07,2217.352294921875
2021-05-10,2237.307861328125
2021-05-11,2208.98388671875
2021-05-12,2141.71533203125
2021-05-14,2185.763916015625
2021-05-17,2185.212646484375
2021-05-18,2183.373046875
2021-05-19,2170.03857421875
2021-05-20,2155.693115234375
2021-05-21,2172.33740234375
2021-05-24,2148.703857421875
2021-05-25,2155.601318359375
2021-05-26,2164.75146484375
2021-05-27,2139.3701171875
2021-05-28,2135.0478515625
2021-05-31,2151.9228515625
2021-06-01,2168.705078125
2021-06-02,2169.1650390625
2021-06-03,2173.2578125
2021-06-04,2153.76220703125
2021-06-07,2151.23291015625
2021-06-08,2169.34912109375
2021-06-09,2166.59033203125
2021-06-10,2187.557373046875
2021-06-11,2176.24609375
2021-06-14,2190.23291015625
2021-06-15,2215.565673828125
2021-06-16,2230.339599609375
2021-06-17,2239.4169921875
2021-06-18,2299.808837890625
2021-06-21,2328.9404296875
2021-06-22,2306.61669921875
2021-06-23,2297.58642578125
2021-06-24,2306.524658203125
2021-06-25,2268.0849609375
2021-06-28,2278.783203125
2021-06-29,2308.74755859375
2021-06-30,2289.064453125
2021-07-01,2295.270751953125
2021-07-02,2303.884765625
2021-07-05,2314.768310546875
2021-07-06,2290.176513671875
2021-07-07,2298.651123046875
2021-07-08,2267.066162109375
2021-07-09,2270.678466796875
2021-07-12,2263.916748046875
2021-07-13,2257.01611328125
2021-07-14,2236.77734375
2021-07-15,2234.461669921875
2021-07-16,2239.139404296875
2021-07-19,2231.03466796875
2021-07-20,2255.348876953125
2021-07-22,2202.78369140625
2021-07-23,2184.2119140625
2021-07-26,2175.50537109375
2021-07-27,2169.669921875
2021-07-28,2187.268798828125
2021-07-29,2162.583984375
2021-07-30,2161.24072265625
2021-08-02,2160.778076171875
2021-08-03,2210.84228515625
2021-08-04,2201.81103515625
2021-08-05,2183.841552734375
2021-08-06,2196.623779296875
2021-08-09,2208.66552734375
2021-08-10,2206.164794921875
2021-08-11,2214.176513671875
2021-08-12,2215.890380859375
2021-08-13,2227.1904296875
2021-08-16,2247.4755859375
2021-08-17,2300.642578125
2021-08-18,2302.726806640625
2021-08-20,2426.243408203125
2021-08-23,2439.905517578125
2021-08-24,2438.8408203125
2021-08-25,2449.9560546875
2021-08-26,2469.77783203125
2021-08-27,2480.47607421875
2021-08-30,2489.507080078125
2021-08-31,2523.222900390625
2021-09-01,2531.3740234375
2021-09-02,2594.49853515625
2021-09-03,2562.681640625
2021-09-06,2575.55712890625
2021-09-07,2572.870361328125
2021-09-08,2594.359619140625
2021-09-09,2603.390869140625
2021-09-13,2580.8828125
2021-09-14,2558.837646484375
2021-09-15,2570.786376953125
2021-09-16,2564.1171875
2021-09-17,2521.50927734375
2021-09-20,2593.850341796875
2021-09-21,2605.0576171875
2021-09-22,2579.1689453125
2021-09-23,2577.13134765625
2021-09-24,2544.10986328125
2021-09-27,2509.69970703125
2021-09-28,2522.991455078125
2021-09-29,2487.284423828125
2021-09-30,2502.56787109375
2021-10-01,2504.6513671875
2021-10-04,2488.117431640625
2021-10-05,2508.91162109375
2021-10-06,2487.978759765625
2021-10-07,2472.556396484375
2021-10-08,2445.37109375
2021-10-11,2450.048583984375
2021-10-12,2478.80908203125
2021-10-13,2451.576904296875
2021-10-14,2454.170166015625
2021-10-18,2458.292236328125
2021-10-19,2358.9970703125
2021-10-20,2295.872314453125
2021-10-21,2265.3984375
2021-10-22,2273.133056640625
2021-10-25,2274.754150390625
2021-10-26,2271.026123046875
2021-10-27,2233.514892578125
2021-10-28,2227.037841796875
2021-10-29,2230.2998046875
2021-11-01,2243.300537109375
2021-11-02,2254.29736328125
2021-11-03,2247.26171875
2021-11-04,2257.97900390625
2021-11-08,2266.412841796875
2021-11-09,2265.713623046875
2021-11-10,2236.823486328125
2021-11-11,2214.50341796875
2021-11-12,2241.296875
2021-11-15,2259.749755859375
2021-11-16,2242.881103515625
2021-11-17,2228.43603515625
2021-11-18,2236.12451171875
2021-11-22,2226.01318359375
2021-11-23,2231.278076171875
2021-11-24,2213.152099609375
2021-11-25,2189.20068359375
2021-11-26,2176.2001953125
2021-11-29,2170.8876953125
2021-11-30,2159.844482421875
2021-12-01,2185.28662109375
2021-12-02,2221.1201171875
2021-12-03,2184.168212890625
2021-12-06,2149.546142578125
2021-12-07,2163.61865234375
2021-12-08,2181.325927734375
2021-12-09,2180.53369140625
2021-12-10,2174.056640625
2021-12-13,2147.54248046875
2021-12-14,2160.54345703125
2021-12-15,2163.012939453125
2021-12-16,2152.342041015625
2021-12-17,2078.4853515625
2021-12-20,2114.691162109375
2021-12-21,2118.18603515625
2021-12-22,2122.659423828125
2021-12-23,2144.09423828125
2021-12-24,2140.64599609375
2021-12-27,2144.793212890625
2021-12-28,2151.96923828125
2021-12-29,2149.872802734375
2021-12-30,2167.3466796875
2021-12-31,2199.54541015625
2022-01-03,2200.6171875
2022-01-04,2237.8486328125
2022-01-05,2251.408447265625
2022-01-06,2228.668701171875
2022-01-07,2251.734619140625
2022-01-10,2243.25390625
2022-01-11,2240.085205078125
2022-01-12,2248.93896484375
2022-01-13,2249.917236328125
2022-01-14,2202.85400390625
2022-01-17,2226.94482421875
2022-01-18,2208.259521484375
2022-01-19,2152.71484375
2022-01-20,2107.887939453125
2022-01-21,2167.16015625
2022-01-24,2129.13671875
2022-01-25,2168.884521484375
2022-01-27,2139.1552734375
2022-01-28,2128.157470703125
2022-01-31,2119.02490234375
2022-02-01,2148.75390625
2022-02-02,2169.489990234375
2022-02-03,2141.764404296875
2022-02-04,2149.63916015625
2022-02-07,2103.973876953125
2022-02-08,2110.2646484375
2022-02-09,2122.659423828125
2022-02-10,2127.78515625
2022-02-11,2104.3466796875
2022-02-14,2076.900390625
2022-02-15,2134.2626953125
2022-02-16,2130.907470703125
2022-02-17,2150.52490234375
2022-02-18,2155.1845703125
2022-02-21,2138.642333984375
2022-02-22,2115.483154296875
2022-02-23,2106.5830078125
2022-02-24,2023.6396484375
2022-02-25,2022.9873046875
2022-02-28,2024.291748046875
2022-03-02,2002.857177734375
2022-03-03,1948.7105712890625
2022-03-04,1882.0762939453125
2022-03-07,1811.6671142578125
2022-03-08,1816.37353515625
2022-03-09,1861.9459228515625
2022-03-10,1958.9154052734373
2022-03-11,1951.87939453125
2022-03-14,1919.16796875
2022-03-15,1899.503662109375
2022-03-16,1931.1434326171875
2022-03-17,1959.0086669921875
2022-03-21,1911.618896484375
2022-03-22,1857.845458984375
2022-03-23,1843.9127197265625
2022-03-24,1832.1236572265625
2022-03-25,1820.1015625
2022-03-28,1840.6976318359373
2022-03-29,1851.83447265625
2022-03-30,1878.7210693359373
2022-03-31,1909.242431640625
2022-04-01,1936.735107421875
2022-04-04,1983.612060546875
2022-04-05,1994.189697265625
2022-04-06,1996.2869873046875
2022-04-07,2017.488525390625
2022-04-08,2034.4969482421875
2022-04-11,2015.858154296875
2022-04-12,1987.1536865234373
2022-04-13,2005.6995849609373
2022-04-18,2029.464599609375
2022-04-19,1969.2603759765625
2022-04-20,2017.628662109375
2022-04-21,2048.3828125
2022-04-22,1982.214111328125
2022-04-25,1957.79736328125
2022-04-26,2002.1583251953125
2022-04-27,1999.12939453125
2022-04-28,2089.295654296875
2022-04-29,2082.772216796875
2022-05-02,2078.7177734375
2022-05-04,2023.7796630859373
2022-05-05,2019.16650390625
2022-05-06,2002.9503173828125
2022-05-09,1972.6151123046875
2022-05-10,2032.027099609375
2022-05-11,2016.2769775390625
2022-05-12,1993.258056640625
2022-05-13,2044.7950439453125
2022-05-16,2066.36962890625
2022-05-17,2092.231201171875
2022-05-18,2135.4736328125
2022-05-19,2110.450927734375
2022-05-20,2167.6728515625
2022-05-23,2217.858154296875
2022-05-24,2152.481689453125
2022-05-25,2142.277099609375
2022-05-26,2125.035888671875
2022-05-27,2172.00634765625
2022-05-30,2189.107666015625
2022-05-31,2193.115234375
2022-06-01,2151.363525390625
2022-06-02,2129.322998046875
2022-06-03,2135.986083984375
2022-06-06,2125.315673828125
2022-06-07,2061.104248046875
2022-06-08,2047.5439453125
2022-06-09,2048.149658203125
2022-06-10,2050.2001953125
2022-06-13,2047.4044189453125
2022-06-14,2023.2667236328125
2022-06-15,2018.1431884765625
2022-06-16,2018.2838134765625
2022-06-17,1984.2021484375
2022-06-20,2064.540771484375
2022-06-21,2073.096435546875
2022-06-22,2071.0751953125
2022-06-23,2117.84912109375
2022-06-24,2166.079833984375
2022-06-27,2181.827880859375
2022-06-28,2179.007568359375
2022-06-29,2099.844482421875
2022-06-30,2097.164794921875
2022-07-01,2145.819091796875
2022-07-04,2233.11474609375
2022-07-05,2257.841552734375
2022-07-06,2348.945068359375
2022-07-07,2325.017333984375
2022-07-08,2347.48828125
2022-07-11,2341.61181640625
2022-07-12,2303.017333984375
2022-07-13,2348.333984375
2022-07-14,2348.381103515625
2022-07-15,2414.851806640625
2022-07-18,2400.7490234375
2022-07-19,2414.33447265625
2022-07-20,2448.697998046875
2022-07-21,2451.471923828125
2022-07-22,2482.638427734375
2022-07-25,2466.655517578125
2022-07-26,2394.732177734375
2022-07-27,2427.4970703125
2022-07-28,2463.364990234375
2022-07-29,2479.6298828125
2022-08-01,2437.885986328125
2022-08-02,2477.60888671875
2022-08-03,2469.2412109375
2022-08-04,2470.745361328125
2022-08-05,2487.15185546875
2022-08-08,2491.8056640625
2022-08-10,2484.70703125
2022-08-11,2457.347900390625
2022-08-12,2439.7197265625
2022-08-16,2486.3056640625
2022-08-17,2524.0537109375
2022-08-18,2521.609130859375
2022-08-19,2476.950927734375
2022-08-22,2469.5703125
2022-08-23,2437.651123046875
2022-08-24,2433.42041015625
2022-08-25,2420.2109375
2022-08-26,2417.71923828125
2022-08-29,2421.715087890625
2022-08-30,2500.7373046875
2022-09-01,2450.108642578125
2022-09-02,2447.852294921875
2022-09-05,2445.03173828125
2022-09-06,2419.176513671875
2022-09-07,2411.184814453125
2022-09-08,2422.984130859375
2022-09-09,2433.84326171875
2022-09-12,2426.039794921875
2022-09-13,2431.869140625
2022-09-14,2417.578369140625
2022-09-15,2407.236083984375
2022-09-16,2376.91552734375
2022-09-19,2424.958740234375
2022-09-20,2429.00146484375
2022-09-21,2466.655517578125
2022-09-22,2531.6689453125
2022-09-23,2521.609130859375
2022-09-26,2501.395263671875
2022-09-27,2518.976806640625
2022-09-28,2540.4599609375
2022-09-29,2539.002685546875
2022-09-30,2535.1474609375
2022-10-03,2465.621337890625
2022-10-04,2508.3525390625
2022-10-06,2457.6298828125
2022-10-07,2444.18505859375
2022-10-10,2449.732666015625
2022-10-11,2398.0693359375
2022-10-12,2436.3349609375
2022-10-13,2412.87744140625
2022-10-14,2421.715087890625
2022-10-17,2435.5830078125
2022-10-18,2446.58251953125
2022-10-19,2428.484619140625
2022-10-20,2445.31298828125
2022-10-21,2495.14306640625
2022-10-24,2419.176513671875
2022-10-25,2355.5263671875
2022-10-27,2368.3125
2022-10-28,2373.2490234375
2022-10-31,2398.11669921875
2022-11-01,2415.248046875
2022-11-02,2383.54052734375
2022-11-03,2410.08935546875
2022-11-04,2385.481201171875
2022-11-07,2397.2646484375
2022-11-09,2374.548583984375
2022-11-10,2379.09228515625
2022-11-11,2369.106689453125
2022-11-14,2326.278076171875
2022-11-15,2325.994140625
2022-11-16,2345.25537109375
2022-11-17,2328.360107421875
2022-11-18,2350.7919921875
2022-11-21,2367.545166015625
2022-11-22,2381.079833984375
2022-11-23,2373.176513671875
2022-11-24,2412.739990234375
2022-11-25,2401.66552734375
2022-11-28,2390.071044921875
2022-11-29,2493.23828125
2022-11-30,2540.704833984375
2022-12-01,2520.35546875
2022-12-02,2475.16064453125
2022-12-05,2479.65673828125
2022-12-06,2512.49951171875
2022-12-07,2562.47412109375
2022-12-08,2560.67578125
2022-12-09,2576.576904296875
2022-12-12,2571.84423828125
2022-12-13,2565.26611328125
2022-12-14,2540.989013671875
2022-12-15,2520.734130859375
2022-12-16,2528.35302734375
2022-12-19,2572.64892578125
2022-12-20,2531.42919921875
2022-12-21,2523.5263671875
2022-12-22,2503.7919921875
2022-12-23,2480.839599609375
2022-12-26,2477.384765625
2022-12-27,2454.479736328125
2022-12-28,2445.34619140625
2022-12-29,2430.62841796875
2022-12-30,2424.0029296875
2023-01-02,2421.49462890625
2023-01-03,2406.01953125
2023-01-04,2400.38818359375
2023-01-05,2445.44091796875
2023-01-06,2438.57861328125
2023-01-09,2483.6318359375
2023-01-10,2502.372314453125
2023-01-11,2454.479736328125
2023-01-12,2451.451171875
2023-01-13,2483.584716796875
2023-01-16,2458.1240234375
2023-01-17,2524.803955078125
2023-01-18,2542.45556640625
2023-01-19,2507.956298828125
2023-01-20,2412.360595703125
2023-01-23,2457.461181640625
2023-01-24,2461.341796875
2023-01-25,2482.02294921875
2023-01-27,2472.368408203125
2023-01-30,2430.722900390625
2023-01-31,2438.863037109375
2023-02-01,2436.496826171875
2023-02-02,2493.853759765625
2023-02-03,2507.010009765625
2023-02-06,2496.45654296875
2023-02-07,2462.004638671875
2023-02-08,2444.589111328125
2023-02-09,2448.280517578125
2023-02-10,2439.572509765625
2023-02-13,2442.88525390625
2023-02-14,2441.560302734375
2023-02-15,2412.0771484375
2023-02-16,2391.86962890625
2023-02-17,2380.890380859375
2023-02-20,2377.057373046875
2023-02-21,2381.505615234375
2023-02-22,2360.587890625
2023-02-23,2357.370361328125
2023-02-24,2351.265380859375
2023-02-27,2336.07421875
2023-02-28,2328.975341796875
2023-03-01,2334.27587890625
2023-03-02,2323.95947265625
2023-03-03,2338.771484375
2023-03-06,2351.880615234375
2023-03-08,2352.117431640625
2023-03-09,2329.685302734375
2023-03-10,2333.5185546875
2023-03-13,2323.72265625
2023-03-14,2311.749755859375
2023-03-15,2277.344970703125
2023-03-16,2327.745361328125
2023-03-17,2316.4345703125
2023-03-20,2376.820068359375
2023-03-21,2330.821044921875
2023-03-22,2343.835693359375
2023-03-23,2352.117431640625
2023-03-24,2348.04736328125
2023-03-27,2365.2734375
2023-03-28,2349.9404296875
2023-03-29,2395.419189453125
2023-03-31,2423.34033203125
2023-04-03,2400.38818359375
2023-04-05,2444.5419921875
2023-04-06,2427.977783203125
2023-04-10,2396.649658203125
2023-04-11,2411.41455078125
2023-04-12,2393.62060546875
2023-04-13,2400.482666015625
2023-04-17,2415.29541015625
2023-04-18,2405.0732421875
2023-04-19,2396.128662109375
2023-04-20,2359.2158203125
2023-04-21,2364.27978515625
2023-04-24,2365.983154296875
2023-04-25,2357.180908203125
2023-04-26,2376.44189453125
2023-04-27,2336.8310546875
2023-04-28,2325.80517578125
2023-05-02,2320.50439453125
2023-05-03,2352.96875
2023-05-04,2372.608154296875
2023-05-05,2366.929443359375
2023-05-08,2381.647705078125
2023-05-09,2381.174560546875
2023-05-10,2387.705078125
2023-05-11,2453.6748046875
2023-05-12,2483.0166015625
2023-05-15,2519.78759765625
2023-05-16,2532.70703125
2023-05-17,2519.314208984375
2023-05-18,2486.9443359375
2023-05-19,2500.100341796875
2023-05-22,2496.9296875
2023-05-23,2487.654541015625
2023-05-24,2475.018310546875
2023-05-25,2458.265869140625
2023-05-26,2510.41748046875
2023-05-29,2508.476806640625
2023-05-30,2514.392578125
2023-05-31,2524.803955078125
2023-06-01,2553.52978515625
2023-06-02,2571.323974609375
2023-06-05,2551.542236328125
2023-06-06,2547.140869140625
2023-06-07,2570.85009765625
2023-06-08,2536.492919921875
2023-06-09,2495.131591796875
2023-06-12,2501.993408203125
2023-06-13,2532.70703125
2023-06-14,2554.33447265625
2023-06-15,2545.7685546875
2023-06-16,2570.329833984375
2023-06-19,2560.40625
2023-06-20,2553.583740234375
2023-06-21,2554.060546875
2023-06-22,2532.8291015625
2023-06-23,2520.6630859375
2023-06-26,2530.682373046875
2023-06-27,2529.96630859375
2023-06-28,2539.4130859375
2023-06-30,2555.53955078125
2023-07-03,2577.391357421875
2023-07-04,2576.38916015625
2023-07-05,2629.6826171875
2023-07-06,2630.875
2023-07-07,2574.576171875
2023-07-10,2534.928466796875
2023-07-11,2561.598876953125
2023-07-12,2551.245361328125
2023-07-13,2533.162841796875
2023-07-14,2554.3466796875
2023-07-17,2558.9267578125
2023-07-18,2559.976806640625
2023-07-19,2549.28955078125
2023-07-20,2579.49072265625
2023-07-21,2484.7841796875
2023-07-24,2462.12158203125
2023-07-25,2450.575439453125
2023-07-26,2465.031982421875
2023-07-27,2452.197998046875
2023-07-28,2466.2724609375
2023-07-31,2443.561767578125
2023-08-01,2434.30615234375
2023-08-02,2451.338623046875
2023-08-03,2434.4970703125
2023-08-04,2429.439208984375
2023-08-07,2451.5771484375
2023-08-08,2448.380615234375
2023-08-09,2435.355712890625
2023-08-10,2420.5654296875
2023-08-11,2387.26318359375
2023-08-14,2417.13037109375
2023-08-16,2435.737548828125
2023-08-17,2426.8154296875
2023-08-18,2437.788818359375
2023-08-21,2445.422607421875
2023-08-22,2448.333251953125
2023-08-23,2456.20556640625
2023-08-24,2463.075927734375
2023-08-25,2446.186279296875
2023-08-28,2438.695556640625
2023-08-29,2410.498046875
2023-08-30,2416.03271484375
2023-08-31,2390.364501953125
2023-09-01,2390.125732421875
2023-09-04,2386.881591796875
2023-09-05,2392.272705078125
2023-09-06,2407.969482421875
2023-09-07,2392.654296875
2023-09-08,2398.713623046875
2023-09-11,2420.135986328125
2023-09-12,2384.4482421875
2023-09-13,2391.7958984375
2023-09-14,2386.309326171875
2023-09-15,2356.6328125
2023-09-18,2374.715087890625
2023-09-20,2353.9130859375
2023-09-21,2360.11572265625
2023-09-22,2368.798828125
2023-09-25,2362.50146484375
2023-09-26,2365.458984375
2023-09-27,2387.21533203125
2023-09-28,2347.71044921875
2023-09-29,2352.720458984375
2023-10-03,2355.869140625
2023-10-04,2393.0361328125
2023-10-05,2404.2001953125
2023-10-06,2384.97314453125
2023-10-09,2396.328369140625
2023-10-10,2401.003662109375
2023-10-11,2439.36328125
2023-10-12,2439.935791015625
2023-10-13,2451.81591796875
2023-10-16,2441.176513671875
2023-10-17,2439.124755859375
2023-10-18,2431.58642578125
2023-10-19,2431.443359375
2023-10-20,2380.91748046875
2023-10-23,2369.801025390625
2023-10-25,2363.885009765625
2023-10-26,2363.02587890625
2023-10-27,2368.41748046875
2023-10-30,2365.411376953125
2023-10-31,2370.278076171875
2023-11-01,2359.06591796875
2023-11-02,2390.353515625
2023-11-03,2411.93310546875
2023-11-06,2400.542236328125
2023-11-07,2399.629150390625
2023-11-08,2421.641357421875
2023-11-09,2380.645263671875
2023-11-10,2390.11328125
2023-11-13,2382.038818359375
2023-11-15,2389.968994140625
2023-11-16,2394.582763671875
2023-11-17,2430.724853515625
2023-11-20,2409.241455078125
2023-11-21,2408.088134765625
2023-11-22,2424.09228515625
2023-11-23,2422.169921875
2023-11-24,2417.65185546875
2023-11-28,2413.182373046875
2023-11-29,2427.1201171875
2023-11-30,2446.8251953125
2023-12-01,2464.222900390625
2023-12-04,2501.3740234375
2023-12-05,2463.838623046875
2023-12-06,2468.06787109375
2023-12-07,2420.583740234375
2023-12-08,2424.47705078125
2023-12-11,2406.550048828125
2023-12-12,2405.68505859375
2023-12-13,2414.47998046875
2023-12-14,2418.7578125
2023-12-15,2425.053466796875
2023-12-18,2437.164794921875
2023-12-19,2461.387451171875
2023-12-20,2458.311767578125
2023-12-21,2454.178466796875
2023-12-22,2475.709716796875
2023-12-26,2484.5048828125
2023-12-27,2507.141357421875
2023-12-28,2531.652587890625
2023-12-29,2560.63330078125
2024-01-01,2551.7900390625
2024-01-02,2512.42822265625
2024-01-03,2505.459228515625
2024-01-04,2492.002197265625
2024-01-05,2518.435791015625
2024-01-08,2478.2568359375
2024-01-09,2479.69873046875
2024-01-10,2477.439697265625
2024-01-11,2437.837646484375
2024-01-12,2445.335205078125
2024-01-15,2473.402587890625
2024-01-16,2469.4619140625
2024-01-17,2463.502197265625
2024-01-18,2449.179931640625
2024-01-19,2465.905029296875
2024-01-23,2283.418212890625
2024-01-24,2346.95458984375
2024-01-25,2334.122314453125
2024-01-29,2349.597900390625
2024-01-30,2363.295166015625
2024-01-31,2385.307373046875
2024-02-01,2377.66552734375
2024-02-02,2357.47998046875
2024-02-05,2325.663818359375
2024-02-06,2332.248046875
2024-02-07,2331.3828125
2024-02-08,2323.30859375
2024-02-09,2330.13330078125
2024-02-12,2293.126220703125
2024-02-13,2301.15283203125
2024-02-14,2295.337158203125
2024-02-15,2259.67626953125
2024-02-16,2283.1298828125
2024-02-19,2294.568115234375
2024-02-20,2310.86083984375
2024-02-21,2313.74462890625
2024-02-22,2295.4814453125
2024-02-23,2301.24853515625
2024-02-26,2311.0048828125
2024-02-27,2312.0146484375
2024-02-28,2327.634521484375
2024-02-29,2318.7431640625
2024-03-01,2316.243896484375
2024-03-04,2328.06689453125
2024-03-05,2306.77587890625
2024-03-06,2307.68896484375
2024-03-07,2325.7119140625
2024-03-11,2297.16357421875
2024-03-12,2285.91748046875
2024-03-13,2222.90966796875
2024-03-14,2244.056640625
2024-03-15,2237.424072265625
2024-03-18,2210.750244140625
2024-03-19,2179.02978515625
2024-03-20,2154.99951171875
2024-03-21,2155.38427734375
2024-03-22,2169.033447265625
2024-03-26,2153.12548828125
2024-03-27,2152.8369140625
2024-03-28,2176.53125
2024-04-01,2197.2451171875
2024-04-02,2198.01416015625
2024-04-03,2177.347900390625
2024-04-04,2177.107666015625
2024-04-05,2179.02978515625
2024-04-08,2180.952392578125
2024-04-09,2176.338623046875
2024-04-10,2173.214599609375
2024-04-12,2145.72412109375
2024-04-15,2108.957275390625
2024-04-16,2134.670166015625
2024-04-18,2128.902587890625
2024-04-19,2145.05126953125
2024-04-22,2154.5673828125
2024-04-23,2174.992919921875
2024-04-24,2172.58984375
2024-04-25,2144.33056640625
2024-04-26,2136.447998046875
2024-04-29,2139.764404296875
2024-04-30,2143.945556640625
2024-05-02,2139.956787109375
2024-05-03,2131.0654296875
2024-05-06,2168.697021484375
2024-05-07,2287.118896484375
2024-05-08,2250.25634765625
2024-05-09,2235.45361328125
2024-05-10,2270.922607421875
2024-05-13,2269.095947265625
2024-05-14,2258.474609375
2024-05-15,2233.19482421875
2024-05-16,2252.274658203125
2024-05-17,2230.359130859375
2024-05-21,2221.083251953125
2024-05-22,2275.103515625
2024-05-23,2290.0986328125
2024-05-24,2277.17041015625
2024-05-27,2292.021240234375
2024-05-28,2303.027099609375
2024-05-29,2281.3515625
2024-05-30,2260.20458984375
2024-05-31,2238.721923828125
2024-06-03,2264.5302734375
2024-06-04,2399.485107421875
2024-06-05,2501.806640625
2024-06-06,2450.71826171875
2024-06-07,2477.82421875
2024-06-10,2465.857177734375
2024-06-11,2457.206298828125
2024-06-12,2430.628662109375
2024-06-13,2390.93017578125
2024-06-14,2406.79931640625
2024-06-18,2413.108154296875
2024-06-19,2384.718505859375
2024-06-20,2409.17724609375
2024-06-21,2369.48046875
2024-06-24,2370.35400390625
2024-06-25,2360.648193359375
2024-06-26,2373.654052734375
2024-06-27,2389.717041015625
2024-06-28,2400.29638671875
2024-07-01,2431.403564453125
2024-07-02,2412.040283203125
2024-07-03,2436.49951171875
2024-07-04,2422.52294921875
2024-07-05,2472.07080078125
2024-07-08,2511.039794921875
2024-07-09,2513.951171875
2024-07-10,2533.654296875
2024-07-11,2532.1015625
2024-07-12,2545.107177734375
2024-07-15,2543.214599609375
2024-07-16,2609.359619140625
2024-07-18,2657.84033203125
2024-07-19,2646.775390625
2024-07-22,2654.831298828125
2024-07-23,2684.968017578125
2024-07-24,2637.118408203125
2024-07-25,2627.55810546875
2024-07-26,2631.294921875
2024-07-29,2631.82861328125
2024-07-30,2612.22265625
2024-07-31,2626.053466796875
2024-08-01,2635.66259765625
2024-08-02,2613.339111328125
2024-08-05,2636.001953125
2024-08-06,2669.147705078125
2024-08-07,2663.32373046875
2024-08-08,2652.793212890625
2024-08-09,2666.38134765625
2024-08-12,2667.837158203125
2024-08-13,2660.751708984375
2024-08-14,2641.97119140625
2024-08-16,2667.400390625
2024-08-19,2661.8681640625
2024-08-20,2670.1181640625
2024-08-21,2709.0869140625
2024-08-22,2710.639892578125
2024-08-23,2732.769287109375
2024-08-26,2738.15576171875
2024-08-27,2685.50146484375
2024-08-28,2683.027099609375
2024-08-29,2703.31201171875
2024-08-30,2696.275390625
2024-09-02,2707.000244140625
2024-09-03,2712.095947265625
2024-09-04,2757.66455078125
2024-09-05,2754.947021484375
2024-09-06,2755.43212890625
2024-09-09,2835.844970703125
2024-09-10,2813.327392578125
2024-09-11,2818.714111328125
2024-09-12,2869.4267578125
2024-09-13,2846.6669921875
2024-09-16,2782.754150390625
2024-09-17,2788.965576171875
2024-09-18,2791.246826171875
2024-09-19,2826.090576171875
2024-09-20,2890.003173828125
2024-09-23,2939.454345703125
2024-09-24,2863.7490234375
2024-09-25,2862.196044921875
2024-09-26,2898.25341796875
2024-09-27,2878.9873046875
2024-09-30,2871.271240234375
2024-10-01,2837.737548828125
2024-10-03,2808.232177734375
2024-10-04,2764.94384765625
2024-10-07,2750.04541015625
2024-10-08,2735.874755859375
2024-10-09,2687.491455078125
2024-10-10,2673.66064453125
2024-10-11,2701.322265625
2024-10-14,2707.048828125
2024-10-15,2699.623779296875
2024-10-16,2699.4296875
2024-10-17,2658.082763671875
2024-10-18,2637.166748046875
2024-10-21,2614.309814453125
2024-10-22,2602.80810546875
2024-10-23,2581.067138671875
2024-10-24,2431.403564453125
2024-10-25,2453.678466796875
2024-10-28,2500.023681640625
2024-10-29,2472.70166015625
2024-10-30,2479.787109375
2024-10-31,2453.87255859375
2024-11-01,2462.850341796875
2024-11-04,2450.524169921875
2024-11-05,2447.175537109375
2024-11-06,2455.374267578125
2024-11-07,2430.630859375
2024-11-08,2462.247314453125
2024-11-11,2445.899169921875
2024-11-12,2416.884765625
2024-11-13,2420.272216796875
2024-11-14,2345.89501953125
2024-11-18,2378.984130859375
2024-11-19,2366.661865234375
2024-11-21,2339.611083984375
2024-11-22,2400.92919921875
2024-11-25,2426.654296875
2024-11-26,2434.263916015625
2024-11-27,2441.82421875
2024-11-28,2417.572021484375
2024-11-29,2450.906494140625
2024-12-02,2434.214599609375
2024-12-03,2437.847900390625
2024-12-04,2419.830322265625
2024-12-05,2449.385009765625
2024-12-06,2438.780517578125
2024-12-09,2357.23583984375
2024-12-10,2353.897705078125
2024-12-11,2357.824951171875
2024-12-12,2302.447265625
2024-12-13,2346.77880859375
2024-12-16,2323.2626953125
2024-12-17,2320.41552734375
2024-12-18,2316.438720703125
2024-12-19,2317.077392578125
2024-12-20,2291.597412109375
2024-12-23,2296.5068359375
2024-12-24,2293.217529296875
2024-12-26,2290.46826171875
2024-12-27,2298.814208984375
2024-12-30,2301.0234375
2024-12-31,2284.67529296875
2025-01-01,2280.011474609375
2025-01-02,2327.04296875
2025-01-03,2362.635986328125
2025-01-06,2333.130615234375
2025-01-07,2347.46630859375
2025-01-08,2357.481201171875
2025-01-09,2391.257568359375
2025-01-10,2397.787353515625
2025-01-13,2406.5751953125
2025-01-14,2325.0302734375
2025-01-15,2329.989013671875
2025-01-16,2302.496337890625
2025-01-17,2311.333251953125
2025-01-20,2302.692626953125
2025-01-21,2298.077880859375
2025-01-22,2300.4833984375
2025-01-23,2279.618408203125
2025-01-24,2325.177734375
2025-01-27,2349.47900390625
2025-01-28,2345.551513671875
2025-01-29,2340.740234375
2025-01-30,2365.0908203125
2025-01-31,2424.052490234375
2025-02-01,2460.627197265625
2025-02-03,2397.68896484375
2025-02-04,2393.859619140625
2025-02-05,2347.711669921875
2025-02-06,2329.694091796875
2025-02-07,2321.004638671875
2025-02-10,2318.648193359375
2025-02-11,2273.28564453125
2025-02-12,2290.22265625
2025-02-13,2279.42236328125
2025-02-14,2276.329345703125
2025-02-17,2287.178955078125
2025-02-18,2254.384521484375
2025-02-19,2209.61083984375
2025-02-20,2207.303466796875
2025-02-21,2201.01953125
2025-02-24,2200.822998046875
2025-02-25,2218.349609375
2025-02-27,2204.259521484375
2025-02-28,2150.55126953125
2025-03-03,2137.39404296875
2025-03-04,2118.24755859375
2025-03-05,2131.110107421875
2025-03-06,2178.73095703125
2025-03-07,2164.592041015625
2025-03-10,2207.009033203125
2025-03-11,2176.76708984375
2025-03-12,2153.153076171875
2025-03-13,2135.38134765625
2025-03-17,2131.8955078125
2025-03-18,2131.8955078125
2025-03-19,2160.173583984375
2025-03-20,2201.755859375
2025-03-21,2205.487060546875
2025-03-24,2215.3056640625
2025-03-25,2230.13232421875
2025-03-26,2205.241455078125
2025-03-27,2203.965087890625
2025-03-28,2217.90771484375
2025-04-01,2193.361083984375
2025-04-02,2197.33740234375
2025-04-03,2203.866943359375
2025-04-04,2203.866943359375
2025-04-07,2208.62890625
2025-04-08,2247.7568359375
2025-04-09,2307.405517578125
2025-04-11,2323.2626953125
2025-04-15,2318.697265625
2025-04-16,2323.704833984375
2025-04-17,2331.95263671875
2025-04-21,2308.387451171875
2025-04-22,2355.22314453125
2025-04-23,2379.8681640625
2025-04-24,2283.1533203125
2025-04-25,2289.92822265625
2025-04-28,2276.574951171875
2025-04-29,2279.618408203125
2025-04-30,2299.64892578125
2025-05-02,2276.574951171875
2025-05-05,2306.031005859375
2025-05-06,2338.629150390625
2025-05-07,2327.828857421875
2025-05-08,2312.216796875
2025-05-09,2290.615478515625
2025-05-12,2339.316650390625
2025-05-13,2317.224365234375
2025-05-14,2307.896484375
2025-05-15,2312.51123046875
2025-05-16,2338.236328125
2025-05-19,2339.512939453125
2025-05-20,2298.667236328125
2025-05-21,2321.053466796875
2025-05-22,2288.45556640625
2025-05-23,2316.438720703125
2025-05-26,2350.706298828125
2025-05-27,2337.058349609375
2025-05-28,2319.188232421875
2025-05-29,2323.802978515625
2025-05-30,2305.736572265625
2025-06-02,2328.6142578125
2025-06-03,2309.6640625
2025-06-04,2321.642822265625
2025-06-05,2333.3271484375
2025-06-06,2346.484375
2025-06-09,2349.822509765625
2025-06-10,2351.786376953125
2025-06-11,2333.3271484375
2025-06-12,2290.419189453125
2025-06-13,2276.967529296875
2025-06-16,2285.215087890625
2025-06-17,2286.3935546875
2025-06-18,2255.660888671875
2025-06-19,2252.616943359375
2025-06-20,2264.399658203125
2025-06-23,2257.35498046875
2025-06-24,2245.44873046875
2025-06-25,2260.9267578125
2025-06-26,2263.010498046875
2025-06-27,2288.90673828125
2025-06-30,2276.702880859375
2025-07-01,2277.595703125
2025-07-02,2289.10546875
2025-07-03,2295.356201171875
2025-07-04,2321.05419921875
2025-07-07,2391.599609375
2025-07-08,2374.03759765625
2025-07-09,2404.498046875
2025-07-10,2389.615234375
2025-07-11,2499.947998046875
2025-07-14,2496.971435546875
2025-07-15,2507.19091796875
2025-07-16,2497.963623046875
2025-07-17,2490.224365234375
2025-07-18,2470.181884765625
2025-07-21,2445.674560546875
2025-07-22,2460.359130859375
2025-07-23,2431.28759765625
2025-07-24,2418.785888671875
2025-07-25,2396.560546875
2025-07-28,2422.556396484375
2025-07-29,2434.462890625
2025-07-30,2418.388916015625
2025-07-31,2501.535400390625
2025-08-01,2533.781982421875
2025-08-04,2523.85986328125
2025-08-05,2514.93017578125
2025-08-06,2515.8232421875
2025-08-07,2497.8642578125
2025-08-08,2479.11181640625
2025-08-11,2498.757080078125
2025-08-12,2464.42724609375
2025-08-13,2475.63916015625
2025-08-14,2461.252197265625
2025-08-18,2548.06982421875
2025-08-19,2584.4833984375
2025-08-20,2648.9765625
2025-08-21,2627.346435546875
2025-08-22,2609.387451171875
2025-08-25,2611.074462890625
2025-08-26,2671.5986328125
2025-08-28,2633.696533203125
2025-08-29,2639.054443359375
2025-09-01,2628.834716796875
2025-09-02,2656.120361328125
2025-09-03,2643.916015625
2025-09-04,2645.801513671875
2025-09-05,2612.860107421875
2025-09-08,2603.434326171875
2025-09-09,2621.393310546875
2025-09-10,2622.881591796875
2025-09-11,2601.54931640625
2025-09-12,2560.372802734375
2025-09-15,2560.868896484375
2025-09-16,2560.769775390625
2025-09-17,2549.656982421875
2025-09-18,2566.623779296875
2025-09-19,2539.635986328125
2025-09-22,2552.1376953125
2025-09-23,2502.527587890625
2025-09-24,2529.61474609375
2025-09-25,2518.502197265625
2025-09-26,2492.208740234375
2025-09-29,2478.4169921875
2025-09-30,2494.788330078125
2025-10-01,2516.41845703125
2025-10-03,2525.050537109375
2025-10-06,2521.974853515625
2025-10-07,2497.566650390625
2025-10-08,2480.60009765625
2025-10-09,2497.963623046875
2025-10-10,2509.17529296875
2025-10-13,2473.35693359375
2025-10-14,2482.782958984375
2025-10-15,2499.3525390625
2025-10-16,2541.52099609375
2025-10-17,2583.391845703125
2025-10-20,2574.164306640625
2025-10-21,2571.485595703125
2025-10-23,2581.308349609375
2025-10-24,2496.772705078125
2025-10-27,2492.208740234375
2025-10-28,2477.62353515625
2025-10-29,2468.693603515625
2025-10-30,2450.337890625
2025-10-31,2446.269775390625
2025-11-03,2440.812744140625
2025-11-04,2426.624267578125
2025-11-06,2417.0
2025-11-07,2414.0
2025-11-10,2408.800048828125
2025-11-11,2427.5
2025-11-12,2424.5
2025-11-13,2407.60009765625
2025-11-14,2427.699951171875
2025-11-17,2425.0
2025-11-18,2404.0
2025-11-19,2441.60009765625
2025-11-20,2428.39990234375
2025-11-21,2433.699951171875
2025-11-24,2424.199951171875
2025-11-25,2414.10009765625
2025-11-26,2425.199951171875
2025-11-27,2451.699951171875
2025-11-28,2466.60009765625
2025-12-01,2464.5
2025-12-02,2477.800048828125
2025-12-03,2448.0
2025-12-04,2462.199951171875
2025-12-05,2338.60009765625
2025-12-08,2314.0
2025-12-09,2306.5
2025-12-10,2301.699951171875
2025-12-11,2305.60009765625
2025-12-12,2260.60009765625
2025-12-15,2293.5
2025-12-16,2281.10009765625
2025-12-17,2275.60009765625
2025-12-18,2265.5
2025-12-19,2280.0
2025-12-22,2289.5
2025-12-23,2302.60009765625
2025-12-24,2282.199951171875
2025-12-26,2285.39990234375
2025-12-29,2293.300048828125
2025-12-30,2290.199951171875
2025-12-31,2315.89990234375
2026-01-01,2323.0
2026-01-02,2348.0
2026-01-05,2384.10009765625
2026-01-06,2424.699951171875
2026-01-07,2399.39990234375
2026-01-08,2386.699951171875
2026-01-09,2372.60009765625
2026-01-12,2406.199951171875
2026-01-13,2389.5
2026-01-14,2353.5
2026-01-15,2353.5
2026-01-16,2360.39990234375
2026-01-19,2413.89990234375
2026-01-20,2379.10009765625
2026-01-21,2368.0
2026-01-22,2390.60009765625
2026-01-23,2409.5
2026-01-27,2400.89990234375
2026-01-28,2378.39990234375
2026-01-29,2352.60009765625
2026-01-30,2373.0
2026-02-02,2357.300048828125
2026-02-03,2368.60009765625
2026-02-04,2371.0
2026-02-05,2354.39990234375
2026-02-06,2424.199951171875
2026-02-09,2435.0
2026-02-10,2453.60009765625
2026-02-11,2462.89990234375
2026-02-12,2409.699951171875
2026-02-13,2305.199951171875
2026-02-16,2319.0
2026-02-17,2312.300048828125
2026-02-18,2323.5
2026-02-19,2279.300048828125
2026-02-20,2314.5
2026-02-23,2345.39990234375
2026-02-24,2358.60009765625
2026-02-25,2374.89990234375
2026-02-26,2383.300048828125
2026-02-27,2338.10009765625
2026-03-02,2320.60009765625
2026-03-04,2261.300048828125
2026-03-05,2255.0
2026-03-06,2225.699951171875
2026-03-09,2194.60009765625
2026-03-10,2190.199951171875
2026-03-11,2161.39990234375
2026-03-12,2136.89990234375
2026-03-13,2160.0
2026-03-16,2175.699951171875
2026-03-17,2158.199951171875
2026-03-18,2135.300048828125
2026-03-19,2077.300048828125
2026-03-20,2082.699951171875
2026-03-23,2052.199951171875
2026-03-24,2085.0
2026-03-25,2134.800048828125
2026-03-27,2074.39990234375
2026-03-30,2055.199951171875
2026-04-01,2064.699951171875
2026-04-02,2065.300048828125
2026-04-06,2084.800048828125
2026-04-07,2110.60009765625
2026-04-08,2145.60009765625
2026-04-09,2133.199951171875
2026-04-10,2155.300048828125
2026-04-13,2127.199951171875
2026-04-15,2157.60009765625
2026-04-16,2139.10009765625
2026-04-17,2240.800048828125
2026-04-20,2231.5
2026-04-21,2310.699951171875
2026-04-22,2368.800048828125
2026-04-23,2366.39990234375
2026-04-24,2327.300048828125
2026-04-27,2328.300048828125
2026-04-28,2289.5
2026-04-29,2314.39990234375
2026-04-30,2250.89990234375
2026-05-01,2250.89990234375
2026-05-04,2309.300048828125
2026-05-05,2327.39990234375
2026-05-06,2317.10009765625
2026-05-07,2272.199951171875
2026-05-08,2287.699951171875
2026-05-11,2307.199951171875
2026-05-12,2262.0
2026-05-13,2267.300048828125
2026-05-14,2248.699951171875
2026-05-15,2272.199951171875
2026-05-18,2254.199951171875
2026-05-19,2232.89990234375
2026-05-20,2209.300048828125
2026-05-21,2179.0
2026-05-22,2203.60009765625
2026-05-25,2196.5
2026-05-26,2209.39990234375
2026-05-27,2198.39990234375
2026-05-28,2198.39990234375
2026-05-29,2153.5
2026-06-01,2084.300048828125
2026-06-02,2093.699951171875
2026-06-03,2090.60009765625
2026-06-04,2079.39990234375
2026-06-05,2121.5
2026-06-08,2110.10009765625
2026-06-09,2132.800048828125
2026-06-10,2169.5
2026-06-11,2139.800048828125
2026-06-12,2146.962158203125
2026-06-15,2134.39013671875
2026-06-16,2177.748779296875
2026-06-17,2175.47216796875
2026-06-18,2196.16162109375
2026-06-19,2172.50244140625
2026-06-22,2162.89990234375
2026-06-23,2160.10009765625
2026-06-24,2157.800048828125
2026-06-25,2174.199951171875
2026-06-26,2174.199951171875
2026-06-29,2151.300048828125
2026-06-30,2118.199951171875
2026-07-01,2182.0
2026-07-02,2210.60009765625
2026-07-03,2201.199951171875
2026-07-06,2202.0
2026-07-07,2208.800048828125
2026-07-08,2135.800048828125
2026-07-09,2144.5
2026-07-10,2150.60009765625
2026-07-13,2130.60009765625
2026-07-14,2120.199951171875
2026-07-15,2102.60009765625
2026-07-16,2098.39990234375
2026-07-17,2143.800048828125
2026-07-20,2139.699951171875
2026-07-21,2142.5
2026-07-22,2154.60009765625
