,close
2005-01-03,52.109317779541016
2005-01-04,52.46714782714844
2005-01-05,50.76219177246094
2005-01-06,49.59049606323242
2005-01-07,50.33420944213867
2005-01-10,48.95903396606445
2005-01-11,49.2186279296875
2005-01-12,48.4258041381836
2005-01-13,49.68170166015625
2005-01-14,49.2747688293457
2005-01-17,49.40806579589844
2005-01-18,49.25370407104492
2005-01-19,49.3379135131836
2005-01-20,48.58015441894531
2005-01-24,47.50667953491211
2005-01-25,48.208309173583984
2005-01-27,47.359336853027344
2005-01-28,48.83975601196289
2005-01-31,50.64291763305664
2005-02-01,50.76921081542969
2005-02-02,51.36558532714844
2005-02-03,51.87075805664063
2005-02-04,51.31647491455078
2005-02-07,50.670989990234375
2005-02-08,50.90953826904297
2005-02-09,51.42171859741211
2005-02-10,52.57939529418945
2005-02-11,52.60745620727539
2005-02-14,53.43536758422852
2005-02-15,53.76512908935547
2005-02-16,52.7056884765625
2005-02-17,52.77584838867188
2005-02-18,53.56867218017578
2005-02-21,52.824954986572266
2005-02-22,52.572364807128906
2005-02-23,52.446083068847656
2005-02-24,51.835670471191406
2005-02-25,51.59011459350586
2005-02-28,53.449405670166016
2005-03-01,52.23558807373047
2005-03-02,54.65618515014648
2005-03-03,55.7086181640625
2005-03-04,55.80683898925781
2005-03-07,56.031368255615234
2005-03-08,55.98224639892578
2005-03-09,54.7965087890625
2005-03-10,55.014007568359375
2005-03-11,54.7965087890625
2005-03-14,53.912479400634766
2005-03-15,53.68794250488281
2005-03-16,56.26288986206055
2005-03-17,56.32604217529297
2005-03-18,57.96081161499024
2005-03-21,57.31532669067383
2005-03-22,55.46304321289063
2005-03-23,54.76142883300781
2005-03-24,54.77545928955078
2005-03-28,55.8278923034668
2005-03-29,54.7053108215332
2005-03-30,53.744083404541016
2005-03-31,55.11925506591797
2005-04-01,56.9785385131836
2005-04-04,58.70454406738281
2005-04-05,59.70085144042969
2005-04-06,59.67276763916016
2005-04-07,57.35041809082031
2005-04-08,56.683876037597656
2005-04-11,55.36482238769531
2005-04-12,57.30831909179688
2005-04-13,57.8134765625
2005-04-15,56.564598083496094
2005-04-18,54.27731704711914
2005-04-19,53.85634231567383
2005-04-20,53.08456039428711
2005-04-21,53.80722427368164
2005-04-22,55.63144302368164
2005-04-25,57.2662239074707
2005-04-26,56.78911209106445
2005-04-27,53.870384216308594
2005-04-28,53.20383834838867
2005-04-29,50.509613037109375
2005-05-02,50.56573867797852
2005-05-03,50.86042022705078
2005-05-04,51.54098892211914
2005-05-05,52.86003112792969
2005-05-06,53.00036239624024
2005-05-09,53.64585113525391
2005-05-10,55.014007568359375
2005-05-11,55.17538070678711
2005-05-12,54.96488571166992
2005-05-13,55.03505325317383
2005-05-16,55.86296081542969
2005-05-17,55.638450622558594
2005-05-18,54.81755828857422
2005-05-19,55.24555206298828
2005-05-20,55.771759033203125
2005-05-23,56.48741149902344
2005-05-24,56.031368255615234
2005-05-25,55.76474380493164
2005-05-26,56.12958526611328
2005-05-27,55.99626541137695
2005-05-30,54.68424606323242
2005-05-31,55.014007568359375
2005-06-01,56.045387268066406
2005-06-02,55.02805709838867
2005-06-03,55.1473388671875
2005-06-06,55.24555206298828
2005-06-07,56.88030624389648
2005-06-08,58.87993621826172
2005-06-09,58.04500961303711
2005-06-10,57.33638381958008
2005-06-13,59.462284088134766
2005-06-14,60.89360046386719
2005-06-15,60.82341766357422
2005-06-16,58.52211380004883
2005-06-17,58.37478256225586
2005-06-20,56.85224533081055
2005-06-21,58.68348693847656
2005-06-22,59.03428268432617
2005-06-23,58.711551666259766
2005-06-24,58.70454406738281
2005-06-27,58.62033462524414
2005-06-28,58.63436508178711
2005-06-29,58.508079528808594
2005-06-30,59.74292755126953
2005-07-01,59.11146926879883
2005-07-04,60.23406600952149
2005-07-05,60.62696838378906
2005-07-06,60.61294555664063
2005-07-07,59.216705322265625
2005-07-08,59.53243255615234
2005-07-11,63.47554397583008
2005-07-12,65.67864990234375
2005-07-13,65.0822525024414
2005-07-14,62.58448028564453
2005-07-15,61.92497634887695
2005-07-18,62.2547492980957
2005-07-19,61.84076690673828
2005-07-20,61.82674026489258
2005-07-21,61.57415008544922
2005-07-22,63.81933975219727
2005-07-25,69.23583221435547
2005-07-26,71.4599838256836
2005-07-27,74.11912536621094
2005-07-28,81.53103637695312
2005-07-29,74.99615478515625
2005-08-01,75.5504150390625
2005-08-02,73.02458190917969
2005-08-03,73.34032440185547
2005-08-04,73.21906280517578
2005-08-05,71.34331512451172
2005-08-08,68.1980209350586
2005-08-09,68.83990478515625
2005-08-10,70.47317504882812
2005-08-11,72.31330108642578
2005-08-12,73.14064025878906
2005-08-16,71.9994888305664
2005-08-17,71.87820434570312
2005-08-18,72.406005859375
2005-08-19,71.06515502929688
2005-08-22,70.11656188964844
2005-08-23,68.533203125
2005-08-24,69.64582824707031
2005-08-25,69.11095428466797
2005-08-26,68.69725799560547
2005-08-29,66.75016784667969
2005-08-30,68.05538177490234
2005-08-31,68.72579956054688
2005-09-01,69.01820373535156
2005-09-02,68.68301391601562
2005-09-05,69.11095428466797
2005-09-06,69.61018371582031
2005-09-08,72.07080078125
2005-09-09,73.25474548339844
2005-09-12,73.66841888427734
2005-09-13,73.96083068847656
2005-09-14,75.2089614868164
2005-09-15,76.05056762695312
2005-09-16,77.9049301147461
2005-09-19,79.2243881225586
2005-09-20,83.06151580810547
2005-09-21,82.23416900634766
2005-09-22,81.75630950927734
2005-09-23,81.95602416992188
2005-09-26,82.14144897460938
2005-09-27,84.20977783203125
2005-09-28,85.50070190429688
2005-09-29,85.43653106689453
2005-09-30,85.82878875732422
2005-10-03,84.64484405517578
2005-10-04,84.20977783203125
2005-10-05,80.18009948730469
2005-10-06,76.24314880371094
2005-10-07,75.59410858154297
2005-10-10,75.80091857910156
2005-10-11,76.82083892822266
2005-10-13,74.98072052001953
2005-10-14,72.21346282958984
2005-10-17,71.371826171875
2005-10-18,70.84404754638672
2005-10-19,70.97956848144531
2005-10-20,70.87970733642578
2005-10-21,72.25621795654297
2005-10-24,70.97956848144531
2005-10-25,71.88534545898438
2005-10-26,72.86246490478516
2005-10-27,68.45478057861328
2005-10-28,69.25358581542969
2005-10-31,71.1222152709961
2005-11-02,71.24345397949219
2005-11-04,71.24345397949219
2005-11-07,71.2577133178711
2005-11-08,71.99232482910156
2005-11-09,72.1064453125
2005-11-10,71.84256744384766
2005-11-11,73.47583770751953
2005-11-14,75.15904998779297
2005-11-16,76.04341888427734
2005-11-17,77.79794311523438
2005-11-18,76.83509826660156
2005-11-21,74.51713562011719
2005-11-22,74.16766357421875
2005-11-23,75.30166625976562
2005-11-24,76.8636245727539
2005-11-25,77.6980972290039
2005-11-28,76.88504028320312
2005-11-29,76.5854721069336
2005-11-30,76.74950408935547
2005-12-01,77.10612487792969
2005-12-02,77.62678527832031
2005-12-05,75.99351501464844
2005-12-06,75.58695983886719
2005-12-07,77.37715148925781
2005-12-08,77.05619049072266
2005-12-09,78.354248046875
2005-12-12,80.11590576171875
2005-12-13,80.22289276123047
2005-12-14,81.53521728515625
2005-12-15,80.23001098632812
2005-12-16,83.6677474975586
2005-12-19,83.42523956298828
2005-12-20,82.0273208618164
2005-12-21,82.03447723388672
2005-12-22,81.8133544921875
2005-12-23,82.8832015991211
2005-12-26,79.81636047363281
2005-12-27,82.4766616821289
2005-12-28,82.22702026367188
2005-12-29,81.85617065429688
2005-12-30,83.45377349853516
2006-01-02,85.15836334228516
2006-01-03,86.51348114013672
2006-01-04,87.54051208496094
2006-01-05,86.2353286743164
2006-01-06,85.60769653320312
2006-01-09,84.3310317993164
2006-01-10,83.4822998046875
2006-01-12,82.41959381103516
2006-01-13,83.30398559570312
2006-01-16,81.7777099609375
2006-01-17,80.50817108154297
2006-01-18,79.75928497314453
2006-01-19,81.2427749633789
2006-01-20,82.6620864868164
2006-01-23,81.40682220458984
2006-01-24,81.74917602539062
2006-01-25,85.1655044555664
2006-01-27,88.37499237060547
2006-01-30,87.67604064941406
2006-01-31,86.90575408935547
2006-02-01,84.18840789794922
2006-02-02,82.7262954711914
2006-02-03,81.44248962402344
2006-02-06,86.76309967041016
2006-02-07,89.68730926513672
2006-02-08,88.31080627441406
2006-02-10,86.12834167480469
2006-02-13,86.94143676757812
2006-02-14,85.0870361328125
2006-02-15,85.34381103515625
2006-02-16,85.27247619628906
2006-02-17,83.7176513671875
2006-02-20,84.40948486328125
2006-02-21,84.63771057128906
2006-02-22,84.77322387695312
2006-02-23,83.93162536621094
2006-02-24,84.701904296875
2006-02-27,85.10128784179688
2006-02-28,87.76162719726562
2006-03-01,87.9470443725586
2006-03-02,88.49624633789062
2006-03-03,87.26950073242188
2006-03-06,87.4905776977539
2006-03-07,85.71466064453125
2006-03-08,84.3809585571289
2006-03-09,85.83592224121094
2006-03-10,87.63323974609375
2006-03-13,86.32804870605469
2006-03-14,86.57054901123047
2006-03-16,87.12683868408203
2006-03-17,86.46356201171875
2006-03-20,86.47782135009766
2006-03-21,85.32953643798828
2006-03-22,84.55213165283203
2006-03-23,84.5164566040039
2006-03-24,85.39372253417969
2006-03-27,85.43653106689453
2006-03-28,84.53071594238281
2006-03-29,85.37232971191406
2006-03-30,83.97441864013672
2006-03-31,84.02435302734375
2006-04-03,86.1568603515625
2006-04-04,87.54764556884766
2006-04-05,88.71021270751953
2006-04-07,85.54349517822266
2006-04-10,85.22257232666016
2006-04-12,83.09716796875
2006-04-13,80.35838317871094
2006-04-17,82.83325958251953
2006-04-18,83.66060638427734
2006-04-19,83.88169860839844
2006-04-20,83.96727752685547
2006-04-21,84.38807678222656
2006-04-24,81.17147064208984
2006-04-25,79.85200500488281
2006-04-26,80.95037841796875
2006-04-27,80.75780487060547
2006-04-28,82.2769546508789
2006-05-02,88.71733093261719
2006-05-03,92.59010314941406
2006-05-04,94.1306610107422
2006-05-05,91.03529357910156
2006-05-08,90.51463317871094
2006-05-09,91.17081451416016
2006-05-10,94.2519073486328
2006-05-11,94.50867462158205
2006-05-12,90.7286148071289
2006-05-15,88.33932495117188
2006-05-16,88.23945617675781
2006-05-17,89.30216979980469
2006-05-18,84.69478607177734
2006-05-19,79.23151397705078
2006-05-22,78.9034194946289
2006-05-23,82.35542297363281
2006-05-24,81.15008544921875
2006-05-25,79.73076629638672
2006-05-26,80.41546630859375
2006-05-29,81.2071304321289
2006-05-30,81.292724609375
2006-05-31,76.6710433959961
2006-06-01,76.214599609375
2006-06-02,78.73225402832031
2006-06-05,76.75663757324219
2006-06-06,77.41281127929688
2006-06-07,76.0648193359375
2006-06-08,71.15786743164062
2006-06-09,71.371826171875
2006-06-12,67.64169311523438
2006-06-13,65.56621551513672
2006-06-14,64.36090087890625
2006-06-15,68.83279418945312
2006-06-16,72.27764129638672
2006-06-19,71.46456909179688
2006-06-20,69.95966339111328
2006-06-21,70.5230941772461
2006-06-22,73.06929016113281
2006-06-23,72.47019958496094
2006-06-26,70.00244903564453
2006-06-27,71.1222152709961
2006-06-28,69.73857879638672
2006-06-29,68.33353424072266
2006-06-30,69.5959243774414
2006-07-03,69.76708984375
2006-07-04,69.94540405273438
2006-07-05,71.30764770507812
2006-07-06,70.45875549316406
2006-07-07,72.40324401855469
2006-07-10,71.53982543945312
2006-07-11,70.8070068359375
2006-07-12,70.85779571533203
2006-07-13,71.93888092041016
2006-07-14,70.5095443725586
2006-07-17,69.25432586669922
2006-07-18,68.57954406738281
2006-07-19,67.87577056884766
2006-07-20,71.40198516845703
2006-07-21,70.34266662597656
2006-07-24,74.71052551269531
2006-07-25,78.70831298828125
2006-07-26,78.43262481689453
2006-07-27,78.8824462890625
2006-07-28,78.73009490966797
2006-07-31,80.36984252929688
2006-08-01,79.76038360595703
2006-08-02,79.52094268798828
2006-08-03,80.91400909423828
2006-08-04,79.3758316040039
2006-08-07,82.40140533447266
2006-08-08,86.42098999023438
2006-08-09,85.65914916992188
2006-08-10,86.95790100097656
2006-08-11,84.81751251220703
2006-08-14,83.69290924072266
2006-08-16,85.71721649169922
2006-08-17,85.8332748413086
2006-08-18,85.37619018554688
2006-08-21,86.29037475585938
2006-08-22,86.36292266845703
2006-08-23,85.70269012451172
2006-08-24,85.49226379394531
2006-08-25,85.46324920654297
2006-08-28,85.28912353515625
2006-08-29,86.38471221923828
2006-08-30,86.18155670166016
2006-08-31,86.69671630859375
2006-09-01,88.45980072021484
2006-09-04,90.36800384521484
2006-09-05,88.97493743896484
2006-09-06,88.58313751220703
2006-09-07,88.0970230102539
2006-09-08,87.99544525146484
2006-09-11,86.59510040283203
2006-09-12,87.7560043334961
2006-09-13,91.67400360107422
2006-09-14,94.37308502197266
2006-09-15,93.8289031982422
2006-09-18,93.4008331298828
2006-09-19,93.8506851196289
2006-09-20,94.49642944335938
2006-09-21,96.26677703857422
2006-09-22,95.03333282470705
2006-09-25,95.57749938964844
2006-09-26,98.42168426513672
2006-09-27,99.87279510498048
2006-09-28,102.85482788085938
2006-09-29,101.51979064941406
2006-10-03,101.2513427734375
2006-10-04,100.85955810546876
2006-10-05,102.4267578125
2006-10-06,101.93336486816406
2006-10-09,101.37468719482422
2006-10-10,100.92484283447266
2006-10-11,99.69139099121094
2006-10-12,100.18479919433594
2006-10-13,100.83777618408205
2006-10-16,104.52362060546876
2006-10-17,105.3942642211914
2006-10-18,108.04254913330078
2006-10-19,107.63624572753906
2006-10-20,107.59996795654295
2006-10-23,104.55989074707033
2006-10-26,110.19019317626952
2006-10-27,110.07411193847656
2006-10-30,114.3331069946289
2006-10-31,112.77318572998048
2006-11-01,112.91828155517578
2006-11-02,113.12871551513672
2006-11-03,112.13468170166016
2006-11-06,111.39463806152344
2006-11-07,111.844482421875
2006-11-08,113.91956329345705
2006-11-09,116.13976287841795
2006-11-10,120.58014678955078
2006-11-13,122.03852081298828
2006-11-14,124.34579467773438
2006-11-15,127.77041625976562
2006-11-16,128.76441955566406
2006-11-17,127.19723510742188
2006-11-20,124.6795654296875
2006-11-21,126.5877685546875
2006-11-22,127.70513153076172
2006-11-23,127.1173858642578
2006-11-24,126.66029357910156
2006-11-27,128.1404571533203
2006-11-28,124.98429107666016
2006-11-29,124.59974670410156
2006-11-30,126.6023178100586
2006-12-01,127.42938232421876
2006-12-04,126.34832000732422
2006-12-05,125.31078338623048
2006-12-06,126.0218276977539
2006-12-07,127.57450103759766
2006-12-08,127.74864959716795
2006-12-11,119.11454010009766
2006-12-12,116.6621322631836
2006-12-13,120.57292175292967
2006-12-14,126.29754638671876
2006-12-15,126.36284637451172
2006-12-18,128.73541259765625
2006-12-19,125.98555755615234
2006-12-20,123.9830093383789
2006-12-21,123.96126556396484
2006-12-22,124.36032104492188
2006-12-26,126.68209075927734
2006-12-27,129.7657012939453
2006-12-28,131.06446838378906
2006-12-29,129.3666534423828
2007-01-02,130.2300567626953
2007-01-03,129.8092041015625
2007-01-04,129.2215118408203
2007-01-05,132.06573486328125
2007-01-08,131.51429748535156
2007-01-09,132.3922119140625
2007-01-10,128.2565460205078
2007-01-11,129.49000549316406
2007-01-12,141.09164428710938
2007-01-15,138.9947967529297
2007-01-16,139.3140411376953
2007-01-17,143.20298767089844
2007-01-18,140.9392547607422
2007-01-19,142.99261474609375
2007-01-22,141.8026580810547
2007-01-23,139.93075561523438
2007-01-24,141.41810607910156
2007-01-25,143.8705291748047
2007-01-29,138.71905517578125
2007-01-31,136.5641632080078
2007-02-01,138.22572326660156
2007-02-02,137.11557006835938
2007-02-05,137.39126586914062
2007-02-06,139.0020294189453
2007-02-07,142.66607666015625
2007-02-08,145.0676727294922
2007-02-09,144.55252075195312
2007-02-12,140.19921875
2007-02-13,138.7118377685547
2007-02-14,132.6897430419922
2007-02-15,137.7975616455078
2007-02-19,142.23802185058594
2007-02-20,140.67808532714844
2007-02-21,140.6562957763672
2007-02-22,137.30422973632812
2007-02-23,131.6158905029297
2007-02-26,131.18055725097656
2007-02-27,127.0884017944336
2007-02-28,120.3697509765625
2007-03-01,124.12088012695312
2007-03-02,122.3142318725586
2007-03-05,119.21611785888672
2007-03-06,123.03981018066406
2007-03-07,120.24639129638672
2007-03-08,125.23094940185548
2007-03-09,124.59249114990234
2007-03-12,126.05811309814452
2007-03-13,127.3495635986328
2007-03-14,120.35523223876952
2007-03-15,119.55713653564452
2007-03-16,117.54006958007812
2007-03-19,119.36121368408205
2007-03-20,119.5716552734375
2007-03-21,126.32656860351562
2007-03-22,130.54205322265625
2007-03-23,129.38113403320312
2007-03-26,127.07389831542967
2007-03-28,124.48365783691406
2007-03-29,124.11361694335938
2007-03-30,123.8306655883789
2007-04-02,116.6621322631836
2007-04-03,117.2353515625
2007-04-04,119.12908172607422
2007-04-05,121.69754791259766
2007-04-09,124.5417022705078
2007-04-10,124.46915435791016
2007-04-11,124.72309112548828
2007-04-12,123.2357177734375
2007-04-13,126.74739074707033
2007-04-16,128.89501953125
2007-04-17,129.7294158935547
2007-04-18,130.44772338867188
2007-04-19,131.34744262695312
2007-04-20,133.02345275878906
2007-04-23,133.14683532714844
2007-04-24,137.8701629638672
2007-04-25,139.7275848388672
2007-04-26,139.51718139648438
2007-04-27,135.70074462890625
2007-04-30,125.64453887939452
2007-05-03,126.23223114013672
2007-05-04,124.19344329833984
2007-05-07,122.43757629394533
2007-05-08,121.86441040039062
2007-05-09,123.2501983642578
2007-05-10,122.32150268554688
2007-05-11,123.11963653564452
2007-05-14,126.30480194091795
2007-05-15,128.69187927246094
2007-05-16,133.29916381835938
2007-05-17,136.12158203125
2007-05-18,138.02252197265625
2007-05-21,136.83987426757812
2007-05-22,134.74301147460938
2007-05-23,133.19033813476562
2007-05-24,132.23985290527344
2007-05-25,132.44302368164062
2007-05-28,133.90863037109375
2007-05-29,133.5894012451172
2007-05-30,132.58084106445312
2007-05-31,133.37896728515625
2007-06-01,135.0187225341797
2007-06-04,135.4395294189453
2007-06-05,136.26669311523438
2007-06-06,132.225341796875
2007-06-07,131.92063903808594
2007-06-08,131.1007537841797
2007-06-11,130.88304138183594
2007-06-12,133.40802001953125
2007-06-13,132.62440490722656
2007-06-14,132.90313720703125
2007-06-15,133.32131958007812
2007-06-18,134.79579162597656
2007-06-19,138.6691436767578
2007-06-20,139.10928344726562
2007-06-21,139.3733673095703
2007-06-22,140.04824829101562
2007-06-25,139.76214599609375
2007-06-26,138.77914428710938
2007-06-27,137.62741088867188
2007-06-28,138.33168029785156
2007-06-29,140.18031311035156
2007-07-02,139.41001892089844
2007-07-03,141.83084106445312
2007-07-04,144.65516662597656
2007-07-05,147.25204467773438
2007-07-06,144.00225830078125
2007-07-09,142.41773986816406
2007-07-10,141.42739868164062
2007-07-11,139.9015655517578
2007-07-12,141.97023010253906
2007-07-13,142.68179321289062
2007-07-16,142.44705200195312
2007-07-17,142.8578643798828
2007-07-18,144.27366638183594
2007-07-19,145.19065856933594
2007-07-20,144.64047241210938
2007-07-23,142.32969665527344
2007-07-24,142.26368713378906
2007-07-25,140.6131134033203
2007-07-26,138.58106994628906
2007-07-27,134.15760803222656
2007-07-30,135.4193572998047
2007-07-31,136.07225036621094
2007-08-01,130.72439575195312
2007-08-02,132.25025939941406
2007-08-03,134.31898498535156
2007-08-06,130.1228485107422
2007-08-07,127.62870025634766
2007-08-08,129.6973876953125
2007-08-09,130.53370666503906
2007-08-10,126.77776336669922
2007-08-13,128.20822143554688
2007-08-14,128.91250610351562
2007-08-16,122.09014129638672
2007-08-17,120.99710845947266
2007-08-20,127.98810577392578
2007-08-21,121.63531494140624
2007-08-22,124.13683319091795
2007-08-23,121.03378295898438
2007-08-24,122.3322296142578
2007-08-27,129.63140869140625
2007-08-28,126.60166931152344
2007-08-29,125.75074005126952
2007-08-30,128.09088134765625
2007-08-31,130.3429412841797
2007-09-03,133.2039337158203
2007-09-04,133.30662536621094
2007-09-05,134.30430603027344
2007-09-06,135.11123657226562
2007-09-07,134.98654174804688
2007-09-10,133.64401245117188
2007-09-11,132.27224731445312
2007-09-12,129.8954620361328
2007-09-13,129.70472717285156
2007-09-14,132.96917724609375
2007-09-17,131.3332977294922
2007-09-18,135.64675903320312
2007-09-19,142.8358917236328
2007-09-20,141.88951110839844
2007-09-21,141.7354736328125
2007-09-24,146.1736297607422
2007-09-25,145.6968536376953
2007-09-26,149.65081787109375
2007-09-27,150.86123657226562
2007-09-28,155.87161254882812
2007-10-01,155.1967315673828
2007-10-03,159.41482543945312
2007-10-04,156.6932373046875
2007-10-05,152.0570068359375
2007-10-08,149.82691955566406
2007-10-09,153.41415405273438
2007-10-10,157.06736755371094
2007-10-11,160.10438537597656
2007-10-12,154.78590393066406
2007-10-15,161.01405334472656
2007-10-16,170.1398162841797
2007-10-17,163.8970184326172
2007-10-18,152.07164001464844
2007-10-19,150.0616455078125
2007-10-22,155.71755981445312
2007-10-23,161.68161010742188
2007-10-24,161.37350463867188
2007-10-25,167.93905639648438
2007-10-26,174.2258758544922
2007-10-29,182.0238647460937
2007-10-30,181.95782470703125
2007-10-31,183.9898376464844
2007-11-01,190.48204040527344
2007-11-02,195.63180541992188
2007-11-05,186.3079528808593
2007-11-06,182.19256591796875
2007-11-07,176.1771697998047
2007-11-08,171.51895141601562
2007-11-12,168.04176330566406
2007-11-13,172.201171875
2007-11-14,187.58436584472656
2007-11-15,182.17059326171875
2007-11-16,179.00148010253906
2007-11-19,174.2552032470703
2007-11-20,170.25721740722656
2007-11-21,162.33450317382812
2007-11-22,168.04176330566406
2007-11-23,167.1687774658203
2007-11-26,169.7216339111328
2007-11-27,166.12710571289062
2007-11-28,164.7480010986328
2007-11-29,170.4479217529297
2007-11-30,172.89076232910156
2007-12-03,170.4845733642578
2007-12-04,167.21282958984375
2007-12-05,170.7853546142578
2007-12-06,176.1625518798828
2007-12-07,183.0435333251953
2007-12-10,186.542724609375
2007-12-11,192.8295288085937
2007-12-12,189.24961853027344
2007-12-13,182.3466186523437
2007-12-14,177.07949829101562
2007-12-17,171.10813903808594
2007-12-18,167.00010681152344
2007-12-19,170.68997192382812
2007-12-20,169.82435607910156
2007-12-24,176.9327850341797
2007-12-26,178.83274841308594
2007-12-27,182.9921875
2007-12-28,179.97715759277344
2007-12-31,181.73776245117188
2008-01-01,180.2779083251953
2008-01-02,185.9265289306641
2008-01-03,180.30723571777344
2008-01-04,188.7214508056641
2008-01-07,199.9085693359375
2008-01-08,196.59278869628903
2008-01-09,191.8978576660156
2008-01-10,198.9696044921875
2008-01-11,210.5381774902344
2008-01-14,206.87030029296875
2008-01-15,198.3900756835937
2008-01-16,200.752197265625
2008-01-17,193.97390747070312
2008-01-18,181.92849731445312
2008-01-21,172.12779235839844
2008-01-22,165.04873657226562
2008-01-23,168.93673706054688
2008-01-24,166.0611114501953
2008-01-25,185.05352783203125
2008-01-28,186.90948486328125
2008-01-29,179.06016540527344
2008-01-30,174.21119689941406
2008-01-31,168.28382873535156
2008-02-01,175.78839111328125
2008-02-04,177.85708618164062
2008-02-05,174.7834014892578
2008-02-06,169.0247802734375
2008-02-07,162.2831268310547
2008-02-08,157.55886840820312
2008-02-11,151.682861328125
2008-02-12,156.5832061767578
2008-02-13,161.6522674560547
2008-02-14,170.46255493164062
2008-02-15,174.7246856689453
2008-02-18,177.49761962890625
2008-02-19,179.02349853515625
2008-02-20,171.40890502929688
2008-02-21,167.44757080078125
2008-02-22,161.35882568359375
2008-02-25,162.4298553466797
2008-02-26,164.00706481933594
2008-02-27,163.87503051757812
2008-02-28,162.24649047851562
2008-02-29,159.70095825195312
2008-03-03,150.32574462890625
2008-03-04,142.47642517089844
2008-03-05,140.869873046875
2008-03-07,131.07652282714844
2008-03-10,127.914794921875
2008-03-11,125.6846923828125
2008-03-12,129.15455627441406
2008-03-13,122.88240814208984
2008-03-14,128.66305541992188
2008-03-17,111.49722290039062
2008-03-18,112.70765686035156
2008-03-19,112.70765686035156
2008-03-24,117.69600677490234
2008-03-25,128.94180297851562
2008-03-26,123.82142639160156
2008-03-27,122.44227600097656
2008-03-28,122.58162689208984
2008-03-31,112.88370513916016
2008-04-01,111.17443084716795
2008-04-02,115.10645294189452
2008-04-03,115.42925262451172
2008-04-04,112.17213439941406
2008-04-07,119.03112030029295
2008-04-08,119.42725372314452
2008-04-09,122.7430191040039
2008-04-10,117.5125961303711
2008-04-11,115.61996459960938
2008-04-15,118.51026153564452
2008-04-16,119.74269104003906
2008-04-17,122.7650146484375
2008-04-21,126.7997589111328
2008-04-22,129.44796752929688
2008-04-23,126.87310791015624
2008-04-24,128.93446350097656
2008-04-25,134.34097290039062
2008-04-28,131.4359893798828
2008-04-29,132.41168212890625
2008-04-30,129.0518798828125
2008-05-02,137.4954071044922
2008-05-05,137.01119995117188
2008-05-06,136.2703094482422
2008-05-07,134.83245849609375
2008-05-08,130.99583435058594
2008-05-09,128.20822143554688
2008-05-12,129.1912384033203
2008-05-13,130.372314453125
2008-05-14,131.52403259277344
2008-05-15,136.20428466796875
2008-05-16,138.33168029785156
2008-05-20,136.03558349609375
2008-05-21,133.73941040039062
2008-05-22,129.1912384033203
2008-05-23,126.47696685791016
2008-05-26,120.3515853881836
2008-05-27,118.8917236328125
2008-05-28,120.37357330322266
2008-05-29,116.82303619384766
2008-05-30,115.70065307617188
2008-06-02,112.2454605102539
2008-06-03,111.58525848388672
2008-06-04,111.14509582519533
2008-06-05,114.1747817993164
2008-06-06,112.88370513916016
2008-06-09,110.0813980102539
2008-06-10,107.24241638183594
2008-06-11,108.74630737304688
2008-06-12,109.04704284667967
2008-06-13,112.28216552734376
2008-06-16,116.9990692138672
2008-06-17,120.40289306640624
2008-06-18,115.45855712890624
2008-06-19,110.56558990478516
2008-06-20,107.5358657836914
2008-06-23,105.73859405517578
2008-06-24,103.1637191772461
2008-06-25,102.4374771118164
2008-06-26,102.34210205078124
2008-06-27,95.6811752319336
2008-06-30,92.46073150634766
2008-07-01,86.43070220947266
2008-07-02,91.1182861328125
2008-07-03,83.90716552734375
2008-07-04,88.55809783935547
2008-07-07,88.78549194335938
2008-07-08,87.20094299316406
2008-07-09,91.2136459350586
2008-07-10,92.13968658447266
2008-07-11,88.36089324951172
2008-07-14,86.46403503417969
2008-07-15,79.03341674804688
2008-07-16,77.62944030761719
2008-07-17,82.42385864257812
2008-07-18,92.2218246459961
2008-07-21,96.0304946899414
2008-07-22,98.83097076416016
2008-07-23,110.33161926269533
2008-07-24,109.06208801269533
2008-07-25,98.0916519165039
2008-07-28,99.08486938476562
2008-07-29,90.76556396484376
2008-07-30,95.0073699951172
2008-07-31,95.1866226196289
2008-08-01,95.94835662841795
2008-08-04,95.65708923339844
2008-08-05,103.67021942138672
2008-08-06,105.54467010498048
2008-08-07,105.73883819580078
2008-08-08,109.27118682861328
2008-08-11,115.1783218383789
2008-08-12,110.62288665771484
2008-08-13,106.14956665039062
2008-08-14,100.58594512939452
2008-08-18,99.3238525390625
2008-08-19,101.2207260131836
2008-08-20,101.38502502441406
2008-08-21,96.14250183105467
2008-08-22,96.26947021484376
2008-08-25,98.15138244628906
2008-08-26,99.5553741455078
2008-08-27,97.07598876953124
2008-08-28,94.47714233398438
2008-08-29,100.35441589355467
2008-09-01,99.3238525390625
2008-09-02,106.6499252319336
2008-09-04,107.03826904296876
2008-09-05,102.57243347167967
2008-09-08,107.60582733154295
2008-09-09,106.35868072509766
2008-09-10,104.70079040527344
2008-09-11,102.55001068115234
2008-09-12,97.50167846679688
2008-09-15,93.61834716796876
2008-09-16,89.01806640625
2008-09-17,83.64862060546875
2008-09-18,86.20264434814453
2008-09-19,93.72289276123048
2008-09-22,94.95510864257812
2008-09-23,89.4885482788086
2008-09-24,89.63045501708984
2008-09-25,89.04794311523438
2008-09-26,83.70088958740234
2008-09-29,73.67889404296875
2008-09-30,79.98931884765625
2008-10-01,82.281982421875
2008-10-03,75.32929992675781
2008-10-06,73.19348907470703
2008-10-07,72.44668579101562
2008-10-08,67.77173614501953
2008-10-10,54.31446075439453
2008-10-13,63.50006103515625
2008-10-14,67.1444320678711
2008-10-15,61.85711669921875
2008-10-16,62.15582656860352
2008-10-17,58.4367790222168
2008-10-20,61.43889236450195
2008-10-21,64.38127899169922
2008-10-22,59.25079345703125
2008-10-23,54.635589599609375
2008-10-24,46.779296875
2008-10-27,47.212432861328125
2008-10-29,51.58119201660156
2008-10-31,59.5569953918457
2008-11-03,64.32901000976562
2008-11-04,68.37664031982422
2008-11-05,67.33859252929688
2008-11-06,64.7322769165039
2008-11-07,64.56797790527344
2008-11-10,70.47512817382812
2008-11-11,64.8741683959961
2008-11-12,59.34041213989258
2008-11-14,59.13128280639648
2008-11-17,57.7198600769043
2008-11-18,53.79916763305664
2008-11-19,52.01433944702149
2008-11-20,48.28036117553711
2008-11-21,49.89344024658203
2008-11-24,48.1758041381836
2008-11-25,47.959232330322266
2008-11-26,52.40267181396485
2008-11-27,52.40267181396485
2008-11-28,52.522159576416016
2008-12-01,48.62388610839844
2008-12-02,48.302764892578125
2008-12-03,50.005462646484375
2008-12-04,54.36673355102539
2008-12-05,53.53032302856445
2008-12-08,55.26290130615234
2008-12-10,59.75115203857422
2008-12-11,60.65475845336914
2008-12-12,61.38661956787109
2008-12-15,62.53668975830078
2008-12-16,62.88022613525391
2008-12-17,64.49329376220703
2008-12-18,70.49754333496094
2008-12-19,70.61702728271484
2008-12-22,66.56938934326172
2008-12-23,63.75397109985352
2008-12-24,65.85993957519531
2008-12-26,62.335052490234375
2008-12-29,66.4648208618164
2008-12-30,68.49610900878906
2008-12-31,66.92784118652344
2009-01-02,70.38552856445312
2009-01-05,74.66465759277344
2009-01-06,78.18205261230469
2009-01-07,69.87770080566406
2009-01-09,68.19740295410156
2009-01-12,65.4193344116211
2009-01-13,63.544883728027344
2009-01-14,65.88233184814453
2009-01-15,61.0356330871582
2009-01-16,63.290958404541016
2009-01-19,61.62560272216797
2009-01-20,59.191043853759766
2009-01-21,55.165809631347656
2009-01-22,56.46524429321289
2009-01-23,54.34434509277344
2009-01-27,56.92079544067383
2009-01-28,60.946022033691406
2009-01-29,61.25220489501953
2009-01-30,62.17075347900391
2009-02-02,57.51821899414063
2009-02-03,58.54880905151367
2009-02-04,58.20528030395508
2009-02-05,58.33223342895508
2009-02-06,60.80412292480469
2009-02-09,63.9780158996582
2009-02-10,64.03028106689453
2009-02-11,65.0011215209961
2009-02-12,62.93996047973633
2009-02-13,64.88162994384766
2009-02-16,61.08789825439453
2009-02-17,57.60784530639648
2009-02-18,55.188209533691406
2009-02-19,53.99334335327149
2009-02-20,50.16228866577149
2009-02-24,50.177207946777344
2009-02-25,50.87173461914063
2009-02-26,48.51933670043945
2009-02-27,48.92259979248047
2009-03-02,45.46492767333984
2009-03-03,44.15058135986328
2009-03-04,42.552433013916016
2009-03-05,40.33444213867188
2009-03-06,40.20002746582031
2009-03-09,39.27399826049805
2009-03-12,42.440406799316406
2009-03-13,46.09971237182617
2009-03-16,48.21315002441406
2009-03-17,48.302764892578125
2009-03-18,49.983055114746094
2009-03-19,50.46846771240234
2009-03-20,48.250484466552734
2009-03-23,51.79776382446289
2009-03-24,53.0897216796875
2009-03-25,54.59824752807617
2009-03-26,56.01716232299805
2009-03-27,57.53315353393555
2009-03-30,50.49835205078125
2009-03-31,49.70673751831055
2009-04-01,52.17863082885742
2009-04-02,53.87385559082031
2009-04-06,55.97981643676758
2009-04-08,56.21879196166992
2009-04-09,59.41508102416992
2009-04-13,62.22304916381836
2009-04-15,66.15117645263672
2009-04-16,63.85850524902344
2009-04-17,65.84501647949219
2009-04-20,63.72409057617188
2009-04-21,59.5569953918457
2009-04-22,59.75115203857422
2009-04-23,63.38805770874024
2009-04-24,64.8368148803711
2009-04-27,69.83289337158203
2009-04-28,65.59854125976562
2009-04-29,71.57292175292969
2009-04-30,71.8417739868164
2009-05-04,79.14542388916016
2009-05-05,85.00030517578125
2009-05-06,80.5942153930664
2009-05-07,82.04300689697266
2009-05-08,77.77880096435547
2009-05-11,78.16712951660156
2009-05-12,83.35736846923828
2009-05-13,82.3193130493164
2009-05-14,80.09385681152344
2009-05-15,85.83672332763672
2009-05-18,105.61186981201172
2009-05-19,112.93795013427734
2009-05-20,105.8807373046875
2009-05-21,100.52620697021484
2009-05-22,104.94723510742188
2009-05-25,105.24594116210938
2009-05-26,99.47322082519533
2009-05-27,106.0823745727539
2009-05-28,109.0770034790039
2009-05-29,110.5481948852539
2009-06-01,107.91946411132812
2009-06-02,109.37571716308594
2009-06-03,107.45645141601562
2009-06-04,109.55496978759766
2009-06-05,112.72883605957033
2009-06-08,108.23311614990234
2009-06-09,110.20467376708984
2009-06-10,111.67585754394533
2009-06-11,113.73748016357422
2009-06-12,112.5474853515625
2009-06-15,111.38027954101562
2009-06-16,111.32720184326172
2009-06-17,109.51570892333984
2009-06-18,106.6052017211914
2009-06-19,108.24236297607422
2009-06-22,110.8117904663086
2009-06-23,105.68806457519533
2009-06-24,104.50568389892578
2009-06-25,106.1125259399414
2009-06-26,114.6242904663086
2009-06-29,113.49494934082033
2009-06-30,109.47782135009766
2009-07-01,110.63748168945312
2009-07-02,111.19078063964844
2009-07-03,114.44236755371094
2009-07-06,103.03528594970705
2009-07-07,105.3318328857422
2009-07-08,99.00299072265624
2009-07-09,96.31985473632812
2009-07-10,95.3269500732422
2009-07-13,95.94847106933594
2009-07-14,103.00496673583984
2009-07-15,105.56680297851562
2009-07-16,105.18025207519533
2009-07-17,112.6081314086914
2009-07-20,118.959716796875
2009-07-21,117.13308715820312
2009-07-22,115.13968658447266
2009-07-23,117.59542083740234
2009-07-24,116.35236358642578
2009-07-27,114.88955688476562
2009-07-28,112.22915649414062
2009-07-29,111.07708740234376
2009-07-30,114.78343200683594
2009-07-31,114.98052215576172
2009-08-03,117.29224395751952
2009-08-04,115.74604034423828
2009-08-05,117.23919677734376
2009-08-06,116.1401824951172
2009-08-07,111.88807678222656
2009-08-10,108.947265625
2009-08-11,108.70472717285156
2009-08-12,107.6511459350586
2009-08-13,114.78343200683594
2009-08-14,112.91134643554688
2009-08-17,106.86289978027344
2009-08-18,109.1519012451172
2009-08-19,108.621337890625
2009-08-20,109.07609558105467
2009-08-21,112.99472045898438
2009-08-24,116.4130630493164
2009-08-25,115.08659362792967
2009-08-26,115.49593353271484
2009-08-27,113.775390625
2009-08-28,115.75363159179688
2009-08-31,113.8663330078125
2009-09-01,112.90373229980467
2009-09-02,111.5849151611328
2009-09-03,111.56216430664062
2009-09-04,112.7673110961914
2009-09-07,119.58124542236328
2009-09-08,119.7480010986328
2009-09-09,120.19518280029295
2009-09-10,123.7878646850586
2009-09-11,126.59983825683594
2009-09-14,125.00055694580078
2009-09-15,128.00205993652344
2009-09-16,131.04896545410156
2009-09-17,132.03428649902344
2009-09-18,127.7140121459961
2009-09-22,129.15414428710938
2009-09-23,128.123291015625
2009-09-24,130.43505859375
2009-09-25,127.18347930908205
2009-09-29,131.32943725585938
2009-09-30,137.58248901367188
2009-10-01,140.46267700195312
2009-10-05,138.3101348876953
2009-10-06,142.2211456298828
2009-10-07,139.21963500976562
2009-10-08,139.9093780517578
2009-10-09,136.7032470703125
2009-10-12,139.4924774169922
2009-10-13,139.61375427246094
2009-10-14,139.61375427246094
2009-10-15,141.8800506591797
2009-10-16,145.38934326171875
2009-10-20,143.1685333251953
2009-10-21,140.84165954589844
2009-10-22,135.12672424316406
2009-10-23,136.99130249023438
2009-10-26,135.0433807373047
2009-10-27,126.49372863769533
2009-10-28,122.70401763916016
2009-10-29,116.9890594482422
2009-10-30,119.87683868408205
2009-11-03,119.1947021484375
2009-11-04,125.47808074951172
2009-11-05,128.03993225097656
2009-11-06,128.63113403320312
2009-11-09,134.68714904785156
2009-11-10,135.9074249267578
2009-11-11,140.14434814453125
2009-11-12,135.3086700439453
2009-11-13,137.78712463378906
2009-11-16,139.35609436035156
2009-11-17,139.5455780029297
2009-11-18,137.26412963867188
2009-11-19,134.37635803222656
2009-11-20,135.9756317138672
2009-11-23,139.04531860351562
2009-11-24,137.8477783203125
2009-11-25,136.7108612060547
2009-11-26,131.20054626464844
2009-11-27,128.98739624023438
2009-11-30,131.5568389892578
2009-12-01,134.49008178710938
2009-12-02,135.45266723632812
2009-12-03,134.04286193847656
2009-12-04,132.1025390625
2009-12-07,130.47291564941406
2009-12-08,132.25413513183594
2009-12-09,129.6543731689453
2009-12-10,132.78466796875
2009-12-11,131.04896545410156
2009-12-14,128.95706176757812
2009-12-15,125.1597137451172
2009-12-16,124.69737243652344
2009-12-17,125.18244171142578
2009-12-18,122.68881225585938
2009-12-21,122.9237823486328
2009-12-22,125.16731262207033
2009-12-23,130.76097106933594
2009-12-24,131.10960388183594
2009-12-29,133.428955078125
2009-12-30,133.3682861328125
2009-12-31,132.94384765625
2010-01-04,133.35311889648438
2010-01-05,134.61892700195312
2010-01-06,135.64971923828125
2010-01-07,134.36880493164062
2010-01-08,132.4814910888672
2010-01-11,131.79176330566406
2010-01-12,127.75191497802734
2010-01-13,127.43358612060548
2010-01-14,126.6225814819336
2010-01-15,127.70645141601562
2010-01-18,130.8746337890625
2010-01-19,131.20054626464844
2010-01-20,133.0878448486328
2010-01-21,129.26022338867188
2010-01-22,127.44114685058594
2010-01-25,125.9404067993164
2010-01-27,119.34629821777344
2010-01-28,119.45996856689452
2010-01-29,125.87220764160156
2010-02-01,126.69834899902344
2010-02-02,124.15167236328124
2010-02-03,127.25167083740234
2010-02-04,125.63724517822266
2010-02-05,120.99105834960938
2010-02-08,122.08248901367188
2010-02-09,123.15117645263672
2010-02-10,121.24114990234376
2010-02-11,125.22036743164062
2010-02-15,123.9015121459961
2010-02-16,126.19055938720705
2010-02-17,127.47907257080078
2010-02-18,127.34259033203124
2010-02-19,126.35729217529295
2010-02-22,126.06169891357422
2010-02-23,128.50987243652344
2010-02-24,127.50936889648438
2010-02-25,129.09347534179688
2010-02-26,132.20863342285156
2010-03-02,135.99839782714844
2010-03-03,137.69615173339844
2010-03-04,136.18785095214844
2010-03-05,136.6956787109375
2010-03-08,140.03060913085938
2010-03-09,140.24290466308594
2010-03-10,139.1287078857422
2010-03-11,141.10694885253906
2010-03-12,141.98619079589844
2010-03-15,140.03060913085938
2010-03-16,141.0538787841797
2010-03-17,143.79006958007812
2010-03-18,146.0790557861328
2010-03-19,145.00279235839844
2010-03-22,141.77392578125
2010-03-23,140.29591369628906
2010-03-25,141.5616912841797
2010-03-26,143.63092041015625
2010-03-29,144.4039764404297
2010-03-30,145.4954376220703
2010-03-31,144.38885498046875
2010-04-01,144.4115753173828
2010-04-05,149.36854553222656
2010-04-06,151.25582885742188
2010-04-07,149.67173767089844
2010-04-08,145.69248962402344
2010-04-09,148.2998504638672
2010-04-12,146.2306365966797
2010-04-13,142.82748413085938
2010-04-15,139.15902709960938
2010-04-16,139.8335723876953
2010-04-19,139.4318389892578
2010-04-20,141.43289184570312
2010-04-21,144.29788208007812
2010-04-22,143.0775909423828
2010-04-23,148.2089080810547
2010-04-26,145.5485076904297
2010-04-27,143.5475311279297
2010-04-28,139.37884521484375
2010-04-29,143.5626678466797
2010-04-30,144.3054656982422
2010-05-03,142.02406311035156
2010-05-04,138.7345733642578
2010-05-05,136.9836883544922
2010-05-06,136.8624267578125
2010-05-07,132.8832244873047
2010-05-10,139.78053283691406
2010-05-11,138.94679260253906
2010-05-12,138.66635131835938
2010-05-13,140.5233154296875
2010-05-14,138.10546875
2010-05-17,136.59715270996094
2010-05-18,134.79322814941406
2010-05-19,124.97781372070312
2010-05-20,126.06930541992188
2010-05-21,126.54676818847656
2010-05-24,126.13748168945312
2010-05-25,122.68881225585938
2010-05-26,128.50987243652344
2010-05-27,129.88172912597656
2010-05-28,131.08688354492188
2010-05-31,131.62503051757812
2010-06-01,127.02426147460938
2010-06-02,127.68367767333984
2010-06-03,129.47244262695312
2010-06-04,131.25363159179688
2010-06-07,127.6306381225586
2010-06-08,123.9242935180664
2010-06-09,124.9929656982422
2010-06-10,127.53113555908205
2010-06-11,130.13853454589844
2010-06-14,131.31533813476562
2010-06-15,132.30751037597656
2010-06-16,134.8687744140625
2010-06-17,135.96092224121094
2010-06-18,133.72274780273438
2010-06-21,138.4145050048828
2010-06-22,137.15309143066406
2010-06-23,138.5067901611328
2010-06-24,136.2455291748047
2010-06-25,131.76144409179688
2010-06-28,133.8534698486328
2010-06-29,130.4923095703125
2010-06-30,132.5536346435547
2010-07-01,129.43861389160156
2010-07-02,129.22323608398438
2010-07-05,129.307861328125
2010-07-06,132.1074981689453
2010-07-07,130.16928100585938
2010-07-08,132.64593505859375
2010-07-09,134.73797607421875
2010-07-12,137.43768310546875
2010-07-13,138.36065673828125
2010-07-14,137.09925842285156
2010-07-15,135.6532745361328
2010-07-16,138.81442260742188
2010-07-19,138.4529266357422
2010-07-20,136.4224090576172
2010-07-21,138.84518432617188
2010-07-22,139.7835693359375
2010-07-23,140.4219512939453
2010-07-26,141.0142059326172
2010-07-27,142.16786193847656
2010-07-28,139.80662536621094
2010-07-29,142.8600616455078
2010-07-30,139.198974609375
2010-08-02,144.52915954589844
2010-08-03,147.9825897216797
2010-08-04,149.0978546142578
2010-08-05,146.96731567382812
2010-08-06,146.1058807373047
2010-08-09,150.76687622070312
2010-08-10,152.1205596923828
2010-08-11,149.497802734375
2010-08-12,148.1825714111328
2010-08-13,150.1977081298828
2010-08-16,147.22885131835938
2010-08-17,147.50572204589844
2010-08-18,148.89019775390625
2010-08-19,155.8278350830078
2010-08-20,152.9050750732422
2010-08-23,155.59707641601562
2010-08-24,154.08956909179688
2010-08-25,151.4129638671875
2010-08-26,151.29757690429688
2010-08-27,147.2826690673828
2010-08-30,148.89019775390625
2010-08-31,150.39768981933594
2010-09-01,153.0589141845703
2010-09-02,154.42799377441406
2010-09-03,153.9818878173828
2010-09-06,159.8965606689453
2010-09-07,159.76583862304688
2010-09-08,158.07369995117188
2010-09-09,161.55023193359375
2010-09-13,168.90322875976562
2010-09-14,169.2339324951172
2010-09-15,169.81080627441406
2010-09-16,169.75694274902344
2010-09-17,171.39523315429688
2010-09-20,173.47958374023438
2010-09-21,173.3872528076172
2010-09-22,173.2257537841797
2010-09-23,169.2493133544922
2010-09-24,171.37982177734375
2010-09-27,171.53366088867188
2010-09-28,170.85682678222656
2010-09-29,169.51080322265625
2010-09-30,171.20291137695312
2010-10-01,174.62557983398438
2010-10-04,177.84829711914062
2010-10-05,176.54844665527344
2010-10-06,176.77149963378906
2010-10-07,174.99478149414062
2010-10-08,173.24118041992188
2010-10-11,174.2256317138672
2010-10-12,175.1639862060547
2010-10-13,178.2406005859375
2010-10-14,175.3178253173828
2010-10-15,173.00271606445312
2010-10-18,171.6951904296875
2010-10-19,172.21817016601562
2010-10-20,171.3490447998047
2010-10-21,173.76416015625
2010-10-22,174.11029052734375
2010-10-25,175.68702697753906
2010-10-26,174.00262451171875
2010-10-27,170.2491912841797
2010-10-28,167.52645874023438
2010-10-29,178.90200805664062
2010-11-01,189.51614379882807
2010-11-02,189.41616821289065
2010-11-03,190.53912353515625
2010-11-04,194.7539825439453
2010-11-08,193.10037231445312
2010-11-09,195.2308654785156
2010-11-10,193.08497619628903
2010-11-11,190.3007202148437
2010-11-12,184.6628875732422
2010-11-15,188.16246032714844
2010-11-16,184.94747924804688
2010-11-18,179.1173858642578
2010-11-19,176.70228576660156
2010-11-22,181.5248107910156
2010-11-23,177.97137451171875
2010-11-24,173.0719451904297
2010-11-25,171.71058654785156
2010-11-26,172.92581176757812
2010-11-29,177.56369018554688
2010-11-30,175.68702697753906
2010-12-01,179.58657836914062
2010-12-02,183.23231506347656
2010-12-03,181.7401580810547
2010-12-06,177.08688354492188
2010-12-07,170.82606506347656
2010-12-08,169.88772583007812
2010-12-09,162.7962646484375
2010-12-10,171.84133911132812
2010-12-13,172.34896850585938
2010-12-14,172.21051025390625
2010-12-15,165.93435668945312
2010-12-16,170.09536743164062
2010-12-20,169.2185516357422
2010-12-21,175.1101837158203
2010-12-22,174.09486389160156
2010-12-23,173.77188110351562
2010-12-24,172.0028533935547
2010-12-27,173.14114379882812
2010-12-28,171.03372192382812
2010-12-29,173.74107360839844
2010-12-30,174.87940979003906
2010-12-31,176.14852905273438
2011-01-03,176.11004638671875
2011-01-04,169.83387756347656
2011-01-05,164.4960479736328
2011-01-06,162.0501708984375
2011-01-07,161.39642333984375
2011-01-10,155.9816436767578
2011-01-11,157.3583984375
2011-01-12,164.5113983154297
2011-01-13,157.82757568359375
2011-01-14,155.24330139160156
2011-01-17,154.00494384765625
2011-01-18,155.58937072753906
2011-01-19,157.40460205078125
2011-01-20,161.6040496826172
2011-01-21,163.9114532470703
2011-01-24,166.73423767089844
2011-01-25,159.6581268310547
2011-01-27,156.03549194335938
2011-01-28,156.6661834716797
2011-01-31,157.1507568359375
2011-02-01,153.0281524658203
2011-02-02,155.5817108154297
2011-02-03,157.98141479492188
2011-02-04,153.21273803710938
2011-02-07,150.5592041015625
2011-02-08,146.37509155273438
2011-02-09,147.2211456298828
2011-02-10,147.65188598632812
2011-02-11,153.91268920898438
2011-02-14,159.09666442871094
2011-02-15,162.16555786132812
2011-02-16,161.6117401123047
2011-02-17,162.59625244140625
2011-02-18,157.8583526611328
2011-02-21,159.61968994140625
2011-02-22,157.9967803955078
2011-02-23,154.76641845703125
2011-02-24,146.34432983398438
2011-02-25,151.71292114257812
2011-02-28,149.3439483642578
2011-03-01,157.8583526611328
2011-03-03,156.8353729248047
2011-03-04,156.34315490722656
2011-03-07,155.38938903808594
2011-03-08,156.9969024658203
2011-03-09,159.25047302246094
2011-03-10,156.06625366210938
2011-03-11,154.8894500732422
2011-03-14,156.76612854003906
2011-03-15,153.3050537109375
2011-03-16,158.05064392089844
2011-03-17,155.6509246826172
2011-03-18,154.22030639648438
2011-03-21,154.3818359375
2011-03-22,154.4664306640625
2011-03-23,160.11962890625
2011-03-24,161.99635314941406
2011-03-25,167.841796875
2011-03-28,169.33389282226562
2011-03-29,169.13394165039062
2011-03-30,170.6106719970703
2011-03-31,171.70285034179688
2011-04-01,169.6569366455078
2011-04-04,172.16433715820312
2011-04-05,170.9414520263672
2011-04-06,169.28778076171875
2011-04-07,169.82615661621094
2011-04-08,168.94935607910156
2011-04-11,169.30316162109375
2011-04-13,173.34112548828125
2011-04-15,169.4723663330078
2011-04-18,166.7649688720703
2011-04-19,167.68026733398438
2011-04-20,171.11065673828125
2011-04-21,172.05665588378906
2011-04-25,171.15679931640625
2011-04-26,172.5104522705078
2011-04-27,170.26458740234375
2011-04-28,171.90284729003906
2011-04-29,171.4336700439453
2011-05-02,168.94935607910156
2011-05-03,164.25759887695312
2011-05-04,162.69625854492188
2011-05-05,158.44290161132812
2011-05-06,166.7188262939453
2011-05-09,166.5957489013672
2011-05-10,165.5497589111328
2011-05-11,165.62667846679688
2011-05-12,161.8502197265625
2011-05-13,165.06521606445312
2011-05-16,162.7116241455078
2011-05-17,159.9427032470703
2011-05-18,158.78903198242188
2011-05-19,158.4582977294922
2011-05-20,160.47344970703125
2011-05-23,154.8894500732422
2011-05-24,156.7200164794922
2011-05-25,155.17405700683594
2011-05-26,157.86602783203125
2011-05-27,164.31143188476562
2011-05-30,165.7804718017578
2011-05-31,167.0726318359375
2011-06-01,166.8572998046875
2011-06-02,163.45999145507812
2011-06-03,163.2262420654297
2011-06-06,164.88592529296875
2011-06-07,164.58984375
2011-06-08,163.4833526611328
2011-06-09,163.3197479248047
2011-06-10,161.43406677246094
2011-06-13,162.01071166992188
2011-06-14,164.496337890625
2011-06-15,160.69383239746094
2011-06-16,160.28086853027344
2011-06-17,160.85745239257812
2011-06-20,159.71205139160156
2011-06-21,158.0211944580078
2011-06-22,158.78482055664062
2011-06-23,160.54580688476562
2011-06-24,165.82876586914062
2011-06-27,168.2130889892578
2011-06-28,168.82083129882812
2011-06-29,169.43643188476562
2011-06-30,170.58963012695312
2011-07-01,170.6208038330078
2011-07-04,171.38442993164062
2011-07-05,171.00262451171875
2011-07-06,167.5975341796875
2011-07-07,169.84156799316406
2011-07-08,165.22100830078125
2011-07-11,164.2547607421875
2011-07-12,163.10935974121094
2011-07-13,164.2547607421875
2011-07-14,166.60015869140625
2011-07-15,165.29112243652344
2011-07-18,163.2574005126953
2011-07-19,165.47030639648438
2011-07-20,162.90673828125
2011-07-21,162.22886657714844
2011-07-22,166.44432067871094
2011-07-25,167.50404357910156
2011-07-26,162.00291442871094
2011-07-27,159.71983337402344
2011-07-28,158.55882263183594
2011-07-29,161.5665283203125
2011-08-01,162.90673828125
2011-08-02,159.22113037109375
2011-08-03,156.1433563232422
2011-08-04,154.7719268798828
2011-08-05,150.61880493164062
2011-08-08,148.187744140625
2011-08-09,146.51242065429688
2011-08-10,150.18246459960938
2011-08-11,146.886474609375
2011-08-12,146.4812774658203
2011-08-16,145.80337524414062
2011-08-17,141.78273010253906
2011-08-18,134.6140899658203
2011-08-19,129.6818084716797
2011-08-22,132.6193389892578
2011-08-23,132.79856872558594
2011-08-24,131.2480010986328
2011-08-25,129.9467010498047
2011-08-26,127.82731628417967
2011-08-29,133.71804809570312
2011-08-30,136.08677673339844
2011-09-02,138.25299072265625
2011-09-05,137.6373748779297
2011-09-06,138.58021545410156
2011-09-07,139.84249877929688
2011-09-08,143.2086639404297
2011-09-09,139.75682067871094
2011-09-12,134.38815307617188
2011-09-13,132.8375244140625
2011-09-14,134.653076171875
2011-09-15,136.54652404785156
2011-09-16,137.74647521972656
2011-09-19,133.94400024414062
2011-09-20,137.5049285888672
2011-09-21,140.4424591064453
2011-09-22,134.38815307617188
2011-09-23,131.489501953125
2011-09-26,133.71804809570312
2011-09-27,138.08155822753906
2011-09-28,135.38551330566406
2011-09-29,138.80618286132812
2011-09-30,136.42184448242188
2011-10-03,130.76486206054688
2011-10-04,124.81961059570312
2011-10-05,121.43789672851562
2011-10-07,128.4818115234375
2011-10-10,131.31808471679688
2011-10-11,129.73631286621094
2011-10-12,133.9751739501953
2011-10-13,137.1153106689453
2011-10-14,138.7594451904297
2011-10-17,140.0762939453125
2011-10-18,136.59324645996094
2011-10-19,140.90220642089844
2011-10-20,136.83482360839844
2011-10-21,135.66600036621094
2011-10-24,135.33876037597656
2011-10-25,136.88938903808594
2011-10-28,145.4527587890625
2011-10-31,145.10987854003906
2011-11-01,139.4762725830078
2011-11-02,137.9179229736328
2011-11-03,136.83482360839844
2011-11-04,137.808837890625
2011-11-08,137.34130859375
2011-11-09,134.3569793701172
2011-11-11,127.94418334960938
2011-11-14,127.94418334960938
2011-11-15,123.08975219726562
2011-11-16,122.93392944335938
2011-11-17,121.27425384521484
2011-11-18,120.0119400024414
2011-11-21,114.01213836669922
2011-11-22,116.1705093383789
2011-11-23,113.24853515625
2011-11-24,113.77838134765624
2011-11-25,111.92389678955078
2011-11-28,116.85619354248048
2011-11-29,114.37834167480467
2011-11-30,111.02781677246094
2011-12-01,118.77302551269533
2011-12-02,122.75470733642578
2011-12-05,121.48461151123048
2011-12-07,119.66131591796876
2011-12-08,115.99130249023438
2011-12-09,113.9419937133789
2011-12-12,110.19405364990234
2011-12-13,110.09276580810548
2011-12-14,109.77330780029295
2011-12-15,108.86943817138672
2011-12-16,105.34745025634766
2011-12-19,102.4176788330078
2011-12-20,101.82549285888672
2011-12-21,109.45382690429688
2011-12-22,113.47449493408205
2011-12-23,112.47711181640624
2011-12-26,113.7004623413086
2011-12-27,113.15502166748048
2011-12-28,108.67462921142578
2011-12-29,106.89806365966795
2011-12-30,106.69546508789062
2012-01-02,108.54995727539062
2012-01-03,113.10826873779295
2012-01-04,115.80428314208984
2012-01-05,116.5834732055664
2012-01-06,117.1445083618164
2012-01-09,116.53675079345705
2012-01-10,120.6976547241211
2012-01-11,121.57816314697266
2012-01-12,121.77293395996094
2012-01-13,123.02747344970705
2012-01-16,123.3625030517578
2012-01-17,122.41968536376952
2012-01-18,119.94181060791016
2012-01-19,124.23518371582033
2012-01-20,131.28697204589844
2012-01-23,133.51544189453125
2012-01-24,138.39321899414062
2012-01-25,137.1465301513672
2012-01-27,138.37762451171875
2012-01-30,132.8063507080078
2012-01-31,140.59051513671875
2012-02-01,138.6815185546875
2012-02-02,140.62171936035156
2012-02-03,142.79568481445312
2012-02-06,144.62677001953125
2012-02-07,146.1384735107422
2012-02-08,143.44241333007812
2012-02-09,146.45791625976562
2012-02-10,145.00082397460938
2012-02-13,145.6553497314453
2012-02-14,147.06570434570312
2012-02-15,152.90188598632812
2012-02-16,150.9772491455078
2012-02-17,152.97198486328125
2012-02-21,154.48362731933594
2012-02-22,149.24742126464844
2012-02-23,147.10464477539062
2012-02-24,145.18780517578125
2012-02-27,138.2996826171875
2012-02-28,141.93858337402344
2012-02-29,141.23731994628906
2012-03-01,137.6841583251953
2012-03-02,140.67630004882812
2012-03-05,135.63485717773438
2012-03-06,132.9700164794922
2012-03-07,134.0452880859375
2012-03-09,142.46841430664062
2012-03-12,144.7670440673828
2012-03-13,144.9073028564453
2012-03-14,148.6552276611328
2012-03-15,144.96182250976562
2012-03-16,143.01385498046875
2012-03-19,141.48663330078125
2012-03-20,141.59573364257812
2012-03-21,145.56182861328125
2012-03-22,140.20095825195312
2012-03-23,141.89959716796875
2012-03-26,135.96994018554688
2012-03-27,136.81143188476562
2012-03-28,133.92062377929688
2012-03-29,133.35960388183594
2012-03-30,138.72828674316406
2012-04-02,138.76722717285156
2012-04-03,141.5333709716797
2012-04-04,138.73605346679688
2012-04-09,135.1205596923828
2012-04-10,134.6140899658203
2012-04-11,134.7543487548828
2012-04-12,137.03744506835938
2012-04-13,134.8011016845703
2012-04-16,136.14134216308594
2012-04-17,137.98800659179688
2012-04-18,137.33351135253906
2012-04-19,136.80364990234375
2012-04-20,134.18551635742188
2012-04-23,131.51287841796875
2012-04-24,132.12066650390625
2012-04-25,130.65576171875
2012-04-26,131.13108825683594
2012-04-27,134.15435791015625
2012-04-30,137.5049285888672
2012-05-02,137.4581756591797
2012-05-03,133.64013671875
2012-05-04,129.86880493164062
2012-05-07,132.19078063964844
2012-05-08,129.3700714111328
2012-05-09,128.0922088623047
2012-05-10,126.87669372558594
2012-05-11,126.72862243652344
2012-05-14,124.78065490722656
2012-05-15,127.29743957519533
2012-05-16,123.7988510131836
2012-05-17,122.71578979492188
2012-05-18,125.4819107055664
2012-05-21,126.40139770507812
2012-05-22,124.79621887207033
2012-05-23,123.62743377685548
2012-05-24,127.88182830810548
2012-05-25,126.94677734375
2012-05-28,130.0324249267578
2012-05-29,130.70252990722656
2012-05-30,127.35979461669922
2012-05-31,124.57637786865234
2012-06-01,124.32986450195312
2012-06-04,125.46707153320312
2012-06-05,125.97607421875
2012-06-06,128.57652282714844
2012-06-07,132.01995849609375
2012-06-08,131.87681579589844
2012-06-11,131.49510192871094
2012-06-12,133.45143127441406
2012-06-13,135.0896453857422
2012-06-14,130.23858642578125
2012-06-15,134.5091094970703
2012-06-18,129.87277221679688
2012-06-19,131.5030517578125
2012-06-20,132.48915100097656
2012-06-21,135.1373748779297
2012-06-22,135.46343994140625
2012-06-25,134.699951171875
2012-06-26,134.25462341308594
2012-06-27,135.5906219482422
2012-06-28,136.29843139648438
2012-06-29,143.0660400390625
2012-07-02,142.2548828125
2012-07-03,143.40000915527344
2012-07-04,143.59091186523438
2012-07-05,146.46176147460938
2012-07-06,148.72824096679688
2012-07-09,147.9170684814453
2012-07-10,149.9688262939453
2012-07-11,148.95883178710938
2012-07-12,147.5751190185547
2012-07-13,147.288818359375
2012-07-16,146.3424835205078
2012-07-17,146.78781127929688
2012-07-18,149.38034057617188
2012-07-19,151.23326110839844
2012-07-20,148.73619079589844
2012-07-23,145.2132110595703
2012-07-24,145.74603271484375
2012-07-25,146.00051879882812
2012-07-26,144.21914672851562
2012-07-27,147.63876342773438
2012-07-30,153.40431213378906
2012-07-31,152.91127014160156
2012-08-01,152.62496948242188
2012-08-02,152.51364135742188
2012-08-03,149.49964904785156
2012-08-06,151.73428344726562
2012-08-07,154.96299743652344
2012-08-08,152.41024780273438
2012-08-09,151.5195770263672
2012-08-10,151.8535614013672
2012-08-13,150.9310760498047
2012-08-14,154.24728393554688
2012-08-16,152.11599731445312
2012-08-17,153.03054809570312
2012-08-21,155.10617065429688
2012-08-22,154.8914337158203
2012-08-23,154.8914337158203
2012-08-24,151.7899627685547
2012-08-27,148.75205993652344
2012-08-28,146.70033264160156
2012-08-29,145.7539825439453
2012-08-30,146.31861877441406
2012-08-31,143.48748779296875
2012-09-03,143.59091186523438
2012-09-04,145.15753173828125
2012-09-05,139.9088592529297
2012-09-06,142.58091735839844
2012-09-07,149.1656036376953
2012-09-10,148.60098266601562
2012-09-11,150.43006896972656
2012-09-12,150.9549560546875
2012-09-13,152.60108947753906
2012-09-14,160.32301330566406
2012-09-17,168.69705200195312
2012-09-18,166.85205078125
2012-09-20,162.63720703125
2012-09-21,169.4684295654297
2012-09-24,170.3352508544922
2012-09-25,169.69110107421875
2012-09-26,169.4684295654297
2012-09-27,167.8540496826172
2012-09-28,168.40280151367188
2012-10-01,167.10653686523438
2012-10-03,167.48028564453125
2012-10-04,172.31544494628906
2012-10-05,169.6593017578125
2012-10-08,167.3530731201172
2012-10-09,169.25369262695312
2012-10-10,167.67115783691406
2012-10-11,168.26760864257812
2012-10-12,166.1681365966797
2012-10-15,167.54393005371094
2012-10-16,165.9295654296875
2012-10-17,166.9315948486328
2012-10-18,169.38095092773438
2012-10-19,168.16421508789062
2012-10-22,171.07484436035156
2012-10-23,171.6871795654297
2012-10-25,172.91189575195312
2012-10-29,169.93765258789062
2012-10-30,166.2317352294922
2012-10-31,167.03494262695312
2012-11-01,168.17218017578125
2012-11-02,171.71900939941406
2012-11-05,171.40089416503906
2012-11-06,171.885986328125
2012-11-07,173.83436584472656
2012-11-08,171.13845825195312
2012-11-09,168.46640014648438
2012-11-12,168.33914184570312
2012-11-15,167.7427520751953
2012-11-16,163.39268493652344
2012-11-19,162.41455078125
2012-11-20,162.8837432861328
2012-11-21,166.1204071044922
2012-11-22,164.23565673828125
2012-11-23,163.0427703857422
2012-11-26,161.9612274169922
2012-11-27,164.47425842285156
2012-11-29,172.0530242919922
2012-11-30,174.9318084716797
2012-12-03,175.3214874267578
2012-12-04,178.03330993652344
2012-12-05,178.10487365722656
2012-12-06,180.6337738037109
2012-12-07,179.99754333496094
2012-12-10,178.3673095703125
2012-12-11,178.5581817626953
2012-12-12,177.05514526367188
2012-12-13,178.3354949951172
2012-12-14,180.68946838378903
2012-12-17,181.9698181152344
2012-12-18,182.7411956787109
2012-12-19,181.118881225586
2012-12-20,181.2620544433593
2012-12-21,178.75697326660156
2012-12-24,178.37527465820312
2012-12-26,182.6934814453125
2012-12-27,180.75308227539065
2012-12-28,181.5642242431641
2012-12-31,181.0393524169922
2013-01-01,184.25216674804688
2013-01-02,186.7254180908203
2013-01-03,186.415267944336
2013-01-04,188.0614624023437
2013-01-07,188.02166748046875
2013-01-08,187.608139038086
2013-01-09,187.7513122558593
2013-01-10,187.60020446777344
2013-01-11,185.06333923339844
2013-01-14,188.49880981445312
2013-01-15,191.55259704589844
2013-01-16,187.6558990478516
2013-01-17,184.8963317871093
2013-01-18,187.0753326416016
2013-01-21,187.2900390625
2013-01-22,186.1130828857422
2013-01-23,187.8387756347656
2013-01-24,185.2144470214844
2013-01-25,186.55841064453125
2013-01-28,189.3099975585937
2013-01-29,191.0515899658203
2013-01-30,192.88067626953125
2013-01-31,189.45315551757807
2013-02-01,186.27212524414065
2013-02-04,187.95806884765625
2013-02-05,185.4609832763672
2013-02-06,183.74322509765625
2013-02-07,182.08908081054688
2013-02-08,179.75106811523438
2013-02-11,178.56613159179688
2013-02-12,179.54428100585938
2013-02-13,181.7312164306641
2013-02-14,179.12281799316406
2013-02-15,178.4309539794922
2013-02-18,178.4547882080078
2013-02-19,179.94984436035156
2013-02-20,178.3832244873047
2013-02-21,171.71102905273438
2013-02-22,173.77073669433594
2013-02-25,173.98548889160156
2013-02-26,169.2298583984375
2013-02-27,172.275634765625
2013-02-28,165.47628784179688
2013-03-01,168.0131072998047
2013-03-04,168.3789520263672
2013-03-05,173.93775939941406
2013-03-06,176.2837677001953
2013-03-07,177.68338012695312
2013-03-08,181.2063446044922
2013-03-11,180.03733825683594
2013-03-12,178.62973022460938
2013-03-13,172.6812286376953
2013-03-14,176.6495361328125
2013-03-15,169.78652954101562
2013-03-18,167.22579956054688
2013-03-19,164.23565673828125
2013-03-20,159.2971649169922
2013-03-21,164.6730499267578
2013-03-22,163.55970764160156
2013-03-25,161.05465698242188
2013-03-26,162.37477111816406
2013-03-28,166.2397003173828
2013-04-01,167.24966430664062
2013-04-02,166.51010131835938
2013-04-03,164.0447998046875
2013-04-04,160.4502716064453
2013-04-05,158.75634765625
2013-04-08,157.31695556640625
2013-04-09,157.4680633544922
2013-04-10,159.7345428466797
2013-04-11,165.44442749023438
2013-04-12,166.26356506347656
2013-04-15,166.54190063476562
2013-04-16,171.5997314453125
2013-04-17,174.5819091796875
2013-04-18,178.5581817626953
2013-04-22,182.6617126464844
2013-04-23,184.7054748535156
2013-04-25,187.2582092285156
2013-04-26,182.033432006836
2013-04-29,183.41717529296875
2013-04-30,185.0792388916016
2013-05-02,186.35958862304688
2013-05-03,179.71923828125
2013-05-06,181.7391662597656
2013-05-07,185.126953125
2013-05-08,184.1726531982422
2013-05-09,183.3296813964844
2013-05-10,185.34962463378903
2013-05-13,182.71734619140625
2013-05-14,182.50262451171875
2013-05-15,189.4690704345703
2013-05-16,192.0536193847656
2013-05-17,195.70382690429688
2013-05-20,192.41943359375
2013-05-21,192.6102905273437
2013-05-22,192.46717834472656
2013-05-23,186.4550323486328
2013-05-24,191.5207977294922
2013-05-27,193.94631958007807
2013-05-28,195.94241333007807
2013-05-29,193.23057556152344
2013-05-30,191.2738800048828
2013-05-31,186.6893005371093
2013-06-03,185.1853942871093
2013-06-04,184.0614776611328
2013-06-05,183.44696044921875
2013-06-06,186.7135772705078
2013-06-07,184.62745666503903
2013-06-10,180.76255798339844
2013-06-11,174.08380126953125
2013-06-12,174.8519287109375
2013-06-13,172.84669494628906
2013-06-14,178.23175048828125
2013-06-17,178.11856079101562
2013-06-18,176.42054748535156
2013-06-19,175.7332763671875
2013-06-20,169.1758270263672
2013-06-21,168.965576171875
2013-06-24,169.66094970703125
2013-06-25,167.02505493164062
2013-06-26,165.94154357910156
2013-06-27,166.65309143066406
2013-06-28,173.15396118164062
2013-07-01,172.6930694580078
2013-07-02,174.50424194335938
2013-07-03,172.0623779296875
2013-07-04,172.01388549804688
2013-07-05,170.04908752441406
2013-07-08,166.2326202392578
2013-07-09,167.26760864257812
2013-07-10,167.94680786132812
2013-07-11,171.0840301513672
2013-07-12,171.48023986816406
2013-07-15,171.58535766601562
2013-07-16,162.27069091796875
2013-07-17,158.51893615722656
2013-07-18,159.19815063476562
2013-07-19,155.1310577392578
2013-07-22,157.58102416992188
2013-07-23,160.03904724121094
2013-07-24,153.91819763183594
2013-07-25,151.17718505859375
2013-07-26,150.6435546875
2013-07-29,150.16648864746094
2013-07-30,149.75411987304688
2013-07-31,147.0050048828125
2013-08-01,147.8378143310547
2013-08-02,143.4553985595703
2013-08-05,145.93771362304688
2013-08-06,140.099853515625
2013-08-07,140.40713500976562
2013-08-08,141.50677490234375
2013-08-12,140.2130584716797
2013-08-13,144.3367156982422
2013-08-14,146.503662109375
2013-08-16,138.84657287597656
2013-08-19,131.85250854492188
2013-08-20,134.2862548828125
2013-08-21,134.14883422851562
2013-08-22,134.39947509765625
2013-08-23,137.94906616210938
2013-08-26,134.29437255859375
2013-08-27,129.79067993164062
2013-08-28,128.7799530029297
2013-08-29,130.53456115722656
2013-08-30,129.9766387939453
2013-09-02,133.67178344726562
2013-09-03,126.71005249023438
2013-09-04,132.24061584472656
2013-09-05,144.52272033691406
2013-09-06,154.9855194091797
2013-09-10,156.7967071533203
2013-09-11,156.8209686279297
2013-09-12,153.82118225097656
2013-09-13,152.3253631591797
2013-09-16,156.853271484375
2013-09-17,155.6404571533203
2013-09-18,157.36270141601562
2013-09-19,167.5748748779297
2013-09-20,159.65093994140625
2013-09-23,152.54364013671875
2013-09-24,152.79429626464844
2013-09-25,151.23377990722656
2013-09-26,152.99649047851562
2013-09-27,149.3094024658203
2013-09-30,142.89749145507812
2013-10-01,147.27992248535156
2013-10-03,151.6623077392578
2013-10-04,150.4899139404297
2013-10-07,148.16122436523438
2013-10-08,151.54107666015625
2013-10-09,153.6918182373047
2013-10-10,153.31178283691406
2013-10-11,161.23573303222656
2013-10-14,161.25189208984375
2013-10-15,157.59719848632812
2013-10-17,156.03662109375
2013-10-18,163.1439208984375
2013-10-21,163.37033081054688
2013-10-22,163.35415649414062
2013-10-23,165.87689208984375
2013-10-24,165.0925750732422
2013-10-25,165.3027801513672
2013-10-28,164.13845825195312
2013-10-29,173.78460693359375
2013-10-30,177.72232055664062
2013-10-31,181.2719268798828
2013-11-01,183.29335021972656
2013-11-05,177.23719787597656
2013-11-06,174.71446228027344
2013-11-07,170.03289794921875
2013-11-08,169.7822265625
2013-11-11,167.72848510742188
2013-11-12,163.77462768554688
2013-11-13,164.12228393554688
2013-11-14,170.1380157470703
2013-11-18,173.6229248046875
2013-11-19,175.45834350585938
2013-11-20,169.66094970703125
2013-11-21,166.60458374023438
2013-11-22,165.0359649658203
2013-11-25,173.7765350341797
2013-11-26,168.78770446777344
2013-11-27,168.60980224609375
2013-11-28,167.8740234375
2013-11-29,172.8143768310547
2013-12-02,175.9919891357422
2013-12-03,175.52305603027344
2013-12-04,172.4262237548828
2013-12-05,183.6814727783203
2013-12-06,184.9832305908203
2013-12-09,194.33023071289065
2013-12-10,187.32000732421875
2013-12-11,187.32000732421875
2013-12-12,183.15586853027344
2013-12-13,175.45834350585938
2013-12-16,177.48788452148438
2013-12-17,177.609130859375
2013-12-18,177.20489501953125
2013-12-19,171.98155212402344
2013-12-20,175.8949737548828
2013-12-23,177.56869506835938
2013-12-24,177.69808959960938
2013-12-26,177.8274688720703
2013-12-27,179.54159545898438
2013-12-30,177.3504180908203
2013-12-31,177.68191528320312
2014-01-01,177.51210021972656
2014-01-02,173.93826293945312
2014-01-03,172.51519775390625
2014-01-06,168.3106231689453
2014-01-07,169.7984161376953
2014-01-08,170.49375915527344
2014-01-09,169.9358673095703
2014-01-10,165.6747283935547
2014-01-13,170.59080505371094
2014-01-14,167.60719299316406
2014-01-15,171.14871215820312
2014-01-16,171.23765563964844
2014-01-17,167.29995727539062
2014-01-20,168.82810974121094
2014-01-21,174.33445739746094
2014-01-22,175.9354248046875
2014-01-23,174.56085205078125
2014-01-24,171.12445068359375
2014-01-27,163.29757690429688
2014-01-28,164.7287139892578
2014-01-29,161.93917846679688
2014-01-30,157.59719848632812
2014-01-31,159.72372436523438
2014-02-03,155.81028747558594
2014-02-04,156.64306640625
2014-02-05,156.25498962402344
2014-02-06,154.92892456054688
2014-02-07,155.3170166015625
2014-02-10,155.3332061767578
2014-02-11,156.67543029785156
2014-02-12,161.5834197998047
2014-02-13,159.06069946289062
2014-02-14,159.844970703125
2014-02-17,163.1924285888672
2014-02-18,167.8255157470703
2014-02-19,166.70968627929688
2014-02-20,162.98223876953125
2014-02-21,165.80410766601562
2014-02-24,167.5667724609375
2014-02-25,166.7420654296875
2014-02-26,167.60719299316406
2014-02-28,168.80384826660156
2014-03-03,166.53179931640625
2014-03-04,172.8871612548828
2014-03-05,177.7870330810547
2014-03-06,183.37420654296875
2014-03-07,194.36257934570312
2014-03-10,193.02037048339844
2014-03-11,193.75616455078125
2014-03-12,195.9393005371093
2014-03-13,197.2895965576172
2014-03-14,196.48101806640625
2014-03-18,194.7830352783203
2014-03-19,195.6643829345703
2014-03-20,194.17662048339844
2014-03-21,193.9825592041016
2014-03-24,200.879623413086
2014-03-25,202.5533142089844
2014-03-26,203.19210815429688
2014-03-27,203.5963592529297
2014-03-28,203.62872314453125
2014-03-31,201.34048461914065
2014-04-01,197.9283447265625
2014-04-02,201.01705932617188
2014-04-03,199.5131072998047
2014-04-04,198.9794769287109
2014-04-07,195.5350036621093
2014-04-09,203.72573852539065
2014-04-10,201.71243286132807
2014-04-11,199.8851013183593
2014-04-15,197.20065307617188
2014-04-16,197.70196533203125
2014-04-17,204.21896362304688
2014-04-21,207.3157653808593
2014-04-22,208.59332275390625
2014-04-23,210.15383911132807
2014-04-24,210.15383911132807
2014-04-25,205.45608520507807
2014-04-28,206.2646484375
2014-04-29,204.2109222412109
2014-04-30,201.0736541748047
2014-05-02,202.52908325195312
2014-05-05,202.5371551513672
2014-05-06,206.28082275390625
2014-05-07,205.4803466796875
2014-05-08,208.44778442382807
2014-05-09,222.93722534179688
2014-05-12,226.1876678466797
2014-05-13,226.52723693847656
2014-05-14,227.91796875
2014-05-15,225.60548400878903
2014-05-16,236.95767211914065
2014-05-19,237.45904541015625
2014-05-20,234.4673767089844
2014-05-21,232.955322265625
2014-05-22,234.7260589599609
2014-05-23,236.22999572753903
2014-05-26,235.21929931640625
2014-05-27,234.0145568847656
2014-05-28,235.4861297607422
2014-05-29,232.3731689453125
2014-05-30,229.3168029785156
2014-06-02,236.7798309326172
2014-06-03,235.8338165283203
2014-06-04,241.4283905029297
2014-06-05,244.2242431640625
2014-06-06,248.08834838867188
2014-06-09,249.0731964111328
2014-06-10,247.2454376220703
2014-06-11,245.35093688964844
2014-06-12,243.59832763671875
2014-06-13,238.4155731201172
2014-06-16,236.011947631836
2014-06-17,241.94583129882807
2014-06-18,237.272201538086
2014-06-19,235.64474487304688
2014-06-20,233.1576690673828
2014-06-23,236.0536651611328
2014-06-24,240.2433013916016
2014-06-25,237.10525512695312
2014-06-26,234.12576293945312
2014-06-27,231.12127685546875
2014-06-30,236.7130126953125
2014-07-01,240.0346069335937
2014-07-02,242.3631134033203
2014-07-03,242.7053375244141
2014-07-04,244.1741638183593
2014-07-07,242.254638671875
2014-07-08,235.5529022216797
2014-07-09,234.1925506591797
2014-07-10,231.847396850586
2014-07-11,226.43927001953125
2014-07-14,224.3778381347656
2014-07-15,232.78208923339844
2014-07-16,243.84036254882807
2014-07-17,242.12942504882807
2014-07-18,247.11187744140625
2014-07-21,247.47080993652344
2014-07-22,247.57925415039065
2014-07-23,251.37667846679688
2014-07-24,251.4434051513672
2014-07-25,246.3107147216797
2014-07-28,242.19618225097656
2014-07-30,248.4472198486328
2014-07-31,245.5762939453125
2014-08-01,246.3107147216797
2014-08-04,248.939682006836
2014-08-05,248.13009643554688
2014-08-06,241.5452423095703
2014-08-07,241.169662475586
2014-08-08,239.88442993164065
2014-08-11,240.51031494140625
2014-08-12,244.24929809570312
2014-08-13,242.39649963378903
2014-08-14,246.9783935546875
2014-08-18,255.4993896484375
2014-08-19,257.53582763671875
2014-08-20,257.5108642578125
2014-08-21,257.8780212402344
2014-08-22,256.9766540527344
2014-08-25,252.76202392578125
2014-08-26,251.7187957763672
2014-08-27,257.1018371582031
2014-08-28,259.8559875488281
2014-09-01,266.78302001953125
2014-09-02,265.5812072753906
2014-09-03,263.86199951171875
2014-09-04,262.3346862792969
2014-09-05,258.22857666015625
2014-09-08,261.69207763671875
2014-09-09,258.0115661621094
2014-09-10,262.07598876953125
2014-09-11,261.3665466308594
2014-09-12,261.1245422363281
2014-09-15,259.2801208496094
2014-09-16,254.6732177734375
2014-09-17,255.34092712402344
2014-09-18,261.2247009277344
2014-09-19,262.42657470703125
2014-09-22,263.5364990234375
2014-09-23,256.80145263671875
2014-09-24,253.1125640869141
2014-09-25,244.5830993652344
2014-09-26,246.69454956054688
2014-09-29,243.4480743408203
2014-09-30,239.28350830078125
2014-10-01,238.4990081787109
2014-10-07,238.6325836181641
2014-10-08,241.78729248046875
2014-10-09,248.4389495849609
2014-10-10,243.5232086181641
2014-10-13,246.68624877929688
2014-10-14,246.71128845214844
2014-10-15,246.71128845214844
2014-10-16,243.7902374267578
2014-10-17,251.2430877685547
2014-10-20,256.53436279296875
2014-10-21,264.0789489746094
2014-10-22,262.2261962890625
2014-10-27,262.5683898925781
2014-10-28,267.2754211425781
2014-10-29,268.0432434082031
2014-10-30,269.4118957519531
2014-10-31,271.5151062011719
2014-11-03,274.69488525390625
2014-11-05,278.9763488769531
2014-11-07,281.2046203613281
2014-11-10,278.250244140625
2014-11-11,281.3465270996094
2014-11-12,285.0855407714844
2014-11-13,282.506591796875
2014-11-14,282.4732360839844
2014-11-17,279.3936462402344
2014-11-18,280.62042236328125
2014-11-19,280.9041748046875
2014-11-20,281.74713134765625
2014-11-21,288.8827819824219
2014-11-24,295.9934997558594
2014-11-25,289.9761047363281
2014-11-26,285.4944152832031
2014-11-27,287.6309509277344
2014-11-28,292.8387451171875
2014-12-01,293.4647216796875
2014-12-02,295.526123046875
2014-12-03,299.4653625488281
2014-12-04,302.2862548828125
2014-12-05,300.2831726074219
2014-12-08,295.2757263183594
2014-12-09,292.4381408691406
2014-12-10,293.8152160644531
2014-12-11,290.3934020996094
2014-12-12,289.0163269042969
2014-12-15,288.1400451660156
2014-12-16,275.9967956542969
2014-12-17,277.3738708496094
2014-12-18,288.5573425292969
2014-12-19,297.11181640625
2014-12-22,299.782470703125
2014-12-23,294.60809326171875
2014-12-24,294.6915283203125
2014-12-26,292.8971252441406
2014-12-29,291.3948974609375
2014-12-30,292.3129577636719
2014-12-31,294.6915283203125
2015-01-01,294.0238952636719
2015-01-02,302.36968994140625
2015-01-05,302.99560546875
2015-01-06,290.1430053710937
2015-01-07,282.2979431152344
2015-01-08,289.9761047363281
2015-01-09,285.3024597167969
2015-01-12,289.2249755859375
2015-01-13,284.5096435546875
2015-01-14,281.1712341308594
2015-01-15,294.4828796386719
2015-01-16,295.31744384765625
2015-01-19,301.1177978515625
2015-01-20,306.9181823730469
2015-01-21,307.5024108886719
2015-01-22,308.6290588378906
2015-01-23,309.3802185058594
2015-01-27,320.0628356933594
2015-01-28,320.5219116210937
2015-01-29,317.3922119140625
2015-01-30,301.0343322753906
2015-02-02,293.6483459472656
2015-02-03,289.2667541503906
2015-02-04,287.6392517089844
2015-02-05,280.0862731933594
2015-02-06,274.8701477050781
2015-02-09,267.1085205078125
2015-02-10,276.2889404296875
2015-02-11,279.3351745605469
2015-02-12,283.0491027832031
2015-02-13,286.9716186523437
2015-02-16,282.1310119628906
2015-02-18,285.761474609375
2015-02-19,282.5483093261719
2015-02-20,276.2054748535156
2015-02-23,274.5780029296875
2015-02-24,272.11602783203125
2015-02-25,269.1532592773437
2015-02-26,268.1517944335937
2015-02-27,279.794189453125
2015-03-02,291.3114624023437
2015-03-03,290.9776306152344
2015-03-04,291.56182861328125
2015-03-05,290.2264404296875
2015-03-09,277.7494506835937
2015-03-10,278.4588623046875
2015-03-11,277.624267578125
2015-03-12,282.2562561035156
2015-03-13,275.5795593261719
2015-03-16,276.6227722167969
2015-03-17,279.4603881835937
2015-03-18,279.41864013671875
2015-03-19,275.5795593261719
2015-03-20,265.8983764648437
2015-03-23,261.89239501953125
2015-03-24,260.306640625
2015-03-25,264.4796142578125
2015-03-26,257.01007080078125
2015-03-27,262.5183410644531
2015-03-30,265.9818115234375
2015-03-31,263.3111877441406
2015-04-01,269.6957397460937
2015-04-06,268.11004638671875
2015-04-07,264.8969116210937
2015-04-08,262.97735595703125
2015-04-09,267.567626953125
2015-04-10,265.6480407714844
2015-04-13,264.4796142578125
2015-04-15,262.8938903808594
2015-04-16,260.8074645996094
2015-04-17,258.8044738769531
2015-04-20,259.68072509765625
2015-04-21,259.4303894042969
2015-04-22,261.1829833984375
2015-04-23,260.2649841308594
2015-04-24,257.2604675292969
2015-04-27,252.294677734375
2015-04-28,272.78369140625
2015-04-29,275.5378112792969
2015-04-30,276.3724060058594
2015-05-04,274.82843017578125
2015-05-05,274.1190795898437
2015-05-06,260.5153503417969
2015-05-07,254.21424865722656
2015-05-08,264.56304931640625
2015-05-11,269.98779296875
2015-05-12,257.2187194824219
2015-05-13,265.1055603027344
2015-05-14,262.8521728515625
2015-05-15,260.6822509765625
2015-05-18,263.9371337890625
2015-05-19,263.1860046386719
2015-05-20,266.02362060546875
2015-05-21,261.6836853027344
2015-05-22,261.7255249023437
2015-05-25,260.5153503417969
2015-05-26,258.4705810546875
2015-05-27,261.34991455078125
2015-05-28,262.4765625
2015-05-29,264.7716979980469
2015-06-01,264.10406494140625
2015-06-02,254.13072204589844
2015-06-03,246.82815551757807
2015-06-04,246.2763061523437
2015-06-05,241.18272399902344
2015-06-08,240.376220703125
2015-06-09,243.72952270507807
2015-06-10,248.3137664794922
2015-06-11,244.91802978515625
2015-06-12,251.2425842285156
2015-06-15,254.0016632080078
2015-06-16,256.4211120605469
2015-06-17,255.8268280029297
2015-06-18,257.52471923828125
2015-06-19,258.5434875488281
2015-06-22,267.457275390625
2015-06-23,266.1414489746094
2015-06-24,269.7493896484375
2015-06-25,267.2451171875
2015-06-26,264.6134033203125
2015-06-29,264.1889038085937
2015-06-30,261.4722595214844
2015-07-01,265.0378112792969
2015-07-02,265.7169494628906
2015-07-03,267.0328369140625
2015-07-06,267.5422058105469
2015-07-07,265.3773803710937
2015-07-08,261.0903015136719
2015-07-09,262.7456970214844
2015-07-10,265.8443298339844
2015-07-13,268.60333251953125
2015-07-14,266.0990295410156
2015-07-15,267.1176452636719
2015-07-16,269.1976623535156
2015-07-17,269.4947814941406
2015-07-20,268.0940246582031
2015-07-21,264.401123046875
2015-07-22,268.94293212890625
2015-07-23,265.632080078125
2015-07-24,255.19015502929688
2015-07-27,247.1252593994141
2015-07-28,241.94674682617188
2015-07-29,245.5547332763672
2015-07-30,247.04039001464844
2015-07-31,256.7182312011719
2015-08-03,265.632080078125
2015-08-04,266.6083679199219
2015-08-05,264.31622314453125
2015-08-06,264.06158447265625
2015-08-07,263.2975158691406
2015-08-10,262.8305969238281
2015-08-11,256.5909118652344
2015-08-12,247.59217834472656
2015-08-13,247.8043975830078
2015-08-14,256.8880310058594
2015-08-17,257.1427307128906
2015-08-18,255.61463928222656
2015-08-19,258.5009765625
2015-08-20,253.19512939453125
2015-08-21,251.70947265625
2015-08-24,229.1702575683593
2015-08-25,240.67333984375
2015-08-26,236.04666137695312
2015-08-27,239.781967163086
2015-08-28,240.84315490722656
2015-08-31,235.9193115234375
2015-09-01,230.01919555664065
2015-09-02,224.8406982421875
2015-09-03,226.53858947753903
2015-09-04,218.813232421875
2015-09-07,211.46994018554688
2015-09-08,221.4025115966797
2015-09-09,224.5860137939453
2015-09-10,227.00547790527344
2015-09-11,227.13282775878903
2015-09-14,231.2501678466797
2015-09-15,227.9393005371093
2015-09-16,231.63218688964844
2015-09-18,235.8768768310547
2015-09-21,237.1078186035156
2015-09-22,229.6796417236328
2015-09-23,232.05665588378903
2015-09-24,227.76950073242188
2015-09-28,227.5997314453125
2015-09-29,228.36376953125
2015-09-30,229.5098571777344
2015-10-01,226.7508239746093
2015-10-05,238.508544921875
2015-10-06,240.03662109375
2015-10-07,240.2488708496093
2015-10-08,236.38623046875
2015-10-09,242.88055419921875
2015-10-12,244.15399169921875
2015-10-13,244.0266265869141
2015-10-14,240.1640167236328
2015-10-15,243.09280395507807
2015-10-16,245.7245178222656
2015-10-19,243.8144073486328
2015-10-20,242.96548461914065
2015-10-21,239.9941864013672
2015-10-23,243.0079040527344
2015-10-26,242.2439117431641
2015-10-27,240.84315490722656
2015-10-28,230.2314300537109
2015-10-29,230.44366455078125
2015-10-30,235.1552581787109
2015-11-02,237.320068359375
2015-11-03,237.23516845703125
2015-11-04,232.05665588378903
2015-11-05,229.25515747070312
2015-11-06,226.7508239746093
2015-11-09,223.39752197265625
2015-11-10,223.10037231445312
2015-11-13,222.208984375
2015-11-16,226.8781280517578
2015-11-17,227.3874969482422
2015-11-18,221.1053771972656
2015-11-19,226.15655517578125
2015-11-20,224.9255828857422
2015-11-23,225.7745361328125
2015-11-24,223.5672912597656
2015-11-26,224.11911010742188
2015-11-27,229.25515747070312
2015-11-30,232.2264404296875
2015-12-01,232.52354431152344
2015-12-02,229.5522918701172
2015-12-03,225.64718627929688
2015-12-04,221.95431518554688
2015-12-07,223.3126220703125
2015-12-08,221.95431518554688
2015-12-09,220.2564392089844
2015-12-10,219.8319854736328
2015-12-11,211.6397399902344
2015-12-14,211.38504028320312
2015-12-15,209.1778106689453
2015-12-16,213.9743194580078
2015-12-17,214.9081573486328
2015-12-18,212.3188934326172
2015-12-21,219.1952667236328
2015-12-22,220.3413543701172
2015-12-23,222.29391479492188
2015-12-24,218.9830474853516
2015-12-28,224.1615447998047
2015-12-29,224.7558135986328
2015-12-30,222.7183837890625
2015-12-31,221.8694305419922
2016-01-01,223.27017211914065
2016-01-04,216.94558715820312
2016-01-05,217.921875
2016-01-06,212.3188934326172
2016-01-07,209.4749298095703
2016-01-08,208.03173828125
2016-01-11,203.2777099609375
2016-01-12,200.985595703125
2016-01-13,203.3201446533203
2016-01-14,200.1366424560547
2016-01-15,190.54367065429688
2016-01-18,189.3976287841797
2016-01-19,194.1941070556641
2016-01-20,190.50125122070312
2016-01-21,192.1141967773437
2016-01-22,197.5898284912109
2016-01-25,200.391342163086
2016-01-27,201.45249938964844
2016-01-28,197.9718780517578
2016-01-29,195.38259887695312
2016-02-01,184.388900756836
2016-02-02,178.6161346435547
2016-02-03,173.2253875732422
2016-02-04,173.1405029296875
2016-02-05,177.76718139648438
2016-02-08,177.04559326171875
2016-02-09,177.76718139648438
2016-02-10,175.94198608398438
2016-02-11,169.15049743652344
2016-02-12,164.31155395507812
2016-02-15,172.75845336914062
2016-02-16,166.90078735351562
2016-02-17,161.9345245361328
2016-02-18,166.51881408691406
2016-02-19,168.76846313476562
2016-02-22,168.4713592529297
2016-02-23,162.99569702148438
2016-02-24,158.75103759765625
2016-02-25,155.35528564453125
2016-02-26,156.8833770751953
2016-02-29,161.3402862548828
2016-03-01,173.9894256591797
2016-03-02,186.76593017578125
2016-03-03,185.06805419921875
2016-03-04,187.1903686523437
2016-03-08,184.09176635742188
2016-03-09,183.66729736328125
2016-03-10,182.94569396972656
2016-03-11,181.54495239257807
2016-03-14,188.16665649414065
2016-03-15,187.9119873046875
2016-03-16,192.19911193847656
2016-03-17,193.3451690673828
2016-03-18,195.425048828125
2016-03-21,199.37258911132807
2016-03-22,198.3114318847656
2016-03-23,198.82080078125
2016-03-28,191.3926239013672
2016-03-29,189.65231323242188
2016-03-30,201.62228393554688
2016-03-31,200.90069580078125
2016-04-01,202.3014068603516
2016-04-04,202.6834716796875
2016-04-05,191.5199432373047
2016-04-06,188.93072509765625
2016-04-07,187.0205841064453
2016-04-08,187.8270874023437
2016-04-11,190.7559051513672
2016-04-12,194.1941070556641
2016-04-13,204.2964324951172
2016-04-18,201.32516479492188
2016-04-20,202.0892028808593
2016-04-21,214.8232421875
2016-04-22,213.93185424804688
2016-04-25,214.7383575439453
2016-04-26,215.6721649169922
2016-04-27,207.6497344970703
2016-04-28,203.8295135498047
2016-04-29,201.1553649902344
2016-05-02,192.49624633789065
2016-05-03,187.69973754882807
2016-05-04,182.0543365478516
2016-05-05,182.22412109375
2016-05-06,185.5774078369141
2016-05-09,191.2652740478516
2016-05-10,191.43507385253903
2016-05-11,190.1192169189453
2016-05-12,196.7833404541016
2016-05-13,192.28399658203125
2016-05-16,189.9494171142578
2016-05-17,191.8170928955078
2016-05-18,192.2415466308593
2016-05-19,191.47750854492188
2016-05-20,186.85079956054688
2016-05-23,187.69973754882807
2016-05-24,190.6285552978516
2016-05-25,199.49996948242188
2016-05-26,204.72088623046875
2016-05-27,206.4187927246093
2016-05-30,207.56483459472656
2016-05-31,207.6921844482422
2016-06-01,203.7870635986328
2016-06-02,204.8907012939453
2016-06-03,206.9281463623047
2016-06-06,206.7159118652344
2016-06-07,215.71463012695312
2016-06-08,218.7283630371093
2016-06-09,216.09664916992188
2016-06-10,214.4412536621093
2016-06-13,206.9281463623047
2016-06-14,207.9468688964844
2016-06-15,210.49366760253903
2016-06-16,207.11471557617188
2016-06-17,206.5948486328125
2016-06-20,206.2915954589844
2016-06-21,206.0749969482422
2016-06-22,207.07135009765625
2016-06-23,208.717529296875
2016-06-24,200.0968170166016
2016-06-27,201.61300659179688
2016-06-28,202.0028686523437
2016-06-29,205.03530883789065
2016-06-30,208.4143218994141
2016-07-01,208.2410125732422
2016-07-04,214.9989776611328
2016-07-05,212.3564453125
2016-07-07,212.1398468017578
2016-07-08,209.6272888183593
2016-07-11,216.47189331054688
2016-07-12,226.73883056640625
2016-07-13,226.2622833251953
2016-07-14,232.717041015625
2016-07-15,230.247802734375
2016-07-18,228.2117462158203
2016-07-19,233.1935577392578
2016-07-20,231.7640075683593
2016-07-21,226.912109375
2016-07-22,228.25503540039065
2016-07-25,232.7603454589844
2016-07-26,226.6955108642578
2016-07-27,234.4498443603516
2016-07-28,235.6627960205078
2016-07-29,227.77850341796875
2016-08-01,216.16864013671875
2016-08-02,212.5297393798828
2016-08-03,209.7572479248047
2016-08-04,208.2410125732422
2016-08-05,213.09292602539065
2016-08-08,212.48638916015625
2016-08-09,212.57305908203125
2016-08-10,207.37461853027344
2016-08-11,210.277084350586
2016-08-12,213.09292602539065
2016-08-16,215.34556579589844
2016-08-17,214.52247619628903
2016-08-18,219.1144256591797
2016-08-19,219.98081970214844
2016-08-22,218.5512542724609
2016-08-23,216.775131225586
2016-08-24,215.2589263916016
2016-08-25,213.9593048095703
2016-08-26,212.5297393798828
2016-08-29,217.0350646972656
2016-08-30,222.0168914794922
2016-08-31,223.5331115722656
2016-09-01,226.0890350341797
2016-09-02,226.39227294921875
2016-09-06,236.269287109375
2016-09-07,240.9912109375
2016-09-08,239.43165588378903
2016-09-09,237.48228454589844
2016-09-12,232.3704528808593
2016-09-14,235.186279296875
2016-09-15,234.4498443603516
2016-09-16,231.634033203125
2016-09-19,235.3162384033203
2016-09-20,235.7494659423828
2016-09-21,233.8433532714844
2016-09-22,238.6952667236328
2016-09-23,235.01300048828125
2016-09-26,227.47528076171875
2016-09-27,225.26593017578125
2016-09-28,225.915756225586
2016-09-29,216.9051055908203
2016-09-30,218.4646148681641
2016-10-03,221.9302520751953
2016-10-04,223.70640563964844
2016-10-05,221.32376098632807
2016-10-06,217.68484497070312
2016-10-07,217.1216735839844
2016-10-10,216.68849182128903
2016-10-13,208.9341278076172
2016-10-14,209.4539794921875
2016-10-17,224.18292236328125
2016-10-18,234.2332458496093
2016-10-19,229.64129638671875
2016-10-20,240.5146942138672
2016-10-21,240.34141540527344
2016-10-24,246.53623962402344
2016-10-25,250.6083526611328
2016-10-26,241.2078399658203
2016-10-27,246.3196563720703
2016-10-28,239.86489868164065
2016-11-01,238.5652770996093
2016-11-02,235.5761566162109
2016-11-03,233.71340942382807
2016-11-04,233.7567138671875
2016-11-07,241.46774291992188
2016-11-08,245.36659240722656
2016-11-09,243.8503570556641
2016-11-10,253.5108184814453
2016-11-11,239.4750213623047
2016-11-15,233.71340942382807
2016-11-16,230.6376495361328
2016-11-17,231.8939666748047
2016-11-18,229.2514190673828
2016-11-21,226.3056030273437
2016-11-22,227.605209350586
2016-11-23,229.55465698242188
2016-11-24,224.6594390869141
2016-11-25,225.35256958007807
2016-11-28,221.1938323974609
2016-11-29,221.32376098632807
2016-11-30,230.0745086669922
2016-12-01,224.5294647216797
2016-12-02,224.8327178955078
2016-12-05,226.0023803710937
2016-12-06,226.13232421875
2016-12-07,224.1395874023437
2016-12-08,227.6485595703125
2016-12-09,232.58706665039065
2016-12-12,229.468002319336
2016-12-13,229.07814025878903
2016-12-14,225.74246215820312
2016-12-15,225.52584838867188
2016-12-16,221.4537353515625
2016-12-19,222.7533416748047
2016-12-20,217.98809814453125
2016-12-21,219.4176788330078
2016-12-22,219.1577606201172
2016-12-23,218.2047119140625
2016-12-26,214.9989776611328
2016-12-27,219.6776123046875
2016-12-28,218.1180725097656
2016-12-29,217.55490112304688
2016-12-30,221.1938323974609
2017-01-02,218.2913513183593
2017-01-03,220.4140472412109
2017-01-04,217.55490112304688
2017-01-05,222.88331604003903
2017-01-06,223.6630859375
2017-01-09,224.1395874023437
2017-01-10,225.43923950195312
2017-01-11,229.33804321289065
2017-01-12,232.5004272460937
2017-01-13,232.2405242919922
2017-01-16,233.3235015869141
2017-01-17,232.5437469482422
2017-01-18,232.58706665039065
2017-01-19,233.6700592041016
2017-01-20,228.25503540039065
2017-01-23,223.1432342529297
2017-01-24,222.7966461181641
2017-01-25,225.22262573242188
2017-01-27,235.6627960205078
2017-01-30,234.62310791015625
2017-01-31,233.0202789306641
2017-02-01,243.4604949951172
2017-02-02,247.6192321777344
2017-02-03,243.9369964599609
2017-02-06,251.51806640625
2017-02-07,249.61196899414065
2017-02-08,247.6192321777344
2017-02-09,246.9261016845703
2017-02-10,243.98033142089844
2017-02-13,244.02365112304688
2017-02-14,246.6228790283203
2017-02-15,243.24386596679688
2017-02-16,241.5543975830078
2017-02-17,245.1932983398437
2017-02-20,244.6301422119141
2017-02-21,246.7528076171875
2017-02-22,247.9224853515625
2017-02-23,246.492904663086
2017-02-27,241.5977020263672
2017-02-28,239.43165588378903
2017-03-01,241.8143005371093
2017-03-02,241.4244079589844
2017-03-03,239.08511352539065
2017-03-06,239.7782440185547
2017-03-07,239.12843322753903
2017-03-08,237.74220275878903
2017-03-09,236.96243286132807
2017-03-10,234.4065399169922
2017-03-14,248.8755340576172
2017-03-15,247.05604553222656
2017-03-16,246.492904663086
2017-03-17,243.11392211914065
2017-03-20,238.3053436279297
2017-03-21,235.7061462402344
2017-03-22,229.59796142578125
2017-03-23,231.28746032714844
2017-03-24,238.04544067382807
2017-03-27,236.6591644287109
2017-03-28,239.99484252929688
2017-03-29,244.5001678466797
2017-03-30,243.76370239257807
2017-03-31,239.86489868164065
2017-04-03,248.39898681640625
2017-04-05,246.79617309570312
2017-04-06,243.33053588867188
2017-04-07,240.298095703125
2017-04-10,240.55799865722656
2017-04-11,245.75645446777344
2017-04-12,243.2871856689453
2017-04-13,245.02003479003903
2017-04-17,244.67344665527344
2017-04-18,245.5398712158203
2017-04-19,243.0706024169922
2017-04-20,236.31260681152344
2017-04-21,233.1935577392578
2017-04-24,232.7603454589844
2017-04-25,236.0959930419922
2017-04-26,239.908203125
2017-04-27,237.52557373046875
2017-04-28,241.2944793701172
2017-05-02,238.78189086914065
2017-05-03,236.31260681152344
2017-05-04,258.01611328125
2017-05-05,258.6659240722656
2017-05-08,262.4781494140625
2017-05-09,260.4421081542969
2017-05-10,258.7525634765625
2017-05-11,260.0955505371094
2017-05-12,256.93316650390625
2017-05-15,261.4817810058594
2017-05-16,262.2182006835937
2017-05-17,268.3697204589844
2017-05-18,266.8101501464844
2017-05-19,266.0304260253906
2017-05-22,263.2579040527344
2017-05-23,265.1639709472656
2017-05-24,265.7271728515625
2017-05-25,275.2576599121094
2017-05-26,278.5932922363281
2017-05-29,272.8316955566406
2017-05-30,278.4633483886719
2017-05-31,282.8387145996094
2017-06-01,277.3370361328125
2017-06-02,275.6474914550781
2017-06-05,277.0338134765625
2017-06-06,276.3406982421875
2017-06-07,281.322509765625
2017-06-08,277.4236755371094
2017-06-09,279.11309814453125
2017-06-12,273.568115234375
2017-06-13,272.7883605957031
2017-06-14,276.42724609375
2017-06-15,274.4345703125
2017-06-16,274.21795654296875
2017-06-19,277.770263671875
2017-06-20,280.9094543457031
2017-06-21,279.6127319335937
2017-06-22,278.17193603515625
2017-06-23,280.3331298828125
2017-06-27,276.5390014648437
2017-06-28,278.8923034667969
2017-06-29,281.6778564453125
2017-06-30,278.7002258300781
2017-07-03,278.6041259765625
2017-07-04,278.07586669921875
2017-07-05,281.2936096191406
2017-07-06,282.1581420898437
2017-07-07,278.2680053710937
2017-07-10,279.94891357421875
2017-07-11,278.21990966796875
2017-07-12,280.8133544921875
2017-07-13,286.1444091796875
2017-07-14,286.4805908203125
2017-07-17,291.5233764648437
2017-07-18,291.9076232910156
2017-07-19,290.3226928710937
2017-07-20,288.7378234863281
2017-07-21,290.1305847167969
2017-07-24,291.0910949707031
2017-07-25,292.14776611328125
2017-07-26,298.1030578613281
2017-07-27,295.077392578125
2017-07-28,284.46343994140625
2017-07-31,290.6589050292969
2017-08-01,290.6589050292969
2017-08-02,289.93853759765625
2017-08-03,284.0312194824219
2017-08-04,284.5595092773437
2017-08-07,288.3055725097656
2017-08-08,283.83905029296875
2017-08-09,279.1324462890625
2017-08-10,277.3554077148437
2017-08-11,275.6264953613281
2017-08-14,280.2850952148437
2017-08-16,283.310791015625
2017-08-17,281.58184814453125
2017-08-18,281.58184814453125
2017-08-21,281.91796875
2017-08-22,282.35028076171875
2017-08-23,286.8167419433594
2017-08-24,285.9523010253906
2017-08-28,289.0259704589844
2017-08-29,287.68121337890625
2017-08-30,288.4496459960937
2017-08-31,286.2884521484375
2017-09-01,286.5285339355469
2017-09-04,285.3759765625
2017-09-05,285.85626220703125
2017-09-06,283.69500732421875
2017-09-07,281.1015625
2017-09-08,280.47723388671875
2017-09-11,279.32452392578125
2017-09-12,279.7087707519531
2017-09-13,280.47723388671875
2017-09-14,282.1100769042969
2017-09-15,280.093017578125
2017-09-18,281.437744140625
2017-09-19,283.0226135253906
2017-09-20,279.0843811035156
2017-09-21,273.7054443359375
2017-09-22,266.1651916503906
2017-09-25,268.4704895019531
2017-09-26,271.5921936035156
2017-09-27,265.4927978515625
2017-09-28,265.0605773925781
2017-09-29,265.6849060058594
2017-10-03,267.413818359375
2017-10-04,265.2046203613281
2017-10-05,261.0743103027344
2017-10-06,261.2184143066406
2017-10-09,261.0262756347656
2017-10-10,259.1532592773437
2017-10-11,257.0400695800781
2017-10-12,256.9920349121094
2017-10-13,260.5940856933594
2017-10-16,263.4276428222656
2017-10-17,263.0914306640625
2017-10-18,252.76565551757807
2017-10-19,247.67481994628903
2017-10-23,252.1893005371093
2017-10-24,256.031494140625
2017-10-25,293.6365966796875
2017-10-26,287.4410705566406
2017-10-27,289.26611328125
2017-10-30,288.6898193359375
2017-10-31,288.257568359375
2017-11-01,301.03271484375
2017-11-02,304.1544494628906
2017-11-03,303.4340515136719
2017-11-06,303.62615966796875
2017-11-07,300.1202087402344
2017-11-08,293.4444274902344
2017-11-09,299.0155944824219
2017-11-10,305.93145751953125
2017-11-13,301.8491516113281
2017-11-14,301.70513916015625
2017-11-15,303.0498352050781
2017-11-16,306.3637390136719
2017-11-17,312.2710266113281
2017-11-20,305.9794921875
2017-11-21,307.2762451171875
2017-11-22,306.3156433105469
2017-11-23,306.843994140625
2017-11-24,304.6827392578125
2017-11-27,304.4906311035156
2017-11-28,300.84063720703125
2017-11-29,302.4255065917969
2017-11-30,295.4135437011719
2017-12-01,293.2043151855469
2017-12-04,292.2438659667969
2017-12-05,293.2043151855469
2017-12-06,287.68121337890625
2017-12-07,293.732666015625
2017-12-08,298.4872741699219
2017-12-11,299.15966796875
2017-12-12,295.4615783691406
2017-12-13,290.9950561523437
2017-12-14,292.3398132324219
2017-12-15,291.18719482421875
2017-12-18,296.7103271484375
2017-12-19,301.3209228515625
2017-12-20,303.3379821777344
2017-12-21,303.0018005371094
2017-12-22,304.1064453125
2017-12-26,305.5952453613281
2017-12-27,300.4563903808594
2017-12-28,302.8576965332031
2017-12-29,301.6090393066406
2018-01-01,298.0550231933594
2018-01-02,297.4787292480469
2018-01-03,302.5696105957031
2018-01-04,302.2814025878906
2018-01-05,300.55242919921875
2018-01-08,301.75311279296875
2018-01-09,300.2643127441406
2018-01-10,299.68798828125
2018-01-11,297.28662109375
2018-01-12,305.1630249023437
2018-01-15,316.3052673339844
2018-01-16,320.9158630371094
2018-01-17,329.7048034667969
2018-01-18,332.4903564453125
2018-01-19,339.6463317871094
2018-01-22,337.6291809082031
2018-01-23,348.0030212402344
2018-01-24,338.8299255371094
2018-01-25,346.56219482421875
2018-01-29,343.5365295410156
2018-01-30,339.3101501464844
2018-01-31,339.02197265625
2018-02-01,332.53839111328125
2018-02-02,321.8764038085937
2018-02-05,316.6894836425781
2018-02-06,317.6500549316406
2018-02-07,319.427001953125
2018-02-08,320.6757507324219
2018-02-09,313.8558959960937
2018-02-12,313.3756408691406
2018-02-14,306.3637390136719
2018-02-15,315.680908203125
2018-02-16,308.3808288574219
2018-02-19,307.13214111328125
2018-02-20,304.73077392578125
2018-02-21,306.6038818359375
2018-02-22,305.78741455078125
2018-02-23,310.0137023925781
2018-02-26,314.1440734863281
2018-02-27,309.4374084472656
2018-02-28,300.8886413574219
2018-03-01,292.91619873046875
2018-03-05,291.3792724609375
2018-03-06,283.4068298339844
2018-03-07,275.3863525390625
2018-03-08,285.2318420410156
2018-03-09,281.14959716796875
2018-03-12,288.78582763671875
2018-03-13,292.3398132324219
2018-03-14,293.9727478027344
2018-03-15,289.5542907714844
2018-03-16,286.33642578125
2018-03-19,282.92657470703125
2018-03-20,280.47723388671875
2018-03-21,277.7877197265625
2018-03-22,272.072509765625
2018-03-23,264.67633056640625
2018-03-26,270.53564453125
2018-03-27,272.6968688964844
2018-03-28,267.3658752441406
2018-04-02,251.5169677734375
2018-04-03,259.3933410644531
2018-04-04,258.04864501953125
2018-04-05,267.65399169921875
2018-04-06,269.5751037597656
2018-04-09,269.7672119140625
2018-04-10,277.4034423828125
2018-04-11,273.3211669921875
2018-04-12,275.43438720703125
2018-04-13,276.8751220703125
2018-04-16,276.2508239746094
2018-04-17,280.2370910644531
2018-04-18,278.6041259765625
2018-04-19,278.17193603515625
2018-04-20,271.0159606933594
2018-04-23,268.3743896484375
2018-04-24,272.8889465332031
2018-04-25,267.89410400390625
2018-04-26,267.8461608886719
2018-04-27,276.5390014648437
2018-04-30,272.9850158691406
2018-05-02,265.9730834960937
2018-05-03,270.7757568359375
2018-05-04,271.68829345703125
2018-05-07,278.3640441894531
2018-05-08,297.094482421875
2018-05-09,294.6931457519531
2018-05-10,294.7411804199219
2018-05-11,298.67938232421875
2018-05-14,297.8629150390625
2018-05-15,296.0859680175781
2018-05-16,285.5200500488281
2018-05-17,284.3193359375
2018-05-18,274.81005859375
2018-05-21,277.8837280273437
2018-05-22,278.8442687988281
2018-05-23,280.5251770019531
2018-05-24,285.9523010253906
2018-05-25,283.98309326171875
2018-05-28,287.4410705566406
2018-05-29,278.4600830078125
2018-05-30,273.6573486328125
2018-05-31,274.52178955078125
2018-06-01,277.8837280273437
2018-06-04,275.43438720703125
2018-06-05,272.8889465332031
2018-06-06,272.6968688964844
2018-06-07,279.42059326171875
2018-06-08,276.8751220703125
2018-06-11,275.0981750488281
2018-06-12,276.0587158203125
2018-06-13,279.2765197753906
2018-06-14,273.5132751464844
2018-06-15,271.35205078125
2018-06-18,281.437744140625
2018-06-19,281.2456359863281
2018-06-20,281.6298522949219
2018-06-21,286.1924133300781
2018-06-22,288.78582763671875
2018-06-25,278.2680053710937
2018-06-26,276.7310791015625
2018-06-27,268.0381774902344
2018-06-28,260.69012451171875
2018-06-29,264.53228759765625
2018-07-02,266.4533386230469
2018-07-03,262.13092041015625
2018-07-04,262.46710205078125
2018-07-05,260.83416748046875
2018-07-06,259.3933410644531
2018-07-09,260.4980163574219
2018-07-10,262.6111755371094
2018-07-11,258.1446838378906
2018-07-12,261.5545959472656
2018-07-13,257.18414306640625
2018-07-16,249.01956176757807
2018-07-17,255.93544006347656
2018-07-18,252.3334350585937
2018-07-19,250.8926239013672
2018-07-20,255.31106567382807
2018-07-23,264.67633056640625
2018-07-24,263.52374267578125
2018-07-25,263.81182861328125
2018-07-26,274.3777770996094
2018-07-27,281.6298522949219
2018-07-30,295.2214660644531
2018-07-31,292.2438659667969
2018-08-01,287.4891357421875
2018-08-02,286.76873779296875
2018-08-03,292.96417236328125
2018-08-06,302.6656494140625
2018-08-07,300.7925720214844
2018-08-08,306.12359619140625
2018-08-09,319.8592834472656
2018-08-10,315.6329040527344
2018-08-13,312.078857421875
2018-08-14,319.3309326171875
2018-08-16,321.10797119140625
2018-08-17,326.5830383300781
2018-08-20,325.0942077636719
2018-08-21,325.4783935546875
2018-08-23,323.8935241699219
2018-08-24,318.5386962890625
2018-08-27,327.94580078125
2018-08-28,326.9809875488281
2018-08-29,328.6694641113281
2018-08-30,332.2393493652344
2018-08-31,330.5508728027344
2018-09-03,322.3980712890625
2018-09-04,316.9467163085937
2018-09-05,318.0563049316406
2018-09-06,317.0914611816406
2018-09-07,323.31463623046875
2018-09-10,321.1920166015625
2018-09-11,315.0653076171875
2018-09-12,311.543701171875
2018-09-14,316.8020324707031
2018-09-17,314.2452697753906
2018-09-18,307.6361694335937
2018-09-19,309.66229248046875
2018-09-21,305.9476928710937
2018-09-24,297.891357421875
2018-09-25,300.1587219238281
2018-09-26,302.08837890625
2018-09-27,295.8652038574219
2018-09-28,294.80389404296875
2018-10-01,302.95672607421875
2018-10-03,293.0189819335937
2018-10-04,305.3687744140625
2018-10-05,296.4923400878906
2018-10-08,299.9175109863281
2018-10-09,295.47930908203125
2018-10-10,308.6009826660156
2018-10-11,300.7376708984375
2018-10-12,308.16680908203125
2018-10-15,302.32958984375
2018-10-16,309.372802734375
2018-10-17,303.72857666015625
2018-10-19,304.355712890625
2018-10-22,315.59600830078125
2018-10-23,311.4954833984375
2018-10-24,310.6753845214844
2018-10-25,308.6974792480469
2018-10-26,304.5487060546875
2018-10-29,337.1117248535156
2018-10-30,333.5418701171875
2018-10-31,342.5147705078125
2018-11-01,341.260498046875
2018-11-02,341.9841003417969
2018-11-05,337.3529357910156
2018-11-06,340.6815795898437
2018-11-07,343.3830871582031
2018-11-09,344.2997131347656
2018-11-12,339.9579467773437
2018-11-13,348.20721435546875
2018-11-14,353.7067565917969
2018-11-15,356.9872436523437
2018-11-16,354.62335205078125
2018-11-19,349.6545104980469
2018-11-20,345.3127746582031
2018-11-21,344.2032165527344
2018-11-22,339.66851806640625
2018-11-26,343.8173217773437
2018-11-27,342.1770324707031
2018-11-28,346.3741149902344
2018-11-29,349.4615478515625
2018-11-30,342.65948486328125
2018-12-03,342.9971923828125
2018-12-04,345.3610534667969
2018-12-05,339.0413818359375
2018-12-06,335.4232788085937
2018-12-07,339.8132629394531
2018-12-10,334.1689758300781
2018-12-11,330.74383544921875
2018-12-12,337.6423645019531
2018-12-13,337.25640869140625
2018-12-14,339.5237731933594
2018-12-17,345.84344482421875
2018-12-18,349.5097961425781
2018-12-19,353.6103210449219
2018-12-20,349.4132995605469
2018-12-21,341.742919921875
2018-12-24,340.3439025878906
2018-12-26,343.3348693847656
2018-12-27,343.14190673828125
2018-12-28,348.0625305175781
2018-12-31,347.483642578125
2019-01-01,350.95703125
2019-01-02,351.7771301269531
2019-01-03,350.474609375
2019-01-04,352.3560485839844
2019-01-07,354.7680969238281
2019-01-08,366.7802734375
2019-01-09,368.806396484375
2019-01-10,366.1531066894531
2019-01-11,365.2365112304688
2019-01-14,360.21942138671875
2019-01-15,359.6405029296875
2019-01-16,362.1007995605469
2019-01-17,361.4254455566406
2019-01-18,358.9168701171875
2019-01-21,358.62744140625
2019-01-22,356.07061767578125
2019-01-23,354.4786071777344
2019-01-24,351.9700927734375
2019-01-25,344.63739013671875
2019-01-28,331.4674377441406
2019-01-29,334.6513977050781
2019-01-30,353.0314025878906
2019-01-31,351.6324157714844
2019-02-01,342.1770324707031
2019-02-04,342.0805358886719
2019-02-05,340.24737548828125
2019-02-06,346.6635131835937
2019-02-07,346.036376953125
2019-02-08,342.6112670898437
2019-02-11,337.73883056640625
2019-02-12,332.1910400390625
2019-02-14,331.8533935546875
2019-02-15,330.1166687011719
2019-02-18,326.8362731933594
2019-02-19,331.1780090332031
2019-02-20,333.0594177246094
2019-02-21,338.9448547363281
2019-02-22,339.66851806640625
2019-02-25,343.0936584472656
2019-02-26,335.95391845703125
2019-02-27,333.3970642089844
2019-02-28,337.8352966308594
2019-03-01,341.7911071777344
2019-03-05,350.474609375
2019-03-06,358.8686828613281
2019-03-07,357.75909423828125
2019-03-08,357.5661315917969
2019-03-11,362.6314697265625
2019-03-12,374.5471496582031
2019-03-13,378.1170043945313
2019-03-14,374.2576599121094
2019-03-15,381.3973693847656
2019-03-18,384.0506896972656
2019-03-19,384.3883972167969
2019-03-20,379.0818481445313
2019-03-22,378.0205078125
2019-03-25,370.0123901367188
2019-03-26,380.2396545410156
2019-03-27,379.3712768554688
2019-03-28,386.4627685546875
2019-04-01,384.24365234375
2019-04-02,383.1823425292969
2019-04-03,378.30999755859375
2019-04-04,375.0777587890625
2019-04-05,376.8144226074219
2019-04-08,373.4858093261719
2019-04-09,383.1823425292969
2019-04-10,380.3361206054688
2019-04-11,376.3320007324219
2019-04-12,380.7220458984375
2019-04-15,378.9371032714844
2019-04-16,392.6859436035156
2019-04-18,390.1773681640625
2019-04-22,380.6255798339844
2019-04-23,382.5552062988281
2019-04-24,386.9934692382813
2019-04-25,381.493896484375
2019-04-26,392.87890625
2019-04-30,393.1683654785156
2019-05-02,381.6386413574219
2019-05-03,387.6688232421875
2019-05-06,387.1863708496094
2019-05-07,372.9068908691406
2019-05-08,368.7581481933594
2019-05-09,367.98626708984375
2019-05-10,371.55615234375
2019-05-13,363.0656127929688
2019-05-14,367.0214538574219
2019-05-15,363.7892761230469
2019-05-16,369.0475769042969
2019-05-17,375.994384765625
2019-05-20,393.361328125
2019-05-21,386.0768432617188
2019-05-22,391.0939331054688
2019-05-23,396.4005432128906
2019-05-24,416.5654602050781
2019-05-27,420.1836242675781
2019-05-28,419.02581787109375
2019-05-29,408.4126586914063
2019-05-30,411.210693359375
2019-05-31,408.7986450195313
2019-06-03,408.0267028808594
2019-06-04,404.3603820800781
2019-06-06,397.075927734375
2019-06-07,401.9483337402344
2019-06-10,401.46588134765625
2019-06-11,406.5312805175781
2019-06-12,403.299072265625
2019-06-13,404.8427734375
2019-06-14,403.057861328125
2019-06-17,399.6327209472656
2019-06-18,407.3031311035156
2019-06-19,405.0357055664063
2019-06-20,418.1574401855469
2019-06-21,415.64886474609375
2019-06-24,414.3464050292969
2019-06-25,418.398681640625
2019-06-26,423.2227783203125
2019-06-27,425.4419250488281
2019-06-28,421.7273559570313
2019-07-01,423.56048583984375
2019-07-02,421.3896789550781
2019-07-03,420.6178283691406
2019-07-04,420.8589782714844
2019-07-05,421.0037231445313
2019-07-08,410.9212036132813
2019-07-09,413.4297790527344
2019-07-10,415.7453918457031
2019-07-11,411.54833984375
2019-07-12,412.03076171875
2019-07-15,407.4478454589844
2019-07-16,409.6669616699219
2019-07-17,409.763427734375
2019-07-18,403.9261779785156
2019-07-19,395.869873046875
2019-07-22,397.9976806640625
2019-07-23,398.4329223632813
2019-07-24,395.09613037109375
2019-07-25,395.5797424316406
2019-07-26,402.1082458496094
2019-07-29,415.2619934082031
2019-07-30,411.3932189941406
2019-07-31,410.6678161621094
2019-08-01,403.3655395507813
2019-08-02,397.1272277832031
2019-08-05,389.4380798339844
2019-08-06,396.7887268066406
2019-08-07,394.9993896484375
2019-08-08,400.8025207519531
2019-08-09,406.3638305664063
2019-08-13,396.7887268066406
2019-08-14,403.60736083984375
2019-08-16,405.2032470703125
2019-08-19,409.5072021484375
2019-08-20,403.2204895019531
2019-08-21,398.5296325683594
2019-08-22,386.0046081542969
2019-08-23,382.4259643554688
2019-08-26,398.1427612304688
2019-08-27,404.86468505859375
2019-08-28,399.400146484375
2019-08-29,391.1306457519531
2019-08-30,396.2083740234375
2019-09-03,379.2826232910156
2019-09-04,384.45709228515625
2019-09-05,376.2359619140625
2019-09-06,378.50885009765625
2019-09-09,382.4743347167969
2019-09-11,381.6521911621094
2019-09-12,389.4864196777344
2019-09-13,399.8353271484375
2019-09-16,398.6263122558594
2019-09-17,387.503662109375
2019-09-18,386.2463684082031
2019-09-19,373.9147338867188
2019-09-20,403.80078125
2019-09-23,431.6558227539063
2019-09-24,426.4329833984375
2019-09-25,419.9528503417969
2019-09-26,437.1204528808594
2019-09-27,434.4606628417969
2019-09-30,419.4692993164063
2019-10-01,410.6678161621094
2019-10-03,413.27923583984375
2019-10-04,400.3189392089844
2019-10-07,402.44671630859375
2019-10-09,422.3708190917969
2019-10-10,409.7973937988281
2019-10-11,414.4881896972656
2019-10-14,414.7784118652344
2019-10-15,417.679931640625
2019-10-16,421.0167541503906
2019-10-17,426.1428527832031
2019-10-18,423.4346923828125
2019-10-22,436.3466491699219
2019-10-23,440.16705322265625
2019-10-24,439.82855224609375
2019-10-25,453.7077026367188
2019-10-27,454.1429138183594
2019-10-29,461.7353515625
2019-10-30,455.6904296875
2019-10-31,447.8562316894531
2019-11-01,447.0824279785156
2019-11-04,455.0617370605469
2019-11-05,452.9823303222656
2019-11-06,464.9270629882813
2019-11-07,462.84759521484375
2019-11-08,473.3899536132813
2019-11-11,480.4987487792969
2019-11-13,469.8113403320313
2019-11-14,482.2880859375
2019-11-15,483.4486999511719
2019-11-18,481.9979553222656
2019-11-19,477.30706787109375
2019-11-20,478.7578430175781
2019-11-21,481.9012145996094
2019-11-22,480.4987487792969
2019-11-25,481.4659729003906
2019-11-26,493.9426879882813
2019-11-27,488.9133605957031
2019-11-28,502.1154479980469
2019-11-29,495.7803649902344
2019-12-02,494.1361389160156
2019-12-03,492.6369934082031
2019-12-04,511.8840026855469
2019-12-05,510.7716979980469
2019-12-06,507.5799865722656
2019-12-09,509.2242736816406
2019-12-10,511.3520812988281
2019-12-11,516.0429077148438
2019-12-12,517.7838134765625
2019-12-13,519.4280395507812
2019-12-16,521.5558471679688
2019-12-17,523.3935546875
2019-12-18,523.6353149414062
2019-12-19,522.4747314453125
2019-12-20,528.1810913085938
2019-12-23,523.5386962890625
2019-12-24,523.34521484375
2019-12-26,521.072265625
2019-12-27,531.3729248046875
2019-12-30,526.1016235351562
2019-12-31,521.2174682617188
2020-01-01,519.137939453125
2020-01-02,522.861572265625
2020-01-03,521.1690063476562
2020-01-06,508.4505004882813
2020-01-07,505.742431640625
2020-01-08,508.6922912597656
2020-01-09,528.3745727539062
2020-01-10,522.5230712890625
2020-01-13,520.92724609375
2020-01-14,519.9599609375
2020-01-15,518.025634765625
2020-01-16,519.5248413085938
2020-01-17,514.5921020507812
2020-01-20,517.30029296875
2020-01-21,513.6249389648438
2020-01-22,505.6940002441406
2020-01-23,510.3849487304688
2020-01-24,516.3330078125
2020-01-27,519.6215209960938
2020-01-28,510.8684997558594
2020-01-29,509.3209838867188
2020-01-30,514.7371826171875
2020-01-31,508.4021911621094
2020-02-03,498.6335754394531
2020-02-04,513.3831176757812
2020-02-05,521.4108276367188
2020-02-06,523.828857421875
2020-02-07,518.8477783203125
2020-02-10,516.4298706054688
2020-02-11,522.0394287109375
2020-02-12,531.2760620117188
2020-02-13,523.2484741210938
2020-02-14,527.8909912109375
2020-02-17,523.828857421875
2020-02-18,523.44189453125
2020-02-19,526.923828125
2020-02-20,529.0515747070312
2020-02-24,512.46435546875
2020-02-25,513.5282592773438
2020-02-26,506.51611328125
2020-02-27,498.4400634765625
2020-02-28,480.93402099609375
2020-03-02,489.4936218261719
2020-03-03,497.8597717285156
2020-03-04,491.6697692871094
2020-03-05,487.9461059570313
2020-03-06,470.3916931152344
2020-03-09,442.7301330566406
2020-03-11,450.3708801269531
2020-03-12,411.6834106445313
2020-03-13,432.52630615234375
2020-03-16,389.6798706054688
2020-03-17,355.1996459960937
2020-03-18,343.39996337890625
2020-03-19,327.4413452148437
2020-03-20,334.35675048828125
2020-03-23,274.6812744140625
2020-03-24,286.7711181640625
2020-03-25,306.5017395019531
2020-03-26,319.4136962890625
2020-03-27,328.6986694335937
2020-03-30,303.1165771484375
2020-03-31,313.1269836425781
2020-04-01,300.9404602050781
2020-04-03,277.2442932128906
2020-04-07,315.3998718261719
2020-04-08,308.4844665527344
2020-04-09,331.4552001953125
2020-04-13,319.800537109375
2020-04-15,316.60888671875
2020-04-16,330.7781677246094
2020-04-17,363.227294921875
2020-04-20,349.44488525390625
2020-04-21,320.961181640625
2020-04-22,324.9266662597656
2020-04-23,341.3688659667969
2020-04-24,323.8627319335937
2020-04-27,336.48455810546875
2020-04-28,348.04248046875
2020-04-29,358.29461669921875
2020-04-30,367.6763916015625
2020-05-04,326.9577331542969
2020-05-05,319.9940185546875
2020-05-06,330.1978454589844
2020-05-07,325.70037841796875
2020-05-08,326.6192932128906
2020-05-11,309.64508056640625
2020-05-12,310.6606750488281
2020-05-13,326.9577331542969
2020-05-14,316.6571960449219
2020-05-15,312.1114501953125
2020-05-18,288.7054748535156
2020-05-19,290.4464111328125
2020-05-20,295.6208801269531
2020-05-21,294.411865234375
2020-05-22,281.4999084472656
2020-05-26,283.0958557128906
2020-05-27,308.3877868652344
2020-05-28,316.1252746582031
2020-05-29,321.05792236328125
2020-06-01,328.11834716796875
2020-06-02,336.9681701660156
2020-06-03,345.1408996582031
2020-06-04,336.43621826171875
2020-06-05,345.4794006347656
2020-06-08,347.9940490722656
2020-06-09,337.1132507324219
2020-06-10,341.4172058105469
2020-06-11,330.0527648925781
2020-06-12,332.9059753417969
2020-06-15,320.2358093261719
2020-06-16,331.6969909667969
2020-06-17,330.7297668457031
2020-06-18,340.45001220703125
2020-06-19,351.86285400390625
2020-06-22,355.48980712890625
2020-06-23,363.8075866699219
2020-06-24,336.6780090332031
2020-06-25,339.4828186035156
2020-06-26,337.64520263671875
2020-06-29,331.8420715332031
2020-06-30,339.9180603027344
2020-07-01,352.1046447753906
2020-07-02,350.9440002441406
2020-07-03,349.1547241210937
2020-07-06,349.976806640625
2020-07-07,363.71087646484375
2020-07-08,356.8438720703125
2020-07-09,358.19793701171875
2020-07-10,348.52606201171875
2020-07-13,341.9975280761719
2020-07-14,334.211669921875
2020-07-15,334.4534606933594
2020-07-16,333.3412170410156
2020-07-17,342.19091796875
2020-07-20,351.0890808105469
2020-07-21,366.3706665039063
2020-07-22,368.59521484375
2020-07-23,379.37933349609375
2020-07-24,369.2721862792969
2020-07-27,346.7367858886719
2020-07-28,340.5467529296875
2020-07-29,339.5311889648437
2020-07-30,333.6313781738281
2020-07-31,335.4206237792969
2020-08-03,331.9871520996094
2020-08-04,339.4828186035156
2020-08-05,340.6434631347656
2020-08-06,346.97857666015625
2020-08-07,346.20477294921875
2020-08-10,351.6210632324219
2020-08-11,355.2963562011719
2020-08-12,354.8127746582031
2020-08-13,355.9733581542969
2020-08-14,349.5415954589844
2020-08-17,348.3809814453125
2020-08-18,357.4241638183594
2020-08-19,362.1633911132813
2020-08-20,355.6831970214844
2020-08-21,358.9716491699219
2020-08-24,367.8697509765625
2020-08-25,373.6728820800781
2020-08-26,376.5744934082031
2020-08-27,379.3309631347656
2020-08-28,396.2567443847656
2020-08-31,381.6521911621094
2020-09-01,378.1219787597656
2020-09-02,379.5244140625
2020-09-03,370.1910400390625
2020-09-04,360.3257446289063
2020-09-07,361.1478576660156
2020-09-08,363.3723754882813
2020-09-09,355.53814697265625
2020-09-10,358.53643798828125
2020-09-11,358.343017578125
2020-09-14,351.7660827636719
2020-09-15,359.3585205078125
2020-09-16,362.4051818847656
2020-09-17,356.8922119140625
2020-09-18,357.4241638183594
2020-09-21,339.19268798828125
2020-09-22,342.7712707519531
2020-09-23,340.304931640625
2020-09-24,324.68487548828125
2020-09-25,337.2099304199219
2020-09-28,351.0890808105469
2020-09-29,345.33428955078125
2020-09-30,343.1097717285156
2020-10-01,357.0856628417969
2020-10-05,360.857666015625
2020-10-06,368.1116027832031
2020-10-07,370.0942993164063
2020-10-08,374.7851867675781
2020-10-09,388.3258056640625
2020-10-12,390.7921142578125
2020-10-13,383.248046875
2020-10-14,393.451904296875
2020-10-15,378.1703186035156
2020-10-16,383.1029968261719
2020-10-19,403.4139709472656
2020-10-20,400.9959716796875
2020-10-21,406.5089416503906
2020-10-22,399.3517761230469
2020-10-23,403.2688903808594
2020-10-26,391.1790161132813
2020-10-27,396.49853515625
2020-10-28,383.0545959472656
2020-10-29,386.77825927734375
2020-10-30,379.7178649902344
2020-11-02,403.75244140625
2020-11-03,429.2862243652344
2020-11-04,422.7093200683594
2020-11-05,424.1117248535156
2020-11-06,428.2706298828125
2020-11-09,447.5177001953125
2020-11-10,467.9737548828125
2020-11-11,470.5851135253906
2020-11-12,461.058349609375
2020-11-13,469.6178894042969
2020-11-14,470.9236145019531
2020-11-17,470.4400024414063
2020-11-18,481.3208923339844
2020-11-19,463.0410461425781
2020-11-20,464.4434814453125
2020-11-23,452.8855590820313
2020-11-24,462.5091247558594
2020-11-25,457.1895751953125
2020-11-26,459.7042541503906
2020-11-27,457.8182373046875
2020-12-01,469.18267822265625
2020-12-02,464.6852722167969
2020-12-03,466.039306640625
2020-12-04,485.5765075683594
2020-12-07,493.7008666992188
2020-12-08,491.7181396484375
2020-12-09,494.7164611816406
2020-12-10,490.3157348632813
2020-12-11,498.5368347167969
2020-12-14,508.5471801757813
2020-12-15,501.0515441894531
2020-12-16,495.6352844238281
2020-12-17,493.6525573730469
2020-12-18,500.1810607910156
2020-12-21,478.2742614746094
2020-12-22,483.8839416503906
2020-12-23,487.07568359375
2020-12-24,496.6991271972656
2020-12-28,503.0342102050781
2020-12-29,511.4488525390625
2020-12-30,511.4003601074219
2020-12-31,517.49365234375
2021-01-01,510.19140625
2021-01-04,514.2536010742188
2021-01-05,519.6215209960938
2021-01-06,528.761474609375
2021-01-07,523.34521484375
2021-01-08,524.2640380859375
2021-01-11,526.8270874023438
2021-01-12,530.0188598632812
2021-01-13,538.2398681640625
2021-01-14,535.1448974609375
2021-01-15,525.1829223632812
2021-01-18,515.6560668945312
2021-01-19,528.5197143554688
2021-01-20,532.9202880859375
2021-01-21,534.5645141601562
2021-01-22,516.2847290039062
2021-01-25,520.3952026367188
2021-01-27,505.21038818359375
2021-01-28,510.9168090820313
2021-01-29,519.3796997070312
2021-02-01,583.98779296875
2021-02-02,597.0932006835938
2021-02-03,601.9291381835938
2021-02-04,607.6838989257812
2021-02-05,593.998291015625
2021-02-08,608.9412841796875
2021-02-09,612.5682373046875
2021-02-10,611.4076538085938
2021-02-11,609.9569091796875
2021-02-12,626.3505859375
2021-02-15,651.8361206054688
2021-02-16,636.7479248046875
2021-02-17,635.7807006835938
2021-02-18,623.4974975585938
2021-02-19,603.5733642578125
2021-02-22,589.8392944335938
2021-02-23,596.0776977539062
2021-02-24,620.0639038085938
2021-02-25,607.3937377929688
2021-02-26,578.1363525390625
2021-03-01,588.3885498046875
2021-03-02,590.4679565429688
2021-03-03,611.3593139648438
2021-03-04,600.3816528320312
2021-03-05,589.4525146484375
2021-03-08,588.0983276367188
2021-03-09,604.5889282226562
2021-03-10,605.0725708007812
2021-03-12,592.7409057617188
2021-03-15,583.6976928710938
2021-03-16,575.4282836914062
2021-03-17,570.1570434570312
2021-03-18,559.6146850585938
2021-03-19,567.4005737304688
2021-03-22,554.6337280273438
2021-03-23,567.1588134765625
2021-03-24,548.87890625
2021-03-25,552.7960205078125
2021-03-26,559.5663452148438
2021-03-30,572.0430908203125
2021-03-31,562.9998168945312
2021-04-01,574.8963623046875
2021-04-05,552.505859375
2021-04-06,547.3314819335938
2021-04-07,558.6959228515625
2021-04-08,557.7770385742188
2021-04-09,547.6216430664062
2021-04-12,520.8788452148438
2021-04-13,542.205322265625
2021-04-15,556.3262329101562
2021-04-16,548.3469848632812
2021-04-19,541.3832397460938
2021-04-20,540.7545166015625
2021-04-22,560.195068359375
2021-04-23,551.2485961914062
2021-04-26,571.7045288085938
2021-04-27,579.103515625
2021-04-28,600.9619140625
2021-04-29,601.0587158203125
2021-04-30,580.796142578125
2021-05-03,577.1691284179688
2021-05-04,572.1398315429688
2021-05-05,583.0206298828125
2021-05-06,588.2434692382812
2021-05-07,587.1795654296875
2021-05-10,593.1277465820312
2021-05-11,589.8392944335938
2021-05-12,575.2348022460938
2021-05-14,577.7011108398438
2021-05-17,603.1380615234375
2021-05-18,612.4231567382812
2021-05-19,604.9275512695312
2021-05-20,598.30224609375
2021-05-21,621.3696899414062
2021-05-24,626.1088256835938
2021-05-25,628.9620361328125
2021-05-26,631.0899047851562
2021-05-27,630.8480834960938
2021-05-28,621.949951171875
2021-05-31,641.0036010742188
2021-06-01,628.7686157226562
2021-06-02,627.0759887695312
2021-06-03,628.9137573242188
2021-06-04,621.6115112304688
2021-06-07,626.9309692382812
2021-06-08,621.3213500976562
2021-06-09,615.2279052734375
2021-06-10,619.3870239257812
2021-06-11,614.8411865234375
2021-06-14,614.3092041015625
2021-06-15,624.1260986328125
2021-06-16,619.0966796875
2021-06-17,612.229736328125
2021-06-18,609.715087890625
2021-06-21,610.537109375
2021-06-22,610.1502685546875
2021-06-23,604.2021484375
2021-06-24,613.2453002929688
2021-06-25,627.7047119140625
2021-06-28,628.9620361328125
2021-06-29,619.0966796875
2021-06-30,610.19873046875
2021-07-01,610.1502685546875
2021-07-02,619.2418823242188
2021-07-05,626.5924072265625
2021-07-06,628.9620361328125
2021-07-07,632.5406494140625
2021-07-08,620.8377685546875
2021-07-09,617.5975952148438
2021-07-12,625.0449829101562
2021-07-13,643.1312866210938
2021-07-14,642.551025390625
2021-07-15,645.54931640625
2021-07-16,638.6339721679688
2021-07-19,634.3782958984375
2021-07-20,620.8377685546875
2021-07-22,634.4266967773438
2021-07-23,654.447509765625
2021-07-26,654.544189453125
2021-07-27,655.22119140625
2021-07-28,662.57177734375
2021-07-29,666.888427734375
2021-07-30,662.038330078125
2021-08-02,660.9713134765625
2021-08-03,669.7015380859375
2021-08-04,693.2244873046875
2021-08-05,681.3902587890625
2021-08-06,676.7341918945312
2021-08-09,681.7781982421875
2021-08-10,679.8866577148438
2021-08-11,672.7570190429688
2021-08-12,680.3231811523438
2021-08-13,683.6697387695312
2021-08-16,681.5842895507812
2021-08-17,680.1776733398438
2021-08-18,667.6643676757812
2021-08-20,660.2922973632812
2021-08-23,662.2323608398438
2021-08-24,673.630126953125
2021-08-25,670.33203125
2021-08-26,677.8496704101562
2021-08-27,678.771240234375
2021-08-30,692.2545166015625
2021-08-31,697.4924926757812
2021-09-01,698.3170776367188
2021-09-02,703.4096069335938
2021-09-03,702.5851440429688
2021-09-06,699.5296020507812
2021-09-07,695.4070434570312
2021-09-08,699.3355712890625
2021-09-09,698.6566162109375
2021-09-13,686.19189453125
2021-09-14,686.2402954101562
2021-09-15,692.9334106445312
2021-09-16,705.398193359375
2021-09-17,698.5595703125
2021-09-20,688.7138671875
2021-09-21,690.5083618164062
2021-09-22,682.26318359375
2021-09-23,695.5039672851562
2021-09-24,701.275634765625
2021-09-27,708.1143188476562
2021-09-28,695.6495361328125
2021-09-29,688.2288818359375
2021-09-30,679.8381958007812
2021-10-01,671.593017578125
2021-10-04,679.2077026367188
2021-10-05,676.2005615234375
2021-10-06,668.8284912109375
2021-10-07,681.147705078125
2021-10-08,682.311767578125
2021-10-11,691.9149169921875
2021-10-12,687.3557739257812
2021-10-13,688.6654052734375
2021-10-14,705.4952392578125
2021-10-18,723.10107421875
2021-10-19,725.0410766601562
2021-10-20,723.489013671875
2021-10-21,732.8497924804688
2021-10-22,736.5357666015625
2021-10-25,816.4654541015625
2021-10-26,804.5341796875
2021-10-27,809.9663696289062
2021-10-28,774.7545166015625
2021-10-29,778.004150390625
2021-11-01,779.7987060546875
2021-11-02,776.9371337890625
2021-11-03,762.3869018554688
2021-11-04,758.6522827148438
2021-11-08,756.7608032226562
2021-11-09,762.9688110351562
2021-11-10,757.48828125
2021-11-11,748.3215942382812
2021-11-12,753.3170776367188
2021-11-15,750.1161499023438
2021-11-16,741.1434326171875
2021-11-17,738.475830078125
2021-11-18,740.0279541015625
2021-11-22,729.4547119140625
2021-11-23,729.3091430664062
2021-11-24,737.4088745117188
2021-11-25,728.5331420898438
2021-11-26,700.548095703125
2021-11-29,696.862060546875
2021-11-30,692.9334106445312
2021-12-01,705.8832397460938
2021-12-02,700.7421264648438
2021-12-03,694.824951171875
2021-12-06,688.27734375
2021-12-07,712.6249389648438
2021-12-08,730.812744140625
2021-12-09,732.36474609375
2021-12-10,735.2748413085938
2021-12-13,731.3946533203125
2021-12-14,735.9053344726562
2021-12-15,729.6972045898438
2021-12-16,718.929931640625
2021-12-17,706.4651489257812
2021-12-20,688.6654052734375
2021-12-21,698.7534790039062
2021-12-22,710.830322265625
2021-12-23,709.3753051757812
2021-12-24,705.3012084960938
2021-12-27,713.9343872070312
2021-12-28,713.7403564453125
2021-12-29,713.6433715820312
2021-12-30,713.6433715820312
2021-12-31,717.9600219726562
2022-01-03,741.77392578125
2022-01-04,749.6795654296875
2022-01-05,764.4239501953125
2022-01-06,761.5137939453125
2022-01-07,769.468017578125
2022-01-10,786.4432983398438
2022-01-11,786.3463134765625
2022-01-12,799.0535888671875
2022-01-13,799.97509765625
2022-01-14,795.416015625
2022-01-17,794.7369995117188
2022-01-18,798.4230346679688
2022-01-19,784.3577880859375
2022-01-20,785.958251953125
2022-01-21,780.3807373046875
2022-01-24,774.5121459960938
2022-01-25,777.6162109375
2022-01-27,770.8260498046875
2022-01-28,757.7308349609375
2022-01-31,765.1514282226562
2022-02-01,786.0068359375
2022-02-02,789.3533935546875
2022-02-03,784.697265625
2022-02-04,780.9142456054688
2022-02-07,762.8234252929688
2022-02-08,768.7405395507812
2022-02-09,778.731689453125
2022-02-10,781.3507080078125
2022-02-11,767.0913696289062
2022-02-14,731.103759765625
2022-02-15,752.7836303710938
2022-02-16,741.1434326171875
2022-02-17,727.8541259765625
2022-02-18,726.4476928710938
2022-02-21,731.8312377929688
2022-02-22,728.7756958007812
2022-02-23,722.2765502929688
2022-02-24,686.19189453125
2022-02-25,708.1627197265625
2022-02-28,720.4334716796875
2022-03-02,693.41845703125
2022-03-03,677.3646240234375
2022-03-04,667.421875
2022-03-07,634.1502685546875
2022-03-08,645.0629272460938
2022-03-09,647.4395751953125
2022-03-10,656.315185546875
2022-03-11,657.5762939453125
2022-03-14,675.279052734375
2022-03-15,676.443115234375
2022-03-16,686.7738037109375
2022-03-17,698.510986328125
2022-03-21,689.4414672851562
2022-03-22,696.6680297851562
2022-03-23,696.7650146484375
2022-03-24,683.0878295898438
2022-03-25,678.2861938476562
2022-03-28,689.0533447265625
2022-03-29,693.85498046875
2022-03-30,708.9873046875
2022-03-31,708.4052734375
2022-04-01,714.1769409179688
2022-04-04,724.216552734375
2022-04-05,719.5604248046875
2022-04-06,719.366455078125
2022-04-07,726.1080932617188
2022-04-08,731.6856689453125
2022-04-11,736.8268432617188
2022-04-12,740.949462890625
2022-04-13,739.3973999023438
2022-04-18,735.080810546875
2022-04-19,743.325927734375
2022-04-20,732.898193359375
2022-04-21,739.494384765625
2022-04-22,725.235107421875
2022-04-25,729.648681640625
2022-04-26,731.1521606445312
2022-04-27,714.6133422851562
2022-04-28,724.7501220703125
2022-04-29,721.0155639648438
2022-05-02,718.7844848632812
2022-05-04,702.5366821289062
2022-05-05,706.9501953125
2022-05-06,697.6865844726562
2022-05-09,689.0533447265625
2022-05-10,689.974853515625
2022-05-11,692.7880249023438
2022-05-12,674.9395751953125
2022-05-13,657.0426635742188
2022-05-16,662.5233154296875
2022-05-17,688.7138671875
2022-05-18,686.143310546875
2022-05-19,669.6044921875
2022-05-20,688.27734375
2022-05-23,689.732421875
2022-05-24,686.9193115234375
2022-05-25,691.9634399414062
2022-05-26,706.6591796875
2022-05-27,717.6204223632812
2022-05-30,726.0596313476562
2022-05-31,730.2791748046875
2022-06-01,730.085205078125
2022-06-02,727.2721557617188
2022-06-03,721.9854736328125
2022-06-06,724.362060546875
2022-06-07,713.2068481445312
2022-06-08,707.6292724609375
2022-06-09,710.7817993164062
2022-06-10,698.4140625
2022-06-13,667.3734741210938
2022-06-14,664.9484252929688
2022-06-15,666.6459350585938
2022-06-16,658.1582641601562
2022-06-17,666.2579345703125
2022-06-20,665.3849487304688
2022-06-21,675.2305908203125
2022-06-22,666.0154418945312
2022-06-23,678.1891479492188
2022-06-24,692.0604248046875
2022-06-27,695.8435668945312
2022-06-28,689.0048828125
2022-06-29,681.6812133789062
2022-06-30,685.997802734375
2022-07-01,682.7968139648438
2022-07-04,698.510986328125
2022-07-05,697.8805541992188
2022-07-06,704.1857299804688
2022-07-07,719.7545166015625
2022-07-08,733.0438232421875
2022-07-11,746.4300537109375
2022-07-12,737.1178588867188
2022-07-13,730.6187133789062
2022-07-14,729.8426513671875
2022-07-15,728.6787109375
2022-07-18,748.8551025390625
2022-07-19,757.2457885742188
2022-07-20,759.6222534179688
2022-07-21,762.4353637695312
2022-07-22,776.0641479492188
2022-07-25,776.888671875
2022-07-26,772.426513671875
2022-07-27,776.5006103515625
2022-07-28,790.1779174804688
2022-07-29,794.0579223632812
2022-08-01,798.7140502929688
2022-08-02,793.2334594726562
2022-08-03,800.0721435546875
2022-08-04,795.6585083007812
2022-08-05,813.0703735351562
2022-08-08,816.7297973632812
2022-08-10,828.2447509765625
2022-08-11,838.93017578125
2022-08-12,853.2750244140625
2022-08-16,858.0078735351562
2022-08-17,861.9111938476562
2022-08-18,863.7164916992188
2022-08-19,849.3717041015625
2022-08-22,831.6600952148438
2022-08-23,843.0287475585938
2022-08-24,852.2015991210938
2022-08-25,851.2745361328125
2022-08-26,849.8107299804688
2022-08-29,835.1731567382812
2022-08-30,865.8633422851562
2022-09-01,853.2261352539062
2022-09-02,851.3233642578125
2022-09-05,861.1305541992188
2022-09-06,862.301513671875
2022-09-07,855.0315551757812
2022-09-08,877.0855102539062
2022-09-09,879.476318359375
2022-09-12,885.2825927734375
2022-09-13,888.0149536132812
2022-09-14,895.9192504882812
2022-09-15,895.4312744140625
2022-09-16,887.1366577148438
2022-09-19,877.475830078125
2022-09-20,894.6018676757812
2022-09-21,893.1380615234375
2022-09-22,881.574462890625
2022-09-23,860.9353637695312
2022-09-26,840.2474975585938
2022-09-27,831.952880859375
2022-09-28,828.9765625
2022-09-29,823.5118408203125
2022-09-30,841.174560546875
2022-10-03,827.8543701171875
2022-10-04,846.6880493164062
2022-10-06,864.05810546875
2022-10-07,861.2280883789062
2022-10-10,860.4474487304688
2022-10-11,849.5667724609375
2022-10-12,847.3711547851562
2022-10-13,832.9774780273438
2022-10-14,849.225341796875
2022-10-17,863.8140869140625
2022-10-18,875.2315063476562
2022-10-19,870.54736328125
2022-10-20,867.1807861328125
2022-10-21,885.2338256835938
2022-10-24,903.9210815429688
2022-10-25,902.7013549804688
2022-10-27,902.0670776367188
2022-10-28,885.9168090820312
2022-10-31,886.746337890625
2022-11-01,886.6487426757812
2022-11-02,882.843017578125
2022-11-03,886.6975708007812
2022-11-04,883.4284057617188
2022-11-07,895.333740234375
2022-11-09,888.5028686523438
2022-11-10,888.697998046875
2022-11-11,884.6482543945312
2022-11-14,873.3285522460938
2022-11-15,889.673828125
2022-11-16,891.5279541015625
2022-11-17,897.5781860351562
2022-11-18,898.1148681640625
2022-11-21,899.1395263671875
2022-11-22,901.3839721679688
2022-11-23,905.0433959960938
2022-11-24,916.16796875
2022-11-25,907.824462890625
2022-11-28,914.7529907226562
2022-11-29,923.8770751953124
2022-11-30,929.8785400390624
2022-12-01,917.4853515625
2022-12-02,908.1171875
2022-12-05,911.0447387695312
2022-12-06,900.359375
2022-12-07,899.8714599609375
2022-12-08,909.3858642578124
2022-12-09,907.4341430664062
2022-12-12,907.824462890625
2022-12-13,910.4105224609376
2022-12-14,899.4810791015625
2022-12-15,886.8439331054688
2022-12-16,880.208251953125
2022-12-19,884.5507202148438
2022-12-20,887.7222290039062
2022-12-21,870.6937866210938
2022-12-22,869.1324462890625
2022-12-23,857.6663208007812
2022-12-26,871.620849609375
2022-12-27,878.8908081054688
2022-12-28,877.2318725585938
2022-12-29,886.112060546875
2022-12-30,869.3275146484375
2023-01-02,880.6473999023438
2023-01-03,879.5739135742188
2023-01-04,877.3782958984375
2023-01-05,857.9102783203125
2023-01-06,849.078857421875
2023-01-09,852.2503662109375
2023-01-10,840.540283203125
2023-01-11,845.3706665039062
2023-01-12,839.8572387695312
2023-01-13,852.3479614257812
2023-01-16,844.3461303710938
2023-01-17,844.24853515625
2023-01-18,848.493408203125
2023-01-19,845.224365234375
2023-01-20,849.3228149414062
2023-01-23,850.6402587890625
2023-01-24,849.7131958007812
2023-01-25,834.6364135742188
2023-01-27,797.4569091796875
2023-01-30,803.604736328125
2023-01-31,811.8017578125
2023-02-01,827.4640502929688
2023-02-02,837.1736450195312
2023-02-03,842.9310302734375
2023-02-06,833.0751342773438
2023-02-07,832.1480712890625
2023-02-08,838.3446044921875
2023-02-09,840.0035400390625
2023-02-10,833.221435546875
2023-02-13,830.0987548828125
2023-02-14,844.3948974609375
2023-02-15,849.761962890625
2023-02-16,848.4446411132812
2023-02-17,841.8088989257812
2023-02-20,831.5137329101562
2023-02-21,833.5631103515625
2023-02-22,818.9741821289062
2023-02-23,819.462158203125
2023-02-24,819.413330078125
2023-02-27,835.7098999023438
2023-02-28,834.1973266601562
2023-03-01,835.6123046875
2023-03-02,833.3678588867188
2023-03-03,847.5663452148438
2023-03-06,846.7857055664062
2023-03-08,851.030517578125
2023-03-09,835.270751953125
2023-03-10,822.2921142578125
2023-03-13,808.3864135742188
2023-03-14,810.2891845703125
2023-03-15,805.94677734375
2023-03-16,803.9951171875
2023-03-17,816.0466918945312
2023-03-20,816.2418823242188
2023-03-21,831.8065185546875
2023-03-22,839.4180908203125
2023-03-23,834.7828369140625
2023-03-24,831.8065185546875
2023-03-27,828.1959228515625
2023-03-28,834.0997314453125
2023-03-29,830.4403686523438
2023-03-31,856.05615234375
2023-04-03,862.4479370117188
2023-04-05,863.2285766601562
2023-04-06,853.8605346679688
2023-04-10,847.46875
2023-04-11,860.5938110351562
2023-04-12,868.64453125
2023-04-13,877.2806396484375
2023-04-17,879.5250854492188
2023-04-18,875.1826171875
2023-04-19,870.352294921875
2023-04-20,872.7918701171875
2023-04-21,864.2532348632812
2023-04-24,882.8917846679688
2023-04-25,891.381591796875
2023-04-26,892.8453979492188
2023-04-27,896.1632080078125
2023-04-28,895.4801635742188
2023-05-02,899.8225708007812
2023-05-03,900.5545043945312
2023-05-04,899.4323120117188
2023-05-05,904.555419921875
2023-05-08,915.2409057617188
2023-05-09,911.8255004882812
2023-05-10,913.435546875
2023-05-11,916.5094604492188
2023-05-12,921.095947265625
2023-05-15,922.9012451171876
2023-05-16,923.4867553710938
2023-05-17,916.6558837890624
2023-05-18,923.6331176757812
2023-05-19,931.24462890625
2023-05-22,927.3900756835938
2023-05-23,930.366455078125
2023-05-24,917.9244995117188
2023-05-25,917.1437377929688
2023-05-26,927.731689453125
2023-05-29,925.2433471679688
2023-05-30,926.9998168945312
2023-05-31,926.2191162109376
2023-06-01,913.484375
2023-06-02,915.48486328125
2023-06-05,923.8770751953124
2023-06-06,919.33935546875
2023-06-07,917.4853515625
2023-06-08,915.2409057617188
2023-06-09,915.3872680664062
2023-06-12,913.3380737304688
2023-06-13,920.75439453125
2023-06-14,917.0950317382812
2023-06-15,904.2138671875
2023-06-16,911.6303100585938
2023-06-19,900.8472900390624
2023-06-20,903.1892700195312
2023-06-21,902.3597412109376
2023-06-22,903.3844604492188
2023-06-23,901.1887817382812
2023-06-26,905.0433959960938
2023-06-27,913.484375
2023-06-28,914.8017578125
2023-06-30,912.0206298828124
2023-07-03,919.7785034179688
2023-07-04,921.8765869140624
2023-07-05,934.8552856445312
2023-07-06,936.2214965820312
2023-07-07,923.5355224609376
2023-07-10,925.4872436523438
2023-07-11,922.12060546875
2023-07-12,921.5838623046876
2023-07-13,932.61083984375
2023-07-14,936.8557739257812
2023-07-17,945.2968139648438
2023-07-18,951.8837280273438
2023-07-19,949.9320678710938
2023-07-20,971.5469360351562
2023-07-21,972.9130859375
2023-07-24,968.0338134765624
2023-07-25,970.6686401367188
2023-07-26,972.3764038085938
2023-07-27,966.3261108398438
2023-07-28,972.1324462890624
2023-07-31,974.1817016601562
2023-08-01,970.522216796875
2023-08-02,963.1058959960938
2023-08-03,941.6861572265624
2023-08-04,947.0532836914062
2023-08-07,952.078857421875
2023-08-08,956.2261962890624
2023-08-09,957.0133056640624
2023-08-10,948.552001953125
2023-08-11,937.4833984375
2023-08-14,944.0753173828124
2023-08-16,941.0745849609376
2023-08-17,936.3027954101562
2023-08-18,935.3189086914062
2023-08-21,939.7955322265624
2023-08-22,936.6471557617188
2023-08-23,951.2576293945312
2023-08-24,953.3237915039062
2023-08-25,954.7504272460938
2023-08-28,954.89794921875
2023-08-29,952.1431274414062
2023-08-30,943.4359130859376
2023-08-31,943.2882690429688
2023-09-01,953.077880859375
2023-09-04,951.7495727539062
2023-09-05,952.7826538085938
2023-09-06,942.0584716796876
2023-09-07,950.0770263671876
2023-09-08,954.89794921875
2023-09-11,962.4737548828124
2023-09-12,974.5262451171876
2023-09-13,973.8374633789062
2023-09-14,971.7714233398438
2023-09-15,976.44482421875
2023-09-18,974.2310791015624
2023-09-20,971.2302856445312
2023-09-21,943.8294067382812
2023-09-22,934.9745483398438
2023-09-25,940.9269409179688
2023-09-26,933.400390625
2023-09-27,927.890625
2023-09-28,927.3987426757812
2023-09-29,936.5487670898438
2023-10-03,925.1358032226562
2023-10-04,915.0510864257812
2023-10-05,925.6768798828124
2023-10-06,929.9568481445312
2023-10-09,923.4632568359376
2023-10-10,935.8600463867188
2023-10-11,937.7293701171876
2023-10-12,938.86083984375
2023-10-13,935.9583740234376
2023-10-16,936.0568237304688
2023-10-17,938.5164794921876
2023-10-18,928.5302124023438
2023-10-19,920.6591796875
2023-10-20,917.7075805664062
2023-10-23,914.9527587890624
2023-10-25,901.3260498046876
2023-10-26,893.9962768554688
2023-10-27,898.0301513671875
2023-10-30,909.9841918945312
2023-10-31,900.588134765625
2023-11-01,899.30908203125
2023-11-02,905.114013671875
2023-11-03,918.7406616210938
2023-11-06,930.2027587890624
2023-11-07,932.8099975585938
2023-11-08,920.6591796875
2023-11-09,922.2333374023438
2023-11-10,923.4632568359376
2023-11-13,919.3801879882812
2023-11-15,925.9229125976562
2023-11-16,920.9051513671876
2023-11-17,906.9833374023438
2023-11-20,906.58984375
2023-11-21,911.164794921875
2023-11-22,907.8688354492188
2023-11-23,908.1148071289062
2023-11-24,914.41162109375
2023-11-28,910.5745239257812
2023-11-29,924.4470825195312
2023-11-30,919.8721313476562
2023-12-01,931.4326171875
2023-12-04,975.2149658203124
2023-12-05,997.106201171875
2023-12-06,987.0706176757812
2023-12-07,982.88916015625
2023-12-08,994.5480346679688
2023-12-11,1000.697265625
2023-12-12,999.31982421875
2023-12-13,997.5488891601562
2023-12-14,1016.9803466796876
2023-12-15,1020.669921875
2023-12-18,1004.9771118164062
2023-12-19,999.0739135742188
2023-12-20,990.4158325195312
2023-12-21,988.2020874023438
2023-12-22,978.2649536132812
2023-12-26,979.0520629882812
2023-12-27,986.0867919921876
2023-12-28,989.6779174804688
2023-12-29,980.52783203125
2024-01-01,983.28271484375
2024-01-02,966.4093017578124
2024-01-03,968.1802368164062
2024-01-04,971.2302856445312
2024-01-05,977.6746215820312
2024-01-08,966.163330078125
2024-01-09,963.9495849609376
2024-01-10,977.0350952148438
2024-01-11,975.165771484375
2024-01-12,987.3165893554688
2024-01-15,993.5641479492188
2024-01-16,992.777099609375
2024-01-17,965.9173583984376
2024-01-18,970.443115234375
2024-01-19,983.0859375
2024-01-23,1012.45458984375
2024-01-24,983.0859375
2024-01-25,993.66259765625
2024-01-29,1000.008544921875
2024-01-30,1000.5005493164062
2024-01-31,1011.569091796875
2024-02-01,1008.6174926757812
2024-02-02,1007.4859619140624
2024-02-05,1006.9940795898438
2024-02-06,1009.8472900390624
2024-02-07,1005.6658325195312
2024-02-08,973.3455810546876
2024-02-09,994.4005126953124
2024-02-12,980.035888671875
2024-02-13,1003.3536987304688
2024-02-14,1006.2069702148438
2024-02-15,1000.2545166015624
2024-02-16,1006.7481079101562
2024-02-19,1026.91748046875
2024-02-20,1031.8367919921875
2024-02-21,1034.985107421875
2024-02-22,1045.5618896484375
2024-02-23,1044.1845703125
2024-02-26,1037.1988525390625
2024-02-27,1043.1021728515625
2024-02-28,1029.327880859375
2024-02-29,1035.231201171875
2024-03-01,1069.37158203125
2024-03-04,1074.733642578125
2024-03-05,1070.503173828125
2024-03-06,1079.4071044921875
2024-03-07,1070.4046630859375
2024-03-11,1061.3037109375
2024-03-12,1059.483642578125
2024-03-13,1066.4691162109375
2024-03-14,1066.124755859375
2024-03-15,1062.92724609375
2024-03-18,1063.7635498046875
2024-03-19,1066.4691162109375
2024-03-20,1067.0103759765625
2024-03-21,1064.3538818359375
2024-03-22,1072.716796875
2024-03-26,1066.22314453125
2024-03-27,1066.2724609375
2024-03-28,1075.66845703125
2024-04-01,1081.916015625
2024-04-02,1063.7635498046875
2024-04-03,1059.827880859375
2024-04-04,1061.451416015625
2024-04-05,1065.9281005859375
2024-04-08,1069.6175537109375
2024-04-09,1089.1966552734375
2024-04-10,1091.5087890625
2024-04-12,1086.58935546875
2024-04-15,1060.95947265625
2024-04-16,1049.841796875
2024-04-18,1038.4288330078125
2024-04-19,1050.03857421875
2024-04-22,1069.125732421875
2024-04-23,1072.6676025390625
2024-04-24,1079.062744140625
2024-04-25,1095.78857421875
2024-04-26,1090.032958984375
2024-04-29,1141.4403076171875
2024-04-30,1131.8475341796875
2024-05-02,1121.0740966796875
2024-05-03,1123.63232421875
2024-05-06,1127.813720703125
2024-05-07,1113.6458740234375
2024-05-08,1104.8895263671875
2024-05-09,1097.7071533203125
2024-05-10,1099.035400390625
2024-05-13,1109.808837890625
2024-05-14,1102.47900390625
2024-05-15,1106.2176513671875
2024-05-16,1112.8096923828125
2024-05-17,1112.2684326171875
2024-05-21,1102.8724365234375
2024-05-22,1093.1812744140625
2024-05-23,1116.2039794921875
2024-05-24,1113.695068359375
2024-05-27,1111.579833984375
2024-05-28,1108.775634765625
2024-05-29,1084.2281494140625
2024-05-30,1095.7393798828125
2024-05-31,1102.970947265625
2024-06-03,1141.292724609375
2024-06-04,1054.170654296875
2024-06-05,1090.7708740234375
2024-06-06,1092.49267578125
2024-06-07,1103.6103515625
2024-06-10,1105.676513671875
2024-06-11,1100.1668701171875
2024-06-12,1101.4951171875
2024-06-13,1089.49169921875
2024-06-14,1087.8192138671875
2024-06-18,1104.7418212890625
2024-06-19,1125.993408203125
2024-06-20,1138.144287109375
2024-06-21,1139.9644775390625
2024-06-24,1151.229736328125
2024-06-25,1178.630615234375
2024-06-26,1198.357421875
2024-06-27,1200.2266845703125
2024-06-28,1180.254150390625
2024-07-01,1192.3065185546875
2024-07-02,1171.399169921875
2024-07-03,1182.2218017578125
2024-07-04,1213.115478515625
2024-07-05,1213.509033203125
2024-07-08,1215.1324462890625
2024-07-09,1228.1195068359375
2024-07-10,1223.15087890625
2024-07-11,1218.4775390625
2024-07-12,1213.01708984375
2024-07-15,1210.1146240234375
2024-07-16,1219.9041748046875
2024-07-18,1230.1365966796875
2024-07-19,1228.5130615234375
2024-07-22,1221.1341552734375
2024-07-23,1206.96630859375
2024-07-24,1203.2767333984375
2024-07-25,1178.58154296875
2024-07-26,1187.7314453125
2024-07-29,1193.142822265625
2024-07-30,1189.9451904296875
2024-07-31,1195.307373046875
2024-08-01,1190.584716796875
2024-08-02,1177.2532958984375
2024-08-05,1153.689453125
2024-08-06,1148.0322265625
2024-08-07,1153.5418701171875
2024-08-08,1145.8184814453125
2024-08-09,1152.70556640625
2024-08-12,1163.8199462890625
2024-08-13,1159.4039306640625
2024-08-14,1152.7552490234375
2024-08-16,1178.1591796875
2024-08-19,1166.8961181640625
2024-08-20,1170.4189453125
2024-08-21,1165.8541259765625
2024-08-22,1181.979736328125
2024-08-23,1194.2847900390625
2024-08-26,1204.009765625
2024-08-27,1216.9598388671875
2024-08-28,1214.47900390625
2024-08-29,1212.5439453125
2024-08-30,1219.7879638671875
2024-09-02,1220.5322265625
2024-09-03,1238.1463623046875
2024-09-04,1226.88330078125
2024-09-05,1226.486328125
2024-09-06,1198.899169921875
2024-09-09,1225.5435791015625
2024-09-10,1227.8260498046875
2024-09-11,1226.88330078125
2024-09-12,1242.5623779296875
2024-09-13,1240.7760009765625
2024-09-16,1253.1802978515625
2024-09-17,1258.39013671875
2024-09-18,1278.485107421875
2024-09-19,1282.107177734375
2024-09-20,1328.201416015625
2024-09-23,1311.7781982421875
2024-09-24,1308.50341796875
2024-09-25,1313.7132568359375
2024-09-26,1318.87353515625
2024-09-27,1296.5953369140625
2024-09-30,1263.252685546875
2024-10-01,1264.6419677734375
2024-10-03,1246.7301025390625
2024-10-04,1230.2572021484375
2024-10-07,1224.4520263671875
2024-10-08,1227.13134765625
2024-10-09,1234.62353515625
2024-10-10,1233.978515625
2024-10-11,1213.635498046875
2024-10-14,1222.3184814453125
2024-10-15,1245.8865966796875
2024-10-16,1233.6312255859375
2024-10-17,1221.8223876953125
2024-10-18,1254.8177490234375
2024-10-21,1249.4095458984375
2024-10-22,1257.7947998046875
2024-10-23,1242.0164794921875
2024-10-24,1243.15771484375
2024-10-25,1245.8370361328125
2024-10-28,1282.95068359375
2024-10-29,1321.6519775390625
2024-10-30,1302.1029052734375
2024-10-31,1282.355224609375
2024-11-01,1281.90869140625
2024-11-04,1267.42041015625
2024-11-05,1286.7711181640625
2024-11-06,1292.3779296875
2024-11-07,1268.908935546875
2024-11-08,1249.2109375
2024-11-11,1259.5810546875
2024-11-12,1260.8709716796875
2024-11-13,1244.100341796875
2024-11-14,1247.325439453125
2024-11-18,1243.852294921875
2024-11-19,1239.53564453125
2024-11-21,1240.974609375
2024-11-22,1268.2640380859375
2024-11-25,1290.9886474609375
2024-11-26,1294.9580078125
2024-11-27,1290.740478515625
2024-11-28,1276.5003662109375
2024-11-29,1290.1451416015625
2024-12-02,1294.6602783203125
2024-12-03,1298.381591796875
2024-12-04,1305.9730224609375
2024-12-05,1326.2664794921875
2024-12-06,1318.5758056640625
2024-12-09,1312.1751708984375
2024-12-10,1320.2626953125
2024-12-11,1317.3353271484375
2024-12-12,1319.0718994140625
2024-12-13,1334.6021728515625
2024-12-16,1335.7928466796875
2024-12-17,1323.5374755859375
2024-12-18,1304.087646484375
2024-12-19,1277.0462646484375
2024-12-20,1278.5347900390625
2024-12-23,1286.8704833984375
2024-12-24,1287.3170166015625
2024-12-26,1287.4161376953125
2024-12-27,1297.5382080078125
2024-12-30,1284.7369384765625
2024-12-31,1271.83642578125
2025-01-01,1273.8211669921875
2025-01-02,1280.7178955078125
2025-01-03,1255.363525390625
2025-01-06,1254.4207763671875
2025-01-07,1269.454833984375
2025-01-08,1254.073486328125
2025-01-09,1252.73388671875
2025-01-10,1240.2799072265625
2025-01-13,1220.3338623046875
2025-01-14,1230.8031005859375
2025-01-15,1228.7686767578125
2025-01-16,1239.53564453125
2025-01-17,1216.066650390625
2025-01-20,1223.50927734375
2025-01-21,1186.9910888671875
2025-01-22,1191.258056640625
2025-01-23,1192.5482177734375
2025-01-24,1199.941162109375
2025-01-27,1218.547607421875
2025-01-28,1237.3525390625
2025-01-29,1242.066162109375
2025-01-30,1245.98583984375
2025-01-31,1243.2073974609375
2025-02-01,1245.936279296875
2025-02-03,1243.40576171875
2025-02-04,1258.4893798828125
2025-02-05,1257.9931640625
2025-02-06,1262.6572265625
2025-02-07,1247.2760009765625
2025-02-10,1252.9322509765625
2025-02-11,1243.15771484375
2025-02-12,1242.2149658203125
2025-02-13,1239.337158203125
2025-02-14,1250.451416015625
2025-02-17,1241.5699462890625
2025-02-18,1233.531982421875
2025-02-19,1251.9896240234375
2025-02-20,1240.379150390625
2025-02-21,1223.50927734375
2025-02-24,1209.0211181640625
2025-02-25,1214.7767333984375
2025-02-27,1213.0897216796875
2025-02-28,1194.8802490234375
2025-03-03,1196.964111328125
2025-03-04,1201.1319580078125
2025-03-05,1206.391357421875
2025-03-06,1208.7235107421875
2025-03-07,1205.250244140625
2025-03-10,1205.5478515625
2025-03-11,1235.864013671875
2025-03-12,1234.425048828125
2025-03-13,1240.4783935546875
2025-03-17,1259.2833251953125
2025-03-18,1259.2833251953125
2025-03-19,1303.0455322265625
2025-03-20,1311.5797119140625
2025-03-21,1332.81591796875
2025-03-24,1347.750732421875
2025-03-25,1333.4112548828125
2025-03-26,1325.6710205078125
2025-03-27,1326.415283203125
2025-03-28,1338.025634765625
2025-04-01,1308.3546142578125
2025-04-02,1321.056640625
2025-04-03,1319.3697509765625
2025-04-04,1325.07568359375
2025-04-07,1277.6912841796875
2025-04-08,1289.9466552734375
2025-04-09,1290.83984375
2025-04-11,1301.606689453125
2025-04-15,1339.8614501953125
2025-04-16,1346.0140380859375
2025-04-17,1395.9288330078125
2025-04-21,1399.0052490234375
2025-04-22,1405.6539306640625
2025-04-23,1413.493408203125
2025-04-24,1391.95947265625
2025-04-25,1394.04345703125
2025-04-28,1417.8597412109375
2025-04-29,1418.85205078125
2025-04-30,1416.073486328125
2025-05-02,1419.149658203125
2025-05-05,1418.455078125
2025-05-06,1420.63818359375
2025-05-07,1424.4091796875
2025-05-08,1424.5084228515625
2025-05-09,1378.2652587890625
2025-05-12,1437.4088134765625
2025-05-13,1419.6458740234375
2025-05-14,1415.279541015625
2025-05-15,1439.6912841796875
2025-05-16,1442.86669921875
2025-05-19,1437.905029296875
2025-05-20,1427.1876220703125
2025-05-21,1433.637939453125
2025-05-22,1431.057861328125
2025-05-23,1438.698974609375
2025-05-26,1449.4161376953125
2025-05-27,1435.324951171875
2025-05-28,1442.6683349609375
2025-05-29,1445.3475341796875
2025-05-30,1434.7296142578125
2025-06-02,1439.3935546875
2025-06-03,1426.8900146484375
2025-06-04,1420.0428466796875
2025-06-05,1443.66064453125
2025-06-06,1448.5230712890625
2025-06-09,1423.8138427734375
2025-06-10,1412.0048828125
2025-06-11,1420.0428466796875
2025-06-12,1414.2872314453125
2025-06-13,1405.2569580078125
2025-06-16,1415.9742431640625
2025-06-17,1412.302490234375
2025-06-18,1401.78369140625
2025-06-19,1400.4937744140625
2025-06-20,1416.1727294921875
2025-06-23,1409.226318359375
2025-06-24,1413.1956787109375
2025-06-25,1414.8826904296875
2025-06-26,1428.080810546875
2025-06-27,1451.00390625
2025-06-30,1434.7296142578125
2025-07-01,1421.03515625
2025-07-02,1416.867431640625
2025-07-03,1414.98193359375
2025-07-04,1431.7525634765625
2025-07-07,1424.706787109375
2025-07-08,1430.9586181640625
2025-07-09,1420.93603515625
2025-07-10,1413.1956787109375
2025-07-11,1411.0125732421875
2025-07-14,1412.1041259765625
2025-07-15,1419.844482421875
2025-07-16,1415.4781494140625
2025-07-17,1407.8370361328125
2025-07-18,1414.8826904296875
2025-07-21,1454.576416015625
2025-07-22,1462.316650390625
2025-07-23,1477.2017822265625
2025-07-24,1472.0416259765625
2025-07-25,1465.789794921875
2025-07-28,1477.00341796875
2025-07-29,1474.8201904296875
2025-07-30,1471.04931640625
2025-07-31,1470.0570068359375
2025-08-01,1460.3319091796875
2025-08-04,1451.9962158203125
2025-08-05,1433.3402099609375
2025-08-06,1432.54638671875
2025-08-07,1429.271728515625
2025-08-08,1424.9053955078125
2025-08-11,1425.5999755859375
2025-08-12,1422.0
2025-08-13,1420.800048828125
2025-08-14,1427.300048828125
2025-08-18,1434.5999755859375
2025-08-19,1436.300048828125
2025-08-20,1430.5999755859375
2025-08-21,1446.0
2025-08-22,1436.4000244140625
2025-08-25,1433.199951171875
2025-08-26,1416.5999755859375
2025-08-28,1399.0999755859375
2025-08-29,1397.800048828125
2025-09-01,1411.0
2025-09-02,1394.199951171875
2025-09-03,1397.0
2025-09-04,1405.5
2025-09-05,1402.800048828125
2025-09-08,1402.699951171875
2025-09-09,1403.699951171875
2025-09-10,1403.9000244140625
2025-09-11,1401.5999755859375
2025-09-12,1417.699951171875
2025-09-15,1419.4000244140625
2025-09-16,1421.5999755859375
2025-09-17,1419.199951171875
2025-09-18,1421.699951171875
2025-09-19,1402.199951171875
2025-09-22,1401.5
2025-09-23,1394.300048828125
2025-09-24,1382.699951171875
2025-09-25,1375.800048828125
2025-09-26,1359.5999755859375
2025-09-29,1348.0999755859375
2025-09-30,1348.0
2025-10-01,1372.0
2025-10-03,1365.199951171875
2025-10-06,1363.4000244140625
2025-10-07,1375.9000244140625
2025-10-08,1370.300048828125
2025-10-09,1376.199951171875
2025-10-10,1380.300048828125
2025-10-13,1379.4000244140625
2025-10-14,1384.0999755859375
2025-10-15,1398.4000244140625
2025-10-16,1417.300048828125
2025-10-17,1436.5999755859375
2025-10-20,1390.300048828125
2025-10-21,1382.0
2025-10-23,1363.699951171875
2025-10-24,1377.699951171875
2025-10-27,1377.5999755859375
2025-10-28,1363.0999755859375
2025-10-29,1370.4000244140625
2025-10-30,1362.4000244140625
2025-10-31,1345.300048828125
2025-11-03,1346.4000244140625
2025-11-04,1336.9000244140625
2025-11-06,1320.4000244140625
2025-11-07,1343.0
2025-11-10,1348.0
2025-11-11,1358.300048828125
2025-11-12,1358.9000244140625
2025-11-13,1385.9000244140625
2025-11-14,1373.0
2025-11-17,1379.0
2025-11-18,1373.4000244140625
2025-11-19,1383.0999755859375
2025-11-20,1383.0
2025-11-21,1369.5
2025-11-24,1368.4000244140625
2025-11-25,1357.800048828125
2025-11-26,1375.0
2025-11-27,1392.199951171875
2025-11-28,1388.800048828125
2025-12-01,1390.0999755859375
2025-12-02,1373.0
2025-12-03,1391.5
2025-12-04,1386.699951171875
2025-12-05,1392.5
2025-12-08,1389.5999755859375
2025-12-09,1375.199951171875
2025-12-10,1363.5999755859375
2025-12-11,1360.0
2025-12-12,1366.0
2025-12-15,1365.199951171875
2025-12-16,1366.0
2025-12-17,1352.4000244140625
2025-12-18,1356.800048828125
2025-12-19,1354.0999755859375
2025-12-22,1368.5
2025-12-23,1363.0
2025-12-24,1359.800048828125
2025-12-26,1350.4000244140625
2025-12-29,1343.300048828125
2025-12-30,1342.5
2025-12-31,1342.9000244140625
2026-01-01,1338.0
2026-01-02,1355.4000244140625
2026-01-05,1371.5
2026-01-06,1411.199951171875
2026-01-07,1427.699951171875
2026-01-08,1435.0
2026-01-09,1404.300048828125
2026-01-12,1413.0999755859375
2026-01-13,1437.0
2026-01-14,1418.4000244140625
2026-01-15,1418.4000244140625
2026-01-16,1410.800048828125
2026-01-19,1380.5999755859375
2026-01-20,1375.800048828125
2026-01-21,1349.0
2026-01-22,1345.5
2026-01-23,1343.4000244140625
2026-01-27,1361.4000244140625
2026-01-28,1367.699951171875
2026-01-29,1383.5999755859375
2026-01-30,1355.0
2026-02-02,1352.800048828125
2026-02-03,1389.699951171875
2026-02-04,1408.4000244140625
2026-02-05,1396.5
2026-02-06,1406.0999755859375
2026-02-09,1396.300048828125
2026-02-10,1406.5
2026-02-11,1406.0999755859375
2026-02-12,1430.0
2026-02-13,1414.5999755859375
2026-02-16,1411.5999755859375
2026-02-17,1407.5
2026-02-18,1408.199951171875
2026-02-19,1388.800048828125
2026-02-20,1394.5
2026-02-23,1399.4000244140625
2026-02-24,1384.800048828125
2026-02-25,1400.5
2026-02-26,1404.9000244140625
2026-02-27,1378.9000244140625
2026-03-02,1374.0
2026-03-04,1365.4000244140625
2026-03-05,1357.5999755859375
2026-03-06,1313.4000244140625
2026-03-09,1278.4000244140625
2026-03-10,1311.9000244140625
2026-03-11,1294.5999755859375
2026-03-12,1266.5
2026-03-13,1254.800048828125
2026-03-16,1272.9000244140625
2026-03-17,1288.699951171875
2026-03-18,1289.300048828125
2026-03-19,1250.0999755859375
2026-03-20,1245.4000244140625
2026-03-23,1222.699951171875
2026-03-24,1251.199951171875
2026-03-25,1259.699951171875
2026-03-27,1233.800048828125
2026-03-30,1205.9000244140625
2026-04-01,1212.699951171875
2026-04-02,1215.800048828125
2026-04-06,1231.4000244140625
2026-04-07,1245.5
2026-04-08,1309.199951171875
2026-04-09,1281.300048828125
2026-04-10,1321.9000244140625
2026-04-13,1351.0999755859375
2026-04-15,1348.0999755859375
2026-04-16,1345.5
2026-04-17,1346.800048828125
2026-04-20,1356.199951171875
2026-04-21,1388.4000244140625
2026-04-22,1367.5999755859375
2026-04-23,1348.0
2026-04-24,1326.199951171875
2026-04-27,1314.0999755859375
2026-04-28,1292.0
2026-04-29,1281.0
2026-04-30,1263.4000244140625
2026-05-01,1263.4000244140625
2026-05-04,1270.800048828125
2026-05-05,1251.300048828125
2026-05-06,1279.5
2026-05-07,1279.0
2026-05-08,1264.800048828125
2026-05-11,1266.4000244140625
2026-05-12,1240.300048828125
2026-05-13,1235.5999755859375
2026-05-14,1246.0
2026-05-15,1244.5
2026-05-18,1251.0999755859375
2026-05-19,1240.800048828125
2026-05-20,1237.300048828125
2026-05-21,1242.800048828125
2026-05-22,1264.300048828125
2026-05-25,1291.800048828125
2026-05-26,1279.0999755859375
2026-05-27,1272.699951171875
2026-05-28,1272.699951171875
2026-05-29,1256.4000244140625
2026-06-01,1239.699951171875
2026-06-02,1226.5999755859375
2026-06-03,1242.0
2026-06-04,1251.699951171875
2026-06-05,1262.0999755859375
2026-06-08,1250.199951171875
2026-06-09,1275.0
2026-06-10,1293.300048828125
2026-06-11,1317.0
2026-06-12,1340.800048828125
2026-06-15,1327.5999755859375
2026-06-16,1334.300048828125
2026-06-17,1336.800048828125
2026-06-18,1342.300048828125
2026-06-19,1346.5
2026-06-22,1352.4000244140625
