,close
2005-01-03,41.98704147338867
2005-01-04,42.27340316772461
2005-01-05,40.98864364624024
2005-01-06,41.59232711791992
2005-01-07,41.5304069519043
2005-01-10,41.22855758666992
2005-01-11,39.24724578857422
2005-01-12,38.620338439941406
2005-01-13,39.29367446899414
2005-01-14,39.38655090332031
2005-01-17,39.47943115234375
2005-01-18,40.21468734741211
2005-01-19,40.245643615722656
2005-01-20,40.18373107910156
2005-01-24,39.680660247802734
2005-01-25,39.4716911315918
2005-01-27,40.8570671081543
2005-01-28,41.87868881225586
2005-01-31,42.87709426879883
2005-02-01,43.51172637939453
2005-02-02,42.567508697509766
2005-02-03,43.85226440429688
2005-02-04,43.76714324951172
2005-02-07,44.46370315551758
2005-02-08,45.13703918457031
2005-02-09,45.82585525512695
2005-02-10,45.59366989135742
2005-02-11,45.74846267700195
2005-02-14,46.2205696105957
2005-02-15,45.98838806152344
2005-02-16,46.14317321777344
2005-02-17,45.91872787475586
2005-02-18,46.793304443359375
2005-02-21,46.38311004638672
2005-02-22,46.5301513671875
2005-02-23,46.46050262451172
2005-02-24,46.02709197998047
2005-02-25,45.69428634643555
2005-02-28,46.568843841552734
2005-03-01,46.25153350830078
2005-03-02,46.44502258300781
2005-03-03,46.75460815429688
2005-03-04,46.793304443359375
2005-03-07,47.82266616821289
2005-03-08,48.57340621948242
2005-03-09,51.28224182128906
2005-03-10,50.73273849487305
2005-03-11,51.390602111816406
2005-03-14,50.376708984375
2005-03-15,50.07487487792969
2005-03-16,49.780757904052734
2005-03-17,50.353492736816406
2005-03-18,50.19870376586914
2005-03-21,50.376708984375
2005-03-22,49.56406021118164
2005-03-23,47.59821319580078
2005-03-24,49.20803451538086
2005-03-28,48.94488906860352
2005-03-29,48.697227478027344
2005-03-30,48.403133392333984
2005-03-31,48.8597526550293
2005-04-01,49.045509338378906
2005-04-04,49.11516189575195
2005-04-05,49.50214385986328
2005-04-06,49.64918518066406
2005-04-07,49.54083251953125
2005-04-08,48.80558395385742
2005-04-11,48.16319274902344
2005-04-12,49.50988006591797
2005-04-13,49.424747467041016
2005-04-15,49.471187591552734
2005-04-18,49.19256210327149
2005-04-19,49.331878662109375
2005-04-20,48.68174743652344
2005-04-21,49.19256210327149
2005-04-22,50.44636535644531
2005-04-25,51.166141510009766
2005-04-26,50.60890197753906
2005-04-27,50.65533828735352
2005-04-28,51.429290771484375
2005-04-29,50.531497955322266
2005-05-02,50.33027648925781
2005-05-03,51.09648895263672
2005-05-04,51.305458068847656
2005-05-05,50.322532653808594
2005-05-06,50.29931640625
2005-05-09,50.30705261230469
2005-05-10,50.6862907409668
2005-05-11,50.43862915039063
2005-05-12,49.30866241455078
2005-05-13,48.97584915161133
2005-05-16,49.39379119873047
2005-05-17,48.63531494140625
2005-05-18,48.97584915161133
2005-05-19,48.534698486328125
2005-05-20,48.35669708251953
2005-05-23,49.4943962097168
2005-05-24,49.455711364746094
2005-05-25,50.21417617797852
2005-05-26,49.54083251953125
2005-05-27,51.09648895263672
2005-05-30,50.83334732055664
2005-05-31,51.70790863037109
2005-06-01,51.11970901489258
2005-06-02,50.632118225097656
2005-06-03,51.529903411865234
2005-06-06,51.22032165527344
2005-06-07,50.392189025878906
2005-06-08,51.0732650756836
2005-06-09,50.46184921264648
2005-06-10,49.641448974609375
2005-06-13,49.81172943115234
2005-06-14,49.99747467041016
2005-06-15,50.07487487792969
2005-06-16,49.68014907836914
2005-06-17,48.89071273803711
2005-06-20,48.4108772277832
2005-06-21,49.664669036865234
2005-06-22,49.88911819458008
2005-06-23,50.02069091796875
2005-06-24,49.20029830932617
2005-06-27,48.35669708251953
2005-06-28,47.6833610534668
2005-06-29,48.35669708251953
2005-06-30,48.55791473388672
2005-07-01,49.59502410888672
2005-07-04,49.69562911987305
2005-07-05,50.2459716796875
2005-07-06,51.15796661376953
2005-07-07,50.2459716796875
2005-07-08,50.804176330566406
2005-07-11,51.55892181396485
2005-07-12,51.41741180419922
2005-07-13,50.725547790527344
2005-07-14,50.89065170288086
2005-07-15,51.44099426269531
2005-07-18,52.11713409423828
2005-07-19,53.13131713867188
2005-07-20,53.40647888183594
2005-07-21,52.7460823059082
2005-07-22,52.89546203613281
2005-07-25,53.1549072265625
2005-07-26,53.14704513549805
2005-07-27,53.09201049804688
2005-07-28,53.09201049804688
2005-07-29,51.54319763183594
2005-08-01,51.98347091674805
2005-08-02,52.63602066040039
2005-08-03,53.60304641723633
2005-08-04,55.065372467041016
2005-08-05,57.227420806884766
2005-08-08,55.63142776489258
2005-08-09,56.063846588134766
2005-08-10,59.303001403808594
2005-08-11,59.07498550415039
2005-08-12,58.76049423217773
2005-08-16,59.169342041015625
2005-08-17,59.45235824584961
2005-08-18,59.75896835327149
2005-08-19,59.79044342041016
2005-08-22,58.56395721435547
2005-08-23,58.56395721435547
2005-08-24,57.950714111328125
2005-08-25,58.02147674560547
2005-08-26,60.18352890014648
2005-08-29,59.83760452270508
2005-08-30,59.74325180053711
2005-08-31,59.68822860717773
2005-09-01,59.44450378417969
2005-09-02,59.85332489013672
2005-09-05,59.908348083496094
2005-09-06,59.28727722167969
2005-09-08,61.12697982788086
2005-09-09,60.77316665649414
2005-09-12,61.19770812988281
2005-09-13,60.859657287597656
2005-09-14,60.18352890014648
2005-09-15,60.63167572021485
2005-09-16,61.21343231201172
2005-09-19,61.29206848144531
2005-09-20,60.49013519287109
2005-09-21,59.77470397949219
2005-09-22,58.02933883666992
2005-09-23,59.60960388183594
2005-09-26,60.317176818847656
2005-09-27,59.75896835327149
2005-09-28,60.30144882202149
2005-09-29,59.035675048828125
2005-09-30,60.034141540527344
2005-10-03,61.03261566162109
2005-10-04,62.21978378295898
2005-10-05,60.23070907592773
2005-10-06,59.77470397949219
2005-10-07,59.42877197265625
2005-10-10,59.75896835327149
2005-10-11,60.88325119018555
2005-10-13,61.00902938842773
2005-10-14,59.74325180053711
2005-10-17,59.53097534179688
2005-10-18,59.91620635986328
2005-10-19,57.6912727355957
2005-10-20,56.59059143066406
2005-10-21,57.24314498901367
2005-10-24,57.20382690429688
2005-10-25,57.494728088378906
2005-10-26,57.76202392578125
2005-10-27,56.94438171386719
2005-10-28,56.92865753173828
2005-10-31,58.61899185180664
2005-11-02,59.85332489013672
2005-11-04,59.85332489013672
2005-11-07,59.94765853881836
2005-11-08,60.13637161254883
2005-11-09,59.28727722167969
2005-11-10,59.43663787841797
2005-11-11,59.617469787597656
2005-11-14,60.19137191772461
2005-11-16,61.8266716003418
2005-11-17,62.384864807128906
2005-11-18,65.14444732666016
2005-11-21,64.05950164794922
2005-11-22,64.76705932617188
2005-11-23,65.75768280029297
2005-11-24,68.28137969970703
2005-11-25,68.19490051269531
2005-11-28,74.35869598388672
2005-11-29,72.80201721191406
2005-11-30,72.33815002441406
2005-12-01,73.26586151123047
2005-12-02,72.41678619384766
2005-12-05,72.55045318603516
2005-12-06,74.68890380859375
2005-12-07,75.3021240234375
2005-12-08,75.24710083007812
2005-12-09,75.82102966308594
2005-12-12,76.79591369628906
2005-12-13,76.1197738647461
2005-12-14,76.33992767333984
2005-12-15,76.13549041748047
2005-12-16,77.30693054199219
2005-12-19,78.25037384033203
2005-12-20,77.14183044433594
2005-12-21,78.13243865966797
2005-12-22,77.22046661376953
2005-12-23,75.93894958496094
2005-12-26,73.93415832519531
2005-12-27,76.68582916259766
2005-12-28,77.75506591796875
2005-12-29,78.09313201904297
2005-12-30,77.95162200927734
2006-01-02,77.77864837646484
2006-01-03,79.35892486572266
2006-01-04,79.57905578613281
2006-01-05,81.1042709350586
2006-01-06,84.23333740234375
2006-01-09,86.2931900024414
2006-01-10,84.44562530517578
2006-01-12,83.83238983154297
2006-01-13,87.2130355834961
2006-01-16,86.73348236083984
2006-01-17,85.907958984375
2006-01-18,87.26022338867188
2006-01-19,90.14554595947266
2006-01-20,91.48209381103516
2006-01-23,95.85338592529295
2006-01-24,97.8110122680664
2006-01-25,100.8771743774414
2006-01-27,102.04861450195312
2006-01-30,99.93374633789062
2006-01-31,102.77977752685548
2006-02-01,100.53911590576172
2006-02-02,99.62712860107422
2006-02-03,99.78436279296876
2006-02-06,101.13661193847656
2006-02-07,101.6476593017578
2006-02-08,101.41178894042967
2006-02-10,101.55331420898438
2006-02-13,102.17440032958984
2006-02-14,104.06914520263672
2006-02-15,104.43077850341795
2006-02-16,102.67757415771484
2006-02-17,100.60986328125
2006-02-20,96.38011169433594
2006-02-21,96.9461898803711
2006-02-22,95.07504272460938
2006-02-23,93.76206970214844
2006-02-24,96.9383316040039
2006-02-27,96.9383316040039
2006-02-28,97.9760971069336
2006-03-01,102.03290557861328
2006-03-02,102.0014419555664
2006-03-03,102.897705078125
2006-03-06,104.19493103027344
2006-03-07,105.8616714477539
2006-03-08,103.85687255859376
2006-03-09,102.4338607788086
2006-03-10,104.86321258544922
2006-03-13,103.6681671142578
2006-03-14,100.91648864746094
2006-03-16,101.30172729492188
2006-03-17,101.52971649169922
2006-03-20,101.3803482055664
2006-03-21,101.6240692138672
2006-03-22,102.19799041748048
2006-03-23,101.78916931152344
2006-03-24,104.061279296875
2006-03-27,104.82389831542967
2006-03-28,104.76885986328124
2006-03-29,105.70443725585938
2006-03-30,105.4135513305664
2006-03-31,106.76580810546876
2006-04-03,109.7533721923828
2006-04-04,110.53956604003906
2006-04-05,112.96891784667967
2006-04-07,109.957763671875
2006-04-10,111.1370620727539
2006-04-12,109.6511459350586
2006-04-13,104.49370574951172
2006-04-17,106.6007308959961
2006-04-18,107.59917449951172
2006-04-19,107.9529800415039
2006-04-20,109.56468963623048
2006-04-21,109.27378845214844
2006-04-24,108.8649444580078
2006-04-25,105.77520751953124
2006-04-26,107.43408203125
2006-04-27,104.96540069580078
2006-04-28,105.62581634521484
2006-05-02,115.6262664794922
2006-05-03,113.75513458251952
2006-05-04,112.95320129394533
2006-05-05,118.92044830322266
2006-05-08,117.92195892333984
2006-05-09,119.1799087524414
2006-05-10,120.8544692993164
2006-05-11,120.0840301513672
2006-05-12,120.71297454833984
2006-05-15,111.55374908447266
2006-05-16,111.30216979980467
2006-05-17,113.30697631835938
2006-05-18,104.82389831542967
2006-05-19,90.9317626953125
2006-05-22,81.26151275634766
2006-05-23,89.69744873046875
2006-05-24,86.63912200927734
2006-05-25,88.79330444335938
2006-05-26,89.6738510131836
2006-05-29,94.23381042480467
2006-05-30,94.39891052246094
2006-05-31,94.53255462646484
2006-06-01,88.36090850830078
2006-06-02,90.3892822265625
2006-06-05,87.11085510253906
2006-06-06,83.2506103515625
2006-06-07,76.74872589111328
2006-06-08,69.02825164794922
2006-06-09,78.8714599609375
2006-06-12,75.78172302246094
2006-06-13,75.42791748046875
2006-06-14,74.86184692382812
2006-06-15,80.56181335449219
2006-06-16,84.31983184814453
2006-06-19,83.29778289794922
2006-06-20,82.56660461425781
2006-06-21,88.73827362060547
2006-06-22,88.23509216308594
2006-06-23,87.99923706054688
2006-06-26,83.7144546508789
2006-06-27,86.01801300048828
2006-06-28,84.87016296386719
2006-06-29,84.20189666748047
2006-06-30,89.98046875
2006-07-03,90.71949768066406
2006-07-04,90.72734832763672
2006-07-05,94.00579833984376
2006-07-06,92.42555236816406
2006-07-07,89.79179382324219
2006-07-10,91.6000518798828
2006-07-11,91.0339813232422
2006-07-12,93.39257049560548
2006-07-13,93.3611068725586
2006-07-14,92.2244110107422
2006-07-17,87.28807830810547
2006-07-18,84.43437194824219
2006-07-19,80.07831573486328
2006-07-20,86.1672592163086
2006-07-21,84.97489929199219
2006-07-24,86.89856719970703
2006-07-25,90.72998809814452
2006-07-26,91.81901550292967
2006-07-27,94.73629760742188
2006-07-28,89.99072265625
2006-07-31,92.48672485351562
2006-08-01,92.71724700927734
2006-08-02,94.0765151977539
2006-08-03,91.80311584472656
2006-08-04,92.78084564208984
2006-08-07,93.61548614501952
2006-08-08,96.68380737304688
2006-08-09,95.6504364013672
2006-08-10,98.08283996582033
2006-08-11,99.36263275146484
2006-08-14,99.83161926269533
2006-08-16,97.59793090820312
2006-08-17,100.26881408691406
2006-08-18,101.50089263916016
2006-08-21,101.27832794189452
2006-08-22,102.07323455810548
2006-08-23,100.0144271850586
2006-08-24,101.18293762207033
2006-08-25,100.30854034423828
2006-08-28,100.9047393798828
2006-08-29,100.87294006347656
2006-08-30,101.66781616210938
2006-08-31,102.5740203857422
2006-09-01,102.24014282226562
2006-09-04,105.74566650390624
2006-09-05,105.88876342773438
2006-09-06,104.88717651367188
2006-09-07,103.51995849609376
2006-09-08,104.92693328857422
2006-09-11,101.84271240234376
2006-09-12,103.9809799194336
2006-09-13,106.12722778320312
2006-09-14,105.84104919433594
2006-09-15,108.74246215820312
2006-09-18,109.10811614990234
2006-09-19,106.74724578857422
2006-09-20,107.00160217285156
2006-09-21,107.23214721679688
2006-09-22,109.41812133789062
2006-09-25,109.83145904541016
2006-09-26,110.15739440917967
2006-09-27,109.0365753173828
2006-09-28,107.22418212890624
2006-09-29,110.0858383178711
2006-10-03,109.338623046875
2006-10-04,107.68522644042967
2006-10-05,107.71703338623048
2006-10-06,108.02703857421876
2006-10-09,109.8473663330078
2006-10-10,110.1891632080078
2006-10-11,109.5532455444336
2006-10-12,109.49761199951172
2006-10-13,110.49918365478516
2006-10-16,110.1255874633789
2006-10-17,110.1255874633789
2006-10-18,110.63431549072266
2006-10-19,110.61840057373048
2006-10-20,111.26228332519533
2006-10-23,113.1461944580078
2006-10-26,113.54366302490234
2006-10-27,116.73120880126952
2006-10-30,114.0285415649414
2006-10-31,112.75669860839844
2006-11-01,112.16053009033205
2006-11-02,111.60408020019533
2006-11-03,109.97454071044922
2006-11-06,114.30675506591795
2006-11-07,118.6389617919922
2006-11-08,118.91717529296876
2006-11-09,118.20176696777344
2006-11-10,119.71206665039062
2006-11-13,119.8313446044922
2006-11-14,121.8980712890625
2006-11-15,123.13014221191406
2006-11-16,119.67230987548828
2006-11-17,117.08892822265624
2006-11-20,114.78369140625
2006-11-21,119.11589813232422
2006-11-22,121.30189514160156
2006-11-23,119.91082000732422
2006-11-24,118.87743377685548
2006-11-27,120.03005981445312
2006-11-28,118.3607406616211
2006-11-29,118.87743377685548
2006-11-30,119.67230987548828
2006-12-01,125.11742401123048
2006-12-04,126.27001190185548
2006-12-05,125.27639770507812
2006-12-06,127.9790496826172
2006-12-07,126.9853973388672
2006-12-08,125.63409423828124
2006-12-11,120.10953521728516
2006-12-12,113.82981872558594
2006-12-13,118.1222686767578
2006-12-14,123.36861419677734
2006-12-15,120.90445709228516
2006-12-18,121.4211196899414
2006-12-19,120.4275131225586
2006-12-20,118.0030288696289
2006-12-21,117.52611541748048
2006-12-22,118.24152374267578
2006-12-26,120.6659698486328
2006-12-27,123.32888793945312
2006-12-28,123.32888793945312
2006-12-29,122.9314422607422
2007-01-02,124.9186782836914
2007-01-03,123.5276107788086
2007-01-04,122.5339584350586
2007-01-05,123.88531494140624
2007-01-08,120.86469268798828
2007-01-09,122.01729583740234
2007-01-10,120.38773345947266
2007-01-11,122.21602630615234
2007-01-12,124.6404800415039
2007-01-15,125.03793334960938
2007-01-16,125.19691467285156
2007-01-17,125.5943603515625
2007-01-18,126.3495101928711
2007-01-19,125.91231536865234
2007-01-22,124.12377166748048
2007-01-23,125.11742401123048
2007-01-24,125.95206451416016
2007-01-25,125.83281707763672
2007-01-29,123.0506591796875
2007-01-31,120.7852020263672
2007-02-01,122.17627716064452
2007-02-02,124.95842742919922
2007-02-05,124.2827606201172
2007-02-06,121.73907470703124
2007-02-07,125.23664855957033
2007-02-08,124.6007308959961
2007-02-09,121.85832214355467
2007-02-12,115.5388412475586
2007-02-13,116.3337631225586
2007-02-14,116.5722198486328
2007-02-15,120.626220703125
2007-02-19,121.023681640625
2007-02-20,120.03005981445312
2007-02-21,119.71206665039062
2007-02-22,118.32100677490234
2007-02-23,113.79007720947266
2007-02-26,113.1938934326172
2007-02-27,114.982421875
2007-02-28,113.27338409423828
2007-03-01,111.52459716796876
2007-03-02,106.35775756835938
2007-03-05,99.95879364013672
2007-03-06,103.9333038330078
2007-03-07,104.2909927368164
2007-03-08,107.74883270263672
2007-03-09,105.88079833984376
2007-03-12,105.443603515625
2007-03-13,111.52459716796876
2007-03-14,109.97454071044922
2007-03-15,108.82192993164062
2007-03-16,107.43085479736328
2007-03-19,108.34500122070312
2007-03-20,109.81554412841795
2007-03-21,111.3656234741211
2007-03-22,113.39261627197266
2007-03-23,114.3862533569336
2007-03-26,112.83619689941406
2007-03-28,114.86319732666016
2007-03-29,114.982421875
2007-03-30,116.0157699584961
2007-04-02,111.24639129638672
2007-04-03,110.6104736328125
2007-04-04,111.96179962158205
2007-04-05,114.9426727294922
2007-04-09,115.34014129638672
2007-04-10,119.07618713378906
2007-04-11,117.60560607910156
2007-04-12,116.5722198486328
2007-04-13,119.07618713378906
2007-04-16,117.7248306274414
2007-04-17,114.54521942138672
2007-04-18,115.2606201171875
2007-04-19,116.0157699584961
2007-04-20,117.4068832397461
2007-04-23,116.3734893798828
2007-04-24,115.37985229492188
2007-04-25,115.30037689208984
2007-04-26,115.2606201171875
2007-04-27,114.14778900146484
2007-04-30,112.83619689941406
2007-05-03,114.58496856689452
2007-05-04,113.9887924194336
2007-05-07,112.39898681640624
2007-05-08,110.3322525024414
2007-05-09,108.22576141357422
2007-05-10,107.9873046875
2007-05-11,109.02066802978516
2007-05-14,110.6104736328125
2007-05-15,116.49275207519533
2007-05-16,115.1016616821289
2007-05-17,113.71057891845705
2007-05-18,110.84893798828124
2007-05-21,110.21302032470705
2007-05-22,114.10801696777344
2007-05-23,115.34014129638672
2007-05-24,114.10801696777344
2007-05-25,114.30675506591795
2007-05-28,113.47211456298828
2007-05-29,116.73120880126952
2007-05-30,115.57858276367188
2007-05-31,115.18114471435548
2007-06-01,118.3607406616211
2007-06-04,117.52611541748048
2007-06-05,117.8043212890625
2007-06-06,114.62470245361328
2007-06-07,113.71057891845705
2007-06-08,111.5643539428711
2007-06-11,112.83619689941406
2007-06-12,110.41172790527344
2007-06-13,111.00792694091795
2007-06-14,111.72333526611328
2007-06-15,113.75032806396484
2007-06-18,114.78369140625
2007-06-19,115.9363021850586
2007-06-20,115.14141082763672
2007-06-21,114.34651184082033
2007-06-22,117.8043212890625
2007-06-25,118.59923553466795
2007-06-26,120.7454605102539
2007-06-27,119.91082000732422
2007-06-28,119.31463623046876
2007-06-29,119.95055389404295
2007-07-02,119.67230987548828
2007-07-03,118.44025421142578
2007-07-04,117.84407806396484
2007-07-05,117.04915618896484
2007-07-06,117.56585693359376
2007-07-09,117.20813751220705
2007-07-10,115.7375946044922
2007-07-11,116.05552673339844
2007-07-12,115.89656066894533
2007-07-13,115.2606201171875
2007-07-16,115.65809631347656
2007-07-17,115.2209014892578
2007-07-18,115.6629867553711
2007-07-19,115.3816375732422
2007-07-20,114.73863983154295
2007-07-23,113.73392486572266
2007-07-24,113.49279022216795
2007-07-25,113.6937255859375
2007-07-26,113.37222290039062
2007-07-27,110.75994873046876
2007-07-30,112.16655731201172
2007-07-31,112.08618927001952
2007-08-01,109.51410675048828
2007-08-02,108.46918487548828
2007-08-03,109.2327880859375
2007-08-06,108.14769744873048
2007-08-07,109.7552261352539
2007-08-08,110.9608917236328
2007-08-09,110.59919738769533
2007-08-10,109.51410675048828
2007-08-13,112.44788360595705
2007-08-14,108.8710708618164
2007-08-16,104.77183532714844
2007-08-17,99.86882781982422
2007-08-20,98.94450378417967
2007-08-21,94.76487731933594
2007-08-22,95.44806671142578
2007-08-23,94.92562866210938
2007-08-24,96.57335662841795
2007-08-27,99.9894027709961
2007-08-28,101.83807373046876
2007-08-29,101.7175064086914
2007-08-30,101.91844940185548
2007-08-31,101.99884033203124
2007-09-03,104.36994934082033
2007-09-04,105.53543090820312
2007-09-05,104.28956604003906
2007-09-06,103.8876953125
2007-09-07,103.5260009765625
2007-09-10,104.00826263427734
2007-09-11,102.36053466796876
2007-09-12,103.72694396972656
2007-09-13,104.00826263427734
2007-09-14,103.28485870361328
2007-09-17,104.85221862792967
2007-09-18,104.12884521484376
2007-09-19,103.48580169677734
2007-09-20,103.40542602539062
2007-09-21,105.2541046142578
2007-09-24,111.56373596191406
2007-09-25,110.71976470947266
2007-09-26,113.37222290039062
2007-09-27,109.87580871582033
2007-09-28,110.84033966064452
2007-10-01,108.83090209960938
2007-10-03,109.03182983398438
2007-10-04,106.86165618896484
2007-10-05,106.5803451538086
2007-10-08,103.28485870361328
2007-10-09,105.45503997802734
2007-10-10,106.13826751708984
2007-10-11,108.02713012695312
2007-10-12,111.4833526611328
2007-10-15,112.76937866210938
2007-10-16,113.73392486572266
2007-10-17,110.03655242919922
2007-10-18,106.37937927246094
2007-10-19,105.656005859375
2007-10-22,105.73638916015624
2007-10-23,107.7859878540039
2007-10-24,109.31316375732422
2007-10-25,112.9703369140625
2007-10-26,114.85919189453124
2007-10-29,115.62278747558594
2007-10-30,113.41240692138672
2007-10-31,117.2303237915039
2007-11-01,113.89466857910156
2007-11-02,113.0105209350586
2007-11-05,111.84504699707033
2007-11-06,113.81430053710938
2007-11-07,112.64881896972656
2007-11-08,112.4076919555664
2007-11-12,112.00579833984376
2007-11-13,109.9159927368164
2007-11-14,109.99636840820312
2007-11-15,111.92543029785156
2007-11-16,113.45259857177734
2007-11-19,119.03881072998048
2007-11-20,116.50695037841795
2007-11-21,110.84033966064452
2007-11-22,108.3486328125
2007-11-23,110.03655242919922
2007-11-26,112.00579833984376
2007-11-27,111.041259765625
2007-11-28,109.7552261352539
2007-11-29,105.81674194335938
2007-11-30,108.02713012695312
2007-12-03,109.7552261352539
2007-12-04,110.03655242919922
2007-12-05,114.9395751953125
2007-12-06,115.01995086669922
2007-12-07,115.82372283935548
2007-12-10,113.57317352294922
2007-12-11,115.42184448242188
2007-12-12,114.65825653076172
2007-12-13,120.72672271728516
2007-12-14,126.23258972167967
2007-12-17,118.03411102294922
2007-12-18,118.55655670166016
2007-12-19,116.9088134765625
2007-12-20,117.4714813232422
2007-12-24,120.64636993408205
2007-12-26,125.7101593017578
2007-12-27,123.1380844116211
2007-12-28,127.11672973632812
2007-12-31,128.28219604492188
2008-01-01,140.33880615234375
2008-01-02,137.52560424804688
2008-01-03,135.8376922607422
2008-01-04,133.66751098632812
2008-01-07,133.6272735595703
2008-01-08,126.55411529541016
2008-01-09,124.18297576904295
2008-01-10,118.11447143554688
2008-01-11,117.02938842773438
2008-01-14,122.8165512084961
2008-01-15,123.29882049560548
2008-01-16,120.20427703857422
2008-01-17,118.43598175048828
2008-01-18,112.12635803222656
2008-01-21,99.62769317626952
2008-01-22,92.87599182128906
2008-01-23,105.69618225097656
2008-01-24,104.12884521484376
2008-01-25,109.2327880859375
2008-01-28,112.93013763427734
2008-01-29,113.73392486572266
2008-01-30,110.11692810058594
2008-01-31,109.99636840820312
2008-02-01,110.75994873046876
2008-02-04,111.92543029785156
2008-02-05,114.33674621582033
2008-02-06,114.0554428100586
2008-02-07,112.60865020751952
2008-02-08,108.38880920410156
2008-02-11,101.7576904296875
2008-02-12,97.2565689086914
2008-02-13,99.10523986816406
2008-02-14,104.36994934082033
2008-02-15,106.45977020263672
2008-02-18,105.89712524414062
2008-02-19,110.9608917236328
2008-02-20,106.54014587402344
2008-02-21,100.06974792480467
2008-02-22,100.2707061767578
2008-02-25,100.35108184814452
2008-02-26,101.35579681396484
2008-02-27,99.7482681274414
2008-02-28,98.46221923828124
2008-02-29,101.39598846435548
2008-03-03,97.05563354492188
2008-03-04,95.00599670410156
2008-03-05,94.76487731933594
2008-03-07,92.15261840820312
2008-03-10,93.07693481445312
2008-03-11,96.41260528564452
2008-03-12,91.67034149169922
2008-03-13,88.0131607055664
2008-03-14,90.94694519042967
2008-03-17,82.26619720458984
2008-03-18,84.43638610839844
2008-03-19,88.05337524414062
2008-03-24,87.45053100585938
2008-03-25,93.31808471679688
2008-03-26,92.6348876953125
2008-03-27,89.74127197265625
2008-03-28,93.3582534790039
2008-03-31,90.18333435058594
2008-04-01,90.705810546875
2008-04-02,88.65617370605469
2008-04-03,90.18333435058594
2008-04-04,87.85242462158203
2008-04-07,89.78147888183594
2008-04-08,89.8618392944336
2008-04-09,89.54035186767578
2008-04-10,88.57581329345703
2008-04-11,87.65147399902344
2008-04-15,88.3346939086914
2008-04-16,87.65147399902344
2008-04-17,90.8665542602539
2008-04-21,93.31808471679688
2008-04-22,92.78693389892578
2008-04-23,94.17610168457033
2008-04-24,93.9718017578125
2008-04-25,94.87065887451172
2008-04-28,95.85124206542967
2008-04-29,94.99323272705078
2008-04-30,94.78893280029295
2008-05-02,96.25979614257812
2008-05-05,95.85124206542967
2008-05-06,93.31808471679688
2008-05-07,96.46408081054688
2008-05-08,94.99323272705078
2008-05-09,94.66636657714844
2008-05-12,96.1372299194336
2008-05-13,95.6469497680664
2008-05-14,96.25979614257812
2008-05-15,97.1177978515625
2008-05-16,97.56724548339844
2008-05-20,97.85324096679688
2008-05-21,97.19951629638672
2008-05-22,97.3629379272461
2008-05-23,97.03609466552734
2008-05-26,92.051513671875
2008-05-27,92.0106430053711
2008-05-28,91.11178588867188
2008-05-29,89.55921173095703
2008-05-30,90.7849349975586
2008-06-02,88.00662994384766
2008-06-03,88.21092224121094
2008-06-04,86.61748504638672
2008-06-05,88.86463165283203
2008-06-06,89.06891632080078
2008-06-09,86.53575897216797
2008-06-10,82.89945220947266
2008-06-11,85.31004333496094
2008-06-12,84.16605377197266
2008-06-13,83.22631072998047
2008-06-16,83.88003540039062
2008-06-17,84.615478515625
2008-06-18,84.9831771850586
2008-06-19,81.51031494140625
2008-06-20,79.46746063232422
2008-06-23,76.32144165039062
2008-06-24,72.19485473632812
2008-06-25,68.68112182617188
2008-06-26,67.45539855957031
2008-06-27,65.6576919555664
2008-06-30,63.24709701538086
2008-07-01,62.184814453125
2008-07-02,65.98453521728516
2008-07-03,68.72196960449219
2008-07-04,70.60143280029297
2008-07-07,70.76484680175781
2008-07-08,69.49828338623047
2008-07-09,73.13455200195312
2008-07-10,74.97314453125
2008-07-11,73.33885955810547
2008-07-14,71.05085754394531
2008-07-15,70.4788589477539
2008-07-16,68.80370330810547
2008-07-17,68.6402587890625
2008-07-18,69.00799560546875
2008-07-21,67.86396026611328
2008-07-22,68.76283264160156
2008-07-23,70.23371124267578
2008-07-24,68.19082641601562
2008-07-25,69.13055419921875
2008-07-28,71.09169006347656
2008-07-29,69.74342346191406
2008-07-30,70.96914672851562
2008-07-31,70.60143280029297
2008-08-01,69.08970642089844
2008-08-04,69.33484649658203
2008-08-05,71.86798095703125
2008-08-06,70.27455139160156
2008-08-07,69.74342346191406
2008-08-08,66.88341522216797
2008-08-11,67.53711700439453
2008-08-12,66.02539825439453
2008-08-13,65.24909973144531
2008-08-14,65.24909973144531
2008-08-18,64.59539794921875
2008-08-19,64.39111328125
2008-08-20,63.77825546264648
2008-08-21,62.71596145629883
2008-08-22,62.47080993652344
2008-08-25,61.77623748779297
2008-08-26,62.38909912109375
2008-08-27,62.96110916137695
2008-08-28,61.98051834106445
2008-08-29,62.79767227172852
2008-09-01,62.63424682617188
2008-09-02,63.49224853515625
2008-09-04,62.92024230957031
2008-09-05,62.30738067626953
2008-09-08,62.83853530883789
2008-09-09,62.51167678833008
2008-09-10,62.10308456420898
2008-09-11,62.79767227172852
2008-09-12,61.73537826538086
2008-09-15,59.488224029541016
2008-09-16,59.692508697509766
2008-09-17,59.24308776855469
2008-09-18,58.54851531982422
2008-09-19,60.01937484741211
2008-09-22,59.774227142333984
2008-09-23,59.20222854614258
2008-09-24,59.651668548583984
2008-09-25,57.03679275512695
2008-09-26,57.07764434814453
2008-09-29,56.6690788269043
2008-09-30,54.912208557128906
2008-10-01,56.50564956665039
2008-10-03,54.62621688842773
2008-10-06,52.37905883789063
2008-10-07,49.110477447509766
2008-10-08,47.39446640014648
2008-10-10,46.82246398925781
2008-10-13,49.069618225097656
2008-10-14,50.785621643066406
2008-10-15,49.88677215576172
2008-10-16,49.35562515258789
2008-10-17,49.51905059814453
2008-10-20,48.49761581420898
2008-10-21,48.415897369384766
2008-10-22,46.57733154296875
2008-10-23,45.188175201416016
2008-10-24,40.0401611328125
2008-10-27,36.77156829833984
2008-10-29,37.42528533935547
2008-10-31,37.62957382202149
2008-11-03,38.446720123291016
2008-11-04,41.63359451293945
2008-11-05,39.67244338989258
2008-11-06,39.99930191040039
2008-11-07,39.958438873291016
2008-11-10,40.89816284179688
2008-11-11,38.69186782836914
2008-11-12,39.2230110168457
2008-11-14,39.67244338989258
2008-11-17,38.28328704833984
2008-11-18,37.99729537963867
2008-11-19,38.405860900878906
2008-11-20,39.83587265014648
2008-11-21,39.01873016357422
2008-11-24,39.26386642456055
2008-11-25,39.1821517944336
2008-11-26,39.4681510925293
2008-11-27,39.4681510925293
2008-11-28,32.80841064453125
2008-12-01,32.56326675415039
2008-12-02,30.2752628326416
2008-12-03,30.152687072753903
2008-12-04,31.133264541625977
2008-12-05,32.31813049316406
2008-12-08,32.31813049316406
2008-12-10,33.053558349609375
2008-12-11,34.03413391113281
2008-12-12,34.1158447265625
2008-12-15,35.21898651123047
2008-12-16,34.93299865722656
2008-12-17,35.17814254760742
2008-12-18,35.95442581176758
2008-12-19,36.8532829284668
2008-12-22,37.46613693237305
2008-12-23,36.81243515014648
2008-12-24,35.382423400878906
2008-12-26,35.13727569580078
2008-12-29,35.58671188354492
2008-12-30,37.057579040527344
2008-12-31,36.89413833618164
2009-01-02,37.95643615722656
2009-01-05,38.32415390014648
2009-01-06,38.446720123291016
2009-01-07,35.872711181640625
2009-01-09,36.076995849609375
2009-01-12,36.076995849609375
2009-01-13,36.403846740722656
2009-01-14,36.93499755859375
2009-01-15,36.44470977783203
2009-01-16,36.64900588989258
2009-01-19,36.60814666748047
2009-01-20,36.240421295166016
2009-01-21,35.34156799316406
2009-01-22,33.46212387084961
2009-01-23,31.37840461730957
2009-01-27,31.827836990356445
2009-01-28,31.827836990356445
2009-01-29,32.0729866027832
2009-01-30,32.97183990478516
2009-02-02,32.890132904052734
2009-02-03,31.7869815826416
2009-02-04,31.664405822753903
2009-02-05,31.25583839416504
2009-02-06,31.827836990356445
2009-02-09,32.39984893798828
2009-02-10,32.97183990478516
2009-02-11,32.6041259765625
2009-02-12,32.76756286621094
2009-02-13,32.39984893798828
2009-02-16,30.92897605895996
2009-02-17,30.23440361022949
2009-02-18,29.9892578125
2009-02-19,30.2752628326416
2009-02-20,29.7032527923584
2009-02-24,29.825834274291992
2009-02-25,29.866687774658203
2009-02-26,29.33553695678711
2009-02-27,29.49896812438965
2009-03-02,28.886110305786133
2009-03-03,28.31411361694336
2009-03-04,28.273252487182617
2009-03-05,28.15068244934082
2009-03-06,28.51839637756348
2009-03-09,28.43667984008789
2009-03-12,28.23239517211914
2009-03-13,28.273252487182617
2009-03-16,28.60011482238769
2009-03-17,28.60011482238769
2009-03-18,28.886110305786133
2009-03-19,30.31611442565918
2009-03-20,30.23440361022949
2009-03-23,30.76554679870605
2009-03-24,30.19354820251465
2009-03-25,31.62354850769043
2009-03-26,31.500980377197266
2009-03-27,31.99126625061035
2009-03-30,32.64498519897461
2009-03-31,32.23640823364258
2009-04-01,32.68583679199219
2009-04-02,35.055564880371094
2009-04-06,37.54785537719727
2009-04-08,39.26386642456055
2009-04-09,43.88074493408203
2009-04-13,42.369022369384766
2009-04-15,43.39044952392578
2009-04-16,41.715309143066406
2009-04-17,42.16473388671875
2009-04-20,41.756160736083984
2009-04-21,41.265869140625
2009-04-22,40.693878173828125
2009-04-23,42.08302688598633
2009-04-24,41.91958999633789
2009-04-27,42.08302688598633
2009-04-28,39.54986572265625
2009-04-29,40.32615280151367
2009-04-30,40.448726654052734
2009-05-04,44.08502960205078
2009-05-05,45.59675216674805
2009-05-06,46.69989776611328
2009-05-07,46.57733154296875
2009-05-08,46.45475006103516
2009-05-11,44.98389053344727
2009-05-12,44.20759582519531
2009-05-13,42.90016555786133
2009-05-14,41.22501754760742
2009-05-15,42.328163146972656
2009-05-18,47.19017791748047
2009-05-19,53.768211364746094
2009-05-20,54.912208557128906
2009-05-21,54.58535385131836
2009-05-22,52.46076965332031
2009-05-25,52.991920471191406
2009-05-26,50.908203125
2009-05-27,51.72533416748047
2009-05-28,50.82648086547852
2009-05-29,53.400489807128906
2009-06-01,62.184814453125
2009-06-02,64.63626098632812
2009-06-03,62.34823989868164
2009-06-04,63.73740005493164
2009-06-05,64.06425476074219
2009-06-08,59.93766021728516
2009-06-09,60.10110092163086
2009-06-10,63.36967849731445
2009-06-11,63.77825546264648
2009-06-12,61.61281204223633
2009-06-15,58.42594528198242
2009-06-16,58.26251220703125
2009-06-17,53.03277587890625
2009-06-18,49.39647674560547
2009-06-19,52.8284912109375
2009-06-22,50.33620071411133
2009-06-23,53.768211364746094
2009-06-24,54.01335144042969
2009-06-25,52.8284912109375
2009-06-26,53.84992980957031
2009-06-29,55.239070892333984
2009-06-30,53.97249603271485
2009-07-01,54.2176399230957
2009-07-02,53.52306365966797
2009-07-03,54.13592147827149
2009-07-06,50.58134078979492
2009-07-07,50.13191223144531
2009-07-08,48.29333114624024
2009-07-09,47.47618865966797
2009-07-10,48.12989807128906
2009-07-13,46.98590087890625
2009-07-14,48.252479553222656
2009-07-15,49.80504989624024
2009-07-16,51.07162857055664
2009-07-17,51.69648361206055
2009-07-20,52.36299514770508
2009-07-21,54.695796966552734
2009-07-22,53.65436553955078
2009-07-23,54.02927780151367
2009-07-24,57.48682022094727
2009-07-27,57.15357208251953
2009-07-28,57.48682022094727
2009-07-29,56.57036590576172
2009-07-30,57.44517135620117
2009-07-31,56.903621673583984
2009-08-03,57.23686981201172
2009-08-04,60.02790069580078
2009-08-05,58.94481658935547
2009-08-06,57.15357208251953
2009-08-07,55.11236953735352
2009-08-10,50.9883041381836
2009-08-11,49.78025817871094
2009-08-12,51.9464225769043
2009-08-13,52.94619369506836
2009-08-14,52.904544830322266
2009-08-17,50.780029296875
2009-08-18,52.07139587402344
2009-08-19,51.36322021484375
2009-08-20,51.69648361206055
2009-08-21,54.48750686645508
2009-08-24,55.070709228515625
2009-08-25,55.23733901977539
2009-08-26,54.77910232543945
2009-08-27,54.19590759277344
2009-08-28,53.77933883666992
2009-08-31,54.40419387817383
2009-09-01,54.23756408691406
2009-09-02,53.98762130737305
2009-09-03,54.904083251953125
2009-09-04,55.36230850219727
2009-09-07,55.98715591430664
2009-09-08,56.02882385253906
2009-09-09,55.070709228515625
2009-09-10,54.86241912841797
2009-09-11,54.82076644897461
2009-09-14,54.904083251953125
2009-09-15,56.1537971496582
2009-09-16,61.69418716430664
2009-09-17,64.94344329833984
2009-09-18,63.27717971801758
2009-09-22,62.31904602050781
2009-09-23,61.73584747314453
2009-09-24,62.4023551940918
2009-09-25,63.86036682128906
2009-09-29,63.61042022705078
2009-09-30,64.48522186279297
2009-10-01,63.1938362121582
2009-10-05,60.40281677246094
2009-10-06,61.23595428466797
2009-10-07,62.15242385864258
2009-10-08,61.98579406738281
2009-10-09,62.73561096191406
2009-10-12,66.56807708740234
2009-10-13,66.56807708740234
2009-10-14,68.65093994140625
2009-10-15,67.65116119384766
2009-10-16,69.31745147705078
2009-10-20,68.5676040649414
2009-10-21,68.19271087646484
2009-10-22,64.94344329833984
2009-10-23,65.85990905761719
2009-10-26,65.02676391601562
2009-10-27,63.27717971801758
2009-10-28,62.81893539428711
2009-10-29,62.11074447631836
2009-10-30,61.23595428466797
2009-11-03,63.15218734741211
2009-11-04,66.19316101074219
2009-11-05,65.27668762207031
2009-11-06,67.98441314697266
2009-11-09,70.15058898925781
2009-11-10,70.48384094238281
2009-11-11,73.89972686767578
2009-11-12,73.48316192626953
2009-11-13,72.81665802001953
2009-11-16,72.4833755493164
2009-11-17,71.5252685546875
2009-11-18,71.5669174194336
2009-11-19,70.69213104248047
2009-11-20,70.06726837158203
2009-11-23,70.94207763671875
2009-11-24,71.10869598388672
2009-11-25,71.69187927246094
2009-11-26,71.10869598388672
2009-11-27,69.98394775390625
2009-11-30,71.5252685546875
2009-12-01,73.39984130859375
2009-12-02,73.39984130859375
2009-12-03,74.02469635009766
2009-12-04,73.6081314086914
2009-12-07,75.60765838623047
2009-12-08,80.23160552978516
2009-12-09,78.44034576416016
2009-12-10,80.35657501220703
2009-12-11,78.85692596435547
2009-12-14,77.81549072265625
2009-12-15,75.06613159179688
2009-12-16,76.64908599853516
2009-12-17,78.35704040527344
2009-12-18,76.44081115722656
2009-12-21,75.39938354492188
2009-12-22,77.98212432861328
2009-12-23,78.39869689941406
2009-12-24,80.14828491210938
2009-12-29,80.81481170654297
2009-12-30,84.14736938476562
2009-12-31,85.48040008544922
2010-01-04,88.81297302246094
2010-01-05,87.18836212158203
2010-01-06,85.6886978149414
2010-01-07,84.93885803222656
2010-01-08,84.56394958496094
2010-01-11,86.56348419189453
2010-01-12,84.52228546142578
2010-01-13,85.73035430908203
2010-01-14,87.85485076904297
2010-01-15,89.39617156982422
2010-01-18,89.43782806396484
2010-01-19,86.73011779785156
2010-01-20,86.10527038574219
2010-01-21,84.73058319091797
2010-01-22,82.85601806640625
2010-01-25,80.68982696533203
2010-01-27,75.73263549804688
2010-01-28,77.02401733398438
2010-01-29,77.60721588134766
2010-02-01,77.77384185791016
2010-02-02,75.69097900390625
2010-02-03,77.39893341064453
2010-02-04,75.8992691040039
2010-02-05,72.6500015258789
2010-02-08,73.94139099121094
2010-02-09,76.35749816894531
2010-02-10,74.73287200927734
2010-02-11,75.19108581542969
2010-02-15,75.52435302734375
2010-02-16,75.64932250976562
2010-02-17,75.85761260986328
2010-02-18,74.77452850341797
2010-02-19,73.1082534790039
2010-02-22,72.9832763671875
2010-02-23,72.60836029052734
2010-02-24,71.65023040771484
2010-02-25,73.02491760253906
2010-02-26,74.6495590209961
2010-03-02,78.5236587524414
2010-03-03,77.732177734375
2010-03-04,77.69051361083984
2010-03-05,78.14875030517578
2010-03-08,78.64864349365234
2010-03-09,76.35749816894531
2010-03-10,78.10709381103516
2010-03-11,78.5236587524414
2010-03-12,77.98212432861328
2010-03-15,78.94023132324219
2010-03-16,82.1061782836914
2010-03-17,82.02286529541016
2010-03-18,86.73011779785156
2010-03-19,85.93865203857422
2010-03-22,84.18904113769531
2010-03-23,85.48040008544922
2010-03-25,84.27234649658203
2010-03-26,84.105712890625
2010-03-29,85.2721176147461
2010-03-30,85.89696502685547
2010-03-31,85.18880462646484
2010-04-01,85.43875885009766
2010-04-05,85.93865203857422
2010-04-06,87.89652252197266
2010-04-07,87.85485076904297
2010-04-08,87.02172088623047
2010-04-09,89.22954559326172
2010-04-12,88.18811798095703
2010-04-13,88.89629364013672
2010-04-15,89.43782806396484
2010-04-16,89.97936248779297
2010-04-19,88.77131652832031
2010-04-20,89.18788146972656
2010-04-21,92.02057647705078
2010-04-22,91.47901916503906
2010-04-23,91.60401153564452
2010-04-26,91.22909545898438
2010-04-27,91.2707290649414
2010-04-28,87.68824005126953
2010-04-29,88.27143096923828
2010-04-30,90.18765258789062
2010-05-03,90.02103424072266
2010-05-04,88.22976684570312
2010-05-05,88.81297302246094
2010-05-06,87.47994232177734
2010-05-07,89.60445404052734
2010-05-10,92.7703857421875
2010-05-11,94.6866226196289
2010-05-12,95.60308837890624
2010-05-13,97.93588256835938
2010-05-14,96.68616485595705
2010-05-17,96.01966857910156
2010-05-18,95.47810363769533
2010-05-19,91.97891998291016
2010-05-20,89.56279754638672
2010-05-21,89.10456085205078
2010-05-24,88.14644622802734
2010-05-25,84.73058319091797
2010-05-26,82.1894760131836
2010-05-27,80.3149185180664
2010-05-28,85.93865203857422
2010-05-31,87.18836212158203
2010-06-01,85.85531616210938
2010-06-02,83.52252197265625
2010-06-03,84.52228546142578
2010-06-04,83.98075103759766
2010-06-07,80.89811706542969
2010-06-08,80.48153686523438
2010-06-09,81.77293395996094
2010-06-10,84.85554504394531
2010-06-11,83.35588073730469
2010-06-14,84.98051452636719
2010-06-15,85.1054916381836
2010-06-16,84.64725494384766
2010-06-17,83.06428527832031
2010-06-18,82.98098754882812
2010-06-21,84.105712890625
2010-06-22,84.64725494384766
2010-06-23,84.77225494384766
2010-06-24,87.3549575805664
2010-06-25,87.02172088623047
2010-06-28,88.77131652832031
2010-06-29,87.6465835571289
2010-06-30,87.39663696289062
2010-07-01,87.31332397460938
2010-07-02,87.2300033569336
2010-07-05,86.60514068603516
2010-07-06,87.06339263916016
2010-07-07,86.56348419189453
2010-07-08,87.68824005126953
2010-07-09,88.85462951660156
2010-07-12,88.3130874633789
2010-07-13,88.72966003417969
2010-07-14,88.3130874633789
2010-07-15,88.39640808105469
2010-07-16,87.85485076904297
2010-07-19,87.60490417480469
2010-07-20,86.89673614501953
2010-07-21,86.02193450927734
2010-07-22,86.06361389160156
2010-07-23,85.60091400146484
2010-07-26,86.23186492919922
2010-07-27,85.76915740966797
2010-07-28,84.80168151855469
2010-07-29,84.88582611083984
2010-07-30,83.28736114501953
2010-08-02,84.08659362792969
2010-08-03,84.84374237060547
2010-08-04,84.00244903564453
2010-08-05,80.93174743652344
2010-08-06,82.19368743896484
2010-08-09,82.3619384765625
2010-08-10,81.52066040039062
2010-08-11,80.67936706542969
2010-08-12,81.18415069580078
2010-08-13,86.27394104003906
2010-08-16,87.45172882080078
2010-08-17,87.7041244506836
2010-08-18,91.48991394042967
2010-08-19,90.10177612304688
2010-08-20,89.76527404785156
2010-08-23,91.53197479248048
2010-08-24,89.8493881225586
2010-08-25,88.88191986083984
2010-08-26,87.7041244506836
2010-08-27,85.34850311279297
2010-08-30,87.83030700683594
2010-08-31,86.56837463378906
2010-09-01,87.83030700683594
2010-09-02,87.99857330322266
2010-09-03,89.8493881225586
2010-09-06,90.10177612304688
2010-09-07,89.6811294555664
2010-09-08,89.47079467773438
2010-09-09,89.1343002319336
2010-09-13,90.05972290039062
2010-09-14,87.95648956298828
2010-09-15,87.32555389404297
2010-09-16,86.9049072265625
2010-09-17,88.2509536743164
2010-09-20,89.1343002319336
2010-09-21,87.78824615478516
2010-09-22,87.4937973022461
2010-09-23,86.7787094116211
2010-09-24,86.94696044921875
2010-09-27,86.9049072265625
2010-09-28,86.44218444824219
2010-09-29,84.7175521850586
2010-09-30,83.03497314453125
2010-10-01,85.85328674316406
2010-10-04,85.30644989013672
2010-10-05,85.85328674316406
2010-10-06,86.56837463378906
2010-10-07,86.3580551147461
2010-10-08,85.9794692993164
2010-10-11,86.989013671875
2010-10-12,86.27394104003906
2010-10-13,86.9049072265625
2010-10-14,85.68502807617188
2010-10-15,84.7175521850586
2010-10-18,84.38102722167969
2010-10-19,84.46517181396484
2010-10-20,83.87625122070312
2010-10-21,84.46517181396484
2010-10-22,83.66593933105469
2010-10-25,83.53974151611328
2010-10-26,85.68502807617188
2010-10-27,83.03497314453125
2010-10-28,83.5818099975586
2010-10-29,84.21277618408203
2010-11-01,84.92786407470703
2010-11-02,86.61044311523438
2010-11-03,87.66206359863281
2010-11-04,86.94696044921875
2010-11-08,86.7787094116211
2010-11-09,86.69457244873047
2010-11-10,89.72321319580078
2010-11-11,86.94696044921875
2010-11-12,85.85328674316406
2010-11-15,85.05406951904297
2010-11-16,83.70799255371094
2010-11-18,84.21277618408203
2010-11-19,83.16116333007812
2010-11-22,84.59134674072266
2010-11-23,83.28736114501953
2010-11-24,82.10955810546875
2010-11-25,76.17847442626953
2010-11-26,76.01021575927734
2010-11-29,76.3887939453125
2010-11-30,76.7253189086914
2010-12-01,79.24918365478516
2010-12-02,81.01587677001953
2010-12-03,79.92221069335938
2010-12-06,80.04839324951172
2010-12-07,80.67936706542969
2010-12-08,78.87061309814453
2010-12-09,75.46340942382812
2010-12-10,77.18802642822266
2010-12-13,78.49202728271484
2010-12-14,78.82852935791016
2010-12-15,78.44994354248047
2010-12-16,78.53408813476562
2010-12-20,78.44994354248047
2010-12-21,78.87061309814453
2010-12-22,78.44994354248047
2010-12-23,78.91266632080078
2010-12-24,79.54364013671875
2010-12-27,79.6698226928711
2010-12-28,79.96427154541016
2010-12-29,80.42698669433594
2010-12-30,79.16505432128906
2010-12-31,81.26827239990234
2011-01-03,84.92786407470703
2011-01-04,85.01200866699219
2011-01-05,82.99288940429688
2011-01-06,85.01200866699219
2011-01-07,83.32942962646484
2011-01-10,83.28736114501953
2011-01-11,83.32942962646484
2011-01-12,85.51676940917969
2011-01-13,84.08659362792969
2011-01-14,83.3714828491211
2011-01-17,82.7825927734375
2011-01-18,82.74050903320312
2011-01-19,80.38492584228516
2011-01-20,79.96427154541016
2011-01-21,80.8055648803711
2011-01-24,83.11909484863281
2011-01-25,82.02543640136719
2011-01-27,79.24918365478516
2011-01-28,77.06183624267578
2011-01-31,75.63164520263672
2011-02-01,76.7253189086914
2011-02-02,77.98725128173828
2011-02-03,77.90312957763672
2011-02-04,77.77693176269531
2011-02-07,76.5149917602539
2011-02-08,73.65462493896484
2011-02-09,71.5514144897461
2011-02-10,65.66240692138672
2011-02-11,67.93387603759766
2011-02-14,71.63552856445312
2011-02-15,68.52278137207031
2011-02-16,67.59736633300781
2011-02-17,69.11168670654297
2011-02-18,68.64896392822266
2011-02-21,68.64896392822266
2011-02-22,69.19580841064453
2011-02-23,69.02754211425781
2011-02-24,65.95685577392578
2011-02-25,66.67195129394531
2011-02-28,65.99891662597656
2011-03-01,68.43865966796875
2011-03-03,69.06962585449219
2011-03-04,69.4902572631836
2011-03-07,68.6069107055664
2011-03-08,69.82677459716797
2011-03-09,69.86883544921875
2011-03-10,68.8172378540039
2011-03-11,67.13465881347656
2011-03-14,67.51323699951172
2011-03-15,65.99891662597656
2011-03-16,64.94731903076172
2011-03-17,65.49414825439453
2011-03-18,64.98937225341797
2011-03-21,65.53621673583984
2011-03-22,65.95685577392578
2011-03-23,66.67195129394531
2011-03-24,68.35452270507812
2011-03-25,68.9854965209961
2011-03-28,69.02754211425781
2011-03-29,69.4902572631836
2011-03-30,71.08870697021484
2011-03-31,70.66806030273438
2011-04-01,71.50934600830078
2011-04-04,72.8974838256836
2011-04-05,72.8974838256836
2011-04-06,72.35061645507812
2011-04-07,77.27215576171875
2011-04-08,75.0848159790039
2011-04-11,73.9490737915039
2011-04-13,75.37926483154297
2011-04-15,74.1594009399414
2011-04-18,72.98159790039062
2011-04-19,72.64508819580078
2011-04-20,72.93953704833984
2011-04-21,73.14985656738281
2011-04-25,73.78080749511719
2011-04-26,73.78080749511719
2011-04-27,72.81334686279297
2011-04-28,70.0370864868164
2011-04-29,69.4061279296875
2011-05-02,69.36405944824219
2011-05-03,67.55530548095703
2011-05-04,67.05052947998047
2011-05-05,66.88227844238281
2011-05-06,67.21879577636719
2011-05-09,66.9664077758789
2011-05-10,66.8402099609375
2011-05-11,69.91089630126953
2011-05-12,68.48072052001953
2011-05-13,69.23787689208984
2011-05-16,68.48072052001953
2011-05-17,67.93387603759766
2011-05-18,67.17671966552734
2011-05-19,66.9664077758789
2011-05-20,67.09259033203125
2011-05-23,66.2092514038086
2011-05-24,66.46162414550781
2011-05-25,65.95685577392578
2011-05-26,65.8306655883789
2011-05-27,66.33544921875
2011-05-30,67.17671966552734
2011-05-31,67.80768585205078
2011-06-01,68.9854965209961
2011-06-02,69.11168670654297
2011-06-03,68.56484985351562
2011-06-06,68.39657592773438
2011-06-07,68.56484985351562
2011-06-08,68.06007385253906
2011-06-09,67.55530548095703
2011-06-10,66.92433166503906
2011-06-13,66.79814910888672
2011-06-14,66.9664077758789
2011-06-15,65.8306655883789
2011-06-16,65.41001892089844
2011-06-17,65.8306655883789
2011-06-20,61.70835494995117
2011-06-21,61.70835494995117
2011-06-22,62.0869369506836
2011-06-23,61.91868209838867
2011-06-24,64.10603332519531
2011-06-27,65.32588195800781
2011-06-28,65.62034606933594
2011-06-29,65.24176788330078
2011-06-30,65.19969940185547
2011-07-01,65.8306655883789
2011-07-04,67.765625
2011-07-05,68.1862564086914
2011-07-06,67.72356414794922
2011-07-07,68.64896392822266
2011-07-08,68.90135955810547
2011-07-11,67.30291748046875
2011-07-12,66.04098510742188
2011-07-13,65.914794921875
2011-07-14,66.29337310791016
2011-07-15,66.46162414550781
2011-07-18,66.67195129394531
2011-07-19,66.50370788574219
2011-07-20,66.07766723632812
2011-07-21,65.52381896972656
2011-07-22,65.60902404785156
2011-07-25,66.4610824584961
2011-07-26,65.8646469116211
2011-07-27,66.03506469726562
2011-07-28,64.07530975341797
2011-07-29,64.75695037841797
2011-08-01,65.05518341064453
2011-08-02,64.5439453125
2011-08-03,66.03506469726562
2011-08-04,65.1829833984375
2011-08-05,64.96996307373047
2011-08-08,63.81969451904297
2011-08-09,61.68952941894531
2011-08-10,63.265846252441406
2011-08-11,62.41378021240234
2011-08-12,61.43390274047852
2011-08-16,59.94278717041016
2011-08-17,59.72977828979492
2011-08-18,59.13332748413086
2011-08-19,58.15345001220703
2011-08-22,59.85758209228516
2011-08-23,61.47650909423828
2011-08-24,62.28597259521485
2011-08-25,62.158164978027344
2011-08-26,61.26349258422852
2011-08-29,60.79485321044922
2011-08-30,61.43390274047852
2011-09-02,62.28597259521485
2011-09-05,61.51910781860352
2011-09-06,61.47650909423828
2011-09-07,62.669410705566406
2011-09-08,61.81733703613281
2011-09-09,61.51910781860352
2011-09-12,60.92266845703125
2011-09-13,60.79485321044922
2011-09-14,60.66705322265625
2011-09-15,61.34869003295898
2011-09-16,61.34869003295898
2011-09-19,60.88006210327149
2011-09-20,62.541595458984375
2011-09-21,61.98774719238281
2011-09-22,59.77237701416016
2011-09-23,59.559356689453125
2011-09-26,59.13332748413086
2011-09-27,60.28361511230469
2011-09-28,59.72977828979492
2011-09-29,59.90019226074219
2011-09-30,60.79485321044922
2011-10-03,59.17593002319336
2011-10-04,59.04812240600586
2011-10-05,59.431549072265625
2011-10-07,58.74990463256836
2011-10-10,59.30373764038086
2011-10-11,58.70729064941406
2011-10-12,59.64457321166992
2011-10-13,58.494285583496094
2011-10-14,58.36647033691406
2011-10-17,58.36647033691406
2011-10-18,58.0256462097168
2011-10-19,58.877708435058594
2011-10-20,58.70729064941406
2011-10-21,58.66469192504883
2011-10-24,58.70729064941406
2011-10-25,58.494285583496094
2011-10-28,59.51675796508789
2011-10-31,59.559356689453125
2011-11-01,59.21853256225586
2011-11-02,59.30373764038086
2011-11-03,60.92266845703125
2011-11-04,60.96526336669922
2011-11-08,60.49662399291992
2011-11-09,59.431549072265625
2011-11-11,58.5368766784668
2011-11-14,57.343994140625
2011-11-15,51.0387077331543
2011-11-16,50.9535026550293
2011-11-17,50.48486328125
2011-11-18,51.1239128112793
2011-11-21,48.69552612304688
2011-11-22,49.9310302734375
2011-11-23,49.164161682128906
2011-11-24,49.50498962402344
2011-11-25,50.1014404296875
2011-11-28,51.16652297973633
2011-11-29,51.37953567504883
2011-11-30,50.78308868408203
2011-12-01,50.399662017822266
2011-12-02,52.061180114746094
2011-12-05,51.59254455566406
2011-12-07,51.59254455566406
2011-12-08,51.16652297973633
2011-12-09,50.65528106689453
2011-12-12,48.823333740234375
2011-12-13,49.036354064941406
2011-12-14,49.24937057495117
2011-12-15,48.43991088867188
2011-12-16,47.54523849487305
2011-12-19,47.076602935791016
2011-12-20,46.43755340576172
2011-12-21,44.605613708496094
2011-12-22,45.32987594604492
2011-12-23,46.13933563232422
2011-12-26,46.94879150390625
2011-12-27,46.22454452514648
2011-12-28,45.88370895385742
2011-12-29,44.7334213256836
2011-12-30,46.30975341796875
2012-01-02,47.37482452392578
2012-01-03,50.399662017822266
2012-01-04,50.69788360595703
2012-01-05,51.08131408691406
2012-01-06,51.50733947753906
2012-01-09,52.18899154663086
2012-01-10,52.14638519287109
2012-01-11,52.61503219604492
2012-01-12,51.80556869506836
2012-01-13,53.46709442138672
2012-01-16,52.91325378417969
2012-01-17,51.42213439941406
2012-01-18,50.186641693115234
2012-01-19,51.29433059692383
2012-01-20,52.57242202758789
2012-01-23,53.50970077514648
2012-01-24,53.46709442138672
2012-01-25,54.78779602050781
2012-01-27,55.213829040527344
2012-01-30,54.702579498291016
2012-01-31,56.065895080566406
2012-02-01,56.70494079589844
2012-02-02,58.877708435058594
2012-02-03,60.15581893920898
2012-02-06,63.18064880371094
2012-02-07,59.72977828979492
2012-02-08,60.41142654418945
2012-02-09,62.797210693359375
2012-02-10,62.626800537109375
2012-02-13,62.32857894897461
2012-02-14,62.07295989990234
2012-02-15,62.71200180053711
2012-02-16,66.41848754882812
2012-02-17,65.60902404785156
2012-02-21,64.96996307373047
2012-02-22,62.96762847900391
2012-02-23,61.05047607421875
2012-02-24,61.09307861328125
2012-02-27,59.261138916015625
2012-02-28,59.64457321166992
2012-02-29,59.09072494506836
2012-03-01,57.89783477783203
2012-03-02,57.343994140625
2012-03-05,57.04577255249024
2012-03-06,54.53217697143555
2012-03-07,54.87300491333008
2012-03-09,56.87535858154297
2012-03-12,57.8126335144043
2012-03-13,57.42920684814453
2012-03-14,57.68482208251953
2012-03-15,56.15110397338867
2012-03-16,54.702579498291016
2012-03-19,54.19134140014648
2012-03-20,53.21147537231445
2012-03-21,54.65998458862305
2012-03-22,52.91325378417969
2012-03-23,52.82804489135742
2012-03-26,51.762962341308594
2012-03-27,52.487213134765625
2012-03-28,52.31681060791016
2012-03-29,52.061180114746094
2012-03-30,54.276554107666016
2012-04-02,54.61738586425781
2012-04-03,55.55465698242188
2012-04-04,55.81027603149414
2012-04-09,53.93572235107422
2012-04-10,53.59490203857422
2012-04-11,52.82804489135742
2012-04-12,53.50970077514648
2012-04-13,52.95585250854492
2012-04-16,53.72271728515625
2012-04-17,54.40436172485352
2012-04-18,54.57477951049805
2012-04-19,54.65998458862305
2012-04-20,54.10615158081055
2012-04-23,52.99845886230469
2012-04-24,53.08367156982422
2012-04-25,51.89077377319336
2012-04-26,52.10379409790039
2012-04-27,51.59254455566406
2012-04-30,52.74283981323242
2012-05-02,53.85052490234375
2012-05-03,52.23159790039063
2012-05-04,51.762962341308594
2012-05-07,52.74283981323242
2012-05-08,51.29433059692383
2012-05-09,50.44225692749024
2012-05-10,50.527469635009766
2012-05-11,49.9310302734375
2012-05-14,50.144039154052734
2012-05-15,50.9535026550293
2012-05-16,49.50498962402344
2012-05-17,49.76060485839844
2012-05-18,50.31445693969727
2012-05-21,50.31445693969727
2012-05-22,48.90854263305664
2012-05-23,48.099082946777344
2012-05-24,48.14167785644531
2012-05-25,48.56772232055664
2012-05-28,48.397308349609375
2012-05-29,47.54523849487305
2012-05-30,45.79850769042969
2012-05-31,47.88606643676758
2012-06-01,46.77838516235352
2012-06-04,45.75590515136719
2012-06-05,46.99139404296875
2012-06-06,47.28962326049805
2012-06-07,47.24701690673828
2012-06-08,46.86359024047852
2012-06-11,46.86359024047852
2012-06-12,47.16181182861328
2012-06-13,46.99139404296875
2012-06-14,46.56536483764648
2012-06-15,46.86359024047852
2012-06-18,46.90618896484375
2012-06-19,46.69318008422852
2012-06-20,46.90618896484375
2012-06-21,48.099082946777344
2012-06-22,50.82568740844727
2012-06-25,50.1014404296875
2012-06-26,50.527469635009766
2012-06-27,50.229251861572266
2012-06-28,51.677764892578125
2012-06-29,52.61503219604492
2012-07-02,52.65763473510742
2012-07-03,52.444618225097656
2012-07-04,53.08367156982422
2012-07-05,54.02094268798828
2012-07-06,54.44696807861328
2012-07-09,53.59490203857422
2012-07-10,54.40436172485352
2012-07-11,54.44696807861328
2012-07-12,54.23395538330078
2012-07-13,54.14874649047852
2012-07-16,53.807918548583984
2012-07-17,52.87065124511719
2012-07-18,52.56754684448242
2012-07-19,52.65413665771485
2012-07-20,52.351036071777344
2012-07-23,51.2252082824707
2012-07-24,51.13860702514648
2012-07-25,50.40248489379883
2012-07-26,48.54053115844727
2012-07-27,48.670440673828125
2012-07-30,49.6663703918457
2012-07-31,51.2252082824707
2012-08-01,52.04792785644531
2012-08-02,51.788124084472656
2012-08-03,51.87472534179688
2012-08-06,51.57161712646485
2012-08-07,52.480934143066406
2012-08-08,52.82734680175781
2012-08-09,51.87472534179688
2012-08-10,51.74481964111328
2012-08-13,52.56754684448242
2012-08-14,52.69744491577149
2012-08-16,52.39433288574219
2012-08-17,52.177833557128906
2012-08-21,52.82734680175781
2012-08-22,55.07900238037109
2012-08-23,54.51608657836914
2012-08-24,53.90987777709961
2012-08-27,52.87064743041992
2012-08-28,52.7840461730957
2012-08-29,52.09122848510742
2012-08-30,51.57161712646485
2012-08-31,51.09530258178711
2012-09-03,51.09530258178711
2012-09-04,51.09530258178711
2012-09-05,51.052001953125
2012-09-06,51.26850128173828
2012-09-07,52.13452911376953
2012-09-10,52.91394805908203
2012-09-11,53.08715438842773
2012-09-12,52.87064743041992
2012-09-13,52.13452911376953
2012-09-14,52.56754684448242
2012-09-17,53.433555603027344
2012-09-18,53.52016830444336
2012-09-20,52.87064743041992
2012-09-21,54.12638092041016
2012-09-24,54.12638092041016
2012-09-25,53.95317840576172
2012-09-26,54.47278594970703
2012-09-27,54.86249542236328
2012-09-28,58.28329086303711
2012-10-01,59.1493034362793
2012-10-03,58.28329086303711
2012-10-04,59.45242691040039
2012-10-05,57.72037506103516
2012-10-08,56.81105422973633
2012-10-09,57.02754974365234
2012-10-10,57.9368782043457
2012-10-11,59.6256217956543
2012-10-12,59.6256217956543
2012-10-15,59.75552749633789
2012-10-16,59.06270599365234
2012-10-17,59.06270599365234
2012-10-18,60.88135147094727
2012-10-19,57.54716873168945
2012-10-22,58.15337371826172
2012-10-23,57.330665588378906
2012-10-25,56.29143524169922
2012-10-29,55.03570175170898
2012-10-30,54.38618469238281
2012-10-31,54.51608657836914
2012-11-01,55.85842514038086
2012-11-02,55.25221633911133
2012-11-05,54.68928909301758
2012-11-06,54.68928909301758
2012-11-07,55.12230682373047
2012-11-08,54.81919097900391
2012-11-09,55.12230682373047
2012-11-12,54.42948532104492
2012-11-15,54.94910430908203
2012-11-16,53.8665771484375
2012-11-19,53.04384994506836
2012-11-20,51.8314208984375
2012-11-21,51.74481964111328
2012-11-22,51.61491775512695
2012-11-23,52.87064743041992
2012-11-26,52.61084365844727
2012-11-27,53.34695816040039
2012-11-29,53.69336700439453
2012-11-30,54.212982177734375
2012-12-03,57.50386428833008
2012-12-04,56.637840270996094
2012-12-05,56.55124282836914
2012-12-06,57.02754974365234
2012-12-07,55.81512451171875
2012-12-10,55.94502639770508
2012-12-11,54.90580749511719
2012-12-12,54.38618469238281
2012-12-13,54.64599609375
2012-12-14,54.73260116577149
2012-12-17,54.55939483642578
2012-12-18,54.64599609375
2012-12-19,55.98832321166992
2012-12-20,56.507938385009766
2012-12-21,54.81919097900391
2012-12-24,55.07900238037109
2012-12-26,54.77588653564453
2012-12-27,53.433555603027344
2012-12-28,54.64599609375
2012-12-31,54.60269165039063
2013-01-01,55.85842514038086
2013-01-02,55.64192199707031
2013-01-03,57.85027694702149
2013-01-04,57.24405670166016
2013-01-07,58.36988830566406
2013-01-08,57.806976318359375
2013-01-09,57.2873649597168
2013-01-10,56.11822891235352
2013-01-11,55.12230682373047
2013-01-14,56.16153335571289
2013-01-15,56.72444915771485
2013-01-16,55.382110595703125
2013-01-17,55.81512451171875
2013-01-18,55.94502639770508
2013-01-21,55.425411224365234
2013-01-22,55.68521881103516
2013-01-23,55.12230682373047
2013-01-24,54.12638092041016
2013-01-25,54.86249542236328
2013-01-28,54.25628662109375
2013-01-29,53.77996826171875
2013-01-30,53.26035690307617
2013-01-31,53.52016830444336
2013-02-01,53.52016830444336
2013-02-04,52.91394805908203
2013-02-05,53.04384994506836
2013-02-06,53.47686767578125
2013-02-07,53.26035690307617
2013-02-08,53.65007019042969
2013-02-11,53.390262603759766
2013-02-12,54.34288787841797
2013-02-13,53.52016830444336
2013-02-14,52.4376335144043
2013-02-15,51.74481964111328
2013-02-18,51.70151901245117
2013-02-19,52.3077278137207
2013-02-20,52.82734680175781
2013-02-21,51.70151901245117
2013-02-22,50.87880325317383
2013-02-25,50.099369049072266
2013-02-26,49.23335266113281
2013-02-27,50.14268112182617
2013-02-28,46.76518249511719
2013-03-01,48.71374130249024
2013-03-04,47.71780776977539
2013-03-05,49.06015396118164
2013-03-06,49.62306594848633
2013-03-07,49.83957290649414
2013-03-08,49.79627227783203
2013-03-11,50.315879821777344
2013-03-12,50.22928237915039
2013-03-13,50.315879821777344
2013-03-14,50.83549880981445
2013-03-15,48.19413375854492
2013-03-18,48.36733627319336
2013-03-19,47.891021728515625
2013-03-20,47.24150466918945
2013-03-21,47.28481674194336
2013-03-22,46.375484466552734
2013-03-25,46.76518249511719
2013-03-26,46.76518249511719
2013-03-28,46.375484466552734
2013-04-01,47.80442810058594
2013-04-02,48.80034637451172
2013-04-03,48.28072738647461
2013-04-04,47.84771728515625
2013-04-05,47.58791732788086
2013-04-08,47.76111602783203
2013-04-09,46.85179901123047
2013-04-10,48.02092361450195
2013-04-11,47.71780776977539
2013-04-12,48.54053115844727
2013-04-15,48.93024063110352
2013-04-16,49.19005584716797
2013-04-17,48.80034637451172
2013-04-18,49.36326217651367
2013-04-22,50.14268112182617
2013-04-23,50.2725830078125
2013-04-25,48.886940002441406
2013-04-26,48.62713623046875
2013-04-29,50.57568740844727
2013-04-30,49.27666091918945
2013-05-02,49.62306594848633
2013-05-03,49.19005584716797
2013-05-06,49.10345458984375
2013-05-07,50.79219818115234
2013-05-08,51.13860702514648
2013-05-09,50.705596923828125
2013-05-10,50.53239440917969
2013-05-13,49.36326217651367
2013-05-14,49.06015396118164
2013-05-15,49.70967483520508
2013-05-16,49.88286972045898
2013-05-17,49.36326217651367
2013-05-20,48.97354507446289
2013-05-21,48.19413375854492
2013-05-22,47.54461288452149
2013-05-23,47.02500534057617
2013-05-24,46.375484466552734
2013-05-27,46.0723762512207
2013-05-28,46.33218765258789
2013-05-29,45.7259635925293
2013-05-30,45.68266296386719
2013-05-31,44.42692565917969
2013-06-03,44.73004531860352
2013-06-04,44.8166389465332
2013-06-05,44.51353454589844
2013-06-06,44.47023391723633
2013-06-07,43.517608642578125
2013-06-10,41.26595306396485
2013-06-11,40.65973663330078
2013-06-12,40.1401252746582
2013-06-13,40.44323348999024
2013-06-14,41.39585876464844
2013-06-17,41.39585876464844
2013-06-18,41.872161865234375
2013-06-19,43.47431564331055
2013-06-20,42.78149032592773
2013-06-21,44.73004531860352
2013-06-24,42.52168655395508
2013-06-25,41.56906127929688
2013-06-26,42.08867263793945
2013-06-27,41.13604736328125
2013-06-28,41.56906127929688
2013-07-01,42.60829162597656
2013-07-02,42.348480224609375
2013-07-03,41.78556823730469
2013-07-04,42.17527389526367
2013-07-05,42.4783821105957
2013-07-08,43.43100357055664
2013-07-09,43.517608642578125
2013-07-10,43.12790298461914
2013-07-11,43.69081497192383
2013-07-12,44.340328216552734
2013-07-15,44.85994720458984
2013-07-16,45.249656677246094
2013-07-17,44.10630798339844
2013-07-18,44.677982330322266
2013-07-19,43.13887786865234
2013-07-22,42.39131927490234
2013-07-23,42.61119079589844
2013-07-24,41.59978103637695
2013-07-25,42.2593994140625
2013-07-26,42.17145156860352
2013-07-29,41.7317008972168
2013-07-30,39.57695388793945
2013-07-31,38.91734313964844
2013-08-01,37.42221450805664
2013-08-02,35.487335205078125
2013-08-05,35.00361633300781
2013-08-06,33.86029052734375
2013-08-07,35.0475959777832
2013-08-08,37.20234298706055
2013-08-12,37.642086029052734
2013-08-13,37.642086029052734
2013-08-14,38.82939147949219
2013-08-16,37.07041931152344
2013-08-19,36.542724609375
2013-08-20,37.68606185913086
2013-08-21,35.9710578918457
2013-08-22,36.630672454833984
2013-08-23,36.76259231567383
2013-08-26,37.246315002441406
2013-08-27,36.542724609375
2013-08-28,38.08182907104492
2013-08-29,39.62092971801758
2013-08-30,39.57695388793945
2013-09-02,39.04926681518555
2013-09-03,39.313106536865234
2013-09-04,39.35708618164063
2013-09-05,40.89618682861328
2013-09-06,40.54439163208008
2013-09-10,41.20401382446289
2013-09-11,41.46785354614258
2013-09-12,41.59978103637695
2013-09-13,42.34734344482422
2013-09-16,42.479270935058594
2013-09-17,41.51183319091797
2013-09-18,40.8082389831543
2013-09-19,41.116058349609375
2013-09-20,40.76426696777344
2013-09-23,40.368499755859375
2013-09-24,39.8847770690918
2013-09-25,40.67631530761719
2013-09-26,43.05093002319336
2013-09-27,41.95157241821289
2013-09-30,42.17145156860352
2013-10-01,41.59978103637695
2013-10-03,42.34734344482422
2013-10-04,43.13887786865234
2013-10-07,42.91900634765625
2013-10-08,42.56721878051758
2013-10-09,42.39131927490234
2013-10-10,42.2593994140625
2013-10-11,42.479270935058594
2013-10-14,42.52324676513672
2013-10-15,42.8310661315918
2013-10-17,44.238243103027344
2013-10-18,43.66657638549805
2013-10-21,43.974395751953125
2013-10-22,43.53464889526367
2013-10-23,43.842472076416016
2013-10-24,42.91900634765625
2013-10-25,42.4352912902832
2013-10-28,42.4352912902832
2013-10-29,42.52324676513672
2013-10-30,43.93041610717773
2013-10-31,43.22683334350586
2013-11-01,44.897857666015625
2013-11-05,46.17311477661133
2013-11-06,47.05260467529297
2013-11-07,45.82132339477539
2013-11-08,44.677982330322266
2013-11-11,42.96298599243164
2013-11-12,41.95157241821289
2013-11-13,41.42388153076172
2013-11-14,41.51183319091797
2013-11-18,41.95157241821289
2013-11-19,41.77567672729492
2013-11-20,41.46785354614258
2013-11-21,41.291954040527344
2013-11-22,40.94015502929688
2013-11-25,41.51183319091797
2013-11-26,43.62260437011719
2013-11-27,41.95157241821289
2013-11-28,42.52324676513672
2013-11-29,42.21541976928711
2013-12-02,43.006954193115234
2013-12-03,43.5786247253418
2013-12-04,43.710540771484375
2013-12-05,43.22683334350586
2013-12-06,44.15029144287109
2013-12-09,46.21709442138672
2013-12-10,48.32786178588867
2013-12-11,47.2724723815918
2013-12-12,47.31644821166992
2013-12-13,47.22850036621094
2013-12-16,50.48260116577149
2013-12-17,53.3409423828125
2013-12-18,51.75785827636719
2013-12-19,51.230167388916016
2013-12-20,51.05426788330078
2013-12-23,51.49401092529297
2013-12-24,52.417476654052734
2013-12-26,52.5933837890625
2013-12-27,54.6601676940918
2013-12-30,52.72530364990234
2013-12-31,54.30837631225586
2014-01-01,53.604793548583984
2014-01-02,51.97773361206055
2014-01-03,52.28556060791016
2014-01-06,52.54940032958984
2014-01-07,52.15363693237305
2014-01-08,51.581974029541016
2014-01-09,51.49401092529297
2014-01-10,50.79042434692383
2014-01-13,52.5933837890625
2014-01-14,51.18620300292969
2014-01-15,52.32953643798828
2014-01-16,52.72530364990234
2014-01-17,51.01029586791992
2014-01-20,51.230167388916016
2014-01-21,51.05426788330078
2014-01-22,50.9223518371582
2014-01-23,52.46145248413086
2014-01-24,52.5933837890625
2014-01-27,50.96632766723633
2014-01-28,50.96632766723633
2014-01-29,50.7464485168457
2014-01-30,50.13081359863281
2014-01-31,50.96632766723633
2014-02-03,50.83440780639648
2014-02-04,50.65849685668945
2014-02-05,50.7464485168457
2014-02-06,51.01029586791992
2014-02-07,50.87837219238281
2014-02-10,50.83440780639648
2014-02-11,52.81325149536133
2014-02-12,53.56081771850586
2014-02-13,52.9891471862793
2014-02-14,53.56081771850586
2014-02-17,53.07709884643555
2014-02-18,52.81325149536133
2014-02-19,53.38492202758789
2014-02-20,60.02505874633789
2014-02-21,60.11299514770508
2014-02-24,62.575565338134766
2014-02-25,61.16839218139648
2014-02-26,61.08043670654297
2014-02-28,60.86056137084961
2014-03-03,60.37685394287109
2014-03-04,63.32313537597656
2014-03-05,63.36709976196289
2014-03-06,63.32313537597656
2014-03-07,62.79543685913086
2014-03-10,61.56414794921875
2014-03-11,61.4762077331543
2014-03-12,63.32313537597656
2014-03-13,60.64068984985352
2014-03-14,60.72864532470703
2014-03-18,61.30030822753906
2014-03-19,61.16839218139648
2014-03-20,61.34428787231445
2014-03-21,62.2237663269043
2014-03-24,61.60812759399414
2014-03-25,61.12440872192383
2014-03-26,61.74005889892578
2014-03-27,62.44363784790039
2014-03-28,62.61954116821289
2014-03-31,63.93876647949219
2014-04-01,63.27915191650391
2014-04-02,63.93876647949219
2014-04-03,64.20262145996094
2014-04-04,66.09351348876953
2014-04-07,66.57723236083984
2014-04-09,66.4453125
2014-04-10,66.26942443847656
2014-04-11,64.86223602294922
2014-04-15,66.4013442993164
2014-04-16,65.65377807617188
2014-04-17,65.52185821533203
2014-04-21,65.52185821533203
2014-04-22,65.69773864746094
2014-04-23,65.08211517333984
2014-04-24,65.08211517333984
2014-04-25,65.43389892578125
2014-04-28,64.42249298095703
2014-04-29,64.29056549072266
2014-04-30,63.27915191650391
2014-05-02,62.3996696472168
2014-05-05,61.30030822753906
2014-05-06,61.52017974853516
2014-05-07,61.60812759399414
2014-05-08,61.212364196777344
2014-05-09,61.38825607299805
2014-05-12,62.97134017944336
2014-05-13,63.54300308227539
2014-05-14,64.24659729003906
2014-05-15,64.77428436279297
2014-05-16,65.03813171386719
2014-05-19,70.44699096679688
2014-05-20,75.41608428955078
2014-05-21,77.65878295898438
2014-05-22,80.25326538085938
2014-05-23,79.19789123535156
2014-05-26,79.98942565917969
2014-05-27,78.8021240234375
2014-05-28,79.54969024658203
2014-05-29,78.31839752197266
2014-05-30,78.75814056396484
2014-06-02,79.6816177368164
2014-06-03,84.12303161621094
2014-06-04,83.59532165527344
2014-06-05,84.3868637084961
2014-06-06,85.09044647216797
2014-06-09,85.70608520507812
2014-06-10,87.94879150390625
2014-06-11,89.09212493896484
2014-06-12,90.89507293701172
2014-06-13,90.7631607055664
2014-06-16,89.61982727050781
2014-06-17,88.69635772705078
2014-06-18,88.87226104736328
2014-06-19,87.72891998291016
2014-06-20,87.59700775146484
2014-06-23,89.92764282226562
2014-06-24,92.91789245605467
2014-06-25,97.57917785644533
2014-06-26,94.5449447631836
2014-06-27,89.97162628173828
2014-06-30,91.5546875
2014-07-01,90.67520141601562
2014-07-02,92.82996368408205
2014-07-03,96.17201232910156
2014-07-04,94.10520935058594
2014-07-07,93.53353118896484
2014-07-08,94.01725769042967
2014-07-09,94.06122589111328
2014-07-10,94.89675903320312
2014-07-11,91.15892028808594
2014-07-14,88.65238952636719
2014-07-15,91.4667510986328
2014-07-16,89.75174713134766
2014-07-17,88.0807113647461
2014-07-18,82.23211669921875
2014-07-21,84.07904815673828
2014-07-22,83.50737762451172
2014-07-23,82.84776306152344
2014-07-24,83.55135345458984
2014-07-25,84.65071105957031
2014-07-28,83.99110412597656
2014-07-30,83.50737762451172
2014-07-31,82.93570709228516
2014-08-01,82.49597930908203
2014-08-04,80.16532135009766
2014-08-05,79.9014892578125
2014-08-06,78.27442932128906
2014-08-07,77.79070281982422
2014-08-08,75.679931640625
2014-08-11,76.77931213378906
2014-08-12,71.67826080322266
2014-08-13,73.39326477050781
2014-08-14,71.9421157836914
2014-08-18,70.93070983886719
2014-08-19,74.9763412475586
2014-08-20,75.8998031616211
2014-08-21,78.49430847167969
2014-08-22,79.06596374511719
2014-08-25,81.0008544921875
2014-08-26,79.98942565917969
2014-08-27,81.88031005859375
2014-08-28,84.91456604003906
2014-09-01,83.55135345458984
2014-09-02,81.39662170410156
2014-09-03,83.90314483642578
2014-09-04,84.95854187011719
2014-09-05,88.30058288574219
2014-09-08,86.93738555908203
2014-09-09,87.99275970458984
2014-09-10,86.2337875366211
2014-09-11,88.82827758789062
2014-09-12,86.7175064086914
2014-09-15,86.45366668701172
2014-09-16,84.69468688964844
2014-09-17,81.88031005859375
2014-09-18,88.21261596679688
2014-09-19,86.54161071777344
2014-09-22,85.00250244140625
2014-09-23,85.3103256225586
2014-09-24,83.55135345458984
2014-09-25,83.06763458251953
2014-09-26,82.71583557128906
2014-09-29,84.16699981689453
2014-09-30,85.79405212402344
2014-10-01,84.47481536865234
2014-10-07,82.71583557128906
2014-10-08,83.15558624267578
2014-10-09,84.518798828125
2014-10-10,84.43083953857422
2014-10-13,84.47481536865234
2014-10-14,84.47481536865234
2014-10-15,84.47481536865234
2014-10-16,84.47481536865234
2014-10-17,82.89173126220703
2014-10-20,84.60674285888672
2014-10-21,86.36570739746094
2014-10-22,88.38854217529297
2014-10-27,89.35596466064453
2014-10-28,92.08238983154295
2014-10-29,92.52214050292967
2014-10-30,92.17034149169922
2014-10-31,92.03841400146484
2014-11-03,92.43418884277344
2014-11-05,95.51239013671876
2014-11-07,93.62149047851562
2014-11-10,92.91789245605467
2014-11-11,93.2257308959961
2014-11-12,93.66545104980467
2014-11-13,93.35763549804688
2014-11-14,93.97328186035156
2014-11-17,95.2045669555664
2014-11-18,95.02867889404295
2014-11-19,94.14918518066406
2014-11-20,92.91789245605467
2014-11-21,94.6768798828125
2014-11-24,91.73058319091795
2014-11-25,93.09381103515624
2014-11-26,93.0498275756836
2014-11-27,93.5775146484375
2014-11-28,97.93096923828124
2014-12-01,101.14110565185548
2014-12-02,103.2079086303711
2014-12-03,107.64932250976562
2014-12-04,108.7047119140625
2014-12-05,109.628173828125
2014-12-08,106.72586059570312
2014-12-09,106.24213409423828
2014-12-10,106.9017562866211
2014-12-11,103.6916275024414
2014-12-12,103.42777252197266
2014-12-15,101.4928970336914
2014-12-16,99.38214111328124
2014-12-17,98.85445404052734
2014-12-18,100.3495864868164
2014-12-19,101.888671875
2014-12-22,103.07598876953124
2014-12-23,105.49456787109376
2014-12-24,103.99945831298828
2014-12-26,105.5385513305664
2014-12-29,107.56138610839844
2014-12-30,109.3203353881836
2014-12-31,110.28778839111328
2015-01-01,109.54021453857422
2015-01-02,106.33009338378906
2015-01-05,106.11021423339844
2015-01-06,103.6916275024414
2015-01-07,101.05314636230467
2015-01-08,101.80072784423828
2015-01-09,104.74701690673828
2015-01-12,104.48316955566406
2015-01-13,104.35124969482422
2015-01-14,101.93265533447266
2015-01-15,102.32842254638672
2015-01-16,101.3169937133789
2015-01-19,102.46033477783205
2015-01-20,104.04341888427734
2015-01-21,105.40663146972656
2015-01-22,104.04341888427734
2015-01-23,104.3072738647461
2015-01-27,103.55970764160156
2015-01-28,103.9114990234375
2015-01-29,105.3626480102539
2015-01-30,106.41803741455078
2015-02-02,107.03368377685548
2015-02-03,107.12163543701172
2015-02-04,108.26496124267578
2015-02-05,107.7372589111328
2015-02-06,106.33009338378906
2015-02-09,105.58251953125
2015-02-10,103.77957153320312
2015-02-11,102.90008544921876
2015-02-12,102.15253448486328
2015-02-13,100.87727355957033
2015-02-16,98.01893615722656
2015-02-18,100.70135498046876
2015-02-19,104.52713775634766
2015-02-20,103.2958526611328
2015-02-23,99.38214111328124
2015-02-24,99.29418182373048
2015-02-25,96.65572357177734
2015-02-26,96.43585968017578
2015-02-27,99.86585235595705
2015-03-02,98.28277587890624
2015-03-03,96.65572357177734
2015-03-04,94.2811050415039
2015-03-05,93.5775146484375
2015-03-09,96.21598052978516
2015-03-10,94.14918518066406
2015-03-11,91.99443817138672
2015-03-12,92.52214050292967
2015-03-13,93.0498275756836
2015-03-16,90.7631607055664
2015-03-17,92.47814178466795
2015-03-18,92.34622955322266
2015-03-19,99.95379638671876
2015-03-20,95.86418151855467
2015-03-23,92.34622955322266
2015-03-24,92.52214050292967
2015-03-25,96.69971466064452
2015-03-26,96.7876434326172
2015-03-27,97.0075225830078
2015-03-30,100.61341094970705
2015-03-31,102.81214141845705
2015-04-01,100.7453384399414
2015-04-06,100.52547454833984
2015-04-07,99.42611694335938
2015-04-08,101.5808563232422
2015-04-09,102.240478515625
2015-04-10,98.3707275390625
2015-04-13,98.41471099853516
2015-04-15,96.39187622070312
2015-04-16,94.10520935058594
2015-04-17,94.06122589111328
2015-04-20,92.3022689819336
2015-04-21,94.76482391357422
2015-04-22,96.91956329345705
2015-04-23,93.97328186035156
2015-04-24,91.68661499023438
2015-04-27,92.34622955322266
2015-04-28,95.86418151855467
2015-04-29,96.83162689208984
2015-04-30,96.04009246826172
2015-05-04,97.71111297607422
2015-05-05,93.88534545898438
2015-05-06,91.24687957763672
2015-05-07,91.42276000976562
2015-05-08,92.39020538330078
2015-05-11,92.52214050292967
2015-05-12,91.24687957763672
2015-05-13,91.99443817138672
2015-05-14,91.4667510986328
2015-05-15,92.654052734375
2015-05-18,91.64264678955078
2015-05-19,92.17034149169922
2015-05-20,90.80712890625
2015-05-21,91.5107192993164
2015-05-22,91.59866333007812
2015-05-25,88.52046203613281
2015-05-26,87.94879150390625
2015-05-27,89.70777130126953
2015-05-28,88.60841369628906
2015-05-29,89.75174713134766
2015-06-01,89.57583618164062
2015-06-02,87.90483856201172
2015-06-03,85.22238159179688
2015-06-04,86.98136138916016
2015-06-05,88.03675079345703
2015-06-08,87.06929779052734
2015-06-09,86.45366668701172
2015-06-10,86.54161071777344
2015-06-11,84.34290313720703
2015-06-12,83.6393051147461
2015-06-15,83.15558624267578
2015-06-16,81.74839782714844
2015-06-17,86.5855941772461
2015-06-18,86.36570739746094
2015-06-19,84.07904815673828
2015-06-22,83.55135345458984
2015-06-23,83.6393051147461
2015-06-24,83.15558624267578
2015-06-25,83.72726440429688
2015-06-26,81.35263061523438
2015-06-29,81.17672729492188
2015-06-30,80.34123992919922
2015-07-01,83.6393051147461
2015-07-02,82.36404418945312
2015-07-03,80.78096771240234
2015-07-06,81.79237365722656
2015-07-07,81.0008544921875
2015-07-08,82.10018920898438
2015-07-09,81.52853393554688
2015-07-10,83.02366638183594
2015-07-13,83.6393051147461
2015-07-14,84.47481536865234
2015-07-15,85.79405212402344
2015-07-16,85.09044647216797
2015-07-17,85.13443756103516
2015-07-20,85.00250244140625
2015-07-21,84.73866271972656
2015-07-22,87.11328887939453
2015-07-23,87.20122528076172
2015-07-24,87.11328887939453
2015-07-27,85.8380126953125
2015-07-28,83.68327331542969
2015-07-29,82.67186737060547
2015-07-30,83.02366638183594
2015-07-31,83.2435302734375
2015-08-03,81.92432403564453
2015-08-04,83.02366638183594
2015-08-05,82.75981903076172
2015-08-06,81.220703125
2015-08-07,82.45198822021484
2015-08-10,80.6930160522461
2015-08-11,80.91287994384766
2015-08-12,81.52853393554688
2015-08-13,81.6164779663086
2015-08-14,81.220703125
2015-08-17,80.82493591308594
2015-08-18,80.47314453125
2015-08-19,81.7044448852539
2015-08-20,82.49597930908203
2015-08-21,80.38519287109375
2015-08-24,76.8232650756836
2015-08-25,76.69134521484375
2015-08-26,77.4828872680664
2015-08-27,77.57083892822266
2015-08-28,77.21903991699219
2015-08-31,76.51544952392578
2015-09-01,76.33956909179688
2015-09-02,76.69134521484375
2015-09-03,76.29557800292969
2015-09-04,74.27276611328125
2015-09-07,73.6131362915039
2015-09-08,74.5365982055664
2015-09-09,76.77931213378906
2015-09-10,76.69134521484375
2015-09-11,78.49430847167969
2015-09-14,79.1539077758789
2015-09-15,77.4828872680664
2015-09-16,78.40634155273438
2015-09-18,77.7027587890625
2015-09-21,76.95518493652344
2015-09-22,80.42916870117188
2015-09-23,79.98942565917969
2015-09-24,79.19789123535156
2015-09-28,78.36237335205078
2015-09-29,76.77931213378906
2015-09-30,75.679931640625
2015-10-01,75.54800415039062
2015-10-05,77.61479949951172
2015-10-06,77.79070281982422
2015-10-07,80.25326538085938
2015-10-08,77.74674224853516
2015-10-09,79.50569915771484
2015-10-12,77.04314422607422
2015-10-13,76.47147369384766
2015-10-14,77.39494323730469
2015-10-15,77.1750717163086
2015-10-16,76.73531341552734
2015-10-19,77.3509521484375
2015-10-20,79.06596374511719
2015-10-21,79.63762664794922
2015-10-23,80.20929718017578
2015-10-26,80.51712036132812
2015-10-27,80.16532135009766
2015-10-28,82.75981903076172
2015-10-29,83.55135345458984
2015-10-30,87.20122528076172
2015-11-02,84.69468688964844
2015-11-03,84.73866271972656
2015-11-04,85.79405212402344
2015-11-05,83.50737762451172
2015-11-06,83.46340942382812
2015-11-09,87.46508026123047
2015-11-10,85.3103256225586
2015-11-13,83.15558624267578
2015-11-16,81.79237365722656
2015-11-17,81.26469421386719
2015-11-18,81.83636474609375
2015-11-19,80.8689193725586
2015-11-20,79.94544219970703
2015-11-23,78.8460922241211
2015-11-24,80.51712036132812
2015-11-26,81.26469421386719
2015-11-27,81.92432403564453
2015-11-30,82.40802764892578
2015-12-01,82.67186737060547
2015-12-02,91.5546875
2015-12-03,96.61174774169922
2015-12-04,94.3250732421875
2015-12-07,92.39020538330078
2015-12-08,94.5449447631836
2015-12-09,92.34622955322266
2015-12-10,94.14918518066406
2015-12-11,94.80879974365234
2015-12-14,93.92930603027344
2015-12-15,96.43585968017578
2015-12-16,94.5449447631836
2015-12-17,98.28277587890624
2015-12-18,97.53520965576172
2015-12-21,99.55803680419922
2015-12-22,98.50264739990234
2015-12-23,101.71277618408205
2015-12-24,103.9114990234375
2015-12-28,101.75674438476562
2015-12-29,100.3935317993164
2015-12-30,101.5808563232422
2015-12-31,102.68021392822266
2016-01-01,105.93431091308594
2016-01-04,105.31867980957033
2016-01-05,104.7030258178711
2016-01-06,103.9114990234375
2016-01-07,103.82355499267578
2016-01-08,104.65907287597656
2016-01-11,108.04509735107422
2016-01-12,106.41803741455078
2016-01-13,105.14276885986328
2016-01-14,102.85610961914062
2016-01-15,99.47008514404295
2016-01-18,94.98469543457033
2016-01-19,94.41302490234376
2016-01-20,96.30393981933594
2016-01-21,94.45700073242188
2016-01-22,96.43585968017578
2016-01-25,98.19481658935548
2016-01-27,97.09547424316406
2016-01-28,98.1068878173828
2016-01-29,98.45866394042967
2016-02-01,96.8755874633789
2016-02-02,97.6231689453125
2016-02-03,96.7436752319336
2016-02-04,98.23880767822266
2016-02-05,98.50264739990234
2016-02-08,100.7453384399414
2016-02-09,97.71111297607422
2016-02-10,97.6231689453125
2016-02-11,94.14918518066406
2016-02-12,90.4993133544922
2016-02-15,91.95044708251952
2016-02-16,90.54327392578124
2016-02-17,89.35596466064453
2016-02-18,88.47648620605469
2016-02-19,89.22405242919922
2016-02-22,87.94879150390625
2016-02-23,87.90483856201172
2016-02-24,87.90483856201172
2016-02-25,87.3331527709961
2016-02-26,87.28916931152344
2016-02-29,86.3217544555664
2016-03-01,87.99275970458984
2016-03-02,87.94879150390625
2016-03-03,87.99275970458984
2016-03-04,87.72891998291016
2016-03-08,86.2337875366211
2016-03-09,86.84944152832031
2016-03-10,86.98136138916016
2016-03-11,86.14584350585938
2016-03-14,85.26636505126953
2016-03-15,82.58390808105469
2016-03-16,81.79237365722656
2016-03-17,82.75981903076172
2016-03-18,84.0350570678711
2016-03-21,86.05789947509766
2016-03-22,84.5627670288086
2016-03-23,86.67353057861328
2016-03-28,83.81520080566406
2016-03-29,88.34457397460938
2016-03-30,90.1035385131836
2016-03-31,87.02532958984375
2016-04-01,88.43250274658203
2016-04-04,88.03675079345703
2016-04-05,87.59700775146484
2016-04-06,89.79571533203125
2016-04-07,88.43250274658203
2016-04-08,89.88365936279297
2016-04-11,89.44392395019531
2016-04-12,91.15892028808594
2016-04-13,92.47814178466795
2016-04-18,95.46842193603516
2016-04-20,92.43418884277344
2016-04-21,90.3673858642578
2016-04-22,92.43418884277344
2016-04-25,92.43418884277344
2016-04-26,92.43418884277344
2016-04-27,92.39020538330078
2016-04-28,92.82996368408205
2016-04-29,92.52214050292967
2016-05-02,91.3348159790039
2016-05-03,92.25828552246094
2016-05-04,94.06122589111328
2016-05-05,92.7859878540039
2016-05-06,91.86251068115234
2016-05-09,92.25828552246094
2016-05-10,92.69802856445312
2016-05-11,92.5661163330078
2016-05-12,93.62149047851562
2016-05-13,98.89840698242188
2016-05-16,101.8447036743164
2016-05-17,101.44894409179688
2016-05-18,100.70135498046876
2016-05-19,99.38214111328124
2016-05-20,99.2062530517578
2016-05-23,101.1850814819336
2016-05-24,100.30558776855467
2016-05-25,101.44894409179688
2016-05-26,101.22907257080078
2016-05-27,102.32842254638672
2016-05-30,103.82355499267578
2016-05-31,103.42777252197266
2016-06-01,105.14276885986328
2016-06-02,109.36432647705078
2016-06-03,107.51738739013672
2016-06-06,108.30894470214844
2016-06-07,108.66072082519533
2016-06-08,110.90343475341795
2016-06-09,109.97998046875
2016-06-10,110.37572479248048
2016-06-13,108.44085693359376
2016-06-14,109.58419799804688
2016-06-15,112.22266387939452
2016-06-16,114.42138671875
2016-06-17,117.71945190429688
2016-06-20,116.7959976196289
2016-06-21,114.42138671875
2016-06-22,115.12498474121094
2016-06-23,116.0484390258789
2016-06-24,114.7292022705078
2016-06-27,115.08098602294922
2016-06-28,112.48651123046876
2016-06-29,114.33343505859376
2016-06-30,112.3545913696289
2016-07-01,113.80574035644533
2016-07-04,115.2129135131836
2016-07-05,112.79431915283205
2016-07-07,113.19010162353516
2016-07-08,112.88227081298828
2016-07-11,115.08098602294922
2016-07-12,114.68522644042967
2016-07-13,114.46534729003906
2016-07-14,116.88394927978516
2016-07-15,115.96047973632812
2016-07-18,115.12498474121094
2016-07-19,116.75203704833984
2016-07-20,118.55498504638672
2016-07-21,117.4116439819336
2016-07-22,116.97189331054688
2016-07-25,117.01587677001952
2016-07-26,115.6086883544922
2016-07-27,118.9067611694336
2016-07-28,120.26998138427734
2016-07-29,118.20317840576172
2016-08-01,117.01587677001952
2016-08-02,117.89537048339844
2016-08-03,117.85137939453124
2016-08-04,116.0484390258789
2016-08-05,117.54356384277344
2016-08-08,115.16893768310548
2016-08-09,113.8936996459961
2016-08-10,111.87085723876952
2016-08-11,112.88227081298828
2016-08-12,112.00072479248048
2016-08-16,112.39742279052734
2016-08-17,117.64263153076172
2016-08-18,116.93738555908205
2016-08-19,119.5379638671875
2016-08-22,114.46907043457033
2016-08-23,114.1605224609375
2016-08-24,115.08614349365234
2016-08-25,116.05584716796876
2016-08-26,114.2486801147461
2016-08-29,113.89606475830078
2016-08-30,115.747314453125
2016-08-31,114.689453125
2016-09-01,113.14673614501952
2016-09-02,111.25141143798828
2016-09-06,117.8630142211914
2016-09-07,119.09718322753906
2016-09-08,118.12747955322266
2016-09-09,114.64535522460938
2016-09-12,111.20733642578124
2016-09-14,111.20733642578124
2016-09-15,112.17703247070312
2016-09-16,112.6178207397461
2016-09-19,111.16326141357422
2016-09-20,111.0750961303711
2016-09-21,112.00072479248048
2016-09-22,113.89606475830078
2016-09-23,116.93738555908205
2016-09-26,114.55721282958984
2016-09-27,114.46907043457033
2016-09-28,115.08614349365234
2016-09-29,113.01451110839844
2016-09-30,114.99799346923828
2016-10-03,115.747314453125
2016-10-04,115.61508178710938
2016-10-05,113.89606475830078
2016-10-06,115.52692413330078
2016-10-07,112.57373046875
2016-10-10,112.7500457763672
2016-10-13,112.22111511230467
2016-10-14,113.19082641601562
2016-10-17,113.85195922851562
2016-10-18,114.0723648071289
2016-10-19,113.4552764892578
2016-10-20,114.51313018798828
2016-10-21,116.98147583007812
2016-10-24,114.02828979492188
2016-10-25,110.63431549072266
2016-10-26,105.4772720336914
2016-10-27,101.33399200439452
2016-10-28,101.7747573852539
2016-11-01,103.1852569580078
2016-11-02,101.06951904296876
2016-11-03,96.1328582763672
2016-11-04,99.48274230957033
2016-11-07,100.3202133178711
2016-11-08,100.89321899414062
2016-11-09,96.08877563476562
2016-11-10,92.47442626953124
2016-11-11,86.83250427246094
2016-11-15,81.80769348144531
2016-11-16,83.43856048583984
2016-11-17,79.8682861328125
2016-11-18,80.35313415527344
2016-11-21,79.95643615722656
2016-11-22,83.5267105102539
2016-11-23,84.7608871459961
2016-11-24,83.79116821289062
2016-11-25,85.68650817871094
2016-11-28,89.25679016113281
2016-11-29,92.34220123291016
2016-11-30,89.87385559082031
2016-12-01,88.24299621582031
2016-12-02,87.53775787353516
2016-12-05,86.39173889160156
2016-12-06,86.56805419921875
2016-12-07,86.70027160644531
2016-12-08,88.68376922607422
2016-12-09,91.41656494140624
2016-12-12,89.78569793701172
2016-12-13,89.78569793701172
2016-12-14,87.405517578125
2016-12-15,87.00882720947266
2016-12-16,87.53775787353516
2016-12-19,86.7884521484375
2016-12-20,84.71681213378906
2016-12-21,84.23194885253906
2016-12-22,83.6148681640625
2016-12-23,83.96748352050781
2016-12-26,85.37796020507812
2016-12-27,86.92066955566406
2016-12-28,86.03912353515625
2016-12-29,86.34766387939453
2016-12-30,86.87659454345703
2017-01-02,86.70027160644531
2017-01-03,85.64242553710938
2017-01-04,85.24573516845703
2017-01-05,83.74710083007812
2017-01-06,84.40825653076172
2017-01-09,85.77465057373047
2017-01-10,85.81874084472656
2017-01-11,86.17134857177734
2017-01-12,88.55155181884766
2017-01-13,90.40280151367188
2017-01-16,89.82978820800781
2017-01-17,90.62317657470705
2017-01-18,94.19344329833984
2017-01-19,95.64800262451172
2017-01-20,94.36976623535156
2017-01-23,96.0006103515625
2017-01-24,96.0006103515625
2017-01-25,96.44139099121094
2017-01-27,98.46895599365234
2017-01-30,96.92626190185548
2017-01-31,95.25131225585938
2017-02-01,98.0281753540039
2017-02-02,97.1466293334961
2017-02-03,96.35323333740234
2017-02-06,101.33399200439452
2017-02-07,100.54058837890624
2017-02-08,101.9070053100586
2017-02-09,103.67009735107422
2017-02-10,103.67009735107422
2017-02-13,102.17146301269533
2017-02-14,103.49378204345705
2017-02-15,105.0364990234375
2017-02-16,106.0502700805664
2017-02-17,102.56815338134766
2017-02-20,106.0502700805664
2017-02-21,109.4442367553711
2017-02-22,107.90151977539062
2017-02-23,107.50482940673828
2017-02-27,106.4469757080078
2017-02-28,110.59024810791016
2017-03-01,111.0750961303711
2017-03-02,108.82715606689452
2017-03-03,106.53512573242188
2017-03-06,105.34503173828124
2017-03-07,107.90151977539062
2017-03-08,108.16600036621094
2017-03-09,106.71142578125
2017-03-10,106.66736602783205
2017-03-14,106.53512573242188
2017-03-15,107.54891204833984
2017-03-16,107.19628143310548
2017-03-17,108.4304428100586
2017-03-20,107.90151977539062
2017-03-21,108.2982177734375
2017-03-22,107.54891204833984
2017-03-23,109.62054443359376
2017-03-24,109.04753875732422
2017-03-27,108.4304428100586
2017-03-28,109.92908477783205
2017-03-29,110.4139404296875
2017-03-30,111.55996704101562
2017-03-31,111.86849975585938
2017-04-03,112.22111511230467
2017-04-05,115.30653381347656
2017-04-06,114.46907043457033
2017-04-07,114.90982818603516
2017-04-10,113.9401397705078
2017-04-11,113.9401397705078
2017-04-12,112.92634582519533
2017-04-13,113.01451110839844
2017-04-17,112.66188049316406
2017-04-18,113.41119384765624
2017-04-19,112.79411315917967
2017-04-20,111.55996704101562
2017-04-21,111.4718017578125
2017-04-24,110.98694610595705
2017-04-25,111.60401916503906
2017-04-26,111.8244171142578
2017-04-27,110.8547134399414
2017-04-28,113.14673614501952
2017-05-02,113.8079071044922
2017-05-03,112.92634582519533
2017-05-04,113.8079071044922
2017-05-05,113.67567443847656
2017-05-08,113.67567443847656
2017-05-09,114.689453125
2017-05-10,116.80516815185548
2017-05-11,118.30378723144533
2017-05-12,117.33409118652344
2017-05-15,120.90435028076172
2017-05-16,127.16334533691406
2017-05-17,126.3699722290039
2017-05-18,122.09445190429688
2017-05-19,122.755615234375
2017-05-22,124.386474609375
2017-05-23,120.68396759033205
2017-05-24,120.1109619140625
2017-05-25,120.63990020751952
2017-05-26,121.21290588378906
2017-05-29,116.71700286865234
2017-05-30,116.1439971923828
2017-05-31,120.86029052734376
2017-06-01,118.52418518066406
2017-06-02,120.06689453125
2017-06-05,119.93466186523438
2017-06-06,119.89058685302734
2017-06-07,121.16883087158205
2017-06-08,119.93466186523438
2017-06-09,116.58477020263672
2017-06-12,113.58750915527344
2017-06-13,112.26519012451172
2017-06-14,112.92634582519533
2017-06-15,113.98419952392578
2017-06-16,112.08888244628906
2017-06-19,110.36986541748048
2017-06-20,111.25141143798828
2017-06-21,113.89606475830078
2017-06-22,113.8079071044922
2017-06-23,115.26245880126952
2017-06-27,114.2927474975586
2017-06-28,112.92634582519533
2017-06-29,113.4552764892578
2017-06-30,117.95118713378906
2017-07-03,115.08614349365234
2017-07-04,111.95664978027344
2017-07-05,112.39742279052734
2017-07-06,112.22111511230467
2017-07-07,112.17703247070312
2017-07-10,112.30926513671876
2017-07-11,110.98694610595705
2017-07-12,110.14948272705078
2017-07-13,110.72247314453124
2017-07-14,109.75277709960938
2017-07-17,108.73900604248048
2017-07-18,108.47454071044922
2017-07-19,109.53239440917967
2017-07-20,112.30926513671876
2017-07-21,111.38363647460938
2017-07-24,112.00072479248048
2017-07-25,110.67840576171876
2017-07-26,109.53239440917967
2017-07-27,110.50209045410156
2017-07-28,108.6949234008789
2017-07-31,109.885009765625
2017-08-01,112.0447998046875
2017-08-02,113.98419952392578
2017-08-03,111.86849975585938
2017-08-04,112.83820343017578
2017-08-07,113.7638168334961
2017-08-08,114.55721282958984
2017-08-09,111.20733642578124
2017-08-10,109.9731674194336
2017-08-11,108.20509338378906
2017-08-14,110.54778289794922
2017-08-16,111.34339904785156
2017-08-17,111.8296127319336
2017-08-18,109.57534790039062
2017-08-21,105.99504089355467
2017-08-22,98.5250015258789
2017-08-23,98.70178985595705
2017-08-24,98.03878021240234
2017-08-28,99.76262664794922
2017-08-29,101.44229125976562
2017-08-30,101.66329193115234
2017-08-31,105.06680297851562
2017-09-01,104.31537628173828
2017-09-04,104.27118682861328
2017-09-05,106.1276397705078
2017-09-06,105.64141082763672
2017-09-07,103.65234375
2017-09-08,101.751708984375
2017-09-11,106.21603393554688
2017-09-12,106.4812469482422
2017-09-13,104.8458023071289
2017-09-14,104.93419647216795
2017-09-15,102.5473175048828
2017-09-18,102.01689910888672
2017-09-19,101.3538818359375
2017-09-20,101.751708984375
2017-09-21,101.57489013671876
2017-09-22,99.099609375
2017-09-25,100.82345581054688
2017-09-26,105.50882720947266
2017-09-27,104.4479751586914
2017-09-28,104.22697448730467
2017-09-29,102.8125228881836
2017-10-03,107.76309967041016
2017-10-04,104.28379821777344
2017-10-05,102.7724380493164
2017-10-06,102.1112060546875
2017-10-09,101.7333755493164
2017-10-10,99.41911315917967
2017-10-11,99.74971771240234
2017-10-12,98.5217514038086
2017-10-13,99.41911315917967
2017-10-16,102.01675415039062
2017-10-17,103.95319366455078
2017-10-18,107.1648178100586
2017-10-19,107.77881622314452
2017-10-23,106.55084228515624
2017-10-24,105.1339340209961
2017-10-25,106.83421325683594
2017-10-26,106.78699493408205
2017-10-27,105.93685150146484
2017-10-30,108.10942840576172
2017-10-31,106.97591400146484
2017-11-01,108.39280700683594
2017-11-02,107.8732681274414
2017-11-03,108.15666198730467
2017-11-06,108.15666198730467
2017-11-07,106.07852935791016
2017-11-08,104.14210510253906
2017-11-09,105.1339340209961
2017-11-10,105.74793243408205
2017-11-13,106.6925277709961
2017-11-14,105.8423843383789
2017-11-15,105.74793243408205
2017-11-16,104.80332946777344
2017-11-17,105.65348052978516
2017-11-20,104.6144027709961
2017-11-21,104.85055541992188
2017-11-22,104.80332946777344
2017-11-23,112.12397003173828
2017-11-24,114.06040954589844
2017-11-27,115.66622161865234
2017-11-28,113.16303253173828
2017-11-29,116.6580581665039
2017-11-30,116.75251770019533
2017-12-01,113.06856536865234
2017-12-04,113.77702331542967
2017-12-05,116.37467193603516
2017-12-06,114.15486907958984
2017-12-07,115.0994644165039
2017-12-08,114.15486907958984
2017-12-11,113.25749206542967
2017-12-12,113.9659423828125
2017-12-13,113.5881118774414
2017-12-14,113.44641876220705
2017-12-15,113.21027374267578
2017-12-18,113.68256378173828
2017-12-19,111.3210678100586
2017-12-20,111.3210678100586
2017-12-21,113.02135467529295
2017-12-22,113.06856536865234
2017-12-26,113.11580657958984
2017-12-27,111.69889831542967
2017-12-28,110.99047088623048
2017-12-29,111.27384185791016
2018-01-01,111.93505859375
2018-01-02,111.93505859375
2018-01-03,114.62716674804688
2018-01-04,118.92510223388672
2018-01-05,125.4428253173828
2018-01-08,132.8107147216797
2018-01-09,134.2748565673828
2018-01-10,135.21942138671875
2018-01-11,135.59725952148438
2018-01-12,133.66085815429688
2018-01-15,133.33023071289062
2018-01-16,136.5418701171875
2018-01-17,140.41473388671875
2018-01-18,132.8107147216797
2018-01-19,134.55821228027344
2018-01-22,142.30393981933594
2018-01-23,148.06597900390625
2018-01-24,142.68174743652344
2018-01-25,141.12318420410156
2018-01-29,133.70809936523438
2018-01-30,135.59725952148438
2018-01-31,130.54367065429688
2018-02-01,130.68533325195312
2018-02-02,121.85334014892578
2018-02-05,128.41830444335938
2018-02-06,127.99322509765624
2018-02-07,124.54547119140624
2018-02-08,129.26846313476562
2018-02-09,129.3629150390625
2018-02-12,130.4019775390625
2018-02-14,128.08773803710938
2018-02-15,126.76526641845705
2018-02-16,125.8206558227539
2018-02-19,129.78797912597656
2018-02-20,128.27662658691406
2018-02-21,125.3011474609375
2018-02-22,125.20668029785156
2018-02-23,124.16761779785156
2018-02-26,125.49006652832033
2018-02-27,130.73257446289062
2018-02-28,129.55184936523438
2018-03-01,129.41015625
2018-03-05,127.00142669677734
2018-03-06,126.48188018798828
2018-03-07,125.39559936523438
2018-03-08,122.2784194946289
2018-03-09,121.47550964355467
2018-03-12,121.5699691772461
2018-03-13,122.79794311523438
2018-03-14,123.5063934326172
2018-03-15,125.63175964355467
2018-03-16,122.79794311523438
2018-03-19,122.2784194946289
2018-03-20,121.85334014892578
2018-03-21,121.52274322509766
2018-03-22,122.08950805664062
2018-03-23,120.43644714355467
2018-03-26,118.594482421875
2018-03-27,122.13673400878906
2018-03-28,122.23119354248048
2018-04-02,128.89060974121094
2018-04-03,130.874267578125
2018-04-04,128.60723876953125
2018-04-05,128.89060974121094
2018-04-06,128.0404815673828
2018-04-09,129.8824462890625
2018-04-10,127.56817626953124
2018-04-11,127.04864501953124
2018-04-12,125.72620391845705
2018-04-13,130.59088134765625
2018-04-16,132.29116821289062
2018-04-17,139.04505920410156
2018-04-18,144.0986785888672
2018-04-19,141.0287322998047
2018-04-20,138.76165771484375
2018-04-23,141.31210327148438
2018-04-24,141.45379638671875
2018-04-25,138.00599670410156
2018-04-26,138.66722106933594
2018-04-27,134.98329162597656
2018-04-30,139.75352478027344
2018-05-02,139.37567138671875
2018-05-03,136.4001922607422
2018-05-04,133.47193908691406
2018-05-07,137.3447723388672
2018-05-08,136.1640167236328
2018-05-09,134.60546875
2018-05-10,131.91334533691406
2018-05-11,131.77166748046875
2018-05-14,128.32386779785156
2018-05-15,128.0404815673828
2018-05-16,128.74893188476562
2018-05-17,131.5827178955078
2018-05-18,130.26028442382812
2018-05-21,132.0078125
2018-05-22,132.05499267578125
2018-05-23,129.07952880859375
2018-05-24,129.07952880859375
2018-05-25,129.07952880859375
2018-05-28,134.88880920410156
2018-05-29,138.19491577148438
2018-05-30,135.97512817382812
2018-05-31,134.08592224121094
2018-06-01,131.86611938476562
2018-06-04,128.79617309570312
2018-06-05,125.8206558227539
2018-06-06,126.57634735107422
2018-06-07,130.4019775390625
2018-06-08,133.4246826171875
2018-06-11,130.82704162597656
2018-06-12,130.49642944335938
2018-06-13,128.41830444335938
2018-06-14,127.85154724121094
2018-06-15,125.06499481201172
2018-06-18,127.33203887939452
2018-06-19,126.00959014892578
2018-06-20,126.00959014892578
2018-06-21,126.1040496826172
2018-06-22,128.1821746826172
2018-06-25,125.34837341308594
2018-06-26,125.6789779663086
2018-06-27,123.78978729248048
2018-06-28,121.00321197509766
2018-06-29,124.73439025878906
2018-07-02,122.9868621826172
2018-07-03,124.07315826416016
2018-07-04,123.7425537109375
2018-07-05,119.86968231201172
2018-07-06,120.10584259033205
2018-07-09,120.38922119140624
2018-07-10,120.38922119140624
2018-07-11,121.38417053222656
2018-07-12,120.19971466064452
2018-07-13,119.44165802001952
2018-07-16,118.87310028076172
2018-07-17,122.56864166259766
2018-07-18,122.1422348022461
2018-07-19,122.3791275024414
2018-07-20,121.2894287109375
2018-07-23,121.7158203125
2018-07-24,121.7158203125
2018-07-25,123.80048370361328
2018-07-26,122.56864166259766
2018-07-27,122.94767761230467
2018-07-30,125.7903823852539
2018-07-31,126.02730560302734
2018-08-01,122.80553436279295
2018-08-02,122.09485626220705
2018-08-03,123.2793197631836
2018-08-06,123.18456268310548
2018-08-07,119.96280670166016
2018-08-08,119.91543579101562
2018-08-09,121.38417053222656
2018-08-10,117.3569793701172
2018-08-13,119.34688568115234
2018-08-14,118.49407958984376
2018-08-16,117.54649353027344
2018-08-17,120.76824951171876
2018-08-20,119.58379364013672
2018-08-21,122.47388458251952
2018-08-23,119.82068634033205
2018-08-24,119.58379364013672
2018-08-27,119.72591400146484
2018-08-28,119.63115692138672
2018-08-29,121.85794830322266
2018-08-30,127.82766723632812
2018-08-31,130.0544891357422
2018-09-03,129.20164489746094
2018-09-04,124.22688293457033
2018-09-05,121.7158203125
2018-09-06,120.957763671875
2018-09-07,122.3791275024414
2018-09-10,122.99505615234376
2018-09-11,121.81057739257812
2018-09-12,120.76824951171876
2018-09-14,123.18456268310548
2018-09-17,122.99505615234376
2018-09-18,122.18962097167967
2018-09-19,122.0474853515625
2018-09-21,120.43659973144533
2018-09-24,117.83078002929688
2018-09-25,118.87310028076172
2018-09-26,119.58379364013672
2018-09-27,121.4315414428711
2018-09-28,129.72283935546875
2018-10-01,121.85794830322266
2018-10-03,118.1150360107422
2018-10-04,117.0253448486328
2018-10-05,118.0676727294922
2018-10-08,112.61910247802734
2018-10-09,112.47698211669922
2018-10-10,114.0404815673828
2018-10-11,116.64630889892578
2018-10-12,118.6362075805664
2018-10-15,120.24707794189452
2018-10-16,117.4991226196289
2018-10-17,118.87310028076172
2018-10-19,115.8408660888672
2018-10-22,121.52630615234376
2018-10-23,118.30455017089844
2018-10-24,118.6362075805664
2018-10-25,120.76824951171876
2018-10-26,121.85794830322266
2018-10-29,120.19971466064452
2018-10-30,120.34183502197266
2018-10-31,122.0474853515625
2018-11-01,123.94261169433594
2018-11-02,124.17952728271484
2018-11-05,124.93758392333984
2018-11-06,123.75311279296876
2018-11-07,124.6532974243164
2018-11-09,125.03234100341795
2018-11-12,123.75311279296876
2018-11-13,124.3690185546875
2018-11-14,124.17952728271484
2018-11-15,124.3690185546875
2018-11-16,128.58572387695312
2018-11-19,127.16437530517578
2018-11-20,127.68551635742188
2018-11-21,127.82766723632812
2018-11-22,131.6179656982422
2018-11-26,130.48089599609375
2018-11-27,130.5282440185547
2018-11-28,130.48089599609375
2018-11-29,133.65525817871094
2018-11-30,136.68748474121094
2018-12-03,134.50807189941406
2018-12-04,136.11892700195312
2018-12-05,139.00901794433594
2018-12-06,139.10382080078125
2018-12-07,136.4980010986328
2018-12-10,132.99195861816406
2018-12-11,137.1138916015625
2018-12-12,143.17837524414062
2018-12-13,141.04632568359375
2018-12-14,142.1834259033203
2018-12-17,139.34068298339844
2018-12-18,137.398193359375
2018-12-19,141.0937042236328
2018-12-20,138.25099182128906
2018-12-21,139.10382080078125
2018-12-24,138.39309692382812
2018-12-26,139.86184692382812
2018-12-27,139.86184692382812
2018-12-28,140.6672821044922
2018-12-31,139.95663452148438
2019-01-01,138.3457489013672
2019-01-02,134.4132843017578
2019-01-03,136.9243621826172
2019-01-04,135.50303649902344
2019-01-07,137.3507843017578
2019-01-08,134.4132843017578
2019-01-09,134.31854248046875
2019-01-10,133.89215087890625
2019-01-11,133.18145751953125
2019-01-14,132.4707794189453
2019-01-15,131.66534423828125
2019-01-16,132.4707794189453
2019-01-17,130.14923095703125
2019-01-18,129.58070373535156
2019-01-21,129.72283935546875
2019-01-22,129.81756591796875
2019-01-23,130.2913818359375
2019-01-24,128.53836059570312
2019-01-25,126.50109100341795
2019-01-28,130.0544891357422
2019-01-29,126.88009643554688
2019-01-30,126.35894775390624
2019-01-31,134.60281372070312
2019-02-01,136.2136993408203
2019-02-04,137.30340576171875
2019-02-05,135.50303649902344
2019-02-06,134.2711639404297
2019-02-07,132.5655517578125
2019-02-08,130.007080078125
2019-02-11,128.2540740966797
2019-02-12,128.7278594970703
2019-02-14,130.1018524169922
2019-02-15,129.48593139648438
2019-02-18,127.54338836669922
2019-02-19,130.57565307617188
2019-02-20,131.523193359375
2019-02-21,134.98184204101562
2019-02-22,135.40826416015625
2019-02-25,134.69757080078125
2019-02-26,132.51817321777344
2019-02-27,129.77020263671875
2019-02-28,131.428466796875
2019-03-01,131.0020294189453
2019-03-05,131.66534423828125
2019-03-06,132.4234161376953
2019-03-07,134.74493408203125
2019-03-08,136.9717559814453
2019-03-11,136.5927276611328
2019-03-12,143.1309814453125
2019-03-13,145.8789520263672
2019-03-14,142.0886688232422
2019-03-15,141.33059692382812
2019-03-18,142.84671020507812
2019-03-19,141.80438232421875
2019-03-20,140.19349670410156
2019-03-22,140.3830108642578
2019-03-25,140.477783203125
2019-03-26,142.84671020507812
2019-03-27,143.32052612304688
2019-03-28,143.9838104248047
2019-04-01,146.73175048828125
2019-04-02,149.29022216796875
2019-04-03,146.73175048828125
2019-04-04,145.78419494628906
2019-04-05,147.48983764648438
2019-04-08,149.3376007080078
2019-04-09,144.26808166503906
2019-04-10,144.74185180664062
2019-04-11,143.8890380859375
2019-04-12,143.27313232421875
2019-04-15,145.26303100585938
2019-04-16,145.97369384765625
2019-04-18,145.31040954589844
2019-04-22,145.8789520263672
2019-04-23,143.60475158691406
2019-04-24,144.41021728515625
2019-04-25,144.41021728515625
2019-04-26,144.36282348632812
2019-04-30,146.25796508789062
2019-05-02,144.97874450683594
2019-05-03,145.02615356445312
2019-05-06,144.6945037841797
2019-05-07,142.84671020507812
2019-05-08,139.4828338623047
2019-05-09,140.0039825439453
2019-05-10,138.91429138183594
2019-05-13,135.78729248046875
2019-05-14,136.3084716796875
2019-05-15,136.2136993408203
2019-05-16,134.50807189941406
2019-05-17,135.55039978027344
2019-05-20,141.52011108398438
2019-05-21,141.18846130371094
2019-05-22,140.57254028320312
2019-05-23,140.6199188232422
2019-05-24,143.55740356445312
2019-05-27,144.78924560546875
2019-05-28,144.97874450683594
2019-05-29,141.70962524414062
2019-05-30,143.65216064453125
2019-05-31,148.9111785888672
2019-06-03,146.96864318847656
2019-06-04,144.78924560546875
2019-06-06,142.1834259033203
2019-06-07,141.56748962402344
2019-06-10,138.86688232421875
2019-06-11,141.89913940429688
2019-06-12,141.4712677001953
2019-06-13,139.90255737304688
2019-06-14,138.9993438720703
2019-06-17,139.0944366455078
2019-06-18,141.04345703125
2019-06-19,139.7599334716797
2019-06-20,142.51712036132812
2019-06-21,143.372802734375
2019-06-24,146.41519165039062
2019-06-25,150.97879028320312
2019-06-26,151.16891479492188
2019-06-27,150.5509490966797
2019-06-28,149.79034423828125
2019-07-01,146.3201141357422
2019-07-02,145.41690063476562
2019-07-03,144.51368713378906
2019-07-04,144.65631103515625
2019-07-05,143.04005432128906
2019-07-08,140.56808471679688
2019-07-09,140.47300720214844
2019-07-10,140.99591064453125
2019-07-11,141.6614532470703
2019-07-12,140.90086364746094
2019-07-15,137.33554077148438
2019-07-16,137.90599060058594
2019-07-17,139.3321075439453
2019-07-18,140.61563110351562
2019-07-19,137.90599060058594
2019-07-22,138.19122314453125
2019-07-23,136.4323272705078
2019-07-24,140.66314697265625
2019-07-25,138.2863006591797
2019-07-26,137.09786987304688
2019-07-29,132.6768798828125
2019-07-30,136.76510620117188
2019-07-31,136.2421875
2019-08-01,133.77023315429688
2019-08-02,131.10813903808594
2019-08-05,128.7312774658203
2019-08-06,134.3406982421875
2019-08-07,133.0096435546875
2019-08-08,133.86534118652344
2019-08-09,133.3899383544922
2019-08-13,129.6820068359375
2019-08-14,128.0657501220703
2019-08-16,125.92657470703124
2019-08-19,128.35098266601562
2019-08-20,125.16597747802734
2019-08-21,122.97925567626952
2019-08-22,119.9368667602539
2019-08-23,129.2541961669922
2019-08-26,129.30172729492188
2019-08-27,130.87046813964844
2019-08-28,131.7261505126953
2019-08-29,132.05889892578125
2019-08-30,132.15399169921875
2019-09-03,127.73299407958984
2019-09-04,126.4495086669922
2019-09-05,125.4987335205078
2019-09-06,126.3068618774414
2019-09-09,128.30343627929688
2019-09-11,128.0657501220703
2019-09-12,127.82805633544922
2019-09-13,126.2117919921875
2019-09-16,126.3068618774414
2019-09-17,123.644775390625
2019-09-18,127.49530792236328
2019-09-19,128.2083740234375
2019-09-20,141.70896911621094
2019-09-23,152.54750061035156
2019-09-24,151.97706604003906
2019-09-25,147.31837463378906
2019-09-26,147.31837463378906
2019-09-27,146.843017578125
2019-09-30,151.92953491210938
2019-10-01,145.79721069335938
2019-10-03,146.9856414794922
2019-10-04,148.36424255371094
2019-10-07,148.50685119628906
2019-10-09,146.4627227783203
2019-10-10,144.37107849121094
2019-10-11,143.23019409179688
2019-10-14,144.51368713378906
2019-10-15,141.70896911621094
2019-10-16,141.6614532470703
2019-10-17,144.37107849121094
2019-10-18,142.04176330566406
2019-10-22,144.79891967773438
2019-10-23,142.99249267578125
2019-10-24,143.8957061767578
2019-10-25,143.42034912109375
2019-10-27,144.65631103515625
2019-10-29,143.8006591796875
2019-10-30,142.61219787597656
2019-10-31,144.51368713378906
2019-11-01,143.65802001953125
2019-11-04,145.03662109375
2019-11-05,144.038330078125
2019-11-06,143.84815979003906
2019-11-07,143.42034912109375
2019-11-08,141.9942169189453
2019-11-11,139.3321075439453
2019-11-13,148.2216033935547
2019-11-14,147.60360717773438
2019-11-15,147.033203125
2019-11-18,146.74794006347656
2019-11-19,145.74966430664062
2019-11-20,144.70384216308594
2019-11-21,144.32354736328125
2019-11-22,142.23190307617188
2019-11-25,144.32354736328125
2019-11-26,140.80575561523438
2019-11-27,142.27944946289062
2019-11-28,141.42376708984375
2019-11-29,142.04176330566406
2019-12-02,141.4712677001953
2019-12-03,141.32867431640625
2019-12-04,141.32867431640625
2019-12-05,140.85330200195312
2019-12-06,141.04345703125
2019-12-09,140.85330200195312
2019-12-10,139.42718505859375
2019-12-11,139.237060546875
2019-12-12,136.4323272705078
2019-12-13,139.42718505859375
2019-12-16,139.04690551757812
2019-12-17,142.13682556152344
2019-12-18,138.04861450195312
2019-12-19,135.0062255859375
2019-12-20,134.05545043945312
2019-12-23,136.57493591308594
2019-12-24,137.8584747314453
2019-12-26,136.5274200439453
2019-12-27,141.376220703125
2019-12-30,136.57493591308594
2019-12-31,137.8584747314453
2020-01-01,137.09786987304688
2020-01-02,140.3303985595703
2020-01-03,138.71414184570312
2020-01-06,134.10301208496094
2020-01-07,133.96038818359375
2020-01-08,132.3441162109375
2020-01-09,132.81948852539062
2020-01-10,131.2982940673828
2020-01-13,131.20321655273438
2020-01-14,133.10472106933594
2020-01-15,131.06060791015625
2020-01-16,134.29315185546875
2020-01-17,138.33384704589844
2020-01-20,136.3372802734375
2020-01-21,137.00277709960938
2020-01-22,137.09786987304688
2020-01-23,137.09786987304688
2020-01-24,137.9535369873047
2020-01-27,136.19464111328125
2020-01-28,133.15223693847656
2020-01-29,133.3424072265625
2020-01-30,133.77023315429688
2020-01-31,135.2914276123047
2020-02-03,133.912841796875
2020-02-04,133.48500061035156
2020-02-05,133.24732971191406
2020-02-06,134.578369140625
2020-02-07,133.24732971191406
2020-02-10,131.10813903808594
2020-02-11,132.15399169921875
2020-02-12,131.15570068359375
2020-02-13,127.59038543701172
2020-02-14,127.44774627685548
2020-02-17,125.0708999633789
2020-02-18,124.4529037475586
2020-02-19,130.39511108398438
2020-02-20,133.15223693847656
2020-02-24,131.20321655273438
2020-02-25,133.0096435546875
2020-02-26,133.3899383544922
2020-02-27,134.0079345703125
2020-02-28,128.35098266601562
2020-03-02,127.25762939453124
2020-03-03,126.4495086669922
2020-03-04,117.75012969970705
2020-03-05,113.09146881103516
2020-03-06,114.9454345703125
2020-03-09,109.66878509521484
2020-03-11,108.48035430908205
2020-03-12,104.6773452758789
2020-03-13,109.4786376953125
2020-03-16,103.77413940429688
2020-03-17,94.8371124267578
2020-03-18,85.6148452758789
2020-03-19,79.43499755859375
2020-03-20,86.13776397705078
2020-03-23,70.97333526611328
2020-03-24,73.35020446777344
2020-03-25,71.82901000976562
2020-03-26,74.39602661132812
2020-03-27,72.16177368164062
2020-03-30,71.49624633789062
2020-03-31,71.30609893798828
2020-04-01,68.453857421875
2020-04-03,65.93437957763672
2020-04-07,70.26026916503906
2020-04-08,71.35363006591797
2020-04-09,71.63886260986328
2020-04-13,68.8816909790039
2020-04-15,78.19902038574219
2020-04-16,76.72535705566406
2020-04-17,76.53520965576172
2020-04-20,77.3908920288086
2020-04-21,75.6795425415039
2020-04-22,73.87310791015625
2020-04-23,74.82386779785156
2020-04-24,72.25684356689453
2020-04-27,70.54550170898438
2020-04-28,71.40118408203125
2020-04-29,71.63886260986328
2020-04-30,75.96476745605469
2020-05-04,69.07184600830078
2020-05-05,69.49966430664062
2020-05-06,67.93094635009766
2020-05-07,66.50482177734375
2020-05-08,63.937801361083984
2020-05-11,62.796905517578125
2020-05-12,61.70354843139648
2020-05-13,63.8902587890625
2020-05-14,62.46414566040039
2020-05-15,64.50824737548828
2020-05-18,59.23160171508789
2020-05-19,61.13309097290039
2020-05-20,60.94294357299805
2020-05-21,66.02944946289062
2020-05-22,65.69670104980469
2020-05-26,64.41316986083984
2020-05-27,64.36563873291016
2020-05-28,70.02259063720703
2020-05-29,71.87654876708984
2020-06-01,80.00543975830078
2020-06-02,80.05298614501953
2020-06-03,78.721923828125
2020-06-04,79.53007507324219
2020-06-05,86.7557601928711
2020-06-08,84.80672454833984
2020-06-09,84.71165466308594
2020-06-10,88.08680725097656
2020-06-11,86.4229965209961
2020-06-12,84.42642211914062
2020-06-15,82.71507263183594
2020-06-16,80.19560241699219
2020-06-17,77.3908920288086
2020-06-18,76.58274841308594
2020-06-19,79.24483489990234
2020-06-22,80.05298614501953
2020-06-23,79.67267608642578
2020-06-24,77.3433609008789
2020-06-25,78.05641174316406
2020-06-26,77.48596954345703
2020-06-29,75.44185638427734
2020-06-30,75.96476745605469
2020-07-01,75.29924774169922
2020-07-02,75.44185638427734
2020-07-03,76.34505462646484
2020-07-06,77.3908920288086
2020-07-07,80.86111450195312
2020-07-08,79.53007507324219
2020-07-09,77.77118682861328
2020-07-10,77.2482681274414
2020-07-13,76.10736846923828
2020-07-14,75.77461242675781
2020-07-15,75.3943099975586
2020-07-16,74.77632904052734
2020-07-17,75.97236633300781
2020-07-20,78.17308044433594
2020-07-21,76.88135528564453
2020-07-22,76.45079040527344
2020-07-23,77.83819580078125
2020-07-24,75.73316192626953
2020-07-27,75.01554107666016
2020-07-28,75.44611358642578
2020-07-29,75.73316192626953
2020-07-30,73.58028411865234
2020-07-31,73.05403900146484
2020-08-03,73.91517639160156
2020-08-04,73.58028411865234
2020-08-05,74.4414291381836
2020-08-06,74.48928833007812
2020-08-07,74.48928833007812
2020-08-10,77.45545959472656
2020-08-11,79.94322204589844
2020-08-12,83.62701416015625
2020-08-13,93.43453216552734
2020-08-14,89.70289611816406
2020-08-17,88.84174346923828
2020-08-18,93.05179595947266
2020-08-19,92.57337951660156
2020-08-20,98.0751724243164
2020-08-21,96.4963836669922
2020-08-24,99.9888153076172
2020-08-25,100.13233184814452
2020-08-26,100.4193878173828
2020-08-27,102.14167785644533
2020-08-28,103.95966339111328
2020-08-31,99.22335815429688
2020-09-01,98.64925384521484
2020-09-02,99.12767028808594
2020-09-03,100.51508331298828
2020-09-04,97.45323181152344
2020-09-07,98.79277801513672
2020-09-08,93.48236083984376
2020-09-09,94.58272552490234
2020-09-10,95.06114196777344
2020-09-11,94.8697738647461
2020-09-14,98.26652526855467
2020-09-15,98.84062957763672
2020-09-16,97.45323181152344
2020-09-17,95.34818267822266
2020-09-18,95.82660675048828
2020-09-21,91.80792236328124
2020-09-22,88.65038299560547
2020-09-23,88.0284423828125
2020-09-24,86.97592163085938
2020-09-25,87.69354248046875
2020-09-28,92.14281463623048
2020-09-29,91.3773422241211
2020-09-30,90.89894104003906
2020-10-01,92.81259155273438
2020-10-05,96.83128356933594
2020-10-06,96.63990783691406
2020-10-07,95.49171447753906
2020-10-08,93.48236083984376
2020-10-09,92.09495544433594
2020-10-12,90.94676208496094
2020-10-13,90.3248291015625
2020-10-14,91.85575103759766
2020-10-15,89.36799621582031
2020-10-16,92.95610809326172
2020-10-19,92.90827178955078
2020-10-20,93.9129409790039
2020-10-21,96.0658187866211
2020-10-22,96.0658187866211
2020-10-23,96.20933532714844
2020-10-26,93.38668823242188
2020-10-27,93.19532775878906
2020-10-28,93.33883666992188
2020-10-29,92.7168960571289
2020-10-30,91.28165435791016
2020-11-02,88.21980285644531
2020-11-03,92.14281463623048
2020-11-04,92.42985534667967
2020-11-05,94.63057708740234
2020-11-06,94.29568481445312
2020-11-09,95.15682220458984
2020-11-10,108.79166412353516
2020-11-11,103.81614685058594
2020-11-12,107.1172103881836
2020-11-13,106.39958953857422
2020-11-14,106.97368621826172
2020-11-17,114.96322631835938
2020-11-18,113.33660888671876
2020-11-19,109.74849700927734
2020-11-20,108.69597625732422
2020-11-23,108.3132553100586
2020-11-24,109.84417724609376
2020-11-25,105.9211654663086
2020-11-26,107.88267517089844
2020-11-27,113.09739685058594
2020-12-01,114.9153823852539
2020-12-02,123.43116760253906
2020-12-03,122.28297424316406
2020-12-04,122.47434997558594
2020-12-07,126.97145080566406
2020-12-08,124.57936096191406
2020-12-09,126.20598602294922
2020-12-10,122.47434997558594
2020-12-11,122.378662109375
2020-12-14,122.90492248535156
2020-12-15,123.52684783935548
2020-12-16,124.43584442138672
2020-12-17,124.38800811767578
2020-12-18,122.28297424316406
2020-12-21,114.29344177246094
2020-12-22,111.61431884765624
2020-12-23,119.4603271484375
2020-12-24,116.11141967773438
2020-12-28,117.64234161376952
2020-12-29,117.16393280029295
2020-12-30,116.58983612060548
2020-12-31,114.9153823852539
2021-01-01,118.59917449951172
2021-01-04,120.94341278076172
2021-01-05,117.8337173461914
2021-01-06,118.02507781982422
2021-01-07,118.55133819580078
2021-01-08,118.02507781982422
2021-01-11,119.12542724609376
2021-01-12,117.9293975830078
2021-01-13,121.1826171875
2021-01-14,121.80455780029295
2021-01-15,121.46967315673828
2021-01-18,120.84773254394533
2021-01-19,118.69486236572266
2021-01-20,119.07760620117188
2021-01-21,116.20709991455078
2021-01-22,117.25961303710938
2021-01-25,118.83838653564452
2021-01-27,119.17327880859376
2021-01-28,116.25494384765624
2021-01-29,116.3506317138672
2021-02-01,117.35530853271484
2021-02-02,117.97723388671876
2021-02-03,117.49881744384766
2021-02-04,114.77185821533205
2021-02-05,114.14991760253906
2021-02-08,117.40313720703124
2021-02-09,118.98191833496094
2021-02-10,121.37399291992188
2021-02-11,121.90025329589844
2021-02-12,123.57469177246094
2021-02-15,126.25382995605467
2021-02-16,121.3261489868164
2021-02-17,120.08226776123048
2021-02-18,120.36930847167967
2021-02-19,118.45565795898438
2021-02-22,114.67617797851562
2021-02-23,113.049560546875
2021-02-24,114.48480224609376
2021-02-25,114.14991760253906
2021-02-26,117.54666900634766
2021-03-01,116.30278778076172
2021-03-02,115.53731536865234
2021-03-03,119.65169525146484
2021-03-04,123.28765106201172
2021-03-05,119.98658752441406
2021-03-08,121.56535339355467
2021-03-09,118.50348663330078
2021-03-10,120.46500396728516
2021-03-12,119.69952392578124
2021-03-15,117.64234161376952
2021-03-16,115.2502670288086
2021-03-17,114.58049011230467
2021-03-18,111.32725524902344
2021-03-19,109.07870483398438
2021-03-22,109.93985748291016
2021-03-23,108.2654037475586
2021-03-24,103.76829528808594
2021-03-25,98.50572967529295
2021-03-26,103.720458984375
2021-03-30,101.13701629638672
2021-03-31,106.064697265625
2021-04-01,107.45209503173828
2021-04-05,103.28987121582033
2021-04-06,104.39025115966795
2021-04-07,106.25606536865234
2021-04-08,104.15103149414062
2021-04-09,105.8733367919922
2021-04-12,100.08450317382812
2021-04-13,100.32371520996094
2021-04-15,95.63523864746094
2021-04-16,94.67840576171876
2021-04-19,90.61187744140624
2021-04-20,91.80792236328124
2021-04-22,95.10897827148438
2021-04-23,99.84529876708984
2021-04-26,106.6387939453125
2021-04-27,108.07402801513672
2021-04-28,108.74382781982422
2021-04-29,105.77764129638672
2021-04-30,106.68663787841795
2021-05-03,106.30390167236328
2021-05-04,104.19886779785156
2021-05-05,106.92584228515624
2021-05-06,107.73914337158205
2021-05-07,107.54779052734376
2021-05-10,108.21756744384766
2021-05-11,112.71466064453124
2021-05-12,111.18374633789062
2021-05-14,107.97836303710938
2021-05-17,110.1312255859375
2021-05-18,116.6376724243164
2021-05-19,123.43116760253906
2021-05-20,122.80923461914062
2021-05-21,124.62721252441406
2021-05-24,124.0052719116211
2021-05-25,129.315673828125
2021-05-26,125.53620147705078
2021-05-27,126.5887222290039
2021-05-28,127.44986724853516
2021-05-31,133.28652954101562
2021-06-01,130.08116149902344
2021-06-02,129.0286407470703
2021-06-03,129.5548858642578
2021-06-04,130.8944549560547
2021-06-07,130.08116149902344
2021-06-08,129.5548858642578
2021-06-09,129.50704956054688
2021-06-10,130.94229125976562
2021-06-11,129.6027374267578
2021-06-14,128.64306640625
2021-06-15,130.94627380371094
2021-06-16,129.69869995117188
2021-06-17,124.56449127197266
2021-06-18,129.79466247558594
2021-06-21,128.3551788330078
2021-06-22,134.40106201171875
2021-06-23,136.99215698242188
2021-06-24,139.87115478515625
2021-06-25,141.50257873535156
2021-06-28,139.72720336914062
2021-06-29,136.70425415039062
2021-06-30,135.7445831298828
2021-07-01,135.55264282226562
2021-07-02,137.18406677246094
2021-07-05,140.83079528808594
2021-07-06,141.4066162109375
2021-07-07,146.20494079589844
2021-07-08,144.42955017089844
2021-07-09,142.0303955078125
2021-07-12,141.98240661621094
2021-07-13,144.62147521972656
2021-07-14,142.798095703125
2021-07-15,143.853759765625
2021-07-16,146.6847686767578
2021-07-19,144.14166259765625
2021-07-20,137.23207092285156
2021-07-22,140.0150909423828
2021-07-23,140.87879943847656
2021-07-26,140.4469451904297
2021-07-27,142.4142608642578
2021-07-28,140.39895629882812
2021-07-29,142.0303955078125
2021-07-30,139.24734497070312
2021-08-02,141.50257873535156
2021-08-03,142.22232055664062
2021-08-04,139.72720336914062
2021-08-05,138.91146850585938
2021-08-06,139.055419921875
2021-08-09,137.56796264648438
2021-08-10,136.9441680908203
2021-08-11,135.40869140625
2021-08-12,137.37600708007812
2021-08-13,136.5123291015625
2021-08-16,134.68896484375
2021-08-17,135.45669555664062
2021-08-18,134.88088989257812
2021-08-20,132.96156311035156
2021-08-23,132.38575744628906
2021-08-24,133.96920776367188
2021-08-25,133.24945068359375
2021-08-26,132.0978546142578
2021-08-27,134.49700927734375
2021-08-30,135.21676635742188
2021-08-31,134.73695373535156
2021-09-01,141.0707244873047
2021-09-02,143.46987915039062
2021-09-03,141.0707244873047
2021-09-06,140.06307983398438
2021-09-07,138.04779052734375
2021-09-08,140.73483276367188
2021-09-09,144.7174530029297
2021-09-13,147.88433837890625
2021-09-14,147.69241333007812
2021-09-15,148.5081329345703
2021-09-16,148.7960205078125
2021-09-17,143.0380401611328
2021-09-20,154.55401611328125
2021-09-21,157.76889038085938
2021-09-22,166.11798095703125
2021-09-23,176.5303192138672
2021-09-24,171.58807373046875
2021-09-27,181.7125244140625
2021-09-28,179.793212890625
2021-09-29,177.8258819580078
2021-09-30,174.08319091796875
2021-10-01,176.6742706298828
2021-10-04,180.2250518798828
2021-10-05,185.7911071777344
2021-10-06,177.7299346923828
2021-10-07,188.23825073242188
2021-10-08,194.47607421875
2021-10-11,198.45867919921875
2021-10-12,205.1283721923828
2021-10-13,221.53860473632807
2021-10-14,220.29104614257807
2021-10-18,216.35641479492188
2021-10-19,206.18397521972656
2021-10-20,210.5504608154297
2021-10-21,205.32028198242188
2021-10-22,196.39540100097656
2021-10-25,197.5470123291016
2021-10-26,199.0824584960937
2021-10-27,195.627685546875
2021-10-28,191.2611846923828
2021-10-29,188.7180938720703
2021-11-01,198.1707763671875
2021-11-02,195.05186462402344
2021-11-03,195.14784240722656
2021-11-04,206.71180725097656
2021-11-08,204.6005401611328
2021-11-09,210.9822998046875
2021-11-10,206.61582946777344
2021-11-11,205.75469970703125
2021-11-12,212.08868408203125
2021-11-15,214.01856994628903
2021-11-16,214.661849975586
2021-11-17,213.32579040527344
2021-11-18,208.3278961181641
2021-11-22,199.8661193847656
2021-11-23,205.11143493652344
2021-11-24,204.0227813720703
2021-11-25,203.42898559570312
2021-11-26,180.1714630126953
2021-11-29,170.7694854736328
2021-11-30,178.4395294189453
2021-12-01,182.2003173828125
2021-12-02,182.2992706298828
2021-12-03,190.31570434570312
2021-12-06,185.0703887939453
2021-12-07,193.23524475097656
2021-12-08,199.965072631836
2021-12-09,201.7959899902344
2021-12-10,202.04342651367188
2021-12-13,201.251693725586
2021-12-14,196.1053161621093
2021-12-15,197.6888122558593
2021-12-16,193.0373077392578
2021-12-17,188.9301300048828
2021-12-20,180.7652740478516
2021-12-21,178.68695068359375
2021-12-22,179.18179321289062
2021-12-23,178.39002990722656
2021-12-24,174.82717895507812
2021-12-27,176.36119079589844
2021-12-28,180.91372680664065
2021-12-29,180.07249450683594
2021-12-30,175.02513122558594
2021-12-31,178.88487243652344
2022-01-03,182.1508178710937
2022-01-04,182.59619140625
2022-01-05,180.1714630126953
2022-01-06,184.67453002929688
2022-01-07,184.42710876464844
2022-01-10,192.6414337158203
2022-01-11,195.0166931152344
2022-01-12,206.10110473632807
2022-01-13,208.3278961181641
2022-01-14,208.5258331298828
2022-01-17,206.7938842773437
2022-01-18,205.2103881835937
2022-01-19,205.30935668945312
2022-01-20,207.2887420654297
2022-01-21,204.22073364257807
2022-01-24,193.23524475097656
2022-01-25,195.8084259033203
2022-01-27,198.6290283203125
2022-01-28,205.16091918945312
2022-01-31,213.37527465820312
2022-02-01,220.30303955078125
2022-02-02,216.2948303222656
2022-02-03,216.5917358398437
2022-02-04,214.31546020507807
2022-02-07,209.61447143554688
2022-02-08,208.6743011474609
2022-02-09,210.50518798828125
2022-02-10,213.02886962890625
2022-02-11,204.4681396484375
2022-02-14,193.08680725097656
2022-02-15,203.87432861328125
2022-02-16,202.73619079589844
2022-02-17,207.1402740478516
2022-02-18,204.9134979248047
2022-02-21,202.83517456054688
2022-02-22,202.34030151367188
2022-02-23,202.68670654296875
2022-02-24,192.29507446289065
2022-02-25,198.13417053222656
2022-02-28,197.3919219970703
2022-03-02,196.00636291503903
2022-03-03,197.88674926757807
2022-03-04,188.53428649902344
2022-03-07,187.6930389404297
2022-03-08,192.0476531982422
2022-03-09,205.16091918945312
2022-03-10,199.7671661376953
2022-03-11,200.90528869628903
2022-03-14,202.4393005371093
2022-03-15,199.66818237304688
2022-03-16,208.6248016357422
2022-03-17,206.34852600097656
2022-03-21,203.87432861328125
2022-03-22,206.595947265625
2022-03-23,213.8701171875
2022-03-24,216.8391571044922
2022-03-25,225.3009185791016
2022-03-28,229.5565643310547
2022-03-29,238.1667633056641
2022-03-30,238.7605895996093
2022-03-31,236.0389862060547
2022-04-01,238.11729431152344
2022-04-04,236.63278198242188
2022-04-05,233.16891479492188
2022-04-06,248.4594573974609
2022-04-07,247.7172241210937
2022-04-08,251.2305908203125
2022-04-11,248.1130523681641
2022-04-12,246.4306182861328
2022-04-13,249.8945159912109
2022-04-18,243.9564208984375
2022-04-19,241.0863494873047
2022-04-20,235.14825439453125
2022-04-21,241.6801605224609
2022-04-22,238.4141998291016
2022-04-25,232.27818298339844
2022-04-26,230.64520263671875
2022-04-27,233.3173370361328
2022-04-28,244.4512481689453
2022-04-29,253.85324096679688
2022-05-02,258.99957275390625
2022-05-04,254.79345703125
2022-05-05,247.667709350586
2022-05-06,246.38113403320312
2022-05-09,235.79156494140625
2022-05-10,228.0225372314453
2022-05-11,222.67828369140625
2022-05-12,215.60205078125
2022-05-13,216.1463623046875
2022-05-16,222.23292541503903
2022-05-17,228.86378479003903
2022-05-18,224.459716796875
2022-05-19,217.828842163086
2022-05-20,220.69891357421875
2022-05-23,228.91326904296875
2022-05-24,223.17312622070312
2022-05-25,219.41232299804688
2022-05-26,218.125717163086
2022-05-27,222.727767944336
2022-05-30,235.34619140625
2022-05-31,232.5750732421875
2022-06-01,234.15858459472656
2022-06-02,232.1297149658203
2022-06-03,230.69468688964844
2022-06-06,226.3895721435547
2022-06-07,228.66583251953125
2022-06-08,225.1524658203125
2022-06-09,220.89683532714844
2022-06-10,217.977294921875
2022-06-13,213.9195709228516
2022-06-14,214.16700744628903
2022-06-15,219.7587127685547
2022-06-16,212.0391998291016
2022-06-17,211.494873046875
2022-06-20,212.88043212890625
2022-06-21,219.7587127685547
2022-06-22,213.2646026611328
2022-06-23,221.59292602539065
2022-06-24,224.9639129638672
2022-06-27,224.0220184326172
2022-06-28,227.0459899902344
2022-06-29,229.77252197265625
2022-06-30,223.2288360595703
2022-07-01,223.8237152099609
2022-07-04,230.1691131591797
2022-07-05,234.43243408203125
2022-07-06,234.8785858154297
2022-07-07,242.01715087890625
2022-07-08,240.77783203125
2022-07-11,243.8513641357422
2022-07-12,242.5624542236328
2022-07-13,243.45477294921875
2022-07-14,241.91799926757807
2022-07-15,248.56082153320312
2022-07-18,248.8086853027344
2022-07-19,248.7591094970703
2022-07-20,249.10614013671875
2022-07-21,249.60186767578125
2022-07-22,250.4941864013672
2022-07-25,258.52508544921875
2022-07-26,256.3438415527344
2022-07-27,258.2276306152344
2022-07-28,260.9045715332031
2022-07-29,260.607177734375
2022-08-01,268.142333984375
2022-08-02,266.15936279296875
2022-08-03,271.6124572753906
2022-08-04,268.142333984375
2022-08-05,267.4978332519531
2022-08-08,268.53887939453125
2022-08-10,265.9610900878906
2022-08-11,274.834716796875
2022-08-12,269.6295166015625
2022-08-16,273.0996398925781
2022-08-17,272.9013671875
2022-08-18,273.00048828125
2022-08-19,269.1337890625
2022-08-22,265.0687866210937
2022-08-23,270.9184265136719
2022-08-24,272.5543212890625
2022-08-25,271.067138671875
2022-08-26,278.4535827636719
2022-08-29,279.59375
2022-08-30,283.01434326171875
2022-09-01,292.1853942871094
2022-09-02,294.06915283203125
2022-09-05,307.3052978515625
2022-09-06,302.5462341308594
2022-09-07,304.87615966796875
2022-09-08,306.75994873046875
2022-09-09,309.83349609375
2022-09-12,312.2626037597656
2022-09-13,314.74127197265625
2022-09-14,318.6575622558594
2022-09-15,331.0509033203125
2022-09-16,319.25244140625
2022-09-19,317.0216369628906
2022-09-20,323.5653381347656
2022-09-21,323.0696105957031
2022-09-22,331.0013427734375
2022-09-23,324.011474609375
2022-09-26,313.60107421875
2022-09-27,324.7055053710937
2022-09-28,322.17730712890625
2022-09-29,324.110595703125
2022-09-30,328.86968994140625
2022-10-03,333.9757385253906
2022-10-04,341.31256103515625
2022-10-06,338.6851806640625
2022-10-07,338.4373474121094
2022-10-10,334.2731628417969
2022-10-11,327.5311889648437
2022-10-12,327.6799011230469
2022-10-13,314.4438171386719
2022-10-14,307.1069641113281
2022-10-17,315.534423828125
2022-10-18,320.6405029296875
2022-10-19,318.45928955078125
2022-10-20,311.0232849121094
2022-10-21,310.92413330078125
2022-10-24,313.4523620605469
2022-10-25,317.0216369628906
2022-10-27,319.25244140625
2022-10-28,319.50030517578125
2022-10-31,330.95172119140625
2022-11-01,338.48687744140625
2022-11-02,339.4783630371094
2022-11-03,337.04931640625
2022-11-04,331.8936462402344
2022-11-07,340.8168334960937
2022-11-09,334.62017822265625
2022-11-10,335.8099670410156
2022-11-11,312.6591796875
2022-11-14,309.9822082519531
2022-11-15,309.3377685546875
2022-11-16,307.6522521972656
2022-11-17,312.90704345703125
2022-11-18,311.2215576171875
2022-11-21,313.79937744140625
2022-11-22,315.5840148925781
2022-11-23,315.5840148925781
2022-11-24,315.0386962890625
2022-11-25,319.25244140625
2022-11-28,323.0696105957031
2022-11-29,313.501953125
2022-11-30,318.9054260253906
2022-12-01,321.2353820800781
2022-12-02,321.7806701660156
2022-12-05,321.4832458496094
2022-12-06,325.1516418457031
2022-12-07,322.37554931640625
2022-12-08,324.3089294433594
2022-12-09,327.2833251953125
2022-12-12,330.0098876953125
2022-12-13,324.8046569824219
2022-12-14,330.654296875
2022-12-15,330.4064636230469
2022-12-16,324.3584899902344
2022-12-19,324.011474609375
2022-12-20,321.83026123046875
2022-12-21,306.8095397949219
2022-12-22,301.4555969238281
2022-12-23,296.9444274902344
2022-12-26,311.667724609375
2022-12-27,311.7668762207031
2022-12-28,313.4028015136719
2022-12-29,310.9736633300781
2022-12-30,315.9309997558594
2023-01-02,314.493408203125
2023-01-03,317.4678039550781
2023-01-04,311.91558837890625
2023-01-05,311.7668762207031
2023-01-06,307.6522521972656
2023-01-09,311.8659973144531
2023-01-10,307.70184326171875
2023-01-11,307.70184326171875
2023-01-12,307.1565246582031
2023-01-13,306.7103576660156
2023-01-16,302.6949462890625
2023-01-17,306.75994873046875
2023-01-18,301.2077331542969
2023-01-19,297.1427307128906
2023-01-20,293.0281066894531
2023-01-23,295.5068054199219
2023-01-24,298.0845947265625
2023-01-25,288.963134765625
2023-01-27,284.0057983398437
2023-01-30,288.8143920898437
2023-01-31,298.431640625
2023-02-01,323.9123840332031
2023-02-02,315.2865600585937
2023-02-03,315.534423828125
2023-02-06,312.0643310546875
2023-02-07,313.7497863769531
2023-02-08,315.73272705078125
2023-02-09,316.9225158691406
2023-02-10,320.9875183105469
2023-02-13,314.69171142578125
2023-02-14,311.5685729980469
2023-02-15,312.3617248535156
2023-02-16,319.202880859375
2023-02-17,315.3857421875
2023-02-20,312.0643310546875
2023-02-21,307.2060852050781
2023-02-22,297.0435791015625
2023-02-23,305.6693115234375
2023-02-24,306.958251953125
2023-02-27,312.41131591796875
2023-02-28,308.0984191894531
2023-03-01,312.3121643066406
2023-03-02,312.41131591796875
2023-03-03,315.3361511230469
2023-03-06,316.9720764160156
2023-03-08,324.20977783203125
2023-03-09,319.0541381835937
2023-03-10,314.6421203613281
2023-03-13,309.4864807128906
2023-03-14,312.9566345214844
2023-03-15,312.9566345214844
2023-03-16,318.16180419921875
2023-03-17,319.103759765625
2023-03-20,312.41131591796875
2023-03-21,315.13787841796875
2023-03-22,312.41131591796875
2023-03-23,311.3702697753906
2023-03-24,307.801025390625
2023-03-27,302.3479309082031
2023-03-28,309.4368896484375
2023-03-29,316.3276062011719
2023-03-31,321.5823669433594
2023-04-03,318.3105163574219
2023-04-05,321.13623046875
2023-04-06,323.9619140625
2023-04-10,325.2012634277344
2023-04-11,324.5567932128906
2023-04-12,327.9277648925781
2023-04-13,325.2508239746094
2023-04-17,329.563720703125
2023-04-18,327.58074951171875
2023-04-19,327.7294616699219
2023-04-20,332.2406921386719
2023-04-21,333.8765563964844
2023-04-24,336.1073913574219
2023-04-25,335.9586486816406
2023-04-26,338.0407409667969
2023-04-27,337.098876953125
2023-04-28,336.20654296875
2023-05-02,344.4852905273437
2023-05-03,351.8717041015625
2023-05-04,354.152099609375
2023-05-05,355.6392822265625
2023-05-08,366.9420166015625
2023-05-09,371.0566101074219
2023-05-10,368.1813659667969
2023-05-11,362.4308166503906
2023-05-12,354.5486755371094
2023-05-15,350.3349304199219
2023-05-16,360.6462097167969
2023-05-17,364.36419677734375
2023-05-18,363.4718627929688
2023-05-19,369.1728210449219
2023-05-22,368.03265380859375
2023-05-23,367.8343200683594
2023-05-24,372.0480651855469
2023-05-25,377.3524169921875
2023-05-26,380.6738586425781
2023-05-29,376.757568359375
2023-05-30,382.1610412597656
2023-05-31,386.3747863769531
2023-06-01,392.3235778808594
2023-06-02,392.2739868164063
2023-06-05,386.4739074707031
2023-06-06,385.9286193847656
2023-06-07,392.4723205566406
2023-06-08,377.5506896972656
2023-06-09,379.68798828125
2023-06-12,385.4039306640625
2023-06-13,391.0204772949219
2023-06-14,388.9826049804688
2023-06-15,391.1199035644531
2023-06-16,400.8618469238281
2023-06-19,393.8038635253906
2023-06-20,392.1636657714844
2023-06-21,394.4500427246094
2023-06-22,380.3838195800781
2023-06-23,378.1471557617188
2023-06-26,381.3282165527344
2023-06-27,381.2785034179688
2023-06-28,394.1021118164063
2023-06-30,390.1755065917969
2023-07-03,388.08795166015625
2023-07-04,378.4950866699219
2023-07-05,378.0974731445313
2023-07-06,382.8690185546875
2023-07-07,380.1850280761719
2023-07-10,382.5708312988281
2023-07-11,389.6287841796875
2023-07-12,389.9766845703125
2023-07-13,385.1554260253906
2023-07-14,387.3423767089844
2023-07-17,387.7897033691406
2023-07-18,386.0003662109375
2023-07-19,397.8796081542969
2023-07-20,396.2393798828125
2023-07-21,391.4181213378906
2023-07-24,389.2808227539063
2023-07-25,389.8275451660156
2023-07-26,387.8891296386719
2023-07-27,382.6702270507813
2023-07-28,389.3305358886719
2023-07-31,392.7601013183594
2023-08-01,394.1021118164063
2023-08-02,393.4062805175781
2023-08-03,391.368408203125
2023-08-04,393.5056762695313
2023-08-07,392.0642395019531
2023-08-08,386.3482971191406
2023-08-09,384.06195068359375
2023-08-10,380.284423828125
2023-08-11,384.75775146484375
2023-08-14,380.880859375
2023-08-16,380.9305725097656
2023-08-17,379.9364929199219
2023-08-18,379.3897399902344
2023-08-21,377.153076171875
2023-08-22,386.2986145019531
2023-08-23,398.7245788574219
2023-08-24,399.5695495605469
2023-08-25,389.678466796875
2023-08-28,391.4678039550781
2023-08-29,390.9210815429688
2023-08-30,414.1824951171875
2023-08-31,418.40728759765625
2023-09-01,421.7374877929688
2023-09-04,418.3576049804688
2023-09-05,419.9481201171875
2023-09-06,428.9445495605469
2023-09-07,424.4711608886719
2023-09-08,427.0060729980469
2023-09-11,427.4037170410156
2023-09-12,418.0593566894531
2023-09-13,412.1943359375
2023-09-14,421.1410217285156
2023-09-15,414.1824951171875
2023-09-18,413.2878112792969
2023-09-20,415.52447509765625
2023-09-21,404.3908081054688
2023-09-22,403.8440856933594
2023-09-25,406.1801452636719
2023-09-26,408.0689086914063
2023-09-27,410.7032165527344
2023-09-28,402.7505798339844
2023-09-29,408.6653442382813
2023-10-03,410.5540771484375
2023-10-04,404.1422729492188
2023-10-05,415.0274353027344
2023-10-06,420.4451599121094
2023-10-09,413.0392761230469
2023-10-10,413.8842468261719
2023-10-11,412.3931579589844
2023-10-12,414.0333557128906
2023-10-13,412.2937316894531
2023-10-16,414.2322082519531
2023-10-17,417.612060546875
2023-10-18,410.4049987792969
2023-10-19,411.5481567382813
2023-10-20,402.5517883300781
2023-10-23,393.5056762695313
2023-10-25,387.2429504394531
2023-10-26,372.5802917480469
2023-10-27,372.331787109375
2023-10-30,379.8370971679688
2023-10-31,381.12939453125
2023-11-01,386.795654296875
2023-11-02,387.9388122558594
2023-11-03,390.5731201171875
2023-11-06,393.0086364746094
2023-11-07,399.1221923828125
2023-11-08,403.2475891113281
2023-11-09,403.048828125
2023-11-10,407.0251159667969
2023-11-13,408.218017578125
2023-11-15,408.9635620117188
2023-11-16,410.2061767578125
2023-11-17,408.7647705078125
2023-11-20,417.1150207519531
2023-11-21,418.3078918457031
2023-11-22,414.5303955078125
2023-11-23,417.612060546875
2023-11-24,418.0096740722656
2023-11-28,420.2463684082031
2023-11-29,417.5623168945313
2023-11-30,419.2026062011719
2023-12-01,423.8747253417969
2023-12-04,431.42974853515625
2023-12-05,431.9267883300781
2023-12-06,435.3563232421875
2023-12-07,437.841552734375
2023-12-08,432.9208679199219
2023-12-11,438.3882751464844
2023-12-12,435.654541015625
2023-12-13,431.9764709472656
2023-12-14,438.63677978515625
2023-12-15,437.0462646484375
2023-12-18,446.2414855957031
2023-12-19,441.917236328125
2023-12-20,421.7374877929688
2023-12-21,426.8072814941406
2023-12-22,436.5989379882813
2023-12-26,433.9646301269531
2023-12-27,434.2628479003906
2023-12-28,430.8829956054688
2023-12-29,435.75396728515625
2024-01-01,433.5173034667969
2024-01-02,435.6048583984375
2024-01-03,448.7763977050781
2024-01-04,460.0591735839844
2024-01-05,453.34912109375
2024-01-08,448.9751892089844
2024-01-09,455.8343200683594
2024-01-10,455.6852416992188
2024-01-11,456.8283996582031
2024-01-12,458.8165588378906
2024-01-15,474.1253662109375
2024-01-16,465.67572021484375
2024-01-17,459.2142333984375
2024-01-18,460.85443115234375
2024-01-19,479.3442993164063
2024-01-23,468.5088195800781
2024-01-24,477.5052490234375
2024-01-25,470.7951965332031
2024-01-29,493.211669921875
2024-01-30,490.2791442871094
2024-01-31,489.7323913574219
2024-02-01,491.62109375
2024-02-02,497.0388488769531
2024-02-05,506.0849914550781
2024-02-06,503.1524353027344
2024-02-07,521.642333984375
2024-02-08,521.9901733398438
2024-02-09,529.7937622070312
2024-02-12,527.2588500976562
2024-02-13,520.4990844726562
2024-02-14,524.5748291015625
2024-02-15,524.4754028320312
2024-02-16,534.366455078125
2024-02-19,539.2374267578125
2024-02-20,545.4007568359375
2024-02-21,553.7012939453125
2024-02-22,575.421875
2024-02-23,590.9791870117188
2024-02-26,576.266845703125
2024-02-27,585.7603149414062
2024-02-28,567.51904296875
2024-02-29,583.2254028320312
2024-03-01,585.7603149414062
2024-03-04,584.8656005859375
2024-03-05,581.3862915039062
2024-03-06,570.7000122070312
2024-03-07,584.219482421875
2024-03-11,569.5072021484375
2024-03-12,564.8846435546875
2024-03-13,541.47412109375
2024-03-14,562.0017700195312
2024-03-15,558.9699096679688
2024-03-18,549.6255493164062
2024-03-19,545.8480834960938
2024-03-20,544.6551513671875
2024-03-21,560.0634155273438
2024-03-22,553.7509765625
2024-03-26,565.5805053710938
2024-03-27,582.38037109375
2024-03-28,587.6490478515625
2024-04-01,597.8383178710938
2024-04-02,602.1129150390625
2024-04-03,610.5128784179688
2024-04-04,614.290283203125
2024-04-05,609.6678466796875
2024-04-08,601.5164184570312
2024-04-09,593.5637817382812
2024-04-10,592.9176635742188
2024-04-12,603.8525390625
2024-04-15,594.0111083984375
2024-04-16,580.1934814453125
2024-04-18,589.8857421875
2024-04-19,593.5140380859375
2024-04-22,581.8833618164062
2024-04-23,600.7211303710938
2024-04-24,604.3992309570312
2024-04-25,573.8313598632812
2024-04-26,565.5805053710938
2024-04-29,579.149658203125
2024-04-30,573.3343505859375
2024-05-02,572.7378540039062
2024-05-03,567.220703125
2024-05-06,567.9165649414062
2024-05-07,562.7473754882812
2024-05-08,560.2125244140625
2024-05-09,547.388916015625
2024-05-10,540.3309326171875
2024-05-13,554.0989379882812
2024-05-14,561.2066040039062
2024-05-15,557.5781860351562
2024-05-16,565.4313354492188
2024-05-17,567.7177734375
2024-05-21,565.7793579101562
2024-05-22,569.7556762695312
2024-05-23,564.1888427734375
2024-05-24,566.4751586914062
2024-05-27,577.6585693359375
2024-05-28,569.059814453125
2024-05-29,562.4988403320312
2024-05-30,553.900146484375
2024-05-31,554.0989379882812
2024-06-03,573.0858154296875
2024-06-04,527.159423828125
2024-06-05,569.5072021484375
2024-06-06,580.0443115234375
2024-06-07,583.3844604492188
2024-06-10,580.5927124023438
2024-06-11,580.3434448242188
2024-06-12,582.7862548828125
2024-06-13,587.5722045898438
2024-06-14,612.0501708984375
2024-06-18,619.6279296875
2024-06-19,615.2408447265625
2024-06-20,636.5282592773438
2024-06-21,635.630859375
2024-06-24,646.2496948242188
2024-06-25,657.815673828125
2024-06-26,648.0443725585938
2024-06-27,622.5693359375
2024-06-28,623.2173461914062
2024-07-01,612.9974365234375
2024-07-02,601.9299926757812
2024-07-03,598.0413818359375
2024-07-04,610.853759765625
2024-07-05,612.6983032226562
2024-07-08,606.9153442382812
2024-07-09,607.2144165039062
2024-07-10,608.0619506835938
2024-07-11,600.9329223632812
2024-07-12,592.3082885742188
2024-07-15,589.9153442382812
2024-07-16,585.1293334960938
2024-07-18,580.5927124023438
2024-07-19,576.2056274414062
2024-07-22,618.5311279296875
2024-07-23,621.6719360351562
2024-07-24,631.5429077148438
2024-07-25,621.6220703125
2024-07-26,645.10302734375
2024-07-29,647.844970703125
2024-07-30,644.3053588867188
2024-07-31,640.1675415039062
2024-08-01,630.2965698242188
2024-08-02,626.9563598632812
2024-08-05,607.4138793945312
2024-08-06,595.1997680664062
2024-08-07,618.7803955078125
2024-08-08,612.3992309570312
2024-08-09,616.63671875
2024-08-12,615.340576171875
2024-08-13,608.9592895507812
2024-08-14,609.6572875976562
2024-08-16,621.372802734375
2024-08-19,611.352294921875
2024-08-20,614.343505859375
2024-08-21,619.328857421875
2024-08-22,642.7100219726562
2024-08-23,640.0180053710938
2024-08-26,659.6602172851562
2024-08-27,663.349365234375
2024-08-28,652.2819213867188
2024-08-29,646.3992309570312
2024-08-30,645.6015625
2024-09-02,653.9769287109375
2024-09-03,657.0180053710938
2024-09-04,657.7159423828125
2024-09-05,668.4843139648438
2024-09-06,655.322998046875
2024-09-09,663.897705078125
2024-09-10,692.9622802734375
2024-09-11,682.7423706054688
2024-09-12,698.8450317382812
2024-09-13,687.0297241210938
2024-09-16,688.9241943359375
2024-09-17,690.2203369140625
2024-09-18,679.4022216796875
2024-09-19,688.824462890625
2024-09-20,700.6895751953125
2024-09-23,712.7042236328125
2024-09-24,709.5634765625
2024-09-25,707.8684692382812
2024-09-26,707.818603515625
2024-09-27,708.2174072265625
2024-09-30,682.6925048828125
2024-10-01,679.7012939453125
2024-10-03,672.07373046875
2024-10-04,659.5106811523438
2024-10-07,651.13525390625
2024-10-08,682.6426391601562
2024-10-09,691.6162719726562
2024-10-10,704.1793212890625
2024-10-11,706.4725341796875
2024-10-14,703.1323852539062
2024-10-15,710.5106811523438
2024-10-16,702.4842529296875
2024-10-17,685.2848510742188
2024-10-18,684.6866455078125
2024-10-21,677.0092163085938
2024-10-22,654.1763305664062
2024-10-23,656.7188720703125
2024-10-24,665.0443725585938
2024-10-25,689.2232666015625
2024-10-28,669.2819213867188
2024-10-29,676.7599487304688
2024-10-30,682.7423706054688
2024-10-31,674.7159423828125
2024-11-01,685.583984375
2024-11-04,664.595703125
2024-11-05,666.0414428710938
2024-11-06,682.6426391601562
2024-11-07,681.7951049804688
2024-11-08,730.751220703125
2024-11-11,727.6104125976562
2024-11-12,728.258544921875
2024-11-13,712.05615234375
2024-11-14,739.1763916015625
2024-11-18,735.03857421875
2024-11-19,751.789306640625
2024-11-21,784.4931030273438
2024-11-22,796.7072143554688
2024-11-25,795.7101440429688
2024-11-26,794.4139404296875
2024-11-27,786.5870361328125
2024-11-28,776.267333984375
2024-11-29,791.02392578125
2024-12-02,798.7013549804688
2024-12-03,804.2849731445312
2024-12-04,808.5225219726562
2024-12-05,817.6954956054688
2024-12-06,824.226318359375
2024-12-09,834.745361328125
2024-12-10,836.0913696289062
2024-12-11,833.94775390625
2024-12-12,834.246826171875
2024-12-13,853.0913696289062
2024-12-16,865.1061401367188
2024-12-17,877.4697265625
2024-12-18,878.8157958984375
2024-12-19,877.4697265625
2024-12-20,851.5958251953125
2024-12-23,856.8803100585938
2024-12-24,860.1207885742188
2024-12-26,865.754150390625
2024-12-27,858.0767211914062
2024-12-30,887.0416259765625
2024-12-31,874.97705078125
2025-01-01,871.0386352539062
2025-01-02,876.9213256835938
2025-01-03,869.8920288085938
2025-01-06,841.7747192382812
2025-01-07,849.6515502929688
2025-01-08,832.4521484375
2025-01-09,820.4374389648438
2025-01-10,803.5371704101562
2025-01-13,753.8831176757812
2025-01-14,779.1090087890625
2025-01-15,809.0210571289062
2025-01-16,809.0708618164062
2025-01-17,810.9652709960938
2025-01-20,790.6749877929688
2025-01-21,758.1206665039062
2025-01-22,770.4843139648438
2025-01-23,772.827392578125
2025-01-24,778.9095458984375
2025-01-27,757.9711303710938
2025-01-28,751.4901733398438
2025-01-29,775.270263671875
2025-01-30,758.9682006835938
2025-01-31,762.4579467773438
2025-02-01,799.1002197265625
2025-02-03,813.8069458007812
2025-02-04,825.7717895507812
2025-02-05,813.5078735351562
2025-02-06,787.783447265625
2025-02-07,789.4784545898438
2025-02-10,774.4227905273438
2025-02-11,745.806884765625
2025-02-12,729.05615234375
2025-02-13,734.5899047851562
2025-02-14,708.1177368164062
2025-02-17,719.5341796875
2025-02-18,719.8333129882812
2025-02-19,744.5107421875
2025-02-20,758.768798828125
2025-02-21,755.328857421875
2025-02-24,726.6632080078125
2025-02-25,722.525390625
2025-02-27,722.2261962890625
2025-02-28,714.0004272460938
2025-03-03,724.6192016601562
2025-03-04,714.798095703125
2025-03-05,754.9799194335938
2025-03-06,746.9535522460938
2025-03-07,742.1177368164062
2025-03-10,738.8274536132812
2025-03-11,746.8538208007812
2025-03-12,747.1528930664062
2025-03-13,748.249755859375
2025-03-17,751.0913696289062
2025-03-18,751.0913696289062
2025-03-19,808.2233276367188
2025-03-20,813.7072143554688
2025-03-21,822.2820434570312
2025-03-24,839.6309814453125
2025-03-25,826.1207275390625
2025-03-26,805.8303833007812
2025-03-27,788.2321166992188
2025-03-28,785.2409057617188
2025-04-01,803.3875732421875
2025-04-02,827.716064453125
2025-04-03,828.6134033203125
2025-04-04,797.00634765625
2025-04-07,749.7453002929688
2025-04-08,771.331787109375
2025-04-09,765.9476928710938
2025-04-11,786.287841796875
2025-04-15,833.8978271484375
2025-04-16,839.5811157226562
2025-04-17,838.733642578125
2025-04-21,833.5987548828125
2025-04-22,831.455078125
2025-04-23,820.4873046875
2025-04-24,816.6984252929688
2025-04-25,784.04443359375
2025-04-28,798.1031494140625
2025-04-29,787.8333129882812
2025-04-30,785.3905029296875
2025-05-02,799.0503540039062
2025-05-05,799.4491577148438
2025-05-06,751.04150390625
2025-05-07,763.4051513671875
2025-05-08,747.801025390625
2025-05-09,716.6426391601562
2025-05-12,766.8948974609375
2025-05-13,758.8684692382812
2025-05-14,767.9418334960938
2025-05-15,762.1089477539062
2025-05-16,764.1030883789062
2025-05-19,769.6867065429688
2025-05-20,750.54296875
2025-05-21,770.8333129882812
2025-05-22,767.293701171875
2025-05-23,768.1911010742188
2025-05-26,772.5283203125
2025-05-27,768.789306640625
2025-05-28,758.9682006835938
2025-05-29,760.1148071289062
2025-05-30,767.5928344726562
2025-06-02,781.302490234375
2025-06-03,758.7189331054688
2025-06-04,768.4901733398438
2025-06-05,769.4872436523438
2025-06-06,774.572265625
2025-06-09,777.762939453125
2025-06-10,777.3641357421875
2025-06-11,763.5546875
2025-06-12,742.6162719726562
2025-06-13,732.99462890625
2025-06-16,752.6867065429688
2025-06-17,754.4315795898438
2025-06-18,761.06201171875
2025-06-19,745.1089477539062
2025-06-20,763.4051513671875
2025-06-23,757.8713989257812
2025-06-24,761.8596801757812
2025-06-25,779.6075439453125
2025-06-26,780.6544189453125
2025-06-27,765.1500244140625
2025-06-30,760.2999877929688
2025-07-01,762.0499877929688
2025-07-02,756.0
2025-07-03,748.25
2025-07-04,747.5499877929688
2025-07-07,737.1500244140625
2025-07-08,739.2999877929688
2025-07-09,750.1500244140625
2025-07-10,743.3499755859375
2025-07-11,735.2000122070312
2025-07-14,729.1500244140625
2025-07-15,744.0499877929688
2025-07-16,751.2000122070312
2025-07-17,753.9500122070312
2025-07-18,766.2000122070312
2025-07-21,771.7000122070312
2025-07-22,756.2999877929688
2025-07-23,754.4000244140625
2025-07-24,754.0
2025-07-25,746.1500244140625
2025-07-28,744.7999877929688
2025-07-29,748.2000122070312
2025-07-30,744.9000244140625
2025-07-31,740.75
2025-08-01,741.1500244140625
2025-08-04,748.7999877929688
2025-08-05,751.0499877929688
2025-08-06,746.5999755859375
2025-08-07,742.2999877929688
2025-08-08,735.75
2025-08-11,746.75
2025-08-12,747.4500122070312
2025-08-13,769.7999877929688
2025-08-14,774.3499755859375
2025-08-18,775.5
2025-08-19,775.1500244140625
2025-08-20,806.7999877929688
2025-08-21,795.6500244140625
2025-08-22,788.8499755859375
2025-08-25,785.5499877929688
2025-08-26,769.0499877929688
2025-08-28,765.1500244140625
2025-08-29,758.4500122070312
2025-09-01,759.8499755859375
2025-09-02,765.5999755859375
2025-09-03,773.9500122070312
2025-09-04,774.75
2025-09-05,774.75
2025-09-08,777.7000122070312
2025-09-09,775.5
2025-09-10,775.5
2025-09-11,773.9500122070312
2025-09-12,777.7000122070312
2025-09-15,790.8499755859375
2025-09-16,778.6500244140625
2025-09-17,780.25
2025-09-18,782.0499877929688
2025-09-19,775.5499877929688
2025-09-22,769.4000244140625
2025-09-23,752.0
2025-09-24,746.0
2025-09-25,732.1500244140625
2025-09-26,709.7999877929688
2025-09-29,724.2999877929688
2025-09-30,720.2999877929688
2025-10-01,723.25
2025-10-03,724.4500122070312
2025-10-06,723.5499877929688
2025-10-07,733.25
2025-10-08,730.0
2025-10-09,732.1500244140625
2025-10-10,735.5499877929688
2025-10-13,726.0499877929688
2025-10-14,721.1500244140625
2025-10-15,727.75
2025-10-16,738.0499877929688
2025-10-17,735.4000244140625
2025-10-20,743.0
2025-10-21,744.25
2025-10-23,737.5499877929688
2025-10-24,735.9000244140625
2025-10-27,746.5499877929688
2025-10-28,741.75
2025-10-29,746.75
2025-10-30,749.6500244140625
2025-10-31,741.7999877929688
2025-11-03,747.1500244140625
2025-11-04,743.2000122070312
2025-11-06,697.0
2025-11-07,691.2999877929688
2025-11-10,703.7999877929688
2025-11-11,697.75
2025-11-12,706.9500122070312
2025-11-13,717.7000122070312
2025-11-14,720.7999877929688
2025-11-17,722.2999877929688
2025-11-18,712.75
2025-11-19,719.5499877929688
2025-11-20,733.3499755859375
2025-11-21,733.2000122070312
2025-11-24,721.1500244140625
2025-11-25,726.5
2025-11-26,731.4000244140625
2025-11-27,735.0
2025-11-28,744.2999877929688
2025-12-01,749.0499877929688
2025-12-02,742.5
2025-12-03,734.5999755859375
2025-12-04,729.5499877929688
2025-12-05,730.9000244140625
2025-12-08,718.0999755859375
2025-12-09,727.75
2025-12-10,718.5999755859375
2025-12-11,729.0
2025-12-12,735.0499877929688
2025-12-15,731.1500244140625
2025-12-16,725.25
2025-12-17,713.2000122070312
2025-12-18,722.0
2025-12-19,731.2000122070312
2025-12-22,740.1500244140625
2025-12-23,738.2999877929688
2025-12-24,740.0999755859375
2025-12-26,739.5999755859375
2025-12-29,742.1500244140625
2025-12-30,729.5499877929688
2025-12-31,738.8499755859375
2026-01-01,738.5999755859375
2026-01-02,748.6500244140625
2026-01-05,744.2000122070312
2026-01-06,726.4000244140625
2026-01-07,715.3499755859375
2026-01-08,704.3499755859375
2026-01-09,693.0999755859375
2026-01-12,690.0999755859375
2026-01-13,678.1500244140625
2026-01-14,689.4500122070312
2026-01-15,689.4500122070312
2026-01-16,684.4500122070312
2026-01-19,668.3499755859375
2026-01-20,645.5
2026-01-21,653.5999755859375
2026-01-22,656.5499877929688
2026-01-23,645.7999877929688
2026-01-27,651.3499755859375
2026-01-28,656.2000122070312
2026-01-29,664.5999755859375
2026-01-30,674.1500244140625
2026-02-02,663.9000244140625
2026-02-03,681.5
2026-02-04,686.1500244140625
2026-02-05,689.1500244140625
2026-02-06,683.2000122070312
2026-02-09,695.0
2026-02-10,702.5499877929688
2026-02-11,707.5499877929688
2026-02-12,712.0
2026-02-13,699.9000244140625
2026-02-16,691.0
2026-02-17,687.75
2026-02-18,695.0999755859375
2026-02-19,672.0999755859375
2026-02-20,674.9500122070312
2026-02-23,675.0999755859375
2026-02-24,676.1500244140625
2026-02-25,676.7000122070312
2026-02-26,680.9500122070312
2026-02-27,667.0499877929688
2026-03-02,651.0
2026-03-04,633.75
2026-03-05,629.7000122070312
2026-03-06,623.8499755859375
2026-03-09,611.7000122070312
2026-03-10,629.4000244140625
2026-03-11,624.0499877929688
2026-03-12,624.9500122070312
2026-03-13,609.8499755859375
2026-03-16,613.3499755859375
2026-03-17,622.0499877929688
2026-03-18,636.9500122070312
2026-03-19,613.6500244140625
2026-03-20,615.5499877929688
2026-03-23,582.4500122070312
2026-03-24,604.0499877929688
2026-03-25,617.2999877929688
2026-03-27,590.9000244140625
2026-03-30,570.9500122070312
2026-04-01,585.2000122070312
2026-04-02,582.75
2026-04-06,595.4000244140625
2026-04-07,600.4000244140625
2026-04-08,636.3499755859375
2026-04-09,629.0999755859375
2026-04-10,641.5
2026-04-13,634.9500122070312
2026-04-15,646.4000244140625
2026-04-16,652.75
2026-04-17,659.2999877929688
2026-04-20,659.5
2026-04-21,666.1500244140625
2026-04-22,659.7000122070312
2026-04-23,639.4500122070312
2026-04-24,635.3499755859375
2026-04-27,647.8499755859375
2026-04-28,652.4500122070312
2026-04-29,644.6500244140625
2026-04-30,635.8499755859375
2026-05-01,635.8499755859375
2026-05-04,643.7000122070312
2026-05-05,647.7999877929688
2026-05-06,666.1500244140625
2026-05-07,669.0999755859375
2026-05-08,673.0499877929688
2026-05-11,661.2999877929688
2026-05-12,634.4000244140625
2026-05-13,637.4000244140625
2026-05-14,650.2000122070312
2026-05-15,656.25
2026-05-18,648.5499877929688
2026-05-19,652.75
2026-05-20,659.5999755859375
2026-05-21,657.4000244140625
2026-05-22,650.25
2026-05-25,663.5499877929688
2026-05-26,657.1500244140625
2026-05-27,667.7000122070312
2026-05-28,667.7000122070312
2026-05-29,654.25
2026-06-01,646.75
2026-06-02,661.6500244140625
2026-06-03,656.2999877929688
2026-06-04,661.5499877929688
2026-06-05,657.5999755859375
2026-06-08,652.25
2026-06-09,666.7000122070312
2026-06-10,665.8499755859375
2026-06-11,655.7000122070312
2026-06-12,676.4374389648438
2026-06-15,686.7913208007812
2026-06-16,691.3211669921875
2026-06-17,696.0003051757812
2026-06-18,707.2999877929688
2026-06-19,721.53662109375
2026-06-22,729.75
2026-06-23,724.0499877929688
2026-06-24,725.5
2026-06-25,720.6500244140625
2026-06-26,720.6500244140625
2026-06-29,707.0499877929688
2026-06-30,713.9500122070312
2026-07-01,718.75
2026-07-02,720.7000122070312
2026-07-03,728.5999755859375
2026-07-06,738.1500244140625
2026-07-07,745.9500122070312
2026-07-08,722.9000244140625
2026-07-09,731.4500122070312
2026-07-10,752.2999877929688
2026-07-13,738.5499877929688
2026-07-14,733.2999877929688
2026-07-15,743.2000122070312
2026-07-16,731.4500122070312
2026-07-17,727.9000244140625
2026-07-20,725.0499877929688
2026-07-21,731.5999755859375
2026-07-22,724.8499755859375
2026-07-23,724.0499877929688
2026-07-24,727.4500122070312
2026-07-27,733.75
2026-07-28,734.7000122070312
2026-07-29,738.2000122070312
2026-07-30,749.25
2026-07-31,738.5499877929688
2026-08-03,752.0
