,close
2005-01-03,49.13526916503906
2005-01-04,51.97159576416016
2005-01-05,51.0539665222168
2005-01-06,49.176979064941406
2005-01-07,52.63896942138672
2005-01-10,53.59831619262695
2005-01-11,50.67856597900391
2005-01-12,48.593021392822266
2005-01-13,51.38764953613281
2005-01-14,51.38764953613281
2005-01-17,51.38764953613281
2005-01-18,52.34699249267578
2005-01-19,52.09672927856445
2005-01-20,49.0101318359375
2005-01-24,45.92353439331055
2005-01-25,49.13526916503906
2005-01-27,50.303165435791016
2005-01-28,52.80581283569336
2005-01-31,51.51278305053711
2005-02-01,50.72026824951172
2005-02-02,50.84540557861328
2005-02-03,54.1822624206543
2005-02-04,56.017539978027344
2005-02-07,56.51807022094727
2005-02-08,56.30951690673828
2005-02-09,57.56083679199219
2005-02-10,58.22819900512695
2005-02-11,57.0603141784668
2005-02-14,57.644264221191406
2005-02-15,58.10307693481445
2005-02-16,56.142677307128906
2005-02-17,54.682804107666016
2005-02-18,54.3491096496582
2005-02-21,53.64003372192383
2005-02-22,52.72238540649414
2005-02-23,54.891357421875
2005-02-24,54.51595687866211
2005-02-25,53.01436614990234
2005-02-28,55.4335823059082
2005-03-01,56.017539978027344
2005-03-02,57.10202026367188
2005-03-03,58.1447868347168
2005-03-04,57.018592834472656
2005-03-07,56.85176086425781
2005-03-08,56.55978012084961
2005-03-09,55.93412780761719
2005-03-10,56.47636413574219
2005-03-11,55.80898284912109
2005-03-14,54.30739974975586
2005-03-15,53.64003372192383
2005-03-16,54.55767059326172
2005-03-17,52.930946350097656
2005-03-18,52.97265625
2005-03-21,54.93306350708008
2005-03-22,53.556602478027344
2005-03-23,53.348052978515625
2005-03-24,52.930946350097656
2005-03-28,51.80474853515625
2005-03-29,52.72238540649414
2005-03-30,52.47212600708008
2005-03-31,55.76727294921875
2005-04-01,57.0603141784668
2005-04-04,60.4805908203125
2005-04-05,59.31270217895508
2005-04-06,58.770450592041016
2005-04-07,58.85387420654297
2005-04-08,58.39504623413086
2005-04-11,57.227142333984375
2005-04-12,58.770450592041016
2005-04-13,58.60360336303711
2005-04-15,54.474246978759766
2005-04-18,57.10202026367188
2005-04-19,55.93412780761719
2005-04-20,58.43676376342773
2005-04-21,58.52018356323242
2005-04-22,58.85387420654297
2005-04-25,57.81110763549805
2005-04-26,58.019657135009766
2005-04-27,57.6025505065918
2005-04-28,57.85280990600586
2005-04-29,57.10202026367188
2005-05-02,56.30951690673828
2005-05-03,56.351219177246094
2005-05-04,57.018592834472656
2005-05-05,57.72768020629883
2005-05-06,57.81110763549805
2005-05-09,59.27097702026367
2005-05-10,62.77468490600586
2005-05-11,66.40352630615234
2005-05-12,65.11048126220703
2005-05-13,63.90087890625
2005-05-16,64.23455047607422
2005-05-17,63.94258880615234
2005-05-18,64.56824493408203
2005-05-19,63.94258880615234
2005-05-20,62.89981842041016
2005-05-23,65.7778549194336
2005-05-24,67.77997589111328
2005-05-25,69.11470794677734
2005-05-26,67.77997589111328
2005-05-27,65.73615264892578
2005-05-30,63.60888671875
2005-05-31,62.85810852050781
2005-06-01,64.73506927490234
2005-06-02,63.35862731933594
2005-06-03,62.19074249267578
2005-06-06,62.64955520629883
2005-06-07,61.81533050537109
2005-06-08,66.02813720703125
2005-06-09,68.86445617675781
2005-06-10,68.9896011352539
2005-06-13,69.07300567626953
2005-06-14,68.2804946899414
2005-06-15,69.11470794677734
2005-06-16,66.1115493774414
2005-06-17,61.52335739135742
2005-06-20,60.43888854980469
2005-06-21,60.81428527832031
2005-06-22,58.43676376342773
2005-06-23,62.06559371948242
2005-06-24,62.64955520629883
2005-06-27,61.06454849243164
2005-06-28,61.06454849243164
2005-06-29,61.77362823486328
2005-06-30,60.313751220703125
2005-07-01,63.10837173461914
2005-07-04,64.23455047607422
2005-07-05,62.06559371948242
2005-07-06,64.0260009765625
2005-07-07,63.10837173461914
2005-07-08,65.6944351196289
2005-07-11,69.53181457519531
2005-07-12,69.9072265625
2005-07-13,71.70077514648438
2005-07-14,69.4901123046875
2005-07-15,70.82485961914062
2005-07-18,73.16065216064453
2005-07-19,74.24513244628906
2005-07-20,73.61946868896484
2005-07-21,72.8686752319336
2005-07-22,75.28790283203125
2005-07-25,75.83016204833984
2005-07-26,74.20343780517578
2005-07-27,74.1199951171875
2005-07-28,74.1199951171875
2005-07-29,71.45053100585938
2005-08-01,76.91462707519531
2005-08-02,77.54029083251953
2005-08-03,75.70502471923828
2005-08-04,74.62052917480469
2005-08-05,74.16171264648438
2005-08-08,73.20236206054688
2005-08-09,72.28472137451172
2005-08-10,74.78739166259766
2005-08-11,75.1210708618164
2005-08-12,75.41305541992188
2005-08-16,75.371337890625
2005-08-17,77.7905502319336
2005-08-18,83.79690551757812
2005-08-19,90.09523010253906
2005-08-22,85.84071350097656
2005-08-23,84.00546264648438
2005-08-24,80.46005249023438
2005-08-25,89.13587951660156
2005-08-26,89.21929931640625
2005-08-29,89.26100158691406
2005-08-30,93.3486557006836
2005-08-31,94.97537994384766
2005-09-01,93.26524353027344
2005-09-02,92.1390380859375
2005-09-05,94.93367004394533
2005-09-06,93.22354888916016
2005-09-08,96.22669982910156
2005-09-09,96.6020965576172
2005-09-12,96.05985260009766
2005-09-13,95.30907440185548
2005-09-14,93.39037322998048
2005-09-15,95.68445587158205
2005-09-16,94.6833953857422
2005-09-19,95.14221954345705
2005-09-20,93.01498413085938
2005-09-21,89.55299377441406
2005-09-22,80.7937240600586
2005-09-23,85.50704193115234
2005-09-26,88.4685287475586
2005-09-27,88.25995635986328
2005-09-28,90.05352020263672
2005-09-29,90.97116088867188
2005-09-30,91.59681701660156
2005-10-03,92.01393127441406
2005-10-04,94.14116668701172
2005-10-05,93.30694580078124
2005-10-06,90.38720703125
2005-10-07,89.302734375
2005-10-10,87.2171859741211
2005-10-11,85.84071350097656
2005-10-13,83.37979125976562
2005-10-14,79.33385467529297
2005-10-17,77.33172607421875
2005-10-18,78.12422943115234
2005-10-19,77.49858856201172
2005-10-20,75.62158966064453
2005-10-21,76.91462707519531
2005-10-24,77.49858856201172
2005-10-25,76.66436004638672
2005-10-26,74.41199493408203
2005-10-27,68.78102111816406
2005-10-28,64.65166473388672
2005-10-31,73.70291137695312
2005-11-02,76.1638412475586
2005-11-04,76.1638412475586
2005-11-07,80.37662506103516
2005-11-08,81.54452514648438
2005-11-09,80.50176239013672
2005-11-10,79.83438110351562
2005-11-11,79.87609100341797
2005-11-14,81.08568572998047
2005-11-16,81.62793731689453
2005-11-17,80.4183349609375
2005-11-18,83.46321868896484
2005-11-21,83.63005065917969
2005-11-22,83.12952423095703
2005-11-23,83.96375274658203
2005-11-24,84.42256164550781
2005-11-25,84.42256164550781
2005-11-28,87.30061340332031
2005-11-29,84.79795837402344
2005-11-30,82.2953109741211
2005-12-01,85.34020233154297
2005-12-02,84.29743194580078
2005-12-05,82.79583740234375
2005-12-06,82.2118911743164
2005-12-07,81.91991424560547
2005-12-08,82.79583740234375
2005-12-09,82.50386047363281
2005-12-12,82.46215057373047
2005-12-13,84.17228698730469
2005-12-14,82.54557800292969
2005-12-15,81.00228118896484
2005-12-16,81.16912841796875
2005-12-19,82.37873840332031
2005-12-20,81.12739562988281
2005-12-21,80.50176239013672
2005-12-22,80.25148010253906
2005-12-23,78.41622161865234
2005-12-26,73.8280258178711
2005-12-27,78.7916030883789
2005-12-28,82.00333404541016
2005-12-29,81.54452514648438
2005-12-30,83.75519561767578
2006-01-02,83.75519561767578
2006-01-03,89.05245971679688
2006-01-04,93.89092254638672
2006-01-05,92.47274017333984
2006-01-06,96.22669982910156
2006-01-09,101.89937591552734
2006-01-10,99.48015594482422
2006-01-12,98.81275939941406
2006-01-13,101.60740661621094
2006-01-16,102.31649017333984
2006-01-17,97.51976013183594
2006-01-18,92.84812927246094
2006-01-19,98.10369873046876
2006-01-20,98.020263671875
2006-01-23,97.1026382446289
2006-01-24,99.7721176147461
2006-01-25,97.77001190185548
2006-01-27,101.81593322753906
2006-01-30,106.77952575683594
2006-01-31,108.86504364013672
2006-02-01,110.03296661376952
2006-02-02,118.87564849853516
2006-02-03,117.87457275390624
2006-02-06,119.58472442626952
2006-02-07,118.2082748413086
2006-02-08,116.70668029785156
2006-02-10,112.41047668457033
2006-02-13,110.53350830078124
2006-02-14,110.2832260131836
2006-02-15,108.19766235351562
2006-02-16,115.03824615478516
2006-02-17,109.74100494384766
2006-02-20,111.9099349975586
2006-02-21,114.66284942626952
2006-02-22,114.3708953857422
2006-02-23,112.86930084228516
2006-02-24,113.7452163696289
2006-02-27,113.4949722290039
2006-02-28,117.62430572509766
2006-03-01,129.928955078125
2006-03-02,124.25633239746094
2006-03-03,127.30123901367188
2006-03-06,127.8017578125
2006-03-07,133.89151000976562
2006-03-08,132.59844970703125
2006-03-09,138.0208740234375
2006-03-10,140.60694885253906
2006-03-13,138.14601135253906
2006-03-14,139.14706420898438
2006-03-16,135.39309692382812
2006-03-17,136.3941650390625
2006-03-20,139.14706420898438
2006-03-21,136.5609893798828
2006-03-22,134.4754638671875
2006-03-23,137.7705841064453
2006-03-24,137.06150817871094
2006-03-27,138.0208740234375
2006-03-28,136.0604705810547
2006-03-29,134.05836486816406
2006-03-30,131.1802978515625
2006-03-31,137.89573669433594
2006-04-03,143.15130615234375
2006-04-04,142.233642578125
2006-04-05,151.86886596679688
2006-04-07,153.95437622070312
2006-04-10,163.4227294921875
2006-04-12,160.46128845214844
2006-04-13,155.33082580566406
2006-04-17,168.72000122070312
2006-04-18,170.34669494628906
2006-04-19,177.47926330566406
2006-04-20,176.8953094482422
2006-04-21,180.3155670166016
2006-04-24,182.65138244628903
2006-04-25,173.3081817626953
2006-04-26,184.23643493652344
2006-04-27,181.8171844482422
2006-04-28,185.154037475586
2006-05-02,196.082275390625
2006-05-03,191.3689117431641
2006-05-04,174.18408203125
2006-05-05,173.099609375
2006-05-08,172.1819610595703
2006-05-09,184.1947021484375
2006-05-10,180.3572692871093
2006-05-11,178.81399536132812
2006-05-12,170.97235107421875
2006-05-15,161.50405883789062
2006-05-16,169.84620666503906
2006-05-17,175.76910400390625
2006-05-18,148.9073944091797
2006-05-19,133.97494506835938
2006-05-22,124.59001159667967
2006-05-23,140.64865112304688
2006-05-24,136.26901245117188
2006-05-25,137.8123321533203
2006-05-26,144.19410705566406
2006-05-29,147.78118896484375
2006-05-30,141.02406311035156
2006-05-31,134.22518920898438
2006-06-01,124.29801177978516
2006-06-02,130.01242065429688
2006-06-05,121.4200210571289
2006-06-06,115.99759674072266
2006-06-07,106.4458465576172
2006-06-08,100.6480484008789
2006-06-09,113.62007904052734
2006-06-12,104.48543548583984
2006-06-13,94.97537994384766
2006-06-14,89.302734375
2006-06-15,106.77952575683594
2006-06-16,109.82440948486328
2006-06-19,123.71409606933594
2006-06-20,125.0905532836914
2006-06-21,125.25740051269533
2006-06-22,129.59530639648438
2006-06-23,134.10008239746094
2006-06-26,125.048828125
2006-06-27,124.88197326660156
2006-06-28,122.9215850830078
2006-06-29,121.16974639892578
2006-06-30,130.80491638183594
2006-07-03,131.76426696777344
2006-07-04,131.889404296875
2006-07-05,133.68296813964844
2006-07-06,134.55889892578125
2006-07-07,137.22837829589844
2006-07-10,145.57054138183594
2006-07-11,148.57371520996094
2006-07-12,149.0325164794922
2006-07-13,151.32659912109375
2006-07-14,154.3715057373047
2006-07-17,150.36727905273438
2006-07-18,147.48924255371094
2006-07-19,141.73312377929688
2006-07-20,146.8635711669922
2006-07-21,140.48182678222656
2006-07-24,140.39840698242188
2006-07-25,147.15553283691406
2006-07-26,152.86988830566406
2006-07-27,156.54043579101562
2006-07-28,158.7511444091797
2006-07-31,153.53726196289062
2006-08-01,153.20359802246094
2006-08-02,154.41319274902344
2006-08-03,154.2046661376953
2006-08-04,153.32872009277344
2006-08-07,150.9095001220703
2006-08-08,152.86988830566406
2006-08-09,154.0377960205078
2006-08-10,159.66876220703125
2006-08-11,157.33297729492188
2006-08-14,162.29653930664062
2006-08-16,161.71258544921875
2006-08-17,161.50405883789062
2006-08-18,161.33718872070312
2006-08-21,160.544677734375
2006-08-22,160.66981506347656
2006-08-23,154.830322265625
2006-08-24,158.7511444091797
2006-08-25,162.9639129638672
2006-08-28,167.63551330566406
2006-08-29,165.29969787597656
2006-08-30,167.4269561767578
2006-08-31,167.55209350585938
2006-09-01,170.1798553466797
2006-09-04,171.13922119140625
2006-09-05,172.3905487060547
2006-09-06,174.10067749023438
2006-09-07,174.9766082763672
2006-09-08,174.60122680664062
2006-09-11,162.08798217773438
2006-09-12,165.96710205078125
2006-09-13,168.92855834960938
2006-09-14,173.76699829101562
2006-09-15,177.1038818359375
2006-09-18,178.06317138671875
2006-09-19,178.563720703125
2006-09-20,179.35623168945312
2006-09-21,185.2374725341797
2006-09-22,185.94656372070312
2006-09-25,182.943359375
2006-09-26,183.19363403320312
2006-09-27,182.4428253173828
2006-09-28,182.9016265869141
2006-09-29,184.82034301757807
2006-10-03,187.3647308349609
2006-10-04,185.27915954589844
2006-10-05,186.3219451904297
2006-10-06,185.0289459228516
2006-10-09,186.7807464599609
2006-10-10,187.74009704589844
2006-10-11,185.0706024169922
2006-10-12,187.6983795166016
2006-10-13,189.86734008789065
2006-10-16,187.53152465820312
2006-10-17,185.154037475586
2006-10-18,184.31979370117188
2006-10-19,182.4428253173828
2006-10-20,183.2353363037109
2006-10-23,183.8609771728516
2006-10-26,182.4845123291016
2006-10-27,184.9037475585937
2006-10-30,183.52731323242188
2006-10-31,179.06427001953125
2006-11-01,182.60968017578125
2006-11-02,182.401123046875
2006-11-03,186.1968231201172
2006-11-06,187.9486541748047
2006-11-07,184.9037475585937
2006-11-08,183.6524353027344
2006-11-09,183.0684967041016
2006-11-10,183.4021911621093
2006-11-13,185.4459991455078
2006-11-14,181.1080780029297
2006-11-15,180.85780334472656
2006-11-16,181.9840087890625
2006-11-17,182.60968017578125
2006-11-20,175.22686767578125
2006-11-21,178.10491943359375
2006-11-22,187.90695190429688
2006-11-23,189.9090270996093
2006-11-24,191.3272247314453
2006-11-27,195.7485809326172
2006-11-28,198.251220703125
2006-11-29,200.16989135742188
2006-11-30,196.2073974609375
2006-12-01,198.7517547607422
2006-12-04,199.8779296875
2006-12-05,195.790267944336
2006-12-06,193.0790405273437
2006-12-07,192.3699951171875
2006-12-08,192.4951171875
2006-12-11,179.5230712890625
2006-12-12,159.00140380859375
2006-12-13,171.26434326171875
2006-12-14,179.43966674804688
2006-12-15,190.40956115722656
2006-12-18,187.6566619873047
2006-12-19,182.943359375
2006-12-20,182.1508636474609
2006-12-21,184.36151123046875
2006-12-22,193.0790405273437
2006-12-26,193.7881622314453
2006-12-27,195.3731689453125
2006-12-28,193.12078857421875
2006-12-29,195.99884033203125
2007-01-02,199.4608154296875
2007-01-03,197.4586944580078
2007-01-04,195.03952026367188
2007-01-05,195.03952026367188
2007-01-08,190.9518280029297
2007-01-09,190.9935302734375
2007-01-10,188.699447631836
2007-01-11,194.16357421875
2007-01-12,197.5838165283203
2007-01-15,200.50360107421875
2007-01-16,208.3869171142578
2007-01-17,206.718490600586
2007-01-18,204.0906982421875
2007-01-19,206.7601928710937
2007-01-22,201.7131805419922
2007-01-23,184.1947021484375
2007-01-24,183.3187866210937
2007-01-25,185.27915954589844
2007-01-29,182.7348022460937
2007-01-31,182.7348022460937
2007-02-01,186.2801971435547
2007-02-02,184.98716735839844
2007-02-05,185.69625854492188
2007-02-06,190.2010498046875
2007-02-07,187.1561279296875
2007-02-08,184.1112823486328
2007-02-09,172.0985565185547
2007-02-12,162.5467987060547
2007-02-13,160.46128845214844
2007-02-14,159.46018981933594
2007-02-15,170.80551147460938
2007-02-19,166.6344451904297
2007-02-20,162.1296844482422
2007-02-21,163.71470642089844
2007-02-22,158.87623596191406
2007-02-23,153.53726196289062
2007-02-26,158.4591522216797
2007-02-27,160.04415893554688
2007-02-28,149.07421875
2007-03-01,144.98658752441406
2007-03-02,140.64865112304688
2007-03-05,131.889404296875
2007-03-06,135.22625732421875
2007-03-07,126.63385009765624
2007-03-08,139.39732360839844
2007-03-09,127.88517761230467
2007-03-12,129.38674926757812
2007-03-13,128.17715454101562
2007-03-14,132.89047241210938
2007-03-15,134.22518920898438
2007-03-16,131.63916015625
2007-03-19,135.39309692382812
2007-03-20,144.19410705566406
2007-03-21,137.47862243652344
2007-03-22,137.89573669433594
2007-03-23,137.10324096679688
2007-03-26,136.51931762695312
2007-03-28,132.9321746826172
2007-03-29,133.26585388183594
2007-03-30,135.10113525390625
2007-04-02,128.46910095214844
2007-04-03,130.13755798339844
2007-04-04,126.25845336914062
2007-04-05,127.13434600830078
2007-04-09,136.0604705810547
2007-04-10,136.14385986328125
2007-04-11,133.51611328125
2007-04-12,133.05728149414062
2007-04-13,139.6058807373047
2007-04-16,143.52671813964844
2007-04-17,141.31605529785156
2007-04-18,143.0261993408203
2007-04-19,142.6090545654297
2007-04-20,142.35879516601562
2007-04-23,141.3577423095703
2007-04-24,142.48394775390625
2007-04-25,150.28382873535156
2007-04-26,153.78753662109375
2007-04-27,147.11380004882812
2007-04-30,148.6571044921875
2007-05-03,152.53623962402344
2007-05-04,153.66238403320312
2007-05-07,153.32872009277344
2007-05-08,152.20252990722656
2007-05-09,154.246337890625
2007-05-10,153.82925415039062
2007-05-11,153.07846069335938
2007-05-14,153.4955596923828
2007-05-15,152.66136169433594
2007-05-16,153.99609375
2007-05-17,158.375732421875
2007-05-18,159.91903686523438
2007-05-21,160.836669921875
2007-05-22,158.91796875
2007-05-23,157.29124450683594
2007-05-24,158.83453369140625
2007-05-25,155.9564971923828
2007-05-28,156.0399169921875
2007-05-29,156.0816192626953
2007-05-30,152.3276824951172
2007-05-31,148.94906616210938
2007-06-01,151.2014923095703
2007-06-04,148.49026489257812
2007-06-05,147.90631103515625
2007-06-06,142.7342071533203
2007-06-07,140.73207092285156
2007-06-08,141.94166564941406
2007-06-11,139.23049926757812
2007-06-12,144.4026336669922
2007-06-13,141.1074676513672
2007-06-14,148.36512756347656
2007-06-15,145.52882385253906
2007-06-18,146.90528869628906
2007-06-19,150.11700439453125
2007-06-20,156.20675659179688
2007-06-21,155.37252807617188
2007-06-22,156.999267578125
2007-06-25,158.04205322265625
2007-06-26,159.0848388671875
2007-06-27,155.91481018066406
2007-06-28,172.05685424804688
2007-06-29,173.68357849121094
2007-07-02,174.60122680664062
2007-07-03,173.099609375
2007-07-04,179.94015502929688
2007-07-05,178.18833923339844
2007-07-06,182.8599548339844
2007-07-09,184.36151123046875
2007-07-10,181.44178771972656
2007-07-11,183.44387817382807
2007-07-12,183.73583984375
2007-07-13,189.15826416015625
2007-07-16,194.2469787597656
2007-07-17,193.87159729003903
2007-07-18,191.1603546142578
2007-07-19,189.783935546875
2007-07-20,187.6566619873047
2007-07-23,188.5325927734375
2007-07-24,187.57327270507807
2007-07-25,171.0140838623047
2007-07-26,172.05685424804688
2007-07-27,162.63021850585938
2007-07-30,169.55422973632812
2007-07-31,182.23426818847656
2007-08-01,170.30499267578125
2007-08-02,181.27493286132807
2007-08-03,180.98294067382807
2007-08-06,187.53152465820312
2007-08-07,188.0320587158203
2007-08-08,188.49087524414065
2007-08-09,182.943359375
2007-08-10,179.0225830078125
2007-08-13,184.82034301757807
2007-08-14,180.232177734375
2007-08-16,176.60328674316406
2007-08-17,179.14768981933594
2007-08-20,179.6482391357422
2007-08-21,172.80764770507812
2007-08-22,175.81082153320312
2007-08-23,181.23321533203125
2007-08-24,191.1186981201172
2007-08-27,198.96031188964844
2007-08-28,203.5067749023437
2007-08-29,204.54953002929688
2007-08-30,201.504638671875
2007-08-31,205.4671630859375
2007-09-03,208.8874664306641
2007-09-04,223.8616180419922
2007-09-05,219.69053649902344
2007-09-06,228.9920196533203
2007-09-07,223.1107940673828
2007-09-10,226.0305938720703
2007-09-11,224.23699951171875
2007-09-12,222.4851531982422
2007-09-13,227.2818756103516
2007-09-14,230.63104248046875
2007-09-17,230.37985229492188
2007-09-18,231.6776580810547
2007-09-19,238.45965576171875
2007-09-20,239.29693603515625
2007-09-21,241.5994873046875
2007-09-24,238.79458618164065
2007-09-25,239.3388061523437
2007-09-26,239.04576110839844
2007-09-27,242.52052307128903
2007-09-28,244.2788543701172
2007-10-01,247.9210357666016
2007-10-03,242.6461334228516
2007-10-04,244.8230438232422
2007-10-05,235.2361297607422
2007-10-08,225.6910095214844
2007-10-09,236.03155517578125
2007-10-10,236.9944610595703
2007-10-11,245.24169921875
2007-10-12,244.19503784179688
2007-10-15,257.5080261230469
2007-10-16,258.8057861328125
2007-10-17,255.875244140625
2007-10-18,239.966796875
2007-10-19,224.8119201660156
2007-10-22,232.7242584228516
2007-10-23,250.30731201171875
2007-10-24,245.53477478027344
2007-10-25,240.63661193847656
2007-10-26,247.54429626464844
2007-10-29,248.8420867919922
2007-10-30,239.4644317626953
2007-10-31,236.3664703369141
2007-11-01,230.9240875244141
2007-11-02,231.3008575439453
2007-11-05,221.37901306152344
2007-11-06,222.6768035888672
2007-11-07,224.43508911132807
2007-11-08,222.42559814453125
2007-11-12,218.95086669921875
2007-11-13,224.2257843017578
2007-11-14,225.3979949951172
2007-11-15,236.4083404541016
2007-11-16,243.65084838867188
2007-11-19,260.9827575683594
2007-11-20,254.4937438964844
2007-11-21,234.48260498046875
2007-11-22,232.849838256836
2007-11-23,239.08767700195312
2007-11-26,254.7449188232422
2007-11-27,247.7955017089844
2007-11-28,238.9202117919922
2007-11-29,236.8688507080078
2007-11-30,247.58615112304688
2007-12-03,247.7535858154297
2007-12-04,252.44239807128903
2007-12-05,255.4566192626953
2007-12-06,258.596435546875
2007-12-07,252.2749481201172
2007-12-10,254.03326416015625
2007-12-11,251.9818572998047
2007-12-12,252.65167236328125
2007-12-13,250.9771423339844
2007-12-14,275.5934143066406
2007-12-17,250.2654571533203
2007-12-18,246.4976348876953
2007-12-19,252.06558227539065
2007-12-20,251.6469573974609
2007-12-24,256.9219055175781
2007-12-26,255.2054443359375
2007-12-27,257.2567443847656
2007-12-28,254.6193084716797
2007-12-31,259.6849670410156
2008-01-01,258.5545959472656
2008-01-02,257.1311950683594
2008-01-03,249.7631072998047
2008-01-04,248.3396911621093
2008-01-07,241.7251434326172
2008-01-08,231.80325317382807
2008-01-09,237.99917602539065
2008-01-10,228.28663635253903
2008-01-11,225.81661987304688
2008-01-14,227.65866088867188
2008-01-15,229.500717163086
2008-01-16,218.61593627929688
2008-01-17,215.8528747558593
2008-01-18,211.54087829589844
2008-01-21,171.26730346679688
2008-01-22,167.75070190429688
2008-01-23,184.8313903808593
2008-01-24,171.7278289794922
2008-01-25,172.02085876464844
2008-01-28,171.6859588623047
2008-01-29,174.07223510742188
2008-01-30,177.17019653320312
2008-01-31,174.70018005371094
2008-02-01,170.13699340820312
2008-02-04,171.85340881347656
2008-02-05,174.9095001220703
2008-02-06,175.41184997558594
2008-02-07,171.60220336914062
2008-02-08,171.97898864746094
2008-02-11,154.60525512695312
2008-02-12,155.4844207763672
2008-02-13,159.67088317871094
2008-02-14,171.93711853027344
2008-02-15,174.74205017089844
2008-02-18,172.90000915527344
2008-02-19,174.11407470703125
2008-02-20,170.01136779785156
2008-02-21,168.46240234375
2008-02-22,168.2530517578125
2008-02-25,175.57937622070312
2008-02-26,183.49172973632807
2008-02-27,176.66781616210938
2008-02-28,179.2215576171875
2008-02-29,174.74205017089844
2008-03-03,169.38343811035156
2008-03-04,171.2254638671875
2008-03-05,173.9466094970703
2008-03-07,169.0485076904297
2008-03-10,165.61561584472656
2008-03-11,173.3186798095703
2008-03-12,169.21595764160156
2008-03-13,153.68426513671875
2008-03-14,158.5823974609375
2008-03-17,140.9993438720703
2008-03-18,141.6691436767578
2008-03-19,142.3389892578125
2008-03-24,143.92984008789062
2008-03-25,156.23800659179688
2008-03-26,162.6013641357422
2008-03-27,163.103759765625
2008-03-28,162.43389892578125
2008-03-31,156.40545654296875
2008-04-01,155.7356414794922
2008-04-02,159.96392822265625
2008-04-03,155.77748107910156
2008-04-04,153.1400146484375
2008-04-07,158.4986572265625
2008-04-08,152.5957794189453
2008-04-09,154.8145751953125
2008-04-10,154.31224060058594
2008-04-11,153.93544006347656
2008-04-15,148.57679748535156
2008-04-16,148.9535675048828
2008-04-17,150.67002868652344
2008-04-21,155.94496154785156
2008-04-22,161.84779357910156
2008-04-23,154.2703094482422
2008-04-24,150.46067810058594
2008-04-25,145.60443115234375
2008-04-28,142.92510986328125
2008-04-29,142.3389892578125
2008-04-30,143.80426025390625
2008-05-02,144.7252960205078
2008-05-05,145.06019592285156
2008-05-06,140.41322326660156
2008-05-07,138.90609741210938
2008-05-08,139.4503631591797
2008-05-09,134.84527587890625
2008-05-12,131.9566192626953
2008-05-13,129.3610076904297
2008-05-14,131.62173461914062
2008-05-15,138.61306762695312
2008-05-16,141.0830535888672
2008-05-20,140.45510864257812
2008-05-21,143.55308532714844
2008-05-22,145.1439208984375
2008-05-23,137.98509216308594
2008-05-26,134.0079803466797
2008-05-27,131.49612426757812
2008-05-28,135.89187622070312
2008-05-29,132.75204467773438
2008-05-30,134.04983520507812
2008-06-02,133.1707000732422
2008-06-03,139.74337768554688
2008-06-04,134.51034545898438
2008-06-05,138.19442749023438
2008-06-06,138.1525421142578
2008-06-09,134.0079803466797
2008-06-10,134.51034545898438
2008-06-11,138.4874725341797
2008-06-12,135.0964813232422
2008-06-13,134.71966552734375
2008-06-16,134.09170532226562
2008-06-17,134.71966552734375
2008-06-18,137.650146484375
2008-06-19,137.5664520263672
2008-06-20,134.468505859375
2008-06-23,131.62173461914062
2008-06-24,126.72357177734376
2008-06-25,131.57986450195312
2008-06-26,130.28204345703125
2008-06-27,122.95577239990234
2008-06-30,114.83407592773438
2008-07-01,101.4374771118164
2008-07-02,105.24713134765624
2008-07-03,104.53543853759766
2008-07-04,109.5173110961914
2008-07-07,112.9920425415039
2008-07-08,115.08526611328124
2008-07-09,117.42967987060548
2008-07-10,116.17373657226562
2008-07-11,111.903564453125
2008-07-14,109.76849365234376
2008-07-15,109.01492309570312
2008-07-16,106.12628173828124
2008-07-17,110.3127212524414
2008-07-18,113.7037353515625
2008-07-21,114.41543579101562
2008-07-22,115.46204376220705
2008-07-23,123.58375549316406
2008-07-24,120.77881622314452
2008-07-25,125.80254364013672
2008-07-28,124.4628677368164
2008-07-29,119.31356811523438
2008-07-30,125.55136108398438
2008-07-31,121.0300064086914
2008-08-01,122.4952621459961
2008-08-04,123.66749572753906
2008-08-05,130.28204345703125
2008-08-06,135.85003662109375
2008-08-07,139.03170776367188
2008-08-08,135.4313507080078
2008-08-11,137.69204711914062
2008-08-12,131.0774688720703
2008-08-13,130.8262939453125
2008-08-14,128.8331298828125
2008-08-18,123.15056610107422
2008-08-19,121.79353332519533
2008-08-20,121.58151245117188
2008-08-21,117.38318634033205
2008-08-22,118.86743927001952
2008-08-25,118.99466705322266
2008-08-26,118.99466705322266
2008-08-27,118.86743927001952
2008-08-28,114.20264434814452
2008-08-29,117.42560577392578
2008-09-01,115.26282501220705
2008-09-02,120.94539642333984
2008-09-04,124.63481903076172
2008-09-05,121.58151245117188
2008-09-08,124.38036346435548
2008-09-09,126.0343017578125
2008-09-10,124.9316864013672
2008-09-11,124.71967315673828
2008-09-12,118.18893432617188
2008-09-15,116.53504180908205
2008-09-16,115.43246459960938
2008-09-17,111.44615936279295
2008-09-18,106.18769073486328
2008-09-19,109.74989318847656
2008-09-22,108.35045623779295
2008-09-23,105.38194274902344
2008-09-24,109.96192169189452
2008-09-25,116.15338134765624
2008-09-26,108.9017333984375
2008-09-29,102.32862091064452
2008-09-30,105.0850830078125
2008-10-01,104.27936553955078
2008-10-03,99.95381927490234
2008-10-06,91.34514617919922
2008-10-07,89.86090087890625
2008-10-08,85.83220672607422
2008-10-10,79.00464630126953
2008-10-13,86.89240264892578
2008-10-14,81.63390350341797
2008-10-15,82.7789077758789
2008-10-16,81.97315979003906
2008-10-17,78.453369140625
2008-10-20,73.15245819091797
2008-10-21,77.94448852539062
2008-10-22,74.89115142822266
2008-10-23,71.5833969116211
2008-10-24,62.847503662109375
2008-10-27,59.15807342529297
2008-10-29,64.07731628417969
2008-10-31,74.0006103515625
2008-11-03,75.18800354003906
2008-11-04,77.18114471435547
2008-11-05,75.52725982666016
2008-11-06,75.99373626708984
2008-11-07,75.99373626708984
2008-11-10,76.24818420410156
2008-11-11,72.04987335205078
2008-11-12,71.71060943603516
2008-11-14,70.14154815673828
2008-11-17,70.39599609375
2008-11-18,73.06765747070312
2008-11-19,73.83098602294922
2008-11-20,73.32209014892578
2008-11-21,73.83098602294922
2008-11-24,73.6613540649414
2008-11-25,70.22636413574219
2008-11-26,72.26190185546875
2008-11-27,72.26190185546875
2008-11-28,73.02523803710938
2008-12-01,73.83098602294922
2008-12-02,73.78856658935547
2008-12-03,71.7954330444336
2008-12-04,72.17708587646484
2008-12-05,71.45616149902344
2008-12-08,72.04987335205078
2008-12-10,79.72557067871094
2008-12-11,82.99092864990234
2008-12-12,80.95539093017578
2008-12-15,84.5176010131836
2008-12-16,91.04830932617188
2008-12-17,85.66258239746094
2008-12-18,90.70904541015624
2008-12-19,87.9949951171875
2008-12-22,86.38350677490234
2008-12-23,80.27687072753906
2008-12-24,81.80353546142578
2008-12-26,79.98003387451172
2008-12-29,82.94853210449219
2008-12-30,84.00869750976562
2008-12-31,82.86370086669922
2009-01-02,87.18925476074219
2009-01-05,90.11532592773438
2009-01-06,100.88677978515624
2009-01-07,99.82660675048828
2009-01-09,97.49420166015624
2009-01-12,96.1795883178711
2009-01-13,90.28498077392578
2009-01-14,93.9744110107422
2009-01-15,89.09756469726562
2009-01-16,89.52164459228516
2009-01-19,91.64202117919922
2009-01-20,90.83626556396484
2009-01-21,87.91016387939453
2009-01-22,86.59554290771484
2009-01-23,86.25628662109375
2009-01-27,84.72962188720703
2009-01-28,89.81848907470703
2009-01-29,85.11129760742188
2009-01-30,86.5107421875
2009-02-02,86.5107421875
2009-02-03,90.11532592773438
2009-02-04,89.98812866210938
2009-02-05,87.35887908935547
2009-02-06,90.0729522705078
2009-02-09,93.5503387451172
2009-02-10,94.27124786376952
2009-02-11,91.68441009521484
2009-02-12,89.81848907470703
2009-02-13,92.91423034667967
2009-02-16,90.66664123535156
2009-02-17,86.12906646728516
2009-02-18,87.69813537597656
2009-02-19,87.69813537597656
2009-02-20,84.98406982421875
2009-02-24,83.11815643310547
2009-02-25,84.09352111816406
2009-02-26,84.77203369140625
2009-02-27,82.69407653808594
2009-03-02,82.3972396850586
2009-03-03,84.89924621582031
2009-03-04,86.5107421875
2009-03-05,83.45741271972656
2009-03-06,84.47518920898438
2009-03-09,82.18519592285156
2009-03-12,81.1250228881836
2009-03-13,86.2987060546875
2009-03-16,87.74053192138672
2009-03-17,82.9061279296875
2009-03-18,80.70094299316406
2009-03-19,79.68315887451172
2009-03-20,80.3616943359375
2009-03-23,83.07575225830078
2009-03-24,81.80353546142578
2009-03-25,87.14683532714844
2009-03-26,91.0907211303711
2009-03-27,93.5503387451172
2009-03-30,88.67350769042969
2009-03-31,89.90331268310547
2009-04-01,90.36978912353516
2009-04-02,93.76236724853516
2009-04-06,93.67754364013672
2009-04-08,95.16180419921876
2009-04-09,97.53661346435548
2009-04-13,100.505126953125
2009-04-15,110.42840576171876
2009-04-16,102.28621673583984
2009-04-17,102.96472930908205
2009-04-20,104.36417388916016
2009-04-21,103.98249816894533
2009-04-22,103.98249816894533
2009-04-23,102.58307647705078
2009-04-24,105.59398651123048
2009-04-27,104.0249252319336
2009-04-28,98.59679412841795
2009-04-29,97.32456970214844
2009-04-30,97.53661346435548
2009-05-04,100.20825958251952
2009-05-05,99.23289489746094
2009-05-06,100.63233184814452
2009-05-07,103.77046966552734
2009-05-08,102.79511260986328
2009-05-11,93.67754364013672
2009-05-12,92.5325698852539
2009-05-13,93.38069915771484
2009-05-14,93.6351547241211
2009-05-15,97.4518051147461
2009-05-18,108.8169403076172
2009-05-19,116.619873046875
2009-05-20,121.708740234375
2009-05-21,122.72650146484376
2009-05-22,125.44055938720705
2009-05-25,124.804443359375
2009-05-26,120.01243591308594
2009-05-27,123.108154296875
2009-05-28,121.03019714355467
2009-05-29,130.74147033691406
2009-06-01,135.10940551757812
2009-06-02,140.28309631347656
2009-06-03,140.28309631347656
2009-06-04,138.2899627685547
2009-06-05,138.96847534179688
2009-06-08,127.56090545654295
2009-06-09,135.91513061523438
2009-06-10,150.545654296875
2009-06-11,139.5621795654297
2009-06-12,136.5936737060547
2009-06-15,135.15182495117188
2009-06-16,136.12716674804688
2009-06-17,126.28866577148438
2009-06-18,118.6554183959961
2009-06-19,117.55282592773438
2009-06-22,116.15338134765624
2009-06-23,117.2983856201172
2009-06-24,119.33392333984376
2009-06-25,119.20671081542967
2009-06-26,123.95632934570312
2009-06-29,117.2559585571289
2009-06-30,111.10693359375
2009-07-01,110.76766204833984
2009-07-02,114.24505615234376
2009-07-03,116.78949737548828
2009-07-06,111.65821838378906
2009-07-07,117.6800308227539
2009-07-08,119.03707885742188
2009-07-09,118.74021911621094
2009-07-10,114.07542419433594
2009-07-13,110.04673767089844
2009-07-14,115.05079650878906
2009-07-15,121.708740234375
2009-07-16,120.26688385009766
2009-07-17,125.14373016357422
2009-07-20,129.342041015625
2009-07-21,128.32424926757812
2009-07-22,117.6800308227539
2009-07-23,119.71558380126952
2009-07-24,120.6485595703125
2009-07-27,118.69782257080078
2009-07-28,117.59522247314452
2009-07-29,114.71153259277344
2009-07-30,118.4857940673828
2009-07-31,120.50787353515624
2009-08-03,123.5625228881836
2009-08-04,132.984619140625
2009-08-05,130.83343505859375
2009-08-06,122.52995300292967
2009-08-07,121.024169921875
2009-08-10,115.08695220947266
2009-08-11,115.68927001953124
2009-08-12,115.646240234375
2009-08-13,118.22762298583984
2009-08-14,115.25904083251952
2009-08-17,113.02183532714844
2009-08-18,113.49508666992188
2009-08-19,109.14974212646484
2009-08-20,110.4404525756836
2009-08-21,110.74161529541016
2009-08-24,111.4729995727539
2009-08-25,110.4404525756836
2009-08-26,111.42998504638672
2009-08-27,111.4729995727539
2009-08-28,114.91486358642578
2009-08-31,115.646240234375
2009-09-01,112.67765045166016
2009-09-02,111.17183685302734
2009-09-03,110.48346710205078
2009-09-04,110.78462982177734
2009-09-07,111.90324401855467
2009-09-08,113.10787963867188
2009-09-09,113.49508666992188
2009-09-10,111.7741470336914
2009-09-11,107.72999572753906
2009-09-14,108.54742431640624
2009-09-15,107.98812103271484
2009-09-16,110.0532455444336
2009-09-17,111.9462661743164
2009-09-18,115.99044036865234
2009-09-22,115.0439224243164
2009-09-23,113.15090942382812
2009-09-24,115.08695220947266
2009-09-25,115.60323333740234
2009-09-29,116.37763214111328
2009-09-30,115.68927001953124
2009-10-01,116.33460998535156
2009-10-05,112.7636947631836
2009-10-06,110.82765197753906
2009-10-07,112.59161376953124
2009-10-08,112.3764877319336
2009-10-09,111.25788879394533
2009-10-12,109.49392700195312
2009-10-13,109.27882385253906
2009-10-14,107.90208435058594
2009-10-15,106.26719665527344
2009-10-16,106.52536010742188
2009-10-20,106.8695297241211
2009-10-21,104.89044952392578
2009-10-22,101.66372680664062
2009-10-23,101.87883758544922
2009-10-26,100.45907592773438
2009-10-27,96.80210876464844
2009-10-28,98.17886352539062
2009-10-29,97.36141204833984
2009-10-30,95.03815460205078
2009-11-03,84.45446014404297
2009-11-04,92.75791931152344
2009-11-05,89.96142578125
2009-11-06,89.14398956298828
2009-11-09,89.87538146972656
2009-11-10,91.0800323486328
2009-11-11,92.1125717163086
2009-11-12,91.2091064453125
2009-11-13,89.14398956298828
2009-11-16,89.61724853515625
2009-11-17,87.72421264648438
2009-11-18,86.86375427246094
2009-11-19,86.00328063964844
2009-11-20,87.89630889892578
2009-11-23,89.66024780273438
2009-11-24,90.3486328125
2009-11-25,91.8114242553711
2009-11-26,96.67304229736328
2009-11-27,94.8230438232422
2009-11-30,96.07072448730467
2009-12-01,97.66256713867188
2009-12-02,98.82418823242188
2009-12-03,100.5451202392578
2009-12-04,99.85675048828124
2009-12-07,98.30791473388672
2009-12-08,99.34046936035156
2009-12-09,98.04977416992188
2009-12-10,100.50211334228516
2009-12-11,100.07186889648438
2009-12-14,103.59976196289062
2009-12-15,99.72767639160156
2009-12-16,100.32999420166016
2009-12-17,99.12535858154295
2009-12-18,99.98580932617188
2009-12-21,100.71721649169922
2009-12-22,101.01837921142578
2009-12-23,104.15907287597656
2009-12-24,102.69628143310548
2009-12-29,106.7834701538086
2009-12-30,105.92300415039062
2009-12-31,106.09510803222656
2010-01-04,108.24626159667967
2010-01-05,109.32185363769533
2010-01-06,109.5799789428711
2010-01-07,110.09626007080078
2010-01-08,110.225341796875
2010-01-11,109.79509735107422
2010-01-12,106.7834701538086
2010-01-13,109.88114166259766
2010-01-14,110.65557098388672
2010-01-15,113.02183532714844
2010-01-18,110.9136962890625
2010-01-19,108.0311508178711
2010-01-20,106.7834701538086
2010-01-21,102.91138458251952
2010-01-22,101.74977111816406
2010-01-25,97.57652282714844
2010-01-27,92.80093383789062
2010-01-28,93.10211181640624
2010-01-29,96.28583526611328
2010-02-01,97.44744873046876
2010-02-02,97.103271484375
2010-02-03,101.96488189697266
2010-02-04,100.50211334228516
2010-02-05,96.3718719482422
2010-02-08,96.80210876464844
2010-02-09,100.45907592773438
2010-02-10,103.08349609375
2010-02-11,105.36371612548828
2010-02-15,105.75092315673828
2010-02-16,107.42882537841795
2010-02-17,106.65441131591795
2010-02-18,105.4927749633789
2010-02-19,103.42767333984376
2010-02-22,99.2114028930664
2010-02-23,100.3730239868164
2010-02-24,100.11488342285156
2010-02-25,100.24394989013672
2010-02-26,101.23348999023438
2010-03-02,104.02999114990234
2010-03-03,108.07415771484376
2010-03-04,107.6009292602539
2010-03-05,109.10674285888672
2010-03-08,108.8055648803711
2010-03-09,104.07301330566406
2010-03-10,103.98696899414062
2010-03-11,104.54627227783205
2010-03-12,103.6858139038086
2010-03-15,104.97650146484376
2010-03-16,105.27767181396484
2010-03-17,107.08463287353516
2010-03-18,108.89160919189452
2010-03-19,109.7520751953125
2010-03-22,111.6881103515625
2010-03-23,114.39856719970705
2010-03-25,116.50670623779295
2010-03-26,114.2695083618164
2010-03-29,112.97882080078124
2010-03-30,113.19393920898438
2010-03-31,113.36602783203124
2010-04-01,115.5602035522461
2010-04-05,116.20556640625
2010-04-06,115.21600341796876
2010-04-07,115.94742584228516
2010-04-08,118.1416015625
2010-04-09,120.67996978759766
2010-04-12,122.52995300292967
2010-04-13,119.13111877441406
2010-04-15,117.19508361816406
2010-04-16,116.0334701538086
2010-04-19,113.53811645507812
2010-04-20,117.06602478027344
2010-04-21,120.4648666381836
2010-04-22,119.51831817626952
2010-04-23,116.1195068359375
2010-04-26,114.52765655517578
2010-04-27,113.2369613647461
2010-04-28,112.0753173828125
2010-04-29,109.6230010986328
2010-04-30,108.0311508178711
2010-05-03,105.87999725341795
2010-05-04,103.470703125
2010-05-05,105.14860534667967
2010-05-06,102.69628143310548
2010-05-07,100.58814239501952
2010-05-10,102.18001556396484
2010-05-11,99.16837310791016
2010-05-12,98.95326232910156
2010-05-13,100.32999420166016
2010-05-14,99.12535858154295
2010-05-17,98.91023254394533
2010-05-18,99.94280242919922
2010-05-19,97.96372985839844
2010-05-20,96.4148941040039
2010-05-21,94.0055923461914
2010-05-24,95.42536926269533
2010-05-25,94.73699188232422
2010-05-26,95.21026611328124
2010-05-27,94.22071075439452
2010-05-28,95.29630279541016
2010-05-31,92.80093383789062
2010-06-01,91.42420196533205
2010-06-02,92.6288604736328
2010-06-03,94.69398498535156
2010-06-04,97.61953735351562
2010-06-07,96.11373901367188
2010-06-08,95.0811767578125
2010-06-09,96.93118286132812
2010-06-10,98.26488494873048
2010-06-11,96.88815307617188
2010-06-14,97.23233795166016
2010-06-15,97.96372985839844
2010-06-16,97.70558166503906
2010-06-17,97.5334930419922
2010-06-18,97.5334930419922
2010-06-21,98.99629974365234
2010-06-22,96.80210876464844
2010-06-23,96.97419738769533
2010-06-24,94.780029296875
2010-06-25,93.23118591308594
2010-06-28,93.3602523803711
2010-06-29,93.18815612792967
2010-06-30,92.80093383789062
2010-07-01,91.63932800292967
2010-07-02,91.68235778808594
2010-07-05,91.63932800292967
2010-07-06,92.15560913085938
2010-07-07,92.32770538330078
2010-07-08,92.6288604736328
2010-07-09,95.2532730102539
2010-07-12,95.0811767578125
2010-07-13,95.81256866455078
2010-07-14,95.38233184814452
2010-07-15,92.71490478515624
2010-07-16,92.93002319335938
2010-07-19,92.97305297851562
2010-07-20,92.71490478515624
2010-07-21,93.79049682617188
2010-07-22,92.88700103759766
2010-07-23,91.98350524902344
2010-07-26,91.85197448730467
2010-07-27,91.58892822265624
2010-07-28,92.07119750976562
2010-07-29,92.24656677246094
2010-07-30,93.86878204345705
2010-08-02,92.11504364013672
2010-08-03,89.92288208007812
2010-08-04,92.07119750976562
2010-08-05,92.24656677246094
2010-08-06,92.8603744506836
2010-08-09,95.710205078125
2010-08-10,95.00870513916016
2010-08-11,93.16727447509766
2010-08-12,91.9396743774414
2010-08-13,92.15887451171876
2010-08-16,92.20272064208984
2010-08-17,91.36969757080078
2010-08-18,91.32585144042967
2010-08-19,97.24472045898438
2010-08-20,97.24472045898438
2010-08-23,97.02550506591795
2010-08-24,94.92101287841795
2010-08-25,94.78949737548828
2010-08-26,94.08800506591795
2010-08-27,94.08800506591795
2010-08-30,93.86878204345705
2010-08-31,93.8249282836914
2010-09-01,94.21952056884766
2010-09-02,93.47418212890624
2010-09-03,93.07960510253906
2010-09-06,92.94806671142578
2010-09-07,102.0236587524414
2010-09-08,99.56842803955078
2010-09-09,97.90237426757812
2010-09-13,99.39305877685548
2010-09-14,98.12158966064452
2010-09-15,96.58707427978516
2010-09-16,95.31561279296876
2010-09-17,100.05070495605467
2010-09-20,105.00501251220705
2010-09-21,104.04047393798828
2010-09-22,102.0236587524414
2010-09-23,101.01525115966795
2010-09-24,102.41825103759766
2010-09-27,101.71675872802734
2010-09-28,105.18038177490234
2010-09-29,103.68971252441406
2010-09-30,101.62906646728516
2010-10-01,103.86507415771484
2010-10-04,102.2867202758789
2010-10-05,103.60201263427734
2010-10-06,107.59176635742188
2010-10-07,105.31190490722656
2010-10-08,104.12814331054688
2010-10-11,104.2596664428711
2010-10-12,102.9005126953125
2010-10-13,103.99662017822266
2010-10-14,102.94436645507812
2010-10-15,99.43690490722656
2010-10-18,100.9714126586914
2010-10-19,100.09455108642578
2010-10-20,97.99005889892578
2010-10-21,100.35759735107422
2010-10-22,99.39305877685548
2010-10-25,101.84828186035156
2010-10-26,101.67291259765624
2010-10-27,100.31375885009766
2010-10-28,97.72701263427734
2010-10-29,96.54322814941406
2010-11-01,99.12998962402344
2010-11-02,101.80443572998048
2010-11-03,104.12814331054688
2010-11-04,106.71491241455078
2010-11-08,109.25782012939452
2010-11-09,110.44159698486328
2010-11-10,108.4248046875
2010-11-11,105.09269714355467
2010-11-12,101.84828186035156
2010-11-15,102.41825103759766
2010-11-16,100.62065887451172
2010-11-18,101.3660125732422
2010-11-19,98.29696655273438
2010-11-22,99.96300506591795
2010-11-23,97.99005889892578
2010-11-24,95.40328979492188
2010-11-25,92.64116668701172
2010-11-26,89.44059753417969
2010-11-29,89.52828216552734
2010-11-30,93.21112060546876
2010-12-01,96.45553588867188
2010-12-02,96.71859741210938
2010-12-03,95.84174346923828
2010-12-06,94.30722045898438
2010-12-07,95.35946655273438
2010-12-08,93.38650512695312
2010-12-09,87.64301300048828
2010-12-10,93.16727447509766
2010-12-13,91.54508972167967
2010-12-14,93.73726654052734
2010-12-15,93.8249282836914
2010-12-16,92.50963592529295
2010-12-20,94.48258972167967
2010-12-21,92.24656677246094
2010-12-22,91.80813598632812
2010-12-23,91.76429748535156
2010-12-24,91.98350524902344
2010-12-27,92.94806671142578
2010-12-28,93.07960510253906
2010-12-29,93.29882049560548
2010-12-30,91.80813598632812
2010-12-31,94.7018051147461
2011-01-03,95.88556671142578
2011-01-04,97.33241271972656
2011-01-05,96.41168212890624
2011-01-06,93.34265899658205
2011-01-07,90.22978973388672
2011-01-10,90.40513610839844
2011-01-11,90.7120590209961
2011-01-12,91.720458984375
2011-01-13,92.37810516357422
2011-01-14,88.95832824707031
2011-01-17,85.84542083740234
2011-01-18,87.59918212890625
2011-01-19,87.07304382324219
2011-01-20,85.58238220214844
2011-01-21,86.72230529785156
2011-01-24,86.59078216552734
2011-01-25,86.85381317138672
2011-01-27,87.37995910644531
2011-01-28,86.32770538330078
2011-01-31,86.80997467041016
2011-02-01,80.97880554199219
2011-02-02,77.33979797363281
2011-02-03,80.75958251953125
2011-02-04,77.82208251953125
2011-02-07,78.52357482910156
2011-02-08,76.50679016113281
2011-02-09,76.4190902709961
2011-02-10,78.7427978515625
2011-02-11,78.87432098388672
2011-02-14,82.73255157470703
2011-02-15,81.72412872314453
2011-02-16,80.75958251953125
2011-02-17,81.81183624267578
2011-02-18,81.46109771728516
2011-02-21,82.2064208984375
2011-02-22,82.07489013671875
2011-02-23,81.8995361328125
2011-02-24,76.59446716308594
2011-02-25,76.94522094726562
2011-02-28,74.88457489013672
2011-03-01,77.16442108154297
2011-03-03,79.13738250732422
2011-03-04,79.26892852783203
2011-03-07,80.10194396972656
2011-03-08,80.14578247070312
2011-03-09,81.94336700439453
2011-03-10,81.63645935058594
2011-03-11,79.79503631591797
2011-03-14,81.11034393310547
2011-03-15,79.09354400634766
2011-03-16,80.45269775390625
2011-03-17,81.28572082519531
2011-03-18,80.36500549316406
2011-03-21,80.14578247070312
2011-03-22,80.67190551757812
2011-03-23,81.11034393310547
2011-03-24,81.81183624267578
2011-03-25,82.7763900756836
2011-03-28,82.16259002685547
2011-03-29,82.03106689453125
2011-03-30,85.23162841796875
2011-03-31,83.8286361694336
2011-04-01,85.97695922851562
2011-04-04,87.24842071533203
2011-04-05,87.99376678466797
2011-04-06,89.48444366455078
2011-04-07,90.31746673583984
2011-04-08,87.8183822631836
2011-04-11,87.07304382324219
2011-04-13,88.82677459716797
2011-04-15,87.07304382324219
2011-04-18,86.85381317138672
2011-04-19,89.22137451171875
2011-04-20,89.04600524902344
2011-04-21,89.74749755859375
2011-04-25,87.77454376220703
2011-04-26,90.14208984375
2011-04-27,87.59918212890625
2011-04-28,87.59918212890625
2011-04-29,87.07304382324219
2011-05-02,84.8808822631836
2011-05-03,80.05809783935547
2011-05-04,79.83888244628906
2011-05-05,79.26892852783203
2011-05-06,79.44429016113281
2011-05-09,79.5758285522461
2011-05-10,79.88272857666016
2011-05-11,79.35659790039062
2011-05-12,77.64671325683594
2011-05-13,77.55901336669922
2011-05-16,76.59446716308594
2011-05-17,73.61310577392578
2011-05-18,74.00770568847656
2011-05-19,73.9638671875
2011-05-20,74.31460571289062
2011-05-23,73.4815902709961
2011-05-24,73.87618255615234
2011-05-25,73.7008056640625
2011-05-26,71.55247497558594
2011-05-27,73.4815902709961
2011-05-30,73.61310577392578
2011-05-31,74.05155944824219
2011-06-01,75.54222106933594
2011-06-02,74.5338363647461
2011-06-03,73.7008056640625
2011-06-06,73.9638671875
2011-06-07,74.92841339111328
2011-06-08,74.18309020996094
2011-06-09,74.62149810791016
2011-06-10,72.73623657226562
2011-06-13,73.30621337890625
2011-06-14,73.2185287475586
2011-06-15,73.17469024658203
2011-06-16,72.12244415283203
2011-06-17,72.34165954589844
2011-06-20,67.95731353759766
2011-06-21,66.24742126464844
2011-06-22,64.18677520751953
2011-06-23,61.42464447021485
2011-06-24,60.10934829711914
2011-06-27,62.47688293457031
2011-06-28,62.03845977783203
2011-06-29,61.99459838867188
2011-06-30,62.25766372680664
2011-07-01,63.70450973510742
2011-07-04,63.39760971069336
2011-07-05,64.36213684082031
2011-07-06,64.27447509765625
2011-07-07,65.98435974121094
2011-07-08,65.23902130126953
2011-07-11,63.74834442138672
2011-07-12,63.39760971069336
2011-07-13,64.01139068603516
2011-07-14,65.28286743164062
2011-07-15,64.18677520751953
2011-07-18,63.39760971069336
2011-07-19,64.36213684082031
2011-07-20,63.353759765625
2011-07-21,62.6084213256836
2011-07-22,63.74834442138672
2011-07-25,64.27447509765625
2011-07-26,62.652252197265625
2011-07-27,63.00300598144531
2011-07-28,62.30150604248047
2011-07-29,61.11773681640625
2011-08-01,60.63545989990234
2011-08-02,59.32016372680664
2011-08-03,59.53937530517578
2011-08-04,59.58320999145508
2011-08-05,57.12798690795898
2011-08-08,57.08414077758789
2011-08-09,57.56642150878906
2011-08-10,59.62705612182617
2011-08-11,61.20541763305664
2011-08-12,63.13454055786133
2011-08-16,60.44795989990234
2011-08-17,60.98528289794922
2011-08-18,60.22407150268555
2011-08-19,60.6270637512207
2011-08-22,62.686771392822266
2011-08-23,62.59721374511719
2011-08-24,61.29871368408203
2011-08-25,57.94048690795898
2011-08-26,56.37331771850586
2011-08-29,58.16436767578125
2011-08-30,60.00019836425781
2011-09-02,59.86585998535156
2011-09-05,59.59720993041992
2011-09-06,62.507659912109375
2011-09-07,64.791259765625
2011-09-08,65.86589813232422
2011-09-09,62.462890625
2011-09-12,61.2539291381836
2011-09-13,63.67184448242188
2011-09-14,65.19424438476562
2011-09-15,65.64201354980469
2011-09-16,61.79124069213867
2011-09-19,63.895729064941406
2011-09-20,64.65692138671875
2011-09-21,68.37335968017578
2011-09-22,62.95543670654297
2011-09-23,63.94051361083984
2011-09-26,62.10468673706055
2011-09-27,63.627071380615234
2011-09-28,62.05990982055664
2011-09-29,65.28379821777344
2011-09-30,64.9703598022461
2011-10-03,62.64199447631836
2011-10-04,61.925575256347656
2011-10-05,62.91064834594727
2011-10-07,63.98527908325195
2011-10-10,64.8360366821289
2011-10-11,66.08977508544922
2011-10-12,69.00022888183594
2011-10-13,68.37335968017578
2011-10-14,68.14946746826172
2011-10-17,68.01513671875
2011-10-18,65.91065979003906
2011-10-19,68.14946746826172
2011-10-20,66.71662902832031
2011-10-21,65.82110595703125
2011-10-24,66.1345443725586
2011-10-25,69.71664428710938
2011-10-28,73.79129791259766
2011-10-31,72.08979034423828
2011-11-01,70.5674057006836
2011-11-02,70.65695190429688
2011-11-03,71.7763442993164
2011-11-04,71.82113647460938
2011-11-08,71.64202117919922
2011-11-09,69.671875
2011-11-11,69.13455200195312
2011-11-14,67.47783660888672
2011-11-15,63.22409439086914
2011-11-16,62.32856750488281
2011-11-17,60.58229446411133
2011-11-18,62.239017486572266
2011-11-21,61.2539291381836
2011-11-22,62.507659912109375
2011-11-23,61.567359924316406
2011-11-24,62.95543670654297
2011-11-25,61.88079833984375
2011-11-28,65.14946746826172
2011-11-29,63.49273300170898
2011-11-30,64.791259765625
2011-12-01,65.64201354980469
2011-12-02,67.65693664550781
2011-12-05,66.8509750366211
2011-12-07,67.70170593261719
2011-12-08,65.19424438476562
2011-12-09,66.17932891845703
2011-12-12,63.627071380615234
2011-12-13,63.76140594482422
2011-12-14,63.71663284301758
2011-12-15,63.22409439086914
2011-12-16,61.119606018066406
2011-12-19,61.16437911987305
2011-12-20,59.05988693237305
2011-12-21,61.20915222167969
2011-12-22,63.22409439086914
2011-12-23,61.79124069213867
2011-12-26,62.73154830932617
2011-12-27,62.19422912597656
2011-12-28,62.418113708496094
2011-12-29,60.00019836425781
2011-12-30,59.05988693237305
2012-01-02,59.55243682861328
2012-01-03,62.239017486572266
2012-01-04,61.29871368408203
2012-01-05,61.79124069213867
2012-01-06,61.88079833984375
2012-01-09,62.239017486572266
2012-01-10,63.98527908325195
2012-01-11,63.44796371459961
2012-01-12,62.82110595703125
2012-01-13,63.35842514038086
2012-01-16,62.32856750488281
2012-01-17,64.65692138671875
2012-01-18,62.64199447631836
2012-01-19,66.4927749633789
2012-01-20,67.8360366821289
2012-01-23,67.65693664550781
2012-01-24,70.0748519897461
2012-01-25,72.85099029541016
2012-01-27,74.82115173339844
2012-01-30,70.79126739501953
2012-01-31,72.31366729736328
2012-02-01,75.40322875976562
2012-02-02,78.7614517211914
2012-02-03,84.04505157470703
2012-02-06,84.22415924072266
2012-02-07,85.03012084960938
2012-02-08,85.97042846679688
2012-02-09,85.97042846679688
2012-02-10,84.17937469482422
2012-02-13,85.70176696777344
2012-02-14,85.38834381103516
2012-02-15,97.47794342041016
2012-02-16,93.8062744140625
2012-02-17,93.00029754638672
2012-02-21,93.26895904541016
2012-02-22,90.313720703125
2012-02-23,88.9256591796875
2012-02-24,85.47789001464844
2012-02-27,80.19429016113281
2012-02-28,85.70176696777344
2012-02-29,90.313720703125
2012-03-01,89.95551300048828
2012-03-02,89.86597442626953
2012-03-05,87.2689437866211
2012-03-06,85.92565155029297
2012-03-07,87.17938995361328
2012-03-09,90.26895904541016
2012-03-12,91.07492065429688
2012-03-13,92.2391128540039
2012-03-14,91.52267456054688
2012-03-15,89.28387451171875
2012-03-16,92.46298217773438
2012-03-19,92.68687438964844
2012-03-20,95.23910522460938
2012-03-21,101.86600494384766
2012-03-22,100.3436050415039
2012-03-23,99.7167510986328
2012-03-26,96.94060516357422
2012-03-27,104.68690490722656
2012-03-28,105.22423553466795
2012-03-29,100.29883575439452
2012-03-30,99.80630493164062
2012-04-02,97.88092803955078
2012-04-03,97.3436050415039
2012-04-04,102.00032806396484
2012-04-09,97.29883575439452
2012-04-10,93.89583587646484
2012-04-11,86.46297454833984
2012-04-12,88.07492065429688
2012-04-13,87.313720703125
2012-04-16,87.2689437866211
2012-04-17,89.4629898071289
2012-04-18,91.11970520019533
2012-04-19,88.79133605957031
2012-04-20,85.47789001464844
2012-04-23,84.22415924072266
2012-04-24,81.67190551757812
2012-04-25,78.08980560302734
2012-04-26,76.38831329345703
2012-04-27,75.62712097167969
2012-04-30,75.8957748413086
2012-05-02,78.35845947265625
2012-05-03,77.01517486572266
2012-05-04,75.62712097167969
2012-05-07,76.47786712646484
2012-05-08,75.85099029541016
2012-05-09,75.26890563964844
2012-05-10,75.49278259277344
2012-05-11,70.79126739501953
2012-05-14,70.25395965576172
2012-05-15,71.86590576171875
2012-05-16,69.8509750366211
2012-05-17,70.92560577392578
2012-05-18,68.86589813232422
2012-05-21,66.98529815673828
2012-05-22,64.47782897949219
2012-05-23,66.58231353759766
2012-05-24,66.04499053955078
2012-05-25,68.4629135131836
2012-05-28,68.82111358642578
2012-05-29,67.25395202636719
2012-05-30,67.47783660888672
2012-05-31,67.343505859375
2012-06-01,67.03006744384766
2012-06-04,66.1345443725586
2012-06-05,65.46290588378906
2012-06-06,68.59724426269531
2012-06-07,68.37335968017578
2012-06-08,65.10469818115234
2012-06-11,65.46290588378906
2012-06-12,67.92558288574219
2012-06-13,71.4629135131836
2012-06-14,68.41814422607422
2012-06-15,72.85099029541016
2012-06-18,71.91069030761719
2012-06-19,72.40322875976562
2012-06-20,76.61219024658203
2012-06-21,74.50772094726562
2012-06-22,74.19426727294922
2012-06-25,74.59725952148438
2012-06-26,73.6121826171875
2012-06-27,73.88084411621094
2012-06-28,75.31367492675781
2012-06-29,77.86592864990234
2012-07-02,80.3733901977539
2012-07-03,79.16443634033203
2012-07-04,76.97039031982422
2012-07-05,77.32861328125
2012-07-06,77.95548248291016
2012-07-09,74.0599365234375
2012-07-10,75.85099029541016
2012-07-11,73.83606719970703
2012-07-12,73.74650573730469
2012-07-13,73.20919036865234
2012-07-16,72.447998046875
2012-07-17,72.85099029541016
2012-07-18,73.4330825805664
2012-07-19,72.35844421386719
2012-07-20,71.01516723632812
2012-07-23,70.52262115478516
2012-07-24,72.62710571289062
2012-07-25,73.25397491455078
2012-07-26,70.70172119140625
2012-07-27,70.61216735839844
2012-07-30,72.4927749633789
2012-07-31,74.77635955810547
2012-08-01,77.41815948486328
2012-08-02,76.29874420166016
2012-08-03,77.86592864990234
2012-08-06,77.77426147460938
2012-08-07,78.69087982177734
2012-08-08,80.29495239257812
2012-08-09,78.41590118408203
2012-08-10,78.46172332763672
2012-08-13,78.0950698852539
2012-08-14,80.29495239257812
2012-08-16,78.69087982177734
2012-08-17,77.86592864990234
2012-08-21,79.74496459960938
2012-08-22,81.25738525390625
2012-08-23,83.91555786132812
2012-08-24,82.67811584472656
2012-08-27,80.38660430908203
2012-08-28,78.55339050292969
2012-08-29,77.54510498046875
2012-08-30,80.47826385498047
2012-08-31,76.72016906738281
2012-09-03,77.4992904663086
2012-09-04,77.04097747802734
2012-09-05,74.15364837646484
2012-09-06,74.24531555175781
2012-09-07,76.94931030273438
2012-09-10,76.76599884033203
2012-09-11,76.76599884033203
2012-09-12,75.80355834960938
2012-09-13,74.52030944824219
2012-09-14,75.57440185546875
2012-09-17,76.03270721435547
2012-09-18,77.86592864990234
2012-09-20,76.94931030273438
2012-09-21,78.92002868652344
2012-09-24,79.51581573486328
2012-09-25,78.69087982177734
2012-09-26,84.83214569091797
2012-09-27,88.3611068725586
2012-09-28,86.98617553710938
2012-10-01,89.32353973388672
2012-10-03,88.08611297607422
2012-10-04,87.21533203125
2012-10-05,85.42794036865234
2012-10-08,83.18225860595703
2012-10-09,84.37384796142578
2012-10-10,85.15296173095703
2012-10-11,87.26115417480469
2012-10-12,92.6691665649414
2012-10-15,92.85247039794922
2012-10-16,91.01925659179688
2012-10-17,89.3693618774414
2012-10-18,93.310791015625
2012-10-19,90.24015045166016
2012-10-22,89.18605041503906
2012-10-23,89.82767486572266
2012-10-25,89.96516418457031
2012-10-29,90.69844818115234
2012-10-30,86.6653823852539
2012-10-31,87.62779998779297
2012-11-01,88.26943969726562
2012-11-02,89.64434814453125
2012-11-05,89.3693618774414
2012-11-06,88.59024810791016
2012-11-07,85.06131744384766
2012-11-08,83.86971282958984
2012-11-09,81.2115478515625
2012-11-12,80.84490203857422
2012-11-15,78.92002868652344
2012-11-16,78.96585845947266
2012-11-19,77.22430419921875
2012-11-20,75.57440185546875
2012-11-21,76.76599884033203
2012-11-22,76.58267211914062
2012-11-23,75.98687744140625
2012-11-26,76.62850189208984
2012-11-27,77.91175079345703
2012-11-29,77.54510498046875
2012-11-30,78.6450424194336
2012-12-03,81.71568298339844
2012-12-04,81.11988830566406
2012-12-05,81.11988830566406
2012-12-06,83.22809600830078
2012-12-07,83.41140747070312
2012-12-10,81.8073501586914
2012-12-11,82.9531021118164
2012-12-12,82.44896697998047
2012-12-13,80.34076690673828
2012-12-14,80.9823989868164
2012-12-17,81.11988830566406
2012-12-18,81.39488220214844
2012-12-19,80.9823989868164
2012-12-20,80.38660430908203
2012-12-21,79.01168060302734
2012-12-24,79.33250427246094
2012-12-26,80.20327758789062
2012-12-27,80.20327758789062
2012-12-28,81.2115478515625
2012-12-31,83.27392578125
2013-01-01,86.2987289428711
2013-01-02,84.419677734375
2013-01-03,84.28218078613281
2013-01-04,83.96137237548828
2013-01-07,82.49479675292969
2013-01-08,84.28218078613281
2013-01-09,81.99066162109375
2013-01-10,79.97412872314453
2013-01-11,78.41590118408203
2013-01-14,80.20327758789062
2013-01-15,80.84490203857422
2013-01-16,79.0575180053711
2013-01-17,78.14091491699219
2013-01-18,78.23257446289062
2013-01-21,79.19501495361328
2013-01-22,79.28667449951172
2013-01-23,79.83663177490234
2013-01-24,79.10335540771484
2013-01-25,80.34076690673828
2013-01-28,81.39488220214844
2013-01-29,79.33250427246094
2013-01-30,80.52409362792969
2013-01-31,79.01168060302734
2013-02-01,80.47826385498047
2013-02-04,79.79080200195312
2013-02-05,78.82836151123047
2013-02-06,80.84490203857422
2013-02-07,80.06578826904297
2013-02-08,77.54510498046875
2013-02-11,76.30769348144531
2013-02-12,77.72843170166016
2013-02-13,75.43692016601562
2013-02-14,73.42036437988281
2013-02-15,76.44520568847656
2013-02-18,76.03270721435547
2013-02-19,77.17848205566406
2013-02-20,76.90349578857422
2013-02-21,76.6743392944336
2013-02-22,77.68260192871094
2013-02-25,78.04925537109375
2013-02-26,78.32423400878906
2013-02-27,78.87419891357422
2013-02-28,77.68260192871094
2013-03-01,76.90349578857422
2013-03-04,76.94931030273438
2013-03-05,77.82009887695312
2013-03-06,76.99514770507812
2013-03-07,76.99514770507812
2013-03-08,79.42416381835938
2013-03-11,78.6450424194336
2013-03-12,77.82009887695312
2013-03-13,77.82009887695312
2013-03-14,78.14091491699219
2013-03-15,76.99514770507812
2013-03-18,77.82009887695312
2013-03-19,77.3617935180664
2013-03-20,75.75773620605469
2013-03-21,75.98687744140625
2013-03-22,75.16193389892578
2013-03-25,74.97860717773438
2013-03-26,76.85765075683594
2013-03-28,76.6743392944336
2013-04-01,78.0950698852539
2013-04-02,78.00341033935547
2013-04-03,76.1243667602539
2013-04-04,73.6495361328125
2013-04-05,75.07027435302734
2013-04-08,74.33698272705078
2013-04-09,74.42864990234375
2013-04-10,76.81183624267578
2013-04-11,75.98687744140625
2013-04-12,76.72016906738281
2013-04-15,76.90349578857422
2013-04-16,79.51581573486328
2013-04-17,78.73670959472656
2013-04-18,77.72843170166016
2013-04-22,76.39934539794922
2013-04-23,74.7952880859375
2013-04-25,75.52857971191406
2013-04-26,74.47447967529297
2013-04-29,76.1243667602539
2013-04-30,76.44520568847656
2013-05-02,78.92002868652344
2013-05-03,78.46172332763672
2013-05-06,79.56165313720703
2013-05-07,81.02823638916016
2013-05-08,83.3655776977539
2013-05-09,81.16573333740234
2013-05-10,81.85317993164062
2013-05-13,79.60748291015625
2013-05-14,79.60748291015625
2013-05-15,80.38660430908203
2013-05-16,81.66984558105469
2013-05-17,80.1574478149414
2013-05-20,79.37832641601562
2013-05-21,77.31596374511719
2013-05-22,69.66226959228516
2013-05-23,66.54580688476562
2013-05-24,65.62919616699219
2013-05-27,64.43760681152344
2013-05-28,66.36249542236328
2013-05-29,64.30012512207031
2013-05-30,62.925201416015625
2013-05-31,61.13780975341797
2013-06-03,62.696048736572266
2013-06-04,62.42107009887695
2013-06-05,59.85456466674805
2013-06-06,62.054420471191406
2013-06-07,60.08372116088867
2013-06-10,58.57130813598633
2013-06-11,57.28805923461914
2013-06-12,57.42554473876953
2013-06-13,57.746360778808594
2013-06-14,58.38798904418945
2013-06-17,58.93795776367188
2013-06-18,57.929683685302734
2013-06-19,57.42554473876953
2013-06-20,56.46310806274414
2013-06-21,55.683990478515625
2013-06-24,53.5757942199707
2013-06-25,52.796669006347656
2013-06-26,49.26773452758789
2013-06-27,51.1009521484375
2013-06-28,52.10921478271485
2013-07-01,55.0423583984375
2013-07-02,53.94243621826172
2013-07-03,51.55925369262695
2013-07-04,51.55925369262695
2013-07-05,52.063385009765625
2013-07-08,51.28427505493164
2013-07-09,53.5757942199707
2013-07-10,51.28427505493164
2013-07-11,51.65091323852539
2013-07-12,51.14677810668945
2013-07-15,51.78840637207031
2013-07-16,51.65091323852539
2013-07-17,52.61334991455078
2013-07-18,52.65918731689453
2013-07-19,52.75083923339844
2013-07-22,53.16332244873047
2013-07-23,51.55925369262695
2013-07-24,48.90108108520508
2013-07-25,48.39695358276367
2013-07-26,49.08440780639648
2013-07-29,47.801151275634766
2013-07-30,45.73877716064453
2013-07-31,47.48033905029297
2013-08-01,44.95966339111328
2013-08-02,42.393165588378906
2013-08-05,42.53065872192383
2013-08-06,41.65987396240234
2013-08-07,41.3848991394043
2013-08-08,41.24739837646485
2013-08-12,40.60577392578125
2013-08-13,41.75153350830078
2013-08-14,44.36387252807617
2013-08-16,42.94313049316406
2013-08-19,44.27221298217773
2013-08-20,45.87627029418945
2013-08-21,44.73051452636719
2013-08-22,46.38040542602539
2013-08-23,45.234649658203125
2013-08-26,44.822174072265625
2013-08-27,43.21811294555664
2013-08-28,40.834922790527344
2013-08-29,40.42245101928711
2013-08-30,42.2098388671875
2013-09-02,44.22638320922852
2013-09-03,43.53892135620117
2013-09-04,44.95966339111328
2013-09-05,45.18881988525391
2013-09-06,47.14732360839844
2013-09-10,48.15045928955078
2013-09-11,47.624996185302734
2013-09-12,46.717411041259766
2013-09-13,47.4817008972168
2013-09-16,45.33212661743164
2013-09-17,46.52633285522461
2013-09-18,47.09954833984375
2013-09-19,49.91788482666016
2013-09-20,49.44019317626953
2013-09-23,48.29376220703125
2013-09-24,48.34152221679688
2013-09-25,48.24599838256836
2013-09-26,48.15045928955078
2013-09-27,48.29376220703125
2013-09-30,48.58037185668945
2013-10-01,48.24599838256836
2013-10-03,50.82548141479492
2013-10-04,49.24912643432617
2013-10-07,48.675907135009766
2013-10-08,49.44019317626953
2013-10-09,49.77457809448242
2013-10-10,48.675907135009766
2013-10-11,48.723670959472656
2013-10-14,49.058048248291016
2013-10-15,47.911617279052734
2013-10-17,46.908470153808594
2013-10-18,46.43079376220703
2013-10-21,45.57096481323242
2013-10-22,45.42765808105469
2013-10-23,44.663368225097656
2013-10-24,45.57096481323242
2013-10-25,45.42765808105469
2013-10-28,44.90220642089844
2013-10-29,45.61873245239258
2013-10-30,46.04864883422852
2013-10-31,47.43393325805664
2013-11-01,48.675907135009766
2013-11-05,52.54513931274414
2013-11-06,53.35719680786133
2013-11-07,50.39556503295898
2013-11-08,48.62813949584961
2013-11-11,54.74247741699219
2013-11-12,54.36033630371094
2013-11-13,52.5929069519043
2013-11-14,53.21389389038086
2013-11-18,55.41123580932617
2013-11-19,55.315704345703125
2013-11-20,54.69471740722656
2013-11-21,55.363468170166016
2013-11-22,56.74874877929688
2013-11-25,56.74874877929688
2013-11-26,56.60544204711914
2013-11-27,55.69784927368164
2013-11-28,55.84115219116211
2013-11-29,57.465274810791016
2013-12-02,56.89205551147461
2013-12-03,56.17552947998047
2013-12-04,54.88578414916992
2013-12-05,55.029090881347656
2013-12-06,55.50677490234375
2013-12-09,58.61170959472656
2013-12-10,58.325103759765625
2013-12-11,58.13402557373047
2013-12-12,56.79651641845703
2013-12-13,55.41123580932617
2013-12-16,54.79024887084961
2013-12-17,53.118350982666016
2013-12-18,54.16926193237305
2013-12-19,54.02595138549805
2013-12-20,55.07686233520508
2013-12-23,56.36660385131836
2013-12-24,57.2264404296875
2013-12-26,57.51304244995117
2013-12-27,58.4206428527832
2013-12-30,56.70098114013672
2013-12-31,57.465274810791016
2014-01-01,59.13716506958008
2014-01-02,55.888919830322266
2014-01-03,56.41437149047852
2014-01-06,56.60544204711914
2014-01-07,56.46213912963867
2014-01-08,55.60231018066406
2014-01-09,54.59917449951172
2014-01-10,53.02281951904297
2014-01-13,52.83174896240234
2014-01-14,52.83174896240234
2014-01-15,53.452735900878906
2014-01-16,53.40496826171875
2014-01-17,52.01968383789063
2014-01-20,52.1152229309082
2014-01-21,51.78084945678711
2014-01-22,51.63753890991211
2014-01-23,51.63753890991211
2014-01-24,49.87010955810547
2014-01-27,48.10268020629883
2014-01-28,47.624996185302734
2014-01-29,45.37989044189453
2014-01-30,49.10581970214844
2014-01-31,51.35093307495117
2014-02-03,49.39243316650391
2014-02-04,49.87010955810547
2014-02-05,49.5835075378418
2014-02-06,48.675907135009766
2014-02-07,52.16299057006836
2014-02-10,50.729942321777344
2014-02-11,49.24912643432617
2014-02-12,48.866981506347656
2014-02-13,46.908470153808594
2014-02-14,46.8607063293457
2014-02-17,46.62186813354492
2014-02-18,47.57723236083984
2014-02-19,47.624996185302734
2014-02-20,49.20135498046875
2014-02-21,52.736209869384766
2014-02-24,51.97192001342773
2014-02-25,53.59604263305664
2014-02-26,53.40496826171875
2014-02-28,53.07058334350586
2014-03-03,51.30316162109375
2014-03-04,52.54513931274414
2014-03-05,54.16926193237305
2014-03-06,54.503639221191406
2014-03-07,55.45900344848633
2014-03-10,55.363468170166016
2014-03-11,54.98131942749024
2014-03-12,54.503639221191406
2014-03-13,53.6438102722168
2014-03-14,51.97192001342773
2014-03-18,52.688438415527344
2014-03-19,53.88264846801758
2014-03-20,51.87637710571289
2014-03-21,52.44960784912109
2014-03-24,53.26166534423828
2014-03-25,51.97192001342773
2014-03-26,51.20762252807617
2014-03-27,52.5929069519043
2014-03-28,57.36973190307617
2014-03-31,58.13402557373047
2014-04-01,60.57021331787109
2014-04-02,61.19120407104492
2014-04-03,64.15283203125
2014-04-04,62.672019958496094
2014-04-07,63.340782165527344
2014-04-09,64.10506439208984
2014-04-10,65.0126724243164
2014-04-11,68.69082641601562
2014-04-15,70.50603485107422
2014-04-16,64.05731201171875
2014-04-17,67.73545837402344
2014-04-21,68.49974822998047
2014-04-22,70.1238784790039
2014-04-23,67.35330963134766
2014-04-24,67.35330963134766
2014-04-25,67.44884490966797
2014-04-28,67.16224670410156
2014-04-29,67.21000671386719
2014-04-30,65.49036407470703
2014-05-02,65.06043243408203
2014-05-05,64.63052368164062
2014-05-06,64.43943786621094
2014-05-07,65.53812408447266
2014-05-08,65.39480590820312
2014-05-09,68.02206420898438
2014-05-12,67.87877655029297
2014-05-13,70.17164611816406
2014-05-14,74.9962387084961
2014-05-15,73.65872192382812
2014-05-16,76.57259368896484
2014-05-19,89.56558227539062
2014-05-20,86.98609161376953
2014-05-21,87.84591674804688
2014-05-22,95.72769165039062
2014-05-23,98.92816925048828
2014-05-26,94.48570251464844
2014-05-27,89.04011535644531
2014-05-28,92.33614349365234
2014-05-29,93.57811737060548
2014-05-30,95.39331817626952
2014-06-02,100.1701431274414
2014-06-03,102.22418212890624
2014-06-04,104.70812225341795
2014-06-05,111.73006439208984
2014-06-06,111.68230438232422
2014-06-09,123.3377685546875
2014-06-10,119.32523345947266
2014-06-11,117.55780029296876
2014-06-12,113.06757354736328
2014-06-13,113.01982879638672
2014-06-16,112.97205352783205
2014-06-17,114.54840850830078
2014-06-18,108.9595184326172
2014-06-19,106.8099365234375
2014-06-20,104.42152404785156
2014-06-23,109.72380828857422
2014-06-24,112.73320770263672
2014-06-25,112.82874298095705
2014-06-26,112.30329132080078
2014-06-27,109.72380828857422
2014-06-30,114.02294158935548
2014-07-01,113.40196228027344
2014-07-02,114.02294158935548
2014-07-03,110.87024688720705
2014-07-04,111.20462036132812
2014-07-07,108.9595184326172
2014-07-08,98.02056884765624
2014-07-09,95.82323455810548
2014-07-10,99.83576965332033
2014-07-11,95.24999237060548
2014-07-14,96.2531280517578
2014-07-15,102.03311920166016
2014-07-16,103.03622436523438
2014-07-17,103.9916000366211
2014-07-18,100.4089813232422
2014-07-21,102.70186614990234
2014-07-22,99.69245910644533
2014-07-23,97.49512481689452
2014-07-24,98.4504852294922
2014-07-25,94.67678833007812
2014-07-28,95.39331817626952
2014-07-30,99.310302734375
2014-07-31,98.73709106445312
2014-08-01,97.73396301269533
2014-08-04,101.79426574707033
2014-08-05,103.70499420166016
2014-08-06,100.21791076660156
2014-08-07,102.89293670654295
2014-08-08,99.310302734375
2014-08-11,99.93128967285156
2014-08-12,104.70812225341795
2014-08-13,102.27193450927734
2014-08-14,108.0519027709961
2014-08-18,110.5836410522461
2014-08-19,112.11222076416016
2014-08-20,111.87336730957033
2014-08-21,109.43719482421876
2014-08-22,108.38628387451172
2014-08-25,106.66663360595705
2014-08-26,103.60945892333984
2014-08-27,108.76842498779295
2014-08-28,107.717529296875
2014-09-01,110.6791763305664
2014-09-02,113.59303283691406
2014-09-03,112.44658660888672
2014-09-04,115.83814239501952
2014-09-05,116.41136932373048
2014-09-08,117.22341918945312
2014-09-09,119.18193817138672
2014-09-10,116.74574279785156
2014-09-11,117.36672973632812
2014-09-12,116.74574279785156
2014-09-15,113.7363510131836
2014-09-16,106.95323181152344
2014-09-17,107.57422637939452
2014-09-18,110.77469635009766
2014-09-19,121.28372192382812
2014-09-22,125.0574188232422
2014-09-23,116.31583404541016
2014-09-24,110.63140869140624
2014-09-25,103.27507781982422
2014-09-26,108.48182678222656
2014-09-29,109.43719482421876
2014-09-30,107.5264663696289
2014-10-01,108.1952133178711
2014-10-07,103.17953491210938
2014-10-08,102.8451690673828
2014-10-09,106.85769653320312
2014-10-10,103.65723419189452
2014-10-13,103.65723419189452
2014-10-14,100.69558715820312
2014-10-15,100.69558715820312
2014-10-16,98.30716705322266
2014-10-17,99.02369689941406
2014-10-20,102.41524505615234
2014-10-21,103.800537109375
2014-10-22,105.85457611083984
2014-10-27,102.5107879638672
2014-10-28,101.98534393310548
2014-10-29,100.5045166015625
2014-10-30,105.32910919189452
2014-10-31,106.5710906982422
2014-11-03,108.8162078857422
2014-11-05,105.52017974853516
2014-11-07,110.34478759765624
2014-11-10,103.75275421142578
2014-11-11,104.03936767578124
2014-11-12,103.56169891357422
2014-11-13,105.52017974853516
2014-11-14,104.03936767578124
2014-11-17,107.62200164794922
2014-11-18,106.28448486328124
2014-11-19,102.08087158203124
2014-11-20,100.45674896240234
2014-11-21,99.26254272460938
2014-11-24,99.59691619873048
2014-11-25,90.9986343383789
2014-11-26,90.85531616210938
2014-11-27,90.42540740966795
2014-11-28,92.14505767822266
2014-12-01,88.27582550048828
2014-12-02,89.85218048095703
2014-12-03,88.56244659423828
2014-12-04,89.04011535644531
2014-12-05,89.89995574951172
2014-12-08,87.32047271728516
2014-12-09,81.77933502197266
2014-12-10,82.40032958984375
2014-12-11,79.67753601074219
2014-12-12,74.90071105957031
2014-12-15,75.66500091552734
2014-12-16,73.4198989868164
2014-12-17,70.50603485107422
2014-12-18,73.37213134765625
2014-12-19,70.84040069580078
2014-12-22,75.80831146240234
2014-12-23,76.71590423583984
2014-12-24,78.48333740234375
2014-12-26,79.67753601074219
2014-12-29,81.92264556884766
2014-12-30,80.58512878417969
2014-12-31,81.63603210449219
2015-01-01,81.82710266113281
2015-01-02,82.54363250732422
2015-01-05,83.30792236328125
2015-01-06,78.72216796875
2015-01-07,80.5373764038086
2015-01-08,82.30479431152344
2015-01-09,79.9641342163086
2015-01-12,82.83023834228516
2015-01-13,85.69635009765625
2015-01-14,84.88428497314453
2015-01-15,92.67051696777344
2015-01-16,97.5428695678711
2015-01-19,95.15446472167967
2015-01-20,97.20851135253906
2015-01-21,97.9728012084961
2015-01-22,105.90233612060548
2015-01-23,102.98846435546876
2015-01-27,104.9469757080078
2015-01-28,104.80364990234376
2015-01-29,107.00100708007812
2015-01-30,102.70186614990234
2015-02-02,104.0871353149414
2015-02-03,100.0268325805664
2015-02-04,99.59691619873048
2015-02-05,91.95398712158205
2015-02-06,96.73082733154295
2015-02-09,93.62589263916016
2015-02-10,87.12939453125
2015-02-11,90.90309143066406
2015-02-12,102.03311920166016
2015-02-13,97.44734191894533
2015-02-16,98.02056884765624
2015-02-18,99.93128967285156
2015-02-19,98.16387176513672
2015-02-20,97.63841247558594
2015-02-23,94.5334701538086
2015-02-24,96.10983276367188
2015-02-25,94.2468719482422
2015-02-26,92.9571304321289
2015-02-27,95.91876220703124
2015-03-02,102.89293670654295
2015-03-03,102.41524505615234
2015-03-04,98.9759292602539
2015-03-05,97.6861801147461
2015-03-09,94.05579376220705
2015-03-10,94.72455596923828
2015-03-11,94.3424072265625
2015-03-12,94.9634017944336
2015-03-13,91.76292419433594
2015-03-16,89.85218048095703
2015-03-17,89.66112518310547
2015-03-18,90.3776397705078
2015-03-19,90.75978088378906
2015-03-20,88.08475494384766
2015-03-23,87.7026138305664
2015-03-24,87.89369201660156
2015-03-25,87.79815673828125
2015-03-26,83.83338165283203
2015-03-27,80.44182586669922
2015-03-30,85.2186508178711
2015-03-31,82.30479431152344
2015-04-01,85.07535552978516
2015-04-06,87.32047271728516
2015-04-07,91.71514892578124
2015-04-08,96.06206512451172
2015-04-09,102.4630126953125
2015-04-10,103.32284545898438
2015-04-13,103.4661636352539
2015-04-15,100.12237548828124
2015-04-16,98.6415557861328
2015-04-17,95.63214874267578
2015-04-20,95.1067123413086
2015-04-21,96.06206512451172
2015-04-22,94.29464721679688
2015-04-23,94.39019012451172
2015-04-24,91.95398712158205
2015-04-27,84.07222747802734
2015-04-28,86.8427734375
2015-04-29,85.83965301513672
2015-04-30,86.79500579833984
2015-05-04,89.99549865722656
2015-05-05,88.41912841796875
2015-05-06,84.21553802490234
2015-05-07,83.69007110595703
2015-05-08,86.98609161376953
2015-05-11,88.56244659423828
2015-05-12,82.97354888916016
2015-05-13,85.36195373535156
2015-05-14,86.5561752319336
2015-05-15,86.79500579833984
2015-05-18,87.65483856201172
2015-05-19,87.94145965576172
2015-05-20,88.27582550048828
2015-05-21,85.9351806640625
2015-05-22,84.69319915771484
2015-05-25,85.88741302490234
2015-05-26,84.88428497314453
2015-05-27,86.41287231445312
2015-05-28,88.27582550048828
2015-05-29,87.65483856201172
2015-06-01,86.98609161376953
2015-06-02,82.35255432128906
2015-06-03,79.4386978149414
2015-06-04,78.67440795898438
2015-06-05,78.53108215332031
2015-06-08,74.37525177001953
2015-06-09,75.47391510009766
2015-06-10,76.19043731689453
2015-06-11,71.93907165527344
2015-06-12,73.18104553222656
2015-06-15,71.93907165527344
2015-06-16,74.37525177001953
2015-06-17,77.38465118408203
2015-06-18,77.76681518554688
2015-06-19,78.865478515625
2015-06-22,80.2507553100586
2015-06-23,81.49273681640625
2015-06-24,80.63290405273438
2015-06-25,82.78247833251953
2015-06-26,90.1387939453125
2015-06-29,88.32359313964844
2015-06-30,90.04325866699219
2015-07-01,91.42854309082033
2015-07-02,92.9571304321289
2015-07-03,91.04640197753906
2015-07-06,93.53034973144533
2015-07-07,92.8138198852539
2015-07-08,88.94458770751953
2015-07-09,90.66425323486328
2015-07-10,90.52093505859376
2015-07-13,90.04325866699219
2015-07-14,86.65170288085938
2015-07-15,84.97982025146484
2015-07-16,84.1199951171875
2015-07-17,83.83338165283203
2015-07-20,83.49901580810547
2015-07-21,80.15522003173828
2015-07-22,81.25389099121094
2015-07-23,82.01818084716797
2015-07-24,80.77621459960938
2015-07-27,79.24761199951172
2015-07-28,79.00877380371094
2015-07-29,80.15522003173828
2015-07-30,82.44810485839844
2015-07-31,88.46690368652344
2015-08-03,87.65483856201172
2015-08-04,87.36823272705078
2015-08-05,88.32359313964844
2015-08-06,84.35882568359375
2015-08-07,83.83338165283203
2015-08-10,82.20926666259766
2015-08-11,79.86861419677734
2015-08-12,79.53424072265625
2015-08-13,77.67127227783203
2015-08-14,80.15522003173828
2015-08-17,79.10432434082031
2015-08-18,80.01191711425781
2015-08-19,80.58512878417969
2015-08-20,79.6297607421875
2015-08-21,78.53108215332031
2015-08-24,63.96175384521485
2015-08-25,66.20687866210938
2015-08-26,67.1144790649414
2015-08-27,69.35958099365234
2015-08-28,71.0314712524414
2015-08-31,69.31182098388672
2015-09-01,66.25465393066406
2015-09-02,67.49661254882812
2015-09-03,70.69709777832031
2015-09-04,66.68455505371094
2015-09-07,65.3470458984375
2015-09-08,66.63678741455078
2015-09-09,68.45198822021484
2015-09-10,68.26089477539062
2015-09-11,68.49974822998047
2015-09-14,69.74171447753906
2015-09-15,68.64305877685547
2015-09-16,68.97743225097656
2015-09-18,70.9359359741211
2015-09-21,73.51541900634766
2015-09-22,70.88816833496094
2015-09-23,71.84353637695312
2015-09-24,70.64933013916016
2015-09-28,73.46765899658203
2015-09-29,73.84980010986328
2015-09-30,74.61408996582031
2015-10-01,78.76994323730469
2015-10-05,81.58826446533203
2015-10-06,81.25389099121094
2015-10-07,76.66812896728516
2015-10-08,75.13954162597656
2015-10-09,73.99310302734375
2015-10-12,74.3274917602539
2015-10-13,74.94847869873047
2015-10-14,77.38465118408203
2015-10-15,80.34628295898438
2015-10-16,79.77306365966797
2015-10-19,80.01191711425781
2015-10-20,79.6297607421875
2015-10-21,78.67440795898438
2015-10-23,77.33688354492188
2015-10-26,75.76053619384766
2015-10-27,77.05028533935547
2015-10-28,74.9962387084961
2015-10-29,77.28912353515625
2015-10-30,74.94847869873047
2015-11-02,79.82084655761719
2015-11-03,78.62664031982422
2015-11-04,78.05341339111328
2015-11-05,74.661865234375
2015-11-06,75.13954162597656
2015-11-09,76.09491729736328
2015-11-10,73.61096954345703
2015-11-13,73.51541900634766
2015-11-16,75.47391510009766
2015-11-17,78.19670867919922
2015-11-18,75.3783950805664
2015-11-19,77.38465118408203
2015-11-20,78.10118103027344
2015-11-23,77.2413558959961
2015-11-24,80.48958587646484
2015-11-26,84.5499038696289
2015-11-27,83.02131652832031
2015-11-30,84.97982025146484
2015-12-01,86.5561752319336
2015-12-02,84.40660095214844
2015-12-03,84.31105041503906
2015-12-04,82.06595611572266
2015-12-07,81.63603210449219
2015-12-08,78.81771087646484
2015-12-09,76.0471420288086
2015-12-10,78.29224395751953
2015-12-11,77.33688354492188
2015-12-14,80.29853057861328
2015-12-15,81.5405044555664
2015-12-16,80.6806640625
2015-12-17,83.49901580810547
2015-12-18,84.740966796875
2015-12-21,84.07222747802734
2015-12-22,81.49273681640625
2015-12-23,81.77933502197266
2015-12-24,81.34942626953125
2015-12-28,83.45123291015625
2015-12-29,86.60395050048828
2015-12-30,86.79500579833984
2015-12-31,92.52721405029295
2016-01-01,94.82008361816406
2016-01-04,91.42854309082033
2016-01-05,97.06520080566406
2016-01-06,93.43482208251952
2016-01-07,88.56244659423828
2016-01-08,95.72769165039062
2016-01-11,95.1067123413086
2016-01-12,93.67365264892578
2016-01-13,91.71514892578124
2016-01-14,93.10042572021484
2016-01-15,83.64230346679688
2016-01-18,77.67127227783203
2016-01-19,79.82084655761719
2016-01-20,76.66812896728516
2016-01-21,79.82084655761719
2016-01-22,83.92891693115234
2016-01-25,83.2601547241211
2016-01-27,84.50213623046875
2016-01-28,85.88741302490234
2016-01-29,89.66112518310547
2016-02-01,87.08162689208984
2016-02-02,83.21238708496094
2016-02-03,79.9641342163086
2016-02-04,78.53108215332031
2016-02-05,80.34628295898438
2016-02-08,78.72216796875
2016-02-09,77.86234283447266
2016-02-10,74.27971649169922
2016-02-11,68.45198822021484
2016-02-12,67.63993835449219
2016-02-15,70.41047668457031
2016-02-16,67.9265365600586
2016-02-17,67.35330963134766
2016-02-18,68.21314239501953
2016-02-19,69.02520751953125
2016-02-22,69.5984115600586
2016-02-23,68.9296646118164
2016-02-24,67.3055419921875
2016-02-25,63.818458557128906
2016-02-26,64.43943786621094
2016-02-29,63.48407745361328
2016-03-01,66.541259765625
2016-03-02,69.55065155029297
2016-03-03,70.7926254272461
2016-03-04,71.93907165527344
2016-03-08,72.41676330566406
2016-03-09,73.56318664550781
2016-03-10,71.98684692382812
2016-03-11,71.55692291259766
2016-03-14,71.89128875732422
2016-03-15,73.46765899658203
2016-03-16,73.56318664550781
2016-03-17,75.71277618408203
2016-03-18,77.33688354492188
2016-03-21,80.77621459960938
2016-03-22,82.49585723876953
2016-03-23,82.20926666259766
2016-03-28,80.10746002197266
2016-03-29,80.34628295898438
2016-03-30,82.40032958984375
2016-03-31,82.40032958984375
2016-04-01,84.5499038696289
2016-04-04,83.97667694091797
2016-04-05,80.20298767089844
2016-04-06,85.36195373535156
2016-04-07,82.5914077758789
2016-04-08,86.8427734375
2016-04-11,88.03699493408203
2016-04-12,89.08788299560547
2016-04-13,89.04011535644531
2016-04-18,89.4222640991211
2016-04-20,85.74411010742188
2016-04-21,84.740966796875
2016-04-22,85.07535552978516
2016-04-25,84.740966796875
2016-04-26,85.83965301513672
2016-04-27,85.02758026123047
2016-04-28,82.78247833251953
2016-04-29,85.26643371582031
2016-05-02,87.84591674804688
2016-05-03,86.79500579833984
2016-05-04,85.69635009765625
2016-05-05,85.36195373535156
2016-05-06,84.5499038696289
2016-05-09,86.79500579833984
2016-05-10,86.17401885986328
2016-05-11,85.2186508178711
2016-05-12,88.08475494384766
2016-05-13,85.79187774658203
2016-05-16,85.07535552978516
2016-05-17,85.2186508178711
2016-05-18,84.97982025146484
2016-05-19,82.54363250732422
2016-05-20,80.6806640625
2016-05-23,80.2507553100586
2016-05-24,80.96728515625
2016-05-25,84.97982025146484
2016-05-26,88.6579818725586
2016-05-27,87.84591674804688
2016-05-30,88.18030548095703
2016-05-31,89.99549865722656
2016-06-01,90.6164779663086
2016-06-02,93.14818572998048
2016-06-03,91.23746490478516
2016-06-06,92.14505767822266
2016-06-07,92.38389587402344
2016-06-08,93.14818572998048
2016-06-09,92.04953002929688
2016-06-10,91.61961364746094
2016-06-13,95.20223236083984
2016-06-14,94.3424072265625
2016-06-15,98.59378051757812
2016-06-16,99.45362091064452
2016-06-17,99.74021911621094
2016-06-20,100.21791076660156
2016-06-21,99.07145690917967
2016-06-22,97.6861801147461
2016-06-23,97.73396301269533
2016-06-24,95.67991638183594
2016-06-27,98.06834411621094
2016-06-28,99.02369689941406
2016-06-29,106.28448486328124
2016-06-30,108.004150390625
2016-07-01,107.76529693603516
2016-07-04,108.0519027709961
2016-07-05,110.20147705078124
2016-07-07,111.4912338256836
2016-07-08,112.11222076416016
2016-07-11,113.1153564453125
2016-07-12,112.3988265991211
2016-07-13,108.43405151367188
2016-07-14,109.58049774169922
2016-07-15,109.72380828857422
2016-07-18,106.71439361572266
2016-07-19,107.0487823486328
2016-07-20,110.48809814453124
2016-07-21,109.67603302001952
2016-07-22,109.38943481445312
2016-07-25,111.82559967041016
2016-07-26,110.05818176269533
2016-07-27,110.77469635009766
2016-07-28,117.7488784790039
2016-07-29,118.79976654052734
2016-08-01,115.93367767333984
2016-08-02,112.44658660888672
2016-08-03,111.0135498046875
2016-08-04,111.34793853759766
2016-08-05,117.6533432006836
2016-08-08,119.46853637695312
2016-08-09,119.70738220214844
2016-08-10,114.21402740478516
2016-08-11,116.8890380859375
2016-08-12,116.124755859375
2016-08-16,115.50375366210938
2016-08-17,118.27433013916016
2016-08-18,120.08951568603516
2016-08-19,127.16777801513672
2016-08-22,124.71205139160156
2016-08-23,134.920166015625
2016-08-24,139.39822387695312
2016-08-25,138.43521118164062
2016-08-26,139.35008239746094
2016-08-29,137.95367431640625
2016-08-30,145.8023681640625
2016-08-31,144.26150512695312
2016-09-01,145.56158447265625
2016-09-02,146.7172393798828
2016-09-06,149.94337463378906
2016-09-07,148.06546020507812
2016-09-08,148.4025421142578
2016-09-09,143.8762969970703
2016-09-12,136.99066162109375
2016-09-14,144.64671325683594
2016-09-15,142.38360595703125
2016-09-16,144.02073669433594
2016-09-19,146.38015747070312
2016-09-20,144.45413208007812
2016-09-21,143.78001403808594
2016-09-22,145.6579132080078
2016-09-23,144.55044555664062
2016-09-26,142.96141052246094
2016-09-27,141.61318969726562
2016-09-28,144.45413208007812
2016-09-29,134.6312255859375
2016-09-30,138.67596435546875
2016-10-03,145.36898803710938
2016-10-04,145.89866638183594
2016-10-05,151.82127380371094
2016-10-06,151.48422241210938
2016-10-07,154.7103729248047
2016-10-10,153.36215209960938
2016-10-13,148.7395782470703
2016-10-14,152.254638671875
2016-10-17,148.017333984375
2016-10-18,151.05087280273438
2016-10-19,150.56935119628906
2016-10-20,150.47305297851562
2016-10-21,148.88404846191406
2016-10-24,150.90640258789062
2016-10-25,152.6398468017578
2016-10-26,150.56935119628906
2016-10-27,148.69142150878906
2016-10-28,151.2434539794922
2016-11-01,153.98809814453125
2016-11-02,149.41368103027344
2016-11-03,145.89866638183594
2016-11-04,142.23916625976562
2016-11-07,145.89866638183594
2016-11-08,149.79891967773438
2016-11-09,141.8539581298828
2016-11-10,137.37586975097656
2016-11-11,126.97515869140624
2016-11-15,113.97429656982422
2016-11-16,111.3741226196289
2016-11-17,107.85907745361328
2016-11-18,112.43345642089844
2016-11-21,102.61058044433594
2016-11-22,110.2666473388672
2016-11-23,110.41109466552734
2016-11-24,109.92958068847656
2016-11-25,113.54093933105467
2016-11-28,113.49279022216795
2016-11-29,112.67420959472656
2016-11-30,115.22622680664062
2016-12-01,113.30017852783205
2016-12-02,106.847900390625
2016-12-05,107.95537567138672
2016-12-06,110.2666473388672
2016-12-07,107.90721893310548
2016-12-08,110.02588653564452
2016-12-09,112.67420959472656
2016-12-12,110.12218475341795
2016-12-13,111.80747985839844
2016-12-14,108.14797973632812
2016-12-15,108.6776351928711
2016-12-16,107.32940673828124
2016-12-19,106.847900390625
2016-12-20,108.09983825683594
2016-12-21,109.11101531982422
2016-12-22,107.5220184326172
2016-12-23,108.00353240966795
2016-12-26,103.81434631347656
2016-12-27,107.32940673828124
2016-12-28,107.0405044555664
2016-12-29,108.53318786621094
2016-12-30,112.28900146484376
2017-01-02,118.11532592773438
2017-01-03,118.06716918945312
2017-01-04,117.48934173583984
2017-01-05,121.19701385498048
2017-01-06,120.76364135742188
2017-01-09,121.8229751586914
2017-01-10,124.42314910888672
2017-01-11,128.94935607910156
2017-01-12,129.23828125
2017-01-13,126.7344207763672
2017-01-16,130.63465881347656
2017-01-17,129.43087768554688
2017-01-18,132.80148315429688
2017-01-19,133.28297424316406
2017-01-20,130.8272705078125
2017-01-23,133.95712280273438
2017-01-24,138.0018310546875
2017-01-25,137.56846618652344
2017-01-27,139.54266357421875
2017-01-30,141.08351135253906
2017-01-31,140.31309509277344
2017-02-01,153.31394958496094
2017-02-02,153.31394958496094
2017-02-03,156.39564514160156
2017-02-06,158.17724609375
2017-02-07,158.32168579101562
2017-02-08,158.1291046142578
2017-02-09,156.251220703125
2017-02-10,157.26239013671875
2017-02-13,154.13255310058594
2017-02-14,151.58050537109375
2017-02-15,147.53579711914062
2017-02-16,158.32168579101562
2017-02-17,156.34750366210938
2017-02-20,156.8290252685547
2017-02-21,165.8814697265625
2017-02-22,161.25894165039062
2017-02-23,160.3440704345703
2017-02-27,158.1291046142578
2017-02-28,163.81097412109375
2017-03-01,162.7998046875
2017-03-02,155.5770721435547
2017-03-03,159.52549743652344
2017-03-06,159.81442260742188
2017-03-07,157.69573974609375
2017-03-08,154.0362548828125
2017-03-09,153.747314453125
2017-03-10,150.81008911132812
2017-03-14,154.75851440429688
2017-03-15,155.96229553222656
2017-03-16,157.8402099609375
2017-03-17,154.56590270996094
2017-03-20,155.81784057617188
2017-03-21,157.6475830078125
2017-03-22,151.0989990234375
2017-03-23,152.3990936279297
2017-03-24,152.1583251953125
2017-03-27,147.82470703125
2017-03-28,151.628662109375
2017-03-29,154.4214630126953
2017-03-30,154.56590270996094
2017-03-31,156.4438018798828
2017-04-03,158.17724609375
2017-04-05,156.63641357421875
2017-04-06,158.6587677001953
2017-04-07,157.2142333984375
2017-04-10,157.55130004882812
2017-04-11,162.5108642578125
2017-04-12,157.69573974609375
2017-04-13,157.02162170410156
2017-04-17,157.3586883544922
2017-04-18,154.56590270996094
2017-04-19,168.0001220703125
2017-04-20,182.7826232910156
2017-04-21,181.28993225097656
2017-04-24,193.90557861328125
2017-04-25,195.0130615234375
2017-04-26,197.2761688232422
2017-04-27,204.0655059814453
2017-04-28,208.44728088378903
2017-05-02,202.71728515625
2017-05-03,203.43955993652344
2017-05-04,205.7026824951172
2017-05-05,200.0207977294922
2017-05-08,202.2357482910156
2017-05-09,201.17642211914065
2017-05-10,206.32862854003903
2017-05-11,204.9803924560547
2017-05-12,201.9468536376953
2017-05-15,212.10679626464844
2017-05-16,212.7327423095703
2017-05-17,209.1695556640625
2017-05-18,197.95030212402344
2017-05-19,199.6355743408203
2017-05-22,190.0053100585937
2017-05-23,186.5384063720703
2017-05-24,177.72671508789062
2017-05-25,189.9571533203125
2017-05-26,191.4980010986328
2017-05-29,181.62696838378903
2017-05-30,197.3724670410156
2017-05-31,196.98727416992188
2017-06-01,201.6098022460937
2017-06-02,205.02853393554688
2017-06-05,206.28045654296875
2017-06-06,201.27273559570312
2017-06-07,202.1394500732422
2017-06-08,201.51348876953125
2017-06-09,205.9434356689453
2017-06-12,202.8135986328125
2017-06-13,201.5616455078125
2017-06-14,201.6098022460937
2017-06-15,203.2469482421875
2017-06-16,212.0586395263672
2017-06-19,212.78091430664065
2017-06-20,208.4954376220703
2017-06-21,208.5435943603516
2017-06-22,203.0543365478516
2017-06-23,193.8092803955078
2017-06-27,181.86773681640625
2017-06-28,183.938232421875
2017-06-29,191.78692626953125
2017-06-30,190.2460784912109
2017-07-03,196.6501922607422
2017-07-04,195.4464111328125
2017-07-05,198.04656982421875
2017-07-06,198.7206878662109
2017-07-07,195.97608947753903
2017-07-10,197.661376953125
2017-07-11,198.6244201660156
2017-07-12,202.283920288086
2017-07-13,203.0061798095703
2017-07-14,201.46533203125
2017-07-17,201.99501037597656
2017-07-18,201.4171905517578
2017-07-19,201.3690643310547
2017-07-20,201.17642211914065
2017-07-21,201.12828063964844
2017-07-24,201.27273559570312
2017-07-25,202.6691436767578
2017-07-26,204.1136779785156
2017-07-27,207.2916717529297
2017-07-28,195.39825439453125
2017-07-31,196.40945434570312
2017-08-01,195.97608947753903
2017-08-02,193.32774353027344
2017-08-03,185.3346099853516
2017-08-04,191.16094970703125
2017-08-07,192.6536407470703
2017-08-08,186.0569000244141
2017-08-09,179.41201782226562
2017-08-10,168.3372039794922
2017-08-11,169.92617797851562
2017-08-14,177.63040161132812
2017-08-16,178.16006469726562
2017-08-17,177.9674835205078
2017-08-18,175.99327087402344
2017-08-21,171.0818328857422
2017-08-22,167.75936889648438
2017-08-23,171.56332397460938
2017-08-24,171.7086181640625
2017-08-28,174.56558227539062
2017-08-29,165.60728454589844
2017-08-30,168.27056884765625
2017-08-31,172.3865203857422
2017-09-01,175.5824737548828
2017-09-04,171.41807556152344
2017-09-05,180.1826629638672
2017-09-06,179.45632934570312
2017-09-07,177.71310424804688
2017-09-08,177.47097778320312
2017-09-11,178.9720916748047
2017-09-12,186.28399658203125
2017-09-13,183.57228088378903
2017-09-14,189.8673095703125
2017-09-15,184.1049346923828
2017-09-18,183.7659912109375
2017-09-19,183.91123962402344
2017-09-20,179.65000915527344
2017-09-21,177.18043518066406
2017-09-22,170.30433654785156
2017-09-25,162.21766662597656
2017-09-26,166.18836975097656
2017-09-27,160.42601013183594
2017-09-28,164.34828186035156
2017-09-29,166.8662872314453
2017-10-03,176.64776611328125
2017-10-04,175.77615356445312
2017-10-05,176.55093383789062
2017-10-06,178.00364685058594
2017-10-09,176.5024871826172
2017-10-10,177.85836791992188
2017-10-11,171.7086181640625
2017-10-12,173.20973205566406
2017-10-13,174.3719024658203
2017-10-16,173.20973205566406
2017-10-17,176.0182647705078
2017-10-18,175.4371795654297
2017-10-19,171.95074462890625
2017-10-23,175.4371795654297
2017-10-24,177.03515625
2017-10-25,183.9596710205078
2017-10-26,189.7704620361328
2017-10-27,189.3830718994141
2017-10-30,187.1555938720703
2017-10-31,188.07565307617188
2017-11-01,187.0103302001953
2017-11-02,183.4754333496093
2017-11-03,180.7153167724609
2017-11-06,176.74459838867188
2017-11-07,169.14218139648438
2017-11-08,169.52955627441406
2017-11-09,168.0284423828125
2017-11-10,165.41358947753906
2017-11-13,159.8449249267578
2017-11-14,161.20077514648438
2017-11-15,161.24920654296875
2017-11-16,167.1083984375
2017-11-17,171.03070068359375
2017-11-20,165.94625854492188
2017-11-21,165.0261993408203
2017-11-22,170.59487915039062
2017-11-23,170.20748901367188
2017-11-24,169.86851501464844
2017-11-27,173.20973205566406
2017-11-28,171.36965942382812
2017-11-29,170.78858947753906
2017-11-30,168.367431640625
2017-12-01,163.08929443359375
2017-12-04,162.8955841064453
2017-12-05,162.60504150390625
2017-12-06,159.21542358398438
2017-12-07,161.6365966796875
2017-12-08,168.9000701904297
2017-12-11,166.7210235595703
2017-12-12,163.47666931152344
2017-12-13,163.13771057128906
2017-12-14,158.34381103515625
2017-12-15,160.86183166503906
2017-12-18,159.6512451171875
2017-12-19,166.57574462890625
2017-12-20,172.919189453125
2017-12-21,178.29417419433594
2017-12-22,177.56784057617188
2017-12-26,179.45632934570312
2017-12-27,176.0666961669922
2017-12-28,173.88766479492188
2017-12-29,177.66465759277344
2018-01-01,174.90455627441406
2018-01-02,174.4203338623047
2018-01-03,180.5216064453125
2018-01-04,184.3470764160156
2018-01-05,192.772705078125
2018-01-08,189.9641571044922
2018-01-09,186.04188537597656
2018-01-10,186.9134826660156
2018-01-11,185.9934539794922
2018-01-12,184.8313140869141
2018-01-15,195.0485992431641
2018-01-16,189.23779296875
2018-01-17,191.4652862548828
2018-01-18,176.69618225097656
2018-01-19,178.87522888183594
2018-01-22,178.92367553710938
2018-01-23,178.19732666015625
2018-01-24,172.8223419189453
2018-01-25,169.57798767089844
2018-01-29,165.2199249267578
2018-01-30,164.00933837890625
2018-01-31,162.84716796875
2018-02-01,160.95867919921875
2018-02-02,148.4654998779297
2018-02-05,148.27178955078125
2018-02-06,145.94747924804688
2018-02-07,147.9812469482422
2018-02-08,156.26162719726562
2018-02-09,156.31002807617188
2018-02-12,156.9395294189453
2018-02-14,154.17942810058594
2018-02-15,150.69296264648438
2018-02-16,151.37088012695312
2018-02-19,154.95419311523438
2018-02-20,153.54991149902344
2018-02-21,153.0172576904297
2018-02-22,150.20870971679688
2018-02-23,153.06568908691406
2018-02-26,155.43841552734375
2018-02-27,152.8719940185547
2018-02-28,154.2278594970703
2018-03-01,152.29092407226562
2018-03-05,148.513916015625
2018-03-06,144.25265502929688
2018-03-07,139.8461456298828
2018-03-08,142.89683532714844
2018-03-09,140.57249450683594
2018-03-12,144.833740234375
2018-03-13,145.7537841796875
2018-03-14,148.513916015625
2018-03-15,145.99591064453125
2018-03-16,142.36416625976562
2018-03-19,137.23130798339844
2018-03-20,138.44189453125
2018-03-21,140.0882568359375
2018-03-22,136.31126403808594
2018-03-23,133.5995635986328
2018-03-26,136.79547119140625
2018-03-27,139.02296447753906
2018-03-28,137.27972412109375
2018-04-02,147.88438415527344
2018-04-03,148.5623321533203
2018-04-04,144.97900390625
2018-04-05,150.5476837158203
2018-04-06,147.88438415527344
2018-04-09,146.4316864013672
2018-04-10,146.7706756591797
2018-04-11,143.86529541015625
2018-04-12,141.44415283203125
2018-04-13,141.6378173828125
2018-04-16,146.38327026367188
2018-04-17,146.96435546875
2018-04-18,144.9305877685547
2018-04-19,149.14341735839844
2018-04-20,145.5116729736328
2018-04-23,145.46324157714844
2018-04-24,144.20423889160156
2018-04-25,139.07139587402344
2018-04-26,140.42723083496094
2018-04-27,140.4756622314453
2018-04-30,142.41259765625
2018-05-02,138.29661560058594
2018-05-03,132.7279510498047
2018-05-04,131.08157348632812
2018-05-07,135.9722900390625
2018-05-08,133.98695373535156
2018-05-09,133.5511474609375
2018-05-10,129.14462280273438
2018-05-11,132.921630859375
2018-05-14,131.66262817382812
2018-05-15,129.48358154296875
2018-05-16,129.04779052734375
2018-05-17,129.24147033691406
2018-05-18,125.6581573486328
2018-05-21,125.46446990966795
2018-05-22,125.12550354003906
2018-05-23,123.86650848388672
2018-05-24,120.52529907226562
2018-05-25,126.04554748535156
2018-05-28,129.19305419921875
2018-05-29,128.1277618408203
2018-05-30,127.88563537597656
2018-05-31,125.8518524169922
2018-06-01,121.8811492919922
2018-06-04,113.93975067138672
2018-06-05,109.6785125732422
2018-06-06,112.34178924560548
2018-06-07,115.34402465820312
2018-06-08,115.0534896850586
2018-06-11,115.68299102783205
2018-06-12,114.90821838378906
2018-06-13,116.31248474121094
2018-06-14,112.53548431396484
2018-06-15,111.7122802734375
2018-06-18,110.40485382080078
2018-06-19,105.90149688720705
2018-06-20,105.8046646118164
2018-06-21,104.15827941894533
2018-06-22,108.80689239501952
2018-06-25,108.46793365478516
2018-06-26,109.5816650390625
2018-06-27,104.9814682006836
2018-06-28,99.5096435546875
2018-06-29,102.36661529541016
2018-07-02,100.72022247314452
2018-07-03,101.3981475830078
2018-07-04,101.4949951171875
2018-07-05,105.75623321533205
2018-07-06,105.32042694091795
2018-07-09,106.96680450439452
2018-07-10,108.66162109375
2018-07-11,105.32042694091795
2018-07-12,108.71005249023438
2018-07-13,103.4319305419922
2018-07-16,96.604248046875
2018-07-17,99.6064910888672
2018-07-18,96.41056060791016
2018-07-19,95.97476196289062
2018-07-20,99.5096435546875
2018-07-23,103.6256103515625
2018-07-24,113.40709686279295
2018-07-25,109.72693634033205
2018-07-26,109.6300811767578
2018-07-27,115.1019058227539
2018-07-30,113.40709686279295
2018-07-31,113.3586654663086
2018-08-01,112.29336547851562
2018-08-02,113.3586654663086
2018-08-03,113.89132690429688
2018-08-06,114.23029327392578
2018-08-07,118.05573272705078
2018-08-08,113.11656188964844
2018-08-09,115.92510223388672
2018-08-10,113.11656188964844
2018-08-13,104.49723815917967
2018-08-14,107.30577087402344
2018-08-16,108.27424621582033
2018-08-17,113.79448699951172
2018-08-20,113.6976318359375
2018-08-21,117.5230712890625
2018-08-23,115.19874572753906
2018-08-24,116.36091613769533
2018-08-27,117.42621612548828
2018-08-28,115.5861358642578
2018-08-29,117.57150268554688
2018-08-30,121.83273315429688
2018-08-31,122.41381072998048
2018-09-03,119.75054168701172
2018-09-04,112.72917938232422
2018-09-05,113.3586654663086
2018-09-06,113.89132690429688
2018-09-07,117.5230712890625
2018-09-10,116.07037353515624
2018-09-11,112.02424621582033
2018-09-12,114.26667022705078
2018-09-14,120.36023712158205
2018-09-17,116.94784545898438
2018-09-18,111.3905029296875
2018-09-19,110.75677490234376
2018-09-21,108.51434326171876
2018-09-24,102.85950469970705
2018-09-25,103.73697662353516
2018-09-26,106.32066345214844
2018-09-27,101.88453674316406
2018-09-28,98.66712188720705
2018-10-01,97.8384017944336
2018-10-03,96.57093811035156
2018-10-04,96.96092224121094
2018-10-05,93.1585464477539
2018-10-08,89.50240325927734
2018-10-09,90.28237915039062
2018-10-10,93.35353088378906
2018-10-11,90.13612365722656
2018-10-12,93.40228271484376
2018-10-15,93.40228271484376
2018-10-16,95.5472183227539
2018-10-17,91.30608367919922
2018-10-19,87.25996398925781
2018-10-22,84.6762924194336
2018-10-23,81.70262145996094
2018-10-24,82.53135681152344
2018-10-25,79.60643768310547
2018-10-26,79.65518188476562
2018-10-29,83.36007690429688
2018-10-30,86.33373260498047
2018-10-31,87.55245208740234
2018-11-01,89.45364379882812
2018-11-02,92.52481079101562
2018-11-05,93.79226684570312
2018-11-06,91.50109100341795
2018-11-07,91.69608306884766
2018-11-09,94.66974639892578
2018-11-12,88.77116394042969
2018-11-13,89.25865936279297
2018-11-14,88.42992401123047
2018-11-15,90.72111511230467
2018-11-16,91.50109100341795
2018-11-19,93.49978637695312
2018-11-20,89.6973876953125
2018-11-21,91.35484313964844
2018-11-22,89.40489196777344
2018-11-26,88.33242797851562
2018-11-27,88.67366790771484
2018-11-28,86.82122039794922
2018-11-29,88.33242797851562
2018-11-30,91.59857177734376
2018-12-03,94.81598663330078
2018-12-04,91.35484313964844
2018-12-05,88.47867584228516
2018-12-06,85.0662841796875
2018-12-07,84.04254913330078
2018-12-10,82.04386138916016
2018-12-11,85.94374084472656
2018-12-12,90.37986755371094
2018-12-13,89.45364379882812
2018-12-14,91.35484313964844
2018-12-17,90.37986755371094
2018-12-18,91.69608306884766
2018-12-19,95.44972229003906
2018-12-20,94.91349029541016
2018-12-21,93.69477081298828
2018-12-24,89.5511474609375
2018-12-26,90.96485900878906
2018-12-27,90.76985168457033
2018-12-28,92.81729125976562
2018-12-31,93.69477081298828
2019-01-01,93.5972671508789
2019-01-02,91.50109100341795
2019-01-03,88.47867584228516
2019-01-04,90.33113098144533
2019-01-07,89.20990753173828
2019-01-08,88.62492370605469
2019-01-09,86.1875
2019-01-10,85.89500427246094
2019-01-11,85.01753234863281
2019-01-14,83.60382080078125
2019-01-15,85.74874877929688
2019-01-16,85.60250854492188
2019-01-17,83.94506072998047
2019-01-18,82.87258911132812
2019-01-21,81.94636535644531
2019-01-22,82.28759765625
2019-01-23,81.89761352539062
2019-01-24,81.60511779785156
2019-01-25,78.72895812988281
2019-01-28,77.16901397705078
2019-01-29,81.4588851928711
2019-01-30,82.4338607788086
2019-01-31,82.14136505126953
2019-02-01,79.3139419555664
2019-02-04,76.82777404785156
2019-02-05,76.97400665283203
2019-02-06,78.29022979736328
2019-02-07,81.1663818359375
2019-02-08,78.14397430419922
2019-02-11,75.2677993774414
2019-02-12,77.2177505493164
2019-02-14,80.92264556884766
2019-02-15,82.04386138916016
2019-02-18,80.4839096069336
2019-02-19,80.87388610839844
2019-02-20,83.70130920410156
2019-02-21,83.70130920410156
2019-02-22,84.38379669189453
2019-02-25,83.75006103515625
2019-02-26,83.11631774902344
2019-02-27,86.1875
2019-02-28,85.45626831054688
2019-03-01,90.0873794555664
2019-03-05,94.86473846435548
2019-03-06,94.91349029541016
2019-03-07,94.0847625732422
2019-03-08,93.74352264404295
2019-03-11,101.20205688476562
2019-03-12,100.42208099365234
2019-03-13,100.76332092285156
2019-03-14,99.00836944580078
2019-03-15,95.20598602294922
2019-03-18,96.13219451904295
2019-03-19,100.22708892822266
2019-03-20,98.3746337890625
2019-03-22,97.20467376708984
2019-03-25,93.8410186767578
2019-03-26,97.20467376708984
2019-03-27,98.7646255493164
2019-03-28,99.83708953857422
2019-04-01,108.6118392944336
2019-04-02,107.83186340332033
2019-04-03,104.51696014404295
2019-04-04,105.58943939208984
2019-04-05,107.92935943603516
2019-04-08,105.93067932128906
2019-04-09,105.97941589355467
2019-04-10,104.7606964111328
2019-04-11,106.7106475830078
2019-04-12,107.4418716430664
2019-04-15,109.05057525634766
2019-04-16,110.46429443359376
2019-04-18,107.00313568115234
2019-04-22,101.73828125
2019-04-23,99.203369140625
2019-04-24,103.10325622558594
2019-04-25,106.27189636230467
2019-04-26,107.880615234375
2019-04-30,104.4194564819336
2019-05-02,103.59073638916016
2019-05-03,103.63948822021484
2019-05-06,101.49454498291016
2019-05-07,100.4708251953125
2019-05-08,96.91217803955078
2019-05-09,95.9372100830078
2019-05-10,97.15592956542967
2019-05-13,89.6973876953125
2019-05-14,93.69477081298828
2019-05-15,90.52610778808594
2019-05-16,92.71979522705078
2019-05-17,93.20728302001952
2019-05-20,100.12957763671876
2019-05-21,97.30216217041016
2019-05-22,98.2283935546875
2019-05-23,99.54460144042967
2019-05-24,111.53675842285156
2019-05-27,111.2442626953125
2019-05-28,109.39180755615234
2019-05-29,107.73436737060548
2019-05-30,108.17310333251952
2019-05-31,102.95700073242188
2019-06-03,104.71195220947266
2019-06-04,99.39835357666016
2019-06-06,94.47474670410156
2019-06-07,95.5472183227539
2019-06-10,95.05973052978516
2019-06-11,97.69214630126952
2019-06-12,95.01097869873048
2019-06-13,96.66844177246094
2019-06-14,94.0360107421875
2019-06-17,90.62361907958984
2019-06-18,91.89107513427734
2019-06-19,89.89237976074219
2019-06-20,92.1835708618164
2019-06-21,93.25604248046876
2019-06-24,93.01229095458984
2019-06-25,102.3232650756836
2019-06-26,106.17440795898438
2019-06-27,103.44448852539062
2019-06-28,97.30216217041016
2019-07-01,98.86212921142578
2019-07-02,101.34829711914062
2019-07-03,101.88453674316406
2019-07-04,101.88453674316406
2019-07-05,101.44580078125
2019-07-08,92.86605072021484
2019-07-09,93.4510269165039
2019-07-10,91.8423309326172
2019-07-11,92.86605072021484
2019-07-12,93.93851470947266
2019-07-15,95.05973052978516
2019-07-16,96.32720947265624
2019-07-17,95.88845825195312
2019-07-18,96.22969818115234
2019-07-19,96.18094635009766
2019-07-22,91.79358673095705
2019-07-23,92.7685546875
2019-07-24,92.3298110961914
2019-07-25,92.47605895996094
2019-07-26,93.54852294921876
2019-07-29,91.25733947753906
2019-07-30,83.70130920410156
2019-07-31,85.60250854492188
2019-08-01,84.33504486083984
2019-08-02,84.72503662109375
2019-08-05,81.99510192871094
2019-08-06,83.26258087158203
2019-08-07,85.21251678466797
2019-08-08,84.6275405883789
2019-08-09,82.38509368896484
2019-08-13,80.19142150878906
2019-08-14,77.55899810791016
2019-08-16,76.38902282714844
2019-08-19,77.75398254394531
2019-08-20,76.48652648925781
2019-08-21,74.00035095214844
2019-08-22,69.17423248291016
2019-08-23,68.979248046875
2019-08-26,71.22168731689453
2019-08-27,74.29283905029297
2019-08-28,73.56160736083984
2019-08-29,73.75660705566406
2019-08-30,72.09915161132812
2019-09-03,71.12417602539062
2019-09-04,72.10997009277344
2019-09-05,73.19432830810547
2019-09-06,73.53934478759766
2019-09-09,73.8843765258789
2019-09-11,77.43318939208984
2019-09-12,78.32038879394531
2019-09-13,83.29859161376953
2019-09-16,84.72797393798828
2019-09-17,83.84077453613281
2019-09-18,83.44646453857422
2019-09-19,81.37631225585938
2019-09-20,85.9109115600586
2019-09-23,87.68531036376953
2019-09-24,83.0521469116211
2019-09-25,83.0521469116211
2019-09-26,83.7914810180664
2019-09-27,81.2777328491211
2019-09-30,77.92608642578125
2019-10-01,79.45403289794922
2019-10-03,78.51754760742188
2019-10-04,78.12322998046875
2019-10-07,77.97535705566406
2019-10-09,80.1933822631836
2019-10-10,80.24266052246094
2019-10-11,80.83413696289062
2019-10-14,80.68627166748047
2019-10-15,78.12322998046875
2019-10-16,78.17252349853516
2019-10-17,78.71470642089844
2019-10-18,79.50333404541016
2019-10-22,78.17252349853516
2019-10-23,81.42560577392578
2019-10-24,80.78484344482422
2019-10-25,80.29195404052734
2019-10-27,81.42560577392578
2019-10-29,81.96778869628906
2019-10-30,82.90428161621094
2019-10-31,82.65782165527344
2019-11-01,83.24929809570312
2019-11-04,85.81233978271484
2019-11-05,84.5801010131836
2019-11-06,83.54503631591797
2019-11-07,83.7914810180664
2019-11-08,84.08722686767578
2019-11-11,83.15071868896484
2019-11-13,81.37631225585938
2019-11-14,81.03128814697266
2019-11-15,81.67204284667969
2019-11-18,78.61611938476562
2019-11-19,78.56683349609375
2019-11-20,76.79243469238281
2019-11-21,76.84171295166016
2019-11-22,77.53176879882812
2019-11-25,78.51754760742188
2019-11-26,78.12322998046875
2019-11-27,78.41897583007812
2019-11-28,77.72891998291016
2019-11-29,79.55261993408203
2019-12-02,77.48247528076172
2019-12-03,76.15167236328125
2019-12-04,75.80664825439453
2019-12-05,75.16588592529297
2019-12-06,73.73651123046875
2019-12-09,72.65213775634766
2019-12-10,71.76493835449219
2019-12-11,71.46920776367188
2019-12-12,70.9270248413086
2019-12-13,72.2578353881836
2019-12-16,70.87773132324219
2019-12-17,70.58200073242188
2019-12-18,69.99053192138672
2019-12-19,69.79338073730469
2019-12-20,69.6948013305664
2019-12-23,69.5962142944336
2019-12-24,69.34976959228516
2019-12-26,69.201904296875
2019-12-27,68.90617370605469
2019-12-30,68.75830078125
2019-12-31,70.38484954833984
2020-01-01,72.0606689453125
2020-01-02,76.0038070678711
2020-01-03,75.31375885009766
2020-01-06,71.76493835449219
2020-01-07,75.70806884765625
2020-01-08,76.34881591796875
2020-01-09,76.69385528564453
2020-01-10,78.12322998046875
2020-01-13,79.45403289794922
2020-01-14,85.27014923095703
2020-01-15,87.14314270019531
2020-01-16,85.61518096923828
2020-01-17,85.02371215820312
2020-01-20,83.7914810180664
2020-01-21,85.22086334228516
2020-01-22,84.82655334472656
2020-01-23,85.41802215576172
2020-01-24,85.61518096923828
2020-01-27,85.96019744873047
2020-01-28,85.27014923095703
2020-01-29,85.12228393554688
2020-01-30,82.16493225097656
2020-01-31,80.78484344482422
2020-02-03,76.39811706542969
2020-02-04,77.97535705566406
2020-02-05,76.29954528808594
2020-02-06,76.84171295166016
2020-02-07,76.250244140625
2020-02-10,74.22940063476562
2020-02-11,73.98295593261719
2020-02-12,73.29290008544922
2020-02-13,72.55355834960938
2020-02-14,73.14502716064453
2020-02-17,72.30711364746094
2020-02-18,70.68058013916016
2020-02-19,73.44076538085938
2020-02-20,74.47583770751953
2020-02-24,73.19432830810547
2020-02-25,85.81233978271484
2020-02-26,102.9649429321289
2020-02-27,99.66256713867188
2020-02-28,94.9801025390625
2020-03-02,90.5933837890625
2020-03-03,90.14977264404295
2020-03-04,87.73461151123047
2020-03-05,91.77631378173828
2020-03-06,90.69196319580078
2020-03-09,87.24171447753906
2020-03-11,87.04456329345703
2020-03-12,78.76398468017578
2020-03-13,86.05877685546875
2020-03-16,94.38863372802734
2020-03-17,97.1981201171875
2020-03-18,94.43792724609376
2020-03-19,96.21233367919922
2020-03-20,96.9023895263672
2020-03-23,87.24171447753906
2020-03-24,86.79812622070312
2020-03-25,94.2900619506836
2020-03-26,101.09196472167967
2020-03-27,100.5497817993164
2020-03-30,101.88057708740234
2020-03-31,104.34503173828124
2020-04-01,101.33840942382812
2020-04-03,99.95830535888672
2020-04-07,101.7820053100586
2020-04-08,100.64835357666016
2020-04-09,101.23982238769533
2020-04-13,104.83792877197266
2020-04-15,105.23224639892578
2020-04-16,103.95072174072266
2020-04-17,103.80287170410156
2020-04-20,101.7327117919922
2020-04-21,101.48626708984376
2020-04-22,101.7820053100586
2020-04-23,101.58484649658205
2020-04-24,99.51470184326172
2020-04-27,99.41613006591795
2020-04-28,99.36683654785156
2020-04-29,98.97251892089844
2020-04-30,102.32418823242188
2020-05-04,99.46541595458984
2020-05-05,97.8881607055664
2020-05-06,98.3810577392578
2020-05-07,97.59243774414062
2020-05-08,96.60665130615234
2020-05-11,99.169677734375
2020-05-12,97.83887481689452
2020-05-13,102.12702941894533
2020-05-14,99.51470184326172
2020-05-15,112.6749038696289
2020-05-18,116.2729949951172
2020-05-19,116.51944732666016
2020-05-20,115.97726440429688
2020-05-21,124.80001831054688
2020-05-22,130.07394409179688
2020-05-26,133.8692169189453
2020-05-27,129.3839111328125
2020-05-28,127.51092529296876
2020-05-29,123.76494598388672
2020-06-01,125.73651885986328
2020-06-02,124.94789123535156
2020-06-03,129.03887939453125
2020-06-04,128.89102172851562
2020-06-05,128.6445770263672
2020-06-08,129.67965698242188
2020-06-09,126.27869415283205
2020-06-10,128.29954528808594
2020-06-11,125.04646301269533
2020-06-12,127.41234588623048
2020-06-15,123.863525390625
2020-06-16,124.20854949951172
2020-06-17,130.36968994140625
2020-06-18,129.7781982421875
2020-06-19,128.3488311767578
2020-06-22,128.3981170654297
2020-06-23,129.82749938964844
2020-06-24,125.0957489013672
2020-06-25,123.76494598388672
2020-06-26,123.4692153930664
2020-06-29,122.77916717529295
2020-06-30,126.4265594482422
2020-07-01,126.22940826416016
2020-07-02,124.06067657470705
2020-07-03,123.51850128173828
2020-07-06,125.24362182617188
2020-07-07,124.15925598144533
2020-07-08,121.74408721923828
2020-07-09,122.1384048461914
2020-07-10,119.92040252685548
2020-07-13,118.24456024169922
2020-07-14,115.33650970458984
2020-07-15,116.17442321777344
2020-07-16,114.84362030029295
2020-07-17,116.22371673583984
2020-07-20,117.0616226196289
2020-07-21,121.30049896240234
2020-07-22,117.45594024658205
2020-07-23,118.19527435302734
2020-07-24,116.32229614257812
2020-07-27,114.54788208007812
2020-07-28,113.3649444580078
2020-07-29,113.51280975341795
2020-07-30,110.35830688476562
2020-07-31,109.81613159179688
2020-08-03,111.2947998046875
2020-08-04,112.4777374267578
2020-08-05,112.13272094726562
2020-08-06,112.1820068359375
2020-08-07,115.18863677978516
2020-08-10,116.12513732910156
2020-08-11,117.60381317138672
2020-08-12,115.0900650024414
2020-08-13,114.94219970703124
2020-08-14,112.6256103515625
2020-08-17,113.51280975341795
2020-08-18,114.94219970703124
2020-08-19,115.73082733154295
2020-08-20,113.75926208496094
2020-08-21,116.17442321777344
2020-08-24,118.39242553710938
2020-08-25,116.56873321533205
2020-08-26,120.46257019042967
2020-08-27,120.06826782226562
2020-08-28,119.8218231201172
2020-08-31,112.97062683105467
2020-09-01,111.88626861572266
2020-09-02,113.3649444580078
2020-09-03,114.54788208007812
2020-09-04,111.98484802246094
2020-09-07,110.90049743652344
2020-09-08,109.37252044677734
2020-09-09,107.64740753173828
2020-09-10,115.13935089111328
2020-09-11,114.2028579711914
2020-09-14,122.976318359375
2020-09-15,122.976318359375
2020-09-16,125.29290008544922
2020-09-17,126.27869415283205
2020-09-18,121.52466583251952
2020-09-21,113.35369873046876
2020-09-22,115.2354965209961
2020-09-23,116.91921997070312
2020-09-24,114.9383773803711
2020-09-25,115.78023529052734
2020-09-28,115.28501892089844
2020-09-29,114.4431610107422
2020-09-30,115.92879486083984
2020-10-01,118.15724182128906
2020-10-05,114.78981018066406
2020-10-06,115.3840560913086
2020-10-07,117.26586151123048
2020-10-08,118.85053253173828
2020-10-09,117.76107788085938
2020-10-12,115.18597412109376
2020-10-13,116.42400360107422
2020-10-14,117.11729431152344
2020-10-15,113.84890747070312
2020-10-16,117.16681671142578
2020-10-19,118.05819702148438
2020-10-20,120.97994232177734
2020-10-21,119.64287567138672
2020-10-22,121.17801666259766
2020-10-23,120.63329315185548
2020-10-26,115.33453369140624
2020-10-27,115.82974243164062
2020-10-28,114.8393325805664
2020-10-29,115.18597412109376
2020-10-30,117.21633911132812
2020-11-02,115.3840560913086
2020-11-03,115.33453369140624
2020-11-04,117.76107788085938
2020-11-05,120.33616638183594
2020-11-06,120.2866439819336
2020-11-09,118.55340576171876
2020-11-10,117.21633911132812
2020-11-11,118.6029281616211
2020-11-12,124.0502471923828
2020-11-13,124.39689636230467
2020-11-14,125.63491821289062
2020-11-17,132.91452026367188
2020-11-18,131.47840881347656
2020-11-19,149.00885009765625
2020-11-20,146.334716796875
2020-11-23,154.20855712890625
2020-11-24,151.88108825683594
2020-11-25,147.8203582763672
2020-11-26,154.6542510986328
2020-11-27,157.08079528808594
2020-12-01,154.5552215576172
2020-12-02,152.6239013671875
2020-12-03,152.77244567871094
2020-12-04,151.9305877685547
2020-12-07,152.8219757080078
2020-12-08,155.64468383789062
2020-12-09,151.58395385742188
2020-12-10,145.74046325683594
2020-12-11,147.4737091064453
2020-12-14,150.59353637695312
2020-12-15,149.50405883789062
2020-12-16,149.3555145263672
2020-12-17,147.86988830566406
2020-12-18,146.4337615966797
2020-12-21,137.17332458496094
2020-12-22,138.3123016357422
2020-12-23,141.135009765625
2020-12-24,143.16537475585938
2020-12-28,146.1366424560547
2020-12-29,143.66058349609375
2020-12-30,172.38279724121094
2020-12-31,167.57925415039062
2021-01-01,179.01861572265625
2021-01-04,174.6607666015625
2021-01-05,173.71986389160156
2021-01-06,171.04571533203125
2021-01-07,169.609619140625
2021-01-08,169.11441040039062
2021-01-11,168.47064208984375
2021-01-12,166.88595581054688
2021-01-13,167.33164978027344
2021-01-14,164.6575164794922
2021-01-15,163.1223602294922
2021-01-18,160.00253295898438
2021-01-19,166.98501586914062
2021-01-20,170.6000518798828
2021-01-21,166.83642578125
2021-01-22,166.6383514404297
2021-01-25,167.33164978027344
2021-01-27,164.6079864501953
2021-01-28,155.74371337890625
2021-01-29,153.2181396484375
2021-02-01,160.7948760986328
2021-02-02,164.9546356201172
2021-02-03,164.4594268798828
2021-02-04,170.8971710205078
2021-02-05,169.7086639404297
2021-02-08,169.4610595703125
2021-02-09,166.09361267089844
2021-02-10,165.59840393066406
2021-02-11,165.89553833007812
2021-02-12,169.36199951171875
2021-02-15,169.7581787109375
2021-02-16,168.5201416015625
2021-02-17,166.93548583984375
2021-02-18,165.1031951904297
2021-02-19,163.81564331054688
2021-02-22,159.80445861816406
2021-02-23,157.62550354003906
2021-02-24,159.4578094482422
2021-02-25,164.6079864501953
2021-02-26,160.94342041015625
2021-03-01,174.3636474609375
2021-03-02,174.9083709716797
2021-03-03,172.48184204101562
2021-03-04,180.60330200195312
2021-03-05,172.63040161132812
2021-03-08,170.99620056152344
2021-03-09,171.44190979003906
2021-03-10,169.31248474121094
2021-03-12,170.69908142089844
2021-03-15,167.2326202392578
2021-03-16,168.66871643066406
2021-03-17,161.63671875
2021-03-18,158.17025756835938
2021-03-19,160.54725646972656
2021-03-22,163.96421813964844
2021-03-23,166.19265747070312
2021-03-24,164.21182250976562
2021-03-25,160.89390563964844
2021-03-26,160.89390563964844
2021-03-30,165.945068359375
2021-03-31,165.74697875976562
2021-04-01,168.1735076904297
2021-04-05,163.1223602294922
2021-04-06,174.6607666015625
2021-04-07,169.11441040039062
2021-04-08,181.4946746826172
2021-04-09,187.7343292236328
2021-04-12,168.22303771972656
2021-04-13,171.09524536132812
2021-04-15,166.98501586914062
2021-04-16,167.6782989501953
2021-04-19,160.4977569580078
2021-04-20,163.36996459960938
2021-04-22,162.18145751953125
2021-04-23,164.90512084960938
2021-04-26,164.80606079101562
2021-04-27,164.4594268798828
2021-04-28,161.78529357910156
2021-04-29,164.6575164794922
2021-04-30,161.63671875
2021-05-03,165.59840393066406
2021-05-04,164.9546356201172
2021-05-05,164.11276245117188
2021-05-06,162.87474060058594
2021-05-07,164.9546356201172
2021-05-10,164.75656127929688
2021-05-11,167.0840301513672
2021-05-12,170.6000518798828
2021-05-14,170.50099182128906
2021-05-17,171.83807373046875
2021-05-18,175.70069885253906
2021-05-19,176.64161682128906
2021-05-20,195.013900756836
2021-05-21,200.75836181640625
2021-05-24,194.8653564453125
2021-05-25,184.6640167236328
2021-05-26,187.684799194336
2021-05-27,185.1097106933593
2021-05-28,180.2071228027344
2021-05-31,180.5042419433593
2021-06-01,181.4451446533203
2021-06-02,177.78057861328125
2021-06-03,187.28863525390625
2021-06-04,187.28863525390625
2021-06-07,188.03146362304688
2021-06-08,183.4755096435547
2021-06-09,181.19754028320312
2021-06-10,182.23748779296875
2021-06-11,182.9307861328125
2021-06-14,180.30616760253903
2021-06-15,186.59532165527344
2021-06-16,189.76467895507807
2021-06-17,186.10012817382807
2021-06-18,193.2806854248047
2021-06-21,191.7950439453125
2021-06-22,195.85577392578125
2021-06-23,193.13211059570312
2021-06-24,191.8445587158203
2021-06-25,188.7247467041016
2021-06-28,189.9627685546875
2021-06-29,187.93240356445312
2021-06-30,190.111328125
2021-07-01,191.5474395751953
2021-07-02,190.70559692382807
2021-07-05,189.814193725586
2021-07-06,193.33018493652344
2021-07-07,195.4100952148437
2021-07-08,191.646484375
2021-07-09,191.1512756347656
2021-07-12,188.5266571044922
2021-07-13,189.7151794433593
2021-07-14,191.1512756347656
2021-07-15,190.50750732421875
2021-07-16,190.2103729248047
2021-07-19,190.6065368652344
2021-07-20,194.5682373046875
2021-07-22,198.38134765625
2021-07-23,195.2615203857422
2021-07-26,195.0634307861328
2021-07-27,191.44839477539065
2021-07-28,189.7151794433593
2021-07-29,191.2503204345703
2021-07-30,190.3094177246093
2021-08-02,191.2503204345703
2021-08-03,193.5282745361328
2021-08-04,192.73594665527344
2021-08-05,190.70559692382807
2021-08-06,190.50750732421875
2021-08-09,190.0618133544922
2021-08-10,181.29660034179688
2021-08-11,177.03778076171875
2021-08-12,175.94830322265625
2021-08-13,175.70069885253906
2021-08-16,170.10482788085938
2021-08-17,167.43069458007812
2021-08-18,169.95626831054688
2021-08-20,166.19265747070312
2021-08-23,155.94180297851562
2021-08-24,160.64630126953125
2021-08-25,159.6558837890625
2021-08-26,157.22935485839844
2021-08-27,161.48817443847656
2021-08-30,161.04248046875
2021-08-31,163.03558349609375
2021-09-01,175.2931365966797
2021-09-02,179.8274383544922
2021-09-03,179.12985229492188
2021-09-06,181.92019653320312
2021-09-07,183.46485900878903
2021-09-08,182.5679473876953
2021-09-09,181.322265625
2021-09-13,178.0336456298828
2021-09-14,180.72433471679688
2021-09-15,184.3617401123047
2021-09-16,187.65036010742188
2021-09-17,183.4150238037109
2021-09-20,176.19003295898438
2021-09-21,174.8446807861328
2021-09-22,179.12985229492188
2021-09-23,185.1589813232422
2021-09-24,187.94932556152344
2021-09-27,193.9784393310547
2021-09-28,189.3444976806641
2021-09-29,191.7860412597656
2021-09-30,199.6089630126953
2021-10-01,200.10723876953125
2021-10-04,202.5986175537109
2021-10-05,194.72586059570312
2021-10-06,192.7327575683593
2021-10-07,195.3736267089844
2021-10-08,193.82896423339844
2021-10-11,194.52655029296875
2021-10-12,196.9680938720703
2021-10-13,198.1639709472656
2021-10-14,213.66030883789065
2021-10-18,217.6963348388672
2021-10-19,203.9937744140625
2021-10-20,202.7480926513672
2021-10-21,205.3391265869141
2021-10-22,196.5694732666016
2021-10-25,192.58328247070312
2021-10-26,198.41310119628903
2021-10-27,197.4165496826172
2021-10-28,200.55567932128903
2021-10-29,205.38894653320312
2021-11-01,205.0401611328125
2021-11-02,206.8837738037109
2021-11-03,210.9197998046875
2021-11-04,212.41461181640625
2021-11-08,217.048583984375
2021-11-09,222.330307006836
2021-11-10,209.4249725341797
2021-11-11,212.26513671875
2021-11-12,208.62774658203125
2021-11-15,204.74118041992188
2021-11-16,201.7515411376953
2021-11-17,200.45602416992188
2021-11-18,200.4062042236328
2021-11-22,194.7756805419922
2021-11-23,197.7154998779297
2021-11-24,195.7722320556641
2021-11-25,193.38052368164065
2021-11-26,186.1555328369141
2021-11-29,184.4115753173828
2021-11-30,183.4150238037109
2021-12-01,181.7707061767578
2021-12-02,185.2088165283203
2021-12-03,186.5541534423828
2021-12-06,182.7672576904297
2021-12-07,185.30845642089844
2021-12-08,189.294662475586
2021-12-09,192.0850067138672
2021-12-10,192.1846618652344
2021-12-13,191.6365661621093
2021-12-14,193.579833984375
2021-12-15,192.43380737304688
2021-12-16,189.8427734375
2021-12-17,183.8136444091797
2021-12-20,174.24676513671875
2021-12-21,176.04054260253906
2021-12-22,186.105712890625
2021-12-23,187.152084350586
2021-12-24,183.7638092041016
2021-12-27,188.69674682617188
2021-12-28,190.09190368652344
2021-12-29,188.69674682617188
2021-12-30,187.2019195556641
2021-12-31,191.58673095703125
2022-01-03,199.6089630126953
2022-01-04,199.70860290527344
2022-01-05,206.08653259277344
2022-01-06,207.3322296142578
2022-01-07,239.02252197265625
2022-01-10,249.2371520996093
2022-01-11,243.20802307128903
2022-01-12,247.6426696777344
2022-01-13,244.30421447753903
2022-01-14,253.87110900878903
2022-01-17,250.3831787109375
2022-01-18,234.78717041015625
2022-01-19,236.9795837402344
2022-01-20,237.97613525390625
2022-01-21,227.3628692626953
2022-01-24,211.7668609619141
2022-01-25,217.8458251953125
2022-01-27,219.09152221679688
2022-01-28,222.92822265625
2022-01-31,222.18081665039065
2022-02-01,230.10337829589844
2022-02-02,230.6514892578125
2022-02-03,228.70822143554688
2022-02-04,225.6189117431641
2022-02-07,220.78564453125
2022-02-08,219.9385681152344
2022-02-09,222.82858276367188
2022-02-10,222.18081665039065
2022-02-11,209.27549743652344
2022-02-14,196.91827392578125
2022-02-15,209.1260223388672
2022-02-16,206.7841186523437
2022-02-17,204.49205017089844
2022-02-18,211.717041015625
2022-02-21,208.1792755126953
2022-02-22,207.18272399902344
2022-02-23,207.6311950683593
2022-02-24,186.65380859375
2022-02-25,196.32034301757807
2022-02-28,201.4525756835937
2022-03-02,202.8975830078125
2022-03-03,193.52999877929688
2022-03-04,191.9853515625
2022-03-07,183.86346435546875
2022-03-08,192.33413696289065
2022-03-09,196.1210327148437
2022-03-10,198.8117218017578
2022-03-11,204.19308471679688
2022-03-14,202.8477478027344
2022-03-15,205.1398162841797
2022-03-16,211.6173858642578
2022-03-17,213.7599639892578
2022-03-21,209.1260223388672
2022-03-22,211.0692901611328
2022-03-23,208.22911071777344
2022-03-24,209.37515258789065
2022-03-25,207.7806701660156
2022-03-28,204.791015625
2022-03-29,208.67755126953125
2022-03-30,210.0229034423828
2022-03-31,208.7772216796875
2022-04-01,217.5468597412109
2022-04-04,220.13787841796875
2022-04-05,219.3406524658203
2022-04-06,220.8852996826172
2022-04-07,219.9385681152344
2022-04-08,224.9213256835937
2022-04-11,229.30615234375
2022-04-12,224.4230499267578
2022-04-13,224.12408447265625
2022-04-18,216.10186767578125
2022-04-19,207.13291931152344
2022-04-20,210.0727386474609
2022-04-21,213.8596343994141
2022-04-22,208.62774658203125
2022-04-25,201.4525756835937
2022-04-26,205.289291381836
2022-04-27,208.57791137695312
2022-04-28,207.8803253173828
2022-04-29,206.08653259277344
2022-05-02,203.2961883544922
2022-05-04,195.27395629882807
2022-05-05,195.722412109375
2022-05-06,185.7569122314453
2022-05-09,183.6143341064453
2022-05-10,181.870361328125
2022-05-11,175.79141235351562
2022-05-12,167.7193603515625
2022-05-13,167.7193603515625
2022-05-16,178.0336456298828
2022-05-17,182.3686370849609
2022-05-18,182.0198516845703
2022-05-19,174.2965850830078
2022-05-20,177.88417053222656
2022-05-23,175.49246215820312
2022-05-24,170.3103790283203
2022-05-25,162.4874725341797
2022-05-26,168.8155517578125
2022-05-27,161.98919677734375
2022-05-30,170.70901489257812
2022-05-31,168.5166015625
2022-06-01,167.32073974609375
2022-06-02,168.01832580566406
2022-06-03,162.98574829101562
2022-06-06,164.87918090820312
2022-06-07,164.38092041015625
2022-06-08,163.18505859375
2022-06-09,162.98574829101562
2022-06-10,161.39126586914062
2022-06-13,157.40505981445312
2022-06-14,158.35177612304688
2022-06-15,159.24868774414062
2022-06-16,152.87075805664062
2022-06-17,152.82093811035156
2022-06-20,149.53231811523438
2022-06-21,155.4617919921875
2022-06-22,153.51852416992188
2022-06-23,155.8105926513672
2022-06-24,157.55455017089844
2022-06-27,158.20230102539062
2022-06-28,156.259033203125
2022-06-29,161.24179077148438
2022-06-30,155.96006774902344
2022-07-01,160.54420471191406
2022-07-04,160.74351501464844
2022-07-05,158.0030059814453
2022-07-06,162.23834228515625
2022-07-07,164.6300506591797
2022-07-08,172.75193786621094
2022-07-11,170.6591796875
2022-07-12,171.25711059570312
2022-07-13,173.44952392578125
2022-07-14,171.25711059570312
2022-07-15,172.1041717529297
2022-07-18,174.79486083984375
2022-07-19,176.43917846679688
2022-07-20,176.7879638671875
2022-07-21,180.22607421875
2022-07-22,187.1022491455078
2022-07-25,185.5077667236328
2022-07-26,187.3015594482422
2022-07-27,186.40467834472656
2022-07-28,187.00259399414065
2022-07-29,196.17086791992188
2022-08-01,193.1313934326172
2022-08-02,193.38052368164065
2022-08-03,191.1881103515625
2022-08-04,188.4476013183593
2022-08-05,189.6434631347656
2022-08-08,195.12448120117188
2022-08-10,192.38397216796875
2022-08-11,191.1881103515625
2022-08-12,192.38397216796875
2022-08-16,191.2877655029297
2022-08-17,193.1313934326172
2022-08-18,203.2961883544922
2022-08-19,203.3460235595703
2022-08-22,200.75498962402344
2022-08-23,206.08653259277344
2022-08-24,206.8837738037109
2022-08-25,208.1792755126953
2022-08-26,209.2256622314453
2022-08-29,216.84927368164065
2022-08-30,227.66183471679688
2022-09-01,227.3628692626953
2022-09-02,229.30615234375
2022-09-05,231.2494201660156
2022-09-06,231.8971710205078
2022-09-07,236.13250732421875
2022-09-08,235.9331970214844
2022-09-09,233.1428680419922
2022-09-12,239.8695678710937
2022-09-13,240.467514038086
2022-09-14,262.1922912597656
2022-09-15,269.367431640625
2022-09-16,265.18194580078125
2022-09-19,288.8500061035156
2022-09-20,283.3999938964844
2022-09-21,274.1499938964844
2022-09-22,262.6499938964844
2022-09-23,253.3999938964844
2022-09-26,235.4499969482422
2022-09-27,231.6000061035156
2022-09-28,250.25
2022-09-29,245.75
2022-09-30,269.1000061035156
2022-10-03,253.6000061035156
2022-10-04,260.95001220703125
2022-10-06,278.25
2022-10-07,274.79998779296875
2022-10-10,275.25
2022-10-11,244.0500030517578
2022-10-12,250.6499938964844
2022-10-13,236.1499938964844
2022-10-14,230.1499938964844
2022-10-17,233.3999938964844
2022-10-18,230.8999938964844
2022-10-19,228.1499938964844
2022-10-20,234.3999938964844
2022-10-21,236.3500061035156
2022-10-24,236.1999969482422
2022-10-25,240.8500061035156
2022-10-27,242.0
2022-10-28,235.0
2022-10-31,241.1000061035156
2022-11-01,243.3000030517578
2022-11-02,244.25
2022-11-03,244.25
2022-11-04,245.8999938964844
2022-11-07,248.6999969482422
2022-11-09,245.25
2022-11-10,241.0
2022-11-11,243.3000030517578
2022-11-14,248.6999969482422
2022-11-15,249.3500061035156
2022-11-16,243.0500030517578
2022-11-17,235.6000061035156
2022-11-18,230.8000030517578
2022-11-21,233.3500061035156
2022-11-22,238.3000030517578
2022-11-23,234.3000030517578
2022-11-24,234.6499938964844
2022-11-25,240.9499969482422
2022-11-28,240.9499969482422
2022-11-29,242.5500030517578
2022-11-30,240.0
2022-12-01,247.1999969482422
2022-12-02,248.8500061035156
2022-12-05,248.1000061035156
2022-12-06,249.3999938964844
2022-12-07,244.8000030517578
2022-12-08,247.1999969482422
2022-12-09,241.5500030517578
2022-12-12,245.6000061035156
2022-12-13,243.8500061035156
2022-12-14,246.6999969482422
2022-12-15,239.9499969482422
2022-12-16,230.1499938964844
2022-12-19,233.4499969482422
2022-12-20,232.25
2022-12-21,225.5
2022-12-22,218.75
2022-12-23,198.1000061035156
2022-12-26,208.4499969482422
2022-12-27,215.9499969482422
2022-12-28,215.9499969482422
2022-12-29,219.5500030517578
2022-12-30,218.4499969482422
2023-01-02,222.1499938964844
2023-01-03,222.3500061035156
2023-01-04,219.5500030517578
2023-01-05,220.6999969482422
2023-01-06,217.6999969482422
2023-01-09,219.75
2023-01-10,216.0
2023-01-11,215.5500030517578
2023-01-12,214.5
2023-01-13,216.8000030517578
2023-01-16,215.8500061035156
2023-01-17,214.8500061035156
2023-01-18,217.3500061035156
2023-01-19,215.8500061035156
2023-01-20,215.25
2023-01-23,207.8500061035156
2023-01-24,203.3000030517578
2023-01-25,194.6499938964844
2023-01-27,189.75
2023-01-30,188.1499938964844
2023-01-31,193.3000030517578
2023-02-01,193.8500061035156
2023-02-02,192.3500061035156
2023-02-03,192.25
2023-02-06,188.3999938964844
2023-02-07,188.0
2023-02-08,193.3000030517578
2023-02-09,192.3500061035156
2023-02-10,197.8999938964844
2023-02-13,195.6499938964844
2023-02-14,194.8000030517578
2023-02-15,195.8000030517578
2023-02-16,198.3000030517578
2023-02-17,198.1999969482422
2023-02-20,199.1499938964844
2023-02-21,197.8999938964844
2023-02-22,190.3000030517578
2023-02-23,188.3000030517578
2023-02-24,188.8999938964844
2023-02-27,184.8500061035156
2023-02-28,187.1000061035156
2023-03-01,193.5500030517578
2023-03-02,196.4499969482422
2023-03-03,199.1999969482422
2023-03-06,199.1499938964844
2023-03-08,202.6499938964844
2023-03-09,200.6499938964844
2023-03-10,195.5500030517578
2023-03-13,187.1499938964844
2023-03-14,188.1999969482422
2023-03-15,190.6499938964844
2023-03-16,192.25
2023-03-17,188.25
2023-03-20,178.0500030517578
2023-03-21,180.25
2023-03-22,181.6499938964844
2023-03-23,179.8000030517578
2023-03-24,175.39999389648438
2023-03-27,172.0
2023-03-28,168.39999389648438
2023-03-29,177.1999969482422
2023-03-31,185.0500030517578
2023-04-03,187.1499938964844
2023-04-05,187.4499969482422
2023-04-06,187.6999969482422
2023-04-10,186.9499969482422
2023-04-11,188.9499969482422
2023-04-12,189.5
2023-04-13,186.1999969482422
2023-04-17,192.0
2023-04-18,188.6499938964844
2023-04-19,186.8500061035156
2023-04-20,183.25
2023-04-21,177.5
2023-04-24,180.5500030517578
2023-04-25,180.0500030517578
2023-04-26,179.85000610351562
2023-04-27,181.5500030517578
2023-04-28,185.5500030517578
2023-05-02,186.5
2023-05-03,187.3999938964844
2023-05-04,189.6499938964844
2023-05-05,191.1999969482422
2023-05-08,195.5500030517578
2023-05-09,191.5500030517578
2023-05-10,194.25
2023-05-11,196.75
2023-05-12,194.0500030517578
2023-05-15,193.75
2023-05-16,193.75
2023-05-17,194.3000030517578
2023-05-18,188.8500061035156
2023-05-19,191.8999938964844
2023-05-22,194.3000030517578
2023-05-23,195.6499938964844
2023-05-24,190.1999969482422
2023-05-25,185.0
2023-05-26,187.8500061035156
2023-05-29,193.1999969482422
2023-05-30,199.75
2023-05-31,202.3500061035156
2023-06-01,210.8999938964844
2023-06-02,212.9499969482422
2023-06-05,217.8999938964844
2023-06-06,220.8999938964844
2023-06-07,223.0500030517578
2023-06-08,215.3500061035156
2023-06-09,230.3500061035156
2023-06-12,230.1000061035156
2023-06-13,228.1499938964844
2023-06-14,227.25
2023-06-15,222.5500030517578
2023-06-16,223.8500061035156
2023-06-19,223.1499938964844
2023-06-20,222.3999938964844
2023-06-21,231.5
2023-06-22,218.1999969482422
2023-06-23,209.6999969482422
2023-06-26,213.3000030517578
2023-06-27,213.8500061035156
2023-06-28,214.3500061035156
2023-06-30,212.1000061035156
2023-07-03,210.8500061035156
2023-07-04,212.0500030517578
2023-07-05,212.25
2023-07-06,210.6999969482422
2023-07-07,211.0500030517578
2023-07-10,206.0500030517578
2023-07-11,208.75
2023-07-12,208.1000061035156
2023-07-13,205.8000030517578
2023-07-14,214.25
2023-07-17,214.4499969482422
2023-07-18,210.1000061035156
2023-07-19,212.4499969482422
2023-07-20,211.3999938964844
2023-07-21,207.3999938964844
2023-07-24,207.8500061035156
2023-07-25,212.25
2023-07-26,211.6000061035156
2023-07-27,211.8000030517578
2023-07-28,214.6999969482422
2023-07-31,219.4499969482422
2023-08-01,218.8000030517578
2023-08-02,215.1499938964844
2023-08-03,217.0
2023-08-04,224.75
2023-08-07,215.75
2023-08-08,215.1000061035156
2023-08-09,229.1499938964844
2023-08-10,240.8999938964844
2023-08-11,252.6999969482422
2023-08-14,251.8999938964844
2023-08-16,246.8000030517578
2023-08-17,241.0500030517578
2023-08-18,236.9499969482422
2023-08-21,245.0
2023-08-22,239.9499969482422
2023-08-23,238.8500061035156
2023-08-24,236.1499938964844
2023-08-25,230.5500030517578
2023-08-28,239.75
2023-08-29,243.3500061035156
2023-08-30,238.3000030517578
2023-08-31,236.3500061035156
2023-09-01,260.95001220703125
2023-09-04,257.70001220703125
2023-09-05,254.8500061035156
2023-09-06,253.8999938964844
2023-09-07,251.1000061035156
2023-09-08,248.6499938964844
2023-09-11,251.0
2023-09-12,234.4499969482422
2023-09-13,247.25
2023-09-14,250.4499969482422
2023-09-15,247.3999938964844
2023-09-18,244.25
2023-09-20,238.8999938964844
2023-09-21,229.6999969482422
2023-09-22,233.5
2023-09-25,232.8000030517578
2023-09-26,232.3500061035156
2023-09-27,232.5500030517578
2023-09-28,226.6499938964844
2023-09-29,233.1999969482422
2023-10-03,232.75
2023-10-04,230.75
2023-10-05,229.3500061035156
2023-10-06,231.1999969482422
2023-10-09,225.0
2023-10-10,228.5500030517578
2023-10-11,228.8500061035156
2023-10-12,228.6999969482422
2023-10-13,223.0500030517578
2023-10-16,218.8500061035156
2023-10-17,221.8000030517578
2023-10-18,221.0500030517578
2023-10-19,226.75
2023-10-20,225.6000061035156
2023-10-23,209.6999969482422
2023-10-25,207.0
2023-10-26,209.3500061035156
2023-10-27,208.3999938964844
2023-10-30,209.9499969482422
2023-10-31,209.25
2023-11-01,199.8000030517578
2023-11-02,208.1999969482422
2023-11-03,207.8999938964844
2023-11-06,215.0500030517578
2023-11-07,214.3999938964844
2023-11-08,214.3500061035156
2023-11-09,212.5500030517578
2023-11-10,212.5500030517578
2023-11-13,212.6499938964844
2023-11-15,213.3500061035156
2023-11-16,219.5500030517578
2023-11-17,217.9499969482422
2023-11-20,218.75
2023-11-21,218.8500061035156
2023-11-22,217.3500061035156
2023-11-23,217.3000030517578
2023-11-24,220.0
2023-11-28,229.6999969482422
2023-11-29,233.0500030517578
2023-11-30,251.3500061035156
2023-12-01,253.1499938964844
2023-12-04,254.0500030517578
2023-12-05,254.1999969482422
2023-12-06,252.3999938964844
2023-12-07,263.25
2023-12-08,271.1000061035156
2023-12-11,269.5
2023-12-12,266.70001220703125
2023-12-13,272.5
2023-12-14,271.3999938964844
2023-12-15,266.20001220703125
2023-12-18,260.0
2023-12-19,268.75
2023-12-20,248.1499938964844
2023-12-21,251.3500061035156
2023-12-22,251.4499969482422
2023-12-26,261.29998779296875
2023-12-27,258.1499938964844
2023-12-28,257.54998779296875
2023-12-29,258.8999938964844
2024-01-01,261.29998779296875
2024-01-02,261.04998779296875
2024-01-03,262.95001220703125
2024-01-04,273.1000061035156
2024-01-05,265.45001220703125
2024-01-08,257.54998779296875
2024-01-09,258.5
2024-01-10,258.95001220703125
2024-01-11,257.70001220703125
2024-01-12,258.20001220703125
2024-01-15,257.29998779296875
2024-01-16,258.20001220703125
2024-01-17,252.3500061035156
2024-01-18,248.75
2024-01-19,253.1000061035156
2024-01-23,235.3500061035156
2024-01-24,242.0
2024-01-25,252.6000061035156
2024-01-29,258.3500061035156
2024-01-30,260.20001220703125
2024-01-31,261.3999938964844
2024-02-01,242.1999969482422
2024-02-02,240.1999969482422
2024-02-05,233.8500061035156
2024-02-06,241.0500030517578
2024-02-07,239.6999969482422
2024-02-08,237.3500061035156
2024-02-09,247.1999969482422
2024-02-12,235.1499938964844
2024-02-13,232.5
2024-02-14,234.8500061035156
2024-02-15,235.6000061035156
2024-02-16,243.3500061035156
2024-02-19,241.3000030517578
2024-02-20,242.8500061035156
2024-02-21,242.75
2024-02-22,248.3500061035156
2024-02-23,245.1499938964844
2024-02-26,239.1000061035156
2024-02-27,234.3500061035156
2024-02-28,224.5500030517578
2024-02-29,228.8500061035156
2024-03-01,231.1499938964844
2024-03-04,232.1999969482422
2024-03-05,228.3000030517578
2024-03-06,223.5500030517578
2024-03-07,225.5500030517578
2024-03-11,220.0
2024-03-12,212.3500061035156
2024-03-13,196.0500030517578
2024-03-14,204.1999969482422
2024-03-15,205.0
2024-03-18,204.3000030517578
2024-03-19,198.9499969482422
2024-03-20,196.6000061035156
2024-03-21,203.6999969482422
2024-03-22,207.0500030517578
2024-03-26,209.1499938964844
2024-03-27,212.3999938964844
2024-03-28,212.3999938964844
2024-04-01,220.3999938964844
2024-04-02,227.3999938964844
2024-04-03,223.75
2024-04-04,223.9499969482422
2024-04-05,225.3000030517578
2024-04-08,230.6999969482422
2024-04-09,225.9499969482422
2024-04-10,228.5500030517578
2024-04-12,224.6000061035156
2024-04-15,222.4499969482422
2024-04-16,226.9499969482422
2024-04-18,221.75
2024-04-19,224.1000061035156
2024-04-22,219.6499938964844
2024-04-23,224.1999969482422
2024-04-24,227.6000061035156
2024-04-25,226.6000061035156
2024-04-26,227.6000061035156
2024-04-29,226.6499938964844
2024-04-30,224.3999938964844
2024-05-02,224.1499938964844
2024-05-03,222.3000030517578
2024-05-06,216.6000061035156
2024-05-07,207.6000061035156
2024-05-08,211.0
2024-05-09,202.8500061035156
2024-05-10,205.6999969482422
2024-05-13,205.75
2024-05-14,210.0500030517578
2024-05-15,208.6000061035156
2024-05-16,208.5500030517578
2024-05-17,211.1999969482422
2024-05-21,210.5500030517578
2024-05-22,208.3000030517578
2024-05-23,209.25
2024-05-24,208.8999938964844
2024-05-27,213.5
2024-05-28,212.9499969482422
2024-05-29,213.0500030517578
2024-05-30,204.8999938964844
2024-05-31,204.5
2024-06-03,215.6499938964844
2024-06-04,184.6999969482422
2024-06-05,196.3000030517578
2024-06-06,207.0
2024-06-07,214.3000030517578
2024-06-10,218.1499938964844
2024-06-11,216.1600036621093
2024-06-12,219.5599975585937
2024-06-13,218.72999572753903
2024-06-14,221.4199981689453
2024-06-18,220.6100006103516
2024-06-19,218.6000061035156
2024-06-20,233.1499938964844
2024-06-21,231.69000244140625
2024-06-24,234.5200042724609
2024-06-25,229.3800048828125
2024-06-26,262.6199951171875
2024-06-27,293.2300109863281
2024-06-28,293.57000732421875
2024-07-01,283.0
2024-07-02,284.45001220703125
2024-07-03,287.6499938964844
2024-07-04,285.79998779296875
2024-07-05,284.6000061035156
2024-07-08,277.0
2024-07-09,281.95001220703125
2024-07-10,295.8500061035156
2024-07-11,304.8999938964844
2024-07-12,297.8500061035156
2024-07-15,307.3999938964844
2024-07-16,323.1499938964844
2024-07-18,344.75
2024-07-19,347.04998779296875
2024-07-22,351.3500061035156
2024-07-23,350.54998779296875
2024-07-24,349.70001220703125
2024-07-25,361.5
2024-07-26,374.0499877929688
2024-07-29,372.8500061035156
2024-07-30,369.1000061035156
2024-07-31,364.25
2024-08-01,363.2999877929688
2024-08-02,372.0499877929688
2024-08-05,368.1499938964844
2024-08-06,363.1000061035156
2024-08-07,368.0499877929688
2024-08-08,368.1000061035156
2024-08-09,367.0
2024-08-12,367.25
2024-08-13,364.9500122070313
2024-08-14,365.7000122070313
2024-08-16,364.9500122070313
2024-08-19,364.8999938964844
2024-08-20,364.6000061035156
2024-08-21,363.8500061035156
2024-08-22,369.1000061035156
2024-08-23,367.3999938964844
2024-08-26,365.7999877929688
2024-08-27,366.3500061035156
2024-08-28,371.2000122070313
2024-08-29,363.3500061035156
2024-08-30,362.7000122070313
2024-09-02,364.9500122070313
2024-09-03,365.75
2024-09-04,365.1000061035156
2024-09-05,364.4500122070313
2024-09-06,363.3500061035156
2024-09-09,366.0499877929688
2024-09-10,364.8500061035156
2024-09-11,363.2999877929688
2024-09-12,363.7000122070313
2024-09-13,367.0499877929688
2024-09-16,372.0499877929688
2024-09-17,368.75
2024-09-18,369.1499938964844
2024-09-19,367.5
2024-09-20,361.6499938964844
2024-09-23,366.25
2024-09-24,364.0499877929688
2024-09-25,365.4500122070313
2024-09-26,362.25
2024-09-27,359.20001220703125
2024-09-30,365.7000122070313
2024-10-01,364.5499877929688
2024-10-03,366.1000061035156
2024-10-04,363.1000061035156
2024-10-07,363.2999877929688
2024-10-08,360.6499938964844
2024-10-09,362.1000061035156
2024-10-10,362.4500122070313
2024-10-11,362.4500122070313
2024-10-14,362.5499877929688
2024-10-15,362.5
2024-10-16,363.1499938964844
2024-10-17,362.3999938964844
2024-10-18,362.0
2024-10-21,361.3999938964844
2024-10-22,360.2999877929688
2024-10-23,359.6499938964844
2024-10-24,358.70001220703125
2024-10-25,354.75
2024-10-28,358.75
2024-10-29,356.70001220703125
2024-10-30,360.1000061035156
2024-10-31,363.8999938964844
2024-11-01,363.3999938964844
2024-11-04,361.2000122070313
2024-11-05,360.4500122070313
2024-11-06,361.7000122070313
2024-11-07,360.25
2024-11-08,361.1499938964844
2024-11-11,357.3500061035156
2024-11-12,357.5
2024-11-13,354.70001220703125
2024-11-14,355.29998779296875
2024-11-18,356.95001220703125
2024-11-19,356.75
2024-11-21,354.79998779296875
2024-11-22,356.25
2024-11-25,358.29998779296875
2024-11-26,359.70001220703125
2024-11-27,360.1499938964844
2024-11-28,363.1000061035156
2024-11-29,365.7999877929688
2024-12-02,367.5499877929688
2024-12-03,370.75
2024-12-04,369.75
2024-12-05,366.2999877929688
2024-12-06,360.20001220703125
2024-12-09,345.75
2024-12-10,344.1499938964844
2024-12-11,344.75
2024-12-12,342.20001220703125
2024-12-13,344.6499938964844
2024-12-16,338.8500061035156
2024-12-17,333.20001220703125
2024-12-18,340.04998779296875
2024-12-19,340.45001220703125
2024-12-20,339.1499938964844
2024-12-23,366.25
2024-12-24,372.4500122070313
2024-12-26,374.0499877929688
2024-12-27,372.5499877929688
2024-12-30,380.4500122070313
2024-12-31,376.3500061035156
2025-01-01,377.3500061035156
2025-01-02,377.0
2025-01-03,378.2000122070313
2025-01-06,375.6000061035156
2025-01-07,377.6000061035156
2025-01-08,377.2000122070313
2025-01-09,376.7000122070313
2025-01-10,376.7999877929688
2025-01-13,376.7999877929688
2025-01-14,377.5499877929688
2025-01-15,377.5499877929688
2025-01-16,378.1499938964844
2025-01-17,379.1000061035156
2025-01-20,379.25
2025-01-21,348.54998779296875
2025-01-22,319.6499938964844
2025-01-23,311.70001220703125
2025-01-24,295.1499938964844
2025-01-27,276.54998779296875
2025-01-28,268.25
2025-01-29,278.6000061035156
2025-01-30,268.45001220703125
2025-01-31,264.1000061035156
2025-02-01,271.79998779296875
2025-02-03,265.6499938964844
2025-02-04,279.79998779296875
2025-02-05,280.8999938964844
2025-02-06,281.54998779296875
2025-02-07,278.8500061035156
2025-02-10,276.5
2025-02-11,278.1499938964844
2025-02-12,279.54998779296875
2025-02-13,281.75
2025-02-14,282.04998779296875
2025-02-17,276.29998779296875
2025-02-18,270.3500061035156
2025-02-19,268.95001220703125
2025-02-20,259.75
2025-02-21,258.8500061035156
2025-02-24,255.6999969482422
2025-02-25,250.6000061035156
2025-02-27,246.6499938964844
2025-02-28,253.3999938964844
2025-03-03,256.54998779296875
2025-03-04,295.20001220703125
2025-03-05,296.20001220703125
2025-03-06,295.1000061035156
2025-03-07,297.0
2025-03-10,288.6499938964844
2025-03-11,280.6000061035156
2025-03-12,280.6000061035156
2025-03-13,272.8500061035156
2025-03-17,266.8500061035156
2025-03-18,266.8500061035156
2025-03-19,274.70001220703125
2025-03-20,274.8500061035156
2025-03-21,279.6000061035156
2025-03-24,282.70001220703125
2025-03-25,274.8500061035156
2025-03-26,267.8500061035156
2025-03-27,277.1499938964844
2025-03-28,277.0
2025-04-01,281.0
2025-04-02,280.3999938964844
2025-04-03,283.3999938964844
2025-04-04,277.6499938964844
2025-04-07,275.8500061035156
2025-04-08,273.29998779296875
2025-04-09,274.1499938964844
2025-04-11,280.6499938964844
2025-04-15,285.95001220703125
2025-04-16,282.5
2025-04-17,288.3999938964844
2025-04-21,288.6499938964844
2025-04-22,289.1000061035156
2025-04-23,288.20001220703125
2025-04-24,291.04998779296875
2025-04-25,287.79998779296875
2025-04-28,290.3999938964844
2025-04-29,315.1499938964844
2025-04-30,307.95001220703125
2025-05-02,308.70001220703125
2025-05-05,310.20001220703125
2025-05-06,310.3500061035156
2025-05-07,315.0
2025-05-08,311.1499938964844
2025-05-09,308.6000061035156
2025-05-12,318.75
2025-05-13,318.20001220703125
2025-05-14,321.8500061035156
2025-05-15,322.79998779296875
2025-05-16,319.8500061035156
2025-05-19,321.25
2025-05-20,321.3500061035156
2025-05-21,318.5
2025-05-22,328.79998779296875
2025-05-23,332.54998779296875
2025-05-26,327.04998779296875
2025-05-27,337.45001220703125
2025-05-28,336.20001220703125
2025-05-29,336.75
2025-05-30,317.1499938964844
2025-06-02,329.5
2025-06-03,351.70001220703125
2025-06-04,340.8999938964844
2025-06-05,334.95001220703125
2025-06-06,342.5
2025-06-09,342.3999938964844
2025-06-10,347.45001220703125
2025-06-11,339.70001220703125
2025-06-12,331.8999938964844
2025-06-13,333.0
2025-06-16,336.04998779296875
2025-06-17,327.25
2025-06-18,323.6000061035156
2025-06-19,319.6000061035156
2025-06-20,306.1499938964844
2025-06-23,311.5
2025-06-24,311.70001220703125
2025-06-25,334.3500061035156
2025-06-26,334.95001220703125
2025-06-27,342.20001220703125
2025-06-30,344.8500061035156
2025-07-01,346.20001220703125
2025-07-02,348.75
2025-07-03,342.95001220703125
2025-07-04,344.20001220703125
2025-07-07,346.6000061035156
2025-07-08,348.8999938964844
2025-07-09,348.29998779296875
2025-07-10,348.54998779296875
2025-07-11,346.54998779296875
2025-07-14,345.79998779296875
2025-07-15,347.79998779296875
2025-07-16,344.6499938964844
2025-07-17,350.75
2025-07-18,347.1000061035156
2025-07-21,343.45001220703125
2025-07-22,370.9500122070313
2025-07-23,370.2000122070313
2025-07-24,360.0
2025-07-25,359.1000061035156
2025-07-28,356.04998779296875
2025-07-29,365.7000122070313
2025-07-30,371.3999938964844
2025-07-31,369.1000061035156
2025-08-01,362.1000061035156
2025-08-04,361.5
2025-08-05,373.25
2025-08-06,368.2999877929688
2025-08-07,357.95001220703125
2025-08-08,355.0
2025-08-11,357.1000061035156
2025-08-12,368.7999877929688
2025-08-13,368.8999938964844
2025-08-14,368.8999938964844
2025-08-18,370.9500122070313
2025-08-19,373.25
2025-08-20,370.25
2025-08-21,390.9500122070313
2025-08-22,376.5
2025-08-25,381.8999938964844
2025-08-26,383.1499938964844
2025-08-28,384.5499877929688
2025-08-29,381.5
2025-09-01,383.6499938964844
2025-09-02,385.1000061035156
2025-09-03,403.75
2025-09-04,401.5
2025-09-05,395.2000122070313
2025-09-08,403.25
2025-09-09,391.6499938964844
2025-09-10,389.5499877929688
2025-09-11,394.5499877929688
2025-09-12,391.6499938964844
2025-09-15,398.3500061035156
2025-09-16,400.7000122070313
2025-09-17,406.3500061035156
2025-09-18,399.3500061035156
2025-09-19,398.7000122070313
2025-09-22,391.0
2025-09-23,381.7000122070313
2025-09-24,386.5
2025-09-25,383.3500061035156
2025-09-26,385.5499877929688
2025-09-29,382.8500061035156
2025-09-30,384.0
2025-10-01,391.2000122070313
2025-10-03,386.75
2025-10-06,393.75
2025-10-07,393.0499877929688
2025-10-08,387.7000122070313
2025-10-09,392.75
2025-10-10,391.0
2025-10-13,392.4500122070313
2025-10-14,384.9500122070313
2025-10-15,393.6000061035156
2025-10-16,394.0
2025-10-17,391.8999938964844
2025-10-20,392.1499938964844
2025-10-21,390.75
2025-10-23,391.5
2025-10-24,390.2999877929688
2025-10-27,386.7000122070313
2025-10-28,386.7999877929688
2025-10-29,391.3500061035156
2025-10-30,400.0
2025-10-31,402.3500061035156
2025-11-03,401.8999938964844
2025-11-04,398.2000122070313
2025-11-06,389.0
2025-11-07,378.4500122070313
2025-11-10,378.7000122070313
2025-11-11,390.7999877929688
2025-11-12,392.25
2025-11-13,394.3500061035156
2025-11-14,392.8500061035156
2025-11-17,412.1499938964844
2025-11-18,411.2999877929688
2025-11-19,416.8999938964844
2025-11-20,407.7999877929688
2025-11-21,403.7000122070313
2025-11-24,396.8500061035156
2025-11-25,399.5499877929688
2025-11-26,397.3999938964844
2025-11-27,398.4500122070313
2025-11-28,392.7999877929688
2025-12-01,386.6499938964844
2025-12-02,382.9500122070313
2025-12-03,375.7000122070313
2025-12-04,412.1499938964844
2025-12-05,416.2000122070313
2025-12-08,414.5
2025-12-09,408.0
2025-12-10,414.3999938964844
2025-12-11,418.6499938964844
2025-12-12,414.1499938964844
2025-12-15,417.5499877929688
2025-12-16,408.8500061035156
2025-12-17,441.0499877929688
2025-12-18,430.9500122070313
2025-12-19,438.0
2025-12-22,440.25
2025-12-23,441.7000122070313
2025-12-24,436.2999877929688
2025-12-26,441.2999877929688
2025-12-29,448.0499877929688
2025-12-30,441.8999938964844
2025-12-31,435.25
2026-01-01,436.0499877929688
2026-01-02,445.3999938964844
2026-01-05,457.5
2026-01-06,456.1000061035156
2026-01-07,456.2000122070313
2026-01-08,476.2000122070313
2026-01-09,464.6000061035156
2026-01-12,467.8500061035156
2026-01-13,467.1000061035156
2026-01-14,473.6000061035156
2026-01-15,473.6000061035156
2026-01-16,478.5499877929688
2026-01-19,469.1499938964844
2026-01-20,459.3999938964844
2026-01-21,453.1000061035156
2026-01-22,459.2000122070313
2026-01-23,431.5
2026-01-27,453.9500122070313
2026-01-28,445.1000061035156
2026-01-29,445.2000122070313
2026-01-30,457.7000122070313
2026-02-02,458.3999938964844
2026-02-03,460.75
2026-02-04,463.75
2026-02-05,452.1000061035156
2026-02-06,452.6499938964844
2026-02-09,456.0499877929688
2026-02-10,465.4500122070313
2026-02-11,454.7000122070313
2026-02-12,448.25
2026-02-13,442.3500061035156
2026-02-16,435.4500122070313
2026-02-17,433.6000061035156
2026-02-18,430.2000122070313
2026-02-19,418.4500122070313
2026-02-20,423.2000122070313
2026-02-23,426.9500122070313
2026-02-24,425.75
2026-02-25,422.4500122070313
2026-02-26,425.0
2026-02-27,406.0
2026-03-02,397.7999877929688
2026-03-04,389.6499938964844
2026-03-05,393.5
2026-03-06,382.0
2026-03-09,368.0
2026-03-10,371.3500061035156
2026-03-11,367.6499938964844
2026-03-12,365.9500122070313
2026-03-13,354.29998779296875
2026-03-16,355.20001220703125
2026-03-17,358.3500061035156
2026-03-18,369.5499877929688
2026-03-19,355.75
2026-03-20,359.8500061035156
2026-03-23,349.45001220703125
2026-03-24,356.54998779296875
2026-03-25,359.8999938964844
2026-03-27,356.0
2026-03-30,343.79998779296875
2026-04-01,357.20001220703125
2026-04-02,358.95001220703125
2026-04-06,360.0
2026-04-07,364.1499938964844
2026-04-08,377.7000122070313
2026-04-09,377.8999938964844
2026-04-10,385.8999938964844
2026-04-13,380.3500061035156
2026-04-15,393.8999938964844
2026-04-16,411.6000061035156
2026-04-17,415.6000061035156
2026-04-20,416.5
2026-04-21,418.4500122070313
2026-04-22,422.9500122070313
2026-04-23,424.1000061035156
2026-04-24,407.7000122070313
2026-04-27,435.1000061035156
2026-04-28,419.2000122070313
2026-04-29,401.8500061035156
2026-04-30,395.8999938964844
2026-05-01,395.8999938964844
2026-05-04,392.3999938964844
2026-05-05,395.7999877929688
2026-05-06,400.9500122070313
2026-05-07,411.2999877929688
2026-05-08,408.7999877929688
2026-05-11,397.8500061035156
2026-05-12,390.4500122070313
2026-05-13,396.4500122070313
2026-05-14,394.0
2026-05-15,400.1499938964844
2026-05-18,403.8999938964844
2026-05-19,406.6499938964844
2026-05-20,400.25
2026-05-21,403.2999877929688
2026-05-22,400.7999877929688
2026-05-25,403.5
2026-05-26,404.6000061035156
2026-05-27,400.6000061035156
2026-05-28,400.6000061035156
2026-05-29,381.9500122070313
2026-06-01,385.7999877929688
2026-06-02,384.0
2026-06-03,383.25
2026-06-04,380.5
2026-06-05,380.9500122070313
2026-06-08,371.79998779296875
2026-06-09,378.04998779296875
2026-06-10,375.8999938964844
2026-06-11,384.6499938964844
2026-06-12,393.1000061035156
2026-06-15,394.3500061035156
2026-06-16,393.0499877929688
2026-06-17,385.9500122070313
2026-06-18,383.70001220703125
