,close
2007-03-01,58.56789779663086
2007-03-02,58.329689025878906
2007-03-05,55.14376068115234
2007-03-06,55.79877853393555
2007-03-07,51.63026428222656
2007-03-08,53.17858123779297
2007-03-09,54.31003189086914
2007-03-12,52.31510543823242
2007-03-13,52.19599151611328
2007-03-14,51.66004180908203
2007-03-15,52.40442657470703
2007-03-16,50.82634353637695
2007-03-19,50.29036712646485
2007-03-20,51.71959686279297
2007-03-21,51.83870315551758
2007-03-22,54.66733551025391
2007-03-23,54.39936828613281
2007-03-26,54.84598922729492
2007-03-28,53.11902618408203
2007-03-29,51.80892181396485
2007-03-30,53.71452331542969
2007-04-02,51.86845397949219
2007-04-03,53.59543991088867
2007-04-04,54.6375617980957
2007-04-05,54.07183837890625
2007-04-09,53.327449798583984
2007-04-10,55.73926162719727
2007-04-11,56.00722503662109
2007-04-12,53.8336296081543
2007-04-13,55.67970275878906
2007-04-16,55.08419036865234
2007-04-17,55.769020080566406
2007-04-18,57.73417663574219
2007-04-19,57.67463684082031
2007-04-20,57.64487457275391
2007-04-23,56.87070083618164
2007-04-24,62.46845626831055
2007-04-25,71.63922119140625
2007-04-26,72.9791259765625
2007-04-27,68.30438995361328
2007-04-30,68.78080749511719
2007-05-03,69.16788482666016
2007-05-04,69.07855224609375
2007-05-07,68.92967987060547
2007-05-08,69.70382690429688
2007-05-09,75.09315490722656
2007-05-10,72.9791259765625
2007-05-11,74.94426727294922
2007-05-14,76.64146423339844
2007-05-15,75.1229248046875
2007-05-16,76.93920135498047
2007-05-17,77.71338653564453
2007-05-18,76.37350463867188
2007-05-21,76.79034423828125
2007-05-22,77.59427642822266
2007-05-23,76.70101165771484
2007-05-24,74.73583984375
2007-05-25,76.84989929199219
2007-05-28,75.00382232666016
2007-05-29,76.46280670166016
2007-05-30,76.13528442382812
2007-05-31,76.01617431640625
2007-06-01,76.49259948730469
2007-06-04,74.58697509765625
2007-06-05,75.18246459960938
2007-06-06,73.7532730102539
2007-06-07,71.9072036743164
2007-06-08,72.05606842041016
2007-06-11,72.05606842041016
2007-06-12,69.25720977783203
2007-06-13,69.40606689453125
2007-06-14,71.99653625488281
2007-06-15,73.18730926513672
2007-06-18,71.3553466796875
2007-06-19,74.28650665283203
2007-06-20,75.84367370605469
2007-06-21,75.35515594482422
2007-06-22,74.9887466430664
2007-06-25,74.28650665283203
2007-06-26,73.58424377441406
2007-06-27,75.11087799072266
2007-06-28,76.57646942138672
2007-06-29,77.98097229003906
2007-07-02,78.4084243774414
2007-07-03,79.1412353515625
2007-07-04,80.1182632446289
2007-07-05,86.13325500488281
2007-07-06,86.07218170166016
2007-07-09,90.01091003417969
2007-07-10,88.24000549316406
2007-07-11,86.43858337402344
2007-07-12,89.12547302246094
2007-07-13,92.60621643066406
2007-07-16,99.96465301513672
2007-07-17,97.73574829101562
2007-07-18,95.84270477294922
2007-07-19,98.68226623535156
2007-07-20,95.99537658691406
2007-07-23,95.72056579589844
2007-07-24,92.88102722167967
2007-07-25,90.9879913330078
2007-07-26,88.17894744873047
2007-07-27,86.6523208618164
2007-07-30,90.43839263916016
2007-07-31,92.02609252929688
2007-08-01,86.62178039550781
2007-08-02,86.77445983886719
2007-08-03,87.90415954589844
2007-08-06,87.59882354736328
2007-08-07,90.6826629638672
2007-08-08,93.33899688720705
2007-08-09,89.30866241455078
2007-08-10,89.18653106689453
2007-08-13,89.70559692382812
2007-08-14,88.97282409667969
2007-08-16,84.45394134521484
2007-08-17,84.82032775878906
2007-08-20,87.72095489501953
2007-08-21,83.8738021850586
2007-08-22,83.62955474853516
2007-08-23,81.3701171875
2007-08-24,80.42361450195312
2007-08-27,91.5070343017578
2007-08-28,89.21707153320312
2007-08-29,89.76667022705078
2007-08-30,85.58363342285156
2007-08-31,87.3851089477539
2007-09-03,91.69023895263672
2007-09-04,94.28553009033205
2007-09-05,92.45355224609376
2007-09-06,94.98778533935548
2007-09-07,93.4916763305664
2007-09-10,93.88860321044922
2007-09-11,93.24742126464844
2007-09-12,91.84288787841795
2007-09-13,91.62918090820312
2007-09-14,92.85047912597656
2007-09-17,91.3238296508789
2007-09-18,94.1633758544922
2007-09-19,100.45317840576172
2007-09-20,96.63656616210938
2007-09-21,96.9724349975586
2007-09-24,99.0792007446289
2007-09-25,98.59065246582033
2007-09-26,98.77385711669922
2007-09-27,96.39231872558594
2007-09-28,97.64414978027344
2007-10-01,98.04108428955078
2007-10-03,95.90377807617188
2007-10-04,92.81995391845705
2007-10-05,89.00334930419922
2007-10-08,84.02648162841797
2007-10-09,86.25537872314453
2007-10-10,91.62918090820312
2007-10-11,91.04905700683594
2007-10-12,91.2322235107422
2007-10-15,92.88102722167967
2007-10-16,88.02628326416016
2007-10-17,84.63713836669922
2007-10-18,80.45413970947266
2007-10-19,81.00373077392578
2007-10-22,82.43876647949219
2007-10-23,92.33143615722656
2007-10-24,89.15601348876953
2007-10-25,86.07218170166016
2007-10-26,88.30107879638672
2007-10-29,87.2324447631836
2007-10-30,89.70559692382812
2007-10-31,94.07180786132812
2007-11-01,94.40766143798828
2007-11-02,99.8730697631836
2007-11-05,100.23944091796876
2007-11-06,99.35396575927734
2007-11-07,100.08677673339844
2007-11-08,96.75868225097656
2007-11-12,92.69784545898438
2007-11-13,99.84252166748048
2007-11-14,105.33841705322266
2007-11-15,105.33841705322266
2007-11-16,102.1019515991211
2007-11-19,106.71240997314452
2007-11-20,104.17818450927734
2007-11-21,96.7281723022461
2007-11-22,92.69784545898438
2007-11-23,101.88821411132812
2007-11-26,107.5978546142578
2007-11-27,110.6816864013672
2007-11-28,120.6048812866211
2007-11-29,111.07860565185548
2007-11-30,116.54401397705078
2007-12-03,124.42149353027344
2007-12-04,119.50567626953124
2007-12-05,122.74217987060548
2007-12-06,119.8720932006836
2007-12-07,118.22332763671876
2007-12-10,118.98662567138672
2007-12-11,133.70347595214844
2007-12-12,128.48236083984375
2007-12-13,128.39076232910156
2007-12-14,125.3985366821289
2007-12-17,113.61284637451172
2007-12-18,110.46794891357422
2007-12-19,114.62045288085938
2007-12-20,113.61284637451172
2007-12-24,117.3073272705078
2007-12-26,117.88744354248048
2007-12-27,120.17738342285156
2007-12-28,118.71185302734376
2007-12-31,118.58971405029295
2008-01-01,125.45958709716795
2008-01-02,129.61207580566406
2008-01-03,129.7342071533203
2008-01-04,130.10061645507812
2008-01-07,131.9020233154297
2008-01-08,128.6045379638672
2008-01-09,127.6884994506836
2008-01-10,127.3526382446289
2008-01-11,122.0704345703125
2008-01-14,132.69589233398438
2008-01-15,134.16146850585938
2008-01-16,141.6725616455078
2008-01-17,136.93995666503906
2008-01-18,126.52824401855467
2008-01-21,114.49830627441406
2008-01-22,124.57415771484376
2008-01-23,126.49771881103516
2008-01-24,116.23867797851562
2008-01-25,128.115966796875
2008-01-28,132.87905883789062
2008-01-29,131.56619262695312
2008-01-30,125.09323120117188
2008-01-31,125.7038803100586
2008-02-01,134.0698699951172
2008-02-04,135.59652709960938
2008-02-05,145.82505798339844
2008-02-06,138.64979553222656
2008-02-07,133.30653381347656
2008-02-08,132.9401397705078
2008-02-11,123.90240478515624
2008-02-12,126.83358001708984
2008-02-13,127.50527954101562
2008-02-14,135.59652709960938
2008-02-15,140.35964965820312
2008-02-18,143.50453186035156
2008-02-19,142.43589782714844
2008-02-20,133.94773864746094
2008-02-21,127.4136962890625
2008-02-22,125.12374877929688
2008-02-25,127.65797424316406
2008-02-26,125.21534729003906
2008-02-27,127.0778350830078
2008-02-28,122.03994750976562
2008-02-29,124.84893035888672
2008-03-03,112.60523223876952
2008-03-04,105.52161407470705
2008-03-05,99.3844985961914
2008-03-07,103.53699493408205
2008-03-10,107.5673370361328
2008-03-11,111.44501495361328
2008-03-12,111.56715393066406
2008-03-13,104.17818450927734
2008-03-14,105.1247100830078
2008-03-17,92.69784545898438
2008-03-18,96.5754852294922
2008-03-19,97.7052230834961
2008-03-24,97.8884048461914
2008-03-25,101.8271484375
2008-03-26,102.86528778076172
2008-03-27,107.47574615478516
2008-03-28,105.21630859375
2008-03-31,100.11729431152344
2008-04-01,95.29310607910156
2008-04-02,96.23963928222656
2008-04-03,95.93431854248048
2008-04-04,94.7435531616211
2008-04-07,95.87325286865234
2008-04-08,99.41504669189452
2008-04-09,99.4761199951172
2008-04-10,97.46096801757812
2008-04-11,96.30069732666016
2008-04-15,94.28553009033205
2008-04-16,93.15581512451172
2008-04-17,93.79701232910156
2008-04-21,95.1709976196289
2008-04-22,95.0488510131836
2008-04-23,88.36215209960938
2008-04-24,86.16378784179688
2008-04-25,87.87362670898438
2008-04-28,86.13325500488281
2008-04-29,87.78202819824219
2008-04-30,84.88139343261719
2008-05-02,86.71336364746094
2008-05-05,92.60621643066406
2008-05-06,91.69023895263672
2008-05-07,94.95726013183594
2008-05-08,91.14064025878906
2008-05-09,89.64453887939453
2008-05-12,86.77445983886719
2008-05-13,86.53018188476562
2008-05-14,86.31644439697266
2008-05-15,86.92710876464844
2008-05-16,87.9652328491211
2008-05-20,86.43858337402344
2008-05-21,85.67525482177734
2008-05-22,85.07811737060547
2008-05-23,83.16094970703125
2008-05-26,82.06092834472656
2008-05-27,78.85517883300781
2008-05-28,80.89805603027344
2008-05-29,76.59228515625
2008-05-30,76.90660095214844
2008-06-02,72.3179702758789
2008-06-03,73.10369110107422
2008-06-04,72.3179702758789
2008-06-05,69.86651611328125
2008-06-06,68.0750732421875
2008-06-09,67.69792175292969
2008-06-10,68.13790893554688
2008-06-11,69.36363983154297
2008-06-12,70.27507019042969
2008-06-13,69.48936462402344
2008-06-16,72.56938934326172
2008-06-17,76.81229400634766
2008-06-18,78.63516998291016
2008-06-19,75.1465835571289
2008-06-20,72.12939453125
2008-06-23,67.35221099853516
2008-06-24,63.92644119262695
2008-06-25,63.329288482666016
2008-06-26,61.50640487670898
2008-06-27,61.16069412231445
2008-06-30,55.5977668762207
2008-07-01,52.73774719238281
2008-07-02,56.00634765625
2008-07-03,54.969200134277344
2008-07-04,55.37776565551758
2008-07-07,57.10636520385742
2008-07-08,56.06920623779297
2008-07-09,57.420658111572266
2008-07-10,55.81777572631836
2008-07-11,54.37205123901367
2008-07-14,52.73774719238281
2008-07-15,50.16057968139648
2008-07-16,49.28054428100586
2008-07-17,50.78915023803711
2008-07-18,56.32062911987305
2008-07-21,64.0207290649414
2008-07-22,65.52931213378906
2008-07-23,70.62081146240234
2008-07-24,68.86077880859375
2008-07-25,66.3464584350586
2008-07-28,66.72362518310547
2008-07-29,57.4835205078125
2008-07-30,60.40640258789063
2008-07-31,60.40640258789063
2008-08-01,64.93216705322266
2008-08-04,66.56647491455078
2008-08-05,74.1722640991211
2008-08-06,71.94080352783203
2008-08-07,71.1865234375
2008-08-08,73.0093994140625
2008-08-11,77.12657928466797
2008-08-12,79.23233032226562
2008-08-13,76.12085723876953
2008-08-14,69.52079010009766
2008-08-18,71.65795135498047
2008-08-19,72.1922607421875
2008-08-20,70.93506622314453
2008-08-21,71.1865234375
2008-08-22,72.4122543334961
2008-08-25,77.94375610351562
2008-08-26,78.35232543945312
2008-08-27,77.97516632080078
2008-08-28,75.80656433105469
2008-08-29,79.67233276367188
2008-09-01,79.64090728759766
2008-09-02,85.07811737060547
2008-09-04,86.4295654296875
2008-09-05,85.32953643798828
2008-09-08,85.10952758789062
2008-09-09,86.27240753173828
2008-09-10,86.24098205566406
2008-09-11,84.98382568359375
2008-09-12,79.29518127441406
2008-09-15,75.42942810058594
2008-09-16,78.72946166992188
2008-09-17,81.74664306640625
2008-09-18,82.46949768066406
2008-09-19,85.04666900634766
2008-09-22,84.44953155517578
2008-09-23,81.9980697631836
2008-09-24,81.36949920654297
2008-09-25,80.83522033691406
2008-09-26,80.39521026611328
2008-09-29,75.05229187011719
2008-09-30,81.21232604980469
2008-10-01,84.5438232421875
2008-10-03,80.26948547363281
2008-10-06,80.23804473876953
2008-10-07,79.16946411132812
2008-10-08,79.57806396484375
2008-10-10,79.92377471923828
2008-10-13,82.9095230102539
2008-10-14,77.84945678710938
2008-10-15,75.1465835571289
2008-10-16,81.36949920654297
2008-10-17,77.72374725341797
2008-10-20,84.95238494873047
2008-10-21,85.01524353027344
2008-10-22,84.57524871826172
2008-10-23,85.32953643798828
2008-10-24,72.47511291503906
2008-10-27,73.0093994140625
2008-10-29,78.6037368774414
2008-10-31,80.48949432373047
2008-11-03,86.08383178710938
2008-11-04,84.92095947265625
2008-11-05,80.86664581298828
2008-11-06,81.33806610107422
2008-11-07,85.36097717285156
2008-11-10,87.49813842773438
2008-11-11,86.3038330078125
2008-11-12,85.36097717285156
2008-11-14,83.78951263427734
2008-11-17,79.546630859375
2008-11-18,76.87516021728516
2008-11-19,77.56660461425781
2008-11-20,77.94375610351562
2008-11-21,76.78086853027344
2008-11-24,74.80083465576172
2008-11-25,75.08370971679688
2008-11-26,75.93229675292969
2008-11-27,75.93229675292969
2008-11-28,77.72374725341797
2008-12-01,74.73799896240234
2008-12-02,74.67513275146484
2008-12-03,77.72374725341797
2008-12-04,80.6466293334961
2008-12-05,77.06373596191406
2008-12-08,75.99515533447266
2008-12-10,75.96371459960938
2008-12-11,76.49800872802734
2008-12-12,75.74372100830078
2008-12-15,75.24085998535156
2008-12-16,77.53516387939453
2008-12-17,74.70655822753906
2008-12-18,78.28946685791016
2008-12-19,81.9037857055664
2008-12-22,80.1751937866211
2008-12-23,77.91230773925781
2008-12-24,80.42662048339844
2008-12-26,80.33232879638672
2008-12-29,80.89805603027344
2008-12-30,83.12950897216797
2008-12-31,86.02099609375
2009-01-02,88.72384643554688
2009-01-05,88.03243255615234
2009-01-06,85.95812225341797
2009-01-07,77.56660461425781
2009-01-09,76.65516662597656
2009-01-12,75.96371459960938
2009-01-13,77.72374725341797
2009-01-14,78.50946044921875
2009-01-15,77.84945678710938
2009-01-16,79.6094741821289
2009-01-19,80.11235046386719
2009-01-20,78.38375854492188
2009-01-21,78.44660186767578
2009-01-22,77.03231811523438
2009-01-23,76.34085083007812
2009-01-27,78.6980209350586
2009-01-28,76.62374114990234
2009-01-29,78.47804260253906
2009-01-30,76.90660095214844
2009-02-02,76.40373229980469
2009-02-03,73.88941955566406
2009-02-04,70.27507019042969
2009-02-05,69.14364624023438
2009-02-06,69.83506774902344
2009-02-09,72.2551040649414
2009-02-10,72.3179702758789
2009-02-11,72.50653839111328
2009-02-12,72.4122543334961
2009-02-13,72.12939453125
2009-02-16,70.24365997314453
2009-02-17,65.21501922607422
2009-02-18,63.98930740356445
2009-02-19,63.80072784423828
2009-02-20,62.7635612487793
2009-02-24,59.43210983276367
2009-02-25,58.20639419555664
2009-02-26,54.78062057495117
2009-02-27,54.340614318847656
2009-03-02,51.166290283203125
2009-03-03,50.66342926025391
2009-03-04,49.97199630737305
2009-03-05,47.331974029541016
2009-03-06,43.93763732910156
2009-03-09,41.996360778808594
2009-03-12,41.705169677734375
2009-03-13,44.87593078613281
2009-03-16,49.211456298828125
2009-03-17,50.3762321472168
2009-03-18,51.44393157958984
2009-03-19,49.98797225952149
2009-03-20,49.211456298828125
2009-03-23,53.54697799682617
2009-03-24,52.05865859985352
2009-03-25,52.83517837524414
2009-03-26,53.48227310180664
2009-03-27,57.17070770263672
2009-03-30,52.54398727416992
2009-03-31,53.19106674194336
2009-04-01,53.77346420288086
2009-04-02,58.10898971557617
2009-04-06,58.33548355102539
2009-04-08,57.55895233154297
2009-04-09,58.9502067565918
2009-04-13,66.1653060913086
2009-04-15,73.2186050415039
2009-04-16,69.27134704589844
2009-04-17,74.5127944946289
2009-04-20,74.28631591796875
2009-04-21,70.95378875732422
2009-04-22,68.62425231933594
2009-04-23,70.43610382080078
2009-04-24,75.904052734375
2009-04-27,71.18026733398438
2009-04-28,64.83875274658203
2009-04-29,65.22702026367188
2009-04-30,65.74469757080078
2009-05-04,67.23300170898438
2009-05-05,68.55953979492188
2009-05-06,65.48583984375
2009-05-07,65.4534912109375
2009-05-08,63.99753189086914
2009-05-11,62.70334243774414
2009-05-12,62.67098617553711
2009-05-13,64.38580322265625
2009-05-14,63.415157318115234
2009-05-15,65.74469757080078
2009-05-18,75.77464294433594
2009-05-19,82.60147857666016
2009-05-20,86.38697814941406
2009-05-21,86.4193344116211
2009-05-22,85.1898422241211
2009-05-25,83.73388671875
2009-05-26,83.054443359375
2009-05-27,83.89564514160156
2009-05-28,85.67515563964844
2009-05-29,88.78121185302734
2009-06-01,94.79917907714844
2009-06-02,92.0490264892578
2009-06-03,88.9429702758789
2009-06-04,87.84292602539062
2009-06-05,87.38997650146484
2009-06-08,82.11615753173828
2009-06-09,83.1838607788086
2009-06-10,86.64581298828125
2009-06-11,84.05743408203125
2009-06-12,83.60445404052734
2009-06-15,84.31626892089844
2009-06-16,87.00170135498047
2009-06-17,84.12213897705078
2009-06-18,84.38709259033203
2009-06-19,85.91056823730469
2009-06-22,87.53337860107422
2009-06-23,90.91152954101562
2009-06-24,91.30896759033205
2009-06-25,91.17648315429688
2009-06-26,93.3623275756836
2009-06-29,95.71379089355467
2009-06-30,96.90606689453124
2009-07-01,95.71379089355467
2009-07-02,93.72663879394533
2009-07-03,95.05139923095705
2009-07-06,86.97036743164062
2009-07-07,86.47359466552734
2009-07-08,83.8240737915039
2009-07-09,84.12213897705078
2009-07-10,80.61153411865234
2009-07-13,78.09449768066406
2009-07-14,81.43952178955078
2009-07-15,83.32728576660156
2009-07-16,84.7845230102539
2009-07-17,85.9437026977539
2009-07-20,91.739501953125
2009-07-21,89.58678436279297
2009-07-22,90.2160186767578
2009-07-23,96.77357482910156
2009-07-24,95.68065643310548
2009-07-27,94.88583374023438
2009-07-28,95.48194122314452
2009-07-29,94.65396881103516
2009-07-30,94.55462646484376
2009-07-31,95.2501220703125
2009-08-03,98.9263153076172
2009-08-04,95.8131332397461
2009-08-05,95.15074920654295
2009-08-06,94.58773803710938
2009-08-07,91.4414291381836
2009-08-10,88.56008911132812
2009-08-11,87.86458587646484
2009-08-12,85.77809143066406
2009-08-13,88.22889709472656
2009-08-14,88.46072387695312
2009-08-17,84.2546157836914
2009-08-18,85.67874145507812
2009-08-19,85.48004150390625
2009-08-20,85.34754180908203
2009-08-21,86.04302978515625
2009-08-24,86.90412902832031
2009-08-25,86.40736389160156
2009-08-26,87.1690902709961
2009-08-27,89.3880615234375
2009-08-28,91.87197875976562
2009-08-31,90.6465835571289
2009-09-01,88.06329345703125
2009-09-02,86.34112548828125
2009-09-03,88.56008911132812
2009-09-04,89.35492706298828
2009-09-07,90.58035278320312
2009-09-08,91.77262878417967
2009-09-09,93.69352722167967
2009-09-10,94.09095764160156
2009-09-11,97.10477447509766
2009-09-14,97.56844329833984
2009-09-15,108.03404998779295
2009-09-16,108.3321304321289
2009-09-17,106.543701171875
2009-09-18,105.38449096679688
2009-09-22,106.7754898071289
2009-09-23,102.10575103759766
2009-09-24,106.34495544433594
2009-09-25,106.47742462158205
2009-09-29,104.39094543457033
2009-09-30,108.49771118164062
2009-10-01,107.93468475341795
2009-10-05,105.94754791259766
2009-10-06,105.11955261230467
2009-10-07,108.0009307861328
2009-10-08,112.53819274902344
2009-10-09,111.4452896118164
2009-10-12,117.53916931152344
2009-10-13,116.9099349975586
2009-10-14,121.71216583251952
2009-10-15,120.55300903320312
2009-10-16,123.86488342285156
2009-10-20,127.50797271728516
2009-10-21,121.97711181640624
2009-10-22,117.93659973144533
2009-10-23,117.83723449707033
2009-10-26,109.45816040039062
2009-10-27,105.5832061767578
2009-10-28,107.47101593017578
2009-10-29,105.31827545166016
2009-10-30,103.36426544189452
2009-11-03,100.8803482055664
2009-11-04,100.15171813964844
2009-11-05,100.54916381835938
2009-11-06,101.4764633178711
2009-11-09,109.78932189941406
2009-11-10,106.60993194580078
2009-11-11,109.226318359375
2009-11-12,107.17292022705078
2009-11-13,108.43147277832033
2009-11-16,109.226318359375
2009-11-17,109.226318359375
2009-11-18,108.99446868896484
2009-11-19,104.5234375
2009-11-20,108.99446868896484
2009-11-23,113.79674530029295
2009-11-24,113.2999496459961
2009-11-25,113.43242645263672
2009-11-26,108.7295150756836
2009-11-27,106.31184387207033
2009-11-30,109.226318359375
2009-12-01,113.9954605102539
2009-12-02,115.7176284790039
2009-12-03,114.02855682373048
2009-12-04,115.15459442138672
2009-12-07,113.06809997558594
2009-12-08,114.26036834716795
2009-12-09,115.48582458496094
2009-12-10,114.59158325195312
2009-12-11,114.82341766357422
2009-12-14,113.06809997558594
2009-12-15,109.126953125
2009-12-16,109.32567596435548
2009-12-17,109.5243682861328
2009-12-18,109.29254913330078
2009-12-21,110.05426025390624
2009-12-22,112.0083236694336
2009-12-23,116.84368133544922
2009-12-24,115.1876983642578
2009-12-29,115.5520248413086
2009-12-30,114.989013671875
2009-12-31,115.61829376220705
2010-01-04,116.08194732666016
2010-01-05,116.0488052368164
2010-01-06,119.19510650634766
2010-01-07,118.06906127929688
2010-01-08,116.0488052368164
2010-01-11,118.30089569091795
2010-01-12,115.51891326904295
2010-01-13,115.949462890625
2010-01-14,115.2208480834961
2010-01-15,114.02855682373048
2010-01-18,115.78387451171876
2010-01-19,116.14817810058594
2010-01-20,116.9099349975586
2010-01-21,115.949462890625
2010-01-22,114.62471771240234
2010-01-25,113.3330535888672
2010-01-27,113.36617279052734
2010-01-28,117.87035369873048
2010-01-29,118.99639129638672
2010-02-01,119.26136779785156
2010-02-02,118.33402252197266
2010-02-03,121.24848175048828
2010-02-04,116.54560089111328
2010-02-05,115.1876983642578
2010-02-08,116.84368133544922
2010-02-09,115.75074005126952
2010-02-10,113.6973876953125
2010-02-11,114.6578369140625
2010-02-15,113.79674530029295
2010-02-16,114.72406005859376
2010-02-17,115.91634368896484
2010-02-18,116.0488052368164
2010-02-19,111.74334716796876
2010-02-22,110.65044403076172
2010-02-23,107.73597717285156
2010-02-24,105.31827545166016
2010-02-25,103.62920379638672
2010-02-26,108.66329956054688
2010-03-02,109.5906219482422
2010-03-03,111.21343994140624
2010-03-04,112.96166229248048
2010-03-05,113.49957275390624
2010-03-08,114.91156768798828
2010-03-09,112.59183502197266
2010-03-10,111.28068542480467
2010-03-11,111.75137329101562
2010-03-12,112.96166229248048
2010-03-15,111.6841278076172
2010-03-16,113.56681060791016
2010-03-17,114.37368774414062
2010-03-18,114.27283477783205
2010-03-19,115.012451171875
2010-03-22,111.34793090820312
2010-03-23,109.96955108642578
2010-03-25,109.66696166992188
2010-03-26,114.70988464355467
2010-03-29,113.56681060791016
2010-03-30,117.26498413085938
2010-03-31,117.93733215332033
2010-04-01,117.70204162597656
2010-04-05,120.35794830322266
2010-04-06,122.40875244140624
2010-04-07,126.20777893066406
2010-04-08,122.74495697021484
2010-04-09,124.4931640625
2010-04-12,123.14838409423828
2010-04-13,121.50102996826172
2010-04-15,121.63548278808594
2010-04-16,121.7699966430664
2010-04-19,122.44235229492188
2010-04-20,126.40947723388672
2010-04-21,124.86299896240234
2010-04-22,125.90520477294922
2010-04-23,129.6706085205078
2010-04-26,147.79151916503906
2010-04-27,144.7321319580078
2010-04-28,145.43817138671875
2010-04-29,147.42169189453125
2010-04-30,151.5232696533203
2010-05-03,149.27078247070312
2010-05-04,148.29580688476562
2010-05-05,156.86878967285156
2010-05-06,151.5905303955078
2010-05-07,145.5726318359375
2010-05-10,149.20352172851562
2010-05-11,145.16915893554688
2010-05-12,143.79078674316406
2010-05-13,143.0847930908203
2010-05-14,141.7736358642578
2010-05-17,142.07620239257812
2010-05-18,144.32870483398438
2010-05-19,140.7313995361328
2010-05-20,143.48822021484375
2010-05-21,140.3951873779297
2010-05-24,142.21067810058594
2010-05-25,136.730712890625
2010-05-26,139.95814514160156
2010-05-27,144.2950897216797
2010-05-28,149.9095458984375
2010-05-31,154.41458129882812
2010-06-01,147.21998596191406
2010-06-02,151.15345764160156
2010-06-03,154.04476928710938
2010-06-04,155.2886962890625
2010-06-07,155.11761474609375
2010-06-08,154.67286682128906
2010-06-09,156.75979614257812
2010-06-10,156.52032470703125
2010-06-11,156.31503295898438
2010-06-14,156.82821655273438
2010-06-15,157.20455932617188
2010-06-16,155.5281524658203
2010-06-17,154.33074951171875
2010-06-18,151.5595703125
2010-06-21,152.10696411132812
2010-06-22,153.37278747558594
2010-06-23,155.2886962890625
2010-06-24,154.15966796875
2010-06-25,149.91738891601562
2010-06-28,148.4120330810547
2010-06-29,149.3357696533203
2010-06-30,154.60443115234375
2010-07-01,154.43336486816406
2010-07-02,151.01214599609375
2010-07-05,152.6543426513672
2010-07-06,154.63865661621094
2010-07-07,163.12322998046875
2010-07-08,163.49957275390625
2010-07-09,165.07333374023438
2010-07-12,167.74188232421875
2010-07-13,166.6128692626953
2010-07-14,167.1260528564453
2010-07-15,164.32064819335938
2010-07-16,165.1417694091797
2010-07-19,166.88656616210938
2010-07-20,165.1759490966797
2010-07-21,166.37338256835938
2010-07-22,168.56295776367188
2010-07-23,171.98416137695312
2010-07-26,151.73062133789062
2010-07-27,152.85958862304688
2010-07-28,152.00430297851562
2010-07-29,154.2280731201172
2010-07-30,153.7833251953125
2010-08-02,155.56239318847656
2010-08-03,157.23873901367188
2010-08-04,159.94155883789062
2010-08-05,160.9678955078125
2010-08-06,157.75192260742188
2010-08-09,159.08621215820312
2010-08-10,157.82034301757812
2010-08-11,156.04135131835938
2010-08-12,157.44403076171875
2010-08-13,166.85235595703125
2010-08-16,166.06544494628906
2010-08-17,171.3683319091797
2010-08-18,170.17092895507812
2010-08-19,176.3291015625
2010-08-20,174.9606475830078
2010-08-23,173.31845092773438
2010-08-24,172.49732971191406
2010-08-25,172.5315704345703
2010-08-26,173.489501953125
2010-08-27,170.61569213867188
2010-08-30,172.189453125
2010-08-31,169.99984741210938
2010-09-01,170.58148193359375
2010-09-02,172.6684112548828
2010-09-03,177.38967895507812
2010-09-06,175.4396209716797
2010-09-07,174.78955078125
2010-09-08,177.32125854492188
2010-09-09,177.83444213867188
2010-09-13,181.4951019287109
2010-09-14,178.9634246826172
2010-09-15,177.45811462402344
2010-09-16,179.13450622558594
2010-09-17,182.3162536621093
2010-09-20,185.361068725586
2010-09-21,183.7873687744141
2010-09-22,184.06105041503903
2010-09-23,181.8714904785156
2010-09-24,181.0503845214844
2010-09-27,185.70323181152344
2010-09-28,184.8821258544922
2010-09-29,188.33755493164065
2010-09-30,190.6981811523437
2010-10-01,193.1614532470703
2010-10-04,195.38522338867188
2010-10-05,197.7458953857422
2010-10-06,210.3016815185547
2010-10-07,212.38864135742188
2010-10-08,205.3067321777344
2010-10-11,204.04087829589844
2010-10-12,199.1485748291016
2010-10-13,206.40151977539065
2010-10-14,203.8698272705078
2010-10-15,199.4222717285156
2010-10-18,205.13563537597656
2010-10-19,201.7144927978516
2010-10-20,194.9747009277344
2010-10-21,206.4357452392578
2010-10-22,207.18844604492188
2010-10-25,207.94102478027344
2010-10-26,208.7621612548828
2010-10-27,209.2411499023437
2010-10-28,199.9354553222656
2010-10-29,199.6617584228516
2010-11-01,199.764389038086
2010-11-02,205.5804443359375
2010-11-03,205.99102783203125
2010-11-04,209.48062133789065
2010-11-08,205.37518310546875
2010-11-09,206.09361267089844
2010-11-10,207.3594665527344
2010-11-11,203.49351501464844
2010-11-12,202.5697479248047
2010-11-15,204.1093139648437
2010-11-16,196.9247894287109
2010-11-18,197.9169464111328
2010-11-19,194.7694396972656
2010-11-22,201.338134765625
2010-11-23,198.53277587890625
2010-11-24,192.8877410888672
2010-11-25,185.97686767578125
2010-11-26,178.51869201660156
2010-11-29,183.3768005371093
2010-11-30,190.73239135742188
2010-12-01,199.6275177001953
2010-12-02,199.01171875
2010-12-03,193.4693603515625
2010-12-06,186.2163848876953
2010-12-07,175.2343292236328
2010-12-08,172.05258178710938
2010-12-09,166.23654174804688
2010-12-10,171.94998168945312
2010-12-13,177.93707275390625
2010-12-14,177.76600646972656
2010-12-15,167.9813232421875
2010-12-16,172.42893981933594
2010-12-20,171.98416137695312
2010-12-21,174.55007934570312
2010-12-22,175.1658935546875
2010-12-23,175.2343292236328
2010-12-24,175.57644653320312
2010-12-27,172.08680725097656
2010-12-28,167.33132934570312
2010-12-29,167.53660583496094
2010-12-30,167.67344665527344
2010-12-31,168.87086486816406
2011-01-03,169.48667907714844
2011-01-04,164.2864532470703
2011-01-05,158.5045928955078
2011-01-06,159.32569885253906
2011-01-07,151.01214599609375
2011-01-10,147.0093536376953
2011-01-11,149.3015594482422
2011-01-12,150.8752899169922
2011-01-13,148.61729431152344
2011-01-14,143.48548889160156
2011-01-17,140.8853759765625
2011-01-18,139.85903930664062
2011-01-19,143.0065155029297
2011-01-20,148.9252166748047
2011-01-21,150.772705078125
2011-01-24,160.1467742919922
2011-01-25,156.2808074951172
2011-01-27,149.40420532226562
2011-01-28,144.47763061523438
2011-01-31,143.99867248535156
2011-02-01,142.97230529785156
2011-02-02,144.61448669433594
2011-02-03,148.240966796875
2011-02-04,148.65151977539062
2011-02-07,142.97230529785156
2011-02-08,139.1405792236328
2011-02-09,138.3878936767578
2011-02-10,141.09066772460938
2011-02-11,144.23817443847656
2011-02-14,150.43055725097656
2011-02-15,149.47262573242188
2011-02-16,146.56460571289062
2011-02-17,150.90951538085938
2011-02-18,150.772705078125
2011-02-21,150.2252960205078
2011-02-22,147.96728515625
2011-02-23,145.7093048095703
2011-02-24,138.86685180664062
2011-02-25,139.31161499023438
2011-02-28,139.85903930664062
2011-03-01,144.1697540283203
2011-03-03,149.6436767578125
2011-03-04,152.27801513671875
2011-03-07,146.9751434326172
2011-03-08,153.06488037109375
2011-03-09,156.79397583007812
2011-03-10,153.40701293945312
2011-03-11,147.79620361328125
2011-03-14,147.180419921875
2011-03-15,145.40139770507812
2011-03-16,146.154052734375
2011-03-17,149.780517578125
2011-03-18,144.64871215820312
2011-03-21,146.11981201171875
2011-03-22,149.6436767578125
2011-03-23,148.75416564941406
2011-03-24,148.99363708496094
2011-03-25,151.21742248535156
2011-03-28,154.946533203125
2011-03-29,158.40196228027344
2011-03-30,159.5309600830078
2011-03-31,159.2572784423828
2011-04-01,157.30718994140625
2011-04-04,161.78895568847656
2011-04-05,166.20230102539062
2011-04-06,165.4496612548828
2011-04-07,168.0155487060547
2011-04-08,159.32569885253906
2011-04-11,156.82821655273438
2011-04-13,161.41262817382812
2011-04-15,160.24940490722656
2011-04-18,162.3363494873047
2011-04-19,159.3599090576172
2011-04-20,163.4653778076172
2011-04-21,163.77328491210938
2011-04-25,169.0419158935547
2011-04-26,169.14456176757812
2011-04-27,172.29208374023438
2011-04-28,167.9813232421875
2011-04-29,164.97068786621094
2011-05-02,167.91290283203125
2011-05-03,159.56515502929688
2011-05-04,157.44403076171875
2011-05-05,153.8517608642578
2011-05-06,162.5758514404297
2011-05-09,157.95721435546875
2011-05-10,158.538818359375
2011-05-11,159.70204162597656
2011-05-12,158.3335418701172
2011-05-13,158.9151611328125
2011-05-16,157.61509704589844
2011-05-17,154.5017852783203
2011-05-18,150.772705078125
2011-05-19,150.6700439453125
2011-05-20,151.21742248535156
2011-05-23,151.45693969726562
2011-05-24,150.43055725097656
2011-05-25,148.10414123535156
2011-05-26,148.5488739013672
2011-05-27,152.72276306152344
2011-05-30,155.908935546875
2011-05-31,157.39578247070312
2011-06-01,159.09507751464844
2011-06-02,156.54617309570312
2011-06-03,155.802734375
2011-06-06,154.3158416748047
2011-06-07,154.77606201171875
2011-06-08,155.27169799804688
2011-06-09,152.54576110839844
2011-06-10,152.4395294189453
2011-06-13,152.75814819335938
2011-06-14,155.66110229492188
2011-06-15,154.59906005859375
2011-06-16,153.64320373535156
2011-06-17,157.3249969482422
2011-06-20,155.76727294921875
2011-06-21,153.00599670410156
2011-06-22,150.63406372070312
2011-06-23,151.97933959960938
2011-06-24,153.00599670410156
2011-06-27,155.44869995117188
2011-06-28,153.04141235351562
2011-06-29,152.15634155273438
2011-06-30,150.70486450195312
2011-07-01,151.2005157470703
2011-07-04,154.74066162109375
2011-07-05,152.2271270751953
2011-07-06,154.03265380859375
2011-07-07,153.92642211914062
2011-07-08,153.04141235351562
2011-07-11,151.2005157470703
2011-07-12,147.3771209716797
2011-07-13,150.59866333007812
2011-07-14,156.01512145996094
2011-07-15,157.78521728515625
2011-07-18,161.4315643310547
2011-07-19,163.44947814941406
2011-07-20,163.48486328125
2011-07-21,162.70602416992188
2011-07-22,166.10458374023438
2011-07-25,167.76846313476562
2011-07-26,169.3261260986328
2011-07-27,160.2279052734375
2011-07-28,158.84727478027344
2011-07-29,159.44912719726562
2011-08-01,158.2100067138672
2011-08-02,154.03265380859375
2011-08-03,153.96182250976562
2011-08-04,152.26254272460938
2011-08-05,151.90853881835938
2011-08-08,151.90853881835938
2011-08-09,149.89060974121094
2011-08-10,155.48411560058594
2011-08-11,152.61659240722656
2011-08-12,152.15634155273438
2011-08-16,152.75814819335938
2011-08-17,150.63406372070312
2011-08-18,142.56251525878906
2011-08-19,136.61500549316406
2011-08-22,141.46502685546875
2011-08-23,142.31468200683594
2011-08-24,140.68621826171875
2011-08-25,137.3938446044922
2011-08-26,132.26058959960938
2011-08-29,140.47377014160156
2011-08-30,146.38587951660156
2011-09-02,146.7044677734375
2011-09-05,151.16510009765625
2011-09-06,148.79318237304688
2011-09-07,149.7490234375
2011-09-08,150.06764221191406
2011-09-09,148.79318237304688
2011-09-12,141.99606323242188
2011-09-13,146.31507873535156
2011-09-14,144.54498291015625
2011-09-15,147.9789276123047
2011-09-16,147.34173583984375
2011-09-19,147.12928771972656
2011-09-20,148.19134521484375
2011-09-21,148.97019958496094
2011-09-22,146.4920654296875
2011-09-23,141.6420440673828
2011-09-26,144.82818603515625
2011-09-27,150.70486450195312
2011-09-28,153.92642211914062
2011-09-29,155.37786865234375
2011-09-30,151.30670166015625
2011-10-03,146.20884704589844
2011-10-04,141.7128448486328
2011-10-05,135.906982421875
2011-10-07,138.95152282714844
2011-10-10,142.77491760253906
2011-10-11,146.45668029785156
2011-10-12,147.62490844726562
2011-10-13,145.0760040283203
2011-10-14,144.6157989501953
2011-10-17,147.66030883789062
2011-10-18,144.54498291015625
2011-10-19,148.36837768554688
2011-10-20,146.24424743652344
2011-10-21,146.06724548339844
2011-10-24,147.23553466796875
2011-10-25,141.6420440673828
2011-10-28,145.04063415527344
2011-10-31,153.64320373535156
2011-11-01,153.32461547851562
2011-11-02,152.54576110839844
2011-11-03,153.57241821289062
2011-11-04,155.51950073242188
2011-11-08,153.32461547851562
2011-11-09,151.16510009765625
2011-11-11,148.75779724121094
2011-11-14,151.09429931640625
2011-11-15,145.1468048095703
2011-11-16,144.9698028564453
2011-11-17,141.0402069091797
2011-11-18,141.32342529296875
2011-11-21,138.84532165527344
2011-11-22,135.26974487304688
2011-11-23,133.3934783935547
2011-11-24,134.38470458984375
2011-11-25,133.03945922851562
2011-11-28,134.45550537109375
2011-11-29,133.49969482421875
2011-11-30,133.85366821289062
2011-12-01,137.6770477294922
2011-12-02,138.63291931152344
2011-12-05,140.6508026123047
2011-12-07,142.70411682128906
2011-12-08,140.15518188476562
2011-12-09,137.96026611328125
2011-12-12,134.42010498046875
2011-12-13,134.49090576171875
2011-12-14,132.9332275390625
2011-12-15,132.61460876464844
2011-12-16,131.83578491210938
2011-12-19,127.02116394042967
2011-12-20,121.1090850830078
2011-12-21,125.67588806152344
2011-12-22,131.6233673095703
2011-12-23,131.1277618408203
2011-12-26,133.25186157226562
2011-12-27,131.83578491210938
2011-12-28,129.07444763183594
2011-12-29,128.82666015625
2011-12-30,130.95074462890625
2012-01-02,128.79124450683594
2012-01-03,132.08363342285156
2012-01-04,131.05697631835938
2012-01-05,130.31353759765625
2012-01-06,130.9861297607422
2012-01-09,132.68540954589844
2012-01-10,136.65040588378906
2012-01-11,132.68540954589844
2012-01-12,135.765380859375
2012-01-13,137.9956817626953
2012-01-16,137.1814422607422
2012-01-17,143.34132385253906
2012-01-18,141.6420440673828
2012-01-19,144.43878173828125
2012-01-20,148.36837768554688
2012-01-23,147.9789276123047
2012-01-24,153.82020568847656
2012-01-25,154.3158416748047
2012-01-27,154.4574432373047
2012-01-30,151.48370361328125
2012-01-31,156.333740234375
2012-02-01,160.7589569091797
2012-02-02,162.88302612304688
2012-02-03,165.5028076171875
2012-02-06,166.24620056152344
2012-02-07,164.97177124023438
2012-02-08,170.28199768066406
2012-02-09,171.06085205078125
2012-02-10,170.81300354003906
2012-02-13,170.95462036132812
2012-02-14,173.7867431640625
2012-02-15,178.4243927001953
2012-02-16,175.9108428955078
2012-02-17,172.90171813964844
2012-02-21,174.53018188476562
2012-02-22,168.7597198486328
2012-02-23,166.03379821777344
2012-02-24,168.1578826904297
2012-02-27,163.98046875
2012-02-28,168.7951202392578
2012-02-29,170.919189453125
2012-03-01,164.4053192138672
2012-03-02,164.2637176513672
2012-03-05,164.29910278320312
2012-03-06,168.7951202392578
2012-03-07,168.7597198486328
2012-03-09,169.25535583496094
2012-03-12,172.68930053710938
2012-03-13,173.1495361328125
2012-03-14,174.28236389160156
2012-03-15,169.3261260986328
2012-03-16,168.9367218017578
2012-03-19,163.80348205566406
2012-03-20,162.81222534179688
2012-03-21,169.25535583496094
2012-03-22,164.65313720703125
2012-03-23,165.1841583251953
2012-03-26,161.2191619873047
2012-03-27,160.36953735351562
2012-03-28,156.22752380371094
2012-03-29,162.67062377929688
2012-03-30,172.76010131835938
2012-04-02,168.6181182861328
2012-04-03,167.52066040039062
2012-04-04,165.1133270263672
2012-04-09,164.22830200195312
2012-04-10,164.1575164794922
2012-04-11,162.67062377929688
2012-04-12,166.60025024414062
2012-04-13,162.84764099121094
2012-04-16,163.66189575195312
2012-04-17,164.2637176513672
2012-04-18,163.378662109375
2012-04-19,161.89178466796875
2012-04-20,158.5994415283203
2012-04-23,155.2008819580078
2012-04-24,153.78480529785156
2012-04-25,151.0588836669922
2012-04-26,150.20924377441406
2012-04-27,149.1471710205078
2012-04-30,156.616943359375
2012-05-02,156.54617309570312
2012-05-03,154.20965576171875
2012-05-04,147.9435272216797
2012-05-07,148.6869659423828
2012-05-08,141.42962646484375
2012-05-09,137.50006103515625
2012-05-10,138.5266876220703
2012-05-11,127.16276550292967
2012-05-14,125.78208923339844
2012-05-15,129.07444763183594
2012-05-16,126.20690155029295
2012-05-17,126.52554321289062
2012-05-18,126.73792266845705
2012-05-21,129.35768127441406
2012-05-22,126.49012756347656
2012-05-23,125.2156753540039
2012-05-24,123.9766082763672
2012-05-25,122.312744140625
2012-05-28,123.76421356201172
2012-05-29,122.45433807373048
2012-05-30,119.5159912109375
2012-05-31,119.76383209228516
2012-06-01,114.5951919555664
2012-06-04,113.10832977294922
2012-06-05,113.88715362548828
2012-06-06,116.75469970703124
2012-06-07,116.68386840820312
2012-06-08,120.71969604492188
2012-06-11,122.312744140625
2012-06-12,125.10945892333984
2012-06-13,126.06531524658205
2012-06-14,123.8704071044922
2012-06-15,127.41057586669922
2012-06-18,123.1269760131836
2012-06-19,120.50724029541016
2012-06-20,123.02078247070312
2012-06-21,125.71131896972656
2012-06-22,127.55217742919922
2012-06-25,127.92161560058594
2012-06-26,125.81605529785156
2012-06-27,126.5548095703125
2012-06-28,123.85823822021484
2012-06-29,130.0640869140625
2012-07-02,131.87411499023438
2012-07-03,134.23825073242188
2012-07-04,139.15121459960938
2012-07-05,142.14329528808594
2012-07-06,141.25674438476562
2012-07-09,135.78970336914062
2012-07-10,137.3780975341797
2012-07-11,137.52584838867188
2012-07-12,137.045654296875
2012-07-13,137.56280517578125
2012-07-16,139.55751037597656
2012-07-17,139.70530700683594
2012-07-18,136.7870330810547
2012-07-19,136.1591033935547
2012-07-20,136.49154663085938
2012-07-23,138.56015014648438
2012-07-24,140.96124267578125
2012-07-25,140.7396240234375
2012-07-26,134.6445770263672
2012-07-27,128.7342529296875
2012-07-30,134.60765075683594
2012-07-31,131.3569793701172
2012-08-01,129.69468688964844
2012-08-02,130.1009979248047
2012-08-03,127.69994354248048
2012-08-06,129.95327758789062
2012-08-07,132.1326904296875
2012-08-08,132.42820739746094
2012-08-09,127.33055877685548
2012-08-10,126.51790618896484
2012-08-13,127.44135284423828
2012-08-14,127.84774017333984
2012-08-16,128.54953002929688
2012-08-17,126.1854248046875
2012-08-21,125.74213409423828
2012-08-22,121.90045166015624
2012-08-23,123.1194305419922
2012-08-24,123.2302703857422
2012-08-27,120.82920837402344
2012-08-28,119.24079132080078
2012-08-29,117.39380645751952
2012-08-30,116.76583099365234
2012-08-31,114.06926727294922
2012-09-03,115.02969360351562
2012-09-04,118.39118194580078
2012-09-05,115.21439361572266
2012-09-06,113.51516723632812
2012-09-07,120.57059478759766
2012-09-10,119.7579345703125
2012-09-11,120.90306091308594
2012-09-12,122.2698211669922
2012-09-13,119.94266510009766
2012-09-14,124.70782470703124
2012-09-17,132.2434844970703
2012-09-18,137.96914672851562
2012-09-20,137.7475128173828
2012-09-21,140.85043334960938
2012-09-24,143.1776123046875
2012-09-25,142.84515380859375
2012-09-26,139.33590698242188
2012-09-27,137.85833740234375
2012-09-28,142.84515380859375
2012-10-01,143.06678771972656
2012-10-03,142.1063690185547
2012-10-04,143.73171997070312
2012-10-05,141.6261444091797
2012-10-08,137.7475128173828
2012-10-09,138.41241455078125
2012-10-10,136.71319580078125
2012-10-11,138.5232391357422
2012-10-12,140.59182739257812
2012-10-15,139.07733154296875
2012-10-16,137.56280517578125
2012-10-17,137.34115600585938
2012-10-18,135.12478637695312
2012-10-19,136.38075256347656
2012-10-22,135.8636016845703
2012-10-23,133.4994659423828
2012-10-25,135.71583557128906
2012-10-29,130.98756408691406
2012-10-30,124.15375518798828
2012-10-31,124.11679077148438
2012-11-01,124.9664306640625
2012-11-02,124.4862060546875
2012-11-05,122.7131118774414
2012-11-06,122.30679321289062
2012-11-07,127.40443420410156
2012-11-08,129.399169921875
2012-11-09,128.95591735839844
2012-11-12,129.62078857421875
2012-11-15,128.51260375976562
2012-11-16,128.7711944580078
2012-11-19,125.11419677734376
2012-11-20,125.8529815673828
2012-11-21,129.32530212402344
2012-11-22,130.83984375
2012-11-23,131.20919799804688
2012-11-26,136.26992797851562
2012-11-27,134.60765075683594
2012-11-29,133.09310913085938
2012-11-30,135.5680694580078
2012-12-03,136.75015258789062
2012-12-04,137.89524841308594
2012-12-05,139.85305786132812
2012-12-06,140.1485595703125
2012-12-07,142.80821228027344
2012-12-10,146.68685913085938
2012-12-11,144.50743103027344
2012-12-12,143.5100555419922
2012-12-13,142.73434448242188
2012-12-14,142.47576904296875
2012-12-17,141.40451049804688
2012-12-18,141.9955596923828
2012-12-19,140.99819946289062
2012-12-20,140.29632568359375
2012-12-21,140.37020874023438
2012-12-24,139.44671630859375
2012-12-26,142.06942749023438
2012-12-27,142.47576904296875
2012-12-28,143.842529296875
2012-12-31,147.240966796875
2013-01-01,155.07215881347656
2013-01-02,156.3280792236328
2013-01-03,160.5761260986328
2013-01-04,159.02467346191406
2013-01-07,158.83995056152344
2013-01-08,158.9877166748047
2013-01-09,156.4389190673828
2013-01-10,155.3307342529297
2013-01-11,150.8240966796875
2013-01-14,156.4389190673828
2013-01-15,159.2093505859375
2013-01-16,156.62359619140625
2013-01-17,157.32545471191406
2013-01-18,155.7001190185547
2013-01-21,156.0695037841797
2013-01-22,152.15391540527344
2013-01-23,149.2726287841797
2013-01-24,147.72117614746094
2013-01-25,147.75811767578125
2013-01-28,149.23570251464844
2013-01-29,150.75021362304688
2013-01-30,149.789794921875
2013-01-31,149.38343811035156
2013-02-01,149.01406860351562
2013-02-04,143.842529296875
2013-02-05,140.92431640625
2013-02-06,140.333251953125
2013-02-07,138.1168670654297
2013-02-08,136.04827880859375
2013-02-11,142.5126953125
2013-02-12,141.36756896972656
2013-02-13,140.00082397460938
2013-02-14,138.30160522460938
2013-02-15,137.00869750976562
2013-02-18,136.04827880859375
2013-02-19,136.6023406982422
2013-02-20,137.15646362304688
2013-02-21,135.64193725585938
2013-02-22,136.93484497070312
2013-02-25,136.71319580078125
2013-02-26,131.7633056640625
2013-02-27,132.68678283691406
2013-02-28,130.80288696289062
2013-03-01,129.14059448242188
2013-03-04,127.77381896972656
2013-03-05,129.17752075195312
2013-03-06,128.1432342529297
2013-03-07,126.33319091796876
2013-03-08,127.77381896972656
2013-03-11,130.28570556640625
2013-03-12,131.80023193359375
2013-03-13,130.72898864746094
2013-03-14,131.06146240234375
2013-03-15,131.1722869873047
2013-03-18,131.20919799804688
2013-03-19,128.4018096923828
2013-03-20,123.93212127685548
2013-03-21,120.42285919189452
2013-03-22,118.02181243896484
2013-03-25,123.93212127685548
2013-03-26,123.59963989257812
2013-03-28,130.13795471191406
2013-04-01,131.3200225830078
2013-04-02,131.20919799804688
2013-04-03,128.8450927734375
2013-04-04,126.59174346923828
2013-04-05,121.4941177368164
2013-04-08,121.9743194580078
2013-04-09,118.90834045410156
2013-04-10,118.16954803466795
2013-04-11,118.57589721679688
2013-04-12,116.61808776855467
2013-04-15,115.32521057128906
2013-04-16,118.9452667236328
2013-04-17,120.57059478759766
2013-04-18,121.34635162353516
2013-04-22,124.04293060302734
2013-04-23,121.75267791748048
2013-04-25,120.45980072021484
2013-04-26,120.31207275390624
2013-04-29,121.82658386230467
2013-04-30,126.33319091796876
2013-05-02,124.00601196289062
2013-05-03,120.57059478759766
2013-05-06,120.20122528076172
2013-05-07,120.2381591796875
2013-05-08,115.06661987304688
2013-05-09,118.05873107910156
2013-05-10,118.4281234741211
2013-05-13,118.6497573852539
2013-05-14,117.28297424316406
2013-05-15,118.6497573852539
2013-05-16,116.65502166748048
2013-05-17,118.68669891357422
2013-05-20,117.17220306396484
2013-05-21,115.39908599853516
2013-05-22,115.32521057128906
2013-05-23,112.92413330078124
2013-05-24,113.44129180908205
2013-05-27,111.4834976196289
2013-05-28,110.5969467163086
2013-05-29,109.59957122802734
2013-05-30,108.2697525024414
2013-05-31,105.53624725341795
2013-06-03,106.27501678466795
2013-06-04,104.64968872070312
2013-06-05,104.02171325683594
2013-06-06,104.90824127197266
2013-06-07,105.1299057006836
2013-06-10,102.5071792602539
2013-06-11,97.74199676513672
2013-06-12,95.4886703491211
2013-06-13,94.2696762084961
2013-06-14,96.0427703857422
2013-06-17,96.1905288696289
2013-06-18,95.59949493408205
2013-06-19,95.4886703491211
2013-06-20,95.414794921875
2013-06-21,90.94512176513672
2013-06-24,88.64221954345703
2013-06-25,87.15900421142578
2013-06-26,86.80770111083984
2013-06-27,86.22222137451172
2013-06-28,89.735107421875
2013-07-01,92.5454330444336
2013-07-02,90.6328582763672
2013-07-03,87.82254791259766
2013-07-04,84.93416595458984
2013-07-05,84.42672729492188
2013-07-08,83.76318359375
2013-07-09,84.15351104736328
2013-07-10,84.15351104736328
2013-07-11,84.15351104736328
2013-07-12,83.56803131103516
2013-07-15,85.90996551513672
2013-07-16,83.8022232055664
2013-07-17,83.21674346923828
2013-07-18,84.27059936523438
2013-07-19,83.64610290527344
2013-07-22,83.9583511352539
2013-07-23,83.06060791015625
2013-07-24,80.9528579711914
2013-07-25,77.2838363647461
2013-07-26,75.17610168457031
2013-07-29,69.71157836914062
2013-07-30,67.17448425292969
2013-07-31,63.23222732543945
2013-08-01,59.1728744506836
2013-08-02,55.074485778808594
2013-08-05,54.801265716552734
2013-08-06,54.13772201538086
2013-08-07,56.011268615722656
2013-08-08,56.08932876586914
2013-08-12,54.84029769897461
2013-08-13,55.113525390625
2013-08-14,55.85513687133789
2013-08-16,54.44997787475586
2013-08-19,54.60610580444336
2013-08-20,54.37192153930664
2013-08-21,52.53739929199219
2013-08-22,52.34223556518555
2013-08-23,52.771583557128906
2013-08-26,53.78643035888672
2013-08-27,52.06901168823242
2013-08-28,48.946434020996094
2013-08-29,49.1415901184082
2013-08-30,49.72706985473633
2013-09-02,50.351593017578125
2013-09-03,49.33675384521485
2013-09-04,48.39997863769531
2013-09-05,50.66385269165039
2013-09-06,53.51320266723633
2013-09-10,53.55223083496094
2013-09-11,54.99642181396485
2013-09-12,55.69900894165039
2013-09-13,56.94804000854492
2013-09-16,58.70448684692383
2013-09-17,58.001914978027344
2013-09-18,57.10417175292969
2013-09-19,64.40320587158203
2013-09-20,58.62641906738281
2013-09-23,57.26028060913086
2013-09-24,55.113525390625
2013-09-25,54.56707000732422
2013-09-26,54.41093444824219
2013-09-27,54.41093444824219
2013-09-30,52.61545944213867
2013-10-01,53.27901077270508
2013-10-03,54.762237548828125
2013-10-04,55.30867767333984
2013-10-07,55.69900894165039
2013-10-08,56.12836456298828
2013-10-09,56.40159225463867
2013-10-10,56.59674453735352
2013-10-11,57.10417175292969
2013-10-14,59.83641052246094
2013-10-15,57.61158752441406
2013-10-17,56.40159225463867
2013-10-18,56.94804000854492
2013-10-21,57.84577941894531
2013-10-22,57.80675506591797
2013-10-23,58.47029495239258
2013-10-24,59.01675033569336
2013-10-25,58.07998275756836
2013-10-28,56.75287628173828
2013-10-29,57.53351974487305
2013-10-30,57.37739181518555
2013-10-31,65.53511810302734
2013-11-01,73.02932739257812
2013-11-05,87.5102767944336
2013-11-06,80.56254577636719
2013-11-07,77.94738006591797
2013-11-08,74.66868591308594
2013-11-11,71.70223236083984
2013-11-12,71.1948013305664
2013-11-13,71.74125671386719
2013-11-14,74.55158233642578
2013-11-18,81.57737731933594
2013-11-19,83.2947998046875
2013-11-20,84.81705474853516
2013-11-21,82.00674438476562
2013-11-22,79.27448272705078
2013-11-25,79.74286651611328
2013-11-26,78.72802734375
2013-11-27,78.10350799560547
2013-11-28,78.33769989013672
2013-11-29,78.92318725585938
2013-12-02,80.36737823486328
2013-12-03,79.78189849853516
2013-12-04,77.51803588867188
2013-12-05,79.85997009277344
2013-12-06,81.53833770751953
2013-12-09,84.66093444824219
2013-12-10,85.59770202636719
2013-12-11,86.37836456298828
2013-12-12,84.19254302978516
2013-12-13,81.38221740722656
2013-12-16,81.30416107177734
2013-12-17,81.10899353027344
2013-12-18,83.02156829833984
2013-12-19,81.46028137207031
2013-12-20,83.13866424560547
2013-12-23,83.9193115234375
2013-12-24,83.56803131103516
2013-12-26,88.56415557861328
2013-12-27,88.72028350830078
2013-12-30,90.55480194091795
2013-12-31,90.67190551757812
2014-01-01,90.90608978271484
2014-01-02,91.37448120117188
2014-01-03,89.4228744506836
2014-01-06,88.56415557861328
2014-01-07,86.69059753417969
2014-01-08,87.11995697021484
2014-01-09,86.53447723388672
2014-01-10,84.30963897705078
2014-01-13,85.51964569091797
2014-01-14,83.76318359375
2014-01-15,84.77802276611328
2014-01-16,84.11447143554688
2014-01-17,83.68511962890625
2014-01-20,85.81339263916016
2014-01-21,86.01416778564453
2014-01-22,85.73307800292969
2014-01-23,87.54010772705078
2014-01-24,86.13465118408203
2014-01-27,81.31591796875
2014-01-28,78.62545776367188
2014-01-29,78.14359283447266
2014-01-30,74.20831298828125
2014-01-31,79.99076843261719
2014-02-03,79.5490493774414
2014-02-04,77.90264892578125
2014-02-05,78.6656265258789
2014-02-06,78.14359283447266
2014-02-07,78.50499725341797
2014-02-10,77.05938720703125
2014-02-11,77.05938720703125
2014-02-12,76.93891906738281
2014-02-13,76.05546569824219
2014-02-14,74.56970977783203
2014-02-17,72.8028335571289
2014-02-18,73.4453353881836
2014-02-19,72.08004760742188
2014-02-20,69.8714599609375
2014-02-21,71.91941833496094
2014-02-24,71.15645599365234
2014-02-25,69.75099182128906
2014-02-26,69.67068481445312
2014-02-28,70.75489807128906
2014-03-03,72.682373046875
2014-03-04,74.36891174316406
2014-03-05,78.70576477050781
2014-03-06,81.99858093261719
2014-03-07,85.85354614257812
2014-03-10,85.77323913574219
2014-03-11,84.9701156616211
2014-03-12,82.44029998779297
2014-03-13,84.56855010986328
2014-03-14,84.80949401855469
2014-03-18,85.09059143066406
2014-03-19,86.45589447021484
2014-03-20,85.77323913574219
2014-03-21,87.01808166503906
2014-03-24,87.98182678222656
2014-03-25,85.33153533935547
2014-03-26,85.1307373046875
2014-03-27,87.82119750976562
2014-03-28,90.47149658203124
2014-03-31,92.23835754394533
2014-04-01,90.67227935791016
2014-04-02,93.44303131103516
2014-04-03,93.00132751464844
2014-04-04,93.16194915771484
2014-04-07,94.52725219726562
2014-04-09,103.76313018798828
2014-04-10,106.85514831542967
2014-04-11,104.4056167602539
2014-04-15,104.52609252929688
2014-04-16,104.48595428466795
2014-04-17,105.57013702392578
2014-04-21,105.5299835205078
2014-04-22,104.7268524169922
2014-04-23,105.16859436035156
2014-04-24,105.16859436035156
2014-04-25,106.29296875
2014-04-28,104.08438873291016
2014-04-29,104.04421997070312
2014-04-30,103.84344482421876
2014-05-02,102.19703674316406
2014-05-05,102.0765609741211
2014-05-06,100.83175659179688
2014-05-07,97.82003784179688
2014-05-08,93.84458923339844
2014-05-09,98.7837905883789
2014-05-12,97.57910919189452
2014-05-13,99.78768920898438
2014-05-14,111.63371276855467
2014-05-15,111.2321319580078
2014-05-16,118.13899993896484
2014-05-19,134.5627899169922
2014-05-20,136.12887573242188
2014-05-21,136.5304412841797
2014-05-22,135.60684204101562
2014-05-23,140.98776245117188
2014-05-26,140.58619689941406
2014-05-27,135.04464721679688
2014-05-28,134.44232177734375
2014-05-29,132.47467041015625
2014-05-30,137.17294311523438
2014-06-02,140.9074249267578
2014-06-03,138.65870666503906
2014-06-04,140.38539123535156
2014-06-05,143.71835327148438
2014-06-06,148.77801513671875
2014-06-09,147.53318786621094
2014-06-10,148.81817626953125
2014-06-11,143.79869079589844
2014-06-12,140.66650390625
2014-06-13,139.2208709716797
2014-06-16,136.61074829101562
2014-06-17,140.8271026611328
2014-06-18,142.1522674560547
2014-06-19,137.05245971679688
2014-06-20,132.39434814453125
2014-06-23,147.28518676757812
2014-06-24,145.4187469482422
2014-06-25,144.97242736816406
2014-06-26,143.99862670898438
2014-06-27,145.37815856933594
2014-06-30,149.1921844482422
2014-07-01,145.09414672851562
2014-07-02,148.0155029296875
2014-07-03,146.1491241455078
2014-07-04,150.9368896484375
2014-07-07,147.89378356933594
2014-07-08,140.8744354248047
2014-07-09,138.31820678710938
2014-07-10,136.5735321044922
2014-07-11,130.5279541015625
2014-07-14,126.75450134277344
2014-07-15,128.8238067626953
2014-07-16,129.43243408203125
2014-07-17,130.04104614257812
2014-07-18,128.90496826171875
2014-07-21,131.0148162841797
2014-07-22,131.1771240234375
2014-07-23,130.5279541015625
2014-07-24,130.36563110351562
2014-07-25,127.97174072265624
2014-07-28,121.56099700927734
2014-07-30,122.6970672607422
2014-07-31,120.5872039794922
2014-08-01,118.84252166748048
2014-08-04,125.172119140625
2014-08-05,123.67086791992188
2014-08-06,120.26261138916016
2014-08-07,117.70640563964844
2014-08-08,113.73011016845705
2014-08-11,115.02849578857422
2014-08-12,111.70140838623048
2014-08-13,108.37429809570312
2014-08-14,110.24072265625
2014-08-18,114.90679931640624
2014-08-19,118.68020629882812
2014-08-20,116.93550872802734
2014-08-21,124.1983413696289
2014-08-22,124.44178771972656
2014-08-25,118.07160949707033
2014-08-26,117.54413604736328
2014-08-27,117.21952056884766
2014-08-28,110.68704986572266
2014-09-01,114.66334533691406
2014-09-02,117.94986724853516
2014-09-03,120.87122344970705
2014-09-04,117.54413604736328
2014-09-05,118.63963317871094
2014-09-08,116.69206237792967
2014-09-09,117.78756713867188
2014-09-10,117.62527465820312
2014-09-11,123.67086791992188
2014-09-12,126.67337799072266
2014-09-15,130.16275024414062
2014-09-16,126.83567810058594
2014-09-17,123.54914093017578
2014-09-18,123.1839828491211
2014-09-19,127.40371704101562
2014-09-22,125.4155731201172
2014-09-23,122.4941864013672
2014-09-24,122.08847045898438
2014-09-25,122.12902069091795
2014-09-26,123.3056869506836
2014-09-29,123.58970642089844
2014-09-30,124.9286651611328
2014-10-01,123.4679718017578
2014-10-07,125.61843872070312
2014-10-08,121.47984313964844
2014-10-09,122.57536315917967
2014-10-10,121.35811614990234
2014-10-13,123.42742156982422
2014-10-14,124.15775299072266
2014-10-15,124.15775299072266
2014-10-16,124.44178771972656
2014-10-17,124.7258071899414
2014-10-20,128.13404846191406
2014-10-21,133.81443786621094
2014-10-22,133.165283203125
2014-10-27,134.4636688232422
2014-10-28,134.7071075439453
2014-10-29,136.08663940429688
2014-10-30,135.5591583251953
2014-10-31,135.35630798339844
2014-11-03,135.3157196044922
2014-11-05,137.50672912597656
2014-11-07,139.73831176757812
2014-11-10,144.28265380859375
2014-11-11,146.87942504882812
2014-11-12,143.91751098632812
2014-11-13,146.5954132080078
2014-11-14,147.08230590820312
2014-11-17,149.51675415039062
2014-11-18,153.2090606689453
2014-11-19,152.31640625
2014-11-20,147.9343719482422
2014-11-21,147.7314910888672
2014-11-24,151.01803588867188
2014-11-25,150.20654296875
2014-11-26,147.8126678466797
2014-11-27,148.2589569091797
2014-11-28,153.97994995117188
2014-12-01,152.8844451904297
2014-12-02,159.09234619140625
2014-12-03,169.07363891601562
2014-12-04,165.21908569335938
2014-12-05,163.06863403320312
2014-12-08,157.38821411132812
2014-12-09,150.89630126953125
2014-12-10,153.08731079101562
2014-12-11,155.72467041015625
2014-12-12,151.34262084960938
2014-12-15,156.17095947265625
2014-12-16,150.6934356689453
2014-12-17,151.62661743164062
2014-12-18,154.83201599121094
2014-12-19,156.5361328125
2014-12-22,160.5935821533203
2014-12-23,167.36952209472656
2014-12-24,162.17599487304688
2014-12-26,167.69410705566406
2014-12-29,176.37705993652344
2014-12-30,175.32212829589844
2014-12-31,176.8639373779297
2015-01-01,178.6897735595703
2015-01-02,174.75405883789062
2015-01-05,172.19789123535156
2015-01-06,162.5411834716797
2015-01-07,159.6198272705078
2015-01-08,166.47689819335938
2015-01-09,170.3314666748047
2015-01-12,173.53684997558594
2015-01-13,175.7278289794922
2015-01-14,173.86143493652344
2015-01-15,174.7135009765625
2015-01-16,172.80648803710938
2015-01-19,171.3458251953125
2015-01-20,171.3052520751953
2015-01-21,175.7278289794922
2015-01-22,171.9138641357422
2015-01-23,171.5892791748047
2015-01-27,170.04742431640625
2015-01-28,170.2908935546875
2015-01-29,161.36451721191406
2015-01-30,150.73399353027344
2015-02-02,151.38319396972656
2015-02-03,147.9343719482422
2015-02-04,147.36631774902344
2015-02-05,146.02734375
2015-02-06,144.28265380859375
2015-02-09,142.49742126464844
2015-02-10,144.8101348876953
2015-02-11,147.52862548828125
2015-02-12,148.34014892578125
2015-02-13,151.0991668701172
2015-02-16,150.1659698486328
2015-02-18,148.86756896972656
2015-02-19,146.1491241455078
2015-02-20,153.00616455078125
2015-02-23,151.70777893066406
2015-02-24,150.9368896484375
2015-02-25,152.64100646972656
2015-02-26,151.3020477294922
2015-02-27,154.66973876953125
2015-03-02,144.8101348876953
2015-03-03,143.87692260742188
2015-03-04,140.2252197265625
2015-03-05,141.60475158691406
2015-03-09,138.03421020507812
2015-03-10,142.17282104492188
2015-03-11,141.19900512695312
2015-03-12,141.9699249267578
2015-03-13,143.51177978515625
2015-03-16,140.7932891845703
2015-03-17,144.44496154785156
2015-03-18,143.14657592773438
2015-03-19,142.09164428710938
2015-03-20,139.98175048828125
2015-03-23,138.1153564453125
2015-03-24,138.80511474609375
2015-03-25,136.2895050048828
2015-03-26,133.24642944335938
2015-03-27,135.80264282226562
2015-03-30,139.08912658691406
2015-03-31,140.75270080566406
2015-04-01,140.06292724609375
2015-04-06,137.7501678466797
2015-04-07,134.66653442382812
2015-04-08,134.7071075439453
2015-04-09,136.8575439453125
2015-04-10,137.83132934570312
2015-04-13,137.83132934570312
2015-04-15,140.67152404785156
2015-04-16,135.3157196044922
2015-04-17,132.75953674316406
2015-04-20,131.0959930419922
2015-04-21,130.24392700195312
2015-04-22,130.77139282226562
2015-04-23,127.44428253173828
2015-04-24,124.44178771972656
2015-04-27,120.30319213867188
2015-04-28,118.7613525390625
2015-04-29,115.3936996459961
2015-04-30,113.52725219726562
2015-05-04,117.54413604736328
2015-05-05,116.57032775878906
2015-05-06,116.28632354736328
2015-05-07,116.97608184814452
2015-05-08,117.94986724853516
2015-05-11,120.95237731933594
2015-05-12,121.68270111083984
2015-05-13,125.78072357177734
2015-05-14,129.1078338623047
2015-05-15,130.08160400390625
2015-05-18,129.79757690429688
2015-05-19,128.3774871826172
2015-05-20,128.98609924316406
2015-05-21,128.74266052246094
2015-05-22,130.3250732421875
2015-05-25,129.14842224121094
2015-05-26,128.3774871826172
2015-05-27,131.6640167236328
2015-05-28,131.70460510253906
2015-05-29,135.275146484375
2015-06-01,134.54483032226562
2015-06-02,131.05538940429688
2015-06-03,129.83816528320312
2015-06-04,127.28199005126952
2015-06-05,122.9811019897461
2015-06-08,118.19329833984376
2015-06-09,117.0572280883789
2015-06-10,116.7326431274414
2015-06-11,115.069091796875
2015-06-12,115.59654235839844
2015-06-15,117.34123992919922
2015-06-16,120.46548461914062
2015-06-17,120.74951934814452
2015-06-18,120.18147277832033
2015-06-19,117.9904327392578
2015-06-22,124.320068359375
2015-06-23,126.57282257080078
2015-06-24,124.7789535522461
2015-06-25,120.23167419433594
2015-06-26,120.14822387695312
2015-06-29,116.72735595703124
2015-06-30,118.60466766357422
2015-07-01,119.89791870117188
2015-07-02,116.7690658569336
2015-07-03,116.47705078125
2015-07-06,117.81201934814452
2015-07-07,116.18502044677734
2015-07-08,115.01689910888672
2015-07-09,115.10034942626952
2015-07-10,114.432861328125
2015-07-13,114.22425079345705
2015-07-14,114.5997314453125
2015-07-15,115.35066223144533
2015-07-16,115.26721954345705
2015-07-17,115.43408966064452
2015-07-20,113.8070831298828
2015-07-21,108.92605590820312
2015-07-22,111.345703125
2015-07-23,113.68192291259766
2015-07-24,116.10157012939452
2015-07-27,112.05492401123048
2015-07-28,109.4266586303711
2015-07-29,106.88186645507812
2015-07-30,106.54812622070312
2015-07-31,110.46961212158205
2015-08-03,120.81574249267578
2015-08-04,128.19984436035156
2015-08-05,130.4943389892578
2015-08-06,125.98876953125
2015-08-07,123.7777099609375
2015-08-10,125.07097625732422
2015-08-11,123.1519546508789
2015-08-12,121.52491760253906
2015-08-13,117.64515686035156
2015-08-14,124.11148834228516
2015-08-17,135.58396911621094
2015-08-18,127.74093627929688
2015-08-19,123.9028778076172
2015-08-20,118.8132553100586
2015-08-21,116.6021957397461
2015-08-24,104.08676147460938
2015-08-25,107.6745147705078
2015-08-26,110.42792510986328
2015-08-27,110.92852020263672
2015-08-28,111.345703125
2015-08-31,111.2205581665039
2015-09-01,107.92484283447266
2015-09-02,104.2119140625
2015-09-03,107.17389678955078
2015-09-04,105.67204284667967
2015-09-07,104.0033187866211
2015-09-08,105.46345520019533
2015-09-09,106.21438598632812
2015-09-10,105.33829498291016
2015-09-11,104.33707427978516
2015-09-14,104.79595947265624
2015-09-15,105.00455474853516
2015-09-16,104.46221923828124
2015-09-18,109.30152130126952
2015-09-21,112.34693908691406
2015-09-22,114.09910583496094
2015-09-23,112.7641143798828
2015-09-24,109.9690170288086
2015-09-28,111.01197814941406
2015-09-29,113.09788513183594
2015-09-30,113.09788513183594
2015-10-01,111.51258850097656
2015-10-05,114.80831146240234
2015-10-06,116.6021957397461
2015-10-07,116.72735595703124
2015-10-08,118.1040496826172
2015-10-09,117.47827911376952
2015-10-12,115.10034942626952
2015-10-13,115.60095977783205
2015-10-14,114.9334716796875
2015-10-15,116.31016540527344
2015-10-16,116.26846313476562
2015-10-19,116.68563842773438
2015-10-20,114.09910583496094
2015-10-21,113.22301483154295
2015-10-23,111.55430603027344
2015-10-26,111.13712310791016
2015-10-27,110.67822265625
2015-10-28,108.46714782714844
2015-10-29,107.42420196533205
2015-10-30,104.17019653320312
2015-11-02,111.26228332519533
2015-11-03,107.42420196533205
2015-11-04,106.08924102783205
2015-11-05,106.38125610351562
2015-11-06,106.38125610351562
2015-11-09,106.08924102783205
2015-11-10,105.33829498291016
2015-11-13,104.71253204345705
2015-11-16,104.87940216064452
2015-11-17,105.92235565185548
2015-11-18,104.9628448486328
2015-11-19,105.33829498291016
2015-11-20,104.9628448486328
2015-11-23,105.33829498291016
2015-11-24,104.58736419677734
2015-11-26,105.4217300415039
2015-11-27,109.34324645996094
2015-11-30,109.4266586303711
2015-12-01,109.13465118408205
2015-12-02,107.88311004638672
2015-12-03,105.75547790527344
2015-12-04,106.00579833984376
2015-12-07,106.46467590332033
2015-12-08,104.75425720214844
2015-12-09,103.2106704711914
2015-12-10,101.87570190429688
2015-12-11,97.70387268066406
2015-12-14,95.15907287597656
2015-12-15,95.45110321044922
2015-12-16,95.28423309326172
2015-12-17,95.4093780517578
2015-12-18,94.1578369140625
2015-12-21,95.5345458984375
2015-12-22,94.61673736572266
2015-12-23,94.0326690673828
2015-12-24,95.4093780517578
2015-12-28,96.07686614990234
2015-12-29,95.74313354492188
2015-12-30,95.15907287597656
2015-12-31,96.368896484375
2016-01-01,95.82656860351562
2016-01-04,94.44986724853516
2016-01-05,93.86581420898438
2016-01-06,92.36395263671876
2016-01-07,90.02774810791016
2016-01-08,89.73572540283203
2016-01-11,87.81668090820312
2016-01-12,83.10253143310547
2016-01-13,82.35160064697266
2016-01-14,79.22274017333984
2016-01-15,78.30494689941406
2016-01-18,75.17608642578125
2016-01-19,75.71842956542969
2016-01-20,74.42515563964844
2016-01-21,74.04969024658203
2016-01-22,76.80309295654297
2016-01-25,77.42886352539062
2016-01-27,78.13806915283203
2016-01-28,75.46810150146484
2016-01-29,76.3024673461914
2016-02-01,76.59449005126953
2016-02-02,73.71595001220703
2016-02-03,70.6288070678711
2016-02-04,71.00426483154297
2016-02-05,71.75519561767578
2016-02-08,73.38220977783203
2016-02-09,72.33924865722656
2016-02-10,71.17115020751953
2016-02-11,67.33307647705078
2016-02-12,69.50242614746094
2016-02-15,71.63003540039062
2016-02-16,71.46318054199219
2016-02-17,72.75643157958984
2016-02-18,72.42269134521484
2016-02-19,71.79691314697266
2016-02-22,70.6288070678711
2016-02-23,69.12696075439453
2016-02-24,67.41650390625
2016-02-25,65.33060455322266
2016-02-26,64.45452117919922
2016-02-29,63.45329284667969
2016-03-01,63.87046813964844
2016-03-02,70.2950668334961
2016-03-03,76.84480285644531
2016-03-04,83.68659210205078
2016-03-08,83.9786148071289
2016-03-09,85.8559341430664
2016-03-10,85.77249145507812
2016-03-11,83.43628692626953
2016-03-14,84.4375
2016-03-15,83.01909637451172
2016-03-16,82.60191345214844
2016-03-17,85.23016357421875
2016-03-18,85.52218627929688
2016-03-21,89.65226745605469
2016-03-22,89.6105728149414
2016-03-23,88.5676040649414
2016-03-28,85.8559341430664
2016-03-29,84.22891235351562
2016-03-30,86.60686492919922
2016-03-31,86.69029235839844
2016-04-01,87.35777282714844
2016-04-04,87.81668090820312
2016-04-05,85.48046112060547
2016-04-06,85.06327819824219
2016-04-07,82.93566131591797
2016-04-08,82.81050109863281
2016-04-11,82.56019592285156
2016-04-12,82.60191345214844
2016-04-13,82.97737884521484
2016-04-18,81.68411254882812
2016-04-20,81.43380737304688
2016-04-21,83.64486694335938
2016-04-22,83.9786148071289
2016-04-25,83.35284423828125
2016-04-26,83.85346221923828
2016-04-27,83.51971435546875
2016-04-28,82.51847839355469
2016-04-29,81.35037231445312
2016-05-02,80.2239761352539
2016-05-03,79.97367095947266
2016-05-04,79.55648040771484
2016-05-05,76.46934509277344
2016-05-06,76.01045227050781
2016-05-09,77.42886352539062
2016-05-10,78.09635162353516
2016-05-11,75.1343765258789
2016-05-12,71.92206573486328
2016-05-13,75.92701721191406
2016-05-16,75.63497161865234
2016-05-17,75.96873474121094
2016-05-18,76.09387969970703
2016-05-19,75.1343765258789
2016-05-20,75.21780395507812
2016-05-23,75.4263916015625
2016-05-24,75.1343765258789
2016-05-25,74.75890350341797
2016-05-26,74.59203338623047
2016-05-27,77.0951156616211
2016-05-30,77.76261138916016
2016-05-31,75.8018569946289
2016-06-01,75.59326934814453
2016-06-02,76.55278778076172
2016-06-03,76.84480285644531
2016-06-06,79.3896255493164
2016-06-07,81.2669448852539
2016-06-08,86.60686492919922
2016-06-09,88.2338638305664
2016-06-10,87.56637573242188
2016-06-13,87.98355865478516
2016-06-14,89.1933822631836
2016-06-15,99.37261199951172
2016-06-16,101.24992370605467
2016-06-17,103.4609832763672
2016-06-20,118.22918701171876
2016-06-21,117.8537368774414
2016-06-22,113.05615997314452
2016-06-23,116.09347534179688
2016-06-24,112.71868133544922
2016-06-27,118.4136734008789
2016-06-28,118.83553314208984
2016-06-29,118.11837005615234
2016-06-30,119.13082122802734
2016-07-01,119.42611694335938
2016-07-04,127.65222930908205
2016-07-05,126.344482421875
2016-07-07,127.44129943847656
2016-07-08,126.9772491455078
2016-07-11,128.74905395507812
2016-07-12,129.12869262695312
2016-07-13,130.43643188476562
2016-07-14,133.34722900390625
2016-07-15,132.8409881591797
2016-07-18,134.570556640625
2016-07-19,130.56300354003906
2016-07-20,130.60516357421875
2016-07-21,125.58513641357422
2016-07-22,123.0540542602539
2016-07-25,128.83340454101562
2016-07-26,129.00213623046875
2016-07-27,129.12869262695312
2016-07-28,130.85829162597656
2016-07-29,133.26283264160156
2016-08-01,131.02703857421875
2016-08-02,157.22398376464844
2016-08-03,151.9508819580078
2016-08-04,166.8843994140625
2016-08-05,170.4279327392578
2016-08-08,166.54690551757812
2016-08-09,171.60911560058594
2016-08-10,167.5171661376953
2016-08-11,162.750244140625
2016-08-12,172.28408813476562
2016-08-16,172.79029846191406
2016-08-17,183.4209747314453
2016-08-18,192.49075317382807
2016-08-19,193.3766326904297
2016-08-22,188.82066345214844
2016-08-23,192.91261291503903
2016-08-24,192.6595153808593
2016-08-25,188.82066345214844
2016-08-26,187.80821228027344
2016-08-29,189.87527465820312
2016-08-30,193.2922821044922
2016-08-31,189.7909240722656
2016-09-01,188.65191650390625
2016-09-02,185.15054321289065
2016-09-06,198.35450744628903
2016-09-07,197.0045623779297
2016-09-08,198.0592041015625
2016-09-09,192.91261291503903
2016-09-12,182.70379638671875
2016-09-14,184.39122009277344
2016-09-15,180.88986206054688
2016-09-16,183.0412750244141
2016-09-19,182.7460021972656
2016-09-20,182.66162109375
2016-09-21,180.67892456054688
2016-09-22,182.7460021972656
2016-09-23,180.3836212158203
2016-09-26,176.50259399414062
2016-09-27,174.56207275390625
2016-09-28,192.111083984375
2016-09-29,177.09317016601562
2016-09-30,178.1056365966797
2016-10-03,188.82066345214844
2016-10-04,188.8628387451172
2016-10-05,187.5551147460937
2016-10-06,182.9569396972656
2016-10-07,186.3317413330078
2016-10-10,181.9444732666016
2016-10-13,176.1651153564453
2016-10-14,177.34629821777344
2016-10-17,176.41822814941406
2016-10-18,178.654052734375
2016-10-19,186.2473602294922
2016-10-20,190.04400634765625
2016-10-21,190.08621215820312
2016-10-24,193.925048828125
2016-10-25,192.27984619140625
2016-10-26,189.6221923828125
2016-10-27,184.01153564453125
2016-10-28,196.160873413086
2016-11-01,191.3939514160156
2016-11-02,185.4036865234375
2016-11-03,177.4306640625
2016-11-04,173.80276489257812
2016-11-07,177.1775360107422
2016-11-08,182.2397918701172
2016-11-09,191.43614196777344
2016-11-10,226.40760803222656
2016-11-11,211.3475036621093
2016-11-15,211.5162506103516
2016-11-16,205.1041412353516
2016-11-17,209.1116943359375
2016-11-18,220.9657440185547
2016-11-21,210.9678649902344
2016-11-22,208.60549926757807
2016-11-23,206.7071533203125
2016-11-24,201.771484375
2016-11-25,204.2604217529297
2016-11-28,204.1338653564453
2016-11-29,203.1214294433593
2016-11-30,214.08956909179688
2016-12-01,208.3523712158203
2016-12-02,205.4837646484375
2016-12-05,203.66981506347656
2016-12-06,203.0792388916016
2016-12-07,204.0073089599609
2016-12-08,206.11656188964844
2016-12-09,206.411865234375
2016-12-12,202.783935546875
2016-12-13,207.04461669921875
2016-12-14,202.8261108398437
2016-12-15,203.7120056152344
2016-12-16,195.1484375
2016-12-19,193.33447265625
2016-12-20,185.2349395751953
2016-12-21,178.86497497558594
2016-12-22,169.4998779296875
2016-12-23,176.71353149414062
2016-12-26,170.68104553222656
2016-12-27,177.05101013183594
2016-12-28,180.42581176757807
2016-12-29,182.9569396972656
2016-12-30,186.3317413330078
2017-01-02,187.80821228027344
2017-01-03,188.98941040039065
2017-01-04,190.42369079589844
2017-01-05,191.9845428466797
2017-01-06,197.5529937744141
2017-01-09,198.2279357910156
2017-01-10,198.6076202392578
2017-01-11,210.039779663086
2017-01-12,210.54600524902344
2017-01-13,208.225830078125
2017-01-16,209.06951904296875
2017-01-17,208.3523712158203
2017-01-18,209.57574462890625
2017-01-19,210.75694274902344
2017-01-20,206.1587677001953
2017-01-23,208.2680053710937
2017-01-24,217.3377990722656
2017-01-25,229.8246154785156
2017-01-27,225.5639190673828
2017-01-30,229.6980438232422
2017-01-31,229.6980438232422
2017-02-01,230.87921142578125
2017-02-02,237.8819732666016
2017-02-03,245.39089965820312
2017-02-06,246.40335083007807
2017-02-07,246.6986846923828
2017-02-08,251.8452606201172
2017-02-09,256.57000732421875
2017-02-10,255.81065368652344
2017-02-13,242.98634338378903
2017-02-14,242.1004943847656
2017-02-15,234.76025390625
2017-02-16,244.2097625732422
2017-02-17,245.5174865722656
2017-02-20,244.8846740722656
2017-02-21,246.0658721923828
2017-02-22,243.91441345214844
2017-02-23,245.5596466064453
2017-02-27,247.8798065185547
2017-02-28,243.4082489013672
2017-03-01,242.73326110839844
2017-03-02,236.1101989746093
2017-03-03,241.5099029541016
2017-03-06,240.4974060058593
2017-03-07,239.18972778320312
2017-03-08,235.94146728515625
2017-03-09,228.6434326171875
2017-03-10,225.3529815673828
2017-03-14,232.22915649414065
2017-03-15,230.9214324951172
2017-03-16,234.5071716308593
2017-03-17,240.4130859375
2017-03-20,227.84190368652344
2017-03-21,224.0452117919922
2017-03-22,217.37998962402344
2017-03-23,220.3751678466797
2017-03-24,221.9781646728516
2017-03-27,222.8218994140625
2017-03-28,224.0030517578125
2017-03-29,222.3578338623047
2017-03-30,222.90626525878903
2017-03-31,234.76025390625
2017-04-03,237.03826904296875
2017-04-05,238.76785278320312
2017-04-06,237.4179077148437
2017-04-07,228.0106658935547
2017-04-10,228.0950164794922
2017-04-11,231.46983337402344
2017-04-12,222.104736328125
2017-04-13,222.40000915527344
2017-04-17,217.9283905029297
2017-04-18,217.25343322753903
2017-04-19,213.7098846435547
2017-04-20,217.0425262451172
2017-04-21,219.4470672607422
2017-04-24,240.53965759277344
2017-04-25,261.4212951660156
2017-04-26,258.9323425292969
2017-04-27,265.1335754394531
2017-04-28,269.2255249023437
2017-05-02,269.9005126953125
2017-05-03,283.273193359375
2017-05-04,293.56640625
2017-05-05,283.90594482421875
2017-05-08,298.1223449707031
2017-05-09,294.1147766113281
2017-05-10,297.95361328125
2017-05-11,300.7378234863281
2017-05-12,298.923828125
2017-05-15,302.6783447265625
2017-05-16,305.2094421386719
2017-05-17,302.72052001953125
2017-05-18,297.2364807128906
2017-05-19,290.65557861328125
2017-05-22,280.3202209472656
2017-05-23,274.0346374511719
2017-05-24,272.8534545898437
2017-05-25,279.4764709472656
2017-05-26,275.0892639160156
2017-05-29,267.1162414550781
2017-05-30,266.7787780761719
2017-05-31,266.9053649902344
2017-06-01,273.40185546875
2017-06-02,273.35888671875
2017-06-05,271.8545227050781
2017-06-06,267.12664794921875
2017-06-07,270.00634765625
2017-06-08,265.0205383300781
2017-06-09,263.903076171875
2017-06-12,255.1779327392578
2017-06-13,257.1980285644531
2017-06-14,263.0863952636719
2017-06-15,265.794189453125
2017-06-16,264.5047912597656
2017-06-19,265.0635681152344
2017-06-20,258.9172668457031
2017-06-21,258.4874572753906
2017-06-22,256.51031494140625
2017-06-23,248.60183715820312
2017-06-27,237.1259002685547
2017-06-28,242.24061584472656
2017-06-29,240.82228088378903
2017-06-30,242.8423767089844
2017-07-03,245.89404296875
2017-07-04,243.18624877929688
2017-07-05,240.77931213378903
2017-07-06,261.2382202148437
2017-07-07,257.1120910644531
2017-07-10,263.903076171875
2017-07-11,254.6191864013672
2017-07-12,263.34429931640625
2017-07-13,261.7969665527344
2017-07-14,271.8115539550781
2017-07-17,272.8001403808594
2017-07-18,274.0895690917969
2017-07-19,283.4594116210937
2017-07-20,284.0180969238281
2017-07-21,282.7716979980469
2017-07-24,277.2271423339844
2017-07-25,276.1955871582031
2017-07-26,270.6940612792969
2017-07-27,266.3099670410156
2017-07-28,265.1924743652344
2017-07-31,269.3616638183594
2017-08-01,263.5162048339844
2017-08-02,267.8143310546875
2017-08-03,256.6822204589844
2017-08-04,261.49615478515625
2017-08-07,262.0118713378906
2017-08-08,258.2295837402344
2017-08-09,254.6191864013672
2017-08-10,235.4066772460937
2017-08-11,240.5643768310547
2017-08-14,252.6420288085937
2017-08-16,253.84548950195312
2017-08-17,261.88299560546875
2017-08-18,261.4101867675781
2017-08-21,255.2209014892578
2017-08-22,249.4185028076172
2017-08-23,256.51031494140625
2017-08-24,253.54464721679688
2017-08-28,252.68502807617188
2017-08-29,248.85972595214844
2017-08-30,249.5474090576172
2017-08-31,246.1948699951172
2017-09-01,250.106201171875
2017-09-04,244.86251831054688
2017-09-05,245.3352966308593
2017-09-06,244.0028686523437
2017-09-07,239.4468688964844
2017-09-08,234.16021728515625
2017-09-11,241.1661071777344
2017-09-12,243.0143280029297
2017-09-13,243.9169158935547
2017-09-14,244.2607879638672
2017-09-15,243.4441375732422
2017-09-18,245.1203765869141
2017-09-19,245.07742309570312
2017-09-20,243.9169158935547
2017-09-21,241.9827880859375
2017-09-22,233.7304077148437
2017-09-25,227.19729614257807
2017-09-26,226.5526123046875
2017-09-27,220.32034301757807
2017-09-28,222.4694061279297
2017-09-29,224.5754852294922
2017-10-03,226.122787475586
2017-10-04,229.7761688232422
2017-10-05,229.8621368408203
2017-10-06,232.01119995117188
2017-10-09,233.21466064453125
2017-10-10,237.72764587402344
2017-10-11,232.74188232421875
2017-10-12,234.33213806152344
2017-10-13,234.718994140625
2017-10-16,232.87078857421875
2017-10-17,233.171630859375
2017-10-18,226.1657867431641
2017-10-19,221.82470703125
2017-10-23,227.025390625
2017-10-24,232.3120574951172
2017-10-25,281.26739501953125
2017-10-26,274.47637939453125
2017-10-27,263.43023681640625
2017-10-30,278.8174743652344
2017-10-31,270.60809326171875
2017-11-01,277.82891845703125
2017-11-02,288.7890319824219
2017-11-03,298.45977783203125
2017-11-06,324.33428955078125
2017-11-07,311.48297119140625
2017-11-08,318.44586181640625
2017-11-09,345.1370544433594
2017-11-10,348.48956298828125
2017-11-13,349.864990234375
2017-11-14,344.62127685546875
2017-11-15,336.3689270019531
2017-11-16,354.6358337402344
2017-11-17,354.6358337402344
2017-11-20,358.9769592285156
2017-11-21,352.2718505859375
2017-11-22,357.08575439453125
2017-11-23,353.7332458496094
2017-11-24,353.9051818847656
2017-11-27,355.1086730957031
2017-11-28,346.512451171875
2017-11-29,347.8878479003906
2017-11-30,337.5294189453125
2017-12-01,336.5838623046875
2017-12-04,330.1797180175781
2017-12-05,333.0163879394531
2017-12-06,326.09649658203125
2017-12-07,329.8358764648437
2017-12-08,330.86737060546875
2017-12-11,332.8874816894531
2017-12-12,322.443115234375
2017-12-13,321.54052734375
2017-12-14,321.1106872558594
2017-12-15,329.320068359375
2017-12-18,334.8645935058594
2017-12-19,336.7987670898437
2017-12-20,337.1855773925781
2017-12-21,336.45489501953125
2017-12-22,336.7987670898437
2017-12-26,333.7471008300781
2017-12-27,331.4691467285156
2017-12-28,326.87017822265625
2017-12-29,323.8185119628906
2018-01-01,324.205322265625
2018-01-02,322.8299255371094
2018-01-03,320.809814453125
2018-01-04,326.7841796875
2018-01-05,326.01055908203125
2018-01-08,327.2569885253906
2018-01-09,324.8930053710937
2018-01-10,321.02471923828125
2018-01-11,318.83270263671875
2018-01-12,321.7124328613281
2018-01-15,328.6323547363281
2018-01-16,318.0590515136719
2018-01-17,331.98492431640625
2018-01-18,323.7325134277344
2018-01-19,327.7297668457031
2018-01-22,328.4174499511719
2018-01-23,341.7845458984375
2018-01-24,346.512451171875
2018-01-25,324.7211303710937
2018-01-29,317.328369140625
2018-01-30,316.8125915527344
2018-01-31,311.6978759765625
2018-02-01,303.9613342285156
2018-02-02,292.5283508300781
2018-02-05,292.3564453125
2018-02-06,281.8261108398437
2018-02-07,283.9751281738281
2018-02-08,292.6573486328125
2018-02-09,291.75469970703125
2018-02-12,307.1848449707031
2018-02-14,300.30792236328125
2018-02-15,296.8694763183594
2018-02-16,289.64862060546875
2018-02-19,271.0809020996094
2018-02-20,281.6972045898437
2018-02-21,280.6226806640625
2018-02-22,274.6483154296875
2018-02-23,273.35888671875
2018-02-26,278.6025695800781
2018-02-27,267.9002380371094
2018-02-28,284.619873046875
2018-03-01,272.7141418457031
2018-03-05,262.8285217285156
2018-03-06,249.4614715576172
2018-03-07,244.0458374023437
2018-03-08,241.72488403320312
2018-03-09,239.3609619140625
2018-03-12,243.83094787597656
2018-03-13,252.3411560058593
2018-03-14,261.2812194824219
2018-03-15,261.8399963378906
2018-03-16,263.0863952636719
2018-03-19,252.4271545410156
2018-03-20,248.2150421142578
2018-03-21,249.9342498779297
2018-03-22,248.60183715820312
2018-03-23,241.46697998046875
2018-03-26,251.3096618652344
2018-03-27,263.6451721191406
2018-03-28,257.7138061523437
2018-04-02,259.69091796875
2018-04-03,264.2039489746094
2018-04-04,260.3786315917969
2018-04-05,272.7571105957031
2018-04-06,275.72283935546875
2018-04-09,276.79736328125
2018-04-10,278.5595397949219
2018-04-11,274.304443359375
2018-04-12,271.7685852050781
2018-04-13,275.9806823730469
2018-04-16,274.13250732421875
2018-04-17,274.1755065917969
2018-04-18,263.68817138671875
2018-04-19,267.5993957519531
2018-04-20,260.1636962890625
2018-04-23,265.9231262207031
2018-04-24,264.8486633300781
2018-04-25,262.65655517578125
2018-04-26,268.158203125
2018-04-27,269.9633483886719
2018-04-30,276.3675231933594
2018-05-02,263.903076171875
2018-05-03,267.9862060546875
2018-05-04,266.4819030761719
2018-05-07,276.1955871582031
2018-05-08,293.0441589355469
2018-05-09,294.5484924316406
2018-05-10,269.8344421386719
2018-05-11,273.40185546875
2018-05-14,269.3186950683594
2018-05-15,264.2898864746094
2018-05-16,258.9602355957031
2018-05-17,259.5619812011719
2018-05-18,258.3584899902344
2018-05-21,264.1179504394531
2018-05-22,263.30133056640625
2018-05-23,265.8371887207031
2018-05-24,263.9460144042969
2018-05-25,272.28436279296875
2018-05-28,288.5311279296875
2018-05-29,280.7085876464844
2018-05-30,286.16717529296875
2018-05-31,293.0011901855469
2018-06-01,290.2933959960937
2018-06-04,290.7231750488281
2018-06-05,283.8462219238281
2018-06-06,297.9869689941406
2018-06-07,302.2850341796875
2018-06-08,315.9960021972656
2018-06-11,314.66357421875
2018-06-12,311.0531921386719
2018-06-13,312.8583984375
2018-06-14,308.8611145019531
2018-06-15,301.8982238769531
2018-06-18,306.0243835449219
2018-06-19,304.9068908691406
2018-06-20,304.9498596191406
2018-06-21,300.2280578613281
2018-06-22,301.27734375
2018-06-25,303.33221435546875
2018-06-26,305.7368469238281
2018-06-27,303.63824462890625
2018-06-28,303.4633483886719
2018-06-29,300.5341186523437
2018-07-02,298.3043212890625
2018-07-03,296.77410888671875
2018-07-04,294.8941955566406
2018-07-05,295.1564636230469
2018-07-06,299.52850341796875
2018-07-09,304.60009765625
2018-07-10,312.1200256347656
2018-07-11,303.9880065917969
2018-07-12,303.9443054199219
2018-07-13,292.7081604003906
2018-07-16,282.3027038574219
2018-07-17,295.85601806640625
2018-07-18,287.1993713378906
2018-07-19,286.237548828125
2018-07-20,271.28515625
2018-07-23,279.6794738769531
2018-07-24,284.22637939453125
2018-07-25,290.216064453125
2018-07-26,309.75909423828125
2018-07-27,308.9721374511719
2018-07-30,316.7980651855469
2018-07-31,312.77587890625
2018-08-01,308.92840576171875
2018-08-02,311.1581420898437
2018-08-03,318.8529357910156
2018-08-06,329.5207214355469
2018-08-07,327.2035522460937
2018-08-08,310.4586181640625
2018-08-09,313.2567443847656
2018-08-10,302.6326904296875
2018-08-13,293.7574462890625
2018-08-14,299.00390625
2018-08-16,294.5444030761719
2018-08-17,298.4355163574219
2018-08-20,302.2391967773437
2018-08-21,298.39178466796875
2018-08-23,292.1397705078125
2018-08-24,286.6747131347656
2018-08-27,288.5547180175781
2018-08-28,284.66357421875
2018-08-29,286.2812194824219
2018-08-30,291.921142578125
2018-08-31,290.69696044921875
2018-09-03,287.4617004394531
2018-09-04,275.0888061523437
2018-09-05,270.716796875
2018-09-06,276.31298828125
2018-09-07,282.4338684082031
2018-09-10,279.9855041503906
2018-09-11,278.9799194335937
2018-09-12,281.0785522460937
2018-09-14,281.8217468261719
2018-09-17,279.15478515625
2018-09-18,254.93370056152344
2018-09-19,253.05372619628903
2018-09-21,238.4511108398437
2018-09-24,224.0233917236328
2018-09-25,206.62266540527344
2018-09-26,209.158432006836
2018-09-27,198.1846160888672
2018-09-28,198.8404083251953
2018-10-01,215.3230133056641
2018-10-03,220.39459228515625
2018-10-04,216.63462829589844
2018-10-05,200.6329498291016
2018-10-08,201.4636383056641
2018-10-09,197.3539276123047
2018-10-10,211.73794555664065
2018-10-11,202.0757293701172
2018-10-12,207.10357666015625
2018-10-15,207.6719512939453
2018-10-16,212.9621124267578
2018-10-17,197.65997314453125
2018-10-19,194.9492950439453
2018-10-22,191.0144805908203
2018-10-23,186.99220275878903
2018-10-24,189.3093719482422
2018-10-25,190.9270477294922
2018-10-26,194.3809356689453
2018-10-29,211.08213806152344
2018-10-30,224.41685485839844
2018-10-31,220.96295166015625
2018-11-01,219.17041015625
2018-11-02,217.2467193603516
2018-11-05,222.4931488037109
2018-11-06,225.55360412597656
2018-11-07,228.7452087402344
2018-11-09,200.6329498291016
2018-11-12,194.07489013671875
2018-11-13,194.90557861328125
2018-11-14,197.7474060058593
2018-11-15,197.5287933349609
2018-11-16,200.37063598632807
2018-11-19,200.5018005371093
2018-11-20,199.4087829589844
2018-11-21,202.3817749023437
2018-11-22,198.66555786132807
2018-11-26,195.7362823486328
2018-11-27,198.1408843994141
2018-11-28,193.7251434326172
2018-11-29,196.12974548339844
2018-11-30,200.9390106201172
2018-12-03,200.72039794921875
2018-12-04,197.17906188964844
2018-12-05,194.29348754882807
2018-12-06,189.0033416748047
2018-12-07,190.62098693847656
2018-12-10,189.8340301513672
2018-12-11,193.55026245117188
2018-12-12,198.8404083251953
2018-12-13,209.0272827148437
2018-12-14,209.9891357421875
2018-12-17,207.453353881836
2018-12-18,212.74351501464844
2018-12-19,217.5964813232422
2018-12-20,215.7602081298828
2018-12-21,209.3333282470703
2018-12-24,208.4589080810547
2018-12-26,209.9891357421875
2018-12-27,209.11471557617188
2018-12-28,212.1314239501953
2018-12-31,212.9621124267578
2019-01-01,219.78250122070312
2019-01-02,214.9732666015625
2019-01-03,214.667221069336
2019-01-04,218.38345336914065
2019-01-07,215.9351043701172
2019-01-08,225.4661560058593
2019-01-09,221.6187744140625
2019-01-10,220.0447998046875
2019-01-11,221.7499084472656
2019-01-14,220.65692138671875
2019-01-15,220.6132049560547
2019-01-16,224.76661682128903
2019-01-17,227.477294921875
2019-01-18,215.0606842041016
2019-01-21,213.0058441162109
2019-01-22,217.2467193603516
2019-01-23,217.2904357910156
2019-01-24,223.8047790527344
2019-01-25,208.4589080810547
2019-01-28,190.97076416015625
2019-01-29,197.0478973388672
2019-01-30,198.66555786132807
2019-01-31,197.09161376953125
2019-02-01,195.867431640625
2019-02-04,187.7354431152344
2019-02-05,187.1233673095703
2019-02-06,188.69729614257807
2019-02-07,191.2767944335937
2019-02-08,186.423828125
2019-02-11,180.4341278076172
2019-02-12,177.89834594726562
2019-02-14,202.20689392089844
2019-02-15,186.11778259277344
2019-02-18,182.7512969970703
2019-02-19,187.6917266845703
2019-02-20,193.55026245117188
2019-02-21,192.58840942382807
2019-02-22,193.1130523681641
2019-02-25,190.88331604003903
2019-02-26,193.0693206787109
2019-02-27,193.1130523681641
2019-02-28,196.39208984375
2019-03-01,200.6766815185547
2019-03-05,207.3221893310547
2019-03-06,223.0615234375
2019-03-07,218.4271697998047
2019-03-08,221.48760986328125
2019-03-11,229.44471740722656
2019-03-12,235.25949096679688
2019-03-13,234.60369873046875
2019-03-14,233.55441284179688
2019-03-15,233.64187622070312
2019-03-18,234.8660430908203
2019-03-19,238.49484252929688
2019-03-20,235.95904541015625
2019-03-22,231.368408203125
2019-03-25,220.96295166015625
2019-03-26,228.9200439453125
2019-03-27,230.9311981201172
2019-03-28,242.51710510253903
2019-04-01,247.71983337402344
2019-04-02,246.05845642089844
2019-04-03,239.9813232421875
2019-04-04,239.9813232421875
2019-04-05,239.10696411132807
2019-04-08,235.52186584472656
2019-04-09,237.3581085205078
2019-04-10,237.4455108642578
2019-04-11,235.7841796875
2019-04-12,240.33108520507807
2019-04-15,237.62042236328125
2019-04-16,235.30325317382807
2019-04-18,231.98048400878903
2019-04-22,224.154541015625
2019-04-23,221.0941162109375
2019-04-24,225.11639404296875
2019-04-25,221.66249084472656
2019-04-26,222.1434020996093
2019-04-30,220.6132049560547
2019-05-02,221.0941162109375
2019-05-03,222.01223754882807
2019-05-06,215.89138793945312
2019-05-07,211.0384063720703
2019-05-08,209.0272827148437
2019-05-09,208.32774353027344
2019-05-10,213.04953002929688
2019-05-13,199.58367919921875
2019-05-14,203.69338989257807
2019-05-15,201.419921875
2019-05-16,202.8189849853516
2019-05-17,206.0542755126953
2019-05-20,222.44943237304688
2019-05-21,216.1536865234375
2019-05-22,216.63462829589844
2019-05-23,221.48760986328125
2019-05-24,232.06793212890625
2019-05-27,236.78973388671875
2019-05-28,240.72457885742188
2019-05-29,241.1617584228516
2019-05-30,246.84542846679688
2019-05-31,241.73016357421875
2019-06-03,251.56724548339844
2019-06-04,238.97573852539065
2019-06-06,233.3795623779297
2019-06-07,233.1172332763672
2019-06-10,230.0130615234375
2019-06-11,235.8278961181641
2019-06-12,233.7292938232422
2019-06-13,227.3898468017578
2019-06-14,230.9749298095703
2019-06-17,225.772201538086
2019-06-18,225.9033660888672
2019-06-19,221.1815490722656
2019-06-20,230.9749298095703
2019-06-21,228.045654296875
2019-06-24,224.8540802001953
2019-06-25,229.70704650878903
2019-06-26,233.9916381835937
2019-06-27,229.48843383789065
2019-06-28,227.17124938964844
2019-07-01,226.3842620849609
2019-07-02,224.5043029785156
2019-07-03,226.2968292236328
2019-07-04,227.477294921875
2019-07-05,224.5480194091797
2019-07-08,211.1258544921875
2019-07-09,212.2188720703125
2019-07-10,213.0058441162109
2019-07-11,213.2244415283203
2019-07-12,211.8253936767578
2019-07-15,206.7975311279297
2019-07-16,203.4310607910156
2019-07-17,201.90084838867188
2019-07-18,197.87857055664065
2019-07-19,193.8562927246093
2019-07-22,190.5335388183593
2019-07-23,195.34278869628903
2019-07-24,190.0089111328125
2019-07-25,185.9866180419922
2019-07-26,186.16148376464844
2019-07-29,183.66944885253903
2019-07-30,161.89666748046875
2019-07-31,163.16458129882812
2019-08-01,163.60177612304688
2019-08-02,160.80364990234375
2019-08-05,165.7877960205078
2019-08-06,174.8816375732422
2019-08-07,173.87606811523438
2019-08-08,170.2472686767578
2019-08-09,171.51516723632812
2019-08-13,161.7655029296875
2019-08-14,160.4976348876953
2019-08-16,160.80364990234375
2019-08-19,160.4976348876953
2019-08-20,157.0
2019-08-21,151.84097290039062
2019-08-22,146.28848266601562
2019-08-23,145.58895874023438
2019-08-26,160.54135131835938
2019-08-27,168.41102600097656
2019-08-28,171.64633178710938
2019-08-29,167.2742919921875
2019-08-30,174.794189453125
2019-09-03,154.3767852783203
2019-09-04,145.67640686035156
2019-09-05,145.45779418945312
2019-09-06,143.70899963378906
2019-09-09,144.75828552246094
2019-09-11,146.28848266601562
2019-09-12,145.370361328125
2019-09-13,144.40850830078125
2019-09-16,143.4029541015625
2019-09-17,139.38064575195312
2019-09-18,139.11834716796875
2019-09-19,134.17791748046875
2019-09-20,135.53326416015625
2019-09-23,132.91004943847656
2019-09-24,129.4124298095703
2019-09-25,124.3408432006836
2019-09-26,120.9743881225586
2019-09-27,116.73350524902344
2019-09-30,109.56334686279295
2019-10-01,103.35503387451172
2019-10-03,105.80339050292967
2019-10-04,104.57921600341795
2019-10-07,103.87969207763672
2019-10-09,102.21831512451172
2019-10-10,99.3764877319336
2019-10-11,97.84628295898438
2019-10-14,97.05931854248048
2019-10-15,95.31049346923828
2019-10-16,95.26676940917967
2019-10-17,102.7429656982422
2019-10-18,107.37732696533205
2019-10-22,110.43775939941406
2019-10-23,124.95291900634766
2019-10-24,108.38288879394533
2019-10-25,109.78195190429688
2019-10-27,110.48147583007812
2019-10-29,110.83124542236328
2019-10-30,112.623779296875
2019-10-31,116.29629516601562
2019-11-01,116.12140655517578
2019-11-04,118.04510498046876
2019-11-05,112.5363311767578
2019-11-06,112.27400970458984
2019-11-07,111.39960479736328
2019-11-08,107.9894027709961
2019-11-11,106.59036254882812
2019-11-13,103.9671401977539
2019-11-14,100.11974334716795
2019-11-15,102.1308822631836
2019-11-18,104.01085662841795
2019-11-19,108.38288879394533
2019-11-20,107.0275650024414
2019-11-21,105.49735260009766
2019-11-22,104.18573760986328
2019-11-25,105.1475830078125
2019-11-26,105.67223358154295
2019-11-27,105.49735260009766
2019-11-28,110.04426574707033
2019-11-29,112.7112045288086
2019-12-02,110.35031127929688
2019-12-03,107.55220794677734
2019-12-04,109.73822784423828
2019-12-05,107.72708892822266
2019-12-06,104.22945404052734
2019-12-09,103.39876556396484
2019-12-10,102.17459869384766
2019-12-11,102.8741226196289
2019-12-12,103.09273529052734
2019-12-13,103.26760864257812
2019-12-16,101.64995574951172
2019-12-17,96.18489837646484
2019-12-18,96.14118194580078
2019-12-19,91.85658264160156
2019-12-20,93.99888610839844
2019-12-23,91.76913452148438
2019-12-24,91.5942611694336
2019-12-26,91.1133270263672
2019-12-27,91.72541046142578
2019-12-30,91.46309661865234
2019-12-31,88.27149963378906
2020-01-01,88.62126922607422
2020-01-02,89.9328842163086
2020-01-03,89.9328842163086
2020-01-06,87.57198333740234
2020-01-07,87.09104919433594
2020-01-08,85.86688232421875
2020-01-09,86.91617584228516
2020-01-10,86.34781646728516
2020-01-13,86.87244415283203
2020-01-14,86.56640625
2020-01-15,86.65385437011719
2020-01-16,89.49567413330078
2020-01-17,89.23336029052734
2020-01-20,90.80728912353516
2020-01-21,91.550537109375
2020-01-22,90.8947296142578
2020-01-23,91.37564849853516
2020-01-24,93.51795959472656
2020-01-27,92.9933090209961
2020-01-28,90.63241577148438
2020-01-29,90.7635726928711
2020-01-30,89.97660827636719
2020-01-31,90.45752716064452
2020-02-03,84.81759643554688
2020-02-04,84.0306167602539
2020-02-05,83.41854095458984
2020-02-06,84.5552749633789
2020-02-07,84.42411804199219
2020-02-10,83.59341430664062
2020-02-11,81.14508056640625
2020-02-12,78.39069366455078
2020-02-13,77.07908630371094
2020-02-14,74.28096771240234
2020-02-17,71.65775299072266
2020-02-18,70.1712646484375
2020-02-19,72.70703887939453
2020-02-20,72.92564392089844
2020-02-24,70.25869750976562
2020-02-25,69.99637603759766
2020-02-26,68.33499908447266
2020-02-27,66.14897918701172
2020-02-28,64.74993896484375
2020-03-02,62.03926086425781
2020-03-03,61.07741165161133
2020-03-04,62.12670516967773
2020-03-05,62.91366195678711
2020-03-06,61.07741165161133
2020-03-09,57.186302185058594
2020-03-11,54.91283798217773
2020-03-12,47.48036575317383
2020-03-13,49.0980224609375
2020-03-16,46.256195068359375
2020-03-17,45.11946105957031
2020-03-18,42.80228042602539
2020-03-19,43.23948669433594
2020-03-20,45.818992614746094
2020-03-23,39.6981315612793
2020-03-24,37.77443313598633
2020-03-25,38.12419509887695
2020-03-26,39.65441131591797
2020-03-27,39.56697082519531
2020-03-30,37.20606231689453
2020-03-31,37.686988830566406
2020-04-01,38.43024444580078
2020-04-03,39.17348861694336
2020-04-07,39.96045684814453
2020-04-08,40.00417709350586
2020-04-09,41.53438949584961
2020-04-13,40.13533782958984
2020-04-15,40.09161376953125
2020-04-16,40.13533782958984
2020-04-17,40.5288200378418
2020-04-20,47.08687973022461
2020-04-21,44.332496643066406
2020-04-22,42.80228042602539
2020-04-23,43.8078498840332
2020-04-24,42.36507797241211
2020-04-27,42.62739944458008
2020-04-28,44.944580078125
2020-04-29,45.11946105957031
2020-04-30,45.38178634643555
2020-05-04,41.140907287597656
2020-05-05,40.70370101928711
2020-05-06,40.79114532470703
2020-05-07,41.05346298217773
2020-05-08,40.65998077392578
2020-05-11,40.5288200378418
2020-05-12,40.92230224609375
2020-05-13,42.62739944458008
2020-05-14,41.5781135559082
2020-05-15,41.403228759765625
2020-05-18,39.47952651977539
2020-05-19,39.0860481262207
2020-05-20,39.34837341308594
2020-05-21,39.39208984375
2020-05-22,38.69256210327149
2020-05-26,38.605125427246094
2020-05-27,38.38652038574219
2020-05-28,38.16791915893555
2020-05-29,38.2553596496582
2020-06-01,40.65998077392578
2020-06-02,40.79114532470703
2020-06-03,43.19576644897461
2020-06-04,44.02645111083984
2020-06-05,47.13059997558594
2020-06-08,46.82455825805664
2020-06-09,45.90642929077149
2020-06-10,48.44221496582031
2020-06-11,47.96128845214844
2020-06-12,47.69896697998047
2020-06-15,49.18546295166016
2020-06-16,47.567813873291016
2020-06-17,47.567813873291016
2020-06-18,48.485939025878906
2020-06-19,49.14174270629883
2020-06-22,56.268165588378906
2020-06-23,60.29043960571289
2020-06-24,57.098854064941406
2020-06-25,55.74352645874024
2020-06-26,58.10441970825195
2020-06-29,56.3118896484375
2020-06-30,54.21330642700195
2020-07-01,57.49234390258789
2020-07-02,57.53606414794922
2020-07-03,56.44305038452149
2020-07-06,56.5742073059082
2020-07-07,56.83654022216797
2020-07-08,57.66722106933594
2020-07-09,56.923973083496094
2020-07-10,55.87468719482422
2020-07-13,54.86911392211914
2020-07-14,53.338905334472656
2020-07-15,53.03285598754883
2020-07-16,52.11472702026367
2020-07-17,53.81982803344727
2020-07-20,53.86354446411133
2020-07-21,53.99470138549805
2020-07-22,53.42633819580078
2020-07-23,53.5137825012207
2020-07-24,52.55193328857422
2020-07-27,50.2347526550293
2020-07-28,50.97799682617188
2020-07-29,51.89612579345703
2020-07-30,50.97799682617188
2020-07-31,51.10915756225586
2020-08-03,50.80311584472656
2020-08-04,50.93427658081055
2020-08-05,50.80311584472656
2020-08-06,51.10915756225586
2020-08-07,51.50264739990234
2020-08-10,52.28960800170898
2020-08-11,56.22445297241211
2020-08-12,56.18072891235352
2020-08-13,55.481201171875
2020-08-14,54.30075073242188
2020-08-17,55.39376068115234
2020-08-18,55.21887969970703
2020-08-19,56.0932846069336
2020-08-20,55.78723907470703
2020-08-21,56.268165588378906
2020-08-24,57.579776763916016
2020-08-25,57.142574310302734
2020-08-26,57.05512619018555
2020-08-27,57.53606414794922
2020-08-28,60.15928268432617
2020-08-31,56.70537185668945
2020-09-01,56.6179313659668
2020-09-02,56.44305038452149
2020-09-03,56.48676681518555
2020-09-04,55.437477111816406
2020-09-07,54.16958618164063
2020-09-08,53.601219177246094
2020-09-09,52.245887756347656
2020-09-10,53.688663482666016
2020-09-11,53.950984954833984
2020-09-14,55.39376068115234
2020-09-15,54.95655059814453
2020-09-16,54.25702667236328
2020-09-17,54.47563171386719
2020-09-18,52.90169525146485
2020-09-21,50.80311584472656
2020-09-22,49.40406036376953
2020-09-23,49.97243118286133
2020-09-24,47.87384796142578
2020-09-25,48.17988586425781
2020-09-28,50.365909576416016
2020-09-29,49.66638946533203
2020-09-30,49.22918319702149
2020-10-01,50.01614761352539
2020-10-05,51.15287780761719
2020-10-06,50.93427658081055
2020-10-07,50.71567535400391
2020-10-08,51.24032211303711
2020-10-09,52.63937377929688
2020-10-12,51.808685302734375
2020-10-13,50.67195510864258
2020-10-14,50.67195510864258
2020-10-15,49.49150466918945
2020-10-16,50.27847290039063
2020-10-19,52.11472702026367
2020-10-20,52.027286529541016
2020-10-21,52.77053451538086
2020-10-22,54.25702667236328
2020-10-23,53.55750274658203
2020-10-26,52.72681427001953
2020-10-27,52.28960800170898
2020-10-28,51.808685302734375
2020-10-29,50.84683609008789
2020-10-30,50.62823867797852
2020-11-02,51.10915756225586
2020-11-03,51.63380432128906
2020-11-04,51.327762603759766
2020-11-05,52.377052307128906
2020-11-06,52.59565353393555
2020-11-09,53.38261795043945
2020-11-10,55.74352645874024
2020-11-11,54.69423294067383
2020-11-12,54.16958618164063
2020-11-13,54.73794937133789
2020-11-14,54.6505126953125
2020-11-17,56.3118896484375
2020-11-18,56.96769332885742
2020-11-19,55.08771896362305
2020-11-20,55.08771896362305
2020-11-23,56.70537185668945
2020-11-24,57.01141357421875
2020-11-25,57.44861602783203
2020-11-26,58.67279052734375
2020-11-27,58.97882461547852
2020-12-01,60.465328216552734
2020-12-02,59.54719543457031
2020-12-03,63.74435424804688
2020-12-04,63.91923141479492
2020-12-07,64.83737182617188
2020-12-08,74.49957275390625
2020-12-09,78.21581268310547
2020-12-10,75.24283599853516
2020-12-11,75.15538787841797
2020-12-14,83.85575103759766
2020-12-15,81.01393127441406
2020-12-16,80.79531860351562
2020-12-17,79.22137451171875
2020-12-18,76.42327880859375
2020-12-21,68.50988006591797
2020-12-22,72.09495544433594
2020-12-23,74.6307373046875
2020-12-24,75.54886627197266
2020-12-28,77.34140014648438
2020-12-29,77.21025085449219
2020-12-30,76.11723327636719
2020-12-31,74.93678283691406
2021-01-01,77.25395965576172
2021-01-04,77.56000518798828
2021-01-05,76.81676483154297
2021-01-06,76.72931671142578
2021-01-07,76.37955474853516
2021-01-08,76.16095733642578
2021-01-11,75.54886627197266
2021-01-12,80.2269515991211
2021-01-13,78.69674682617188
2021-01-14,83.59341430664062
2021-01-15,80.31438446044922
2021-01-18,79.35254669189453
2021-01-19,83.41854095458984
2021-01-20,83.94319152832031
2021-01-21,78.08465576171875
2021-01-22,79.48371124267578
2021-01-25,78.5218734741211
2021-01-27,76.9041976928711
2021-01-28,78.60929870605469
2021-01-29,77.34140014648438
2021-02-01,82.80645751953125
2021-02-02,88.70870971679688
2021-02-03,89.14591979980469
2021-02-04,103.83597564697266
2021-02-05,111.70564270019533
2021-02-08,112.7549285888672
2021-02-09,110.21915435791016
2021-02-10,107.24617004394533
2021-02-11,108.16429138183594
2021-02-12,107.77081298828124
2021-02-15,109.9568328857422
2021-02-16,113.54190826416016
2021-02-17,124.8655014038086
2021-02-18,131.07379150390625
2021-02-19,124.3408432006836
2021-02-22,118.91950988769533
2021-02-23,120.58087921142578
2021-02-24,124.77804565429688
2021-02-25,124.99665069580078
2021-02-26,118.96324157714844
2021-03-01,120.23113250732422
2021-03-02,120.53717041015624
2021-03-03,121.89249420166016
2021-03-04,122.46086120605467
2021-03-05,121.63018798828124
2021-03-08,121.97994995117188
2021-03-09,118.17626190185548
2021-03-10,117.8702392578125
2021-03-12,114.98468780517578
2021-03-15,110.91867065429688
2021-03-16,108.95126342773438
2021-03-17,101.69367218017578
2021-03-18,104.05457305908205
2021-03-19,104.5354995727539
2021-03-22,104.7541046142578
2021-03-23,107.6833724975586
2021-03-24,103.9671401977539
2021-03-25,101.51879119873048
2021-03-26,103.39876556396484
2021-03-30,100.9067153930664
2021-03-31,101.51879119873048
2021-04-01,103.26760864257812
2021-04-05,100.25090026855467
2021-04-06,99.50765991210938
2021-04-07,100.86298370361328
2021-04-08,99.20160675048828
2021-04-09,103.18017578125
2021-04-12,91.550537109375
2021-04-13,94.34864807128906
2021-04-15,90.02032470703125
2021-04-16,90.23892211914062
2021-04-19,86.2166519165039
2021-04-20,88.05290222167969
2021-04-22,88.35894775390625
2021-04-23,93.73655700683594
2021-04-26,95.83513641357422
2021-04-27,97.9337158203125
2021-04-28,99.15789031982422
2021-04-29,97.80255126953124
2021-04-30,96.18489837646484
2021-05-03,95.00445556640624
2021-05-04,99.50765991210938
2021-05-05,100.16345977783205
2021-05-06,99.55137634277344
2021-05-07,98.72067260742188
2021-05-10,103.22388458251952
2021-05-11,108.25173950195312
2021-05-12,112.36145782470705
2021-05-14,110.04426574707033
2021-05-17,109.86939239501952
2021-05-18,108.12056732177734
2021-05-19,111.09356689453124
2021-05-20,110.74380493164062
2021-05-21,122.67947387695312
2021-05-24,126.7017593383789
2021-05-25,124.55944061279295
2021-05-26,124.77804565429688
2021-05-27,123.160400390625
2021-05-28,124.64688873291016
2021-05-31,122.37342834472656
2021-06-01,118.96324157714844
2021-06-02,125.25897216796876
2021-06-03,128.18824768066406
2021-06-04,125.39012908935548
2021-06-07,124.82176208496094
2021-06-08,122.111083984375
2021-06-09,121.7176284790039
2021-06-10,125.39012908935548
2021-06-11,122.89807891845705
2021-06-14,127.7073211669922
2021-06-15,125.82732391357422
2021-06-16,123.3790054321289
2021-06-17,122.59203338623048
2021-06-18,122.37342834472656
2021-06-21,127.18265533447266
2021-06-22,132.12307739257812
2021-06-23,130.63658142089844
2021-06-24,128.84405517578125
2021-06-25,129.849609375
2021-06-28,135.1835174560547
2021-06-29,126.61431884765624
2021-06-30,126.52686309814452
2021-07-01,124.12222290039062
2021-07-02,124.297119140625
2021-07-05,124.51571655273438
2021-07-06,122.98551940917967
2021-07-07,121.58645629882812
2021-07-08,120.34442138671876
2021-07-09,120.65493774414062
2021-07-12,120.74365997314452
2021-07-13,120.65493774414062
2021-07-14,121.49774932861328
2021-07-15,122.65106201171876
2021-07-16,122.56233978271484
2021-07-19,123.58259582519533
2021-07-20,122.25183868408205
2021-07-22,124.24796295166016
2021-07-23,123.22772979736328
2021-07-26,123.84873962402344
2021-07-27,121.76390075683594
2021-07-28,119.76776885986328
2021-07-29,123.13899993896484
2021-07-30,123.31643676757812
2021-08-02,123.58259582519533
2021-08-03,125.8005142211914
2021-08-04,124.33667755126952
2021-08-05,120.07827758789062
2021-08-06,119.98955535888672
2021-08-09,119.41289520263672
2021-08-10,115.28755950927734
2021-08-11,113.91244506835938
2021-08-12,116.17472839355467
2021-08-13,115.28755950927734
2021-08-16,116.8401107788086
2021-08-17,111.65017700195312
2021-08-18,111.1622314453125
2021-08-20,107.92406463623048
2021-08-23,103.13335418701172
2021-08-24,104.41974639892578
2021-08-25,109.4766082763672
2021-08-26,108.9886703491211
2021-08-27,109.4766082763672
2021-08-30,107.79098510742188
2021-08-31,110.89607238769533
2021-09-01,112.3599090576172
2021-09-02,111.33966064453124
2021-09-03,111.29530334472656
2021-09-06,110.09762573242188
2021-09-07,108.54508209228516
2021-09-08,109.29916381835938
2021-09-09,110.80735778808594
2021-09-13,110.89607238769533
2021-09-14,114.0898895263672
2021-09-15,118.74752807617188
2021-09-16,123.4938735961914
2021-09-17,121.58645629882812
2021-09-20,118.08214569091795
2021-09-21,115.1988525390625
2021-09-22,117.10625457763672
2021-09-23,117.06189727783205
2021-09-24,113.82373809814452
2021-09-27,110.89607238769533
2021-09-28,115.6424331665039
2021-09-29,119.05802154541016
2021-09-30,124.51412200927734
2021-10-01,125.8005142211914
2021-10-04,126.55460357666016
2021-10-05,124.29232788085938
2021-10-06,123.44950103759766
2021-10-07,123.9374542236328
2021-10-08,125.5343780517578
2021-10-11,129.34918212890625
2021-10-12,141.76954650878906
2021-10-13,145.096435546875
2021-10-14,145.9392547607422
2021-10-18,152.1050567626953
2021-10-19,141.19287109375
2021-10-20,145.00770568847656
2021-10-21,154.54478454589844
2021-10-22,161.9082794189453
2021-10-25,166.5215606689453
2021-10-26,165.1020965576172
2021-10-27,168.07408142089844
2021-10-28,154.6334991455078
2021-10-29,152.6817169189453
2021-11-01,152.6817169189453
2021-11-02,153.65760803222656
2021-11-03,148.37893676757812
2021-11-04,153.34710693359375
2021-11-08,156.62960815429688
2021-11-09,158.84754943847656
2021-11-10,155.96424865722656
2021-11-11,152.85914611816406
2021-11-12,149.88714599609375
2021-11-15,147.0925750732422
2021-11-16,145.54000854492188
2021-11-17,144.43104553222656
2021-11-18,142.12440490722656
2021-11-22,127.48612213134766
2021-11-23,133.96246337890625
2021-11-24,139.10804748535156
2021-11-25,135.8255157470703
2021-11-26,131.03480529785156
2021-11-29,126.8207550048828
2021-11-30,126.68768310546876
2021-12-01,127.17562866210938
2021-12-02,127.48612213134766
2021-12-03,126.55460357666016
2021-12-06,128.5950927734375
2021-12-07,129.70404052734375
2021-12-08,136.35780334472656
2021-12-09,136.0916748046875
2021-12-10,142.12440490722656
2021-12-13,141.14852905273438
2021-12-14,137.06753540039062
2021-12-15,134.80528259277344
2021-12-16,132.4542694091797
2021-12-17,126.1997299194336
2021-12-20,121.85261535644533
2021-12-21,122.82849884033205
2021-12-22,122.03003692626952
2021-12-23,125.5343780517578
2021-12-24,122.03003692626952
2021-12-27,120.74365997314452
2021-12-28,125.09078979492188
2021-12-29,123.89308166503906
2021-12-30,122.34054565429688
2021-12-31,123.84873962402344
2022-01-03,126.11100769042967
2022-01-04,127.53048706054688
2022-01-05,127.97408294677734
2022-01-06,126.95381927490234
2022-01-07,127.88536071777344
2022-01-10,131.74453735351562
2022-01-11,129.26046752929688
2022-01-12,129.39353942871094
2022-01-13,128.5950927734375
2022-01-14,129.5709686279297
2022-01-17,129.30484008789062
2022-01-18,125.5343780517578
2022-01-19,125.7561492919922
2022-01-20,125.88922119140624
2022-01-21,123.58259582519533
2022-01-24,119.36854553222656
2022-01-25,120.07827758789062
2022-01-27,129.39353942871094
2022-01-28,133.16400146484375
2022-01-31,139.01931762695312
2022-02-01,135.78115844726562
2022-02-02,149.17739868164062
2022-02-03,149.08868408203125
2022-02-04,149.44354248046875
2022-02-07,141.0154571533203
2022-02-08,138.08778381347656
2022-02-09,138.04345703125
2022-02-10,139.99522399902344
2022-02-11,135.869873046875
2022-02-14,132.18812561035156
2022-02-15,136.44654846191406
2022-02-16,134.9383544921875
2022-02-17,134.67221069335938
2022-02-18,134.8939971923828
2022-02-21,130.54685974121094
2022-02-22,129.03866577148438
2022-02-23,132.67608642578125
2022-02-24,121.2315902709961
2022-02-25,125.40129089355467
2022-02-28,126.99819946289062
2022-03-02,126.42153930664062
2022-03-03,127.97408294677734
2022-03-04,126.02230072021484
2022-03-07,117.50547790527344
2022-03-08,128.41766357421875
2022-03-09,129.5709686279297
2022-03-10,131.96633911132812
2022-03-11,131.70016479492188
2022-03-14,135.2488555908203
2022-03-15,131.92196655273438
2022-03-16,134.1842498779297
2022-03-17,138.88624572753906
2022-03-21,138.1321563720703
2022-03-22,136.7126922607422
2022-03-23,134.3616943359375
2022-03-24,132.9422149658203
2022-03-25,132.1437530517578
2022-03-28,132.3655548095703
2022-03-29,131.38967895507812
2022-03-30,135.5593719482422
2022-03-31,136.53524780273438
2022-04-01,142.03570556640625
2022-04-04,143.23338317871094
2022-04-05,144.03182983398438
2022-04-06,149.39918518066406
2022-04-07,150.55250549316406
2022-04-08,150.9517364501953
2022-04-11,151.88328552246094
2022-04-12,148.24588012695312
2022-04-13,148.46766662597656
2022-04-18,144.96334838867188
2022-04-19,143.1002960205078
2022-04-20,146.16102600097656
2022-04-21,147.26998901367188
2022-04-22,143.366455078125
2022-04-25,141.50340270996094
2022-04-26,143.76568603515625
2022-04-27,144.78591918945312
2022-04-28,143.1890106201172
2022-04-29,145.05206298828125
2022-05-02,142.74542236328125
2022-05-04,137.59986877441406
2022-05-05,133.91812133789062
2022-05-06,135.95858764648438
2022-05-09,133.47451782226562
2022-05-10,131.92196655273438
2022-05-11,127.97408294677734
2022-05-12,122.20748138427734
2022-05-13,129.12738037109375
2022-05-16,137.20062255859375
2022-05-17,136.75701904296875
2022-05-18,136.4021759033203
2022-05-19,134.80528259277344
2022-05-20,139.5959930419922
2022-05-23,139.01931762695312
2022-05-24,141.3259735107422
2022-05-25,141.54774475097656
2022-05-26,142.16879272460938
2022-05-27,144.83029174804688
2022-05-30,148.64511108398438
2022-05-31,150.33071899414062
2022-06-01,150.7299346923828
2022-06-02,148.24588012695312
2022-06-03,145.71743774414062
2022-06-06,145.18515014648438
2022-06-07,144.03182983398438
2022-06-08,144.2536163330078
2022-06-09,143.81004333496094
2022-06-10,145.05206298828125
2022-06-13,141.85824584960938
2022-06-14,140.4711151123047
2022-06-15,141.44212341308594
2022-06-16,139.6388397216797
2022-06-17,134.78384399414062
2022-06-20,130.807373046875
2022-06-21,135.5699005126953
2022-06-22,134.87632751464844
2022-06-23,136.124755859375
2022-06-24,141.21092224121094
2022-06-27,141.39588928222656
2022-06-28,141.53460693359375
2022-06-29,138.76031494140625
2022-06-30,138.57537841796875
2022-07-01,138.2979278564453
2022-07-04,139.3614044189453
2022-07-05,140.70230102539062
2022-07-06,139.5926055908203
2022-07-07,144.67877197265625
2022-07-08,148.23912048339844
2022-07-11,155.49847412109375
2022-07-12,161.92556762695312
2022-07-13,160.95457458496094
2022-07-14,156.9781036376953
2022-07-15,158.78138732910156
2022-07-18,159.05882263183594
2022-07-19,160.95457458496094
2022-07-20,161.92556762695312
2022-07-21,163.40518188476562
2022-07-22,164.93104553222656
2022-07-25,162.619140625
2022-07-26,159.56744384765625
2022-07-27,162.57290649414062
2022-07-28,164.37619018554688
2022-07-29,163.22023010253906
2022-08-01,164.1912384033203
2022-08-02,163.72885131835938
2022-08-03,164.56114196777344
2022-08-04,161.8330841064453
2022-08-05,161.4169464111328
2022-08-08,160.95457458496094
2022-08-10,161.8330841064453
2022-08-11,168.44512939453125
2022-08-12,168.6763153076172
2022-08-16,167.2891845703125
2022-08-17,169.87850952148438
2022-08-18,168.81503295898438
2022-08-19,164.42242431640625
2022-08-22,161.8330841064453
2022-08-23,164.14498901367188
2022-08-24,165.06976318359375
2022-08-25,175.01092529296875
2022-08-26,178.80245971679688
2022-08-29,176.2593536376953
2022-08-30,179.63473510742188
2022-09-01,179.63473510742188
2022-09-02,177.3690643310547
2022-09-05,178.06263732910156
2022-09-06,178.10888671875
2022-09-07,176.58303833007812
2022-09-08,188.23501586914065
2022-09-09,188.3274688720703
2022-09-12,191.05552673339844
2022-09-13,189.4372100830078
2022-09-14,189.6683807373047
2022-09-15,189.4372100830078
2022-09-16,181.1605834960937
2022-09-19,188.5586700439453
2022-09-20,189.4372100830078
2022-09-21,186.4779510498047
2022-09-22,186.7091522216797
2022-09-23,182.3165435791016
2022-09-26,172.19039916992188
2022-09-27,174.086181640625
2022-09-28,172.74526977539062
2022-09-29,179.4497833251953
2022-09-30,182.03912353515625
2022-10-03,175.14962768554688
2022-10-04,183.0101013183593
2022-10-06,187.81887817382807
2022-10-07,187.68014526367188
2022-10-10,183.47247314453125
2022-10-11,177.41531372070312
2022-10-12,179.4497833251953
2022-10-13,181.5767364501953
2022-10-14,177.83145141601562
2022-10-17,189.06727600097656
2022-10-18,199.33213806152344
2022-10-19,200.67303466796875
2022-10-20,204.5570373535156
2022-10-21,209.1808319091797
2022-10-24,216.25526428222656
2022-10-25,215.7003936767578
2022-10-27,219.3531951904297
2022-10-28,226.19644165039065
2022-10-31,234.79669189453125
2022-11-01,231.00518798828125
2022-11-02,226.24264526367188
2022-11-03,232.71597290039065
2022-11-04,230.91270446777344
2022-11-07,240.3452606201172
2022-11-09,247.3272247314453
2022-11-10,246.86485290527344
2022-11-11,241.17752075195312
2022-11-14,242.7958526611328
2022-11-15,250.2402191162109
2022-11-16,248.5756072998047
2022-11-17,251.1649627685547
2022-11-18,253.7080535888672
2022-11-21,248.3907012939453
2022-11-22,253.9854736328125
2022-11-23,254.8177490234375
2022-11-24,255.18768310546875
2022-11-25,251.48863220214844
2022-11-28,252.0897216796875
2022-11-29,247.78961181640625
2022-11-30,246.81857299804688
2022-12-01,255.28013610839844
2022-12-02,261.1061706542969
2022-12-05,263.0943603515625
2022-12-06,270.8161315917969
2022-12-07,270.3074951171875
2022-12-08,272.75811767578125
2022-12-09,252.13595581054688
2022-12-12,249.0380096435547
2022-12-13,271.87957763671875
2022-12-14,277.1507568359375
2022-12-15,276.9657592773437
2022-12-16,272.018310546875
2022-12-19,269.1053161621094
2022-12-20,275.3936767578125
2022-12-21,264.25030517578125
2022-12-22,259.34912109375
2022-12-23,251.1187286376953
2022-12-26,267.4407653808594
2022-12-27,266.8396301269531
2022-12-28,258.3780822753906
2022-12-29,256.759765625
2022-12-30,263.8804016113281
2023-01-02,273.4979248046875
2023-01-03,274.46893310546875
2023-01-04,273.22052001953125
2023-01-05,272.5269470214844
2023-01-06,271.3710021972656
2023-01-09,274.4226989746094
2023-01-10,267.2557983398437
2023-01-11,266.2385559082031
2023-01-12,264.25030517578125
2023-01-13,263.8804016113281
2023-01-16,266.60845947265625
2023-01-17,266.0073547363281
2023-01-18,259.48779296875
2023-01-19,265.96112060546875
2023-01-20,265.3138122558594
2023-01-23,266.2385559082031
2023-01-24,268.3192749023437
2023-01-25,270.1687927246094
2023-01-27,261.1061706542969
2023-01-30,274.51519775390625
2023-01-31,281.8207702636719
2023-02-01,270.7236633300781
2023-02-02,270.2612609863281
2023-02-03,272.6194152832031
2023-02-06,270.2612609863281
2023-02-07,265.8224182128906
2023-02-08,265.86865234375
2023-02-09,265.4062805175781
2023-02-10,268.0418395996094
2023-02-13,261.1061706542969
2023-02-14,268.08807373046875
2023-02-15,266.8396301269531
2023-02-16,267.02459716796875
2023-02-17,266.93212890625
2023-02-20,265.36004638671875
2023-02-21,263.8804016113281
2023-02-22,252.64459228515625
2023-02-23,257.4533386230469
2023-02-24,252.04347229003903
2023-02-27,240.2527770996093
2023-02-28,237.7559356689453
2023-03-01,246.40245056152344
2023-03-02,253.8467712402344
2023-03-03,270.2150573730469
2023-03-06,265.2213134765625
2023-03-08,269.4752197265625
2023-03-09,263.8804016113281
2023-03-10,267.3020324707031
2023-03-13,261.1523742675781
2023-03-14,239.05059814453125
2023-03-15,243.859375
2023-03-16,241.6861724853516
2023-03-17,252.3671417236328
2023-03-20,246.03253173828125
2023-03-21,252.274658203125
2023-03-22,253.9854736328125
2023-03-23,256.0661926269531
2023-03-24,249.63912963867188
2023-03-27,250.51763916015625
2023-03-28,259.16412353515625
2023-03-29,269.19775390625
2023-03-31,266.8396301269531
2023-04-03,268.3192749023437
2023-04-05,267.764404296875
2023-04-06,266.93212890625
2023-04-10,260.9211730957031
2023-04-11,263.74169921875
2023-04-12,262.3545837402344
2023-04-13,265.4524841308594
2023-04-17,286.21337890625
2023-04-18,297.35675048828125
2023-04-19,295.9233703613281
2023-04-20,283.3466186523437
2023-04-21,279.5088806152344
2023-04-24,289.7274475097656
2023-04-25,293.2415466308594
2023-04-26,295.18359375
2023-04-27,293.1028747558594
2023-04-28,298.1427917480469
2023-05-02,304.38494873046875
2023-05-03,309.2861633300781
2023-05-04,306.55810546875
2023-05-05,306.9280090332031
2023-05-08,291.5769958496094
2023-05-09,274.4226989746094
2023-05-10,265.2213134765625
2023-05-11,267.0708312988281
2023-05-12,268.1805419921875
2023-05-15,268.9203491210937
2023-05-16,271.8333740234375
2023-05-17,266.14605712890625
2023-05-18,265.4987487792969
2023-05-19,264.6664733886719
2023-05-22,266.42352294921875
2023-05-23,264.25030517578125
2023-05-24,264.2041015625
2023-05-25,257.0372009277344
2023-05-26,256.43609619140625
2023-05-29,253.1531982421875
2023-05-30,249.5928649902344
2023-05-31,249.5928649902344
2023-06-01,254.21665954589844
2023-06-02,261.0136413574219
2023-06-05,257.91571044921875
2023-06-06,259.718994140625
2023-06-07,260.8749694824219
2023-06-08,262.3545837402344
2023-06-09,263.8341979980469
2023-06-12,264.9783935546875
2023-06-13,268.6970520019531
2023-06-14,268.6493835449219
2023-06-15,267.5528564453125
2023-06-16,268.840087890625
2023-06-19,270.3656616210937
2023-06-20,268.6493835449219
2023-06-21,268.6017150878906
2023-06-22,265.02606201171875
2023-06-23,264.59698486328125
2023-06-26,269.03076171875
2023-06-27,265.5505065917969
2023-06-28,265.407470703125
2023-06-30,278.9472045898437
2023-07-03,284.0007629394531
2023-07-04,286.3368530273437
2023-07-05,290.5322570800781
2023-07-06,290.9613342285156
2023-07-07,293.96484375
2023-07-10,295.6335144042969
2023-07-11,295.6811828613281
2023-07-12,309.22088623046875
2023-07-13,306.8848571777344
2023-07-14,309.2685852050781
2023-07-17,310.0790710449219
2023-07-18,312.2721252441406
2023-07-19,310.0790710449219
2023-07-20,313.32098388671875
2023-07-21,314.0837707519531
2023-07-24,320.28155517578125
2023-07-25,313.84539794921875
2023-07-26,313.034912109375
2023-07-27,313.2256164550781
2023-07-28,328.5293273925781
2023-07-31,330.7700500488281
2023-08-01,331.246826171875
2023-08-02,327.7665405273437
2023-08-03,326.5746765136719
2023-08-04,327.3851623535156
2023-08-07,330.9607849121094
2023-08-08,374.3927917480469
2023-08-09,365.1915283203125
2023-08-10,362.9508056640625
2023-08-11,369.8636779785156
2023-08-14,372.9625549316406
2023-08-16,368.09967041015625
2023-08-17,389.9826049804688
2023-08-18,388.2185974121094
2023-08-21,388.9337158203125
2023-08-22,391.36517333984375
2023-08-23,389.5534973144531
2023-08-24,384.2138977050781
2023-08-25,376.9196166992188
2023-08-28,378.7789611816406
2023-08-29,373.53466796875
2023-08-30,362.85540771484375
2023-08-31,361.0437927246094
2023-09-01,359.5658569335937
2023-09-04,365.7636413574219
2023-09-05,373.2009582519531
2023-09-06,370.3404235839844
2023-09-07,373.0579223632813
2023-09-08,371.0555725097656
2023-09-11,379.0650024414063
2023-09-12,365.9543151855469
2023-09-13,379.0173034667969
2023-09-14,381.9731750488281
2023-09-15,379.2080383300781
2023-09-18,392.9861145019531
2023-09-20,395.84661865234375
2023-09-21,386.0732116699219
2023-09-22,401.2816162109375
2023-09-25,410.86431884765625
2023-09-26,408.2421569824219
2023-09-27,411.7224426269531
2023-09-28,394.6547546386719
2023-09-29,403.8560485839844
2023-10-03,420.78070068359375
2023-10-04,412.7713012695313
2023-10-05,408.0037841796875
2023-10-06,406.2398071289063
2023-10-09,384.49993896484375
2023-10-10,390.7453918457031
2023-10-11,403.4746398925781
2023-10-12,407.3840026855469
2023-10-13,398.9454956054688
2023-10-16,410.149169921875
2023-10-17,408.48052978515625
2023-10-18,397.03851318359375
2023-10-19,402.2827758789063
2023-10-20,404.42816162109375
2023-10-23,392.6523742675781
2023-10-25,389.8872375488281
2023-10-26,381.9255065917969
2023-10-27,395.4652404785156
2023-10-30,392.4617309570313
2023-10-31,400.5187683105469
2023-11-01,410.9596557617188
2023-11-02,406.2398071289063
2023-11-03,410.3875427246094
2023-11-06,401.9013671875
2023-11-07,402.9025268554688
2023-11-08,404.475830078125
2023-11-09,399.326904296875
2023-11-10,396.7047729492188
2023-11-13,426.2633666992188
2023-11-15,425.5482482910156
2023-11-16,424.9761657714844
2023-11-17,411.5317687988281
2023-11-20,403.1409301757813
2023-11-21,401.2816162109375
2023-11-22,392.2233276367188
2023-11-23,393.5582275390625
2023-11-24,389.21978759765625
2023-11-28,384.3092346191406
2023-11-29,399.326904296875
2023-11-30,378.4452209472656
2023-12-01,382.4976196289063
2023-12-04,390.4593505859375
2023-12-05,390.9837646484375
2023-12-06,399.66064453125
2023-12-07,411.91314697265625
2023-12-08,408.3375244140625
2023-12-11,410.9119873046875
2023-12-12,417.205078125
2023-12-13,412.6759338378906
2023-12-14,428.5517883300781
2023-12-15,432.79486083984375
2023-12-18,420.6853942871094
2023-12-19,426.0726623535156
2023-12-20,409.7677612304688
2023-12-21,393.653564453125
2023-12-22,393.0338134765625
2023-12-26,390.6500549316406
2023-12-27,396.4187316894531
2023-12-28,402.2827758789063
2023-12-29,401.3292541503906
2024-01-01,402.3781127929688
2024-01-02,396.9431457519531
2024-01-03,401.7106628417969
2024-01-04,412.2945556640625
2024-01-05,414.2015380859375
2024-01-08,406.5735473632813
2024-01-09,401.7106628417969
2024-01-10,403.3793029785156
2024-01-11,407.1456604003906
2024-01-12,413.4864196777344
2024-01-15,414.0108642578125
2024-01-16,419.82720947265625
2024-01-17,420.971435546875
2024-01-18,422.9260864257813
2024-01-19,422.687744140625
2024-01-23,424.404052734375
2024-01-24,421.0667724609375
2024-01-25,439.183349609375
2024-01-29,458.1580505371094
2024-01-30,471.0779724121094
2024-01-31,475.6548156738281
2024-02-01,499.5877380371094
2024-02-02,520.5647583007812
2024-02-05,534.1522216796875
2024-02-06,517.2275390625
2024-02-07,517.60888671875
2024-02-08,526.1427612304688
2024-02-09,506.92974853515625
2024-02-12,476.322265625
2024-02-13,471.6500854492188
2024-02-14,501.4470520019531
2024-02-15,501.065673828125
2024-02-16,493.676025390625
2024-02-19,517.9426879882812
2024-02-20,512.1740112304688
2024-02-21,514.128662109375
2024-02-22,502.8773498535156
2024-02-23,500.8273010253906
2024-02-26,497.3947143554688
2024-02-27,511.7925415039063
2024-02-28,504.8796691894531
2024-02-29,500.7319641113281
2024-03-01,501.6854553222656
2024-03-04,501.6854553222656
2024-03-05,505.5947570800781
2024-03-06,513.604248046875
2024-03-07,520.0880737304688
2024-03-11,522.5194702148438
2024-03-12,492.8178405761719
2024-03-13,477.8955383300781
2024-03-14,468.741943359375
2024-03-15,485.618896484375
2024-03-18,473.7954711914063
2024-03-19,463.1639404296875
2024-03-20,447.8601989746094
2024-03-21,469.4570617675781
2024-03-22,466.69189453125
2024-03-26,487.6689453125
2024-03-27,476.5606384277344
2024-03-28,496.4888610839844
2024-04-01,504.7843627929688
2024-04-02,508.8843688964844
2024-04-03,504.2122192382813
2024-04-04,502.0191345214844
2024-04-05,510.0762939453125
2024-04-08,512.412353515625
2024-04-09,502.6389770507813
2024-04-10,504.0214538574219
2024-04-12,502.06683349609375
2024-04-15,490.6247863769531
2024-04-16,495.9167175292969
2024-04-18,487.4782409667969
2024-04-19,488.3363952636719
2024-04-22,496.6318359375
2024-04-23,492.0073852539063
2024-04-24,486.23870849609375
2024-04-25,502.5436096191406
2024-04-26,502.06683349609375
2024-04-29,533.0556640625
2024-04-30,522.7578125
2024-05-02,524.2833862304688
2024-05-03,518.7054443359375
2024-05-06,507.07269287109375
2024-05-07,493.48529052734375
2024-05-08,507.930908203125
2024-05-09,493.1515808105469
2024-05-10,490.3864135742188
2024-05-13,489.00384521484375
2024-05-14,489.38525390625
2024-05-15,510.6959838867188
2024-05-16,514.796142578125
2024-05-17,515.177490234375
2024-05-21,548.4070434570312
2024-05-22,540.0639038085938
2024-05-23,549.1698608398438
2024-05-24,545.0220947265625
2024-05-27,552.31640625
2024-05-28,540.3023071289062
2024-05-29,549.5035400390625
2024-05-30,551.8873291015625
2024-05-31,541.11279296875
2024-06-03,578.1563110351562
2024-06-04,501.3516845703125
2024-06-05,500.1597900390625
2024-06-06,517.3228149414062
2024-06-07,521.3694458007812
2024-06-10,518.9317626953125
2024-06-11,524.9771728515625
2024-06-12,524.879638671875
2024-06-13,528.24365234375
2024-06-14,527.2198486328125
2024-06-18,526.5859985351562
2024-06-19,531.4126586914062
2024-06-20,531.5101318359375
2024-06-21,534.0453491210938
2024-06-24,528.1948852539062
2024-06-25,519.2730102539062
2024-06-26,527.1710815429688
2024-06-27,527.6586303710938
2024-06-28,531.900146484375
2024-07-01,531.4126586914062
2024-07-02,524.3433837890625
2024-07-03,522.7344970703125
2024-07-04,528.0486450195312
2024-07-05,525.4159545898438
2024-07-08,513.3738403320312
2024-07-09,528.1948852539062
2024-07-10,529.4624633789062
2024-07-11,536.6292114257812
2024-07-12,544.81982421875
2024-07-15,564.2237548828125
2024-07-16,572.7555541992188
2024-07-18,554.37548828125
2024-07-19,547.1600341796875
2024-07-22,555.3018188476562
2024-07-23,538.628173828125
2024-07-24,555.3992919921875
2024-07-25,553.4979858398438
2024-07-26,566.9539184570312
2024-07-29,572.6093139648438
2024-07-30,586.1627807617188
2024-07-31,593.6220092773438
2024-08-01,580.7999267578125
2024-08-02,581.0924072265625
2024-08-05,566.51513671875
2024-08-06,551.3040771484375
2024-08-07,555.3505859375
2024-08-08,541.8458862304688
2024-08-09,563.3461303710938
2024-08-12,544.4297485351562
2024-08-13,536.5805053710938
2024-08-14,536.6292114257812
2024-08-16,536.4342651367188
2024-08-19,536.2879638671875
2024-08-20,544.5760498046875
2024-08-21,538.3355712890625
2024-08-22,539.0181274414062
2024-08-23,534.6790771484375
2024-08-26,533.4602661132812
2024-08-27,535.1666259765625
2024-08-28,553.7904663085938
2024-08-29,547.5012817382812
2024-08-30,553.1566772460938
2024-09-02,541.9921264648438
2024-09-03,536.3367309570312
2024-09-04,522.6857299804688
2024-09-05,537.2630615234375
2024-09-06,510.39990234375
2024-09-09,509.9611206054688
2024-09-10,505.9633483886719
2024-09-11,497.28521728515625
2024-09-12,507.0846557617188
2024-09-13,507.0846557617188
2024-09-16,506.93841552734375
2024-09-17,506.7921447753906
2024-09-18,492.4586181640625
2024-09-19,496.6026611328125
2024-09-20,496.7976684570313
2024-09-23,523.4658203125
2024-09-24,515.51904296875
2024-09-25,513.0813598632812
2024-09-26,519.3705444335938
2024-09-27,526.0010375976562
2024-09-30,510.9849243164063
2024-10-01,513.9588623046875
2024-10-03,503.0868835449219
2024-10-04,510.3023681640625
2024-10-07,505.7195739746094
2024-10-08,515.7140502929688
2024-10-09,514.7389526367188
2024-10-10,510.887451171875
2024-10-11,511.4724426269531
2024-10-14,512.2037353515625
2024-10-15,506.93841552734375
2024-10-16,505.5245666503906
2024-10-17,500.015380859375
2024-10-18,505.7195739746094
2024-10-21,499.5278625488281
2024-10-22,491.2885437011719
2024-10-23,488.4120788574219
2024-10-24,488.3145751953125
2024-10-25,486.0719299316406
2024-10-28,537.7018432617188
2024-10-29,566.51513671875
2024-10-30,573.4381103515625
2024-10-31,577.7771606445312
2024-11-01,570.7078857421875
2024-11-04,557.251953125
2024-11-05,562.0785522460938
2024-11-06,561.103515625
2024-11-07,560.3721923828125
2024-11-08,547.0137329101562
2024-11-11,552.47412109375
2024-11-12,549.93896484375
2024-11-13,526.5859985351562
2024-11-14,523.5633544921875
2024-11-18,514.690185546875
2024-11-19,510.0098571777344
2024-11-21,517.1278686523438
2024-11-22,518.3466796875
2024-11-25,550.7677001953125
2024-11-26,548.1350708007812
2024-11-27,545.5511474609375
2024-11-28,558.7633056640625
2024-11-29,559.9821166992188
2024-12-02,568.1240234375
2024-12-03,565.4425659179688
2024-12-04,589.0391845703125
2024-12-05,584.4075927734375
2024-12-06,579.5810546875
2024-12-09,582.7987670898438
2024-12-10,581.9699096679688
2024-12-11,568.6115112304688
2024-12-12,563.2486572265625
2024-12-13,558.5682983398438
2024-12-16,567.8314208984375
2024-12-17,551.5965576171875
2024-12-18,541.5533447265625
2024-12-19,540.7732543945312
2024-12-20,523.7583618164062
2024-12-23,524.1970825195312
2024-12-24,527.6586303710938
2024-12-26,530.2425537109375
2024-12-27,533.5578002929688
2024-12-30,517.7129516601562
2024-12-31,516.7378540039062
2025-01-01,504.64697265625
2025-01-02,510.3023681640625
2025-01-03,511.2774353027344
2025-01-06,497.0901794433594
2025-01-07,498.6015625
2025-01-08,494.8475341796875
2025-01-09,487.8757934570313
2025-01-10,480.1239929199219
2025-01-13,463.9378356933594
2025-01-14,493.1899108886719
2025-01-15,490.3134765625
2025-01-16,514.20263671875
2025-01-17,511.3749694824219
2025-01-20,518.9317626953125
2025-01-21,512.2037353515625
2025-01-22,508.20599365234375
2025-01-23,503.8181762695313
2025-01-24,488.75335693359375
2025-01-27,486.1206665039063
2025-01-28,501.331787109375
2025-01-29,531.1688842773438
2025-01-30,532.2413940429688
2025-01-31,541.8945922851562
2025-02-01,522.003173828125
2025-02-03,507.4259643554688
2025-02-04,526.7810668945312
2025-02-05,526.7322998046875
2025-02-06,534.2403564453125
2025-02-07,529.8037719726562
2025-02-10,511.4237060546875
2025-02-11,500.7467041015625
2025-02-12,505.427001953125
2025-02-13,506.93841552734375
2025-02-14,495.77386474609375
2025-02-17,504.64697265625
2025-02-18,505.8170776367188
2025-02-19,512.8375854492188
2025-02-20,512.5450439453125
2025-02-21,503.2331237792969
2025-02-24,514.9827270507812
2025-02-25,508.9860534667969
2025-02-27,508.5959777832031
2025-02-28,498.0652465820313
2025-03-03,487.6320495605469
2025-03-04,491.9710693359375
2025-03-05,508.4010314941406
2025-03-06,513.6663818359375
2025-03-07,516.932861328125
2025-03-10,495.578857421875
2025-03-11,498.6502990722656
2025-03-12,481.537841796875
2025-03-13,478.1738586425781
2025-03-17,487.1932373046875
2025-03-18,487.1932373046875
2025-03-19,512.155029296875
2025-03-20,520.9306640625
2025-03-21,534.2891235351562
2025-03-24,534.3378295898438
2025-03-25,529.51123046875
2025-03-26,529.21875
2025-03-27,539.11572265625
2025-03-28,527.8048706054688
2025-04-01,517.7129516601562
2025-04-02,516.4940795898438
2025-04-03,535.5079345703125
2025-04-04,532.4364624023438
2025-04-07,526.0010375976562
2025-04-08,533.4114990234375
2025-04-09,513.8126220703125
2025-04-11,522.4419555664062
2025-04-15,527.756103515625
2025-04-16,553.9854736328125
2025-04-17,560.8597412109375
2025-04-21,563.151123046875
2025-04-22,568.2702026367188
2025-04-23,567.587646484375
2025-04-24,559.7384033203125
2025-04-25,555.0093383789062
2025-04-28,571.6829833984375
2025-04-29,562.9561157226562
2025-04-30,551.6940307617188
2025-05-02,540.9195556640625
2025-05-05,562.1273193359375
2025-05-06,547.4525146484375
2025-05-07,544.3810424804688
2025-05-08,540.1395263671875
2025-05-09,538.286865234375
2025-05-12,557.8369750976562
2025-05-13,566.3688354492188
2025-05-14,570.1228637695312
2025-05-15,574.2182006835938
2025-05-16,579.727294921875
2025-05-19,596.2546997070312
2025-05-20,595.5234375
2025-05-21,586.6990356445312
2025-05-22,577.6309204101562
2025-05-23,579.2885131835938
2025-05-26,580.019775390625
2025-05-27,582.6525268554688
2025-05-28,592.98828125
2025-05-29,586.0652465820312
2025-05-30,601.2275390625
2025-06-02,630.1383666992188
2025-06-03,616.6336669921875
2025-06-04,617.8525390625
2025-06-05,614.0009765625
2025-06-06,618.2424926757812
2025-06-09,635.5499877929688
2025-06-10,628.75
2025-06-11,625.0
2025-06-12,625.0999755859375
2025-06-13,624.8499755859375
2025-06-16,632.7000122070312
2025-06-17,634.0499877929688
2025-06-18,628.6500244140625
2025-06-19,615.1500244140625
2025-06-20,615.6500244140625
2025-06-23,617.25
2025-06-24,623.2999877929688
2025-06-25,620.7000122070312
2025-06-26,635.9500122070312
2025-06-27,626.7999877929688
2025-06-30,643.4500122070312
2025-07-01,649.6500244140625
2025-07-02,650.6500244140625
2025-07-03,645.9500122070312
2025-07-04,650.5
2025-07-07,644.1500244140625
2025-07-08,638.5499877929688
2025-07-09,638.7999877929688
2025-07-10,631.25
2025-07-11,631.5
2025-07-14,635.0999755859375
2025-07-15,633.7000122070312
2025-07-16,641.5
2025-07-17,637.9500122070312
2025-07-18,631.6500244140625
2025-07-21,634.75
2025-07-22,627.9000244140625
2025-07-23,624.4000244140625
2025-07-24,652.1500244140625
2025-07-25,637.5499877929688
2025-07-28,626.7000122070312
2025-07-29,630.5
2025-07-30,614.5999755859375
2025-07-31,621.7000122070312
2025-08-01,621.2000122070312
2025-08-04,638.1500244140625
2025-08-05,634.75
2025-08-06,637.5
2025-08-07,647.6500244140625
2025-08-08,650.8499755859375
2025-08-11,674.0
2025-08-12,671.4000244140625
2025-08-13,670.7000122070312
2025-08-14,668.25
2025-08-18,676.2999877929688
2025-08-19,671.6500244140625
2025-08-20,670.0499877929688
2025-08-21,670.8499755859375
2025-08-22,670.25
2025-08-25,668.0499877929688
2025-08-26,655.9000244140625
2025-08-28,652.8499755859375
2025-08-29,653.0999755859375
2025-09-01,668.5
2025-09-02,664.1500244140625
2025-09-03,670.5
2025-09-04,664.2000122070312
2025-09-05,664.25
2025-09-08,670.4500122070312
2025-09-09,670.0
2025-09-10,692.4000244140625
2025-09-11,695.8499755859375
2025-09-12,697.75
2025-09-15,696.5499877929688
2025-09-16,694.8499755859375
2025-09-17,703.75
2025-09-18,699.25
2025-09-19,701.5
2025-09-22,704.5499877929688
2025-09-23,695.0999755859375
2025-09-24,708.2000122070312
2025-09-25,712.4000244140625
2025-09-26,706.3499755859375
2025-09-29,724.5999755859375
2025-09-30,750.7000122070312
2025-10-01,737.0499877929688
2025-10-03,765.9500122070312
2025-10-06,758.0499877929688
2025-10-07,757.7000122070312
2025-10-08,760.5999755859375
2025-10-09,766.2000122070312
2025-10-10,776.25
2025-10-13,783.5
2025-10-14,768.1500244140625
2025-10-15,775.2999877929688
2025-10-16,771.0499877929688
2025-10-17,782.3499755859375
2025-10-20,813.7999877929688
2025-10-21,813.2999877929688
2025-10-23,826.2000122070312
2025-10-24,820.0499877929688
2025-10-27,825.8499755859375
2025-10-28,852.9000244140625
2025-10-29,854.4500122070312
2025-10-30,854.8499755859375
2025-10-31,858.7000122070312
2025-11-03,880.3499755859375
2025-11-04,872.4000244140625
2025-11-06,865.7999877929688
2025-11-07,873.9500122070312
2025-11-10,876.3499755859375
2025-11-11,867.9000244140625
2025-11-12,867.5
2025-11-13,869.4500122070312
2025-11-14,868.4500122070312
2025-11-17,890.1500244140625
2025-11-18,886.9000244140625
2025-11-19,885.5499877929688
2025-11-20,882.3499755859375
2025-11-21,851.7999877929688
2025-11-24,854.75
2025-11-25,873.0999755859375
2025-11-26,886.75
2025-11-27,865.9000244140625
2025-11-28,870.25
2025-12-01,887.3499755859375
2025-12-02,859.4500122070312
2025-12-03,812.7999877929688
2025-12-04,802.5999755859375
2025-12-05,808.9500122070312
2025-12-08,779.0999755859375
2025-12-09,793.9000244140625
2025-12-10,782.7999877929688
2025-12-11,782.6500244140625
2025-12-12,789.3499755859375
2025-12-15,783.8499755859375
2025-12-16,773.1500244140625
2025-12-17,775.0
2025-12-18,777.8499755859375
2025-12-19,781.4000244140625
2025-12-22,787.9000244140625
2025-12-23,783.25
2025-12-24,777.2000122070312
2025-12-26,778.4500122070312
2025-12-29,784.4500122070312
2025-12-30,809.0
2025-12-31,837.25
2026-01-01,832.5999755859375
2026-01-02,861.4000244140625
2026-01-05,858.2000122070312
2026-01-06,861.5
2026-01-07,864.5999755859375
2026-01-08,828.0
2026-01-09,832.9000244140625
2026-01-12,826.6500244140625
2026-01-13,817.75
2026-01-14,846.4000244140625
2026-01-15,846.4000244140625
2026-01-16,852.0999755859375
2026-01-19,858.7000122070312
2026-01-20,846.5999755859375
2026-01-21,850.5499877929688
2026-01-22,896.75
2026-01-23,876.4500122070312
2026-01-27,876.7000122070312
2026-01-28,898.3499755859375
2026-01-29,909.5
2026-01-30,911.7000122070312
2026-02-02,834.7999877929688
2026-02-03,870.0999755859375
2026-02-04,879.25
2026-02-05,879.5
2026-02-06,871.2000122070312
2026-02-09,902.5
2026-02-10,906.0499877929688
2026-02-11,897.2999877929688
2026-02-12,880.7000122070312
2026-02-13,873.7000122070312
2026-02-16,888.9000244140625
2026-02-17,920.0999755859376
2026-02-18,938.1500244140624
2026-02-19,927.3499755859376
2026-02-20,946.7000122070312
2026-02-23,982.75
2026-02-24,985.8499755859376
2026-02-25,983.5999755859376
2026-02-26,991.5499877929688
2026-02-27,990.5
2026-03-02,976.6500244140624
2026-03-04,939.0
2026-03-05,951.75
2026-03-06,939.4000244140624
2026-03-09,898.9000244140625
2026-03-10,929.75
2026-03-11,917.7999877929688
2026-03-12,909.5999755859376
2026-03-13,870.2999877929688
2026-03-16,877.4500122070312
2026-03-17,873.9500122070312
2026-03-18,888.9000244140625
2026-03-19,859.1500244140625
2026-03-20,878.6500244140625
2026-03-23,838.2000122070312
2026-03-24,871.4500122070312
2026-03-25,909.0499877929688
2026-03-27,871.75
2026-03-30,845.7000122070312
2026-04-01,888.0
2026-04-02,869.4000244140625
2026-04-06,899.8499755859375
2026-04-07,905.25
2026-04-08,956.5
2026-04-09,941.8499755859376
2026-04-10,967.75
2026-04-13,966.5
2026-04-15,946.0
2026-04-16,940.0499877929688
2026-04-17,939.4500122070312
2026-04-20,928.2999877929688
2026-04-21,921.0499877929688
2026-04-22,925.3499755859376
2026-04-23,914.9500122070312
2026-04-24,909.9000244140624
2026-04-27,912.6500244140624
2026-04-28,896.0999755859375
2026-04-29,875.5499877929688
2026-04-30,851.8499755859375
2026-05-01,851.8499755859375
2026-05-04,830.3499755859375
2026-05-05,848.75
2026-05-06,866.8499755859375
2026-05-07,860.75
2026-05-08,865.5499877929688
2026-05-11,839.6500244140625
2026-05-12,821.4000244140625
2026-05-13,813.9500122070312
2026-05-14,831.75
2026-05-15,820.5999755859375
2026-05-18,810.0
2026-05-19,817.0999755859375
2026-05-20,810.2000122070312
2026-05-21,818.9500122070312
2026-05-22,825.9500122070312
2026-05-25,840.1500244140625
2026-05-26,833.5499877929688
2026-05-27,833.3499755859375
2026-05-28,833.3499755859375
2026-05-29,833.0
2026-06-01,809.75
2026-06-02,825.5499877929688
2026-06-03,847.9000244140625
2026-06-04,837.25
