,close
2006-03-17,21.347267150878903
2006-03-20,21.581348419189453
2006-03-21,22.37997817993164
2006-03-22,21.333499908447266
2006-03-23,22.34325790405273
2006-03-24,22.458005905151367
2006-03-27,22.5956974029541
2006-03-28,22.995014190673828
2006-03-29,22.57734107971192
2006-03-30,22.31113243103028
2006-03-31,22.22851181030273
2006-04-03,22.095409393310547
2006-04-04,22.554393768310547
2006-04-05,22.825193405151367
2006-04-07,21.911815643310547
2006-04-10,21.618066787719727
2006-04-12,20.938770294189453
2006-04-13,21.324317932128903
2006-04-17,21.003028869628903
2006-04-18,20.814844131469727
2006-04-19,20.74140930175781
2006-04-20,20.59453582763672
2006-04-21,20.727638244628903
2006-04-24,20.911231994628903
2006-04-25,21.14990425109864
2006-04-26,21.30595588684082
2006-04-27,21.370216369628903
2006-04-28,21.54463195800781
2006-05-02,21.53085708618164
2006-05-03,22.31571388244629
2006-05-04,22.92157554626465
2006-05-05,22.86190795898437
2006-05-08,23.78446578979492
2006-05-09,23.701845169067383
2006-05-10,23.316301345825195
2006-05-11,23.229093551635746
2006-05-12,23.086811065673828
2006-05-15,23.706438064575195
2006-05-16,22.74257469177246
2006-05-17,23.03172874450684
2006-05-18,22.903217315673828
2006-05-19,21.81542587280273
2006-05-22,20.970903396606445
2006-05-23,21.27383041381836
2006-05-24,21.429882049560547
2006-05-25,20.970903396606445
2006-05-26,21.94394302368164
2006-05-29,21.971485137939453
2006-05-30,21.113189697265625
2006-05-31,19.63985061645508
2006-06-01,19.38741111755371
2006-06-02,19.68575096130371
2006-06-05,19.70870018005371
2006-06-06,18.611730575561523
2006-06-07,18.46485710144043
2006-06-08,15.609986305236816
2006-06-09,17.110862731933594
2006-06-12,17.409196853637695
2006-06-13,16.495826721191406
2006-06-14,16.491235733032227
2006-06-15,17.084794998168945
2006-06-16,19.052186965942383
2006-06-19,18.314416885375977
2006-06-20,17.757600784301758
2006-06-21,18.08705139160156
2006-06-22,18.0638484954834
2006-06-23,18.27729225158692
2006-06-26,17.353919982910156
2006-06-27,16.862071990966797
2006-06-28,16.899187088012695
2006-06-29,17.17295265197754
2006-06-30,17.2193546295166
2006-07-03,17.636964797973633
2006-07-04,17.77616310119629
2006-07-05,17.409595489501953
2006-07-06,17.2425537109375
2006-07-07,16.91310691833496
2006-07-10,17.423519134521484
2006-07-11,17.632322311401367
2006-07-12,17.845766067504883
2006-07-13,18.328332901000977
2006-07-14,18.736665725708008
2006-07-17,18.319055557250977
2006-07-18,18.384014129638672
2006-07-19,17.998891830444336
2006-07-20,18.634578704833984
2006-07-21,18.444334030151367
2006-07-24,18.300493240356445
2006-07-25,18.67170143127441
2006-07-26,18.472177505493164
2006-07-27,18.537134170532227
2006-07-28,18.8248233795166
2006-07-31,19.08930778503418
2006-08-01,19.896684646606445
2006-08-02,19.54867553710937
2006-08-03,19.511558532714844
2006-08-04,19.381635665893555
2006-08-07,19.492996215820312
2006-08-08,19.604358673095703
2006-08-09,19.6275577545166
2006-08-10,19.975563049316406
2006-08-11,20.56021499633789
2006-08-14,21.093826293945312
2006-08-16,21.63207244873047
2006-08-17,21.400070190429688
2006-08-18,21.60887718200684
2006-08-21,21.548553466796875
2006-08-22,21.6367130279541
2006-08-23,21.520713806152344
2006-08-24,21.08454132080078
2006-08-25,21.362951278686523
2006-08-28,21.39542961120605
2006-08-29,21.562469482421875
2006-08-30,21.83159637451172
2006-08-31,20.787582397460938
2006-09-01,20.968542098999023
2006-09-04,21.39542961120605
2006-09-05,21.655271530151367
2006-09-06,21.103105545043945
2006-09-07,21.543914794921875
2006-09-08,21.293354034423828
2006-09-11,21.548553466796875
2006-09-12,21.483592987060547
2006-09-13,21.47431182861328
2006-09-14,21.492870330810547
2006-09-15,21.47895240783692
2006-09-18,21.51607322692871
2006-09-19,22.26776695251465
2006-09-20,21.68311309814453
2006-09-21,21.86871719360352
2006-09-22,21.905838012695312
2006-09-25,21.80840110778809
2006-09-26,21.81767845153809
2006-09-27,22.27240753173828
2006-09-28,22.24456596374512
2006-09-29,21.80840110778809
2006-10-03,21.81304168701172
2006-10-04,21.81304168701172
2006-10-05,22.00328254699707
2006-10-06,22.27240753173828
2006-10-09,22.406970977783203
2006-10-10,22.46265411376953
2006-10-11,22.28168678283692
2006-10-12,22.54617500305176
2006-10-13,23.181859970092773
2006-10-16,22.8384952545166
2006-10-17,22.917381286621094
2006-10-18,22.49977302551269
2006-10-19,22.662172317504883
2006-10-20,22.71785545349121
2006-10-23,22.45800971984864
2006-10-26,22.55081367492676
2006-10-27,22.611133575439453
2006-10-30,22.55081367492676
2006-10-31,22.648252487182617
2006-11-01,22.5276107788086
2006-11-02,22.55081367492676
2006-11-03,22.55081367492676
2006-11-06,22.55081367492676
2006-11-07,22.62041282653809
2006-11-08,22.56009101867676
2006-11-09,22.55081367492676
2006-11-10,23.251462936401367
2006-11-13,23.62731170654297
2006-11-14,23.506669998168945
2006-11-15,22.996261596679688
2006-11-16,23.77579498291016
2006-11-17,22.643613815307617
2006-11-20,22.801374435424805
2006-11-21,23.172584533691406
2006-11-22,22.74105453491211
2006-11-23,22.736417770385746
2006-11-24,22.773536682128903
2006-11-27,22.75033569335937
2006-11-28,22.8292179107666
2006-11-29,22.889537811279297
2006-11-30,22.736417770385746
2006-12-01,23.10762596130371
2006-12-04,23.446346282958984
2006-12-05,23.21898078918457
2006-12-06,23.325702667236328
2006-12-07,23.214340209960938
2006-12-08,23.186500549316406
2006-12-11,22.824575424194336
2006-12-12,22.736417770385746
2006-12-13,22.76425743103028
2006-12-14,22.74105453491211
2006-12-15,22.476572036743164
2006-12-18,22.74105453491211
2006-12-19,22.736417770385746
2006-12-20,23.186500549316406
2006-12-21,24.90333747863769
2006-12-22,24.457887649536133
2006-12-26,23.785076141357425
2006-12-27,24.02171516418457
2006-12-28,25.177101135253903
2006-12-29,26.016956329345703
2007-01-02,26.12367820739746
2007-01-03,25.859193801879883
2007-01-04,26.0540771484375
2007-01-05,25.15390014648437
2007-01-08,24.870853424072266
2007-01-09,24.68989562988281
2007-01-10,23.868595123291016
2007-01-11,23.91499710083008
2007-01-12,23.868595123291016
2007-01-15,24.92189598083496
2007-01-16,24.85692977905273
2007-01-17,24.4439640045166
2007-01-18,23.76651191711425
2007-01-19,23.506669998168945
2007-01-22,23.26538276672364
2007-01-23,22.90809631347656
2007-01-24,23.33498764038086
2007-01-25,23.446346282958984
2007-01-29,22.95914077758789
2007-01-31,22.43017196655273
2007-02-01,22.29561233520508
2007-02-02,22.286327362060547
2007-02-05,22.388410568237305
2007-02-06,22.28168678283692
2007-02-07,22.28168678283692
2007-02-08,22.28168678283692
2007-02-09,22.54617500305176
2007-02-12,22.24920463562012
2007-02-13,21.896562576293945
2007-02-14,21.497514724731445
2007-02-15,21.789840698242188
2007-02-19,21.2423095703125
2007-02-20,22.286327362060547
2007-02-21,21.557830810546875
2007-02-22,21.098464965820312
2007-02-23,20.717973709106445
2007-02-26,20.40709686279297
2007-02-27,20.91286277770996
2007-02-28,21.093826293945312
2007-03-01,21.08454132080078
2007-03-02,21.539270401000977
2007-03-05,20.8850212097168
2007-03-06,20.8803825378418
2007-03-07,20.8803825378418
2007-03-08,20.86181831359864
2007-03-09,20.8803825378418
2007-03-12,20.8803825378418
2007-03-13,20.90822029113769
2007-03-14,20.90822029113769
2007-03-15,21.548553466796875
2007-03-16,21.33510971069336
2007-03-19,20.949981689453125
2007-03-20,21.43719291687012
2007-03-21,21.344390869140625
2007-03-22,21.344390869140625
2007-03-23,21.353673934936523
2007-03-26,21.526445388793945
2007-03-28,21.526445388793945
2007-03-29,21.526445388793945
2007-03-30,21.90081787109375
2007-04-02,21.0725154876709
2007-04-03,21.05847549438477
2007-04-04,20.117860794067383
2007-04-05,20.14126205444336
2007-04-09,20.23953628540039
2007-04-10,20.20209693908692
2007-04-11,20.13658142089844
2007-04-12,20.12722396850586
2007-04-13,20.122541427612305
2007-04-16,20.178699493408203
2007-04-17,20.68878173828125
2007-04-18,21.05847549438477
2007-04-19,21.605995178222656
2007-04-20,21.554521560668945
2007-04-23,21.526445388793945
2007-04-24,21.732345581054688
2007-04-25,21.79318046569824
2007-04-26,22.14415168762207
2007-04-27,21.989727020263672
2007-04-30,22.003767013549805
2007-05-03,21.9944076538086
2007-05-04,22.11139488220215
2007-05-07,22.003767013549805
2007-05-08,22.21903419494629
2007-05-09,22.134796142578125
2007-05-10,22.17691421508789
2007-05-11,22.003767013549805
2007-05-14,21.9944076538086
2007-05-15,21.989727020263672
2007-05-16,22.05056381225586
2007-05-17,22.26114845275879
2007-05-18,22.602764129638672
2007-05-21,22.462371826171875
2007-05-22,22.02716064453125
2007-05-23,21.9944076538086
2007-05-24,22.07864189147949
2007-05-25,21.989727020263672
2007-05-28,21.9944076538086
2007-05-29,21.919532775878903
2007-05-30,21.797861099243164
2007-05-31,22.12543678283692
2007-06-01,22.11139488220215
2007-06-04,22.26114845275879
2007-06-05,22.03184700012207
2007-06-06,22.39218139648437
2007-06-07,21.980369567871094
2007-06-08,21.236305236816406
2007-06-11,21.53112030029297
2007-06-12,20.99763870239257
2007-06-13,21.521759033203125
2007-06-14,21.94761657714844
2007-06-15,21.549840927124023
2007-06-18,21.95696830749512
2007-06-19,21.985048294067383
2007-06-20,21.59195899963379
2007-06-21,22.13947868347168
2007-06-22,22.275190353393555
2007-06-25,22.03184700012207
2007-06-26,22.35474395751953
2007-06-27,22.91162109375
2007-06-28,22.835769653320312
2007-06-29,23.31691551208496
2007-07-02,23.48201942443848
2007-07-03,24.109399795532227
2007-07-04,23.95845031738281
2007-07-05,24.02921295166016
2007-07-06,25.06698608398437
2007-07-09,24.79339027404785
2007-07-10,25.100004196166992
2007-07-11,26.538738250732425
2007-07-12,27.04347419738769
2007-07-13,25.78870964050293
2007-07-16,25.774559020996094
2007-07-17,25.2886905670166
2007-07-18,25.53870010375977
2007-07-19,25.180194854736328
2007-07-20,24.779239654541016
2007-07-23,24.548095703125
2007-07-24,23.59051322937012
2007-07-25,23.25559425354004
2007-07-26,23.04331970214844
2007-07-27,22.30273056030273
2007-07-30,22.64236831665039
2007-07-31,22.64708137512207
2007-08-01,22.45367813110352
2007-08-02,22.74142265319824
2007-08-03,22.26498985290528
2007-08-06,22.349899291992188
2007-08-07,22.79331398010254
2007-08-08,22.64708137512207
2007-08-09,22.70368766784668
2007-08-10,22.36405372619629
2007-08-13,22.40178871154785
2007-08-14,22.54330062866211
2007-08-16,21.897050857543945
2007-08-17,21.722517013549805
2007-08-20,22.25084114074707
2007-08-21,21.65176010131836
2007-08-22,21.21306610107422
2007-08-23,21.283823013305664
2007-08-24,21.175331115722656
2007-08-27,21.283823013305664
2007-08-28,21.359298706054688
2007-08-29,21.137590408325195
2007-08-30,21.49137687683105
2007-08-31,21.69421768188477
2007-09-03,21.920637130737305
2007-09-04,21.69893264770508
2007-09-05,21.67534828186035
2007-09-06,22.30744743347168
2007-09-07,22.60462760925293
2007-09-10,21.93007469177246
2007-09-11,22.45367813110352
2007-09-12,22.184799194335938
2007-09-13,21.948944091796875
2007-09-14,21.77440643310547
2007-09-17,21.45835494995117
2007-09-18,21.9725284576416
2007-09-19,22.26498985290528
2007-09-20,21.9725284576416
2007-09-21,21.88762092590332
2007-09-24,22.019695281982425
2007-09-25,21.70364570617676
2007-09-26,22.61406135559082
2007-09-27,22.217819213867188
2007-09-28,22.944265365600582
2007-10-01,22.48669815063477
2007-10-03,22.73198890686035
2007-10-04,23.099929809570312
2007-10-05,22.15178298950196
2007-10-08,22.16592597961425
2007-10-09,22.16592597961425
2007-10-10,22.65652084350586
2007-10-11,22.746137619018555
2007-10-12,22.368770599365234
2007-10-15,22.1423454284668
2007-10-16,21.543270111083984
2007-10-17,20.665870666503903
2007-10-18,20.755502700805664
2007-10-19,20.13754844665528
2007-10-22,20.118688583374023
2007-10-23,20.16585731506348
2007-10-24,20.274349212646484
2007-10-25,21.114002227783203
2007-10-26,21.656476974487305
2007-10-29,22.62349510192871
2007-10-30,22.057435989379883
2007-10-31,22.01026725769043
2007-11-01,22.62821388244629
2007-11-02,22.15178298950196
2007-11-05,22.84048652648925
2007-11-06,21.920637130737305
2007-11-07,22.63764953613281
2007-11-08,22.288578033447266
2007-11-12,22.000831604003903
2007-11-13,21.812143325805664
2007-11-14,22.26027488708496
2007-11-15,22.09517478942871
2007-11-16,22.64708137512207
2007-11-19,23.80278778076172
2007-11-20,24.5622501373291
2007-11-21,24.57168197631836
2007-11-22,23.312198638916016
2007-11-23,23.99147224426269
2007-11-26,24.52451133728028
2007-11-27,24.15185165405273
2007-11-28,23.397111892700195
2007-11-29,24.52922821044922
2007-11-30,24.434886932373047
2007-12-03,24.65658950805664
2007-12-04,27.095361709594727
2007-12-05,28.152006149291992
2007-12-06,27.72746086120605
2007-12-07,26.515151977539062
2007-12-10,26.930259704589844
2007-12-11,26.7415771484375
2007-12-12,27.67085266113281
2007-12-13,28.123703002929688
2007-12-14,28.10483360290528
2007-12-17,25.944379806518555
2007-12-18,24.57640266418457
2007-12-19,26.656667709350582
2007-12-20,27.378395080566406
2007-12-24,29.524703979492188
2007-12-26,29.892641067504883
2007-12-27,30.453981399536133
2007-12-28,29.83131980895996
2007-12-31,30.48228073120117
2008-01-01,29.609601974487305
2008-01-02,33.05785369873047
2008-01-03,32.48236846923828
2008-01-04,30.67568588256836
2008-01-07,30.048309326171875
2008-01-08,29.7133846282959
2008-01-09,30.59077835083008
2008-01-10,28.49164390563965
2008-01-11,27.70859336853028
2008-01-14,29.54356575012207
2008-01-15,29.703950881958008
2008-01-16,29.15204429626465
2008-01-17,30.01056671142578
2008-01-18,29.75111961364746
2008-01-21,26.312313079833984
2008-01-22,25.265106201171875
2008-01-23,26.46798324584961
2008-01-24,26.458545684814453
2008-01-25,27.345367431640625
2008-01-28,27.760480880737305
2008-01-29,28.3642807006836
2008-01-30,28.84543228149414
2008-01-31,28.765235900878903
2008-02-01,29.29827308654785
2008-02-04,29.53413391113281
2008-02-05,29.20393180847168
2008-02-06,29.15675544738769
2008-02-07,29.95396614074707
2008-02-08,29.392614364624023
2008-02-11,29.28884696960449
2008-02-12,29.26054000854492
2008-02-13,29.24639320373535
2008-02-14,29.27469062805176
2008-02-15,29.2511043548584
2008-02-18,28.73221778869629
2008-02-19,29.2511043548584
2008-02-20,27.93973159790039
2008-02-21,29.01524353027344
2008-02-22,27.67557716369629
2008-02-25,29.255821228027344
2008-02-26,29.302993774414062
2008-02-27,29.95396614074707
2008-02-28,29.4350700378418
2008-02-29,29.94452857971192
2008-03-03,29.392614364624023
2008-03-04,29.586027145385746
2008-03-05,28.458620071411133
2008-03-07,28.350128173828125
2008-03-10,26.98215103149414
2008-03-11,27.35008811950684
2008-03-12,27.925580978393555
2008-03-13,27.0057373046875
2008-03-14,27.373676300048828
2008-03-17,26.42081069946289
2008-03-18,25.005659103393555
2008-03-19,24.52922821044922
2008-03-24,24.52922821044922
2008-03-25,25.37831687927246
2008-03-26,24.57640266418457
2008-03-27,24.62357521057129
2008-03-28,25.1424617767334
2008-03-31,26.43967628479004
2008-04-01,25.4585075378418
2008-04-02,24.92546844482422
2008-04-03,24.53866195678711
2008-04-04,24.500926971435547
2008-04-07,24.387714385986328
2008-04-08,23.93958282470703
2008-04-09,24.34054183959961
2008-04-10,24.52922821044922
2008-04-11,24.048078536987305
2008-04-15,23.783918380737305
2008-04-16,24.0858154296875
2008-04-17,24.01977729797364
2008-04-21,25.1424617767334
2008-04-22,29.501110076904297
2008-04-23,27.651988983154297
2008-04-24,26.213254928588867
2008-04-25,26.11419677734375
2008-04-28,26.12834548950196
2008-04-29,25.9868278503418
2008-04-30,26.47269821166992
2008-05-02,26.89723777770996
2008-05-05,27.373676300048828
2008-05-06,27.373676300048828
2008-05-07,27.666139602661133
2008-05-08,27.59538459777832
2008-05-09,27.548206329345703
2008-05-12,27.83124732971192
2008-05-13,28.123703002929688
2008-05-14,28.156723022460938
2008-05-15,28.11427116394043
2008-05-16,27.85011100769043
2008-05-20,26.69440078735352
2008-05-21,26.80761337280273
2008-05-22,26.47269821166992
2008-05-23,26.510433197021484
2008-05-26,25.94910049438477
2008-05-27,26.038721084594727
2008-05-28,25.958532333374023
2008-05-29,25.95380592346192
2008-05-30,26.368921279907227
2008-06-02,25.66135025024414
2008-06-03,25.095287322998047
2008-06-04,25.68964385986328
2008-06-05,25.482091903686523
2008-06-06,24.717912673950195
2008-06-09,25.10943984985352
2008-06-10,25.043399810791016
2008-06-11,25.00094223022461
2008-06-12,24.5622501373291
2008-06-13,25.50568008422852
2008-06-16,25.47265815734864
2008-06-17,25.55757141113281
2008-06-18,24.996227264404297
2008-06-19,24.52451133728028
2008-06-20,24.25091552734375
2008-06-23,24.26506423950196
2008-06-24,25.12358665466309
2008-06-25,24.81697654724121
2008-06-26,25.145902633666992
2008-06-27,25.62080764770508
2008-06-30,26.09091186523437
2008-07-01,25.12191772460937
2008-07-02,24.896455764770508
2008-07-03,24.85808181762696
2008-07-04,24.61822891235352
2008-07-07,24.66140365600586
2008-07-08,23.831520080566406
2008-07-09,23.86030578613281
2008-07-10,23.97543334960937
2008-07-11,23.51491928100586
2008-07-14,23.86030578613281
2008-07-15,23.57728385925293
2008-07-16,23.50532531738281
2008-07-17,23.50532531738281
2008-07-18,23.62525177001953
2008-07-21,24.498306274414062
2008-07-22,24.464723587036133
2008-07-23,24.51749420166016
2008-07-24,24.143325805664062
2008-07-25,23.32783508300781
2008-07-28,23.946653366088867
2008-07-29,24.00901222229004
2008-07-30,23.937057495117188
2008-07-31,23.956239700317383
2008-08-01,23.90827369689941
2008-08-04,23.601268768310547
2008-08-05,23.62525177001953
2008-08-06,23.29425811767578
2008-08-07,23.45735549926757
2008-08-08,23.4141845703125
2008-08-11,23.524513244628903
2008-08-12,23.42377471923828
2008-08-13,23.40938377380371
2008-08-14,23.41897964477539
2008-08-18,23.43816947937012
2008-08-19,23.17432975769043
2008-08-20,23.40938377380371
2008-08-21,23.93225860595703
2008-08-22,23.4141845703125
2008-08-25,23.40938377380371
2008-08-26,23.40938377380371
2008-08-27,23.40938377380371
2008-08-28,23.217504501342773
2008-08-29,23.217504501342773
2008-09-01,23.55809593200684
2008-09-02,23.275070190429688
2008-09-04,23.231895446777344
2008-09-05,23.40938377380371
2008-09-08,23.50532531738281
2008-09-09,23.50532531738281
2008-09-10,23.50532531738281
2008-09-11,24.00901222229004
2008-09-12,23.217504501342773
2008-09-15,23.481340408325195
2008-09-16,23.4141845703125
2008-09-17,24.152921676635746
2008-09-18,24.22007942199707
2008-09-19,24.22007942199707
2008-09-22,24.670997619628903
2008-09-23,24.373580932617188
2008-09-24,24.531879425048828
2008-09-25,24.43594551086425
2008-09-26,24.445537567138672
2008-09-29,24.2536563873291
2008-09-30,24.92523765563965
2008-10-01,24.24886131286621
2008-10-03,23.227100372314453
2008-10-06,21.572132110595703
2008-10-07,19.69649887084961
2008-10-08,19.66292190551757
2008-10-10,19.18802070617676
2008-10-13,19.12085723876953
2008-10-14,21.92231178283692
2008-10-15,21.09242820739746
2008-10-16,19.14005470275879
2008-10-17,19.092079162597656
2008-10-20,19.49502754211425
2008-10-21,19.18802070617676
2008-10-22,19.178422927856445
2008-10-23,19.092079162597656
2008-10-24,18.77547645568848
2008-10-27,18.228620529174805
2008-10-29,18.13747787475586
2008-10-31,17.705747604370117
2008-11-03,17.748918533325195
2008-11-04,18.804262161254883
2008-11-05,19.05370330810547
2008-11-06,18.78986930847168
2008-11-07,18.243009567260746
2008-11-10,18.487661361694336
2008-11-11,18.25260353088379
2008-11-12,18.60758399963379
2008-11-14,18.228620529174805
2008-11-17,18.43009376525879
2008-11-18,18.228620529174805
2008-11-19,18.228620529174805
2008-11-20,17.758514404296875
2008-11-21,17.7633113861084
2008-11-24,17.134902954101562
2008-11-25,18.228620529174805
2008-11-26,17.89282989501953
2008-11-27,17.89282989501953
2008-11-28,17.26921844482422
2008-12-01,18.22382164001465
2008-12-02,17.274015426635742
2008-12-03,16.9718074798584
2008-12-04,17.278812408447266
2008-12-05,17.26921844482422
2008-12-08,17.264419555664062
2008-12-10,17.264419555664062
2008-12-11,17.26921844482422
2008-12-12,17.264419555664062
2008-12-15,17.264419555664062
2008-12-16,17.28360939025879
2008-12-17,17.206859588623047
2008-12-18,17.26921844482422
2008-12-19,17.811281204223633
2008-12-22,17.974376678466797
2008-12-23,18.089506149291992
2008-12-24,17.988771438598633
2008-12-26,19.869197845458984
2008-12-29,22.459577560424805
2008-12-30,23.941850662231445
2008-12-31,24.32081794738769
2009-01-02,24.00901222229004
2009-01-05,23.697208404541016
2009-01-06,23.99462127685547
2009-01-07,23.72598648071289
2009-01-09,23.596471786499023
2009-01-12,23.19352149963379
2009-01-13,23.073598861694336
2009-01-14,22.71861457824707
2009-01-15,22.382827758789062
2009-01-16,22.354042053222656
2009-01-19,21.16918182373047
2009-01-20,20.46881866455078
2009-01-21,20.675092697143555
2009-01-22,20.78542709350586
2009-01-23,19.734882354736328
2009-01-27,18.90019989013672
2009-01-28,18.92898178100586
2009-01-29,18.65555191040039
2009-01-30,18.765884399414062
2009-02-02,18.51643943786621
2009-02-03,18.08470726013184
2009-02-04,18.823448181152344
2009-02-05,19.279165267944336
2009-02-06,19.56218719482422
2009-02-09,19.31753921508789
2009-02-10,19.778051376342773
2009-02-11,19.02012825012207
2009-02-12,18.52123641967773
2009-02-13,19.02492332458496
2009-02-16,18.87141799926757
2009-02-17,18.97215461730957
2009-02-18,18.42529487609864
2009-02-19,18.612380981445312
2009-02-20,18.645957946777344
2009-02-24,18.25260353088379
2009-02-25,18.180646896362305
2009-02-26,18.02714729309082
2009-02-27,18.90499687194824
2009-03-02,18.487661361694336
2009-03-03,18.21902847290039
2009-03-04,17.935998916625977
2009-03-05,17.585819244384766
2009-03-06,17.54744529724121
2009-03-09,18.833045959472656
2009-03-12,19.32233619689941
2009-03-13,19.773256301879883
2009-03-16,19.51421546936035
2009-03-17,19.571781158447266
2009-03-18,20.723064422607425
2009-03-19,20.99169540405273
2009-03-20,20.95331573486328
2009-03-23,20.93892288208008
2009-03-24,19.85000801086425
2009-03-25,19.49982643127441
2009-03-26,19.245582580566406
2009-03-27,19.69171142578125
2009-03-30,20.06587219238281
2009-03-31,20.051483154296875
2009-04-01,19.624549865722656
2009-04-02,19.78764533996582
2009-04-06,19.36551094055176
2009-04-08,21.365863800048828
2009-04-09,23.08798599243164
2009-04-13,22.46437644958496
2009-04-15,21.68246078491211
2009-04-16,20.967708587646484
2009-04-17,20.26254844665528
2009-04-20,19.85000801086425
2009-04-21,19.85480690002441
2009-04-22,20.03229331970215
2009-04-23,19.85000801086425
2009-04-24,20.190597534179688
2009-04-27,20.29133033752441
2009-04-28,19.509418487548828
2009-04-29,19.528614044189453
2009-04-30,19.528614044189453
2009-05-04,20.08506202697754
2009-05-05,20.334508895874023
2009-05-06,19.523813247680664
2009-05-07,20.59834289550781
2009-05-08,20.22417640686035
2009-05-11,19.490232467651367
2009-05-12,19.56218719482422
2009-05-13,19.66292190551757
2009-05-14,19.16883659362793
2009-05-15,19.164037704467773
2009-05-18,21.49058532714844
2009-05-19,21.097230911254883
2009-05-20,21.3994369506836
2009-05-21,22.258106231689453
2009-05-22,21.66807174682617
2009-05-25,21.67286872863769
2009-05-26,22.104604721069336
2009-05-27,23.00163459777832
2009-05-28,23.53410530090332
2009-05-29,25.28501319885254
2009-06-01,25.309005737304688
2009-06-02,23.980224609375
2009-06-03,24.675790786743164
2009-06-04,25.02117729187012
2009-06-05,25.21306228637696
2009-06-08,25.41933250427246
2009-06-09,25.970985412597656
2009-06-10,26.800870895385746
2009-06-11,27.54440116882324
2009-06-12,27.03592109680176
2009-06-15,25.692758560180664
2009-06-16,25.428924560546875
2009-06-17,24.22007942199707
2009-06-18,23.37100982666016
2009-06-19,23.72598648071289
2009-06-22,23.385398864746094
2009-06-23,23.11197090148925
2009-06-24,22.771387100219727
2009-06-25,22.958465576171875
2009-06-26,23.48613739013672
2009-06-29,24.85808181762696
2009-06-30,25.985382080078125
2009-07-01,25.32818984985352
2009-07-02,25.94525909423828
2009-07-03,26.194971084594727
2009-07-06,25.25978279113769
2009-07-07,26.48874855041504
2009-07-08,24.54982566833496
2009-07-09,24.16792297363281
2009-07-10,24.51065826416016
2009-07-13,23.21314811706543
2009-07-14,24.182605743408203
2009-07-15,24.96601104736328
2009-07-16,25.034557342529297
2009-07-17,25.607419967651367
2009-07-20,25.29405975341797
2009-07-21,25.24509620666504
2009-07-22,25.40666580200196
2009-07-23,25.436050415039062
2009-07-24,25.372398376464844
2009-07-27,25.338123321533203
2009-07-28,24.87787628173828
2009-07-29,24.07978630065918
2009-07-30,23.976964950561523
2009-07-31,23.781116485595703
2009-08-03,24.060199737548828
2009-08-04,24.07978630065918
2009-08-05,24.19729423522949
2009-08-06,23.85455703735352
2009-08-07,23.19845962524414
2009-08-10,22.97323608398437
2009-08-11,22.537464141845703
2009-08-12,21.70999526977539
2009-08-13,22.01846504211425
2009-08-14,21.7932357788086
2009-08-17,21.729581832885746
2009-08-18,21.58269500732422
2009-08-19,21.39663887023925
2009-08-20,21.37705039978028
2009-08-21,22.322031021118164
2009-08-24,22.15555763244629
2009-08-25,21.979291915893555
2009-08-26,21.729581832885746
2009-08-27,21.47987365722656
2009-08-28,21.33788108825684
2009-08-31,20.877635955810547
2009-09-01,21.04899978637696
2009-09-02,21.230167388916016
2009-09-03,21.093074798583984
2009-09-04,21.6120719909668
2009-09-07,22.488502502441406
2009-09-08,21.724685668945312
2009-09-09,21.89605712890625
2009-09-10,21.768754959106445
2009-09-11,21.88626480102539
2009-09-14,21.82261276245117
2009-09-15,22.07721519470215
2009-09-16,22.18003845214844
2009-09-17,22.11638641357422
2009-09-18,22.60601234436035
2009-09-22,22.87530517578125
2009-09-23,22.135971069335938
2009-09-24,21.734479904174805
2009-09-25,21.773653030395508
2009-09-29,22.023361206054688
2009-09-30,22.56195068359375
2009-10-01,22.90958023071289
2009-10-05,22.53256607055664
2009-10-06,22.01846504211425
2009-10-07,22.229001998901367
2009-10-08,22.013566970825195
2009-10-09,21.58269500732422
2009-10-12,24.319704055786133
2009-10-13,24.319704055786133
2009-10-14,25.6955509185791
2009-10-15,24.750572204589844
2009-10-16,24.794639587402344
2009-10-20,25.77389335632324
2009-10-21,26.018705368041992
2009-10-22,25.64658737182617
2009-10-23,26.19986724853516
2009-10-26,25.28426551818848
2009-10-27,25.40666580200196
2009-10-28,25.788578033447266
2009-10-29,25.40666580200196
2009-10-30,24.726089477539062
2009-11-03,23.44327163696289
2009-11-04,23.82518196105957
2009-11-05,24.58409881591797
2009-11-06,24.8974609375
2009-11-09,25.57314682006836
2009-11-10,25.59272766113281
2009-11-11,25.626998901367188
2009-11-12,26.1509017944336
2009-11-13,26.47405815124512
2009-11-16,26.523021697998047
2009-11-17,26.542600631713867
2009-11-18,27.52185440063477
2009-11-19,27.23787307739257
2009-11-20,27.845006942749023
2009-11-23,27.76667022705078
2009-11-24,28.104507446289062
2009-11-25,29.12292861938477
2009-11-26,28.66758155822754
2009-11-27,28.31504821777344
2009-11-30,28.868322372436523
2009-12-01,29.602764129638672
2009-12-02,30.56242561340332
2009-12-03,30.165834426879883
2009-12-04,29.984668731689453
2009-12-07,30.17563438415528
2009-12-08,30.97860717773437
2009-12-09,30.410642623901367
2009-12-10,30.78765296936035
2009-12-11,30.856201171875
2009-12-14,30.3665771484375
2009-12-15,29.960187911987305
2009-12-16,30.4547176361084
2009-12-17,30.885576248168945
2009-12-18,30.65056228637696
2009-12-21,30.16094017028809
2009-12-22,30.80723762512207
2009-12-23,30.782760620117188
2009-12-24,31.42417335510254
2009-12-29,32.08516311645508
2009-12-30,32.33487319946289
2009-12-31,33.54914093017578
2010-01-04,33.88698196411133
2010-01-05,34.077938079833984
2010-01-06,33.789058685302734
2010-01-07,33.73520278930664
2010-01-08,33.42674255371094
2010-01-11,32.956695556640625
2010-01-12,34.55287551879883
2010-01-13,33.92615509033203
2010-01-14,34.0093879699707
2010-01-15,33.68623733520508
2010-01-18,33.97512435913086
2010-01-19,35.34117889404297
2010-01-20,36.73170852661133
2010-01-21,35.16490936279297
2010-01-22,35.07677459716797
2010-01-25,34.37171173095703
2010-01-27,32.42300033569336
2010-01-28,31.69346618652344
2010-01-29,30.826824188232425
2010-02-01,31.6102294921875
2010-02-02,31.272390365600582
2010-02-03,32.85877990722656
2010-02-04,32.564998626708984
2010-02-05,31.708160400390625
2010-02-08,32.37404251098633
2010-02-09,32.79512023925781
2010-02-10,32.667823791503906
2010-02-11,32.80002212524414
2010-02-15,32.51114654541016
2010-02-16,32.31529235839844
2010-02-17,33.098690032958984
2010-02-18,32.85877990722656
2010-02-19,32.43280029296875
2010-02-22,32.03620910644531
2010-02-23,31.889310836791992
2010-02-24,31.531888961791992
2010-02-25,31.80607414245605
2010-02-26,33.035037994384766
2010-03-02,34.92988586425781
2010-03-03,34.08283996582031
2010-03-04,33.862510681152344
2010-03-05,35.39013671875
2010-03-08,35.111053466796875
2010-03-09,36.03644180297852
2010-03-10,38.94481658935547
2010-03-11,37.8872299194336
2010-03-12,36.45751953125
2010-03-15,34.81727600097656
2010-03-16,36.40855407714844
2010-03-17,37.2115478515625
2010-03-18,36.42813873291016
2010-03-19,36.1490592956543
2010-03-22,36.98141479492188
2010-03-23,38.11245346069336
2010-03-25,38.21038055419922
2010-03-26,38.32299423217773
2010-03-29,37.52490997314453
2010-03-30,37.36822128295898
2010-03-31,36.50647735595703
2010-04-01,36.71702575683594
2010-04-05,36.67295837402344
2010-04-06,36.33021545410156
2010-04-07,36.83452987670898
2010-04-08,36.442832946777344
2010-04-09,36.79536056518555
2010-04-12,37.15279006958008
2010-04-13,36.77088165283203
2010-04-15,36.62400436401367
2010-04-16,36.71702575683594
2010-04-19,37.28499221801758
2010-04-20,38.04391098022461
2010-04-21,38.75875854492188
2010-04-22,39.77718353271485
2010-04-23,41.75037384033203
2010-04-26,42.85203552246094
2010-04-27,44.60978698730469
2010-04-28,43.782318115234375
2010-04-29,44.1544303894043
2010-04-30,43.89493560791016
2010-05-03,43.41020202636719
2010-05-04,42.59742736816406
2010-05-05,42.41137313842773
2010-05-06,41.75037384033203
2010-05-07,40.90332794189453
2010-05-10,41.4761848449707
2010-05-11,40.82987976074219
2010-05-12,40.614444732666016
2010-05-13,42.494606018066406
2010-05-14,42.17145156860352
2010-05-17,41.67203521728516
2010-05-18,42.01966857910156
2010-05-19,41.27054214477539
2010-05-20,40.60955047607422
2010-05-21,40.60955047607422
2010-05-24,40.68299102783203
2010-05-25,39.86531829833984
2010-05-26,39.96323394775391
2010-05-27,40.12481689453125
2010-05-28,40.0219955444336
2010-05-31,40.92290115356445
2010-06-01,41.17750930786133
2010-06-02,41.05021286010742
2010-06-03,42.0147705078125
2010-06-04,43.02829360961914
2010-06-07,42.37709045410156
2010-06-08,45.95626068115234
2010-06-09,44.77135848999024
2010-06-10,45.917091369628906
2010-06-11,45.006378173828125
2010-06-14,45.3931884765625
2010-06-15,45.80447006225586
2010-06-16,45.73592758178711
2010-06-17,46.22555541992188
2010-06-18,44.62937545776367
2010-06-21,44.947635650634766
2010-06-22,44.34049224853516
2010-06-23,44.40413665771485
2010-06-24,44.58040618896485
2010-06-25,44.8154296875
2010-06-28,45.14347457885742
2010-06-29,44.63426971435547
2010-06-30,44.69869613647461
2010-07-01,44.06675720214844
2010-07-02,45.47494125366211
2010-07-05,45.350547790527344
2010-07-06,45.256004333496094
2010-07-07,45.10673141479492
2010-07-08,47.126953125
2010-07-09,49.769161224365234
2010-07-12,49.65969467163086
2010-07-13,50.077674865722656
2010-07-14,49.23176956176758
2010-07-15,48.95809173583984
2010-07-16,49.25166320800781
2010-07-19,49.32630920410156
2010-07-20,49.10239028930664
2010-07-21,49.30142974853516
2010-07-22,50.54541015625
2010-07-23,52.222286224365234
2010-07-26,54.03850173950195
2010-07-27,53.44636917114258
2010-07-28,52.76466751098633
2010-07-29,54.91923522949219
2010-07-30,56.24782180786133
2010-08-02,56.61104965209961
2010-08-03,56.456790924072266
2010-08-04,58.780548095703125
2010-08-05,58.06401824951172
2010-08-06,60.591793060302734
2010-08-09,60.13898468017578
2010-08-10,59.9150619506836
2010-08-11,61.98006439208984
2010-08-12,61.64669418334961
2010-08-13,60.17878341674805
2010-08-16,58.11377716064453
2010-08-17,58.307838439941406
2010-08-18,58.76065444946289
2010-08-19,59.38265228271485
2010-08-20,58.989540100097656
2010-08-23,60.13898468017578
2010-08-24,59.20351409912109
2010-08-25,57.62117385864258
2010-08-26,57.37734222412109
2010-08-27,56.6508674621582
2010-08-30,57.32759094238281
2010-08-31,58.49196243286133
2010-09-01,58.92485427856445
2010-09-02,59.33786010742188
2010-09-03,59.40752410888672
2010-09-06,59.33288192749024
2010-09-07,61.96017074584961
2010-09-08,64.12966918945312
2010-09-09,62.88071441650391
2010-09-13,66.11009216308594
2010-09-14,65.5179443359375
2010-09-15,66.23945617675781
2010-09-16,66.63754272460938
2010-09-17,66.96097564697266
2010-09-20,65.53288269042969
2010-09-21,63.84605407714844
2010-09-22,62.771244049072266
2010-09-23,63.23897933959961
2010-09-24,62.41796112060547
2010-09-27,61.089385986328125
2010-09-28,61.74620819091797
2010-09-29,63.6718864440918
2010-09-30,64.33367919921875
2010-10-01,63.66693115234375
2010-10-04,64.17943572998047
2010-10-05,66.9709243774414
2010-10-06,66.18472290039062
2010-10-07,68.71248626708984
2010-10-08,68.0954818725586
2010-10-11,68.19998931884766
2010-10-12,71.55872344970703
2010-10-13,72.50414276123047
2010-10-14,70.82228088378906
2010-10-15,70.54862976074219
2010-10-18,69.56336975097656
2010-10-19,68.97622680664062
2010-10-20,66.95597839355469
2010-10-21,68.96627044677734
2010-10-22,65.1447525024414
2010-10-25,69.72261047363281
2010-10-26,70.87203979492188
2010-10-27,70.93175506591797
2010-10-28,70.28985595703125
2010-10-29,73.50927734375
2010-11-01,75.1214828491211
2010-11-02,75.5643310546875
2010-11-03,74.3104019165039
2010-11-04,77.06208038330078
2010-11-08,76.78343963623047
2010-11-09,79.26644134521484
2010-11-10,80.71442413330078
2010-11-11,80.13223266601562
2010-11-12,79.77397918701172
2010-11-15,83.71489715576172
2010-11-16,82.59530639648438
2010-11-18,80.54524230957031
2010-11-19,77.69901275634766
2010-11-22,80.33126068115234
2010-11-23,79.3559799194336
2010-11-24,78.71409606933594
2010-11-25,74.9821548461914
2010-11-26,75.55439758300781
2010-11-29,77.05712127685547
2010-11-30,78.4404296875
2010-12-01,78.49515533447266
2010-12-02,78.6494140625
2010-12-03,77.61940002441406
2010-12-06,76.0718765258789
2010-12-07,74.53431701660156
2010-12-08,72.34989929199219
2010-12-09,71.2452392578125
2010-12-10,73.1161880493164
2010-12-13,72.17572021484375
2010-12-14,71.9966049194336
2010-12-15,71.5139389038086
2010-12-16,70.6332015991211
2010-12-20,72.76787567138672
2010-12-21,72.68826293945312
2010-12-22,70.89692687988281
2010-12-23,71.2502212524414
2010-12-24,71.04122924804688
2010-12-27,72.29019165039062
2010-12-28,74.26065826416016
2010-12-29,73.78793334960938
2010-12-30,72.4792709350586
2010-12-31,73.67845916748047
2011-01-03,74.82788848876953
2011-01-04,73.9670639038086
2011-01-05,73.00173950195312
2011-01-06,70.76258087158203
2011-01-07,66.946044921875
2011-01-10,63.26385498046875
2011-01-11,63.79131317138672
2011-01-12,66.60768127441406
2011-01-13,65.68215942382812
2011-01-14,62.12934875488281
2011-01-17,62.22886276245117
2011-01-18,65.0154037475586
2011-01-19,66.528076171875
2011-01-20,71.40943908691406
2011-01-21,70.27989959716797
2011-01-24,69.62307739257812
2011-01-25,68.84188079833984
2011-01-27,69.65790557861328
2011-01-28,67.49339294433594
2011-01-31,69.2996597290039
2011-02-01,67.9312744140625
2011-02-02,68.25470733642578
2011-02-03,67.64764404296875
2011-02-04,67.46353912353516
2011-02-07,68.50350952148438
2011-02-08,68.18505096435547
2011-02-09,62.38811111450195
2011-02-10,62.97028350830078
2011-02-11,66.67237091064453
2011-02-14,69.4489517211914
2011-02-15,69.92166900634766
2011-02-16,68.07060241699219
2011-02-17,71.55374145507812
2011-02-18,71.67318725585938
2011-02-21,71.538818359375
2011-02-22,70.24010467529297
2011-02-23,70.90190124511719
2011-02-24,68.70751190185547
2011-02-25,69.61314392089844
2011-02-28,70.58344268798828
2011-03-01,71.01136016845703
2011-03-03,71.02133178710938
2011-03-04,70.26498413085938
2011-03-07,70.20527648925781
2011-03-08,70.27493286132812
2011-03-09,70.56353759765625
2011-03-10,70.28985595703125
2011-03-11,69.6877670288086
2011-03-14,70.60334014892578
2011-03-15,70.03112030029297
2011-03-16,70.51377868652344
2011-03-17,70.34957122802734
2011-03-18,69.6678695678711
2011-03-21,71.75775909423828
2011-03-22,76.29081726074219
2011-03-23,76.8630599975586
2011-03-24,78.33592224121094
2011-03-25,77.70896911621094
2011-03-28,81.76930236816406
2011-03-29,79.85855102539062
2011-03-30,78.65437316894531
2011-03-31,77.2462158203125
2011-04-01,78.05726623535156
2011-04-04,78.75390625
2011-04-05,80.5999755859375
2011-04-06,77.2462158203125
2011-04-07,77.41539001464844
2011-04-08,76.47990417480469
2011-04-11,76.38536071777344
2011-04-13,78.81360626220703
2011-04-15,79.6595230102539
2011-04-18,79.53512573242188
2011-04-19,79.74908447265625
2011-04-20,79.62469482421875
2011-04-21,79.90333557128906
2011-04-25,77.84330749511719
2011-04-26,76.61427307128906
2011-04-27,75.76338195800781
2011-04-28,75.01201629638672
2011-04-29,72.83256530761719
2011-05-02,71.33977508544922
2011-05-03,69.1852035522461
2011-05-04,69.20014953613281
2011-05-05,67.74716186523438
2011-05-06,72.00655364990234
2011-05-09,72.95196533203125
2011-05-10,71.02133178710938
2011-05-11,69.17526245117188
2011-05-12,69.63801574707031
2011-05-13,69.14041900634766
2011-05-16,66.18472290039062
2011-05-17,64.66706848144531
2011-05-18,63.57238006591797
2011-05-19,64.18939208984375
2011-05-20,65.08008575439453
2011-05-23,64.82131958007812
2011-05-24,66.36386108398438
2011-05-25,64.45310974121094
2011-05-26,64.5775146484375
2011-05-27,66.0006103515625
2011-05-30,65.31890106201172
2011-05-31,63.78135681152344
2011-06-01,66.32902526855469
2011-06-02,66.20462036132812
2011-06-03,65.64733123779297
2011-06-06,66.16484069824219
2011-06-07,65.76177215576172
2011-06-08,66.03545379638672
2011-06-09,65.77668762207031
2011-06-10,65.3786392211914
2011-06-13,64.25904083251953
2011-06-14,63.01506423950195
2011-06-15,61.24860382080078
2011-06-16,60.77590560913086
2011-06-17,61.16403579711914
2011-06-20,61.16899490356445
2011-06-21,61.14411926269531
2011-06-22,61.37302017211914
2011-06-23,61.26852416992188
2011-06-24,61.46754455566406
2011-06-27,61.293399810791016
2011-06-28,60.8803939819336
2011-06-29,61.40286636352539
2011-06-30,62.3930778503418
2011-07-01,62.20400238037109
2011-07-04,65.58760833740234
2011-07-05,66.3190689086914
2011-07-06,67.00575256347656
2011-07-07,68.39217376708984
2011-07-08,68.35177612304688
2011-07-11,66.98857879638672
2011-07-12,67.26122283935547
2011-07-13,67.5389175415039
2011-07-14,69.06871795654297
2011-07-15,69.23533630371094
2011-07-18,69.18988800048828
2011-07-19,70.29559326171875
2011-07-20,70.72979736328125
2011-07-21,69.76546478271484
2011-07-22,72.12834930419922
2011-07-25,71.36595916748047
2011-07-26,69.49786376953125
2011-07-27,69.23533630371094
2011-07-28,67.36219024658203
2011-07-29,64.32278442382812
2011-08-01,67.89232635498047
2011-08-02,66.62506103515625
2011-08-03,66.21609497070312
2011-08-04,67.85698699951172
2011-08-05,65.287109375
2011-08-08,66.13027954101562
2011-08-09,66.90274047851562
2011-08-10,70.66921997070312
2011-08-11,69.48273468017578
2011-08-12,67.50862121582031
2011-08-16,66.96333312988281
2011-08-17,67.12995147705078
2011-08-18,66.06969451904297
2011-08-19,63.984500885009766
2011-08-22,61.06118392944336
2011-08-23,61.78318405151367
2011-08-24,62.49507522583008
2011-08-25,60.84914016723633
2011-08-26,59.980716705322266
2011-08-29,61.35906982421875
2011-08-30,62.3486557006836
2011-09-02,64.43385314941406
2011-09-05,64.73173522949219
2011-09-06,65.79703521728516
2011-09-07,66.89265441894531
2011-09-08,66.72602844238281
2011-09-09,66.12017822265625
2011-09-12,64.42374420166016
2011-09-13,64.30762481689453
2011-09-14,64.6458969116211
2011-09-15,63.77748489379883
2011-09-16,67.87718963623047
2011-09-19,68.21041107177734
2011-09-20,68.26595306396484
2011-09-21,69.25553131103516
2011-09-22,67.08955383300781
2011-09-23,66.6755599975586
2011-09-26,65.34769439697266
2011-09-27,65.82228088378906
2011-09-28,65.07000732421875
2011-09-29,65.44361877441406
2011-09-30,66.54931640625
2011-10-03,64.93368530273438
2011-10-04,64.29247283935547
2011-10-05,62.63140106201172
2011-10-07,64.32278442382812
2011-10-10,64.80746459960938
2011-10-11,65.09019470214844
2011-10-12,64.8529052734375
2011-10-13,64.18645477294922
2011-10-14,63.59573745727539
2011-10-17,63.79768753051758
2011-10-18,63.11103820800781
2011-10-19,63.343292236328125
2011-10-20,63.6209831237793
2011-10-21,63.70175552368164
2011-10-24,64.47929382324219
2011-10-25,67.90242767333984
2011-10-28,69.01317596435547
2011-10-31,68.0589370727539
2011-11-01,66.62001037597656
2011-11-02,66.85226440429688
2011-11-03,66.69070434570312
2011-11-04,67.66513061523438
2011-11-08,68.25080108642578
2011-11-09,69.66954040527344
2011-11-11,69.06871795654297
2011-11-14,68.32147979736328
2011-11-15,67.09966278076172
2011-11-16,65.82733154296875
2011-11-17,65.42847442626953
2011-11-18,64.86805725097656
2011-11-21,65.17098236083984
2011-11-22,65.16087341308594
2011-11-23,63.34833526611328
2011-11-24,62.5708122253418
2011-11-25,62.050777435302734
2011-11-28,62.96968460083008
2011-11-29,65.5849838256836
2011-11-30,69.11921691894531
2011-12-01,68.21546936035156
2011-12-02,67.46317291259766
2011-12-05,69.13941192626953
2011-12-07,70.50762939453125
2011-12-08,69.20502471923828
2011-12-09,67.50357055664062
2011-12-12,67.39753723144531
2011-12-13,67.4278335571289
2011-12-14,65.0750503540039
2011-12-15,64.62065887451172
2011-12-16,65.29215240478516
2011-12-19,63.35337829589844
2011-12-20,61.50550079345703
2011-12-21,62.076019287109375
2011-12-22,62.03561401367188
2011-12-23,61.48025131225586
2011-12-26,61.677154541015625
2011-12-27,61.081390380859375
2011-12-28,60.72796630859375
2011-12-29,59.8393669128418
2011-12-30,61.6216049194336
2012-01-02,62.04067611694336
2012-01-03,61.495391845703125
2012-01-04,61.6216049194336
2012-01-05,61.768043518066406
2012-01-06,60.88952255249024
2012-01-09,60.90972137451172
2012-01-10,62.03058242797852
2012-01-11,63.48466110229492
2012-01-12,63.26249313354492
2012-01-13,64.47422790527344
2012-01-16,64.00468444824219
2012-01-17,66.46349334716797
2012-01-18,66.65030670166016
2012-01-19,67.86204528808594
2012-01-20,67.22081756591797
2012-01-23,67.15518951416016
2012-01-24,70.24510955810547
2012-01-25,72.13844299316406
2012-01-27,71.74462890625
2012-01-30,71.39625549316406
2012-01-31,71.0579833984375
2012-02-01,70.57328796386719
2012-02-02,71.75473022460938
2012-02-03,70.54804992675781
2012-02-06,70.81563568115234
2012-02-07,70.07344055175781
2012-02-08,69.97246551513672
2012-02-09,70.77526092529297
2012-02-10,71.5931625366211
2012-02-13,70.9367904663086
2012-02-14,70.876220703125
2012-02-15,70.98223876953125
2012-02-16,71.68402862548828
2012-02-17,73.16841888427734
2012-02-21,76.16240692138672
2012-02-22,72.90082550048828
2012-02-23,72.67867279052734
2012-02-24,73.4713363647461
2012-02-27,74.41043090820312
2012-02-28,75.21826934814453
2012-02-29,76.67738342285156
2012-03-01,74.1277084350586
2012-03-02,70.74495697021484
2012-03-05,68.26089477539062
2012-03-06,69.1091079711914
2012-03-07,69.93207550048828
2012-03-09,71.51237487792969
2012-03-12,72.33535766601562
2012-03-13,71.85065460205078
2012-03-14,71.22964477539062
2012-03-15,70.88630676269531
2012-03-16,71.62345886230469
2012-03-19,69.90177917480469
2012-03-20,69.6897201538086
2012-03-21,68.4224624633789
2012-03-22,67.44297790527344
2012-03-23,68.39217376708984
2012-03-26,66.77146911621094
2012-03-27,66.77652740478516
2012-03-28,66.73107147216797
2012-03-29,67.41268920898438
2012-03-30,67.69542694091797
2012-04-02,67.64998626708984
2012-04-03,68.83647155761719
2012-04-04,69.81090545654297
2012-04-09,68.07913208007812
2012-04-10,68.03875732421875
2012-04-11,66.86739349365234
2012-04-12,67.12995147705078
2012-04-13,67.01887512207031
2012-04-16,67.02392578125
2012-04-17,66.51903533935547
2012-04-18,67.22589111328125
2012-04-19,68.48304748535156
2012-04-20,68.12962341308594
2012-04-23,67.1198501586914
2012-04-24,67.69542694091797
2012-04-25,67.86709594726562
2012-04-26,68.25080108642578
2012-04-27,69.97750854492188
2012-04-30,69.91693878173828
2012-05-02,69.16464233398438
2012-05-03,68.80113220214844
2012-05-04,67.36725616455078
2012-05-07,68.31644439697266
2012-05-08,67.7257308959961
2012-05-09,66.72602844238281
2012-05-10,66.90779113769531
2012-05-11,66.78157043457031
2012-05-14,67.17034912109375
2012-05-15,67.21578979492188
2012-05-16,66.54428100585938
2012-05-17,66.34737396240234
2012-05-18,65.68596649169922
2012-05-21,65.37293243408203
2012-05-22,65.37797546386719
2012-05-23,64.49443817138672
2012-05-24,63.37862777709961
2012-05-25,62.17195510864258
2012-05-28,63.40892791748047
2012-05-29,64.62570190429688
2012-05-30,63.77748489379883
2012-05-31,64.1258544921875
2012-06-01,64.31773376464844
2012-06-04,63.61592483520508
2012-06-05,63.11103820800781
2012-06-06,63.49979782104492
2012-06-07,64.09557342529297
2012-06-08,64.1107177734375
2012-06-11,64.17634582519531
2012-06-12,64.07032775878906
2012-06-13,62.55061340332031
2012-06-14,61.13187789916992
2012-06-15,61.424713134765625
2012-06-18,62.16183853149414
2012-06-19,62.10126876831055
2012-06-20,63.16656494140625
2012-06-21,64.05516815185547
2012-06-22,64.09051513671875
2012-06-25,64.56512451171875
2012-06-26,64.61055755615234
2012-06-27,64.16120147705078
2012-06-28,64.68628692626953
2012-06-29,65.1507797241211
2012-07-02,65.29215240478516
2012-07-03,65.10029602050781
2012-07-04,67.74591064453125
2012-07-05,69.75802612304688
2012-07-06,70.28370666503906
2012-07-09,68.69641876220703
2012-07-10,69.34574890136719
2012-07-11,71.51538848876953
2012-07-12,69.37666320800781
2012-07-13,67.62448120117188
2012-07-16,69.2581558227539
2012-07-17,68.71703338623047
2012-07-18,69.05716705322266
2012-07-19,69.06746673583984
2012-07-20,69.83018493652344
2012-07-23,70.76296997070312
2012-07-24,69.19114685058594
2012-07-25,70.54652404785156
2012-07-26,69.08808135986328
2012-07-27,70.41253662109375
2012-07-30,71.40716552734375
2012-07-31,73.14390563964844
2012-08-01,75.58667755126953
2012-08-02,76.00927734375
2012-08-03,76.16901397705078
2012-08-06,75.88558197021484
2012-08-07,76.51945495605469
2012-08-08,77.07603454589844
2012-08-09,78.57569885253906
2012-08-10,80.90512084960938
2012-08-13,80.40521240234375
2012-08-14,80.4206771850586
2012-08-16,80.23515319824219
2012-08-17,80.4361343383789
2012-08-21,77.87483215332031
2012-08-22,79.565185546875
2012-08-23,81.32254028320312
2012-08-24,79.67342376708984
2012-08-27,79.51365661621094
2012-08-28,78.31803131103516
2012-08-29,77.30794525146484
2012-08-30,76.9059829711914
2012-08-31,76.01957702636719
2012-09-03,76.78743743896484
2012-09-04,76.55552673339844
2012-09-05,76.08656311035156
2012-09-06,77.43678283691406
2012-09-07,80.85871887207031
2012-09-10,83.96115112304688
2012-09-11,82.80674743652344
2012-09-12,82.94075012207031
2012-09-13,82.0543441772461
2012-09-14,81.82244110107422
2012-09-17,81.23493194580078
2012-09-18,81.70904541015625
2012-09-20,87.1924057006836
2012-09-21,86.29052734375
2012-09-24,88.59415435791016
2012-09-25,88.92398834228516
2012-09-26,91.41314697265624
2012-09-27,92.88703918457033
2012-09-28,92.495361328125
2012-10-01,90.8256378173828
2012-10-03,92.75304412841795
2012-10-04,92.4283676147461
2012-10-05,91.74295043945312
2012-10-08,92.2480010986328
2012-10-09,92.26861572265624
2012-10-10,90.51641082763672
2012-10-11,90.67102813720705
2012-10-12,91.04723358154295
2012-10-15,91.2224578857422
2012-10-16,90.11444091796876
2012-10-17,88.4240951538086
2012-10-18,91.15030670166016
2012-10-19,91.119384765625
2012-10-22,91.9181900024414
2012-10-23,91.72750091552734
2012-10-25,91.75325012207033
2012-10-29,91.6965789794922
2012-10-30,89.79491424560547
2012-10-31,89.32594299316406
2012-11-01,90.67617797851562
2012-11-02,91.3203582763672
2012-11-05,92.22222900390624
2012-11-06,92.10884857177734
2012-11-07,91.7120361328125
2012-11-08,93.32508087158205
2012-11-09,99.09187316894533
2012-11-12,99.12794494628906
2012-11-15,102.57049560546876
2012-11-16,102.93125915527344
2012-11-19,101.03475189208984
2012-11-20,100.01435089111328
2012-11-21,101.08628845214844
2012-11-22,101.63255310058594
2012-11-23,102.04485321044922
2012-11-26,101.09143829345705
2012-11-27,102.1994400024414
2012-11-29,102.51380157470705
2012-11-30,103.09100341796876
2012-12-03,104.5906753540039
2012-12-04,103.6011962890625
2012-12-05,103.5239028930664
2012-12-06,103.8227996826172
2012-12-07,102.93639373779295
2012-12-10,108.65679931640624
2012-12-11,107.12621307373048
2012-12-12,107.61579895019533
2012-12-13,108.86294555664062
2012-12-14,112.30550384521484
2012-12-17,110.3059310913086
2012-12-18,111.23355865478516
2012-12-19,112.93939208984376
2012-12-20,111.27995300292967
2012-12-21,112.7074737548828
2012-12-24,113.37227630615234
2012-12-26,115.24301147460938
2012-12-27,115.68621826171876
2012-12-28,115.87173461914062
2012-12-31,113.22282409667967
2013-01-01,115.4130630493164
2013-01-02,119.9894027709961
2013-01-03,123.43708801269533
2013-01-04,124.65330505371094
2013-01-07,123.99369049072266
2013-01-08,122.89083862304688
2013-01-09,118.61856079101562
2013-01-10,118.30419158935548
2013-01-11,114.13501739501952
2013-01-14,114.77403259277344
2013-01-15,115.5161590576172
2013-01-16,113.98039245605467
2013-01-17,117.1395034790039
2013-01-18,115.32032012939452
2013-01-21,111.20779418945312
2013-01-22,107.00252532958984
2013-01-23,108.6619644165039
2013-01-24,104.37939453125
2013-01-25,110.33686065673828
2013-01-28,109.82666015625
2013-01-29,109.11032104492188
2013-01-30,105.39463806152344
2013-01-31,106.8530731201172
2013-02-01,109.14640045166016
2013-02-04,109.08454895019533
2013-02-05,108.75472259521484
2013-02-06,105.6677703857422
2013-02-07,107.64671325683594
2013-02-08,106.50264739990234
2013-02-11,106.66238403320312
2013-02-12,106.29649353027344
2013-02-13,104.82774353027344
2013-02-14,104.0083236694336
2013-02-15,103.99803161621094
2013-02-18,109.15152740478516
2013-02-19,111.9602279663086
2013-02-20,110.46569061279295
2013-02-21,105.46678161621094
2013-02-22,102.45196533203124
2013-02-25,102.96732330322266
2013-02-26,99.3083267211914
2013-02-27,99.87520599365234
2013-02-28,96.16466522216795
2013-03-01,95.34010314941406
2013-03-04,92.78910064697266
2013-03-05,97.8653335571289
2013-03-06,105.2348861694336
2013-03-07,110.05340576171876
2013-03-08,110.05340576171876
2013-03-11,109.30613708496094
2013-03-12,109.28038787841795
2013-03-13,104.616455078125
2013-03-14,108.17237091064452
2013-03-15,105.18333435058594
2013-03-18,104.1010971069336
2013-03-19,104.35877227783205
2013-03-20,98.30337524414062
2013-03-21,96.03582763671876
2013-03-22,100.39055633544922
2013-03-25,104.87410736083984
2013-03-26,102.013916015625
2013-03-28,100.49362182617188
2013-04-01,102.83849334716795
2013-04-02,104.2814712524414
2013-04-03,107.11591339111328
2013-04-04,108.73926544189452
2013-04-05,107.8631591796875
2013-04-08,107.37357330322266
2013-04-09,107.94046783447266
2013-04-10,103.7145767211914
2013-04-11,103.84341430664062
2013-04-12,103.99803161621094
2013-04-15,102.32312774658205
2013-04-16,102.96732330322266
2013-04-17,103.76612854003906
2013-04-18,103.76612854003906
2013-04-22,109.43499755859376
2013-04-23,106.23980712890624
2013-04-25,116.80451965332033
2013-04-26,117.83523559570312
2013-04-29,118.22174072265624
2013-04-30,117.37140655517578
2013-05-02,119.63895416259766
2013-05-03,119.76779174804688
2013-05-06,120.05123901367188
2013-05-07,132.7546844482422
2013-05-08,135.4860076904297
2013-05-09,135.5117950439453
2013-05-10,131.7239532470703
2013-05-13,126.36429595947266
2013-05-14,131.36318969726562
2013-05-15,131.6208953857422
2013-05-16,127.9619369506836
2013-05-17,124.04522705078124
2013-05-20,120.6954345703125
2013-05-21,123.24645233154295
2013-05-22,123.76179504394533
2013-05-23,125.20475006103516
2013-05-24,127.36924743652344
2013-05-27,125.74588775634766
2013-05-28,131.49205017089844
2013-05-29,134.19766235351562
2013-05-30,132.49700927734375
2013-05-31,129.9717559814453
2013-06-03,124.7667007446289
2013-06-04,122.7052993774414
2013-06-05,125.77165985107422
2013-06-06,124.79246520996094
2013-06-07,130.10061645507812
2013-06-10,130.43557739257812
2013-06-11,126.77657318115234
2013-06-12,121.85497283935548
2013-06-13,125.4366683959961
2013-06-14,130.51287841796875
2013-06-17,134.687255859375
2013-06-18,137.6247100830078
2013-06-19,143.5255126953125
2013-06-20,135.3314208984375
2013-06-21,132.49700927734375
2013-06-24,121.77766418457033
2013-06-25,126.31275177001952
2013-06-26,129.25027465820312
2013-06-27,128.7606658935547
2013-06-28,134.5583953857422
2013-07-01,134.58416748046875
2013-07-02,136.92898559570312
2013-07-03,136.6197967529297
2013-07-04,139.49365234375
2013-07-05,143.8544464111328
2013-07-08,144.7161865234375
2013-07-09,147.14462280273438
2013-07-10,140.8776092529297
2013-07-11,136.3340301513672
2013-07-12,138.39691162109375
2013-07-15,146.88351440429688
2013-07-16,140.0159149169922
2013-07-17,136.04676818847656
2013-07-18,133.27883911132812
2013-07-19,130.58921813964844
2013-07-22,135.05450439453125
2013-07-23,139.2586212158203
2013-07-24,130.328125
2013-07-25,126.09786224365234
2013-07-26,119.8830795288086
2013-07-29,115.10446166992188
2013-07-30,120.01361846923828
2013-07-31,122.02427673339844
2013-08-01,126.46344757080078
2013-08-02,129.02247619628906
2013-08-05,128.70912170410156
2013-08-06,120.50978088378906
2013-08-07,118.83856201171876
2013-08-08,123.6693878173828
2013-08-12,129.07470703125
2013-08-13,129.49249267578125
2013-08-14,133.46160888671875
2013-08-16,132.75657653808594
2013-08-19,127.82130432128906
2013-08-20,122.70323181152344
2013-08-21,119.67414855957033
2013-08-22,114.13829040527344
2013-08-23,112.93709564208984
2013-08-26,122.25930786132812
2013-08-27,119.85693359375
2013-08-28,116.38396453857422
2013-08-29,122.6248779296875
2013-08-30,131.97320556640625
2013-09-02,142.94049072265625
2013-09-03,139.91143798828125
2013-09-04,139.96368408203125
2013-09-05,138.5797119140625
2013-09-06,139.33694458007812
2013-09-10,140.14646911621094
2013-09-11,141.0343017578125
2013-09-12,139.83309936523438
2013-09-13,138.0052490234375
2013-09-16,134.16665649414062
2013-09-17,132.46934509277344
2013-09-18,129.8580780029297
2013-09-19,138.29244995117188
2013-09-20,130.61534118652344
2013-09-23,136.04676818847656
2013-09-24,138.240234375
2013-09-25,138.1096954345703
2013-09-26,135.9945526123047
2013-09-27,134.19277954101562
2013-09-30,134.558349609375
2013-10-01,135.15895080566406
2013-10-03,137.8746795654297
2013-10-04,140.12034606933594
2013-10-07,144.7422637939453
2013-10-08,140.9820556640625
2013-10-09,146.0478973388672
2013-10-10,145.73455810546875
2013-10-11,144.55947875976562
2013-10-14,144.35061645507812
2013-10-15,143.07106018066406
2013-10-17,139.75477600097656
2013-10-18,142.26156616210938
2013-10-21,146.3351593017578
2013-10-22,140.9559783935547
2013-10-23,143.43666076660156
2013-10-24,144.45501708984375
2013-10-25,143.43666076660156
2013-10-28,144.24615478515625
2013-10-29,157.0152130126953
2013-10-30,152.18438720703125
2013-10-31,147.51022338867188
2013-11-01,148.08470153808594
2013-11-05,152.9677734375
2013-11-06,156.33628845214844
2013-11-07,151.89715576171875
2013-11-08,154.1689453125
2013-11-11,153.49000549316406
2013-11-12,153.90782165527344
2013-11-13,151.13987731933594
2013-11-14,153.12442016601562
2013-11-18,156.8063201904297
2013-11-19,154.0122528076172
2013-11-20,152.5499725341797
2013-11-21,149.86033630371094
2013-11-22,153.77725219726562
2013-11-25,153.90782165527344
2013-11-26,161.66326904296875
2013-11-27,154.22116088867188
2013-11-28,154.53451538085938
2013-11-29,154.4561767578125
2013-12-02,156.57127380371094
2013-12-03,161.71546936035156
2013-12-04,158.86920166015625
2013-12-05,163.30833435058594
2013-12-06,158.84310913085938
2013-12-09,163.56947326660156
2013-12-10,156.5452117919922
2013-12-11,157.0674591064453
2013-12-12,156.72801208496094
2013-12-13,156.10128784179688
2013-12-16,158.97366333007812
2013-12-17,160.7232208251953
2013-12-18,162.70777893066406
2013-12-19,162.4727783203125
2013-12-20,164.3006591796875
2013-12-23,170.6982421875
2013-12-24,167.25140380859375
2013-12-26,165.76296997070312
2013-12-27,166.99021911621094
2013-12-30,165.34510803222656
2013-12-31,167.46026611328125
2014-01-01,167.25140380859375
2014-01-02,165.81515502929688
2014-01-03,166.5985565185547
2014-01-06,164.9795684814453
2014-01-07,158.84310913085938
2014-01-08,153.4638671875
2014-01-09,148.29359436035156
2014-01-10,145.02951049804688
2014-01-13,146.49183654785156
2014-01-14,143.43666076660156
2014-01-15,147.9280242919922
2014-01-16,144.40281677246094
2014-01-17,145.78677368164062
2014-01-20,141.7654571533203
2014-01-21,139.2847442626953
2014-01-22,132.73049926757812
2014-01-23,125.23613739013672
2014-01-24,128.47412109375
2014-01-27,124.19166564941406
2014-01-28,126.75067901611328
2014-01-29,129.49249267578125
2014-01-30,126.64622497558594
2014-01-31,126.77678680419922
2014-02-03,127.19459533691406
2014-02-04,127.03792572021484
2014-02-05,131.29428100585938
2014-02-06,134.66281127929688
2014-02-07,134.79336547851562
2014-02-10,133.87942504882812
2014-02-11,136.4384765625
2014-02-12,133.69662475585938
2014-02-13,129.75363159179688
2014-02-14,127.40351104736328
2014-02-17,127.9518814086914
2014-02-18,131.7382049560547
2014-02-19,133.53997802734375
2014-02-20,134.19277954101562
2014-02-21,134.34945678710938
2014-02-24,132.3909912109375
2014-02-25,130.56312561035156
2014-02-26,131.7382049560547
2014-02-28,129.6230926513672
2014-03-03,126.12398529052734
2014-03-04,128.00408935546875
2014-03-05,130.4325714111328
2014-03-06,136.98684692382812
2014-03-07,136.72572326660156
2014-03-10,142.91441345214844
2014-03-11,146.43960571289062
2014-03-12,143.8544464111328
2014-03-13,144.11558532714844
2014-03-14,143.93276977539062
2014-03-18,145.76068115234375
2014-03-19,141.97433471679688
2014-03-20,135.28948974609375
2014-03-21,132.83489990234375
2014-03-24,133.17437744140625
2014-03-25,131.76431274414062
2014-03-26,131.0592803955078
2014-03-27,129.2574920654297
2014-03-28,130.0669708251953
2014-03-31,131.6076202392578
2014-04-01,130.71981811523438
2014-04-02,130.56312561035156
2014-04-03,128.26522827148438
2014-04-04,129.17916870117188
2014-04-07,129.33583068847656
2014-04-09,127.50794982910156
2014-04-10,128.52635192871094
2014-04-11,125.44505310058594
2014-04-15,122.6771011352539
2014-04-16,120.71868896484376
2014-04-17,120.11808013916016
2014-04-21,123.35604095458984
2014-04-22,127.9518814086914
2014-04-23,127.8996353149414
2014-04-24,127.8996353149414
2014-04-25,132.91326904296875
2014-04-28,132.18212890625
2014-04-29,129.72750854492188
2014-04-30,128.50022888183594
2014-05-02,129.07470703125
2014-05-05,128.83969116210938
2014-05-06,126.43734741210938
2014-05-07,124.40054321289062
2014-05-08,124.32222747802734
2014-05-09,128.5785675048828
2014-05-12,130.1192169189453
2014-05-13,128.05630493164062
2014-05-14,130.0669708251953
2014-05-15,129.49249267578125
2014-05-16,134.558349609375
2014-05-19,145.89122009277344
2014-05-20,144.58563232421875
2014-05-21,148.73753356933594
2014-05-22,160.54042053222656
2014-05-23,166.46800231933594
2014-05-26,152.5499725341797
2014-05-27,154.19505310058594
2014-05-28,156.3885040283203
2014-05-29,151.89715576171875
2014-05-30,158.1641845703125
2014-06-02,157.5897216796875
2014-06-03,159.02590942382812
2014-06-04,161.08877563476562
2014-06-05,164.58787536621094
2014-06-06,165.2929229736328
2014-06-09,162.18551635742188
2014-06-10,154.50840759277344
2014-06-11,150.487060546875
2014-06-12,148.39805603027344
2014-06-13,143.3321990966797
2014-06-16,146.77906799316406
2014-06-17,148.9986572265625
2014-06-18,144.11558532714844
2014-06-19,143.6716766357422
2014-06-20,142.23545837402344
2014-06-23,142.3137969970703
2014-06-24,146.178466796875
2014-06-25,145.7084503173828
2014-06-26,144.4811553955078
2014-06-27,143.25387573242188
2014-06-30,147.3013153076172
2014-07-01,149.02476501464844
2014-07-02,149.938720703125
2014-07-03,145.1757049560547
2014-07-04,144.06468200683594
2014-07-07,144.3292236328125
2014-07-08,138.45657348632812
2014-07-09,135.22927856445312
2014-07-10,135.6525421142578
2014-07-11,130.5470428466797
2014-07-14,129.2772674560547
2014-07-15,132.37234497070312
2014-07-16,137.18679809570312
2014-07-17,136.65773010253906
2014-07-18,135.54673767089844
2014-07-21,138.03330993652344
2014-07-22,137.90103149414062
2014-07-23,135.67897033691406
2014-07-24,132.45166015625
2014-07-25,126.28804779052734
2014-07-28,124.11891174316406
2014-07-30,124.14534759521484
2014-07-31,124.46278381347656
2014-08-01,127.84879302978516
2014-08-04,131.57870483398438
2014-08-05,131.20835876464844
2014-08-06,132.08131408691406
2014-08-07,130.09732055664062
2014-08-08,130.4412078857422
2014-08-11,137.7158660888672
2014-08-12,137.76878356933594
2014-08-13,134.8324737548828
2014-08-14,136.86940002441406
2014-08-18,140.22891235351562
2014-08-19,143.9059600830078
2014-08-20,145.46670532226562
2014-08-21,144.9376220703125
2014-08-22,146.7364501953125
2014-08-25,144.11756896972656
2014-08-26,147.7946014404297
2014-08-27,147.8739471435547
2014-08-28,147.7681427001953
2014-09-01,147.9532928466797
2014-09-02,148.05914306640625
2014-09-03,151.7096710205078
2014-09-04,149.619873046875
2014-09-05,148.16493225097656
2014-09-08,148.16493225097656
2014-09-09,152.13294982910156
2014-09-10,153.7201385498047
2014-09-11,150.5721893310547
2014-09-12,155.3866729736328
2014-09-15,154.11691284179688
2014-09-16,147.4242401123047
2014-09-17,148.0326690673828
2014-09-18,149.46116638183594
2014-09-19,149.9373016357422
2014-09-22,148.72044372558594
2014-09-23,147.0274200439453
2014-09-24,144.9905242919922
2014-09-25,143.56204223632812
2014-09-26,144.30274963378906
2014-09-29,146.8686981201172
2014-09-30,144.75247192382812
2014-10-01,145.65187072753906
2014-10-07,145.88995361328125
2014-10-08,147.63587951660156
2014-10-09,149.88441467285156
2014-10-10,150.6780242919922
2014-10-13,150.46636962890625
2014-10-14,148.13845825195312
2014-10-15,148.13845825195312
2014-10-16,146.7893524169922
2014-10-17,147.0274200439453
2014-10-20,148.5617218017578
2014-10-21,149.43470764160156
2014-10-22,146.47193908691406
2014-10-27,153.16461181640625
2014-10-28,151.86839294433594
2014-10-29,151.7361297607422
2014-10-30,154.3550262451172
2014-10-31,155.4131317138672
2014-11-03,162.2645721435547
2014-11-05,161.3916015625
2014-11-07,164.01048278808594
2014-11-10,162.15875244140625
2014-11-11,163.9840087890625
2014-11-12,176.2847900390625
2014-11-13,172.63424682617188
2014-11-14,168.7985076904297
2014-11-17,166.68226623535156
2014-11-18,164.77761840820312
2014-11-19,158.21717834472656
2014-11-20,162.44973754882812
2014-11-21,159.69857788085938
2014-11-24,161.3916015625
2014-11-25,157.9261932373047
2014-11-26,156.36546325683594
2014-11-27,160.0160369873047
2014-11-28,164.19564819335938
2014-12-01,161.57676696777344
2014-12-02,164.98924255371094
2014-12-03,169.48629760742188
2014-12-04,173.66590881347656
2014-12-05,171.9464569091797
2014-12-08,167.9784698486328
2014-12-09,165.86219787597656
2014-12-10,170.65023803710938
2014-12-11,164.40725708007812
2014-12-12,158.90496826171875
2014-12-15,160.8360595703125
2014-12-16,152.0800323486328
2014-12-17,157.8468475341797
2014-12-18,157.873291015625
2014-12-19,157.55584716796875
2014-12-22,155.73057556152344
2014-12-23,155.0692596435547
2014-12-24,162.42324829101562
2014-12-26,160.5186309814453
2014-12-29,161.9735565185547
2014-12-30,166.76158142089844
2014-12-31,174.3801727294922
2015-01-01,174.43304443359375
2015-01-02,175.59701538085938
2015-01-05,176.36415100097656
2015-01-06,170.0417938232422
2015-01-07,165.6240997314453
2015-01-08,168.34877014160156
2015-01-09,166.68226623535156
2015-01-12,163.24330139160156
2015-01-13,160.65087890625
2015-01-14,157.79391479492188
2015-01-15,163.37557983398438
2015-01-16,162.89942932128906
2015-01-19,151.9741973876953
2015-01-20,145.73121643066406
2015-01-21,141.49868774414062
2015-01-22,139.3031005859375
2015-01-23,133.2188262939453
2015-01-27,132.47813415527344
2015-01-28,131.8961639404297
2015-01-29,129.75343322753906
2015-01-30,135.04409790039062
2015-02-02,131.472900390625
2015-02-03,136.20803833007812
2015-02-04,138.2714080810547
2015-02-05,135.44088745117188
2015-02-06,133.2452850341797
2015-02-09,132.6103973388672
2015-02-10,132.7691192626953
2015-02-11,133.9859619140625
2015-02-12,135.75836181640625
2015-02-13,138.8533935546875
2015-02-16,138.48301696777344
2015-02-18,137.55714416503906
2015-02-19,134.91183471679688
2015-02-20,135.07057189941406
2015-02-23,135.7318572998047
2015-02-24,132.74267578125
2015-02-25,129.83279418945312
2015-02-26,128.08688354492188
2015-02-27,130.7586669921875
2015-03-02,138.48301696777344
2015-03-03,138.6946563720703
2015-03-04,135.7318572998047
2015-03-05,135.41444396972656
2015-03-09,139.3560028076172
2015-03-10,136.1815948486328
2015-03-11,132.6368408203125
2015-03-12,134.54150390625
2015-03-13,135.94351196289062
2015-03-16,138.00685119628906
2015-03-17,138.6946563720703
2015-03-18,138.50949096679688
2015-03-19,140.017333984375
2015-03-20,140.07022094726562
2015-03-23,140.3612060546875
2015-03-24,138.8798370361328
2015-03-25,138.72109985351562
2015-03-26,139.27662658691406
2015-03-27,134.91183471679688
2015-03-30,133.5626983642578
2015-03-31,134.32986450195312
2015-04-01,139.0649871826172
2015-04-06,142.23939514160156
2015-04-07,140.17605590820312
2015-04-08,141.10191345214844
2015-04-09,141.94842529296875
2015-04-10,142.21295166015625
2015-04-13,141.68385314941406
2015-04-15,138.40365600585938
2015-04-16,139.8585662841797
2015-04-17,139.64697265625
2015-04-20,138.93272399902344
2015-04-21,141.07545471191406
2015-04-22,146.5513153076172
2015-04-23,148.69400024414062
2015-04-24,147.6094207763672
2015-04-27,139.48826599121094
2015-04-28,145.46670532226562
2015-04-29,149.0643310546875
2015-04-30,141.6045379638672
2015-05-04,145.20217895507812
2015-05-05,143.5355987548828
2015-05-06,141.94842529296875
2015-05-07,139.54115295410156
2015-05-08,142.74200439453125
2015-05-11,144.96408081054688
2015-05-12,143.69430541992188
2015-05-13,143.5885009765625
2015-05-14,145.01698303222656
2015-05-15,145.54605102539062
2015-05-18,143.3504180908203
2015-05-19,143.3504180908203
2015-05-20,142.68911743164062
2015-05-21,141.44580078125
2015-05-22,143.21815490722656
2015-05-25,139.567626953125
2015-05-26,137.9804229736328
2015-05-27,138.8798370361328
2015-05-28,140.99610900878906
2015-05-29,143.0065155029297
2015-06-01,144.54083251953125
2015-06-02,139.6205291748047
2015-06-03,132.98074340820312
2015-06-04,132.90139770507812
2015-06-05,131.5258026123047
2015-06-08,131.04966735839844
2015-06-09,128.03396606445312
2015-06-10,128.43077087402344
2015-06-11,125.25636291503906
2015-06-12,125.8119125366211
2015-06-15,124.9918441772461
2015-06-16,128.53659057617188
2015-06-17,131.6051788330078
2015-06-18,130.7057647705078
2015-06-19,139.197265625
2015-06-22,144.75247192382812
2015-06-23,145.9163818359375
2015-06-24,147.37132263183594
2015-06-25,149.38177490234375
2015-06-26,146.6571044921875
2015-06-29,145.122802734375
2015-06-30,148.2971954345703
2015-07-01,145.9957733154297
2015-07-02,153.10186767578125
2015-07-03,151.67977905273438
2015-07-06,153.39700317382812
2015-07-07,157.2607879638672
2015-07-08,149.9088897705078
2015-07-09,148.21849060058594
2015-07-10,148.5673065185547
2015-07-13,149.07708740234375
2015-07-14,149.58692932128906
2015-07-15,151.78709411621094
2015-07-16,150.23085021972656
2015-07-17,150.68699645996094
2015-07-20,148.59413146972656
2015-07-21,142.5838165283203
2015-07-22,143.06678771972656
2015-07-23,142.15452575683594
2015-07-24,142.8789825439453
2015-07-27,142.20819091796875
2015-07-28,138.55906677246094
2015-07-29,140.03482055664062
2015-07-30,139.65916442871094
2015-07-31,138.3980712890625
2015-08-03,137.3516387939453
2015-08-04,137.67359924316406
2015-08-05,138.0492706298828
2015-08-06,137.29798889160156
2015-08-07,138.0224151611328
2015-08-10,139.0152130126953
2015-08-11,141.1348876953125
2015-08-12,136.97598266601562
2015-08-13,135.12460327148438
2015-08-14,140.6787872314453
2015-08-17,139.63233947753906
2015-08-18,140.1153106689453
2015-08-19,141.43008422851562
2015-08-20,141.75204467773438
2015-08-21,142.79849243164062
2015-08-24,135.31240844726562
2015-08-25,137.86141967773438
2015-08-26,136.30520629882812
2015-08-27,146.17926025390625
2015-08-28,144.46205139160156
2015-08-31,135.58074951171875
2015-09-01,136.5735321044922
2015-09-02,134.0513458251953
2015-09-03,136.81500244140625
2015-09-04,130.4290313720703
2015-09-07,126.64578247070312
2015-09-08,131.90478515625
2015-09-09,132.70974731445312
2015-09-10,129.65093994140625
2015-09-11,128.2020263671875
2015-09-14,128.4703369140625
2015-09-15,126.64578247070312
2015-09-16,126.59210968017578
2015-09-18,127.0750961303711
2015-09-21,127.63854217529295
2015-09-22,124.55290222167967
2015-09-23,125.009033203125
2015-09-24,122.03069305419922
2015-09-28,123.26495361328124
2015-09-29,124.23092651367188
2015-09-30,128.44349670410156
2015-10-01,125.22368621826172
2015-10-05,127.6653823852539
2015-10-06,127.50438690185548
2015-10-07,128.01419067382812
2015-10-08,126.24330139160156
2015-10-09,124.1235809326172
2015-10-12,124.87487030029295
2015-10-13,125.08952331542967
2015-10-14,125.73348999023438
2015-10-15,124.52605438232422
2015-10-16,123.96258544921876
2015-10-19,126.13597869873048
2015-10-20,129.94607543945312
2015-10-21,128.8191375732422
2015-10-23,127.20924377441406
2015-10-26,124.6333999633789
2015-10-27,123.23815155029295
2015-10-28,120.66229248046876
2015-10-29,123.77477264404295
2015-10-30,121.86972045898438
2015-11-02,119.69635009765624
2015-11-03,120.2866668701172
2015-11-04,120.95743560791016
2015-11-05,121.8428955078125
2015-11-06,121.73556518554688
2015-11-09,120.876953125
2015-11-10,120.76960754394533
2015-11-13,123.23815155029295
2015-11-16,124.60657501220705
2015-11-17,125.5457000732422
2015-11-18,124.17728424072266
2015-11-19,125.14317321777344
2015-11-20,131.36814880371094
2015-11-23,130.4290313720703
2015-11-24,127.77271270751952
2015-11-26,131.099853515625
2015-11-27,127.79954528808594
2015-11-30,125.78716278076172
2015-12-01,125.65300750732422
2015-12-02,127.31655883789062
2015-12-03,131.66331481933594
2015-12-04,129.4899444580078
2015-12-07,132.03897094726562
2015-12-08,128.12152099609375
2015-12-09,128.84597778320312
2015-12-10,128.309326171875
2015-12-11,128.2825164794922
2015-12-14,130.3217315673828
2015-12-15,130.536376953125
2015-12-16,127.8263702392578
2015-12-17,133.4878692626953
2015-12-18,130.69735717773438
2015-12-21,130.21441650390625
2015-12-22,128.6044921875
2015-12-23,128.55084228515625
2015-12-24,129.46311950683594
2015-12-28,130.34857177734375
2015-12-29,130.4290313720703
2015-12-30,129.3557891845703
2015-12-31,129.94607543945312
2016-01-01,132.0121307373047
2016-01-04,130.26805114746094
2016-01-05,130.0265655517578
2016-01-06,127.0750961303711
2016-01-07,124.25773620605467
2016-01-08,126.67261505126952
2016-01-11,126.37744140625
2016-01-12,123.69429779052734
2016-01-13,124.25773620605467
2016-01-14,123.72113037109376
2016-01-15,121.57457733154295
2016-01-18,116.02042388916016
2016-01-19,118.16696166992188
2016-01-20,118.1401138305664
2016-01-21,111.48584747314452
2016-01-22,107.1122817993164
2016-01-25,108.07821655273438
2016-01-27,106.81712341308594
2016-01-28,105.34137725830078
2016-01-29,111.5395050048828
2016-02-01,110.49308776855467
2016-02-02,111.70050048828124
2016-02-03,107.13910675048828
2016-02-04,107.91722869873048
2016-02-05,106.790283203125
2016-02-08,110.68089294433594
2016-02-09,108.93683624267578
2016-02-10,108.02454376220705
2016-02-11,102.8191909790039
2016-02-12,103.97297668457033
2016-02-15,111.21752166748048
2016-02-16,109.47345733642578
2016-02-17,112.6932601928711
2016-02-18,114.4641571044922
2016-02-19,115.99357604980467
2016-02-22,116.7717056274414
2016-02-23,112.31761932373048
2016-02-24,109.25882720947266
2016-02-25,108.2123794555664
2016-02-26,107.86356353759766
2016-02-29,110.62723541259766
2016-03-01,115.34962463378906
2016-03-02,124.31141662597656
2016-03-03,123.53328704833984
2016-03-04,129.3289337158203
2016-03-08,122.88934326171876
2016-03-09,124.55290222167967
2016-03-10,122.43318176269533
2016-03-11,122.83568572998048
2016-03-14,123.61378479003906
2016-03-15,120.6354751586914
2016-03-16,123.56012725830078
2016-03-17,125.70667266845705
2016-03-18,126.7799301147461
2016-03-21,128.9532928466797
2016-03-22,129.08750915527344
2016-03-23,128.71180725097656
2016-03-28,127.2629165649414
2016-03-29,125.27735900878906
2016-03-30,129.3289337158203
2016-03-31,130.9656982421875
2016-04-01,130.26805114746094
2016-04-04,130.26805114746094
2016-04-05,127.04823303222656
2016-04-06,125.46517944335938
2016-04-07,130.37538146972656
2016-04-08,133.05853271484375
2016-04-11,132.3072509765625
2016-04-12,139.44451904296875
2016-04-13,145.93777465820312
2016-04-18,149.5064239501953
2016-04-20,144.5425567626953
2016-04-21,141.64471435546875
2016-04-22,147.95016479492188
2016-04-25,159.72930908203125
2016-04-26,162.51980590820312
2016-04-27,164.5858612060547
2016-04-28,161.0708770751953
2016-04-29,160.9904022216797
2016-05-02,167.34951782226562
2016-05-03,166.2762451171875
2016-05-04,165.0419921875
2016-05-05,162.33197021484375
2016-05-06,162.60028076171875
2016-05-09,163.27108764648438
2016-05-10,160.42691040039062
2016-05-11,160.9904022216797
2016-05-12,160.31961059570312
2016-05-13,161.15138244628906
2016-05-16,160.15859985351562
2016-05-17,159.11216735839844
2016-05-18,160.85626220703125
2016-05-19,157.63641357421875
2016-05-20,158.6291961669922
2016-05-23,157.98521423339844
2016-05-24,163.27108764648438
2016-05-25,165.6054229736328
2016-05-26,171.374267578125
2016-05-27,174.32577514648438
2016-05-30,175.90882873535156
2016-05-31,172.55487060546875
2016-06-01,174.11111450195312
2016-06-02,172.63536071777344
2016-06-03,175.96250915527344
2016-06-06,176.12350463867188
2016-06-07,177.35775756835938
2016-06-08,182.1606292724609
2016-06-09,177.25039672851562
2016-06-10,175.9356689453125
2016-06-13,174.91607666015625
2016-06-14,173.89645385742188
2016-06-15,174.3525848388672
2016-06-16,167.83248901367188
2016-06-17,165.76646423339844
2016-06-20,171.374267578125
2016-06-21,173.06466674804688
2016-06-22,171.4279327392578
2016-06-23,171.61575317382812
2016-06-24,165.47128295898438
2016-06-27,168.04713439941406
2016-06-28,166.65188598632812
2016-06-29,172.28651428222656
2016-06-30,179.31646728515625
2016-07-01,190.5053253173828
2016-07-04,188.43927001953125
2016-07-05,190.1565093994141
2016-07-07,187.8221130371093
2016-07-08,190.18328857421875
2016-07-11,193.00064086914065
2016-07-12,191.92735290527344
2016-07-13,185.64874267578125
2016-07-14,180.1627197265625
2016-07-15,174.59962463378906
2016-07-18,178.48020935058594
2016-07-19,174.59962463378906
2016-07-20,171.5602569580078
2016-07-21,171.6959686279297
2016-07-22,171.80450439453125
2016-07-25,174.1111602783203
2016-07-26,170.58334350585938
2016-07-27,174.13829040527344
2016-07-28,174.246826171875
2016-07-29,179.5113983154297
2016-08-01,184.96597290039065
2016-08-02,183.2563323974609
2016-08-03,175.5222930908203
2016-08-04,176.60775756835938
2016-08-05,181.0582275390625
2016-08-08,181.9808959960937
2016-08-09,181.8723602294922
2016-08-10,178.26312255859375
2016-08-11,176.22784423828125
2016-08-12,177.20480346679688
2016-08-16,177.3675994873047
2016-08-17,181.84521484375
2016-08-18,181.6552276611328
2016-08-19,182.9849548339844
2016-08-22,181.73667907714844
2016-08-23,179.56568908691406
2016-08-24,180.05416870117188
2016-08-25,180.1627197265625
2016-08-26,180.02703857421875
2016-08-29,188.738021850586
2016-08-30,191.3703155517578
2016-08-31,193.351318359375
2016-09-01,191.8316345214844
2016-09-02,190.90896606445312
2016-09-06,194.2739715576172
2016-09-07,192.99853515625
2016-09-08,197.39474487304688
2016-09-09,191.3703155517578
2016-09-12,183.31060791015625
2016-09-14,185.56298828125
2016-09-15,183.66339111328125
2016-09-16,187.4082946777344
2016-09-19,186.7027282714844
2016-09-20,182.1165771484375
2016-09-21,187.0826416015625
2016-09-22,194.9252471923828
2016-09-23,191.91305541992188
2016-09-26,192.4286499023437
2016-09-27,191.1260681152344
2016-09-28,193.29702758789065
2016-09-29,191.61453247070312
2016-09-30,197.7203521728516
2016-10-03,209.2807464599609
2016-10-04,206.7841339111328
2016-10-05,205.6715087890625
2016-10-06,205.2916259765625
2016-10-07,206.72987365722656
2016-10-10,205.78005981445312
2016-10-13,200.6783142089844
2016-10-14,201.24815368652344
2016-10-17,190.36624145507807
2016-10-18,196.0921630859375
2016-10-19,195.2509002685547
2016-10-20,196.173568725586
2016-10-21,196.63491821289065
2016-10-24,193.8126373291016
2016-10-25,193.2427673339844
2016-10-26,196.9605255126953
2016-10-27,198.0731506347656
2016-10-28,196.4177703857422
2016-11-01,191.77735900878903
2016-11-02,190.4205017089844
2016-11-03,190.2034149169922
2016-11-04,185.3458709716797
2016-11-07,187.8424835205078
2016-11-08,188.95510864257807
2016-11-09,178.96868896484375
2016-11-10,172.0216064453125
2016-11-11,155.14239501953125
2016-11-15,158.23599243164062
2016-11-16,152.70005798339844
2016-11-17,149.03652954101562
2016-11-18,147.9781951904297
2016-11-21,143.9890899658203
2016-11-22,146.8927001953125
2016-11-23,148.76516723632812
2016-11-24,150.52906799316406
2016-11-25,156.5535125732422
2016-11-28,157.34046936035156
2016-11-29,162.7678680419922
2016-11-30,162.0894775390625
2016-12-01,155.38662719726562
2016-12-02,149.06369018554688
2016-12-05,147.05552673339844
2016-12-06,150.17633056640625
2016-12-07,151.72311401367188
2016-12-08,155.4408721923828
2016-12-09,156.0921630859375
2016-12-12,150.36627197265625
2016-12-13,145.21022033691406
2016-12-14,142.1165771484375
2016-12-15,145.3459014892578
2016-12-16,143.9890899658203
2016-12-19,140.759765625
2016-12-20,135.9293670654297
2016-12-21,139.13153076171875
2016-12-22,137.66615295410156
2016-12-23,138.9686737060547
2016-12-26,135.68511962890625
2016-12-27,138.64306640625
2016-12-28,141.70956420898438
2016-12-29,148.41241455078125
2016-12-30,146.67562866210938
2017-01-02,148.927978515625
2017-01-03,147.0826873779297
2017-01-04,148.4395294189453
2017-01-05,153.64984130859375
2017-01-06,149.470703125
2017-01-09,149.4978790283203
2017-01-10,152.645751953125
2017-01-11,153.62271118164062
2017-01-12,152.99855041503906
2017-01-13,155.4408721923828
2017-01-16,155.60369873046875
2017-01-17,161.2210693359375
2017-01-18,160.97682189941406
2017-01-19,159.18580627441406
2017-01-20,149.7692413330078
2017-01-23,148.98228454589844
2017-01-24,150.71905517578125
2017-01-25,155.38662719726562
2017-01-27,153.1342315673828
2017-01-30,151.31605529785156
2017-01-31,144.9659881591797
2017-02-01,155.3323516845703
2017-02-02,160.92257690429688
2017-02-03,159.24008178710938
2017-02-06,163.66339111328125
2017-02-07,163.03924560546875
2017-02-08,162.4693603515625
2017-02-09,163.60914611816406
2017-02-10,161.32962036132812
2017-02-13,160.29843139648438
2017-02-14,160.29843139648438
2017-02-15,155.73936462402344
2017-02-16,157.23191833496094
2017-02-17,158.23599243164062
2017-02-20,158.20883178710938
2017-02-21,162.7678680419922
2017-02-22,158.69732666015625
2017-02-23,158.04605102539062
2017-02-27,157.5304412841797
2017-02-28,158.29026794433594
2017-03-01,159.72854614257812
2017-03-02,155.4408721923828
2017-03-03,156.9605712890625
2017-03-06,157.20480346679688
2017-03-07,155.3323516845703
2017-03-08,151.69598388671875
2017-03-09,152.1844482421875
2017-03-10,149.4164581298828
2017-03-14,151.9130859375
2017-03-15,158.07318115234375
2017-03-16,159.29434204101562
2017-03-17,169.1450653076172
2017-03-20,171.044677734375
2017-03-21,171.83163452148438
2017-03-22,168.6566162109375
2017-03-23,170.3119659423828
2017-03-24,173.9211883544922
2017-03-27,173.86692810058594
2017-03-28,178.48020935058594
2017-03-29,174.2196807861328
2017-03-30,170.9089813232422
2017-03-31,170.9089813232422
2017-04-03,173.18849182128906
2017-04-05,174.246826171875
2017-04-06,181.3567657470703
2017-04-07,182.00802612304688
2017-04-10,183.5819549560547
2017-04-11,181.62811279296875
2017-04-12,182.03515625
2017-04-13,180.46121215820312
2017-04-17,182.90353393554688
2017-04-18,181.7095184326172
2017-04-19,184.4774932861328
2017-04-20,183.9618988037109
2017-04-21,187.0826416015625
2017-04-24,186.02430725097656
2017-04-25,184.694580078125
2017-04-26,179.34861755371094
2017-04-27,180.1898651123047
2017-04-28,183.0121154785156
2017-05-02,180.94967651367188
2017-05-03,177.85606384277344
2017-05-04,179.53855895996094
2017-05-05,178.7515869140625
2017-05-08,176.8520050048828
2017-05-09,176.03787231445312
2017-05-10,179.94561767578125
2017-05-11,183.419174194336
2017-05-12,179.0500946044922
2017-05-15,179.8642120361328
2017-05-16,184.2332763671875
2017-05-17,180.7868804931641
2017-05-18,173.07994079589844
2017-05-19,171.23464965820312
2017-05-22,169.0908203125
2017-05-23,165.5901336669922
2017-05-24,160.92257690429688
2017-05-25,164.314697265625
2017-05-26,169.87774658203125
2017-05-29,176.60775756835938
2017-05-30,180.3255310058593
2017-05-31,194.78956604003903
2017-06-01,196.74343872070312
2017-06-02,210.8275604248047
2017-06-05,202.713607788086
2017-06-06,196.2549743652344
2017-06-07,197.8289337158203
2017-06-08,196.1464080810547
2017-06-09,193.8126373291016
2017-06-12,190.0406036376953
2017-06-13,187.4082946777344
2017-06-14,190.1219940185547
2017-06-15,189.9049072265625
2017-06-16,189.0365295410156
2017-06-19,189.9320373535156
2017-06-20,192.3743896484375
2017-06-21,187.2183380126953
2017-06-22,184.6131896972656
2017-06-23,179.4571533203125
2017-06-27,180.1898651123047
2017-06-28,182.63218688964844
2017-06-29,185.04737854003903
2017-06-30,187.2183380126953
2017-07-03,189.9320373535156
2017-07-04,191.2617645263672
2017-07-05,195.1966094970703
2017-07-06,195.6308135986328
2017-07-07,195.7665100097656
2017-07-10,198.8601226806641
2017-07-11,195.03379821777344
2017-07-12,198.154541015625
2017-07-13,199.9727478027344
2017-07-14,203.1053009033203
2017-07-17,200.75665283203125
2017-07-18,191.4165802001953
2017-07-19,195.59503173828125
2017-07-20,195.6223297119141
2017-07-21,193.71063232421875
2017-07-24,198.4625701904297
2017-07-25,218.15318298339844
2017-07-26,216.7603454589844
2017-07-27,218.7266845703125
2017-07-28,219.3821258544922
2017-07-31,219.027099609375
2017-08-01,218.8359222412109
2017-08-02,218.42628479003903
2017-08-03,215.80450439453125
2017-08-04,231.34393310546875
2017-08-07,231.7809295654297
2017-08-08,232.43634033203125
2017-08-09,231.37124633789065
2017-08-10,222.46815490722656
2017-08-11,224.70762634277344
2017-08-14,232.2178955078125
2017-08-16,231.698959350586
2017-08-17,229.8965301513672
2017-08-18,226.97433471679688
2017-08-21,220.638412475586
2017-08-22,221.0753631591797
2017-08-23,224.21603393554688
2017-08-24,223.7517547607422
2017-08-28,228.53103637695312
2017-08-29,224.70762634277344
2017-08-30,232.3271331787109
2017-08-31,233.50146484375
2017-09-01,237.7618408203125
2017-09-04,232.518295288086
2017-09-05,239.4823760986328
2017-09-06,243.9339141845703
2017-09-07,241.3394775390625
2017-09-08,243.7974090576172
2017-09-11,246.33721923828125
2017-09-12,245.0809631347656
2017-09-13,241.12095642089844
2017-09-14,237.32485961914065
2017-09-15,236.36903381347656
2017-09-18,238.33534240722656
2017-09-19,236.15057373046875
2017-09-20,232.3817596435547
2017-09-21,231.75360107421875
2017-09-22,223.97021484375
2017-09-25,220.5564727783203
2017-09-26,221.0480499267578
2017-09-27,216.1049346923828
2017-09-28,219.21827697753903
2017-09-29,225.2264862060547
2017-10-03,230.6612243652344
2017-10-04,229.0225982666016
2017-10-05,227.1928253173828
2017-10-06,229.2410888671875
2017-10-09,230.3881378173828
2017-10-10,230.8250732421875
2017-10-11,227.9028778076172
2017-10-12,230.57928466796875
2017-10-13,229.40493774414065
2017-10-16,236.0413055419922
2017-10-17,236.53289794921875
2017-10-18,232.84600830078125
2017-10-19,230.8523712158203
2017-10-23,230.98892211914065
2017-10-24,229.15914916992188
2017-10-25,222.74127197265625
2017-10-26,227.57516479492188
2017-10-27,229.7326812744141
2017-10-30,232.1905670166016
2017-10-31,235.76821899414065
2017-11-01,238.1714782714844
2017-11-02,238.471908569336
2017-11-03,237.2429656982422
2017-11-06,237.1063995361328
2017-11-07,231.91748046875
2017-11-08,225.8819274902344
2017-11-09,230.6339111328125
2017-11-10,226.8105010986328
2017-11-13,236.8059844970703
2017-11-14,240.13780212402344
2017-11-15,241.6671905517578
2017-11-16,239.07272338867188
2017-11-17,239.34580993652344
2017-11-20,238.0349273681641
2017-11-21,238.9634704589844
2017-11-22,236.5055694580078
2017-11-23,238.9634704589844
2017-11-24,244.2889404296875
2017-11-27,242.049545288086
2017-11-28,243.03273010253903
2017-11-29,245.6817779541016
2017-11-30,239.455078125
2017-12-01,240.90249633789065
2017-12-04,241.77642822265625
2017-12-05,241.44874572753903
2017-12-06,242.3772430419922
2017-12-07,248.8770751953125
2017-12-08,247.10191345214844
2017-12-11,261.4123840332031
2017-12-12,249.9421539306641
2017-12-13,247.6481170654297
2017-12-14,243.5242462158203
2017-12-15,252.1542510986328
2017-12-18,251.553451538086
2017-12-19,259.09100341796875
2017-12-20,261.7400817871094
2017-12-21,258.5448303222656
2017-12-22,259.1455993652344
2017-12-26,260.0196228027344
2017-12-27,258.81793212890625
2017-12-28,255.9503631591797
2017-12-29,258.40826416015625
2018-01-01,257.0973815917969
2018-01-02,252.78240966796875
2018-01-03,253.7655639648437
2018-01-04,261.49432373046875
2018-01-05,264.5257263183594
2018-01-08,268.5403137207031
2018-01-09,263.62451171875
2018-01-10,260.1561279296875
2018-01-11,262.69598388671875
2018-01-12,262.9144287109375
2018-01-15,266.73785400390625
2018-01-16,262.5867614746094
2018-01-17,265.07196044921875
2018-01-18,259.1183166503906
2018-01-19,255.9503631591797
2018-01-22,266.8744506835937
2018-01-23,277.4707946777344
2018-01-24,267.83026123046875
2018-01-25,263.16021728515625
2018-01-29,262.7232971191406
2018-01-30,258.271728515625
2018-01-31,253.1647491455078
2018-02-01,257.0427551269531
2018-02-02,243.7974090576172
2018-02-05,239.4823760986328
2018-02-06,242.814193725586
2018-02-07,240.65670776367188
2018-02-08,245.3540802001953
2018-02-09,242.6776885986328
2018-02-12,242.75958251953125
2018-02-14,249.17745971679688
2018-02-15,248.385482788086
2018-02-16,239.94667053222656
2018-02-19,233.33758544921875
2018-02-20,238.0895538330078
2018-02-21,238.0349273681641
2018-02-22,231.4532012939453
2018-02-23,241.0663604736328
2018-02-26,244.6713104248047
2018-02-27,240.41094970703125
2018-02-28,236.3143920898437
2018-03-01,233.36489868164065
2018-03-05,238.49920654296875
2018-03-06,236.6967315673828
2018-03-07,230.0057830810547
2018-03-08,228.8860626220703
2018-03-09,229.3776397705078
2018-03-12,226.61932373046875
2018-03-13,232.70947265625
2018-03-14,237.87106323242188
2018-03-15,237.87106323242188
2018-03-16,236.7786865234375
2018-03-19,235.85012817382807
2018-03-20,238.0349273681641
2018-03-21,244.15240478515625
2018-03-22,236.28707885742188
2018-03-23,232.90060424804688
2018-03-26,240.0013122558593
2018-03-27,250.734115600586
2018-03-28,253.02818298339844
2018-04-02,257.507080078125
2018-04-03,258.76336669921875
2018-04-04,254.4209899902344
2018-04-05,265.8093566894531
2018-04-06,271.02557373046875
2018-04-09,269.5234680175781
2018-04-10,266.3282165527344
2018-04-11,271.0528564453125
2018-04-12,272.172607421875
2018-04-13,271.0528564453125
2018-04-16,277.08843994140625
2018-04-17,277.03375244140625
2018-04-18,278.04425048828125
2018-04-19,284.4075012207031
2018-04-20,275.6136474609375
2018-04-23,279.5735778808594
2018-04-24,278.453857421875
2018-04-25,277.08843994140625
2018-04-26,279.87408447265625
2018-04-27,285.8003234863281
2018-04-30,288.4766845703125
2018-05-02,277.9076843261719
2018-05-03,279.0000915527344
2018-05-04,275.9959716796875
2018-05-07,279.3824768066406
2018-05-08,275.5317077636719
2018-05-09,273.5380554199219
2018-05-10,273.2649230957031
2018-05-11,274.30279541015625
2018-05-14,268.2672424316406
2018-05-15,264.225341796875
2018-05-16,253.73825073242188
2018-05-17,257.1792907714844
2018-05-18,253.0554962158203
2018-05-21,251.47149658203125
2018-05-22,255.895751953125
2018-05-23,253.46514892578125
2018-05-24,249.0955352783203
2018-05-25,258.7906494140625
2018-05-28,273.374267578125
2018-05-29,258.5721435546875
2018-05-30,261.3850402832031
2018-05-31,266.35552978515625
2018-06-01,258.271728515625
2018-06-04,257.4797668457031
2018-06-05,254.8580017089844
2018-06-06,260.48388671875
2018-06-07,265.1265563964844
2018-06-08,266.3282165527344
2018-06-11,266.3828430175781
2018-06-12,268.1307067871094
2018-06-13,266.0004577636719
2018-06-14,260.4019775390625
2018-06-15,259.4187927246094
2018-06-18,259.9649658203125
2018-06-19,257.64361572265625
2018-06-20,264.99005126953125
2018-06-21,268.185302734375
2018-06-22,271.6536865234375
2018-06-25,264.225341796875
2018-06-26,267.7756652832031
2018-06-27,256.9335021972656
2018-06-28,249.5052032470703
2018-06-29,256.5238952636719
2018-07-02,247.5935211181641
2018-07-03,253.8748016357422
2018-07-04,252.40005493164065
2018-07-05,250.78875732421875
2018-07-06,248.33084106445312
2018-07-09,259.473388671875
2018-07-10,263.2421264648437
2018-07-11,260.5111694335937
2018-07-12,261.685546875
2018-07-13,259.2549133300781
2018-07-16,256.4146423339844
2018-07-17,264.68963623046875
2018-07-18,260.07421875
2018-07-19,258.500244140625
2018-07-20,258.2799987792969
2018-07-23,257.0133361816406
2018-07-24,265.8521728515625
2018-07-25,267.6419372558594
2018-07-26,281.9602355957031
2018-07-27,284.4384155273437
2018-07-30,282.7587585449219
2018-07-31,282.97906494140625
2018-08-01,278.5183410644531
2018-08-02,277.0865478515625
2018-08-03,278.2980651855469
2018-08-06,274.2779235839844
2018-08-07,268.68829345703125
2018-08-08,274.580810546875
2018-08-09,272.51568603515625
2018-08-10,270.83599853515625
2018-08-13,266.5956115722656
2018-08-14,268.44049072265625
2018-08-16,260.73065185546875
2018-08-17,264.8333740234375
2018-08-20,264.0624084472656
2018-08-21,266.044921875
2018-08-23,260.7030944824219
2018-08-24,255.38882446289065
2018-08-27,258.5277709960937
2018-08-28,262.355224609375
2018-08-29,266.1825866699219
2018-08-30,271.414306640625
2018-08-31,269.3766784667969
2018-09-03,267.201416015625
2018-09-04,256.9583435058594
2018-09-05,248.9455718994141
2018-09-06,245.31092834472656
2018-09-07,253.21353149414065
2018-09-10,246.1920623779297
2018-09-11,241.86900329589844
2018-09-12,234.4620513916016
2018-09-14,250.1846160888672
2018-09-17,242.6124725341797
2018-09-18,243.71388244628903
2018-09-19,238.6749267578125
2018-09-21,226.4768524169922
2018-09-24,216.34390258789065
2018-09-25,228.04635620117188
2018-09-26,232.3418426513672
2018-09-27,220.0336151123047
2018-09-28,220.3915863037109
2018-10-01,227.9637451171875
2018-10-03,223.69583129882807
2018-10-04,219.62060546875
2018-10-05,203.07196044921875
2018-10-08,199.4097595214844
2018-10-09,204.2284240722656
2018-10-10,223.50308227539065
2018-10-11,205.08203125
2018-10-12,213.122299194336
2018-10-15,212.90200805664065
2018-10-16,219.4003143310547
2018-10-17,201.5850524902344
2018-10-19,196.1881561279297
2018-10-22,198.55618286132807
2018-10-23,206.1558990478516
2018-10-24,220.83213806152344
2018-10-25,222.181381225586
2018-10-26,214.74685668945312
2018-10-29,219.97854614257807
2018-10-30,217.63807678222656
2018-10-31,225.2377777099609
2018-11-01,231.212890625
2018-11-02,237.1054229736328
2018-11-05,230.88247680664065
2018-11-06,231.5708770751953
2018-11-07,232.7824249267578
2018-11-09,236.4445953369141
2018-11-12,236.9126892089844
2018-11-13,239.8589324951172
2018-11-14,238.6473999023437
2018-11-15,244.34716796875
2018-11-16,241.2081756591797
2018-11-19,240.2444305419922
2018-11-20,234.6272735595703
2018-11-21,236.8025817871093
2018-11-22,232.92010498046875
2018-11-26,232.9476318359375
2018-11-27,231.84620666503903
2018-11-28,231.5157928466797
2018-11-29,243.1906890869141
2018-11-30,247.4036102294922
2018-12-03,243.6588134765625
2018-12-04,243.10812377929688
2018-12-05,231.6809844970703
2018-12-06,220.74954223632807
2018-12-07,230.331787109375
2018-12-10,220.47418212890625
2018-12-11,228.3217010498047
2018-12-12,241.3733825683593
2018-12-13,249.22091674804688
2018-12-14,250.3223419189453
2018-12-17,249.93682861328125
2018-12-18,253.8192596435547
2018-12-19,257.9219970703125
2018-12-20,261.5016174316406
2018-12-21,255.0583648681641
2018-12-24,258.7205505371094
2018-12-26,260.8682861328125
2018-12-27,255.11343383789065
2018-12-28,262.217529296875
2018-12-31,260.8407592773437
2019-01-01,259.82196044921875
2019-01-02,256.6829833984375
2019-01-03,252.38742065429688
2019-01-04,255.63661193847656
2019-01-07,257.0408630371094
2019-01-08,254.3148803710937
2019-01-09,253.0483245849609
2019-01-10,253.0483245849609
2019-01-11,249.4962921142578
2019-01-14,241.8139495849609
2019-01-15,244.53990173339844
2019-01-16,246.1094512939453
2019-01-17,246.5775604248047
2019-01-18,243.1631622314453
2019-01-21,244.237060546875
2019-01-22,240.49224853515625
2019-01-23,239.39083862304688
2019-01-24,232.5345916748047
2019-01-25,229.58834838867188
2019-01-28,222.26394653320312
2019-01-29,220.85968017578125
2019-01-30,223.0625
2019-01-31,222.7596130371093
2019-02-01,229.4231109619141
2019-02-04,221.49298095703125
2019-02-05,220.9422912597656
2019-02-06,221.0524139404297
2019-02-07,228.73475646972656
2019-02-08,219.20758056640625
2019-02-11,214.05848693847656
2019-02-12,210.0659027099609
2019-02-14,214.3613739013672
2019-02-15,208.46885681152344
2019-02-18,204.1182861328125
2019-02-19,206.23849487304688
2019-02-20,210.5615081787109
2019-02-21,217.28009033203125
2019-02-22,220.0336151123047
2019-02-25,218.32644653320312
2019-02-26,214.3613739013672
2019-02-27,219.5930633544922
2019-02-28,218.27137756347656
2019-03-01,226.58702087402344
2019-03-05,238.86770629882807
2019-03-06,242.55740356445312
2019-03-07,241.04298400878903
2019-03-08,240.0792388916016
2019-03-11,245.61378479003903
2019-03-12,241.62124633789065
2019-03-13,238.42713928222656
2019-03-14,234.76492309570312
2019-03-15,239.77633666992188
2019-03-18,236.55474853515625
2019-03-19,230.0289001464844
2019-03-20,230.7447967529297
2019-03-22,229.1202392578125
2019-03-25,227.16522216796875
2019-03-26,227.1927490234375
2019-03-27,234.7098999023437
2019-03-28,236.41705322265625
2019-04-01,232.5345916748047
2019-04-02,229.2303466796875
2019-04-03,229.8912048339844
2019-04-04,227.8260803222656
2019-04-05,229.3129730224609
2019-04-08,227.24783325195312
2019-04-09,227.9086761474609
2019-04-10,226.7522125244141
2019-04-11,229.5608062744141
2019-04-12,228.7898101806641
2019-04-15,232.92010498046875
2019-04-16,231.92881774902344
2019-04-18,230.1390380859375
2019-04-22,228.04635620117188
2019-04-23,233.55340576171875
2019-04-24,238.6473999023437
2019-04-25,229.3129730224609
2019-04-26,228.01882934570312
2019-04-30,220.639389038086
2019-05-02,217.11489868164065
2019-05-03,221.4654693603516
2019-05-06,217.8308258056641
2019-05-07,211.6629180908203
2019-05-08,208.7717437744141
2019-05-09,208.9369506835937
2019-05-10,210.09341430664065
2019-05-13,203.292221069336
2019-05-14,204.2284240722656
2019-05-15,206.6515350341797
2019-05-16,204.83419799804688
2019-05-17,209.1021728515625
2019-05-20,225.1551818847656
2019-05-21,221.9060211181641
2019-05-22,220.8046112060547
2019-05-23,221.07997131347656
2019-05-24,224.6870574951172
2019-05-27,224.714599609375
2019-05-28,229.5608062744141
2019-05-29,229.36805725097656
2019-05-30,232.8374786376953
2019-05-31,232.20416259765625
2019-06-03,239.80389404296875
2019-06-04,238.6198883056641
2019-06-06,229.6158599853516
2019-06-07,228.48692321777344
2019-06-10,229.9738311767578
2019-06-11,234.93014526367188
2019-06-12,231.6259613037109
2019-06-13,233.0302276611328
2019-06-14,227.9913024902344
2019-06-17,217.5003967285156
2019-06-18,218.02354431152344
2019-06-19,213.97589111328125
2019-06-20,221.85093688964844
2019-06-21,217.03228759765625
2019-06-24,214.49903869628903
2019-06-25,217.30763244628903
2019-06-26,217.6105194091797
2019-06-27,220.3089904785156
2019-06-28,213.8932647705078
2019-07-01,214.60919189453125
2019-07-02,214.25125122070312
2019-07-03,217.197509765625
2019-07-04,217.80328369140625
2019-07-05,218.7945556640625
2019-07-08,214.3063201904297
2019-07-09,215.27005004882807
2019-07-10,213.6179351806641
2019-07-11,209.4050445556641
2019-07-12,211.6353912353516
2019-07-15,213.35682678222656
2019-07-16,215.9324645996093
2019-07-17,215.00857543945312
2019-07-18,211.3131256103516
2019-07-19,202.3544464111328
2019-07-22,200.59071350097656
2019-07-23,190.4561767578125
2019-07-24,170.46710205078125
2019-07-25,170.49510192871094
2019-07-26,166.15573120117188
2019-07-29,170.83103942871094
2019-07-30,166.6036834716797
2019-07-31,170.66307067871094
2019-08-01,167.1915740966797
2019-08-02,168.9273223876953
2019-08-05,164.19601440429688
2019-08-06,168.1434326171875
2019-08-07,165.6518096923828
2019-08-08,168.31141662597656
2019-08-09,178.50193786621094
2019-08-13,167.21958923339844
2019-08-14,175.73031616210938
2019-08-16,179.11785888671875
2019-08-19,177.9420166015625
2019-08-20,176.26223754882812
2019-08-21,176.40223693847656
2019-08-22,171.0270233154297
2019-08-23,174.66648864746094
2019-08-26,185.2769470214844
2019-08-27,188.74842834472656
2019-08-28,179.03384399414062
2019-08-29,176.51422119140625
2019-08-30,179.1458282470703
2019-09-03,174.94644165039062
2019-09-04,184.3250732421875
2019-09-05,179.2578125
2019-09-06,181.46951293945312
2019-09-09,181.1895294189453
2019-09-11,188.4404754638672
2019-09-12,188.5804443359375
2019-09-13,189.7562713623047
2019-09-16,185.2489471435547
2019-09-17,180.629623413086
2019-09-18,181.8614501953125
2019-09-19,181.6934509277344
2019-09-20,198.2950439453125
2019-09-23,199.94679260253903
2019-09-24,191.82798767089844
2019-09-25,188.8604278564453
2019-09-26,197.3431701660156
2019-09-27,193.7596893310547
2019-09-30,183.6531677246093
2019-10-01,180.3216552734375
2019-10-03,182.50534057617188
2019-10-04,181.553466796875
2019-10-07,182.3653717041016
2019-10-09,186.81671142578125
2019-10-10,182.5333404541016
2019-10-11,180.965576171875
2019-10-14,179.56578063964844
2019-10-15,177.27011108398438
2019-10-16,170.7470703125
2019-10-17,176.99014282226562
2019-10-18,178.75389099121094
2019-10-22,191.01611328125
2019-10-23,187.0126953125
2019-10-24,185.2489471435547
2019-10-25,188.83241271972656
2019-10-27,189.2803497314453
2019-10-29,198.4350128173828
2019-10-30,200.8706817626953
2019-10-31,197.651107788086
2019-11-01,199.4988555908203
2019-11-04,201.402587890625
2019-11-05,195.1874847412109
2019-11-06,193.3397827148437
2019-11-07,190.5681610107422
2019-11-08,184.2130889892578
2019-11-11,186.5367431640625
2019-11-13,182.61734008789065
2019-11-14,183.84913635253903
2019-11-15,181.5814971923828
2019-11-18,183.2892303466797
2019-11-19,183.56919860839844
2019-11-20,184.38107299804688
2019-11-21,183.98912048339844
2019-11-22,186.4527587890625
2019-11-25,192.91981506347656
2019-11-26,191.88397216796875
2019-11-27,193.78770446777344
2019-11-28,199.3868865966797
2019-11-29,197.0072326660156
2019-12-02,193.143798828125
2019-12-03,192.3319091796875
2019-12-04,192.19195556640625
2019-12-05,190.7361297607422
2019-12-06,183.6531677246093
2019-12-09,189.4203338623047
2019-12-10,186.2847900390625
2019-12-11,185.1649627685547
2019-12-12,189.5043029785156
2019-12-13,191.01611328125
2019-12-16,183.6251678466797
2019-12-17,180.12567138671875
2019-12-18,180.23768615722656
2019-12-19,179.0618438720703
2019-12-20,180.9095764160156
2019-12-23,179.48179626464844
2019-12-24,180.3216552734375
2019-12-26,180.1536865234375
2019-12-27,181.3574981689453
2019-12-30,180.0697021484375
2019-12-31,180.545639038086
2020-01-01,186.0608367919922
2020-01-02,189.8962554931641
2020-01-03,187.7125701904297
2020-01-06,180.3776397705078
2020-01-07,180.9375762939453
2020-01-08,181.88943481445312
2020-01-09,185.5569000244141
2020-01-10,185.89285278320312
2020-01-13,191.96795654296875
2020-01-14,194.2076416015625
2020-01-15,197.79112243652344
2020-01-16,201.066635131836
2020-01-17,201.5985412597656
2020-01-20,196.36331176757807
2020-01-21,197.5391540527344
2020-01-22,196.50331115722656
2020-01-23,204.14617919921875
2020-01-24,206.5538482666016
2020-01-27,197.3711700439453
2020-01-28,196.6152801513672
2020-01-29,206.16189575195312
2020-01-30,206.38584899902344
2020-01-31,206.8058013916016
2020-02-03,195.71939086914065
2020-02-04,206.0219116210937
2020-02-05,217.16427612304688
2020-02-06,219.12399291992188
2020-02-07,222.87545776367188
2020-02-10,220.7477569580078
2020-02-11,219.4319610595703
2020-02-12,218.87203979492188
2020-02-13,217.1362762451172
2020-02-14,215.65249633789065
2020-02-17,209.8573455810547
2020-02-18,207.02975463867188
2020-02-19,214.0567321777344
2020-02-20,213.496826171875
2020-02-24,205.29400634765625
2020-02-25,207.9256286621093
2020-02-26,202.04649353027344
2020-02-27,197.4551696777344
2020-02-28,192.19195556640625
2020-03-02,189.1683807373047
2020-03-03,190.9881134033203
2020-03-04,187.54461669921875
2020-03-05,188.74842834472656
2020-03-06,188.27249145507807
2020-03-09,180.74159240722656
2020-03-11,181.4974822998047
2020-03-12,159.46470642089844
2020-03-13,158.23291015625
2020-03-16,146.4466094970703
2020-03-17,139.3636474609375
2020-03-18,128.0253143310547
2020-03-19,111.45171356201172
2020-03-20,117.58281707763672
2020-03-23,83.90374755859375
2020-03-24,90.14683532714844
2020-03-25,92.49848175048828
2020-03-26,90.95870971679688
2020-03-27,90.0908432006836
2020-03-30,80.6002426147461
2020-03-31,82.41996002197266
2020-04-01,85.44351959228516
2020-04-03,79.81634521484375
2020-04-07,79.62037658691406
2020-04-08,89.13897705078125
2020-04-09,93.17039489746094
2020-04-13,86.19940948486328
2020-04-15,87.20726013183594
2020-04-16,93.39434814453124
2020-04-17,100.67330169677734
2020-04-20,92.94642639160156
2020-04-21,84.85560607910156
2020-04-22,84.4356689453125
2020-04-23,87.17926788330078
2020-04-24,78.64051055908203
2020-04-27,80.48825073242188
2020-04-28,86.33939361572266
2020-04-29,87.8511734008789
2020-04-30,92.91842651367188
2020-05-04,89.72689056396484
2020-05-05,89.8948745727539
2020-05-06,96.3899154663086
2020-05-07,95.46604919433594
2020-05-08,92.58248138427734
2020-05-11,88.38310241699219
2020-05-12,91.01471710205078
2020-05-13,99.0215301513672
2020-05-14,94.29022216796876
2020-05-15,94.3182144165039
2020-05-18,77.15673065185547
2020-05-19,75.364990234375
2020-05-20,76.54081726074219
2020-05-21,76.31685638427734
2020-05-22,71.41756439208984
2020-05-26,74.35713958740234
2020-05-27,77.5486831665039
2020-05-28,76.48483276367188
2020-05-29,78.2205810546875
2020-06-01,81.412109375
2020-06-02,84.79960632324219
2020-06-03,86.67534637451172
2020-06-04,83.31582641601562
2020-06-05,86.39537048339844
2020-06-08,88.83101654052734
2020-06-09,88.2151107788086
2020-06-10,86.4793701171875
2020-06-11,87.8511734008789
2020-06-12,91.60262298583984
2020-06-15,91.77059173583984
2020-06-16,94.1502456665039
2020-06-17,93.25438690185548
2020-06-18,94.26223754882812
2020-06-19,97.64973449707033
2020-06-22,99.66544342041016
2020-06-23,99.637451171875
2020-06-24,100.05738067626952
2020-06-25,100.36534118652344
2020-06-26,99.0495376586914
2020-06-29,94.51419830322266
2020-06-30,93.95427703857422
2020-07-01,97.03382110595705
2020-07-02,103.52886962890624
2020-07-03,102.32506561279295
2020-07-06,102.38105010986328
2020-07-07,114.30729675292967
2020-07-08,112.93550872802734
2020-07-09,116.77094268798828
2020-07-10,114.2793197631836
2020-07-13,114.22331237792967
2020-07-14,109.24005126953124
2020-07-15,108.17619323730467
2020-07-16,112.93550872802734
2020-07-17,116.40699768066406
2020-07-20,128.55722045898438
2020-07-21,127.60537719726562
2020-07-22,141.28883361816406
2020-07-23,136.46746826171875
2020-07-24,129.99305725097656
2020-07-27,118.28404235839844
2020-07-28,124.11558532714844
2020-07-29,123.24315643310548
2020-07-30,120.76358795166016
2020-07-31,119.61565399169922
2020-08-03,117.59527587890624
2020-08-04,115.8044891357422
2020-08-05,116.67692565917967
2020-08-06,123.1972198486328
2020-08-07,124.29926300048828
2020-08-10,123.10540008544922
2020-08-11,121.36051940917967
2020-08-12,121.8656234741211
2020-08-13,123.24315643310548
2020-08-14,122.23296356201172
2020-08-17,122.41663360595705
2020-08-18,124.98802185058594
2020-08-19,126.64105987548828
2020-08-20,124.02375793457033
2020-08-21,122.37071228027344
2020-08-24,121.5901107788086
2020-08-25,126.13597106933594
2020-08-26,131.18692016601562
2020-08-27,129.39613342285156
2020-08-28,131.92160034179688
2020-08-31,123.70233154296876
2020-09-01,123.15132904052734
2020-09-02,126.22779846191406
2020-09-03,127.83492279052734
2020-09-04,125.99820709228516
2020-09-07,121.95746612548828
2020-09-08,120.21257781982422
2020-09-09,119.47789764404295
2020-09-10,119.7533950805664
2020-09-11,120.16667175292967
2020-09-14,122.55438232421876
2020-09-15,126.8247528076172
2020-09-16,126.04415130615234
2020-09-17,124.98802185058594
2020-09-18,122.37071228027344
2020-09-21,115.62081909179688
2020-09-22,108.50357055664062
2020-09-23,110.2025146484375
2020-09-24,104.18729400634766
2020-09-25,110.4321060180664
2020-09-28,114.8861312866211
2020-09-29,114.4728775024414
2020-09-30,113.0494155883789
2020-10-01,119.06463623046876
2020-10-05,118.32997131347656
2020-10-06,120.6258544921875
2020-10-07,117.2279281616211
2020-10-08,119.24832153320312
2020-10-09,122.46255493164062
2020-10-12,120.6258544921875
2020-10-13,116.67692565917967
2020-10-14,118.97280883789062
2020-10-15,115.06980895996094
2020-10-16,115.25347900390624
2020-10-19,119.34014892578124
2020-10-20,120.1207504272461
2020-10-21,121.08503723144533
2020-10-22,121.8656234741211
2020-10-23,123.70233154296876
2020-10-26,120.2584991455078
2020-10-27,115.39122772216795
2020-10-28,111.44229888916016
2020-10-29,111.074951171875
2020-10-30,112.3147430419922
2020-11-02,114.79429626464844
2020-11-03,115.52898406982422
2020-11-04,116.3554916381836
2020-11-05,117.7789535522461
2020-11-06,119.38607025146484
2020-11-09,124.48294067382812
2020-11-10,134.63076782226562
2020-11-11,131.27874755859375
2020-11-12,133.66648864746094
2020-11-13,132.1053009033203
2020-11-14,131.92160034179688
2020-11-17,133.6205596923828
2020-11-18,143.76837158203125
2020-11-19,142.8500213623047
2020-11-20,142.0694122314453
2020-11-23,145.69692993164062
2020-11-24,152.76824951171875
2020-11-25,148.0846405029297
2020-11-26,153.64068603515625
2020-11-27,157.03860473632812
2020-12-01,154.0080108642578
2020-12-02,151.9417266845703
2020-12-03,154.14576721191406
2020-12-04,154.09986877441406
2020-12-07,162.13546752929688
2020-12-08,160.9416046142578
2020-12-09,161.67630004882812
2020-12-10,156.16616821289062
2020-12-11,158.9212188720703
2020-12-14,158.37020874023438
2020-12-15,162.91603088378906
2020-12-16,167.09457397460938
2020-12-17,162.5946502685547
2020-12-18,162.0436248779297
2020-12-21,152.30908203125
2020-12-22,151.4825439453125
2020-12-23,159.74774169921875
2020-12-24,157.49777221679688
2020-12-28,161.44668579101562
2020-12-29,160.43649291992188
2020-12-30,160.0232391357422
2020-12-31,160.6201629638672
2021-01-01,164.10992431640625
2021-01-04,170.30880737304688
2021-01-05,169.66598510742188
2021-01-06,173.15570068359375
2021-01-07,179.4923553466797
2021-01-08,174.44140625
2021-01-11,170.03330993652344
2021-01-12,174.21182250976562
2021-01-13,174.44140625
2021-01-14,176.46177673339844
2021-01-15,173.06385803222656
2021-01-18,163.2834014892578
2021-01-19,167.2782440185547
2021-01-20,169.57412719726562
2021-01-21,166.35989379882812
2021-01-22,159.65589904785156
2021-01-25,163.51300048828125
2021-01-27,157.81918334960938
2021-01-28,150.79379272460938
2021-01-29,142.11532592773438
2021-02-01,148.268310546875
2021-02-02,158.00286865234375
2021-02-03,169.02313232421875
2021-02-04,166.81906127929688
2021-02-05,162.5028076171875
2021-02-08,169.1149444580078
2021-02-09,168.79351806640625
2021-02-10,174.99241638183594
2021-02-11,180.8698883056641
2021-02-12,188.6759033203125
2021-02-15,200.38491821289065
2021-02-16,202.7267303466797
2021-02-17,200.56857299804688
2021-02-18,200.7522735595703
2021-02-19,191.5227966308593
2021-02-22,190.28302001953125
2021-02-23,192.0279083251953
2021-02-24,195.4717254638672
2021-02-25,201.1655120849609
2021-02-26,187.0687866210937
2021-03-01,189.22691345214844
2021-03-02,190.5585327148437
2021-03-03,196.52783203125
2021-03-04,194.4615478515625
2021-03-05,186.609603881836
2021-03-08,185.04840087890625
2021-03-09,191.6146240234375
2021-03-10,194.2778778076172
2021-03-12,191.84420776367188
2021-03-15,189.5483245849609
2021-03-16,193.72683715820312
2021-03-17,186.83917236328125
2021-03-18,185.59942626953125
2021-03-19,197.5380249023437
2021-03-22,194.23194885253903
2021-03-23,193.083984375
2021-03-24,185.96676635742188
2021-03-25,180.04336547851562
2021-03-26,190.00750732421875
2021-03-30,183.5790252685547
2021-03-31,182.7065887451172
2021-04-01,187.6197967529297
2021-04-05,179.5382843017578
2021-04-06,182.2933349609375
2021-04-07,181.6045684814453
2021-04-08,179.1709442138672
2021-04-09,177.15054321289062
2021-04-12,156.99267578125
2021-04-13,162.27320861816406
2021-04-15,159.65589904785156
2021-04-16,157.8651123046875
2021-04-19,151.98764038085938
2021-04-20,156.48756408691406
2021-04-22,160.43649291992188
2021-04-23,164.2935791015625
2021-04-26,149.92132568359375
2021-04-27,151.5284881591797
2021-04-28,153.8243408203125
2021-04-29,151.80397033691406
2021-04-30,148.6356658935547
2021-05-03,147.21218872070312
2021-05-04,142.75819396972656
2021-05-05,141.19699096679688
2021-05-06,142.94183349609375
2021-05-07,141.8857421875
2021-05-10,143.40101623535156
2021-05-11,142.3449249267578
2021-05-12,139.77352905273438
2021-05-14,138.71743774414062
2021-05-17,142.80409240722656
2021-05-18,143.630615234375
2021-05-19,141.61024475097656
2021-05-20,147.16629028320312
2021-05-21,147.21218872070312
2021-05-24,149.73765563964844
2021-05-25,144.45713806152344
2021-05-26,142.66635131835938
2021-05-27,141.8857421875
2021-05-28,146.7071075439453
2021-05-31,149.69175720214844
2021-06-01,146.9366912841797
2021-06-02,149.5540008544922
2021-06-03,149.5540008544922
2021-06-04,154.42129516601562
2021-06-07,156.76307678222656
2021-06-08,154.5131072998047
2021-06-09,151.3448028564453
2021-06-10,156.7171630859375
2021-06-11,155.33963012695312
2021-06-14,156.395751953125
2021-06-15,157.54368591308594
2021-06-16,155.79881286621094
2021-06-17,149.46218872070312
2021-06-18,145.69692993164062
2021-06-21,146.61524963378906
2021-06-22,144.45713806152344
2021-06-23,143.81431579589844
2021-06-24,143.1714324951172
2021-06-25,146.06427001953125
2021-06-28,145.69692993164062
2021-06-29,144.778564453125
2021-06-30,144.27346801757812
2021-07-01,143.1714324951172
2021-07-02,144.50306701660156
2021-07-05,147.2581329345703
2021-07-06,147.99278259277344
2021-07-07,148.268310546875
2021-07-08,147.53363037109375
2021-07-09,148.49789428710938
2021-07-12,148.268310546875
2021-07-13,149.92132568359375
2021-07-14,150.01318359375
2021-07-15,148.31422424316406
2021-07-16,149.49392700195312
2021-07-19,144.7415008544922
2021-07-20,141.7885284423828
2021-07-22,142.48062133789062
2021-07-23,142.24993896484375
2021-07-26,135.00595092773438
2021-07-27,136.6669921875
2021-07-28,131.49929809570312
2021-07-29,137.2206573486328
2021-07-30,139.7122344970703
2021-08-02,140.1274871826172
2021-08-03,137.9589080810547
2021-08-04,142.4344940185547
2021-08-05,144.28009033203125
2021-08-06,143.68026733398438
2021-08-09,141.7885284423828
2021-08-10,141.096435546875
2021-08-11,142.11151123046875
2021-08-12,143.2650146484375
2021-08-13,139.6660919189453
2021-08-16,139.20469665527344
2021-08-17,137.0360870361328
2021-08-18,136.62083435058594
2021-08-20,131.91455078125
2021-08-23,128.6385955810547
2021-08-24,135.00595092773438
2021-08-25,135.55960083007812
2021-08-26,143.12660217285156
2021-08-27,143.54185485839844
2021-08-30,147.37147521972656
2021-08-31,147.78672790527344
2021-09-01,149.54006958007812
2021-09-02,153.50811767578125
2021-09-03,152.40074157714844
2021-09-06,155.2614288330078
2021-09-07,157.06089782714844
2021-09-08,155.12301635742188
2021-09-09,154.66162109375
2021-09-13,155.5382843017578
2021-09-14,155.90740966796875
2021-09-15,159.32176208496094
2021-09-16,160.1984405517578
2021-09-17,165.50454711914062
2021-09-20,162.59771728515625
2021-09-21,166.8887481689453
2021-09-22,166.8887481689453
2021-09-23,170.7183837890625
2021-09-24,167.90382385253906
2021-09-27,167.21173095703125
2021-09-28,165.8736572265625
2021-09-29,169.33416748046875
2021-09-30,170.90293884277344
2021-10-01,171.9180145263672
2021-10-04,174.0865936279297
2021-10-05,171.64117431640625
2021-10-06,167.3962860107422
2021-10-07,168.41136169433594
2021-10-08,170.30313110351562
2021-10-11,170.7183837890625
2021-10-12,172.10256958007812
2021-10-13,171.68731689453125
2021-10-14,170.90293884277344
2021-10-18,172.97923278808594
2021-10-19,175.47079467773438
2021-10-20,170.25697326660156
2021-10-21,176.94729614257812
2021-10-22,172.61012268066406
2021-10-25,166.93487548828125
2021-10-26,173.6713409423828
2021-10-27,177.17799377441406
2021-10-28,171.27206420898438
2021-10-29,165.64295959472656
2021-11-01,175.97833251953125
2021-11-02,181.88429260253903
2021-11-03,180.50010681152344
2021-11-04,180.3616638183593
2021-11-08,184.2374267578125
2021-11-09,186.867416381836
2021-11-10,185.0679473876953
2021-11-11,181.28445434570312
2021-11-12,183.1761932373047
2021-11-15,172.24098205566406
2021-11-16,168.8727569580078
2021-11-17,165.27383422851562
2021-11-18,162.13629150390625
2021-11-22,156.9224853515625
2021-11-23,156.7379150390625
2021-11-24,154.98458862304688
2021-11-25,154.615478515625
2021-11-26,146.5409698486328
2021-11-29,142.94203186035156
2021-11-30,143.21885681152344
2021-12-01,145.29518127441406
2021-12-02,149.955322265625
2021-12-03,149.07867431640625
2021-12-06,147.8328857421875
2021-12-07,148.7095489501953
2021-12-08,152.26234436035156
2021-12-09,152.3084716796875
2021-12-10,154.523193359375
2021-12-13,153.13900756835938
2021-12-14,149.77076721191406
2021-12-15,145.15675354003906
2021-12-16,144.7415008544922
2021-12-17,138.51258850097656
2021-12-20,133.39102172851562
2021-12-21,132.6066436767578
2021-12-22,133.8062744140625
2021-12-23,138.9278564453125
2021-12-24,133.85243225097656
2021-12-27,134.72911071777344
2021-12-28,135.65188598632812
2021-12-29,135.6980438232422
2021-12-30,135.88259887695312
2021-12-31,137.4513702392578
2022-01-03,140.49659729003906
2022-01-04,141.188720703125
2022-01-05,142.4344940185547
2022-01-06,143.31114196777344
2022-01-07,141.8346710205078
2022-01-10,142.89588928222656
2022-01-11,144.2339630126953
2022-01-12,152.35462951660156
2022-01-13,154.06179809570312
2022-01-14,152.17005920410156
2022-01-17,154.47703552246094
2022-01-18,151.01654052734375
2022-01-19,147.7406005859375
2022-01-20,147.37147521972656
2022-01-21,143.2650146484375
2022-01-24,138.6971435546875
2022-01-25,143.03431701660156
2022-01-27,144.51080322265625
2022-01-28,149.30938720703125
2022-01-31,149.07867431640625
2022-02-01,154.10794067382812
2022-02-02,155.95355224609375
2022-02-03,147.7406005859375
2022-02-04,141.88082885742188
2022-02-07,142.84976196289062
2022-02-08,142.11151123046875
2022-02-09,143.63412475585938
2022-02-10,145.24903869628906
2022-02-11,142.66519165039062
2022-02-14,138.09732055664062
2022-02-15,141.7885284423828
2022-02-16,149.58619689941406
2022-02-17,146.07957458496094
2022-02-18,143.44956970214844
2022-02-21,141.55784606933594
2022-02-22,140.0352020263672
2022-02-23,140.95799255371094
2022-02-24,129.88438415527344
2022-02-25,134.3599853515625
2022-02-28,134.03700256347656
2022-03-02,132.42208862304688
2022-03-03,131.1301727294922
2022-03-04,127.8080825805664
2022-03-07,120.5179443359375
2022-03-08,123.7016143798828
2022-03-09,130.16122436523438
2022-03-10,133.0218963623047
2022-03-11,133.94471740722656
2022-03-14,135.74417114257812
2022-03-15,137.12838745117188
2022-03-16,141.004150390625
2022-03-17,145.80271911621094
2022-03-21,145.15675354003906
2022-03-22,148.01742553710938
2022-03-23,146.63323974609375
2022-03-24,145.11062622070312
2022-03-25,145.98728942871094
2022-03-28,145.84886169433594
2022-03-29,145.98728942871094
2022-03-30,145.98728942871094
2022-03-31,146.86395263671875
2022-04-01,152.67759704589844
2022-04-04,155.12301635742188
2022-04-05,157.29159545898438
2022-04-06,155.67669677734375
2022-04-07,156.69180297851562
2022-04-08,161.53648376464844
2022-04-11,162.13629150390625
2022-04-12,166.1505126953125
2022-04-13,167.90382385253906
2022-04-18,163.8896484375
2022-04-19,165.41226196289062
2022-04-20,162.5515899658203
2022-04-21,165.8275146484375
2022-04-22,162.96685791015625
2022-04-25,162.5054473876953
2022-04-26,168.91891479492188
2022-04-27,171.17977905273438
2022-04-28,168.04226684570312
2022-04-29,169.01116943359375
2022-05-02,167.94998168945312
2022-05-04,166.33506774902344
2022-05-05,164.76629638671875
2022-05-06,162.0901641845703
2022-05-09,161.1673583984375
2022-05-10,158.12213134765625
2022-05-11,157.29159545898438
2022-05-12,151.01654052734375
2022-05-13,153.2774200439453
2022-05-16,156.69180297851562
2022-05-17,161.62875366210938
2022-05-18,160.33685302734375
2022-05-19,157.01475524902344
2022-05-20,157.19932556152344
2022-05-23,158.58352661132812
2022-05-24,153.2774200439453
2022-05-25,150.37057495117188
2022-05-26,159.9677276611328
2022-05-27,158.3066864013672
2022-05-30,165.27383422851562
2022-05-31,164.5355987548828
2022-06-01,166.65805053710938
2022-06-02,171.04136657714844
2022-06-03,172.0564422607422
2022-06-06,172.14871215820312
2022-06-07,169.6110076904297
2022-06-08,171.96417236328125
2022-06-09,172.61012268066406
2022-06-10,169.98013305664062
2022-06-13,159.50634765625
2022-06-14,159.69088745117188
2022-06-15,163.84352111816406
2022-06-16,158.07598876953125
2022-06-17,158.07598876953125
2022-06-20,153.13900756835938
2022-06-21,158.5373992919922
2022-06-22,156.1842498779297
2022-06-23,160.6598358154297
2022-06-24,163.705078125
2022-06-27,164.16647338867188
2022-06-28,166.33506774902344
2022-06-29,164.5817413330078
2022-06-30,161.85946655273438
2022-07-01,164.8585662841797
2022-07-04,165.04315185546875
2022-07-05,168.503662109375
2022-07-06,175.65536499023438
2022-07-07,174.91712951660156
2022-07-08,182.57638549804688
2022-07-11,185.5754852294922
2022-07-12,188.2977600097656
2022-07-13,187.0519561767578
2022-07-14,181.1460418701172
2022-07-15,183.4530334472656
2022-07-18,188.25161743164065
2022-07-19,191.3891448974609
2022-07-20,191.67335510253903
2022-07-21,196.27276611328125
2022-07-22,198.10313415527344
2022-07-25,195.3810272216797
2022-07-26,193.7383728027344
2022-07-27,186.60459899902344
2022-07-28,185.10275268554688
2022-07-29,175.2468719482422
2022-08-01,178.1097869873047
2022-08-02,179.00149536132812
2022-08-03,178.3444366455078
2022-08-04,182.8969268798828
2022-08-05,183.50704956054688
2022-08-08,184.0702362060547
2022-08-10,184.82115173339844
2022-08-11,185.47821044921875
2022-08-12,184.8680877685547
2022-08-16,185.6190185546875
2022-08-17,187.0739288330078
2022-08-18,189.84295654296875
2022-08-19,182.47450256347656
2022-08-22,179.00149536132812
2022-08-23,183.2723693847656
2022-08-24,184.5865020751953
2022-08-25,186.4168701171875
2022-08-26,193.78530883789065
2022-08-29,187.35552978515625
2022-08-30,192.9874725341797
2022-09-01,194.1607666015625
2022-09-02,196.27276611328125
2022-09-05,201.71694946289065
2022-09-06,206.3163604736328
2022-09-07,208.6629943847656
2022-09-08,207.348876953125
2022-09-09,210.8688201904297
2022-09-12,211.6197509765625
2022-09-13,211.9952087402344
2022-09-14,215.4682464599609
2022-09-15,215.7967529296875
2022-09-16,212.2298889160156
2022-09-19,209.6955108642578
2022-09-20,213.40321350097656
2022-09-21,210.0240478515625
2022-09-22,209.97711181640625
2022-09-23,182.47450256347656
2022-09-26,172.00851440429688
2022-09-27,171.7738494873047
2022-09-28,166.79898071289062
2022-09-29,170.64747619628906
2022-09-30,173.88583374023438
2022-10-03,168.72320556640625
2022-10-04,188.1064453125
2022-10-06,187.9656524658203
2022-10-07,188.5288543701172
2022-10-10,191.81414794921875
2022-10-11,187.4024658203125
2022-10-12,194.3485107421875
2022-10-13,193.456787109375
2022-10-14,195.0994415283203
2022-10-17,198.4785919189453
2022-10-18,199.83963012695312
2022-10-19,202.2332000732422
2022-10-20,199.22950744628903
2022-10-21,193.5037078857422
2022-10-24,191.81414794921875
2022-10-25,191.72027587890625
2022-10-27,194.7239685058593
2022-10-28,193.1752014160156
2022-10-31,189.60829162597656
2022-11-01,185.9944763183593
2022-11-02,181.72360229492188
2022-11-03,206.41021728515625
2022-11-04,204.7206420898437
2022-11-07,205.56544494628903
2022-11-09,207.4427490234375
2022-11-10,206.7856903076172
2022-11-11,208.2406005859375
2022-11-14,202.46788024902344
2022-11-15,199.98043823242188
2022-11-16,195.427963256836
2022-11-17,191.4386749267578
2022-11-18,189.98374938964844
2022-11-21,190.6877593994141
2022-11-22,191.6264038085937
2022-11-23,194.20770263671875
2022-11-24,195.80343627929688
2022-11-25,199.6049652099609
2022-11-28,201.4353485107422
2022-11-29,201.1068115234375
2022-11-30,201.81082153320312
2022-12-01,206.7856903076172
2022-12-02,214.9519805908203
2022-12-05,226.35662841796875
2022-12-06,224.9955902099609
2022-12-07,225.1363983154297
2022-12-08,225.2771759033203
2022-12-09,215.9844970703125
2022-12-12,215.890625
2022-12-13,219.4105987548828
2022-12-14,222.60202026367188
2022-12-15,224.0569305419922
2022-12-16,219.55137634277344
2022-12-19,221.5695037841797
2022-12-20,219.69219970703125
2022-12-21,212.84002685546875
2022-12-22,213.8725433349609
2022-12-23,207.20806884765625
2022-12-26,213.8725433349609
2022-12-27,215.0458526611328
2022-12-28,217.5332946777344
2022-12-29,215.0927734375
2022-12-30,220.20846557617188
2023-01-02,226.2627716064453
2023-01-03,219.8799285888672
2023-01-04,219.7391357421875
2023-01-05,221.28790283203125
2023-01-06,219.45751953125
2023-01-09,222.414291381836
2023-01-10,220.3023223876953
2023-01-11,221.8980255126953
2023-01-12,218.56581115722656
2023-01-13,220.630859375
2023-01-16,217.8148956298828
2023-01-17,215.890625
2023-01-18,217.90875244140625
2023-01-19,220.3023223876953
2023-01-20,220.1145935058593
2023-01-23,221.85110473632807
2023-01-24,219.7391357421875
2023-01-25,215.5621032714844
2023-01-27,211.66668701171875
2023-01-30,211.713607788086
2023-01-31,218.4719390869141
2023-02-01,219.5044708251953
2023-02-02,223.212142944336
2023-02-03,228.6563415527344
2023-02-06,245.78680419921875
2023-02-07,251.04327392578125
2023-02-08,252.54510498046875
2023-02-09,253.81228637695312
2023-02-10,248.7904815673828
2023-02-13,244.7542724609375
2023-02-14,246.0214691162109
2023-02-15,246.7723846435547
2023-02-16,250.6208648681641
2023-02-17,246.16226196289065
2023-02-20,244.3318634033203
2023-02-21,240.38954162597656
2023-02-22,239.5916748046875
2023-02-23,239.873275756836
2023-02-24,241.0935211181641
2023-02-27,236.49411010742188
2023-02-28,236.3533172607422
2023-03-01,239.45089721679688
2023-03-02,237.05731201171875
2023-03-03,238.3714294433593
2023-03-06,240.48341369628903
2023-03-08,238.32449340820312
2023-03-09,235.46160888671875
2023-03-10,230.01739501953125
2023-03-13,223.86920166015625
2023-03-14,228.18702697753903
2023-03-15,227.10757446289065
2023-03-16,227.29530334472656
2023-03-17,221.3348388671875
2023-03-20,211.66668701171875
2023-03-21,215.4682464599609
2023-03-22,216.31304931640625
2023-03-23,213.7317352294922
2023-03-24,206.97341918945312
2023-03-27,204.7675628662109
2023-03-28,207.8181915283203
2023-03-29,212.79307556152344
2023-03-31,217.43942260742188
2023-04-03,223.3998870849609
2023-04-05,224.807861328125
2023-04-06,236.6818389892578
2023-04-10,235.508529663086
2023-04-11,235.9778594970703
2023-04-12,239.497802734375
2023-04-13,243.48709106445312
2023-04-17,244.660400390625
2023-04-18,243.76870727539065
2023-04-19,244.9889373779297
2023-04-20,244.9420166015625
2023-04-21,241.5628662109375
2023-04-24,239.497802734375
2023-04-25,235.6493225097656
2023-04-26,235.74317932128903
2023-04-27,241.0935211181641
2023-04-28,243.11163330078125
2023-05-02,249.9638061523437
2023-05-03,254.8448028564453
2023-05-04,270.6611633300781
2023-05-05,268.8307800292969
2023-05-08,276.1053466796875
2023-05-09,270.9896850585937
2023-05-10,268.31451416015625
2023-05-11,268.0329284667969
2023-05-12,264.512939453125
2023-05-15,266.2025451660156
2023-05-16,266.4841613769531
2023-05-17,267.5635681152344
2023-05-18,267.61053466796875
2023-05-19,264.512939453125
2023-05-22,265.7801513671875
2023-05-23,268.12677001953125
2023-05-24,266.2025451660156
2023-05-25,265.7801513671875
2023-05-26,262.87030029296875
2023-05-29,268.9715576171875
2023-05-30,268.5960998535156
2023-05-31,266.859619140625
2023-06-01,276.011474609375
2023-06-02,279.8130798339844
2023-06-05,282.5351257324219
2023-06-06,276.1522827148437
2023-06-07,273.7586975097656
2023-06-08,267.4697570800781
2023-06-09,266.0148010253906
2023-06-12,272.3038024902344
2023-06-13,278.9682312011719
2023-06-14,276.9031982421875
2023-06-15,276.0584411621094
2023-06-16,286.28973388671875
2023-06-19,296.8496398925781
2023-06-20,300.6511535644531
2023-06-21,305.8607177734375
2023-06-22,293.658203125
2023-06-23,286.94683837890625
2023-06-26,289.8097229003906
2023-06-27,297.88214111328125
2023-06-28,306.4239196777344
2023-06-30,315.8104553222656
2023-07-03,322.6626281738281
2023-07-04,321.9586486816406
2023-07-05,322.1463928222656
2023-07-06,320.034423828125
2023-07-07,308.6297607421875
2023-07-10,308.34814453125
2023-07-11,305.9076232910156
2023-07-12,304.4057922363281
2023-07-13,300.7450561523437
2023-07-14,296.9434814453125
2023-07-17,300.1348876953125
2023-07-18,297.36590576171875
2023-07-19,300.2287902832031
2023-07-20,301.63677978515625
2023-07-21,298.8049621582031
2023-07-24,307.12237548828125
2023-07-25,301.8642578125
2023-07-26,305.9751281738281
2023-07-27,298.2313842773437
2023-07-28,286.4244689941406
2023-07-31,284.3690490722656
2023-08-01,282.8393859863281
2023-08-02,280.49713134765625
2023-08-03,273.18359375
2023-08-04,277.3900756835937
2023-08-07,282.5525817871094
2023-08-08,278.6329040527344
2023-08-09,276.09942626953125
2023-08-10,272.70556640625
2023-08-11,270.602294921875
2023-08-14,268.5468444824219
2023-08-16,265.2007751464844
2023-08-17,267.2084350585937
2023-08-18,262.9541320800781
2023-08-21,265.2485656738281
2023-08-22,275.9560241699219
2023-08-23,284.9426574707031
2023-08-24,290.67877197265625
2023-08-25,281.30975341796875
2023-08-28,279.82794189453125
2023-08-29,280.2581481933594
2023-08-30,284.4646301269531
2023-08-31,284.5602111816406
2023-09-01,285.9942626953125
2023-09-04,282.7438049316406
2023-09-05,279.7801208496094
2023-09-06,281.4053955078125
2023-09-07,286.7112731933594
2023-09-08,288.3843078613281
2023-09-11,289.53155517578125
2023-09-12,280.2581481933594
2023-09-13,284.70361328125
2023-09-14,286.9503173828125
2023-09-15,287.7151184082031
2023-09-18,288.1931457519531
2023-09-20,295.8891296386719
2023-09-21,287.7629089355469
2023-09-22,289.2447204589844
2023-09-25,286.9024963378906
2023-09-26,283.9866027832031
2023-09-27,284.9426574707031
2023-09-28,279.0631103515625
2023-09-29,288.0975036621094
2023-10-03,287.7629089355469
2023-10-04,275.43023681640625
2023-10-05,273.5181884765625
2023-10-06,276.1950378417969
2023-10-09,273.08795166015625
2023-10-10,277.3900756835937
2023-10-11,277.7724609375
2023-10-12,274.2351989746094
2023-10-13,274.5220031738281
2023-10-16,272.7533569335937
2023-10-17,272.3231506347656
2023-10-18,268.97705078125
2023-10-19,269.9808654785156
2023-10-20,265.6310119628906
2023-10-23,260.8030700683594
2023-10-25,261.56787109375
2023-10-26,257.9349975585937
2023-10-27,265.10516357421875
2023-10-30,234.70364379882807
2023-10-31,234.5602569580078
2023-11-01,236.0420684814453
2023-11-02,239.91395568847656
2023-11-03,246.8929443359375
2023-11-06,251.14724731445312
2023-11-07,252.3422698974609
2023-11-08,255.3059234619141
2023-11-09,259.9426574707031
2023-11-10,259.6080322265625
2023-11-13,260.1338806152344
2023-11-15,264.2447509765625
2023-11-16,263.3365478515625
2023-11-17,261.7590637207031
2023-11-20,263.3365478515625
2023-11-21,263.0497131347656
2023-11-22,262.4761047363281
2023-11-23,260.181640625
2023-11-24,252.29446411132807
2023-11-28,258.5564270019531
2023-11-29,262.52392578125
2023-11-30,262.2370910644531
2023-12-01,261.6156921386719
2023-12-04,265.48760986328125
2023-12-05,258.2218017578125
2023-12-06,260.61187744140625
2023-12-07,262.0936889648437
2023-12-08,261.2332763671875
2023-12-11,258.8432312011719
2023-12-12,258.8909912109375
2023-12-13,259.7514343261719
2023-12-14,276.625244140625
2023-12-15,274.091796875
2023-12-18,269.694091796875
2023-12-19,267.5908203125
2023-12-20,256.9789733886719
2023-12-21,258.03057861328125
2023-12-22,255.6405334472656
2023-12-26,258.6998291015625
2023-12-27,264.6271667480469
2023-12-28,261.2332763671875
2023-12-29,264.5315856933594
2024-01-01,263.0975341796875
2024-01-02,262.6195373535156
2024-01-03,263.5277404785156
2024-01-04,265.7743835449219
2024-01-05,264.8661499023437
2024-01-08,263.4799499511719
2024-01-09,261.9503173828125
2024-01-10,257.36138916015625
2024-01-11,265.43975830078125
2024-01-12,267.7342224121094
2024-01-15,269.6462707519531
2024-01-16,269.74188232421875
2024-01-17,267.0650329589844
2024-01-18,265.5831604003906
2024-01-19,269.9330749511719
2024-01-23,258.6520080566406
2024-01-24,260.5640563964844
2024-01-25,258.2696228027344
2024-01-29,266.3480224609375
2024-01-30,267.2561950683594
2024-01-31,276.4818420410156
2024-02-01,272.0363464355469
2024-02-02,274.8088073730469
2024-02-05,274.091796875
2024-02-06,278.9197082519531
2024-02-07,283.74761962890625
2024-02-08,279.0152893066406
2024-02-09,276.1472473144531
2024-02-12,268.2122497558594
2024-02-13,273.9483642578125
2024-02-14,276.2906494140625
2024-02-15,273.8528137207031
2024-02-16,276.7686462402344
2024-02-19,275.9560241699219
2024-02-20,277.3900756835937
2024-02-21,276.2906494140625
2024-02-22,277.8680725097656
2024-02-23,280.06695556640625
2024-02-26,277.96368408203125
2024-02-27,276.2906494140625
2024-02-28,269.0726928710937
2024-02-29,270.9368896484375
2024-03-01,275.0956115722656
2024-03-04,274.85662841796875
2024-03-05,278.011474609375
2024-03-06,271.7017517089844
2024-03-07,274.3307800292969
2024-03-11,273.4703674316406
2024-03-12,269.0726928710937
2024-03-13,252.77247619628903
2024-03-14,255.1625213623047
2024-03-15,250.1434020996093
2024-03-18,249.28298950195312
2024-03-19,247.22755432128903
2024-03-20,249.7610015869141
2024-03-21,256.4053955078125
2024-03-22,261.56787109375
2024-03-26,261.8069152832031
2024-03-27,262.3805236816406
2024-03-28,266.5391845703125
2024-04-01,274.3307800292969
2024-04-02,283.03057861328125
2024-04-03,282.4092102050781
2024-04-04,281.1663513183594
2024-04-05,285.37286376953125
2024-04-08,285.7552795410156
2024-04-09,286.3766784667969
2024-04-10,288.8145446777344
2024-04-12,290.10516357421875
2024-04-15,278.011474609375
2024-04-16,275.3345947265625
2024-04-18,278.2983093261719
2024-04-19,270.6979064941406
2024-04-22,266.5870056152344
2024-04-23,251.8642578125
2024-04-24,246.60614013671875
2024-04-25,246.4149169921875
2024-04-26,247.2753295898437
2024-04-29,250.00001525878903
2024-04-30,249.6654052734375
2024-05-02,253.059310913086
2024-05-03,255.35372924804688
2024-05-06,248.4703521728516
2024-05-07,245.602294921875
2024-05-08,243.64247131347656
2024-05-09,241.8260040283203
2024-05-10,239.53155517578125
2024-05-13,252.15106201171875
2024-05-14,252.15106201171875
2024-05-15,255.1625213623047
2024-05-16,254.9235382080078
2024-05-17,252.19883728027344
2024-05-21,251.81643676757807
2024-05-22,254.3498992919922
2024-05-23,257.21795654296875
2024-05-24,259.4646301269531
2024-05-27,257.4092102050781
2024-05-28,257.8871765136719
2024-05-29,256.6443786621094
2024-05-30,251.57745361328125
2024-05-31,255.83175659179688
2024-06-03,261.28106689453125
2024-06-04,248.0879669189453
2024-06-05,262.2370910644531
2024-06-06,265.91778564453125
2024-06-07,270.0287170410156
2024-06-10,271.5583190917969
2024-06-11,277.9158935546875
2024-06-12,277.3900756835937
2024-06-13,280.40155029296875
2024-06-14,285.8031005859375
2024-06-18,294.1683044433594
2024-06-19,292.9732666015625
2024-06-20,293.6424560546875
2024-06-21,292.5908203125
2024-06-24,291.9216003417969
2024-06-25,292.5908203125
2024-06-26,294.5506896972656
2024-06-27,287.42828369140625
2024-06-28,287.3804931640625
2024-07-01,293.1166381835937
2024-07-02,289.149169921875
2024-07-03,290.057373046875
2024-07-04,285.0860595703125
2024-07-05,287.284912109375
2024-07-08,289.4837646484375
2024-07-09,288.9579467773437
2024-07-10,285.9465026855469
2024-07-11,287.90631103515625
2024-07-12,285.0860595703125
2024-07-15,289.7227478027344
2024-07-16,290.0933837890625
2024-07-18,288.0443115234375
2024-07-19,283.2142944335937
2024-07-22,285.3121643066406
2024-07-23,288.6785583496094
2024-07-24,291.45947265625
2024-07-25,282.8240051269531
2024-07-26,286.5318908691406
2024-07-29,295.8016052246094
2024-07-30,296.6310119628906
2024-07-31,295.899169921875
2024-08-01,299.0216369628906
2024-08-02,298.0458679199219
2024-08-05,285.5073547363281
2024-08-06,286.04400634765625
2024-08-07,296.4358215332031
2024-08-08,288.7273254394531
2024-08-09,292.8255310058594
2024-08-12,291.5082702636719
2024-08-13,282.9703674316406
2024-08-14,280.9212646484375
2024-08-16,288.6785583496094
2024-08-19,289.2152099609375
2024-08-20,296.2894897460937
2024-08-21,300.29010009765625
2024-08-22,306.09588623046875
2024-08-23,297.60675048828125
2024-08-26,307.70587158203125
2024-08-27,312.5846862792969
2024-08-28,307.6083068847656
2024-08-29,305.8031311035156
2024-08-30,306.7301330566406
2024-09-02,314.38983154296875
2024-09-03,317.21954345703125
2024-09-04,316.5852966308594
2024-09-05,321.1225891113281
2024-09-06,319.2686462402344
2024-09-09,316.6340637207031
2024-09-10,317.7561950683594
2024-09-11,314.5849609375
2024-09-12,323.4156188964844
2024-09-13,324.8792724609375
2024-09-16,322.9765014648437
2024-09-17,319.658935546875
2024-09-18,319.56134033203125
2024-09-19,315.8046875
2024-09-20,312.9749755859375
2024-09-23,323.9522705078125
2024-09-24,320.6347045898437
2024-09-25,324.0986328125
2024-09-26,332.2462463378906
2024-09-27,325.4159240722656
2024-09-30,330.1483459472656
2024-10-01,322.09832763671875
2024-10-03,314.4386291503906
2024-10-04,293.16705322265625
2024-10-07,284.87310791015625
2024-10-08,281.89703369140625
2024-10-09,278.8233947753906
2024-10-10,277.5549011230469
2024-10-11,277.1645812988281
2024-10-14,276.38397216796875
2024-10-15,279.4576110839844
2024-10-16,282.9703674316406
2024-10-17,275.3106384277344
2024-10-18,283.94610595703125
2024-10-21,282.1409606933594
2024-10-22,274.82275390625
2024-10-23,261.0645446777344
2024-10-24,262.3818359375
2024-10-25,261.7475891113281
2024-10-28,266.4800109863281
2024-10-29,272.1394348144531
2024-10-30,267.5045471191406
2024-10-31,264.0406188964844
2024-11-01,266.7727355957031
2024-11-04,267.06549072265625
2024-11-05,270.1878967285156
2024-11-06,270.5294189453125
2024-11-07,265.9433288574219
2024-11-08,269.4560852050781
2024-11-11,263.0648803710937
2024-11-12,258.9666748046875
2024-11-13,251.989990234375
2024-11-14,250.6239318847656
2024-11-18,251.9412078857422
2024-11-19,253.5023956298828
2024-11-21,250.03846740722656
2024-11-22,257.4054260253906
2024-11-25,266.0409240722656
2024-11-26,263.7478942871094
2024-11-27,265.7481994628906
2024-11-28,265.4066772460937
2024-11-29,266.7727355957031
2024-12-02,270.67578125
2024-12-03,278.38427734375
2024-12-04,278.4330749511719
2024-12-05,279.3112487792969
2024-12-06,271.26123046875
2024-12-09,272.38336181640625
2024-12-10,277.6524658203125
2024-12-11,276.1888122558594
2024-12-12,273.1151733398437
2024-12-13,268.09002685546875
2024-12-16,270.0415344238281
2024-12-17,262.96728515625
2024-12-18,262.7721252441406
2024-12-19,265.4554443359375
2024-12-20,259.60089111328125
2024-12-23,258.72271728515625
2024-12-24,257.6493835449219
2024-12-26,259.1618347167969
2024-12-27,260.52789306640625
2024-12-30,257.6981811523437
2024-12-31,258.527587890625
2025-01-01,259.1130065917969
2025-01-02,269.0169982910156
2025-01-03,269.74884033203125
2025-01-06,264.430908203125
2025-01-07,270.4318542480469
2025-01-08,271.9930725097656
2025-01-09,272.96881103515625
2025-01-10,268.87060546875
2025-01-13,256.82000732421875
2025-01-14,260.3327331542969
2025-01-15,261.3572998046875
2025-01-16,263.3088073730469
2025-01-17,262.0403137207031
2025-01-20,261.162109375
2025-01-21,258.8203125
2025-01-22,259.40576171875
2025-01-23,268.7730712890625
2025-01-24,261.55242919921875
2025-01-27,253.45362854003903
2025-01-28,265.4066772460937
2025-01-29,263.4551696777344
2025-01-30,269.9439697265625
2025-01-31,278.04278564453125
2025-02-01,276.38397216796875
2025-02-03,284.7755126953125
2025-02-04,290.5812683105469
2025-02-05,291.2155456542969
2025-02-06,289.8494567871094
2025-02-07,290.4837341308594
2025-02-10,289.1664428710937
2025-02-11,274.7251892089844
2025-02-12,269.3584899902344
2025-02-13,275.749755859375
2025-02-14,264.67486572265625
2025-02-17,270.1391296386719
2025-02-18,266.1872863769531
2025-02-19,271.65155029296875
2025-02-20,273.7006530761719
2025-02-21,263.8942565917969
2025-02-24,264.7724304199219
2025-02-25,264.430908203125
2025-02-27,275.06671142578125
2025-02-28,264.0406188964844
2025-03-03,263.845458984375
2025-03-04,260.0887756347656
2025-03-05,269.3097229003906
2025-03-06,272.3345947265625
2025-03-07,267.992431640625
2025-03-10,265.55303955078125
2025-03-11,262.089111328125
2025-03-12,263.6990966796875
2025-03-13,264.7724304199219
2025-03-17,268.5779113769531
2025-03-18,268.5779113769531
2025-03-19,280.189453125
2025-03-20,280.67730712890625
2025-03-21,284.2876281738281
2025-03-24,285.9952087402344
2025-03-25,282.18975830078125
2025-03-26,280.2382507324219
2025-03-27,283.06793212890625
2025-03-28,276.1400451660156
2025-04-01,269.6512451171875
2025-04-02,262.13787841796875
2025-04-03,258.7715148925781
2025-04-04,255.9418029785156
2025-04-07,246.5745086669922
2025-04-08,252.52664184570312
2025-04-09,251.35574340820312
2025-04-11,256.722412109375
2025-04-15,261.55242919921875
2025-04-16,266.0409240722656
2025-04-17,268.82183837890625
2025-04-21,269.11456298828125
2025-04-22,270.4318542480469
2025-04-23,263.3575744628906
2025-04-24,262.089111328125
2025-04-25,258.1860656738281
2025-04-28,255.2587890625
2025-04-29,254.96603393554688
2025-04-30,255.69786071777344
2025-05-02,254.81968688964844
2025-05-05,251.1179656982422
2025-05-06,245.37405395507807
2025-05-07,247.79502868652344
2025-05-08,241.9561767578125
2025-05-09,231.8924865722656
2025-05-12,243.85499572753903
2025-05-13,243.33282470703125
2025-05-14,253.3560485839844
2025-05-15,258.9178771972656
2025-05-16,260.4790954589844
2025-05-19,258.4787902832031
2025-05-20,251.4533233642578
2025-05-21,253.9414978027344
2025-05-22,249.89210510253903
2025-05-23,249.89210510253903
2025-05-26,250.28240966796875
2025-05-27,251.9412078857422
2025-05-28,256.4296875
2025-05-29,256.722412109375
2025-05-30,254.7709045410156
2025-06-02,253.5512084960937
2025-06-03,257.6006164550781
2025-06-04,255.9906005859375
2025-06-05,256.2833251953125
2025-06-06,268.87060546875
2025-06-09,276.7742919921875
2025-06-10,274.3348693847656
2025-06-11,274.1885070800781
2025-06-12,267.6021423339844
2025-06-13,263.94305419921875
2025-06-16,266.7727355957031
2025-06-17,262.7721252441406
2025-06-18,259.8936462402344
2025-06-19,254.6733245849609
2025-06-20,256.23455810546875
2025-06-23,254.81968688964844
2025-06-24,262.4794006347656
2025-06-25,259.9424133300781
2025-06-26,262.4794006347656
2025-06-27,266.13848876953125
2025-06-30,263.4063720703125
2025-07-01,260.6742553710937
2025-07-02,255.4051513671875
2025-07-03,260.0400085449219
2025-07-04,259.9912414550781
2025-07-07,261.6012268066406
2025-07-08,263.3088073730469
2025-07-09,263.7478942871094
2025-07-10,261.11334228515625
2025-07-11,259.3569641113281
2025-07-14,261.6499938964844
2025-07-15,265.8500061035156
2025-07-16,264.1499938964844
2025-07-17,261.6499938964844
2025-07-18,259.8500061035156
2025-07-21,262.8500061035156
2025-07-22,265.54998779296875
2025-07-23,259.20001220703125
2025-07-24,259.1499938964844
2025-07-25,253.3999938964844
2025-07-28,249.0500030517578
2025-07-29,251.9499969482422
2025-07-30,257.6499938964844
2025-07-31,257.5
2025-08-01,258.5
2025-08-04,258.45001220703125
2025-08-05,256.45001220703125
2025-08-06,253.3500061035156
2025-08-07,253.6000061035156
2025-08-08,252.5
2025-08-11,254.9499969482422
2025-08-12,256.95001220703125
2025-08-13,258.8500061035156
2025-08-14,255.1000061035156
2025-08-18,266.3999938964844
2025-08-19,263.0
2025-08-20,267.25
2025-08-21,260.75
2025-08-22,263.0
2025-08-25,266.04998779296875
2025-08-26,260.5
2025-08-28,259.1000061035156
2025-08-29,253.9499969482422
2025-09-01,257.5
2025-09-02,260.70001220703125
2025-09-03,259.70001220703125
2025-09-04,262.8999938964844
2025-09-05,269.29998779296875
2025-09-08,269.29998779296875
2025-09-09,268.95001220703125
2025-09-10,269.25
2025-09-11,271.5
2025-09-12,271.3500061035156
2025-09-15,270.1000061035156
2025-09-16,278.54998779296875
2025-09-17,282.0
2025-09-18,285.95001220703125
2025-09-19,289.54998779296875
2025-09-22,290.25
2025-09-23,282.79998779296875
2025-09-24,282.1499938964844
2025-09-25,279.6000061035156
2025-09-26,279.75
2025-09-29,272.95001220703125
2025-09-30,275.29998779296875
2025-10-01,273.3999938964844
2025-10-03,275.75
2025-10-06,284.1499938964844
2025-10-07,282.5
2025-10-08,277.1499938964844
2025-10-09,281.3500061035156
2025-10-10,282.1000061035156
2025-10-13,284.29998779296875
2025-10-14,287.45001220703125
2025-10-15,293.8500061035156
2025-10-16,293.29998779296875
2025-10-17,300.1000061035156
2025-10-20,296.8500061035156
2025-10-21,300.25
2025-10-23,298.20001220703125
2025-10-24,298.1499938964844
2025-10-27,299.1000061035156
2025-10-28,299.8999938964844
2025-10-29,317.45001220703125
2025-10-30,315.70001220703125
2025-10-31,315.54998779296875
2025-11-03,318.6000061035156
2025-11-04,318.6000061035156
2025-11-06,311.8999938964844
2025-11-07,313.25
2025-11-10,313.5
2025-11-11,317.75
2025-11-12,309.3500061035156
2025-11-13,309.8500061035156
2025-11-14,308.6499938964844
2025-11-17,314.20001220703125
2025-11-18,322.8999938964844
2025-11-19,329.8500061035156
2025-11-20,346.6000061035156
2025-11-21,342.54998779296875
2025-11-24,357.54998779296875
2025-11-25,360.3500061035156
2025-11-26,349.8500061035156
2025-11-27,363.6499938964844
2025-11-28,371.8500061035156
2025-12-01,367.8999938964844
2025-12-02,365.0
2025-12-03,355.5
2025-12-04,347.0
2025-12-05,367.5499877929688
2025-12-08,351.3999938964844
2025-12-09,353.3999938964844
2025-12-10,347.1499938964844
2025-12-11,340.29998779296875
2025-12-12,346.1000061035156
2025-12-15,348.29998779296875
2025-12-16,341.6000061035156
2025-12-17,351.70001220703125
2025-12-18,365.1499938964844
2025-12-19,376.6000061035156
2025-12-22,394.2999877929688
2025-12-23,386.2000122070313
2025-12-24,389.6499938964844
2025-12-26,394.1499938964844
2025-12-29,386.3999938964844
2025-12-30,404.3999938964844
2025-12-31,403.0
2026-01-01,404.1499938964844
2026-01-02,402.9500122070313
2026-01-05,384.2000122070313
2026-01-06,374.3500061035156
2026-01-07,360.0
2026-01-08,355.04998779296875
2026-01-09,348.5
2026-01-12,353.54998779296875
2026-01-13,362.7999877929688
2026-01-14,354.95001220703125
2026-01-15,354.95001220703125
2026-01-16,356.1499938964844
2026-01-19,360.6000061035156
2026-01-20,351.8999938964844
2026-01-21,349.6499938964844
2026-01-22,360.4500122070313
2026-01-23,360.6499938964844
2026-01-27,364.1000061035156
2026-01-28,370.1499938964844
2026-01-29,374.25
2026-01-30,375.5499877929688
2026-02-02,353.6000061035156
2026-02-03,362.4500122070313
2026-02-04,370.0
2026-02-05,375.2999877929688
2026-02-06,380.4500122070313
2026-02-09,389.8999938964844
2026-02-10,392.7999877929688
2026-02-11,382.4500122070313
2026-02-12,379.0499877929688
2026-02-13,363.4500122070313
2026-02-16,369.5499877929688
2026-02-17,384.3999938964844
2026-02-18,384.5
2026-02-19,379.3999938964844
2026-02-20,374.1499938964844
2026-02-23,380.2000122070313
2026-02-24,364.6499938964844
2026-02-25,378.25
2026-02-26,386.6499938964844
2026-02-27,374.2999877929688
2026-03-02,366.0
2026-03-04,362.2000122070313
2026-03-05,364.75
2026-03-06,363.5
2026-03-09,347.8500061035156
2026-03-10,360.7000122070313
2026-03-11,353.04998779296875
2026-03-12,346.29998779296875
2026-03-13,330.20001220703125
2026-03-16,319.54998779296875
2026-03-17,319.79998779296875
2026-03-18,321.3999938964844
2026-03-19,311.5
2026-03-20,308.3500061035156
2026-03-23,293.04998779296875
2026-03-24,306.20001220703125
2026-03-25,315.79998779296875
2026-03-27,301.95001220703125
2026-03-30,286.1000061035156
2026-04-01,289.70001220703125
2026-04-02,285.1499938964844
2026-04-06,281.25
2026-04-07,277.5
2026-04-08,296.70001220703125
2026-04-09,296.1000061035156
2026-04-10,302.1000061035156
2026-04-13,296.8500061035156
2026-04-15,299.95001220703125
2026-04-16,297.29998779296875
2026-04-17,299.3500061035156
2026-04-20,303.6000061035156
2026-04-21,306.3500061035156
2026-04-22,300.25
2026-04-23,297.04998779296875
2026-04-24,294.3999938964844
2026-04-27,317.70001220703125
2026-04-28,312.6499938964844
2026-04-29,320.20001220703125
2026-04-30,310.70001220703125
2026-05-01,310.70001220703125
2026-05-04,303.79998779296875
2026-05-05,305.54998779296875
2026-05-06,327.3500061035156
2026-05-07,328.45001220703125
2026-05-08,339.1000061035156
2026-05-11,337.04998779296875
2026-05-12,326.95001220703125
2026-05-13,320.1000061035156
2026-05-14,320.8999938964844
2026-05-15,320.6499938964844
2026-05-18,317.25
2026-05-19,319.6499938964844
2026-05-20,309.0
2026-05-21,301.95001220703125
2026-05-22,299.54998779296875
2026-05-25,308.54998779296875
2026-05-26,305.1000061035156
2026-05-27,305.20001220703125
2026-05-28,305.20001220703125
2026-05-29,303.6499938964844
2026-06-01,295.1000061035156
2026-06-02,294.29998779296875
2026-06-03,290.54998779296875
2026-06-04,289.04998779296875
2026-06-05,289.8500061035156
2026-06-08,280.75
2026-06-09,285.0
2026-06-10,277.25
2026-06-11,275.70001220703125
2026-06-12,291.04998779296875
2026-06-15,297.8500061035156
2026-06-16,297.8500061035156
2026-06-17,297.5
2026-06-18,296.04998779296875
2026-06-19,294.1000061035156
2026-06-22,293.95001220703125
2026-06-23,291.25
2026-06-24,310.8500061035156
2026-06-25,328.54998779296875
2026-06-26,328.54998779296875
2026-06-29,315.3999938964844
2026-06-30,308.8511657714844
2026-07-01,315.1499938964844
2026-07-02,318.0
2026-07-03,326.6996154785156
2026-07-06,324.4991149902344
2026-07-07,324.8903503417969
2026-07-08,324.3524169921875
2026-07-09,329.3402099609375
2026-07-10,333.3500061035156
2026-07-13,332.70001220703125
2026-07-14,325.1000061035156
2026-07-15,324.95001220703125
2026-07-16,321.8500061035156
2026-07-17,324.20001220703125
2026-07-20,322.54998779296875
2026-07-21,349.8500061035156
2026-07-22,378.1499938964844
2026-07-23,370.3500061035156
2026-07-24,356.5
2026-07-27,363.0
