,close
2007-09-11,181.7086639404297
2007-09-12,179.6750030517578
2007-09-13,174.65599060058594
2007-09-14,181.85794067382807
2007-09-17,180.04812622070312
2007-09-18,178.7421112060547
2007-09-19,180.98101806640625
2007-09-20,183.0334014892578
2007-09-21,184.3860778808593
2007-09-24,195.90733337402344
2007-09-25,190.69241333007807
2007-09-26,186.0186309814453
2007-09-27,189.9368438720703
2007-09-28,204.3032989501953
2007-10-01,197.7731170654297
2007-10-03,204.1167449951172
2007-10-04,205.04962158203125
2007-10-05,206.16912841796875
2007-10-08,208.9491271972656
2007-10-09,208.22146606445312
2007-10-10,227.44839477539065
2007-10-11,231.34786987304688
2007-10-12,233.2229919433593
2007-10-15,231.8236389160156
2007-10-16,240.25701904296875
2007-10-17,223.03579711914065
2007-10-18,218.2967224121093
2007-10-19,207.1019897460937
2007-10-22,196.467041015625
2007-10-23,204.17274475097656
2007-10-24,207.5404510498047
2007-10-25,208.6879119873047
2007-10-26,222.40139770507807
2007-10-29,220.218505859375
2007-10-30,210.41378784179688
2007-10-31,204.592529296875
2007-11-01,209.46221923828125
2007-11-02,209.77012634277344
2007-11-05,225.7598571777344
2007-11-06,222.8772125244141
2007-11-07,235.238037109375
2007-11-08,240.6861267089844
2007-11-12,261.5828857421875
2007-11-13,260.3794860839844
2007-11-14,266.87237548828125
2007-11-15,320.2525329589844
2007-11-16,311.29669189453125
2007-11-19,308.4979858398437
2007-11-20,297.2193908691406
2007-11-21,278.3749389648437
2007-11-22,274.0463562011719
2007-11-23,300.42852783203125
2007-11-26,309.0298156738281
2007-11-27,308.8898010253906
2007-11-28,308.7220153808594
2007-11-29,314.2539978027344
2007-11-30,320.91485595703125
2007-12-03,325.77520751953125
2007-12-04,323.21905517578125
2007-12-05,334.6935729980469
2007-12-06,349.3587341308594
2007-12-07,342.9684143066406
2007-12-10,347.56756591796875
2007-12-11,353.2209777832031
2007-12-12,337.06317138671875
2007-12-13,330.2438659667969
2007-12-14,330.98077392578125
2007-12-17,320.1591796875
2007-12-18,319.98193359375
2007-12-19,308.7499694824219
2007-12-20,308.0502014160156
2007-12-24,319.1236572265625
2007-12-26,330.4583740234375
2007-12-27,329.7959289550781
2007-12-28,329.8798828125
2007-12-31,340.9160461425781
2008-01-01,342.7444763183594
2008-01-02,358.69696044921875
2008-01-03,393.1765441894531
2008-01-04,401.0875549316406
2008-01-07,383.1293029785156
2008-01-08,389.93017578125
2008-01-09,385.4150085449219
2008-01-10,363.2587585449219
2008-01-11,359.49920654296875
2008-01-14,359.12603759765625
2008-01-15,350.851318359375
2008-01-16,348.9109191894531
2008-01-17,344.72216796875
2008-01-18,328.20074462890625
2008-01-21,290.8104248046875
2008-01-22,235.55520629882807
2008-01-23,247.30960083007807
2008-01-24,275.02587890625
2008-01-25,270.0348815917969
2008-01-28,271.1076354980469
2008-01-29,264.1576538085937
2008-01-30,251.8808441162109
2008-01-31,249.1381378173828
2008-02-01,239.8185577392578
2008-02-04,238.3632049560547
2008-02-05,230.2190704345703
2008-02-06,219.21090698242188
2008-02-07,207.3072509765625
2008-02-08,196.64425659179688
2008-02-11,187.34336853027344
2008-02-12,172.14654541015625
2008-02-13,179.36715698242188
2008-02-14,181.34487915039065
2008-02-15,185.4122772216797
2008-02-18,195.3008728027344
2008-02-19,194.98374938964844
2008-02-20,184.8339080810547
2008-02-21,186.3451690673828
2008-02-22,181.8206481933593
2008-02-25,178.11703491210938
2008-02-26,182.4550018310547
2008-02-27,178.92868041992188
2008-02-28,178.7887420654297
2008-02-29,171.736083984375
2008-03-03,161.20372009277344
2008-03-04,152.126708984375
2008-03-05,147.79808044433594
2008-03-07,141.0066375732422
2008-03-10,130.29701232910156
2008-03-11,132.39598083496094
2008-03-12,128.51519775390625
2008-03-13,116.0704116821289
2008-03-14,118.6358642578125
2008-03-17,110.3517837524414
2008-03-18,111.14474487304688
2008-03-19,106.43363189697266
2008-03-24,103.08456420898438
2008-03-25,114.4098892211914
2008-03-26,117.2645263671875
2008-03-27,120.7628402709961
2008-03-28,128.7577362060547
2008-03-31,126.37885284423828
2008-04-01,119.82994842529295
2008-04-02,117.02194213867188
2008-04-03,114.52180480957033
2008-04-04,109.85735321044922
2008-04-07,104.05475616455078
2008-04-08,107.69303894042967
2008-04-09,112.80529022216795
2008-04-10,121.79837799072266
2008-04-11,122.48869323730467
2008-04-15,127.0785140991211
2008-04-16,140.9785919189453
2008-04-17,138.06800842285156
2008-04-21,140.6427764892578
2008-04-22,141.0626220703125
2008-04-23,138.26388549804688
2008-04-24,138.6837158203125
2008-04-25,141.40773010253906
2008-04-28,150.8392791748047
2008-04-29,146.24012756347656
2008-04-30,152.49050903320312
2008-05-02,155.7649383544922
2008-05-05,162.12725830078125
2008-05-06,156.43661499023438
2008-05-07,161.16639709472656
2008-05-08,158.7409210205078
2008-05-09,151.17514038085938
2008-05-12,142.20068359375
2008-05-13,145.57781982421875
2008-05-14,146.18495178222656
2008-05-15,153.0038299560547
2008-05-16,154.1994171142578
2008-05-20,155.98353576660156
2008-05-21,154.83460998535156
2008-05-22,152.33128356933594
2008-05-23,151.05154418945312
2008-05-26,144.70909118652344
2008-05-27,141.0568084716797
2008-05-28,145.57777404785156
2008-05-29,140.02928161621094
2008-05-30,139.89852905273438
2008-06-02,133.76158142089844
2008-06-03,132.78074645996094
2008-06-04,131.5290985107422
2008-06-05,135.36817932128906
2008-06-06,141.9068145751953
2008-06-09,132.9115447998047
2008-06-10,129.55813598632812
2008-06-11,130.12794494628906
2008-06-12,128.0168914794922
2008-06-13,125.26134490966795
2008-06-16,124.15911865234376
2008-06-17,124.82230377197266
2008-06-18,120.12385559082033
2008-06-19,120.61892700195312
2008-06-20,113.72535705566406
2008-06-23,119.5727310180664
2008-06-24,116.49958801269533
2008-06-25,112.3428955078125
2008-06-26,109.129638671875
2008-06-27,112.24949645996094
2008-06-30,112.07201385498048
2008-07-01,101.40470123291016
2008-07-02,103.95476531982422
2008-07-03,98.8359603881836
2008-07-04,101.19920349121094
2008-07-07,103.16081237792967
2008-07-08,103.6465301513672
2008-07-09,106.24330139160156
2008-07-10,101.27393341064452
2008-07-11,98.5557632446289
2008-07-14,93.25946807861328
2008-07-15,91.3726043701172
2008-07-16,87.33731842041016
2008-07-17,86.22575378417969
2008-07-18,84.52571105957031
2008-07-21,89.9527816772461
2008-07-22,90.326416015625
2008-07-23,94.98753356933594
2008-07-24,98.30354309082033
2008-07-25,98.07936096191406
2008-07-28,94.9501495361328
2008-07-29,92.80175018310548
2008-07-30,92.80175018310548
2008-07-31,92.89514923095705
2008-08-01,91.49401092529295
2008-08-04,94.343017578125
2008-08-05,95.13697814941406
2008-08-06,97.61231994628906
2008-08-07,98.40628814697266
2008-08-08,98.35956573486328
2008-08-11,106.06581115722656
2008-08-12,105.78560638427734
2008-08-13,106.1125030517578
2008-08-14,100.6480712890625
2008-08-18,99.66731262207033
2008-08-19,100.6948013305664
2008-08-20,110.31591033935548
2008-08-21,107.98070526123048
2008-08-22,105.64546966552734
2008-08-25,108.40103912353516
2008-08-26,111.53024291992188
2008-08-27,107.28013610839844
2008-08-28,103.170166015625
2008-08-29,107.79387664794922
2008-09-01,106.2993621826172
2008-09-02,107.46692657470705
2008-09-04,105.87899780273438
2008-09-05,103.35697174072266
2008-09-08,103.7772979736328
2008-09-09,102.7498016357422
2008-09-10,100.1810531616211
2008-09-11,98.3128890991211
2008-09-12,96.11775970458984
2008-09-15,91.54071807861328
2008-09-16,92.80175018310548
2008-09-17,89.67255401611328
2008-09-18,94.10948181152344
2008-09-19,94.343017578125
2008-09-22,96.58478546142578
2008-09-23,96.07106018066406
2008-09-24,99.57389831542967
2008-09-25,97.23865509033205
2008-09-26,91.9610595703125
2008-09-29,90.1863021850586
2008-09-30,94.71664428710938
2008-10-01,92.2413101196289
2008-10-03,86.8702621459961
2008-10-06,80.93882751464844
2008-10-07,84.44163513183594
2008-10-08,72.99906158447266
2008-10-10,71.45781707763672
2008-10-13,76.9222183227539
2008-10-14,71.92485046386719
2008-10-15,70.19679260253906
2008-10-16,67.30111694335938
2008-10-17,67.39453887939453
2008-10-20,64.07849884033203
2008-10-21,68.18850708007812
2008-10-22,65.57305145263672
2008-10-23,65.89997100830078
2008-10-24,60.20204162597656
2008-10-27,52.77602767944336
2008-10-29,60.71578979492188
2008-10-31,64.4521484375
2008-11-03,71.45781707763672
2008-11-04,70.00996398925781
2008-11-05,68.23521423339844
2008-11-06,62.397159576416016
2008-11-07,62.07021331787109
2008-11-10,66.36702728271484
2008-11-11,61.88338470458984
2008-11-12,60.99601745605469
2008-11-14,62.07021331787109
2008-11-17,61.22953796386719
2008-11-18,61.649864196777344
2008-11-19,60.71578979492188
2008-11-20,53.243072509765625
2008-11-21,51.42160034179688
2008-11-24,48.29239273071289
2008-11-25,48.89955520629883
2008-11-26,50.25399398803711
2008-11-27,50.25399398803711
2008-11-28,53.8502311706543
2008-12-01,51.70183944702149
2008-12-02,52.21558380126953
2008-12-03,54.17717361450195
2008-12-04,54.831031799316406
2008-12-05,57.960227966308594
2008-12-08,61.2762336730957
2008-12-10,62.864200592041016
2008-12-11,63.93839645385742
2008-12-12,62.724082946777344
2008-12-15,68.42204284667969
2008-12-16,70.80394744873047
2008-12-17,73.13916778564453
2008-12-18,78.32337188720703
2008-12-19,75.47439575195312
2008-12-22,72.20508575439453
2008-12-23,66.13350677490234
2008-12-24,63.47134399414063
2008-12-26,61.976810455322266
2008-12-29,64.07849884033203
2008-12-30,69.68305969238281
2008-12-31,70.85063171386719
2009-01-02,72.48529815673828
2009-01-05,74.21338653564453
2009-01-06,73.18589782714844
2009-01-07,67.44125366210938
2009-01-09,63.65818405151367
2009-01-12,61.976810455322266
2009-01-13,62.67738723754883
2009-01-14,63.7515869140625
2009-01-15,60.855899810791016
2009-01-16,58.61408233642578
2009-01-19,58.94101333618164
2009-01-20,58.894325256347656
2009-01-21,59.034427642822266
2009-01-22,57.58658981323242
2009-01-23,56.23217391967773
2009-01-27,56.3255729675293
2009-01-28,57.11956024169922
2009-01-29,57.026145935058594
2009-01-30,57.25965118408203
2009-02-02,56.13875579833984
2009-02-03,56.27886581420898
2009-02-04,54.31728363037109
2009-02-05,53.75682067871094
2009-02-06,55.951927185058594
2009-02-09,56.7926139831543
2009-02-10,57.913516998291016
2009-02-11,60.24874114990234
2009-02-12,58.33386993408203
2009-02-13,57.77340698242188
2009-02-16,59.267948150634766
2009-02-17,55.76512145996094
2009-02-18,54.64420700073242
2009-02-19,55.53160095214844
2009-02-20,54.831031799316406
2009-02-24,53.8502311706543
2009-02-25,54.03705978393555
2009-02-26,52.49580383300781
2009-02-27,53.009552001953125
2009-03-02,52.49580383300781
2009-03-03,51.655120849609375
2009-03-04,50.86115646362305
2009-03-05,52.82273483276367
2009-03-06,54.45739364624024
2009-03-09,50.6743278503418
2009-03-12,54.17717361450195
2009-03-13,56.46569061279297
2009-03-16,60.29546356201172
2009-03-17,62.630672454833984
2009-03-18,61.509761810302734
2009-03-19,64.49884796142578
2009-03-20,64.3587646484375
2009-03-23,66.46044158935547
2009-03-24,68.65554809570312
2009-03-25,71.69133758544922
2009-03-26,75.66120910644531
2009-03-27,73.74632263183594
2009-03-30,72.90564727783203
2009-03-31,71.64464569091797
2009-04-01,76.45520782470703
2009-04-02,76.36180114746094
2009-04-06,76.54861450195312
2009-04-08,82.10645294189453
2009-04-09,75.24087524414062
2009-04-13,77.29586029052734
2009-04-15,82.6668930053711
2009-04-16,78.4167709350586
2009-04-17,80.75202178955078
2009-04-20,81.49925231933594
2009-04-21,80.56517791748047
2009-04-22,79.1173324584961
2009-04-23,79.21075439453125
2009-04-24,84.58177185058594
2009-04-27,87.94448852539062
2009-04-28,81.17232513427734
2009-04-29,84.44163513183594
2009-04-30,84.0680160522461
2009-05-04,84.90870666503906
2009-05-05,86.35651397705078
2009-05-06,89.0186996459961
2009-05-07,92.47482299804688
2009-05-08,96.3979721069336
2009-05-11,91.07367706298828
2009-05-12,107.8873062133789
2009-05-13,109.24171447753906
2009-05-14,110.31591033935548
2009-05-15,107.65377044677734
2009-05-18,126.98938751220705
2009-05-19,143.33596801757812
2009-05-20,157.6742706298828
2009-05-21,151.7894744873047
2009-05-22,144.97059631347656
2009-05-25,148.56687927246094
2009-05-26,140.48699951171875
2009-05-27,146.27833557128906
2009-05-28,146.2315673828125
2009-05-29,149.7856903076172
2009-06-01,162.1314239501953
2009-06-02,159.79319763183594
2009-06-03,169.6136932373047
2009-06-04,167.32225036621094
2009-06-05,170.2683563232422
2009-06-08,154.13475036621094
2009-06-09,151.8900909423828
2009-06-10,151.28211975097656
2009-06-11,149.50509643554688
2009-06-12,140.33929443359375
2009-06-15,129.2561798095703
2009-06-16,132.71669006347656
2009-06-17,124.5330047607422
2009-06-18,117.47162628173828
2009-06-19,126.96473693847656
2009-06-22,127.01150512695312
2009-06-23,128.695068359375
2009-06-24,130.19146728515625
2009-06-25,126.49714660644533
2009-06-26,133.32470703125
2009-06-29,135.70968627929688
2009-06-30,132.90380859375
2009-07-01,144.8754119873047
2009-07-02,141.69549560546875
2009-07-03,141.08750915527344
2009-07-06,134.58731079101562
2009-07-07,136.17730712890625
2009-07-08,132.6232147216797
2009-07-09,135.75640869140625
2009-07-10,130.65908813476562
2009-07-13,133.09083557128906
2009-07-14,139.96517944335938
2009-07-15,139.63783264160156
2009-07-16,137.1593475341797
2009-07-17,139.68460083007812
2009-07-20,136.3175811767578
2009-07-21,136.78524780273438
2009-07-22,134.07289123535156
2009-07-23,135.70968627929688
2009-07-24,135.52256774902344
2009-07-27,137.3931427001953
2009-07-28,136.55142211914062
2009-07-29,134.1196746826172
2009-07-30,136.27084350585938
2009-07-31,143.9869842529297
2009-08-03,145.53018188476562
2009-08-04,139.2169952392578
2009-08-05,139.2169952392578
2009-08-06,133.09083557128906
2009-08-07,130.7993927001953
2009-08-10,126.77766418457033
2009-08-11,127.61946105957033
2009-08-12,131.22027587890625
2009-08-13,144.0804443359375
2009-08-14,141.97607421875
2009-08-17,133.51170349121094
2009-08-18,134.82115173339844
2009-08-19,133.09083557128906
2009-08-20,136.55142211914062
2009-08-21,135.054931640625
2009-08-24,143.89340209960938
2009-08-25,140.619873046875
2009-08-26,144.31427001953125
2009-08-27,146.97979736328125
2009-08-28,143.56600952148438
2009-08-31,147.35391235351562
2009-09-01,141.08750915527344
2009-09-02,140.2457733154297
2009-09-03,138.0010986328125
2009-09-04,145.576904296875
2009-09-07,155.91177368164062
2009-09-08,160.16732788085938
2009-09-09,157.9694061279297
2009-09-10,156.56643676757812
2009-09-11,157.78237915039062
2009-09-14,155.72471618652344
2009-09-15,163.81491088867188
2009-09-16,157.9694061279297
2009-09-17,158.0629119873047
2009-09-18,155.677978515625
2009-09-22,159.3255615234375
2009-09-23,155.5844268798828
2009-09-24,156.1455841064453
2009-09-25,164.4228973388672
2009-09-29,168.11724853515625
2009-09-30,165.91934204101562
2009-10-01,164.84375
2009-10-05,158.0629119873047
2009-10-06,157.64207458496094
2009-10-07,159.04498291015625
2009-10-08,159.41908264160156
2009-10-09,154.69589233398438
2009-10-12,161.85084533691406
2009-10-13,160.3543701171875
2009-10-14,171.57781982421875
2009-10-15,163.06671142578125
2009-10-16,163.01992797851562
2009-10-20,158.62408447265625
2009-10-21,156.80026245117188
2009-10-22,152.12388610839844
2009-10-23,155.30384826660156
2009-10-26,155.25709533691406
2009-10-27,148.14892578125
2009-10-28,147.82156372070312
2009-10-29,141.27452087402344
2009-10-30,142.11634826660156
2009-11-03,140.7601776123047
2009-11-04,142.02279663085938
2009-11-05,144.8286895751953
2009-11-06,149.73887634277344
2009-11-09,154.04119873046875
2009-11-10,155.864990234375
2009-11-11,157.3614501953125
2009-11-12,156.28587341308594
2009-11-13,152.49803161621094
2009-11-16,153.2930145263672
2009-11-17,154.0879364013672
2009-11-18,154.18153381347656
2009-11-19,152.6382293701172
2009-11-20,153.05914306640625
2009-11-23,159.09178161621094
2009-11-24,158.95147705078125
2009-11-25,158.24998474121094
2009-11-26,158.71759033203125
2009-11-27,152.68502807617188
2009-11-30,157.2211456298828
2009-12-01,160.7284698486328
2009-12-02,159.69967651367188
2009-12-03,161.80404663085938
2009-12-04,160.1205291748047
2009-12-07,155.72471618652344
2009-12-08,155.5376739501953
2009-12-09,155.25709533691406
2009-12-10,160.68174743652344
2009-12-11,156.05209350585938
2009-12-14,156.98736572265625
2009-12-15,156.19239807128906
2009-12-16,154.04119873046875
2009-12-17,153.6202850341797
2009-12-18,152.35769653320312
2009-12-21,150.44039916992188
2009-12-22,149.5518035888672
2009-12-23,151.42239379882812
2009-12-24,153.94769287109375
2009-12-29,156.51974487304688
2009-12-30,163.67465209960938
2009-12-31,165.07754516601562
2010-01-04,163.30052185058594
2010-01-05,166.62074279785156
2010-01-06,165.73226928710938
2010-01-07,165.59194946289062
2010-01-08,163.6278839111328
2010-01-11,163.3472442626953
2010-01-12,165.96607971191406
2010-01-13,165.91934204101562
2010-01-14,168.30426025390625
2010-01-15,168.35105895996094
2010-01-18,169.6136932373047
2010-01-19,165.63870239257812
2010-01-20,165.63870239257812
2010-01-21,163.6278839111328
2010-01-22,159.09178161621094
2010-01-25,159.6529083251953
2010-01-27,154.2750244140625
2010-01-28,154.60235595703125
2010-01-29,151.70298767089844
2010-02-01,152.68502807617188
2010-02-02,151.5159149169922
2010-02-03,156.33262634277344
2010-02-04,157.92263793945312
2010-02-05,149.83238220214844
2010-02-08,149.87916564941406
2010-02-09,148.89715576171875
2010-02-10,147.68128967285156
2010-02-11,148.2891845703125
2010-02-15,149.5518035888672
2010-02-16,149.64540100097656
2010-02-17,152.68502807617188
2010-02-18,148.663330078125
2010-02-19,145.9042510986328
2010-02-22,148.663330078125
2010-02-23,147.8683319091797
2010-02-24,146.8863067626953
2010-02-25,144.12722778320312
2010-02-26,146.3251190185547
2010-03-02,151.00149536132812
2010-03-03,157.3614501953125
2010-03-04,157.64207458496094
2010-03-05,159.55935668945312
2010-03-08,160.44786071777344
2010-03-09,163.9084930419922
2010-03-10,163.67465209960938
2010-03-11,163.53436279296875
2010-03-12,164.14224243164062
2010-03-15,163.39404296875
2010-03-16,163.67465209960938
2010-03-17,163.9552001953125
2010-03-18,163.67465209960938
2010-03-19,154.9764862060547
2010-03-22,155.677978515625
2010-03-23,153.43324279785156
2010-03-25,153.33975219726562
2010-03-26,149.41156005859375
2010-03-29,148.85037231445312
2010-03-30,151.56271362304688
2010-03-31,153.90087890625
2010-04-01,153.01242065429688
2010-04-05,152.49803161621094
2010-04-06,151.8900909423828
2010-04-07,153.33975219726562
2010-04-08,153.6202850341797
2010-04-09,156.19239807128906
2010-04-12,154.69589233398438
2010-04-13,152.8721160888672
2010-04-15,155.35060119628906
2010-04-16,153.01242065429688
2010-04-19,149.7856903076172
2010-04-20,150.8144989013672
2010-04-21,153.7139129638672
2010-04-22,150.8144989013672
2010-04-23,152.26417541503906
2010-04-26,153.90087890625
2010-04-27,154.60235595703125
2010-04-28,169.7071990966797
2010-04-29,157.3614501953125
2010-04-30,156.4729461669922
2010-05-03,158.99822998046875
2010-05-04,158.3902587890625
2010-05-05,159.55935668945312
2010-05-06,159.3255615234375
2010-05-07,154.36859130859375
2010-05-10,160.6349334716797
2010-05-11,159.04498291015625
2010-05-12,158.99822998046875
2010-05-13,159.09178161621094
2010-05-14,159.04498291015625
2010-05-17,156.42616271972656
2010-05-18,154.4620819091797
2010-05-19,156.0988311767578
2010-05-20,158.01611328125
2010-05-21,156.4729461669922
2010-05-24,156.98736572265625
2010-05-25,155.1167449951172
2010-05-26,156.05209350585938
2010-05-27,159.55935668945312
2010-05-28,160.86880493164062
2010-05-31,156.61325073242188
2010-06-01,158.0629119873047
2010-06-02,155.5844268798828
2010-06-03,154.50888061523438
2010-06-04,151.9368133544922
2010-06-07,149.5518035888672
2010-06-08,148.9906463623047
2010-06-09,149.4583282470703
2010-06-10,150.62744140625
2010-06-11,154.32180786132812
2010-06-14,154.13475036621094
2010-06-15,158.62408447265625
2010-06-16,155.35060119628906
2010-06-17,158.85787963867188
2010-06-18,158.43704223632812
2010-06-21,160.5414276123047
2010-06-22,158.6708221435547
2010-06-23,159.6061248779297
2010-06-24,161.42994689941406
2010-06-25,160.3076171875
2010-06-28,160.9155731201172
2010-06-29,161.9911346435547
2010-06-30,162.45872497558594
2010-07-01,161.71055603027344
2010-07-02,162.6458282470703
2010-07-05,164.04873657226562
2010-07-06,164.46961975097656
2010-07-07,164.75022888183594
2010-07-08,164.75022888183594
2010-07-09,162.87960815429688
2010-07-12,161.4767303466797
2010-07-13,162.03790283203125
2010-07-14,162.17840576171875
2010-07-15,163.86485290527344
2010-07-16,165.12966918945312
2010-07-19,163.44322204589844
2010-07-20,164.09906005859375
2010-07-21,164.42697143554688
2010-07-22,162.084716796875
2010-07-23,162.2720947265625
2010-07-26,156.46328735351562
2010-07-27,153.79310607910156
2010-07-28,154.63633728027344
2010-07-29,154.68319702148438
2010-07-30,153.60569763183594
2010-08-02,152.76251220703125
2010-08-03,152.71566772460938
2010-08-04,156.32275390625
2010-08-05,153.5588836669922
2010-08-06,154.68319702148438
2010-08-09,153.83993530273438
2010-08-10,156.04168701171875
2010-08-11,156.3695831298828
2010-08-12,154.21470642089844
2010-08-13,153.0904083251953
2010-08-16,151.31031799316406
2010-08-17,148.4995880126953
2010-08-18,148.35903930664062
2010-08-19,150.98239135742188
2010-08-20,149.2490997314453
2010-08-23,149.6707000732422
2010-08-24,149.34278869628906
2010-08-25,146.53208923339844
2010-08-26,146.76632690429688
2010-08-27,145.64198303222656
2010-08-30,144.33035278320312
2010-08-31,143.11239624023438
2010-09-01,142.8313446044922
2010-09-02,145.17361450195312
2010-09-03,144.70510864257812
2010-09-06,148.21852111816406
2010-09-07,142.4564971923828
2010-09-08,143.4871368408203
2010-09-09,145.5015106201172
2010-09-13,147.7500762939453
2010-09-14,152.9030303955078
2010-09-15,157.16595458984375
2010-09-16,156.0885467529297
2010-09-17,156.4164276123047
2010-09-20,158.00918579101562
2010-09-21,157.16595458984375
2010-09-22,158.10287475585938
2010-09-23,157.54071044921875
2010-09-24,158.9928741455078
2010-09-27,161.99107360839844
2010-09-28,163.16217041015625
2010-09-29,166.8160858154297
2010-09-30,166.44126892089844
2010-10-01,199.1862030029297
2010-10-04,190.66036987304688
2010-10-05,188.8334045410156
2010-10-06,199.23306274414065
2010-10-07,196.1880645751953
2010-10-08,190.94142150878903
2010-10-11,190.1919403076172
2010-10-12,185.226318359375
2010-10-13,189.7234802246093
2010-10-14,187.9433441162109
2010-10-15,184.8515472412109
2010-10-18,182.22817993164065
2010-10-19,195.53225708007807
2010-10-20,189.6297607421875
2010-10-21,193.4242401123047
2010-10-22,189.02078247070312
2010-10-25,186.30377197265625
2010-10-26,183.3993225097656
2010-10-27,181.9003143310547
2010-10-28,180.2606964111328
2010-10-29,182.0408172607422
2010-11-01,179.0895538330078
2010-11-02,179.13641357421875
2010-11-03,181.1975555419922
2010-11-04,180.682357788086
2010-11-08,179.042724609375
2010-11-09,184.9451904296875
2010-11-10,187.3343811035156
2010-11-11,182.7435302734375
2010-11-12,180.86964416503903
2010-11-15,178.66799926757812
2010-11-16,169.01780700683594
2010-11-18,167.37820434570312
2010-11-19,165.55128479003906
2010-11-22,167.28453063964844
2010-11-23,160.8199005126953
2010-11-24,156.60382080078125
2010-11-25,153.5120391845703
2010-11-26,150.888671875
2010-11-29,153.13723754882812
2010-11-30,153.27780151367188
2010-12-01,161.1478271484375
2010-12-02,161.70997619628906
2010-12-03,156.46328735351562
2010-12-06,155.3858184814453
2010-12-07,154.35520935058594
2010-12-08,150.8418731689453
2010-12-09,149.85809326171875
2010-12-10,152.05984497070312
2010-12-13,156.51014709472656
2010-12-14,160.0703125
2010-12-15,154.8705596923828
2010-12-16,152.0129852294922
2010-12-20,148.6869354248047
2010-12-21,150.23287963867188
2010-12-22,151.91928100585938
2010-12-23,150.18600463867188
2010-12-24,149.76443481445312
2010-12-27,152.05984497070312
2010-12-28,160.8199005126953
2010-12-29,156.8849334716797
2010-12-30,157.493896484375
2010-12-31,158.7587432861328
2011-01-03,162.64691162109375
2011-01-04,158.47763061523438
2011-01-05,155.76060485839844
2011-01-06,154.35520935058594
2011-01-07,147.3284454345703
2011-01-10,146.01675415039062
2011-01-11,143.81504821777344
2011-01-12,143.81504821777344
2011-01-13,143.4402618408203
2011-01-14,140.53590393066406
2011-01-17,138.4278564453125
2011-01-18,135.14866638183594
2011-01-19,134.53968811035156
2011-01-20,129.90200805664062
2011-01-21,146.672607421875
2011-01-24,148.54640197753906
2011-01-25,141.9881134033203
2011-01-27,138.8963165283203
2011-01-28,132.9469451904297
2011-01-31,129.71461486816406
2011-02-01,128.59034729003906
2011-02-02,130.46412658691406
2011-02-03,131.68214416503906
2011-02-04,127.466064453125
2011-02-07,126.15438079833984
2011-02-08,121.09508514404295
2011-02-09,114.5367431640625
2011-02-10,116.17633056640624
2011-02-11,117.86278533935548
2011-02-14,122.31306457519533
2011-02-15,121.79777526855467
2011-02-16,123.99950408935548
2011-02-17,123.99950408935548
2011-02-18,121.09508514404295
2011-02-21,120.43926239013672
2011-02-22,119.40865325927734
2011-02-23,124.51476287841795
2011-02-24,118.6122817993164
2011-02-25,122.12570190429688
2011-02-28,120.5797882080078
2011-03-01,121.42298126220705
2011-03-03,125.07691955566406
2011-03-04,130.32362365722656
2011-03-07,126.06068420410156
2011-03-08,125.77963256835938
2011-03-09,121.84464263916016
2011-03-10,121.32931518554688
2011-03-11,119.87710571289062
2011-03-14,119.0339126586914
2011-03-15,113.2719268798828
2011-03-16,117.30062103271484
2011-03-17,119.36182403564452
2011-03-18,113.13138580322266
2011-03-21,114.77098083496094
2011-03-22,114.8178253173828
2011-03-23,115.47364044189452
2011-03-24,114.91151428222656
2011-03-25,118.65914154052734
2011-03-28,116.41055297851562
2011-03-29,119.87710571289062
2011-03-30,126.8102569580078
2011-03-31,120.81402587890624
2011-04-01,122.73465728759766
2011-04-04,125.54541015625
2011-04-05,127.5129165649414
2011-04-06,129.33984375
2011-04-07,129.38668823242188
2011-04-08,128.35606384277344
2011-04-11,125.8733367919922
2011-04-13,127.55973815917967
2011-04-15,125.8733367919922
2011-04-18,125.07691955566406
2011-04-19,125.35803985595705
2011-04-20,125.35803985595705
2011-04-21,126.48228454589844
2011-04-25,125.07691955566406
2011-04-26,135.66392517089844
2011-04-27,136.6477508544922
2011-04-28,132.24424743652344
2011-04-29,138.70895385742188
2011-05-02,123.90583801269533
2011-05-03,121.65724182128906
2011-05-04,117.25376892089844
2011-05-05,115.84842681884766
2011-05-06,113.69351959228516
2011-05-09,112.33501434326172
2011-05-10,108.82161712646484
2011-05-11,107.9783935546875
2011-05-12,107.18203735351562
2011-05-13,107.74417114257812
2011-05-16,105.54244995117188
2011-05-17,98.93726348876952
2011-05-18,95.98601531982422
2011-05-19,95.14279174804688
2011-05-20,99.87416076660156
2011-05-23,101.23269653320312
2011-05-24,102.87224578857422
2011-05-25,101.88853454589844
2011-05-26,102.73171997070312
2011-05-27,103.48126220703124
2011-05-30,106.94781494140624
2011-05-31,102.31013488769533
2011-06-01,102.1695785522461
2011-06-02,101.37322998046876
2011-06-03,98.79673767089844
2011-06-06,96.9697494506836
2011-06-07,97.3445281982422
2011-06-08,95.47071075439452
2011-06-09,97.0166015625
2011-06-10,94.25274658203124
2011-06-13,92.51947021484376
2011-06-14,92.80054473876952
2011-06-15,93.73743438720705
2011-06-16,92.84737396240234
2011-06-17,93.17527770996094
2011-06-20,92.14469146728516
2011-06-21,90.3177490234375
2011-06-22,88.95921325683594
2011-06-23,88.06916046142578
2011-06-24,87.31961822509766
2011-06-27,89.42765808105469
2011-06-28,88.30337524414062
2011-06-29,88.67814636230469
2011-06-30,88.30337524414062
2011-07-01,87.69439697265625
2011-07-04,90.0366439819336
2011-07-05,92.80054473876952
2011-07-06,92.37892150878906
2011-07-07,95.33018493652344
2011-07-08,95.89231872558594
2011-07-11,96.31536865234376
2011-07-12,93.77703094482422
2011-07-13,95.42225646972656
2011-07-14,95.8923110961914
2011-07-15,95.70429229736328
2011-07-18,93.91807556152344
2011-07-19,92.88391876220705
2011-07-20,92.03782653808594
2011-07-21,91.2387237548828
2011-07-22,89.54651641845703
2011-07-25,93.21296691894533
2011-07-26,93.77703094482422
2011-07-27,94.6231460571289
2011-07-28,94.01206970214844
2011-07-29,94.05907440185548
2011-08-01,92.97795104980467
2011-08-02,89.96954345703125
2011-08-03,94.76417541503906
2011-08-04,89.7345199584961
2011-08-05,84.5638656616211
2011-08-08,81.55547332763672
2011-08-09,80.28631591796875
2011-08-10,81.79051208496094
2011-08-11,82.30757141113281
2011-08-12,81.74349212646484
2011-08-16,78.97014617919922
2011-08-17,77.23092651367188
2011-08-18,77.60698699951172
2011-08-19,76.24378204345703
2011-08-22,75.86774444580078
2011-08-23,77.18391418457031
2011-08-24,76.94888305664062
2011-08-25,76.05577087402344
2011-08-26,76.00875091552734
2011-08-29,77.23092651367188
2011-08-30,80.56832885742188
2011-09-02,79.8632583618164
2011-09-05,80.05130767822266
2011-09-06,79.25220489501953
2011-09-07,81.46147918701172
2011-09-08,84.2818374633789
2011-09-09,79.76924133300781
2011-09-12,79.81625366210938
2011-09-13,76.85487365722656
2011-09-14,77.04291534423828
2011-09-15,77.4189453125
2011-09-16,75.63272857666016
2011-09-19,76.90188598632812
2011-09-20,75.96175384521484
2011-09-21,76.99588012695312
2011-09-22,74.22254180908203
2011-09-23,75.39772033691406
2011-09-26,76.38481903076172
2011-09-27,77.32492065429688
2011-09-28,77.79497528076172
2011-09-29,77.70098114013672
2011-09-30,77.23092651367188
2011-10-03,78.1710205078125
2011-10-04,77.23092651367188
2011-10-05,75.72673034667969
2011-10-07,77.04291534423828
2011-10-10,78.12401580810547
2011-10-11,78.64111328125
2011-10-12,84.65787506103516
2011-10-13,83.20069122314453
2011-10-14,86.2090835571289
2011-10-17,86.53811645507812
2011-10-18,83.8117446899414
2011-10-19,83.52973175048828
2011-10-20,80.89740753173828
2011-10-21,77.60698699951172
2011-10-24,76.90188598632812
2011-10-25,77.74797821044922
2011-10-28,78.68809509277344
2011-10-31,79.53421020507812
2011-11-01,79.9102554321289
2011-11-02,78.07703399658203
2011-11-03,78.87613677978516
2011-11-04,80.38033294677734
2011-11-08,80.33332061767578
2011-11-09,80.23931121826172
2011-11-11,80.56832885742188
2011-11-14,80.05130767822266
2011-11-15,78.2650375366211
2011-11-16,77.27793884277344
2011-11-17,75.86774444580078
2011-11-18,75.77374267578125
2011-11-21,75.77374267578125
2011-11-22,76.807861328125
2011-11-23,76.33780670166016
2011-11-24,76.38481903076172
2011-11-25,77.13690948486328
2011-11-28,76.94888305664062
2011-11-29,77.9360122680664
2011-11-30,77.60698699951172
2011-12-01,79.53421020507812
2011-12-02,80.80335235595703
2011-12-05,81.4144515991211
2011-12-07,81.64949035644531
2011-12-08,81.03839111328125
2011-12-09,78.78211212158203
2011-12-12,75.06864929199219
2011-12-13,76.24378204345703
2011-12-14,75.67972564697266
2011-12-15,75.20964813232422
2011-12-16,75.49169158935547
2011-12-19,75.35067749023438
2011-12-20,74.26953887939453
2011-12-21,75.86774444580078
2011-12-22,77.65398406982422
2011-12-23,78.030029296875
2011-12-26,76.99588012695312
2011-12-27,76.807861328125
2011-12-28,74.22254180908203
2011-12-29,72.85935974121094
2011-12-30,73.09439849853516
2012-01-02,73.70545959472656
2012-01-03,73.84651184082031
2012-01-04,72.53031921386719
2012-01-05,74.08153533935547
2012-01-06,74.83361053466797
2012-01-09,76.43182373046875
2012-01-10,81.884521484375
2012-01-11,82.77764129638672
2012-01-12,83.43572235107422
2012-01-13,86.3970947265625
2012-01-16,94.76417541503906
2012-01-17,93.96508026123048
2012-01-18,94.05907440185548
2012-01-19,94.4821548461914
2012-01-20,94.8119888305664
2012-01-23,95.2832260131836
2012-01-24,95.18900299072266
2012-01-25,98.20486450195312
2012-01-27,99.75994873046876
2012-01-30,100.93802642822266
2012-01-31,102.7758331298828
2012-02-01,98.48760986328124
2012-02-02,98.62898254394533
2012-02-03,99.05309295654295
2012-02-06,108.5719757080078
2012-02-07,108.47772979736328
2012-02-08,108.28923034667967
2012-02-09,107.53528594970705
2012-02-10,109.42019653320312
2012-02-13,110.12704467773438
2012-02-14,110.97528839111328
2012-02-15,110.92814636230467
2012-02-16,111.3522720336914
2012-02-17,114.03829956054688
2012-02-21,114.08541107177734
2012-02-22,117.76101684570312
2012-02-23,111.02239227294922
2012-02-24,112.24759674072266
2012-02-27,107.2996597290039
2012-02-28,113.3314437866211
2012-02-29,116.91282653808594
2012-03-01,114.13253784179688
2012-03-02,112.67172241210938
2012-03-05,108.4306182861328
2012-03-06,106.26295471191406
2012-03-07,109.32595825195312
2012-03-09,108.47772979736328
2012-03-12,111.68212127685548
2012-03-13,113.47281646728516
2012-03-14,115.8760986328125
2012-03-15,113.80266571044922
2012-03-16,111.9648666381836
2012-03-19,113.1900634765625
2012-03-20,112.62458801269533
2012-03-21,110.26842498779295
2012-03-22,109.46733856201172
2012-03-23,108.47772979736328
2012-03-26,102.68157958984376
2012-03-27,101.26788330078124
2012-03-28,95.2832260131836
2012-03-29,96.2728271484375
2012-03-30,96.22569274902344
2012-04-02,98.11063385009766
2012-04-03,101.17365264892578
2012-04-04,102.39884185791016
2012-04-09,97.59227752685548
2012-04-10,97.07391357421876
2012-04-11,93.77529907226562
2012-04-12,95.56597900390624
2012-04-13,96.1314468383789
2012-04-16,102.7758331298828
2012-04-17,101.73912048339844
2012-04-18,101.17365264892578
2012-04-19,99.10021209716795
2012-04-20,101.59774017333984
2012-04-23,98.72323608398438
2012-04-24,99.85419464111328
2012-04-25,105.9330825805664
2012-04-26,102.58734130859376
2012-04-27,100.93802642822266
2012-04-30,101.17365264892578
2012-05-02,99.14734649658205
2012-05-03,102.63446044921876
2012-05-04,100.1369400024414
2012-05-07,96.88543701171876
2012-05-08,94.859130859375
2012-05-09,90.90074920654295
2012-05-10,92.64431762695312
2012-05-11,89.81694030761719
2012-05-14,90.05255889892578
2012-05-15,87.27228546142578
2012-05-16,85.2930908203125
2012-05-17,85.71720886230469
2012-05-18,81.19339752197266
2012-05-21,84.49200439453125
2012-05-22,87.50790405273438
2012-05-23,88.54459381103516
2012-05-24,88.73310852050781
2012-05-25,88.16761779785156
2012-05-28,87.36651611328125
2012-05-29,89.91117858886719
2012-05-30,90.52377319335938
2012-05-31,89.1572036743164
2012-06-01,86.70677947998047
2012-06-04,84.72762298583984
2012-06-05,85.05751037597656
2012-06-06,86.56542205810547
2012-06-07,89.43994903564453
2012-06-08,91.32489013671876
2012-06-11,89.91117858886719
2012-06-12,91.1834945678711
2012-06-13,93.0684585571289
2012-06-14,89.91117858886719
2012-06-15,90.52377319335938
2012-06-18,90.85365295410156
2012-06-19,91.60761260986328
2012-06-20,91.13639831542967
2012-06-21,97.16815948486328
2012-06-22,95.2832260131836
2012-06-25,93.0684585571289
2012-06-26,93.49256896972656
2012-06-27,93.49256896972656
2012-06-28,96.8382797241211
2012-06-29,94.8119888305664
2012-07-02,97.733642578125
2012-07-03,94.859130859375
2012-07-04,95.84870147705078
2012-07-05,98.20486450195312
2012-07-06,98.01636505126952
2012-07-09,97.9221420288086
2012-07-10,98.34624481201172
2012-07-11,94.43500518798828
2012-07-12,94.5292739868164
2012-07-13,94.43500518798828
2012-07-16,93.37342071533205
2012-07-17,89.88191986083984
2012-07-18,88.4192886352539
2012-07-19,89.079833984375
2012-07-20,86.29608917236328
2012-07-23,87.00383758544922
2012-07-24,88.2305679321289
2012-07-25,88.93830108642578
2012-07-26,87.47565460205078
2012-07-27,87.75875091552734
2012-07-30,91.39175415039062
2012-07-31,95.26068115234376
2012-08-01,94.12833404541016
2012-08-02,93.98677825927734
2012-08-03,93.93959045410156
2012-08-06,93.1846923828125
2012-08-07,93.1846923828125
2012-08-08,92.94878387451172
2012-08-09,88.56083679199219
2012-08-10,89.6460189819336
2012-08-13,89.2685775756836
2012-08-14,91.72203826904295
2012-08-16,90.1650390625
2012-08-17,91.15585327148438
2012-08-21,94.45860290527344
2012-08-22,93.6093292236328
2012-08-23,90.35375213623048
2012-08-24,89.17418670654297
2012-08-27,89.74038696289062
2012-08-28,86.20172882080078
2012-08-29,87.85309600830078
2012-08-30,89.88191986083984
2012-08-31,89.50447845458984
2012-09-03,87.75875091552734
2012-09-04,89.2685775756836
2012-09-05,86.72075653076172
2012-09-06,85.44683837890625
2012-09-07,86.81510162353516
2012-09-10,86.81510162353516
2012-09-11,87.28694152832031
2012-09-12,86.62640380859375
2012-09-13,85.63555145263672
2012-09-14,89.6932144165039
2012-09-17,91.48612213134766
2012-09-18,98.89373016357422
2012-09-20,99.9789047241211
2012-09-21,100.82819366455078
2012-09-24,103.70630645751952
2012-09-25,106.63159942626952
2012-09-26,102.24365234375
2012-09-27,103.80066680908205
2012-09-28,104.4612274169922
2012-10-01,102.10211181640624
2012-10-03,109.9343490600586
2012-10-04,112.52935028076172
2012-10-05,112.29344177246094
2012-10-08,110.40615844726562
2012-10-09,113.18988800048828
2012-10-10,111.96317291259766
2012-10-11,112.3406219482422
2012-10-12,112.19908905029295
2012-10-15,111.96317291259766
2012-10-16,111.20824432373048
2012-10-17,110.92516326904295
2012-10-18,109.74560546875
2012-10-19,108.42450714111328
2012-10-22,106.53721618652344
2012-10-23,106.3953628540039
2012-10-25,110.3201904296875
2012-10-29,110.1783218383789
2012-10-30,110.03644561767578
2012-10-31,110.08375549316406
2012-11-01,110.27289581298828
2012-11-02,112.0225067138672
2012-11-05,112.353515625
2012-11-06,115.14342498779295
2012-11-07,115.4271469116211
2012-11-08,114.5287094116211
2012-11-09,114.81241607666016
2012-11-12,115.2852783203125
2012-11-15,119.06822204589844
2012-11-16,118.92639923095705
2012-11-19,116.60933685302734
2012-11-20,114.76513671875
2012-11-21,115.33258056640624
2012-11-22,113.63026428222656
2012-11-23,114.95427703857422
2012-11-26,118.0279312133789
2012-11-27,117.46047973632812
2012-11-29,118.9736785888672
2012-11-30,121.47988891601562
2012-12-03,120.203125
2012-12-04,121.38530731201172
2012-12-05,121.52715301513672
2012-12-06,122.75658416748048
2012-12-07,122.42560577392578
2012-12-10,122.0473175048828
2012-12-11,119.49382019042967
2012-12-12,118.07522583007812
2012-12-13,117.55508422851562
2012-12-14,118.26437377929688
2012-12-17,117.2713394165039
2012-12-18,119.63568115234376
2012-12-19,120.01397705078124
2012-12-20,117.41320037841795
2012-12-21,115.90003204345705
2012-12-24,113.77214050292967
2012-12-26,113.01553344726562
2012-12-27,114.85968780517578
2012-12-28,113.3938217163086
2012-12-31,111.92792510986328
2013-01-01,112.11707305908205
2013-01-02,112.87368774414062
2013-01-03,114.90699768066406
2013-01-04,113.77214050292967
2013-01-07,112.96823120117188
2013-01-08,111.596923828125
2013-01-09,111.31319427490234
2013-01-10,109.89459991455078
2013-01-11,109.7527313232422
2013-01-14,109.8473129272461
2013-01-15,108.66515350341795
2013-01-16,107.3411102294922
2013-01-17,107.86125946044922
2013-01-18,107.95584869384766
2013-01-21,107.71942138671876
2013-01-22,104.22016143798828
2013-01-23,103.36901092529295
2013-01-24,100.43722534179688
2013-01-25,102.42327117919922
2013-01-28,100.95738983154295
2013-01-29,100.29535675048828
2013-01-30,101.1938247680664
2013-01-31,101.00467681884766
2013-02-01,100.34266662597656
2013-02-04,99.01861572265624
2013-02-05,99.01861572265624
2013-02-06,97.83644104003906
2013-02-07,95.2356948852539
2013-02-08,94.85738372802734
2013-02-11,95.7558364868164
2013-02-12,94.33721923828124
2013-02-13,92.72947692871094
2013-02-14,90.69612884521484
2013-02-15,85.11630249023438
2013-02-18,82.46824645996094
2013-02-19,85.30545043945312
2013-02-20,86.53489685058594
2013-02-21,85.16357421875
2013-02-22,84.69068908691406
2013-02-25,83.46125030517578
2013-02-26,80.34031677246094
2013-02-27,84.92715454101562
2013-02-28,82.42093658447266
2013-03-01,79.48917388916016
2013-03-04,78.30701446533203
2013-03-05,81.47520446777344
2013-03-06,82.1372299194336
2013-03-07,83.7449722290039
2013-03-08,84.78529357910156
2013-03-11,83.41395568847656
2013-03-12,84.50157928466797
2013-03-13,81.28606414794922
2013-03-14,85.40001678466797
2013-03-15,84.8798599243164
2013-03-18,81.47520446777344
2013-03-19,77.78681945800781
2013-03-20,75.70623016357422
2013-03-21,75.94264221191406
2013-03-22,75.65892791748047
2013-03-25,72.34884643554688
2013-03-26,72.39616394042969
2013-03-28,72.91629028320312
2013-04-01,75.1387710571289
2013-04-02,76.69924926757812
2013-04-03,77.31397247314453
2013-04-04,75.61164093017578
2013-04-05,74.47676086425781
2013-04-08,74.6186294555664
2013-04-09,73.9093246459961
2013-04-10,74.94961547851562
2013-04-11,73.862060546875
2013-04-12,74.33488464355469
2013-04-15,75.65892791748047
2013-04-16,76.79380798339844
2013-04-17,78.30701446533203
2013-04-18,75.8953628540039
2013-04-22,75.65892791748047
2013-04-23,77.73950958251953
2013-04-25,82.94107818603516
2013-04-26,81.3806381225586
2013-04-29,82.23179626464844
2013-04-30,80.76589965820312
2013-05-02,81.33335876464844
2013-05-03,81.75892639160156
2013-05-06,84.17057037353516
2013-05-07,83.93412780761719
2013-05-08,87.0550537109375
2013-05-09,85.06902313232422
2013-05-10,84.123291015625
2013-05-13,84.123291015625
2013-05-14,84.59614562988281
2013-05-15,85.40001678466797
2013-05-16,87.38607788085938
2013-05-17,85.40001678466797
2013-05-20,85.44730377197266
2013-05-21,86.06202697753906
2013-05-22,84.26512908935547
2013-05-23,83.27210235595703
2013-05-24,82.89380645751953
2013-05-27,86.77134704589844
2013-05-28,84.64344024658203
2013-05-29,84.26512908935547
2013-05-30,84.45428466796875
2013-05-31,84.17057037353516
2013-06-03,82.98839569091797
2013-06-04,83.60311126708984
2013-06-05,83.50855255126953
2013-06-06,85.58916473388672
2013-06-07,83.41395568847656
2013-06-10,82.65738677978516
2013-06-11,81.5224838256836
2013-06-12,80.48217010498047
2013-06-13,79.48917388916016
2013-06-14,78.63797760009766
2013-06-17,76.08451080322266
2013-06-18,76.3209457397461
2013-06-19,76.08451080322266
2013-06-20,75.65892791748047
2013-06-21,74.99691772460938
2013-06-24,73.29459381103516
2013-06-25,75.65892791748047
2013-06-26,79.53646087646484
2013-06-27,75.80079650878906
2013-06-28,77.5503921508789
2013-07-01,77.64498901367188
2013-07-02,78.21240997314453
2013-07-03,78.070556640625
2013-07-04,76.74653625488281
2013-07-05,75.84806823730469
2013-07-08,76.60466766357422
2013-07-09,77.4558334350586
2013-07-10,77.21940612792969
2013-07-11,76.27364349365234
2013-07-12,76.51007843017578
2013-07-15,75.37521362304688
2013-07-16,74.19305419921875
2013-07-17,75.75350189208984
2013-07-18,75.18428802490234
2013-07-19,74.80479431152344
2013-07-22,72.954833984375
2013-07-23,72.57536315917969
2013-07-24,69.91899871826172
2013-07-25,71.2471694946289
2013-07-26,71.10489654541016
2013-07-29,71.53179931640625
2013-07-30,70.9151382446289
2013-07-31,74.42533874511719
2013-08-01,76.18041229248047
2013-08-02,73.04969787597656
2013-08-05,71.15232849121094
2013-08-06,70.39335632324219
2013-08-07,71.29462432861328
2013-08-08,70.25106811523438
2013-08-12,69.25494384765625
2013-08-13,71.4843521118164
2013-08-14,71.2471694946289
2013-08-16,68.30623626708984
2013-08-19,66.31397247314453
2013-08-20,69.39723205566406
2013-08-21,67.3575210571289
2013-08-22,69.53953552246094
2013-08-23,68.30623626708984
2013-08-26,69.11260223388672
2013-08-27,68.35367584228516
2013-08-28,68.21135711669922
2013-08-29,68.2587890625
2013-08-30,68.0216064453125
2013-09-02,68.2587890625
2013-09-03,67.97417449951172
2013-09-04,68.68568420410156
2013-09-05,68.87543487548828
2013-09-06,68.35367584228516
2013-09-10,69.01774597167969
2013-09-11,70.72542572021484
2013-09-12,70.2036361694336
2013-09-13,69.91899871826172
2013-09-16,69.3023681640625
2013-09-17,69.3023681640625
2013-09-18,67.07290649414062
2013-09-19,67.87930297851562
2013-09-20,67.54727172851562
2013-09-23,67.3575210571289
2013-09-24,67.73701477050781
2013-09-25,67.59468841552734
2013-09-26,67.83185577392578
2013-09-27,67.49983215332031
2013-09-30,67.3575210571289
2013-10-01,68.2587890625
2013-10-03,67.54727172851562
2013-10-04,67.3575210571289
2013-10-07,67.3575210571289
2013-10-08,67.12035369873047
2013-10-09,67.87930297851562
2013-10-10,67.83185577392578
2013-10-11,67.3575210571289
2013-10-14,66.9780502319336
2013-10-15,66.8831558227539
2013-10-17,67.02548217773438
2013-10-18,67.3100814819336
2013-10-21,67.26266479492188
2013-10-22,68.21135711669922
2013-10-23,66.9780502319336
2013-10-24,67.87930297851562
2013-10-25,67.21521759033203
2013-10-28,65.50757598876953
2013-10-29,64.74860382080078
2013-10-30,66.26651763916016
2013-10-31,66.26651763916016
2013-11-01,68.31353759765625
2013-11-05,68.50395965576172
2013-11-06,69.74169921875
2013-11-07,69.50370788574219
2013-11-08,69.26565551757812
2013-11-11,67.5518569946289
2013-11-12,66.64736938476562
2013-11-13,66.64736938476562
2013-11-14,66.79019927978516
2013-11-18,66.88539123535156
2013-11-19,66.74258422851562
2013-11-20,66.9330062866211
2013-11-21,67.83748626708984
2013-11-22,70.74142456054688
2013-11-25,69.07524871826172
2013-11-26,68.78960418701172
2013-11-27,69.55130004882812
2013-11-28,71.50308990478516
2013-11-29,71.78873443603516
2013-12-02,71.74111938476562
2013-12-03,72.6932373046875
2013-12-04,74.26419830322266
2013-12-05,75.16870880126953
2013-12-06,75.50194549560547
2013-12-09,79.69122314453125
2013-12-10,78.97712707519531
2013-12-11,82.45233154296875
2013-12-12,79.78643035888672
2013-12-13,78.54867553710938
2013-12-16,79.69122314453125
2013-12-17,79.97685241699219
2013-12-18,80.92893981933594
2013-12-19,80.40528106689453
2013-12-20,81.11935424804688
2013-12-23,82.21430206298828
2013-12-24,83.40441131591797
2013-12-26,85.927490234375
2013-12-27,87.45087432861328
2013-12-30,86.8796157836914
2013-12-31,88.4029769897461
2014-01-01,87.02241516113281
2014-01-02,85.35623168945312
2014-01-03,86.35594940185547
2014-01-06,85.87989044189453
2014-01-07,84.59454345703125
2014-01-08,86.35594940185547
2014-01-09,91.211669921875
2014-01-10,90.9736557006836
2014-01-13,86.59396362304688
2014-01-14,84.97540283203125
2014-01-15,84.59454345703125
2014-01-16,83.54723358154297
2014-01-17,83.9756851196289
2014-01-20,85.927490234375
2014-01-21,82.7379379272461
2014-01-22,82.69033813476562
2014-01-23,81.54781341552734
2014-01-24,79.88163757324219
2014-01-27,77.40615844726562
2014-01-28,78.2154769897461
2014-01-29,78.07262420654297
2014-01-30,76.97771453857422
2014-01-31,78.6438980102539
2014-02-03,78.12025451660156
2014-02-04,78.12025451660156
2014-02-05,78.8343276977539
2014-02-06,79.73882293701172
2014-02-07,79.59598541259766
2014-02-10,80.92893981933594
2014-02-11,80.21487426757812
2014-02-12,79.97685241699219
2014-02-13,79.92924499511719
2014-02-14,80.21487426757812
2014-02-17,79.69122314453125
2014-02-18,79.40557098388672
2014-02-19,80.45291137695312
2014-02-20,81.02413940429688
2014-02-21,80.40528106689453
2014-02-24,80.9765396118164
2014-02-25,81.54781341552734
2014-02-26,80.92893981933594
2014-02-28,80.92893981933594
2014-03-03,80.11965942382812
2014-03-04,81.97625732421875
2014-03-05,84.26132202148438
2014-03-06,86.022705078125
2014-03-07,86.64157104492188
2014-03-10,86.64157104492188
2014-03-11,88.9742431640625
2014-03-12,86.97480010986328
2014-03-13,87.73650360107422
2014-03-14,86.68917846679688
2014-03-18,87.68891143798828
2014-03-19,89.35508728027344
2014-03-20,88.5457992553711
2014-03-21,87.97452545166016
2014-03-24,85.40383911132812
2014-03-25,86.40355682373047
2014-03-26,86.73680114746094
2014-03-27,85.64188385009766
2014-03-28,86.30833435058594
2014-03-31,88.06974029541016
2014-04-01,89.25988006591797
2014-04-02,96.06742095947266
2014-04-03,99.63780212402344
2014-04-04,98.35248565673828
2014-04-07,98.9713363647461
2014-04-09,99.16175079345705
2014-04-10,98.25724792480467
2014-04-11,97.9240264892578
2014-04-15,99.06654357910156
2014-04-16,98.06683349609376
2014-04-17,98.59050750732422
2014-04-21,100.30428314208984
2014-04-22,105.7789077758789
2014-04-23,103.49383544921876
2014-04-24,103.49383544921876
2014-04-25,103.25579833984376
2014-04-28,104.4459457397461
2014-04-29,101.58960723876952
2014-04-30,99.39979553222656
2014-05-02,99.35218048095705
2014-05-05,102.58932495117188
2014-05-06,104.87439727783205
2014-05-07,114.25263214111328
2014-05-08,110.4442138671875
2014-05-09,113.014892578125
2014-05-12,112.11038208007812
2014-05-13,115.10953521728516
2014-05-14,115.2999496459961
2014-05-15,121.58383178710938
2014-05-16,124.15452575683594
2014-05-19,147.1002655029297
2014-05-20,161.429443359375
2014-05-21,158.4302978515625
2014-05-22,162.95277404785156
2014-05-23,162.1434783935547
2014-05-26,156.47850036621094
2014-05-27,156.95452880859375
2014-05-28,155.28836059570312
2014-05-29,156.81175231933594
2014-05-30,159.52525329589844
2014-06-02,161.85787963867188
2014-06-03,160.76295471191406
2014-06-04,161.619873046875
2014-06-05,166.4756622314453
2014-06-06,170.9980926513672
2014-06-09,195.5624237060547
2014-06-10,209.843994140625
2014-06-11,209.70120239257807
2014-06-12,212.79551696777344
2014-06-13,200.70379638671875
2014-06-16,206.5115966796875
2014-06-17,219.84112548828125
2014-06-18,214.2712860107422
2014-06-19,214.5569305419922
2014-06-20,214.74734497070312
2014-06-23,205.08346557617188
2014-06-24,208.7014617919922
2014-06-25,206.7496490478516
2014-06-26,202.65562438964844
2014-06-27,199.84686279296875
2014-06-30,195.22918701171875
2014-07-01,201.7510986328125
2014-07-02,201.1322326660156
2014-07-03,204.17898559570312
2014-07-04,213.5572052001953
2014-07-07,224.1731719970703
2014-07-08,226.6010284423828
2014-07-09,216.03268432617188
2014-07-10,213.03355407714844
2014-07-11,202.4175720214844
2014-07-14,199.7516632080078
2014-07-15,209.70120239257807
2014-07-16,220.17431640625
2014-07-17,229.4097595214844
2014-07-18,234.2178955078125
2014-07-21,232.4564971923828
2014-07-22,228.1244201660156
2014-07-23,224.79205322265625
2014-07-24,218.7937927246093
2014-07-25,220.697998046875
2014-07-28,213.2715759277344
2014-07-30,210.700927734375
2014-07-31,213.17633056640625
2014-08-01,206.7496490478516
2014-08-04,209.0347137451172
2014-08-05,206.6068572998047
2014-08-06,201.94151306152344
2014-08-07,204.750228881836
2014-08-08,198.56155395507807
2014-08-11,200.3229522705078
2014-08-12,191.8491973876953
2014-08-13,191.0865936279297
2014-08-14,192.9454803466797
2014-08-18,197.37831115722656
2014-08-19,197.95022583007807
2014-08-20,193.85110473632807
2014-08-21,196.2819976806641
2014-08-22,189.1323089599609
2014-08-25,192.4212188720703
2014-08-26,193.4698028564453
2014-08-27,192.4212188720703
2014-08-28,195.56700134277344
2014-09-01,196.7109375
2014-09-02,194.6137237548828
2014-09-03,197.37831115722656
2014-09-04,196.5679626464844
2014-09-05,212.24957275390625
2014-09-08,219.2561950683593
2014-09-09,212.4402008056641
2014-09-10,213.1551971435547
2014-09-11,223.21240234375
2014-09-12,224.07037353515625
2014-09-15,219.1132354736328
2014-09-16,207.0541534423828
2014-09-17,204.62322998046875
2014-09-18,211.963607788086
2014-09-19,207.24481201171875
2014-09-22,205.7195587158203
2014-09-23,202.5260467529297
2014-09-24,203.9082794189453
2014-09-25,203.431640625
2014-09-26,209.00836181640625
2014-09-29,203.5746307373047
2014-09-30,217.34963989257807
2014-10-01,211.77291870117188
2014-10-07,199.57083129882807
2014-10-08,205.671875
2014-10-09,202.5736846923828
2014-10-10,197.37831115722656
2014-10-13,200.23814392089844
2014-10-14,198.85585021972656
2014-10-15,198.85585021972656
2014-10-16,199.8091583251953
2014-10-17,206.3391876220703
2014-10-20,210.4860076904297
2014-10-21,214.39442443847656
2014-10-22,204.0036163330078
2014-10-27,205.91021728515625
2014-10-28,202.43067932128903
2014-10-29,201.9540252685547
2014-10-30,200.90542602539065
2014-10-31,204.90924072265625
2014-11-03,212.0112152099609
2014-11-05,212.7261962890625
2014-11-07,212.630859375
2014-11-10,214.1561279296875
2014-11-11,214.1084899902344
2014-11-12,219.2561950683593
2014-11-13,218.6842498779297
2014-11-14,219.3038787841797
2014-11-17,217.0636444091797
2014-11-18,208.722396850586
2014-11-19,210.3429412841797
2014-11-20,210.15231323242188
2014-11-21,210.4860076904297
2014-11-24,219.0655670166016
2014-11-25,218.3982696533203
2014-11-26,218.541259765625
2014-11-27,241.9444732666016
2014-11-28,251.620346069336
2014-12-01,240.7052154541016
2014-12-02,247.1399383544922
2014-12-03,248.42686462402344
2014-12-04,254.5278778076172
2014-12-05,257.6737670898437
2014-12-08,260.5335998535156
2014-12-09,250.2857208251953
2014-12-10,257.721435546875
2014-12-11,253.860595703125
2014-12-12,245.90066528320312
2014-12-15,238.41734313964844
2014-12-16,234.6994781494141
2014-12-17,236.46307373046875
2014-12-18,238.1313323974609
2014-12-19,237.03501892089844
2014-12-22,235.22381591796875
2014-12-23,245.09034729003903
2014-12-24,236.081787109375
2014-12-26,235.3667755126953
2014-12-29,241.2771759033203
2014-12-30,241.8968048095703
2014-12-31,238.1313323974609
2015-01-01,235.700439453125
2015-01-02,240.3715362548828
2015-01-05,255.7671813964844
2015-01-06,249.23716735839844
2015-01-07,247.9025421142578
2015-01-08,251.5726318359375
2015-01-09,257.0064697265625
2015-01-12,264.20367431640625
2015-01-13,267.15899658203125
2015-01-14,265.2047119140625
2015-01-15,273.4029846191406
2015-01-16,271.4010925292969
2015-01-19,269.5898132324219
2015-01-20,279.9329528808594
2015-01-21,282.9357604980469
2015-01-22,285.7480163574219
2015-01-23,288.22662353515625
2015-01-27,299.2847900390625
2015-01-28,307.1016845703125
2015-01-29,318.2551574707031
2015-01-30,305.5764465332031
2015-02-02,311.2008361816406
2015-02-03,292.46875
2015-02-04,296.94921875
2015-02-05,284.393310546875
2015-02-06,285.443603515625
2015-02-09,285.77783203125
2015-02-10,288.594482421875
2015-02-11,291.22027587890625
2015-02-12,290.69512939453125
2015-02-13,292.0319519042969
2015-02-16,296.614990234375
2015-02-18,293.08221435546875
2015-02-19,287.7352600097656
2015-02-20,296.08990478515625
2015-02-23,291.31573486328125
2015-02-24,285.1094665527344
2015-02-25,279.4282531738281
2015-02-26,281.3856201171875
2015-02-27,279.7147216796875
2015-03-02,279.9057006835937
2015-03-03,282.7223815917969
2015-03-04,285.682373046875
2015-03-05,282.3404846191406
2015-03-09,281.9107360839844
2015-03-10,281.8153381347656
2015-03-11,273.8902893066406
2015-03-12,272.84002685546875
2015-03-13,270.787109375
2015-03-16,271.1690368652344
2015-03-17,270.0232238769531
2015-03-18,268.9252014160156
2015-03-19,274.6541442871094
2015-03-20,275.84765625
2015-03-23,274.1766662597656
2015-03-24,293.3686218261719
2015-03-25,283.29522705078125
2015-03-26,269.0684509277344
2015-03-27,261.3343811035156
2015-03-30,268.3045959472656
2015-03-31,270.5005798339844
2015-04-01,285.96875
2015-04-06,296.85369873046875
2015-04-07,301.0072326660156
2015-04-08,299.5749206542969
2015-04-09,300.004638671875
2015-04-10,302.5826110839844
2015-04-13,298.3337097167969
2015-04-15,293.8459777832031
2015-04-16,295.23052978515625
2015-04-17,291.9840393066406
2015-04-20,287.162353515625
2015-04-21,282.8179016113281
2015-04-22,282.6269226074219
2015-04-23,280.7172241210937
2015-04-24,253.02745056152344
2015-04-27,264.2943115234375
2015-04-28,269.4981689453125
2015-04-29,276.8979797363281
2015-04-30,286.0643005371094
2015-05-04,281.863037109375
2015-05-05,279.0463562011719
2015-05-06,272.4580383300781
2015-05-07,274.74957275390625
2015-05-08,279.8101501464844
2015-05-11,281.7675476074219
2015-05-12,281.7675476074219
2015-05-13,281.2424621582031
2015-05-14,286.39849853515625
2015-05-15,297.3788757324219
2015-05-18,297.7608337402344
2015-05-19,292.3660583496094
2015-05-20,296.614990234375
2015-05-21,297.04473876953125
2015-05-22,293.1298828125
2015-05-25,285.443603515625
2015-05-26,276.3728332519531
2015-05-27,277.23223876953125
2015-05-28,279.6669616699219
2015-05-29,307.83416748046875
2015-06-01,292.5570068359375
2015-06-02,283.9159545898437
2015-06-03,278.80767822265625
2015-06-04,280.7172241210937
2015-06-05,278.6166381835937
2015-06-08,279.6191711425781
2015-06-09,275.1314697265625
2015-06-10,279.5237731933594
2015-06-11,274.36773681640625
2015-06-12,271.9328918457031
2015-06-15,276.99346923828125
2015-06-16,276.2295837402344
2015-06-17,281.1469116210937
2015-06-18,280.2875671386719
2015-06-19,281.1469116210937
2015-06-22,283.0088195800781
2015-06-23,284.5365600585937
2015-06-24,287.8306884765625
2015-06-25,293.7983093261719
2015-06-26,293.03448486328125
2015-06-29,282.7701416015625
2015-06-30,286.58935546875
2015-07-01,294.51446533203125
2015-07-02,300.0523986816406
2015-07-03,305.2561950683594
2015-07-06,306.40191650390625
2015-07-07,303.6329650878906
2015-07-08,297.6653137207031
2015-07-09,297.474365234375
2015-07-10,304.0626525878906
2015-07-13,302.1529235839844
2015-07-14,315.99786376953125
2015-07-15,314.1837463378906
2015-07-16,315.56817626953125
2015-07-17,322.1087646484375
2015-07-20,328.6493530273437
2015-07-21,319.9603576660156
2015-07-22,326.5486145019531
2015-07-23,328.79248046875
2015-07-24,325.97576904296875
2015-07-27,324.4957580566406
2015-07-28,322.7770690917969
2015-07-29,331.1795959472656
2015-07-30,328.0262756347656
2015-07-31,339.68359375
2015-08-03,343.64892578125
2015-08-04,337.9158935546875
2015-08-05,333.99822998046875
2015-08-06,331.848388671875
2015-08-07,334.3326721191406
2015-08-10,323.2010498046875
2015-08-11,317.75457763671875
2015-08-12,311.4005432128906
2015-08-13,309.91943359375
2015-08-14,314.21923828125
2015-08-17,308.8205871582031
2015-08-18,313.2637023925781
2015-08-19,309.53729248046875
2015-08-20,302.2275695800781
2015-08-21,301.17657470703125
2015-08-24,283.35626220703125
2015-08-25,283.1652526855469
2015-08-26,282.2096862792969
2015-08-27,292.5292053222656
2015-08-28,300.0299377441406
2015-08-31,313.7892761230469
2015-09-01,290.4748229980469
2015-09-02,285.64947509765625
2015-09-03,291.0003662109375
2015-09-04,286.3661499023437
2015-09-07,271.7468566894531
2015-09-08,275.2344665527344
2015-09-09,273.3233642578125
2015-09-10,278.05328369140625
2015-09-11,286.6528015136719
2015-09-14,280.91973876953125
2015-09-15,280.77642822265625
2015-09-16,290.8092346191406
2015-09-18,291.1437072753906
2015-09-21,290.8570251464844
2015-09-22,280.2508239746094
2015-09-23,278.6264953613281
2015-09-24,292.7680053710937
2015-09-28,286.74835205078125
2015-09-29,282.0186767578125
2015-09-30,280.1075744628906
2015-10-01,274.6611328125
2015-10-05,271.89013671875
2015-10-06,277.2887878417969
2015-10-07,273.5622863769531
2015-10-08,267.63818359375
2015-10-09,263.52947998046875
2015-10-12,270.6957397460937
2015-10-13,275.0433349609375
2015-10-14,273.8966979980469
2015-10-15,279.725341796875
2015-10-16,272.7978820800781
2015-10-19,275.5690002441406
2015-10-20,312.4515075683594
2015-10-21,315.65252685546875
2015-10-23,320.0956420898437
2015-10-26,317.0857238769531
2015-10-27,312.7381286621094
2015-10-28,313.0248107910156
2015-10-29,312.7381286621094
2015-10-30,317.75457763671875
2015-11-02,320.4300842285156
2015-11-03,328.5519104003906
2015-11-04,325.4941711425781
2015-11-05,324.7298278808594
2015-11-06,324.53875732421875
2015-11-09,325.8764343261719
2015-11-10,326.4019775390625
2015-11-13,328.3606872558594
2015-11-16,325.9720458984375
2015-11-17,323.34442138671875
2015-11-18,319.2834167480469
2015-11-19,323.9654541015625
2015-11-20,323.91766357421875
2015-11-23,331.8006286621094
2015-11-24,327.9785461425781
2015-11-26,321.19439697265625
2015-11-27,318.32794189453125
2015-11-30,324.87322998046875
2015-12-01,329.8418273925781
2015-12-02,334.4760437011719
2015-12-03,330.60626220703125
2015-12-04,330.1285705566406
2015-12-07,325.0164794921875
2015-12-08,323.2010498046875
2015-12-09,322.91436767578125
2015-12-10,324.7298278808594
2015-12-11,321.9588317871094
2015-12-14,319.7611389160156
2015-12-15,322.962158203125
2015-12-16,317.80242919921875
2015-12-17,309.3938903808594
2015-12-18,309.8716735839844
2015-12-21,315.2225646972656
2015-12-22,317.1335754394531
2015-12-23,315.4613647460937
2015-12-24,314.7925720214844
2015-12-28,315.5569152832031
2015-12-29,315.4136047363281
2015-12-30,316.2735595703125
2015-12-31,319.4744873046875
2016-01-01,323.0098876953125
2016-01-04,315.7957763671875
2016-01-05,314.0758972167969
2016-01-06,318.99676513671875
2016-01-07,312.4992980957031
2016-01-08,313.9326171875
2016-01-11,309.6327514648437
2016-01-12,309.2028503417969
2016-01-13,316.8468933105469
2016-01-14,305.9541015625
2016-01-15,289.7581787109375
2016-01-18,268.1159362792969
2016-01-19,264.62823486328125
2016-01-20,262.6694641113281
2016-01-21,267.54266357421875
2016-01-22,269.93133544921875
2016-01-25,276.4288024902344
2016-01-27,272.5590209960937
2016-01-28,274.1356811523437
2016-01-29,276.1422119140625
2016-02-01,273.8012084960937
2016-02-02,273.5144958496094
2016-02-03,271.89013671875
2016-02-04,279.9164733886719
2016-02-05,284.7417907714844
2016-02-08,280.2987060546875
2016-02-09,275.8077392578125
2016-02-10,281.1586303710937
2016-02-11,263.1644592285156
2016-02-12,255.9380645751953
2016-02-15,263.1165466308594
2016-02-16,259.3359375
2016-02-17,256.2731018066406
2016-02-18,258.8095397949219
2016-02-19,262.1115417480469
2016-02-22,255.55520629882807
2016-02-23,257.2301940917969
2016-02-24,254.78955078125
2016-02-25,256.4166564941406
2016-02-26,248.9031524658203
2016-02-29,255.69879150390625
2016-03-01,264.45654296875
2016-03-02,267.7108154296875
2016-03-03,269.9600830078125
2016-03-04,266.897216796875
2016-03-08,272.6879272460937
2016-03-09,271.0609130859375
2016-03-10,269.6251525878906
2016-03-11,272.97509765625
2016-03-14,269.9600830078125
2016-03-15,265.7966613769531
2016-03-16,267.6630249023437
2016-03-17,272.1615295410156
2016-03-18,270.9651794433594
2016-03-21,268.85943603515625
2016-03-22,267.7811889648437
2016-03-23,267.637451171875
2016-03-28,262.22235107421875
2016-03-29,258.86798095703125
2016-03-30,261.1681213378906
2016-03-31,261.88690185546875
2016-04-01,264.7621765136719
2016-04-04,265.0975952148437
2016-04-05,265.6247863769531
2016-04-06,267.0144348144531
2016-04-07,268.3562927246094
2016-04-08,267.3978576660156
2016-04-11,268.3083190917969
2016-04-12,265.0496826171875
2016-04-13,272.5732421875
2016-04-18,275.44854736328125
2016-04-20,280.0968322753906
2016-04-21,284.0263671875
2016-04-22,273.96307373046875
2016-04-25,279.2821655273437
2016-04-26,285.8472900390625
2016-04-27,281.6303405761719
2016-04-28,280.4322509765625
2016-04-29,284.8888854980469
2016-05-02,284.0263671875
2016-05-03,276.1672668457031
2016-05-04,266.58319091796875
2016-05-05,266.2476501464844
2016-05-06,264.81011962890625
2016-05-09,270.03350830078125
2016-05-10,274.0108642578125
2016-05-11,267.3978576660156
2016-05-12,269.50634765625
2016-05-13,266.2956237792969
2016-05-16,275.0171813964844
2016-05-17,282.013671875
2016-05-18,287.3807373046875
2016-05-19,284.936767578125
2016-05-20,292.7958374023437
2016-05-23,295.9585876464844
2016-05-24,293.7542724609375
2016-05-25,302.6674194335937
2016-05-26,302.7154541015625
2016-05-27,311.96417236328125
2016-05-30,316.7561950683594
2016-05-31,317.2353820800781
2016-06-01,331.1803283691406
2016-06-02,331.46783447265625
2016-06-03,322.84210205078125
2016-06-06,326.10076904296875
2016-06-07,325.6693725585937
2016-06-08,321.73992919921875
2016-06-09,321.3565979003906
2016-06-10,323.51300048828125
2016-06-13,320.062744140625
2016-06-14,317.8583984375
2016-06-15,323.8484802246094
2016-06-16,316.8519897460937
2016-06-17,314.7434997558594
2016-06-20,311.4848937988281
2016-06-21,316.4206237792969
2016-06-22,312.7308349609375
2016-06-23,308.8013916015625
2016-06-24,299.3609924316406
2016-06-27,311.1015625
2016-06-28,316.2290954589844
2016-06-29,322.1712341308594
2016-06-30,334.7265014648437
2016-07-01,357.1054992675781
2016-07-04,358.9743957519531
2016-07-05,369.9004211425781
2016-07-07,365.7312316894531
2016-07-08,364.86865234375
2016-07-11,368.27099609375
2016-07-12,364.1018676757813
2016-07-13,358.25555419921875
2016-07-14,361.849609375
2016-07-15,373.6860961914063
2016-07-18,390.745849609375
2016-07-19,390.6500244140625
2016-07-20,402.9656372070313
2016-07-21,402.8218688964844
2016-07-22,464.7355041503906
2016-07-25,459.6558837890625
2016-07-26,440.7272644042969
2016-07-27,439.9605407714844
2016-07-28,447.4361267089844
2016-07-29,455.8701171875
2016-08-01,463.5374450683594
2016-08-02,460.7581176757813
2016-08-03,451.2698059082031
2016-08-04,454.8158874511719
2016-08-05,473.6488037109375
2016-08-08,479.1596984863281
2016-08-09,463.5854187011719
2016-08-10,471.2527160644531
2016-08-11,455.1034240722656
2016-08-12,465.93353271484375
2016-08-16,464.9750671386719
2016-08-17,459.7037658691406
2016-08-18,460.9018249511719
2016-08-19,455.48681640625
2016-08-22,460.9498291015625
2016-08-23,455.4388732910156
2016-08-24,491.4752502441406
2016-08-25,498.5196838378906
2016-08-26,484.1434326171875
2016-08-29,475.9489440917969
2016-08-30,469.9108581542969
2016-08-31,467.0357360839844
2016-09-01,476.0926818847656
2016-09-02,469.4796752929688
2016-09-06,492.529541015625
2016-09-07,476.7156677246094
2016-09-08,478.48876953125
2016-09-09,477.2907104492188
2016-09-12,458.17041015625
2016-09-14,471.5881652832031
2016-09-15,467.7544555664063
2016-09-16,468.8566589355469
2016-09-19,478.2012634277344
2016-09-20,468.6650390625
2016-09-21,471.6361083984375
2016-09-22,477.8657836914063
2016-09-23,474.3675842285156
2016-09-26,479.974365234375
2016-09-27,465.6939392089844
2016-09-28,470.0547180175781
2016-09-29,451.6531982421875
2016-09-30,453.8095397949219
2016-10-03,480.5493469238281
2016-10-04,484.4788513183594
2016-10-05,489.654296875
2016-10-06,502.3533325195313
2016-10-07,510.7873840332031
2016-10-10,521.5694580078125
2016-10-13,507.001708984375
2016-10-14,504.9411315917969
2016-10-17,519.1736450195312
2016-10-18,553.197265625
2016-10-19,561.3916015625
2016-10-20,558.6602172851562
2016-10-21,582.0455322265625
2016-10-24,592.3964233398438
2016-10-25,596.9010009765625
2016-10-26,573.1322631835938
2016-10-27,555.8806762695312
2016-10-28,552.6221313476562
2016-11-01,555.6412963867188
2016-11-02,530.8660888671875
2016-11-03,511.55413818359375
2016-11-04,490.5648498535156
2016-11-07,508.29541015625
2016-11-08,511.4583129882813
2016-11-09,501.0594482421875
2016-11-10,525.9783325195312
2016-11-11,475.2301330566406
2016-11-15,452.4198913574219
2016-11-16,456.44525146484375
2016-11-17,454.6721496582031
2016-11-18,447.8674011230469
2016-11-21,427.9802856445313
2016-11-22,442.1169128417969
2016-11-23,464.2563171386719
2016-11-24,474.8467712402344
2016-11-25,473.74462890625
2016-11-28,479.351318359375
2016-11-29,482.8495788574219
2016-11-30,514.8607177734375
2016-12-01,512.8958740234375
2016-12-02,504.89300537109375
2016-12-05,501.3948669433594
2016-12-06,499.2864074707031
2016-12-07,490.0856018066406
2016-12-08,503.9826049804688
2016-12-09,507.9601135253906
2016-12-12,504.8451843261719
2016-12-13,487.9291687011719
2016-12-14,476.7156677246094
2016-12-15,484.52679443359375
2016-12-16,479.5429992675781
2016-12-19,484.19134521484375
2016-12-20,492.00244140625
2016-12-21,534.8914794921875
2016-12-22,502.44915771484375
2016-12-23,497.5133361816406
2016-12-26,478.2970581054688
2016-12-27,487.9771118164063
2016-12-28,490.99603271484375
2016-12-29,498.47161865234375
2016-12-30,498.9988708496094
2017-01-02,501.7303466796875
2017-01-03,497.2257385253906
2017-01-04,494.6380004882813
2017-01-05,495.1172790527344
2017-01-06,492.3379211425781
2017-01-09,494.9255981445313
2017-01-10,495.7401428222656
2017-01-11,508.6309814453125
2017-01-12,508.7267456054688
2017-01-13,504.0305786132813
2017-01-16,505.9473876953125
2017-01-17,508.00787353515625
2017-01-18,505.7557373046875
2017-01-19,510.5955505371094
2017-01-20,498.47161865234375
2017-01-23,502.2095947265625
2017-01-24,514.0938720703125
2017-01-25,542.2713012695312
2017-01-27,548.9322509765625
2017-01-30,550.84912109375
2017-01-31,537.095947265625
2017-02-01,548.6925659179688
2017-02-02,545.7216796875
2017-02-03,561.9666748046875
2017-02-06,560.7686157226562
2017-02-07,563.9315185546875
2017-02-08,562.2764282226562
2017-02-09,569.0404052734375
2017-02-10,578.0111694335938
2017-02-13,587.9412841796875
2017-02-14,593.3621826171875
2017-02-15,594.0817260742188
2017-02-16,604.1077880859375
2017-02-17,616.9641723632812
2017-02-20,630.3483276367188
2017-02-21,628.7173461914062
2017-02-22,616.7244262695312
2017-02-23,624.5438232421875
2017-02-27,633.466552734375
2017-02-28,633.80224609375
2017-03-01,638.3116455078125
2017-03-02,631.979248046875
2017-03-03,632.5548706054688
2017-03-06,672.3715209960938
2017-03-07,673.1870727539062
2017-03-08,662.9212036132812
2017-03-09,670.6445922851562
2017-03-10,676.6887817382812
2017-03-14,688.4901123046875
2017-03-15,692.85546875
2017-03-16,708.0625
2017-03-17,688.7778930664062
2017-03-20,694.3425903320312
2017-03-21,680.1430053710938
2017-03-22,675.8255004882812
2017-03-23,685.7077026367188
2017-03-24,691.3683471679688
2017-03-27,688.3461303710938
2017-03-28,684.5563354492188
2017-03-29,686.619140625
2017-03-30,691.3203735351562
2017-03-31,696.93310546875
2017-04-03,723.4133911132812
2017-04-05,737.708984375
2017-04-06,732.2882080078125
2017-04-07,735.9818725585938
2017-04-10,768.0751953125
2017-04-11,768.4108276367188
2017-04-12,754.8348999023438
2017-04-13,751.7167358398438
2017-04-17,761.8869018554688
2017-04-18,744.9528198242188
2017-04-19,762.5103149414062
2017-04-20,763.0381469726562
2017-04-21,796.9542236328125
2017-04-24,822.762939453125
2017-04-25,846.3170166015625
2017-04-26,831.6856689453125
2017-04-27,831.6856689453125
2017-04-28,809.7144775390625
2017-05-02,812.0171508789062
2017-05-03,839.2650756835938
2017-05-04,901.24462890625
2017-05-05,915.0123901367188
2017-05-08,894.9602661132812
2017-05-09,927.1013793945312
2017-05-10,978.6231079101562
2017-05-11,1024.38818359375
2017-05-12,981.98095703125
2017-05-15,1019.5426635742188
2017-05-16,1036.3809814453125
2017-05-17,1053.171142578125
2017-05-18,1040.1229248046875
2017-05-19,1017.8157958984376
2017-05-22,953.3898315429688
2017-05-23,926.5256958007812
2017-05-24,896.687255859375
2017-05-25,955.8843383789062
2017-05-26,966.869873046875
2017-05-29,943.6513671875
2017-05-30,948.9764404296876
2017-05-31,989.4645385742188
2017-06-01,1027.07470703125
2017-06-02,1069.4815673828125
2017-06-05,1082.6253662109375
2017-06-06,1055.905517578125
2017-06-07,1085.5999755859375
2017-06-08,1088.81396484375
2017-06-09,1080.4190673828125
2017-06-12,1101.142578125
2017-06-13,1149.546142578125
2017-06-14,1179.6243896484375
2017-06-15,1227.5482177734375
2017-06-16,1196.2227783203125
2017-06-19,1144.7008056640625
2017-06-20,1176.026611328125
2017-06-21,1208.7913818359375
2017-06-22,1156.7896728515625
2017-06-23,1127.7193603515625
2017-06-27,1064.4921875
2017-06-28,1108.290283203125
2017-06-29,1131.2689208984375
2017-06-30,1099.8956298828125
2017-07-03,1079.1715087890625
2017-07-04,1073.3192138671875
2017-07-05,1072.791015625
2017-07-06,1077.348876953125
2017-07-07,1050.0047607421875
2017-07-10,1058.5438232421875
2017-07-11,1070.2010498046875
2017-07-12,1061.614013671875
2017-07-13,1061.94970703125
2017-07-14,1056.3370361328125
2017-07-17,1061.0865478515625
2017-07-18,1032.1114501953125
2017-07-19,1034.2701416015625
2017-07-20,1024.669189453125
2017-07-21,994.9539794921876
2017-07-24,1062.833251953125
2017-07-25,1071.3782958984375
2017-07-26,1066.961669921875
2017-07-27,1083.187255859375
2017-07-28,1058.128662109375
2017-07-31,1025.052978515625
2017-08-01,1016.1243286132812
2017-08-02,1043.1510009765625
2017-08-03,1042.3349609375
2017-08-04,1042.8150634765625
2017-08-07,1043.9671630859375
2017-08-08,1037.1983642578125
2017-08-09,1049.871826171875
2017-08-10,1042.7191162109375
2017-08-11,1042.6708984375
2017-08-14,1039.9346923828125
2017-08-16,1062.7850341796875
2017-08-17,1148.2822265625
2017-08-18,1133.3046875
2017-08-21,1116.7430419921875
2017-08-22,1099.1248779296875
2017-08-23,1110.88623046875
2017-08-24,1126.1038818359375
2017-08-28,1155.0509033203125
2017-08-29,1170.844970703125
2017-08-30,1171.852783203125
2017-08-31,1174.925048828125
2017-09-01,1175.3092041015625
2017-09-04,1170.4605712890625
2017-09-05,1149.7225341796875
2017-09-06,1152.5548095703125
2017-09-07,1204.9764404296875
2017-09-08,1216.737548828125
2017-09-11,1244.1962890625
2017-09-12,1226.6744384765625
2017-09-13,1209.392578125
2017-09-14,1208.0968017578125
2017-09-15,1180.6375732421875
2017-09-18,1204.592041015625
2017-09-19,1227.25048828125
2017-09-20,1236.611572265625
2017-09-21,1224.3704833984375
2017-09-22,1200.2237548828125
2017-09-25,1161.0994873046875
2017-09-26,1171.4688720703125
2017-09-27,1176.317138671875
2017-09-28,1216.737548828125
2017-09-29,1235.3634033203125
2017-10-03,1231.81103515625
2017-10-04,1325.9969482421875
2017-10-05,1364.401123046875
2017-10-06,1379.4749755859375
2017-10-09,1398.6766357421875
2017-10-10,1437.4171142578125
2017-10-11,1410.96630859375
2017-10-12,1402.037353515625
2017-10-13,1376.54638671875
2017-10-16,1376.210693359375
2017-10-17,1423.447509765625
2017-10-18,1430.3121337890625
2017-10-19,1419.6551513671875
2017-10-23,1408.1817626953125
2017-10-24,1375.490478515625
2017-10-25,1335.9342041015625
2017-10-26,1359.8411865234375
2017-10-27,1342.6549072265625
2017-10-30,1338.6224365234375
2017-10-31,1319.324951171875
2017-11-01,1322.6368408203125
2017-11-02,1347.8392333984375
2017-11-03,1384.7554931640625
2017-11-06,1320.95654296875
2017-11-07,1309.05126953125
2017-11-08,1277.5599365234375
2017-11-09,1318.9886474609375
2017-11-10,1316.8759765625
2017-11-13,1296.6661376953125
2017-11-14,1271.0311279296875
2017-11-15,1276.0238037109375
2017-11-16,1294.8419189453125
2017-11-17,1332.862060546875
2017-11-20,1292.7777099609375
2017-11-21,1277.223876953125
2017-11-22,1268.2470703125
2017-11-23,1268.2470703125
2017-11-24,1262.2464599609375
2017-11-27,1250.5810546875
2017-11-28,1245.6368408203125
2017-11-29,1236.467529296875
2017-11-30,1244.6287841796875
2017-12-01,1230.6109619140625
2017-12-04,1202.3360595703125
2017-12-05,1213.953125
2017-12-06,1209.0086669921875
2017-12-07,1236.467529296875
2017-12-08,1249.2369384765625
2017-12-11,1243.8604736328125
2017-12-12,1286.6329345703125
2017-12-13,1325.7093505859375
2017-12-14,1283.8968505859375
2017-12-15,1347.407470703125
2017-12-18,1338.5264892578125
2017-12-19,1376.690673828125
2017-12-20,1421.95947265625
2017-12-21,1499.9678955078125
2017-12-22,1472.844482421875
2017-12-26,1439.049072265625
2017-12-27,1436.072998046875
2017-12-28,1424.2159423828125
2017-12-29,1433.9127197265625
2018-01-01,1423.6397705078125
2018-01-02,1396.3245849609375
2018-01-03,1420.2794189453125
2018-01-04,1435.352783203125
2018-01-05,1513.2650146484375
2018-01-08,1495.8870849609375
2018-01-09,1477.5970458984375
2018-01-10,1482.4456787109375
2018-01-11,1502.800048828125
2018-01-12,1481.19775390625
2018-01-15,1457.3868408203125
2018-01-16,1424.8878173828125
2018-01-17,1409.9581298828125
2018-01-18,1342.5111083984375
2018-01-19,1363.056884765625
2018-01-22,1411.0142822265625
2018-01-23,1411.350341796875
2018-01-24,1357.536376953125
2018-01-25,1302.9547119140625
2018-01-29,1239.5880126953125
2018-01-30,1183.27783203125
2018-01-31,1234.4033203125
2018-02-01,1232.6273193359375
2018-02-02,1186.8304443359375
2018-02-05,1122.5472412109375
2018-02-06,1127.9766845703125
2018-02-07,1107.3656005859375
2018-02-08,1112.41015625
2018-02-09,1085.4095458984375
2018-02-12,1110.8729248046875
2018-02-14,1109.1912841796875
2018-02-15,1104.96337890625
2018-02-16,1094.586181640625
2018-02-19,1069.795166015625
2018-02-20,1069.507080078125
2018-02-21,1105.44384765625
2018-02-22,1145.5125732421875
2018-02-23,1135.8077392578125
2018-02-26,1111.4013671875
2018-02-27,1096.988037109375
2018-02-28,1091.6072998046875
2018-03-01,1108.85498046875
2018-03-05,1114.380126953125
2018-03-06,1094.489990234375
2018-03-07,1064.894775390625
2018-03-08,1069.795166015625
2018-03-09,1080.1727294921875
2018-03-12,1090.790283203125
2018-03-13,1115.86962890625
2018-03-14,1119.08837890625
2018-03-15,1102.561279296875
2018-03-16,1109.143310546875
2018-03-19,1083.439697265625
2018-03-20,1064.1258544921875
2018-03-21,1029.39013671875
2018-03-22,999.9392700195312
2018-03-23,973.03466796875
2018-03-26,969.7676391601562
2018-03-27,969.815673828125
2018-03-28,963.1375732421876
2018-04-02,953.720947265625
2018-04-03,964.626953125
2018-04-04,970.5843505859376
2018-04-05,995.135009765625
2018-04-06,986.7752075195312
2018-04-09,991.4356689453124
2018-04-10,985.7182006835938
2018-04-11,1011.2776489257812
2018-04-12,998.4979248046876
2018-04-13,1001.8128662109376
2018-04-16,995.8556518554688
2018-04-17,996.7203979492188
2018-04-18,974.5239868164062
2018-04-19,961.4080200195312
2018-04-20,956.6998291015624
2018-04-23,955.9790649414062
2018-04-24,951.5109252929688
2018-04-25,914.5170288085938
2018-04-26,922.7325439453124
2018-04-27,935.2720947265624
2018-04-30,943.3914184570312
2018-05-02,946.5623168945312
2018-05-03,944.3045043945312
2018-05-04,927.2008056640624
2018-05-07,923.7415771484376
2018-05-08,906.3496704101562
2018-05-09,908.3193969726562
2018-05-10,897.125244140625
2018-05-11,895.924072265625
2018-05-14,899.6714477539062
2018-05-15,883.5768432617188
2018-05-16,940.4127807617188
2018-05-17,941.6138916015624
2018-05-18,920.85888671875
2018-05-21,881.751220703125
2018-05-22,914.084716796875
2018-05-23,909.328369140625
2018-05-24,883.4326171875
2018-05-25,876.46630859375
2018-05-28,883.5286254882812
2018-05-29,918.8890991210938
2018-05-30,878.3399658203125
2018-05-31,881.030517578125
2018-06-01,868.0106201171875
2018-06-04,852.7805786132812
2018-06-05,836.7819213867188
2018-06-06,869.0194091796875
2018-06-07,855.0386962890625
2018-06-08,855.4229736328125
2018-06-11,865.320068359375
2018-06-12,860.563720703125
2018-06-13,855.2308349609375
2018-06-14,851.051025390625
2018-06-15,833.7551879882812
2018-06-18,809.9253540039062
2018-06-19,764.4276733398438
2018-06-20,784.7503662109375
2018-06-21,775.669921875
2018-06-22,772.7874145507812
2018-06-25,770.048828125
2018-06-26,766.9739990234375
2018-06-27,724.4070434570312
2018-06-28,720.41943359375
2018-06-29,745.8346557617188
2018-07-02,791.9088745117188
2018-07-03,800.65283203125
2018-07-04,808.1476440429688
2018-07-05,837.1663208007812
2018-07-06,848.4085693359375
2018-07-09,841.4421997070312
2018-07-10,812.61572265625
2018-07-11,791.6685791015625
2018-07-12,787.9212646484375
2018-07-13,768.6075439453125
2018-07-16,743.8649291992188
2018-07-17,754.0983276367188
2018-07-18,767.8870239257812
2018-07-19,752.1764526367188
2018-07-20,755.2033081054688
2018-07-23,762.3618774414062
2018-07-24,784.9425659179688
2018-07-25,811.7510986328125
2018-07-26,808.7241821289062
2018-07-27,870.5087890625
2018-07-30,901.2088623046876
2018-07-31,883.7689819335938
2018-08-01,870.7010498046875
2018-08-02,880.8383178710938
2018-08-03,887.9968872070312
2018-08-06,883.7689819335938
2018-08-07,887.4683837890625
2018-08-08,875.5534057617188
2018-08-09,877.1869506835938
2018-08-10,879.6852416992188
2018-08-13,869.6920776367188
2018-08-14,869.2116088867188
2018-08-16,854.4141235351562
2018-08-17,850.2342529296875
2018-08-20,833.5149536132812
2018-08-21,814.1531982421875
2018-08-23,808.1476440429688
2018-08-24,807.5711059570312
2018-08-27,818.4290771484375
2018-08-28,830.15185546875
2018-08-29,814.8258666992188
2018-08-30,809.973388671875
2018-08-31,800.17236328125
2018-09-03,829.1429443359375
2018-09-04,805.8414916992188
2018-09-05,784.3658447265625
2018-09-06,780.714599609375
2018-09-07,775.9102783203125
2018-09-10,760.1519165039062
2018-09-11,734.1599731445312
2018-09-12,739.0604858398438
2018-09-14,749.5819702148438
2018-09-17,754.9630737304688
2018-09-18,744.1531372070312
2018-09-19,730.7534790039062
2018-09-21,729.5506591796875
2018-09-24,702.6549682617188
2018-09-25,695.9671020507812
2018-09-26,679.4639892578125
2018-09-27,643.3786010742188
2018-09-28,648.3825073242188
2018-10-01,641.5021362304688
2018-10-03,654.685546875
2018-10-04,647.5646362304688
2018-10-05,640.1068725585938
2018-10-08,618.744384765625
2018-10-09,621.6311645507812
2018-10-10,618.4556274414062
2018-10-11,597.0930786132812
2018-10-12,618.4075927734375
2018-10-15,617.3490600585938
2018-10-16,635.1511840820312
2018-10-17,609.265869140625
2018-10-19,603.781005859375
2018-10-22,606.0903930664062
2018-10-23,569.4275512695312
2018-10-24,568.1287231445312
2018-10-25,541.2810668945312
2018-10-26,544.0235595703125
2018-10-29,573.6616821289062
2018-10-30,607.7262573242188
2018-10-31,599.1619873046875
2018-11-01,636.1134643554688
2018-11-02,659.3524780273438
2018-11-05,669.793212890625
2018-11-06,671.1405029296875
2018-11-07,675.1336059570312
2018-11-09,654.589111328125
2018-11-12,637.6048583984375
2018-11-13,619.7546997070312
2018-11-14,625.3358764648438
2018-11-15,623.4595336914062
2018-11-16,618.936767578125
2018-11-19,623.26708984375
2018-11-20,609.7470703125
2018-11-21,606.6677856445312
2018-11-22,601.6639404296875
2018-11-26,601.1827392578125
2018-11-27,596.94873046875
2018-11-28,599.8836669921875
2018-11-29,595.7459106445312
2018-11-30,590.7901611328125
2018-12-03,589.9722900390625
2018-12-04,601.375244140625
2018-12-05,589.3948364257812
2018-12-06,591.6080322265625
2018-12-07,590.982666015625
2018-12-10,576.259765625
2018-12-11,569.8125
2018-12-12,595.16845703125
2018-12-13,600.5573120117188
2018-12-14,595.1204833984375
2018-12-17,581.311767578125
2018-12-18,585.6419677734375
2018-12-19,613.0670166015625
2018-12-20,616.29052734375
2018-12-21,622.3528442382812
2018-12-24,629.2332153320312
2018-12-26,629.6661376953125
2018-12-27,655.0221557617188
2018-12-28,656.177001953125
2018-12-31,644.8701782226562
2019-01-01,636.7870483398438
2019-01-02,651.02880859375
2019-01-03,657.2835083007812
2019-01-04,647.5164184570312
2019-01-07,648.1898803710938
2019-01-08,670.9479370117188
2019-01-09,660.3148193359375
2019-01-10,660.5072021484375
2019-01-11,662.3836059570312
2019-01-14,666.5695190429688
2019-01-15,653.1937866210938
2019-01-16,656.7061767578125
2019-01-17,656.0807495117188
2019-01-18,646.6022338867188
2019-01-21,637.79736328125
2019-01-22,649.3447875976562
2019-01-23,639.0965576171875
2019-01-24,619.0328979492188
2019-01-25,622.7919311523438
2019-01-28,623.755615234375
2019-01-29,615.611572265625
2019-01-30,613.6357421875
2019-01-31,612.7684936523438
2019-02-01,606.9378051757812
2019-02-04,599.3720703125
2019-02-05,595.565185546875
2019-02-06,596.6251831054688
2019-02-07,590.0233154296875
2019-02-08,590.2162475585938
2019-02-11,571.1817016601562
2019-02-12,554.6527709960938
2019-02-14,567.9047241210938
2019-02-15,569.6878051757812
2019-02-18,564.6278686523438
2019-02-19,551.6168823242188
2019-02-20,557.2550659179688
2019-02-21,595.3242797851562
2019-02-22,588.72216796875
2019-02-25,580.3856201171875
2019-02-26,560.6282958984375
2019-02-27,555.0865478515625
2019-02-28,542.9429321289062
2019-03-01,547.5691528320312
2019-03-05,556.0984497070312
2019-03-06,564.00146484375
2019-03-07,579.90380859375
2019-03-08,580.722900390625
2019-03-11,578.0725708007812
2019-03-12,587.2765502929688
2019-03-13,586.1201171875
2019-03-14,600.8177490234375
2019-03-15,602.9861450195312
2019-03-18,607.1785888671875
2019-03-19,615.7562255859375
2019-03-20,604.865478515625
2019-03-22,592.239990234375
2019-03-25,587.5657958984375
2019-03-26,578.1690673828125
2019-03-27,576.2896118164062
2019-03-28,577.9761962890625
2019-04-01,597.2035522460938
2019-04-02,590.6016235351562
2019-04-03,590.3124389648438
2019-04-04,590.3124389648438
2019-04-05,615.467041015625
2019-04-08,663.0293579101562
2019-04-09,653.1024169921875
2019-04-10,645.5849609375
2019-04-11,646.2597045898438
2019-04-12,663.8003540039062
2019-04-15,678.1607055664062
2019-04-16,712.3746337890625
2019-04-18,702.6887817382812
2019-04-22,676.9077758789062
2019-04-23,705.1947021484375
2019-04-24,707.5557861328125
2019-04-25,694.9784545898438
2019-04-26,693.7257080078125
2019-04-30,685.4853515625
2019-05-02,706.9293212890625
2019-05-03,691.4608154296875
2019-05-06,686.6900024414062
2019-05-07,671.6551513671875
2019-05-08,642.260009765625
2019-05-09,649.97021484375
2019-05-10,643.8021240234375
2019-05-13,660.4271850585938
2019-05-14,660.7644653320312
2019-05-15,660.6680908203125
2019-05-16,658.8369750976562
2019-05-17,661.8728637695312
2019-05-20,698.4962768554688
2019-05-21,714.4949951171875
2019-05-22,715.025146484375
2019-05-23,728.4697265625
2019-05-24,765.4788208007812
2019-05-27,748.516357421875
2019-05-28,789.765869140625
2019-05-29,786.8745727539062
2019-05-30,770.7794799804688
2019-05-31,765.623291015625
2019-06-03,767.3098754882812
2019-06-04,764.4185791015625
2019-06-06,741.962646484375
2019-06-07,720.325927734375
2019-06-10,704.9054565429688
2019-06-11,702.1104125976562
2019-06-12,693.6774291992188
2019-06-13,683.0277099609375
2019-06-14,660.186279296875
2019-06-17,644.6695556640625
2019-06-18,657.6322631835938
2019-06-19,657.3912963867188
2019-06-20,663.7041015625
2019-06-21,667.366455078125
2019-06-24,653.3434448242188
2019-06-25,650.4522094726562
2019-06-26,653.488037109375
2019-06-27,667.029052734375
2019-06-28,671.8960571289062
2019-07-01,670.739501953125
2019-07-02,673.3900146484375
2019-07-03,673.9200439453125
2019-07-04,666.2098388671875
2019-07-05,665.4869995117188
2019-07-08,643.4165649414062
2019-07-09,649.97021484375
2019-07-10,642.2118530273438
2019-07-11,643.8984985351562
2019-07-12,642.115478515625
2019-07-15,640.4769897460938
2019-07-16,637.9230346679688
2019-07-17,623.3699951171875
2019-07-18,602.1187744140625
2019-07-19,583.5660400390625
2019-07-22,555.4720458984375
2019-07-23,529.0165405273438
2019-07-24,541.5470581054688
2019-07-25,519.6243286132812
2019-07-26,545.6997680664062
2019-07-29,535.41455078125
2019-07-30,515.08544921875
2019-07-31,506.6832275390625
2019-08-01,481.718505859375
2019-08-02,493.5490417480469
2019-08-05,481.1391296386719
2019-08-06,489.29974365234375
2019-08-07,481.6702575683594
2019-08-08,505.3312072753906
2019-08-09,511.125732421875
2019-08-13,512.8641967773438
2019-08-14,519.576171875
2019-08-16,536.7665405273438
2019-08-19,554.4398803710938
2019-08-20,540.9193115234375
2019-08-21,539.1327514648438
2019-08-22,539.95361328125
2019-08-23,530.5858154296875
2019-08-26,546.1344604492188
2019-08-27,575.5899047851562
2019-08-28,570.6162719726562
2019-08-29,557.8199462890625
2019-08-30,556.0816040039062
2019-09-03,551.6875610351562
2019-09-04,554.8743896484375
2019-09-05,556.5162353515625
2019-09-06,559.0270385742188
2019-09-09,569.071044921875
2019-09-11,560.958740234375
2019-09-12,561.3450317382812
2019-09-13,563.8560791015625
2019-09-16,575.7348022460938
2019-09-17,558.5443725585938
2019-09-18,545.8446655273438
2019-09-19,541.0159301757812
2019-09-20,605.7698364257812
2019-09-23,703.504150390625
2019-09-24,675.5938720703125
2019-09-25,670.57177734375
2019-09-26,654.00927734375
2019-09-27,635.3701782226562
2019-09-30,625.4711303710938
2019-10-01,617.5037231445312
2019-10-03,609.1499633789062
2019-10-04,596.257080078125
2019-10-07,589.1588134765625
2019-10-09,568.5399169921875
2019-10-10,567.9605102539062
2019-10-11,567.2844848632812
2019-10-14,612.7716064453125
2019-10-15,606.0111694335938
2019-10-16,607.7979125976562
2019-10-17,618.3245849609375
2019-10-18,621.8978881835938
2019-10-22,609.3430786132812
2019-10-23,595.9672241210938
2019-10-24,596.0156860351562
2019-10-25,579.935791015625
2019-10-27,603.500244140625
2019-10-29,589.9796752929688
2019-10-30,587.7101440429688
2019-10-31,599.685546875
2019-11-01,668.3506469726562
2019-11-04,668.1092529296875
2019-11-05,649.1804809570312
2019-11-06,645.5588989257812
2019-11-07,663.3287353515625
2019-11-08,652.2225952148438
2019-11-11,649.5668334960938
2019-11-13,647.10400390625
2019-11-14,675.5455322265625
2019-11-15,705.2426147460938
2019-11-18,715.1898193359375
2019-11-19,711.8096923828125
2019-11-20,712.3408813476562
2019-11-21,719.922119140625
2019-11-22,724.4127197265625
2019-11-25,760.2423706054688
2019-11-26,736.9675903320312
2019-11-27,754.6892700195312
2019-11-28,747.9288940429688
2019-11-29,742.4241333007812
2019-12-02,732.042236328125
2019-12-03,728.5172119140625
2019-12-04,727.9378051757812
2019-12-05,715.3347778320312
2019-12-06,706.7394409179688
2019-12-09,712.3892211914062
2019-12-10,714.6102905273438
2019-12-11,715.8658447265625
2019-12-12,737.5469970703125
2019-12-13,740.2994384765625
2019-12-16,747.880615234375
2019-12-17,737.6435546875
2019-12-18,731.84912109375
2019-12-19,733.828857421875
2019-12-20,716.5419311523438
2019-12-23,706.7394409179688
2019-12-24,706.8361206054688
2019-12-26,698.1925048828125
2019-12-27,728.3240356445312
2019-12-30,749.0878295898438
2019-12-31,733.4425048828125
2020-01-01,790.760009765625
2020-01-02,800.5625610351562
2020-01-03,812.73095703125
2020-01-06,785.68994140625
2020-01-07,787.5731201171875
2020-01-08,823.3059692382812
2020-01-09,820.8916015625
2020-01-10,858.1698608398438
2020-01-13,854.88623046875
2020-01-14,849.8643798828125
2020-01-15,842.427978515625
2020-01-16,825.720458984375
2020-01-17,848.0776977539062
2020-01-20,831.3218383789062
2020-01-21,827.6038208007812
2020-01-22,843.4419555664062
2020-01-23,817.3184204101562
2020-01-24,798.2446899414062
2020-01-27,784.531005859375
2020-01-28,787.5248413085938
2020-01-29,783.1307373046875
2020-01-30,768.9823608398438
2020-01-31,766.0330810546875
2020-02-03,747.0803833007812
2020-02-04,765.0178833007812
2020-02-05,774.5424194335938
2020-02-06,783.9220581054688
2020-02-07,782.0364379882812
2020-02-10,763.6156616210938
2020-02-11,765.0178833007812
2020-02-12,750.60986328125
2020-02-13,748.3375244140625
2020-02-14,758.1039428710938
2020-02-17,749.1595458984375
2020-02-18,749.8847045898438
2020-02-19,764.7760009765625
2020-02-20,800.1670532226562
2020-02-24,760.76318359375
2020-02-25,749.8363037109375
2020-02-26,758.2006225585938
2020-02-27,754.0426635742188
2020-02-28,719.9569702148438
2020-03-02,708.4984130859375
2020-03-03,721.8426513671875
2020-03-04,731.6089477539062
2020-03-05,741.8104858398438
2020-03-06,725.9521484375
2020-03-09,698.6353149414062
2020-03-11,699.8440551757812
2020-03-12,626.5477294921875
2020-03-13,626.8378295898438
2020-03-16,579.6980590820312
2020-03-17,581.922119140625
2020-03-18,546.8694458007812
2020-03-19,536.5228881835938
2020-03-20,586.2251586914062
2020-03-23,469.2702026367188
2020-03-24,441.2280578613281
2020-03-25,503.2591552734375
2020-03-26,525.3060302734375
2020-03-27,502.6305541992188
2020-03-30,469.1735229492188
2020-03-31,480.6320495605469
2020-04-01,459.2136840820313
2020-04-03,463.22662353515625
2020-04-07,466.0792236328125
2020-04-08,473.18646240234375
2020-04-09,501.0835876464844
2020-04-13,501.9054260253906
2020-04-15,506.9336242675781
2020-04-16,513.4606323242188
2020-04-17,503.0657653808594
2020-04-20,520.0361328125
2020-04-21,487.0624694824219
2020-04-22,480.438720703125
2020-04-23,483.7263793945313
2020-04-24,463.8551940917969
2020-04-27,459.2136840820313
2020-04-28,456.89300537109375
2020-04-29,454.08880615234375
2020-04-30,489.6731872558594
2020-05-04,484.1131896972656
2020-05-05,471.4942321777344
2020-05-06,479.8101501464844
2020-05-07,481.1639099121094
2020-05-08,478.8432312011719
2020-05-11,495.3783264160156
2020-05-12,485.8053894042969
2020-05-13,488.2228088378906
2020-05-14,491.1720886230469
2020-05-15,503.5492858886719
2020-05-18,498.1826171875
2020-05-19,488.3194885253906
2020-05-20,482.0342102050781
2020-05-21,489.5765686035156
2020-05-22,483.3879089355469
2020-05-26,488.8996887207031
2020-05-27,488.9480590820313
2020-05-28,500.2615661621094
2020-05-29,502.7756958007813
2020-06-01,508.6258850097656
2020-06-02,532.0264892578125
2020-06-03,540.3424072265625
2020-06-04,524.000732421875
2020-06-05,547.54638671875
2020-06-08,560.0687255859375
2020-06-09,549.91552734375
2020-06-10,540.6325073242188
2020-06-11,530.2374877929688
2020-06-12,531.4946899414062
2020-06-15,517.0868530273438
2020-06-16,518.5856323242188
2020-06-17,519.9877319335938
2020-06-18,520.6646118164062
2020-06-19,527.7234497070312
2020-06-22,559.14990234375
2020-06-23,592.7039184570312
2020-06-24,565.677001953125
2020-06-25,607.740234375
2020-06-26,588.9326171875
2020-06-29,561.7608032226562
2020-06-30,572.2523193359375
2020-07-01,575.3468017578125
2020-07-02,580.0848999023438
2020-07-03,580.6167602539062
2020-07-06,600.1495971679688
2020-07-07,649.0298461914062
2020-07-08,655.798583984375
2020-07-09,689.4974365234375
2020-07-10,668.7075805664062
2020-07-13,647.4827270507812
2020-07-14,634.7186279296875
2020-07-15,652.1240844726562
2020-07-16,662.3739624023438
2020-07-17,648.4495849609375
2020-07-20,641.874267578125
2020-07-21,653.9612426757812
2020-07-22,643.03466796875
2020-07-23,686.9833374023438
2020-07-24,696.2662353515625
2020-07-27,663.7276611328125
2020-07-28,670.7866821289062
2020-07-29,657.58740234375
2020-07-30,659.0379028320312
2020-07-31,658.9895629882812
2020-08-03,648.83642578125
2020-08-04,642.7928466796875
2020-08-05,652.3659057617188
2020-08-06,641.729248046875
2020-08-07,637.6195678710938
2020-08-10,643.2763671875
2020-08-11,642.406005859375
2020-08-12,640.3754272460938
2020-08-13,641.2456665039062
2020-08-14,643.8081665039062
2020-08-17,650.0933837890625
2020-08-18,689.4974365234375
2020-08-19,671.3184814453125
2020-08-20,666.677001953125
2020-08-21,658.8445434570312
2020-08-24,667.3538818359375
2020-08-25,677.0719604492188
2020-08-26,683.7922973632812
2020-08-27,682.00341796875
2020-08-28,691.5281372070312
2020-08-31,661.358642578125
2020-09-01,650.1902465820312
2020-09-02,648.4012451171875
2020-09-03,660.05322265625
2020-09-04,654.5415649414062
2020-09-07,640.3271484375
2020-09-08,633.6066284179688
2020-09-09,626.015869140625
2020-09-10,634.9603271484375
2020-09-11,629.2070922851562
2020-09-14,631.91455078125
2020-09-15,635.0570678710938
2020-09-16,630.7056884765625
2020-09-17,627.03125
2020-09-18,627.8531494140625
2020-09-21,602.8087158203125
2020-09-22,594.4444580078125
2020-09-23,604.4041748046875
2020-09-24,600.874755859375
2020-09-25,610.25439453125
2020-09-28,618.1351318359375
2020-09-29,610.9795532226562
2020-09-30,628.7234497070312
2020-10-01,611.0279541015625
2020-10-05,606.6765747070312
2020-10-06,606.2896728515625
2020-10-07,600.3428955078125
2020-10-08,595.701416015625
2020-10-09,595.7982177734375
2020-10-12,583.5176391601562
2020-10-13,578.1025390625
2020-10-14,575.10498046875
2020-10-15,562.534423828125
2020-10-16,573.219482421875
2020-10-19,561.3739624023438
2020-10-20,559.923583984375
2020-10-21,553.8316650390625
2020-10-22,528.20703125
2020-10-23,541.2127685546875
2020-10-26,553.5899047851562
2020-10-27,548.4649658203125
2020-10-28,547.3046875
2020-10-29,537.2481079101562
2020-10-30,544.7421264648438
2020-11-02,540.1491088867188
2020-11-03,538.118408203125
2020-11-04,533.4769897460938
2020-11-05,541.019287109375
2020-11-06,542.7116088867188
2020-11-09,550.3021240234375
2020-11-10,545.9991455078125
2020-11-11,540.197509765625
2020-11-12,532.0264892578125
2020-11-13,557.2161254882812
2020-11-14,563.3079833984375
2020-11-17,603.3405151367188
2020-11-18,590.8182983398438
2020-11-19,586.8536376953125
2020-11-20,591.0599975585938
2020-11-23,581.6321411132812
2020-11-24,594.7828369140625
2020-11-25,587.5789794921875
2020-11-26,585.693359375
2020-11-27,589.1742553710938
2020-12-01,584.0978393554688
2020-12-02,590.141357421875
2020-12-03,595.5079345703125
2020-12-04,625.00048828125
2020-12-07,629.2070922851562
2020-12-08,627.9498901367188
2020-12-09,628.6751708984375
2020-12-10,629.3035278320312
2020-12-11,632.2528076171875
2020-12-14,630.6573486328125
2020-12-15,625.2423095703125
2020-12-16,614.702392578125
2020-12-17,616.201171875
2020-12-18,609.4323120117188
2020-12-21,589.1260375976562
2020-12-22,584.822998046875
2020-12-23,592.172119140625
2020-12-24,591.25341796875
2020-12-28,583.17919921875
2020-12-29,585.4998779296875
2020-12-30,581.3419189453125
2020-12-31,581.2936401367188
2021-01-01,600.0527954101562
2021-01-04,597.8771362304688
2021-01-05,591.25341796875
2021-01-06,580.9068603515625
2021-01-07,623.3084716796875
2021-01-08,634.9603271484375
2021-01-11,636.5075073242188
2021-01-12,630.899169921875
2021-01-13,616.0562133789062
2021-01-14,616.2978515625
2021-01-15,610.2058715820312
2021-01-18,600.5362548828125
2021-01-19,598.795654296875
2021-01-20,604.64599609375
2021-01-21,608.7071533203125
2021-01-22,599.6660766601562
2021-01-25,596.95849609375
2021-01-27,583.37255859375
2021-01-28,584.919677734375
2021-01-29,596.5233764648438
2021-02-01,595.9916381835938
2021-02-02,600.2945556640625
2021-02-03,613.01025390625
2021-02-04,615.3309326171875
2021-02-05,602.5184326171875
2021-02-08,599.030517578125
2021-02-09,591.8605346679688
2021-02-10,582.3167114257812
2021-02-11,581.5901489257812
2021-02-12,581.1055908203125
2021-02-15,582.510498046875
2021-02-16,587.4035034179688
2021-02-17,590.84326171875
2021-02-18,591.7636108398438
2021-02-19,597.8678588867188
2021-02-22,591.9573974609375
2021-02-23,593.9921264648438
2021-02-24,591.81201171875
2021-02-25,595.881591796875
2021-02-26,584.739013671875
2021-03-01,588.8085327148438
2021-03-02,591.2307739257812
2021-03-03,611.2872314453125
2021-03-04,600.9683227539062
2021-03-05,636.7697143554688
2021-03-08,654.7430419921875
2021-03-09,641.8565063476562
2021-03-10,636.9635009765625
2021-03-12,630.326416015625
2021-03-15,641.9533081054688
2021-03-16,642.0502319335938
2021-03-17,643.552001953125
2021-03-18,648.5903930664062
2021-03-19,652.9989624023438
2021-03-22,648.3966674804688
2021-03-23,649.0264282226562
2021-03-24,630.0357666015625
2021-03-25,620.5888061523438
2021-03-26,612.2077026367188
2021-03-30,614.58154296875
2021-03-31,605.376953125
2021-04-01,620.7341918945312
2021-04-05,617.1976318359375
2021-04-06,613.3219604492188
2021-04-07,618.3118896484375
2021-04-08,625.4818725585938
2021-04-09,638.4168701171875
2021-04-12,596.5113525390625
2021-04-13,594.42822265625
2021-04-15,587.3067016601562
2021-04-16,585.7079467773438
2021-04-19,565.6514892578125
2021-04-20,564.5856323242188
2021-04-22,564.5856323242188
2021-04-23,572.9667358398438
2021-04-26,582.17138671875
2021-04-27,583.91552734375
2021-04-28,589.5836181640625
2021-04-29,609.7369995117188
2021-04-30,617.8759155273438
2021-05-03,626.9835815429688
2021-05-04,622.8656616210938
2021-05-05,639.1919555664062
2021-05-06,686.232666015625
2021-05-07,694.1293334960938
2021-05-10,698.2471313476562
2021-05-11,708.275390625
2021-05-12,683.0352783203125
2021-05-14,687.68603515625
2021-05-17,705.9984741210938
2021-05-18,716.1236572265625
2021-05-19,723.6326904296875
2021-05-20,724.2139892578125
2021-05-21,787.3387451171875
2021-05-24,814.322998046875
2021-05-25,783.1239624023438
2021-05-26,782.784912109375
2021-05-27,806.4747314453125
2021-05-28,786.3698120117188
2021-05-31,785.8853149414062
2021-06-01,761.4686889648438
2021-06-02,772.6597290039062
2021-06-03,769.3170166015625
2021-06-04,761.807861328125
2021-06-07,759.7732543945312
2021-06-08,745.239501953125
2021-06-09,743.9798583984375
2021-06-10,746.1599731445312
2021-06-11,781.6705322265625
2021-06-14,774.791259765625
2021-06-15,785.7401123046875
2021-06-16,788.840576171875
2021-06-17,781.7191162109375
2021-06-18,774.6459350585938
2021-06-21,786.176025390625
2021-06-22,766.5556030273438
2021-06-23,762.3407592773438
2021-06-24,762.2923583984375
2021-06-25,751.4404907226562
2021-06-28,760.7904663085938
2021-06-29,756.2850341796875
2021-06-30,759.531005859375
2021-07-01,765.7318725585938
2021-07-02,785.9337158203125
2021-07-05,837.576904296875
2021-07-06,849.2037963867188
2021-07-07,924.6337280273438
2021-07-08,916.0104370117188
2021-07-09,955.5419921875
2021-07-12,984.1250610351562
2021-07-13,986.4019775390624
2021-07-14,981.0729370117188
2021-07-15,990.1322631835938
2021-07-16,1090.1240234375
2021-07-19,1064.5447998046875
2021-07-20,1021.6705322265624
2021-07-22,1046.1839599609375
2021-07-23,1023.8018798828124
2021-07-26,1036.6884765625
2021-07-27,1005.2958374023438
2021-07-28,1005.4409790039062
2021-07-29,1026.0789794921875
2021-07-30,913.7818603515624
2021-08-02,907.669677734375
2021-08-03,869.2013549804688
2021-08-04,843.4910278320312
2021-08-05,854.357177734375
2021-08-06,845.576904296875
2021-08-09,816.0828857421875
2021-08-10,790.8092041015625
2021-08-11,775.2374877929688
2021-08-12,822.7772827148438
2021-08-13,799.2984008789062
2021-08-16,775.1404418945312
2021-08-17,770.9686279296875
2021-08-18,788.8688354492188
2021-08-20,760.7816162109375
2021-08-23,722.2645874023438
2021-08-24,777.0323486328125
2021-08-25,782.0288696289062
2021-08-26,779.5548706054688
2021-08-27,763.7891235351562
2021-08-30,805.3621215820312
2021-08-31,790.22705078125
2021-09-01,787.6074829101562
2021-09-02,790.9547729492188
2021-09-03,785.9581298828125
2021-09-06,795.1265258789062
2021-09-07,781.3983154296875
2021-09-08,778.9727172851562
2021-09-09,761.9457397460938
2021-09-13,745.0158081054688
2021-09-14,763.0615844726562
2021-09-15,753.9415893554688
2021-09-16,761.7518310546875
2021-09-17,793.913818359375
2021-09-20,789.4024047851562
2021-09-21,797.3095703125
2021-09-22,814.8216552734375
2021-09-23,847.3232421875
2021-09-24,845.9650268554688
2021-09-27,816.9075927734375
2021-09-28,816.325439453125
2021-09-29,820.4487915039062
2021-09-30,833.1583251953125
2021-10-01,846.256103515625
2021-10-04,845.285888671875
2021-10-05,849.5062255859375
2021-10-06,845.9164428710938
2021-10-07,845.285888671875
2021-10-08,839.80419921875
2021-10-11,881.8138427734375
2021-10-12,883.6571655273438
2021-10-13,895.6876831054688
2021-10-14,879.5338745117188
2021-10-18,880.60107421875
2021-10-19,874.5372924804688
2021-10-20,869.637939453125
2021-10-21,897.3855590820312
2021-10-22,884.3848266601562
2021-10-25,864.3017578125
2021-10-26,865.514404296875
2021-10-27,878.51513671875
2021-10-28,863.380126953125
2021-10-29,888.5567626953125
2021-11-01,888.0715942382812
2021-11-02,897.0945434570312
2021-11-03,891.1762084960938
2021-11-04,895.833251953125
2021-11-08,897.531005859375
2021-11-09,960.5454711914062
2021-11-10,936.5814819335938
2021-11-11,917.5657348632812
2021-11-12,941.3355712890624
2021-11-15,939.3466796875
2021-11-16,916.9349975585938
2021-11-17,892.6799926757812
2021-11-18,896.2698364257812
2021-11-22,889.8179931640625
2021-11-23,895.3480224609375
2021-11-24,892.7286376953125
2021-11-25,893.11669921875
2021-11-26,895.4451293945312
2021-11-29,888.5081176757812
2021-11-30,917.8081665039062
2021-12-01,945.410400390625
2021-12-02,934.4472045898438
2021-12-03,941.1900634765624
2021-12-06,896.7548828125
2021-12-07,925.86083984375
2021-12-08,934.5926513671876
2021-12-09,925.3757934570312
2021-12-10,905.7293090820312
2021-12-13,910.82275390625
2021-12-14,912.1810302734376
2021-12-15,924.7936401367188
2021-12-16,950.6009521484376
2021-12-17,926.2974853515624
2021-12-20,888.8963012695312
2021-12-21,894.0383911132812
2021-12-22,890.7882690429688
2021-12-23,891.03076171875
2021-12-24,890.2060546875
2021-12-27,887.8776245117188
2021-12-28,900.9752807617188
2021-12-29,901.7999267578124
2021-12-30,888.3627319335938
2021-12-31,888.3627319335938
2022-01-03,888.79931640625
2022-01-04,888.8477783203125
2022-01-05,898.3557739257812
2022-01-06,890.4970703125
2022-01-07,912.47216796875
2022-01-10,906.8934936523438
2022-01-11,895.6876831054688
2022-01-12,900.6842041015625
2022-01-13,930.1297607421876
2022-01-14,924.5511474609376
2022-01-17,942.2086791992188
2022-01-18,926.0064086914062
2022-01-19,936.0479736328124
2022-01-20,938.1338500976562
2022-01-21,898.2101440429688
2022-01-24,863.0405883789062
2022-01-25,870.7535400390625
2022-01-27,870.8506469726562
2022-01-28,834.5166625976562
2022-01-31,856.1036376953125
2022-02-01,846.5955200195312
2022-02-02,893.2136840820312
2022-02-03,893.019287109375
2022-02-04,890.2489624023438
2022-02-07,899.0946044921875
2022-02-08,885.1943359375
2022-02-09,914.1127319335938
2022-02-10,910.4189453125
2022-02-11,880.3826904296875
2022-02-14,876.008544921875
2022-02-15,871.1483764648438
2022-02-16,909.641357421875
2022-02-17,899.6778564453125
2022-02-18,907.4056396484376
2022-02-21,863.5663452148438
2022-02-22,850.2492065429688
2022-02-23,864.2953491210938
2022-02-24,806.215576171875
2022-02-25,847.3331909179688
2022-02-28,853.6028442382812
2022-03-02,833.1898803710938
2022-03-03,851.0269775390625
2022-03-04,826.3855590820312
2022-03-07,827.1145629882812
2022-03-08,817.0053100585938
2022-03-09,830.273681640625
2022-03-10,803.5424194335938
2022-03-11,803.2022094726562
2022-03-14,797.6129760742188
2022-03-15,786.8232421875
2022-03-16,808.4998779296875
2022-03-17,867.3087768554688
2022-03-21,845.9236450195312
2022-03-22,836.5433959960938
2022-03-23,856.0328979492188
2022-03-24,865.75341796875
2022-03-25,888.9367065429688
2022-03-28,908.8636474609376
2022-03-29,884.9999389648438
2022-03-30,856.130126953125
2022-03-31,845.6320190429688
2022-04-01,870.9052734375
2022-04-04,875.6195678710938
2022-04-05,884.6111450195312
2022-04-06,881.50048828125
2022-04-07,877.1749267578125
2022-04-08,888.9367065429688
2022-04-11,889.0338745117188
2022-04-12,864.1009521484375
2022-04-13,868.6209716796875
2022-04-18,851.5614624023438
2022-04-19,874.5018920898438
2022-04-20,865.170166015625
2022-04-21,871.9259033203125
2022-04-22,891.3182373046875
2022-04-25,875.8140869140625
2022-04-26,891.6583862304688
2022-04-27,881.5977783203125
2022-04-28,895.4979858398438
2022-04-29,878.5843505859375
2022-05-02,875.4251708984375
2022-05-04,875.8626098632812
2022-05-05,889.8116455078125
2022-05-06,840.5288696289062
2022-05-09,845.097412109375
2022-05-10,855.546875
2022-05-11,829.5933227539062
2022-05-12,781.67138671875
2022-05-13,796.9324340820312
2022-05-16,802.7647094726562
2022-05-17,827.211669921875
2022-05-18,821.9140625
2022-05-19,805.09765625
2022-05-20,808.5485229492188
2022-05-23,797.6614990234375
2022-05-24,800.0430908203125
2022-05-25,787.4550170898438
2022-05-26,767.3336791992188
2022-05-27,758.2449340820312
2022-05-30,765.0007934570312
2022-05-31,770.7359008789062
2022-06-01,780.7965087890625
2022-06-02,772.1939086914062
2022-06-03,766.0213623046875
2022-06-06,756.2037353515625
2022-06-07,757.8562622070312
2022-06-08,792.3639526367188
2022-06-09,780.7479248046875
2022-06-10,765.8269653320312
2022-06-13,742.35205078125
2022-06-14,746.1430053710938
2022-06-15,764.5633544921875
2022-06-16,727.23681640625
2022-06-17,759.0713500976562
2022-06-20,732.6315307617188
2022-06-21,726.216064453125
2022-06-22,711.5867919921875
2022-06-23,704.2965087890625
2022-06-24,708.767822265625
2022-06-27,718.245361328125
2022-06-28,706.3863525390625
2022-06-29,715.6207275390625
2022-06-30,745.0737915039062
2022-07-01,736.56005859375
2022-07-04,738.8953247070312
2022-07-05,735.6357421875
2022-07-06,740.4033813476562
2022-07-07,747.9927368164062
2022-07-08,759.0850219726562
2022-07-11,754.5119018554688
2022-07-12,755.0956420898438
2022-07-13,758.6471557617188
2022-07-14,760.2525024414062
2022-07-15,744.8305053710938
2022-07-18,776.063720703125
2022-07-19,766.8689575195312
2022-07-20,778.4476928710938
2022-07-21,778.5449829101562
2022-07-22,783.8964233398438
2022-07-25,789.9777221679688
2022-07-26,767.9878540039062
2022-07-27,760.0579223632812
2022-07-28,754.94970703125
2022-07-29,740.16015625
2022-08-01,746.97119140625
2022-08-02,754.1712646484375
2022-08-03,743.7603149414062
2022-08-04,740.16015625
2022-08-05,739.8682861328125
2022-08-08,746.630615234375
2022-08-10,744.343994140625
2022-08-11,744.9765625
2022-08-12,749.3549194335938
2022-08-16,743.7115478515625
2022-08-17,756.4092407226562
2022-08-18,754.1712646484375
2022-08-19,749.3062744140625
2022-08-22,749.0630493164062
2022-08-23,749.4522705078125
2022-08-24,749.5009155273438
2022-08-25,749.2090454101562
2022-08-26,750.0847778320312
2022-08-29,749.11181640625
2022-08-30,749.11181640625
2022-09-01,749.2577514648438
2022-09-02,749.4036254882812
2022-09-05,756.55517578125
2022-09-06,751.4469604492188
2022-09-07,749.5494995117188
2022-09-08,749.2577514648438
2022-09-09,749.695556640625
2022-09-12,750.7171630859375
2022-09-13,789.10205078125
2022-09-14,777.8152465820312
2022-09-15,770.42041015625
2022-09-16,736.365478515625
2022-09-19,729.8463134765625
2022-09-20,739.625
2022-09-21,737.0465698242188
2022-09-22,729.1653442382812
2022-09-23,731.1112670898438
2022-09-26,721.8677368164062
2022-09-27,719.873046875
2022-09-28,713.1594848632812
2022-09-29,703.9645385742188
2022-09-30,706.3971557617188
2022-10-03,713.840576171875
2022-10-04,708.3430786132812
2022-10-06,710.97021484375
2022-10-07,694.1373291015625
2022-10-10,683.6776123046875
2022-10-11,678.9585571289062
2022-10-12,685.282958984375
2022-10-13,683.7262573242188
2022-10-14,687.1317138671875
2022-10-17,691.0723266601562
2022-10-18,683.0451049804688
2022-10-19,693.9427490234375
2022-10-20,683.23974609375
2022-10-21,676.4773559570312
2022-10-24,703.040283203125
2022-10-25,681.682861328125
2022-10-27,682.0234985351562
2022-10-28,665.7257690429688
2022-10-31,666.552734375
2022-11-01,671.2718505859375
2022-11-02,669.2285766601562
2022-11-03,663.5851440429688
2022-11-04,664.3148803710938
2022-11-07,664.0716552734375
2022-11-09,674.239501953125
2022-11-10,669.8609619140625
2022-11-11,673.558349609375
2022-11-14,671.0772705078125
2022-11-15,669.4717407226562
2022-11-16,670.3961791992188
2022-11-17,665.2392578125
2022-11-18,659.3526611328125
2022-11-21,649.3306884765625
2022-11-22,648.3577270507812
2022-11-23,643.1035766601562
2022-11-24,641.6926879882812
2022-11-25,636.8276977539062
2022-11-28,642.5197143554688
2022-11-29,645.6819458007812
2022-11-30,644.8062744140625
2022-12-01,647.7252807617188
2022-12-02,648.2117309570312
2022-12-05,650.5956420898438
2022-12-06,649.8659057617188
2022-12-07,643.3955078125
2022-12-08,645.3900756835938
2022-12-09,645.8279418945312
2022-12-12,647.1414184570312
2022-12-13,638.773681640625
2022-12-14,658.0390625
2022-12-15,689.2723388671875
2022-12-16,688.6885375976562
2022-12-19,682.2667846679688
2022-12-20,698.5158081054688
2022-12-21,686.5965576171875
2022-12-22,684.6019897460938
2022-12-23,657.7957763671875
2022-12-26,667.6231079101562
2022-12-27,677.6936645507812
2022-12-28,674.5313720703125
2022-12-29,672.4880981445312
2022-12-30,667.817626953125
2023-01-02,675.9908447265625
2023-01-03,691.8507690429688
2023-01-04,697.834716796875
2023-01-05,687.0830688476562
2023-01-06,683.4343872070312
2023-01-09,694.380615234375
2023-01-10,690.5858764648438
2023-01-11,692.4346313476562
2023-01-12,694.7211303710938
2023-01-13,722.6947631835938
2023-01-16,716.5648803710938
2023-01-17,724.738037109375
2023-01-18,717.6838989257812
2023-01-19,718.8027954101562
2023-01-20,703.6727294921875
2023-01-23,706.0565185546875
2023-01-24,705.7646484375
2023-01-25,673.7530517578125
2023-01-27,662.70947265625
2023-01-30,653.2713012695312
2023-01-31,663.0013427734375
2023-02-01,650.8388671875
2023-02-02,674.239501953125
2023-02-03,680.336181640625
2023-02-06,671.9959106445312
2023-02-07,670.6303100585938
2023-02-08,679.897216796875
2023-02-09,661.1195068359375
2023-02-10,666.8259887695312
2023-02-13,645.8535766601562
2023-02-14,634.6356811523438
2023-02-15,639.4642333984375
2023-02-16,642.6344604492188
2023-02-17,641.4151611328125
2023-02-20,642.7321166992188
2023-02-21,641.4639282226562
2023-02-22,623.4178466796875
2023-02-23,608.444580078125
2023-02-24,605.0792846679688
2023-02-27,594.34912109375
2023-02-28,585.3748779296875
2023-03-01,587.6184692382812
2023-03-02,585.4237060546875
2023-03-03,586.4967041015625
2023-03-06,592.9835205078125
2023-03-08,588.6427001953125
2023-03-09,589.6668701171875
2023-03-10,583.6190795898438
2023-03-13,569.426025390625
2023-03-14,562.9392700195312
2023-03-15,565.76806640625
2023-03-16,565.0364990234375
2023-03-17,561.47607421875
2023-03-20,559.1837158203125
2023-03-21,558.4033813476562
2023-03-22,554.4039306640625
2023-03-23,545.6736450195312
2023-03-24,544.8932495117188
2023-03-27,539.9671020507812
2023-03-28,549.4778442382812
2023-03-29,565.9144897460938
2023-03-31,595.3245849609375
2023-04-03,612.54150390625
2023-04-05,603.8110961914062
2023-04-06,617.8090209960938
2023-04-10,623.222900390625
2023-04-11,626.2954711914062
2023-04-12,623.6129760742188
2023-04-13,618.7356567382812
2023-04-17,607.0300903320312
2023-04-18,598.2022094726562
2023-04-19,597.3243408203125
2023-04-20,585.6187744140625
2023-04-21,593.7638549804688
2023-04-24,588.6914672851562
2023-04-25,592.4468994140625
2023-04-26,592.2518920898438
2023-04-27,611.4684448242188
2023-04-28,603.3721313476562
2023-05-02,593.4224243164062
2023-05-03,593.0809936523438
2023-05-04,594.4467163085938
2023-05-05,586.64306640625
2023-05-08,570.2063598632812
2023-05-09,585.033447265625
2023-05-10,618.0040283203125
2023-05-11,644.0490112304688
2023-05-12,635.4649047851562
2023-05-15,612.8829345703125
2023-05-16,607.5178833007812
2023-05-17,618.394287109375
2023-05-18,616.2483520507812
2023-05-19,606.688720703125
2023-05-22,621.0767822265625
2023-05-23,616.3457641601562
2023-05-24,621.0767822265625
2023-05-25,619.9063110351562
2023-05-26,616.3945922851562
2023-05-29,626.5393676757812
2023-05-30,617.9066162109375
2023-05-31,621.9059448242188
2023-06-01,623.5642700195312
2023-06-02,622.88134765625
2023-06-05,625.4664306640625
2023-06-06,646.5851440429688
2023-06-07,660.19287109375
2023-06-08,659.0711059570312
2023-06-09,652.3403930664062
2023-06-12,646.3412475585938
2023-06-13,650.0967407226562
2023-06-14,676.385498046875
2023-06-15,666.6309204101562
2023-06-16,689.2615966796875
2023-06-19,700.9671020507812
2023-06-20,674.239501953125
2023-06-21,679.0680541992188
2023-06-22,665.2652587890625
2023-06-23,657.0713500976562
2023-06-26,667.9965209960938
2023-06-27,666.3870849609375
2023-06-28,687.8472900390625
2023-06-30,710.136474609375
2023-07-03,720.6714477539062
2023-07-04,701.2401123046875
2023-07-05,721.3062133789062
2023-07-06,723.3079223632812
2023-07-07,704.5599975585938
2023-07-10,717.595703125
2023-07-11,724.5773315429688
2023-07-12,724.186767578125
2023-07-13,737.515380859375
2023-07-14,725.4561767578125
2023-07-17,729.8013916015625
2023-07-18,711.3952026367188
2023-07-19,727.3602905273438
2023-07-20,729.0202026367188
2023-07-21,727.0184936523438
2023-07-24,725.2608642578125
2023-07-25,763.9772338867188
2023-07-26,816.3151245117188
2023-07-27,798.7389526367188
2023-07-28,803.3770751953125
2023-07-31,818.7074584960938
2023-08-01,810.0170288085938
2023-08-02,785.508056640625
2023-08-03,818.7562255859375
2023-08-04,811.2863159179688
2023-08-07,842.4840698242188
2023-08-08,833.354248046875
2023-08-09,833.793701171875
2023-08-10,856.6426391601562
2023-08-11,893.5525512695312
2023-08-14,921.4791870117188
2023-08-16,926.5567626953124
2023-08-17,883.4951171875
2023-08-18,875.6834716796875
2023-08-21,892.478515625
2023-08-22,887.1080322265625
2023-08-23,876.855224609375
2023-08-24,871.4359130859375
2023-08-25,862.0131225585938
2023-08-28,845.0228881835938
2023-08-29,858.8397216796875
2023-08-30,878.8081665039062
2023-08-31,898.2883911132812
2023-09-01,887.3033447265625
2023-09-04,884.7645263671875
2023-09-05,873.2423706054688
2023-09-06,881.7374877929688
2023-09-07,878.2223510742188
2023-09-08,860.6461181640625
2023-09-11,888.27978515625
2023-09-12,861.2319946289062
2023-09-13,853.32275390625
2023-09-14,855.8126831054688
2023-09-15,832.6707153320312
2023-09-18,858.7420043945312
2023-09-20,849.2703857421875
2023-09-21,832.5731201171875
2023-09-22,834.4771118164062
2023-09-25,832.7683715820312
2023-09-26,838.5294189453125
2023-09-27,860.7437744140625
2023-09-28,855.324462890625
2023-09-29,858.1561889648438
2023-10-03,895.6519775390625
2023-10-04,874.5606079101562
2023-10-05,913.2769775390624
2023-10-06,902.8777465820312
2023-10-09,877.294677734375
2023-10-10,887.7427368164062
2023-10-11,908.052978515625
2023-10-12,980.115234375
2023-10-13,960.7814331054688
2023-10-16,962.8319702148438
2023-10-17,995.3478393554688
2023-10-18,977.429931640625
2023-10-19,976.6488037109376
2023-10-20,957.8521118164062
2023-10-23,899.9484252929688
2023-10-25,927.4843139648438
2023-10-26,904.97705078125
2023-10-27,947.013427734375
2023-10-30,991.051513671875
2023-10-31,1013.6075439453124
2023-11-01,989.9285888671876
2023-11-02,958.6820068359376
2023-11-03,986.266845703125
2023-11-06,975.67236328125
2023-11-07,1007.797607421875
2023-11-08,987.9268798828124
2023-11-09,1007.6511840820312
2023-11-10,1002.5247802734376
2023-11-13,1103.9783935546875
2023-11-15,1195.032470703125
2023-11-16,1206.84765625
2023-11-17,1188.3438720703125
2023-11-20,1166.71533203125
2023-11-21,1171.5001220703125
2023-11-22,1098.3148193359375
2023-11-23,1100.707275390625
2023-11-24,1102.904296875
2023-11-28,1122.042724609375
2023-11-29,1128.0479736328125
2023-11-30,1172.818359375
2023-12-01,1161.9307861328125
2023-12-04,1160.270751953125
2023-12-05,1179.8487548828125
2023-12-06,1186.19580078125
2023-12-07,1187.660400390625
2023-12-08,1168.3265380859375
2023-12-11,1167.8873291015625
2023-12-12,1188.490478515625
2023-12-13,1195.911376953125
2023-12-14,1241.5118408203125
2023-12-15,1184.291748046875
2023-12-18,1211.3883056640625
2023-12-19,1252.301513671875
2023-12-20,1203.03955078125
2023-12-21,1238.77783203125
2023-12-22,1236.6295166015625
2023-12-26,1225.3026123046875
2023-12-27,1182.338623046875
2023-12-28,1187.660400390625
2023-12-29,1211.63232421875
2024-01-01,307.5950927734375
2024-01-02,302.6517639160156
2024-01-03,303.2742614746094
2024-01-04,314.33258056640625
2024-01-05,317.8233947753906
2024-01-08,324.3900451660156
2024-01-09,336.6201477050781
2024-01-10,343.3088684082031
2024-01-11,372.17523193359375
2024-01-12,380.1333312988281
2024-01-15,376.33740234375
2024-01-16,362.54498291015625
2024-01-17,367.48828125
2024-01-18,371.9189453125
2024-01-19,388.2013244628906
2024-01-23,378.4977722167969
2024-01-24,418.0075073242188
2024-01-25,422.8165893554688
2024-01-29,428.8339538574219
2024-01-30,425.9168090820313
2024-01-31,436.5723571777344
2024-02-01,441.4790344238281
2024-02-02,432.0440673828125
2024-02-05,428.0284423828125
2024-02-06,435.7183227539063
2024-02-07,439.98779296875
2024-02-08,468.63128662109375
2024-02-09,459.1942138671875
2024-02-12,446.81646728515625
2024-02-13,435.6690979003906
2024-02-14,443.2483215332031
2024-02-15,445.2046508789063
2024-02-16,452.4270324707031
2024-02-19,431.9779357910156
2024-02-20,432.4331970214844
2024-02-21,413.5220642089844
2024-02-22,408.083740234375
2024-02-23,411.3196716308594
2024-02-26,407.2962951660156
2024-02-27,427.5238952636719
2024-02-28,399.7909240722656
2024-02-29,397.4285583496094
2024-03-01,407.3332214355469
2024-03-04,422.9468688964844
2024-03-05,419.3049011230469
2024-03-06,400.9228820800781
2024-03-07,388.8034973144531
2024-03-11,374.3218383789063
2024-03-12,374.284912109375
2024-03-13,344.7309265136719
2024-03-14,365.3522338867188
2024-03-15,364.3187561035156
2024-03-18,359.2126159667969
2024-03-19,368.5758972167969
2024-03-20,389.0496215820313
2024-03-21,395.15234375
2024-03-22,411.4919128417969
2024-03-26,410.1507873535156
2024-03-27,413.7927551269531
2024-03-28,410.1507873535156
2024-04-01,431.3012390136719
2024-04-02,440.2707824707031
2024-04-03,449.1418762207031
2024-04-04,451.1105041503906
2024-04-05,450.7906494140625
2024-04-08,464.7801818847656
2024-04-09,516.112060546875
2024-04-10,505.4692077636719
2024-04-12,506.3058471679688
2024-04-15,489.5971374511719
2024-04-16,498.6897583007813
2024-04-18,513.23291015625
2024-04-19,549.2464599609375
2024-04-22,572.8946533203125
2024-04-23,568.698974609375
2024-04-24,579.02197265625
2024-04-25,606.275146484375
2024-04-26,639.1388549804688
2024-04-29,613.8173828125
2024-04-30,584.9031982421875
2024-05-02,601.0582275390625
2024-05-03,597.1456298828125
2024-05-06,590.3538818359375
2024-05-07,585.9244384765625
2024-05-08,577.2994384765625
2024-05-09,529.35107421875
2024-05-10,528.4282836914062
2024-05-13,558.2160034179688
2024-05-14,558.2406616210938
2024-05-15,562.3624267578125
2024-05-16,575.5645751953125
2024-05-17,580.732177734375
2024-05-21,563.6543579101562
2024-05-22,549.2095947265625
2024-05-23,558.7205200195312
2024-05-24,553.5774536132812
2024-05-27,557.4039306640625
2024-05-28,552.2732543945312
2024-05-29,560.4922485351562
2024-05-30,558.8558959960938
2024-05-31,546.2197265625
2024-06-03,584.1895751953125
2024-06-04,511.0305480957031
2024-06-05,551.9656982421875
2024-06-06,564.5648803710938
2024-06-07,597.1578979492188
2024-06-10,645.8075561523438
2024-06-11,654.3218383789062
2024-06-12,659.8340454101562
2024-06-13,647.2348022460938
2024-06-14,647.923828125
2024-06-18,651.861083984375
2024-06-19,675.2877197265625
2024-06-20,679.1265869140625
2024-06-21,665.690673828125
2024-06-24,637.6377563476562
2024-06-25,622.8731079101562
2024-06-26,610.6183471679688
2024-06-27,619.1819458007812
2024-06-28,604.9093627929688
2024-07-01,582.2210083007812
2024-07-02,557.662353515625
2024-07-03,553.4298095703125
2024-07-04,554.3649291992188
2024-07-05,543.0453491210938
2024-07-08,540.2400512695312
2024-07-09,534.4818115234375
2024-07-10,526.2135620117188
2024-07-11,524.5894775390625
2024-07-12,524.1465454101562
2024-07-15,521.9810180664062
2024-07-16,542.2086181640625
2024-07-18,534.3341674804688
2024-07-19,523.8512573242188
2024-07-22,525.57373046875
2024-07-23,536.204345703125
2024-07-24,559.1387939453125
2024-07-25,568.2437744140625
2024-07-26,581.4827270507812
2024-07-29,597.1825561523438
2024-07-30,628.63134765625
2024-07-31,648.1207275390625
2024-08-01,643.14990234375
2024-08-02,647.0379028320312
2024-08-05,605.0078735351562
2024-08-06,581.531982421875
2024-08-07,600.3815307617188
2024-08-08,586.3551025390625
2024-08-09,597.7730712890625
2024-08-12,591.6703491210938
2024-08-13,575.8229370117188
2024-08-14,593.0975952148438
2024-08-16,613.37451171875
2024-08-19,622.4301147460938
2024-08-20,666.8226318359375
2024-08-21,683.94970703125
2024-08-22,691.4796752929688
2024-08-23,685.5245971679688
2024-08-26,748.1760864257812
2024-08-27,743.3037719726562
2024-08-28,732.7223510742188
2024-08-29,714.0696411132812
2024-08-30,708.8035278320312
2024-09-02,740.1539306640625
2024-09-03,745.9613647460938
2024-09-04,755.1646728515625
2024-09-05,763.432861328125
2024-09-06,751.1289672851562
2024-09-09,715.890625
2024-09-10,725.2908325195312
2024-09-11,739.9570922851562
2024-09-12,730.6061401367188
2024-09-13,744.8294677734375
2024-09-16,751.5227661132812
2024-09-17,758.7574462890625
2024-09-18,762.7931518554688
2024-09-19,754.6725463867188
2024-09-20,778.3944702148438
2024-09-23,774.3588256835938
2024-09-24,763.08837890625
2024-09-25,752.16259765625
2024-09-26,742.959228515625
2024-09-27,738.8743896484375
2024-09-30,750.1446533203125
2024-10-01,731.1474609375
2024-10-03,708.4590454101562
2024-10-04,715.8414306640625
2024-10-07,692.8577270507812
2024-10-08,740.0062866210938
2024-10-09,773.3745727539062
2024-10-10,760.6768798828125
2024-10-11,795.8660278320312
2024-10-14,813.8297729492188
2024-10-15,909.9479370117188
2024-10-16,946.9580688476562
2024-10-17,914.8202514648438
2024-10-18,1013.5467529296876
2024-10-21,949.12353515625
2024-10-22,912.6055297851562
2024-10-23,931.455078125
2024-10-24,924.466552734375
2024-10-25,858.3206787109375
2024-10-28,904.1404418945312
2024-10-29,932.9315795898438
2024-10-30,909.5050048828124
2024-10-31,922.5963134765624
2024-11-01,961.3290405273438
2024-11-04,927.8624267578124
2024-11-05,916.4443359375
2024-11-06,930.3231811523438
2024-11-07,919.3972778320312
2024-11-08,981.9996337890624
2024-11-11,958.3268432617188
2024-11-12,953.7990112304688
2024-11-13,884.7002563476562
2024-11-14,886.767333984375
2024-11-18,874.2174072265625
2024-11-19,892.0826416015625
2024-11-21,867.6224365234375
2024-11-22,895.1831665039062
2024-11-25,893.2637939453125
2024-11-26,897.7423706054688
2024-11-27,895.6754150390625
2024-11-28,888.8836059570312
2024-11-29,904.8294677734376
2024-12-02,931.2582397460938
2024-12-03,939.82177734375
2024-12-04,938.0499877929688
2024-12-05,958.5729370117188
2024-12-06,956.3090209960938
2024-12-09,984.8048706054688
2024-12-10,961.2305908203124
2024-12-11,993.9097290039062
2024-12-12,996.6166381835938
2024-12-13,974.3218994140624
2024-12-16,979.9324951171876
2024-12-17,971.5658569335938
2024-12-18,938.7882690429688
2024-12-19,938.2468872070312
2024-12-20,911.9657592773438
2024-12-23,913.1469116210938
2024-12-24,904.5341796875
2024-12-26,900.8922119140624
2024-12-27,896.1183471679688
2024-12-30,950.6983642578124
2024-12-31,938.8374633789062
2025-01-01,955.226318359375
2025-01-02,969.744873046875
2025-01-03,955.9645385742188
2025-01-06,910.7353515625
2025-01-07,954.7833251953124
2025-01-08,925.3523559570312
2025-01-09,887.0626831054688
2025-01-10,864.324951171875
2025-01-13,813.2883911132812
2025-01-14,880.5169067382812
2025-01-15,849.560302734375
2025-01-16,786.8103637695312
2025-01-17,783.266845703125
2025-01-20,794.83251953125
2025-01-21,733.31298828125
2025-01-22,713.5283203125
2025-01-23,714.9063110351562
2025-01-24,683.45751953125
2025-01-27,652.69775390625
2025-01-28,635.8660278320312
2025-01-29,660.080078125
2025-01-30,635.6691284179688
2025-01-31,632.0484008789062
2025-02-01,655.7570190429688
2025-02-03,620.6405029296875
2025-02-04,637.3059692382812
2025-02-05,696.031982421875
2025-02-06,671.5297241210938
2025-02-07,668.9009399414062
2025-02-10,649.904296875
2025-02-11,626.2947998046875
2025-02-12,649.7554321289062
2025-02-13,641.1251220703125
2025-02-14,614.7877197265625
2025-02-17,609.430908203125
2025-02-18,610.8197021484375
2025-02-19,608.19091796875
2025-02-20,631.2547607421875
2025-02-21,608.5381469726562
2025-02-24,597.4774169921875
2025-02-25,592.2198486328125
2025-02-27,569.3048706054688
2025-02-28,583.7879028320312
2025-03-03,572.7767944335938
2025-03-04,570.2471923828125
2025-03-05,597.5269775390625
2025-03-06,606.256591796875
2025-03-07,600.6022338867188
2025-03-10,588.00390625
2025-03-11,586.763916015625
2025-03-12,578.7783813476562
2025-03-13,571.7848510742188
2025-03-17,573.47119140625
2025-03-18,573.47119140625
2025-03-19,622.0292358398438
2025-03-20,631.1555786132812
2025-03-21,632.1971435546875
2025-03-24,643.9026489257812
2025-03-25,618.2597045898438
2025-03-26,607.1989135742188
2025-03-27,619.7972412109375
2025-03-28,610.4229125976562
2025-04-01,597.5269775390625
2025-04-02,607.794189453125
2025-04-03,615.4324951171875
2025-04-04,591.0294799804688
2025-04-07,561.1209106445312
2025-04-08,581.9031372070312
2025-04-09,570.7431640625
2025-04-11,601.34619140625
2025-04-15,626.9891967773438
2025-04-16,634.2307739257812
2025-04-17,648.11865234375
2025-04-21,679.5648193359375
2025-04-22,718.5997924804688
2025-04-23,762.8426513671875
2025-04-24,749.94677734375
2025-04-25,689.3359985351562
2025-04-28,672.3233032226562
2025-04-29,668.504150390625
2025-04-30,647.5234985351562
2025-05-02,630.9075927734375
2025-05-05,690.7247924804688
2025-05-06,659.1298217773438
2025-05-07,675.5473022460938
2025-05-08,676.6881103515625
2025-05-09,674.2576904296875
2025-05-12,730.2060546875
2025-05-13,719.2941284179688
2025-05-14,733.6284790039062
2025-05-15,754.2123413085938
2025-05-16,782.6825561523438
2025-05-19,776.2345581054688
2025-05-20,755.84912109375
2025-05-21,793.594482421875
2025-05-22,782.7816772460938
2025-05-23,772.4154052734375
2025-05-26,776.5817260742188
2025-05-27,772.0681762695312
2025-05-28,782.53369140625
2025-05-29,803.4647827148438
2025-05-30,803.4152221679688
2025-06-02,810.5079345703125
2025-06-03,796.8184204101562
2025-06-04,816.9558715820312
2025-06-05,834.0181884765625
2025-06-06,863.3811645507812
2025-06-09,886.544189453125
2025-06-10,871.664306640625
2025-06-11,843.9876708984375
2025-06-12,824.6934204101562
2025-06-13,814.723876953125
2025-06-16,812.1943359375
2025-06-17,810.2599487304688
2025-06-18,810.9047241210938
2025-06-19,811.4503173828125
2025-06-20,818.9398803710938
2025-06-23,827.6693725585938
2025-06-24,853.4612426757812
2025-06-25,862.0419921875
2025-06-26,851.9732055664062
2025-06-27,847.50927734375
2025-06-30,863.0835571289062
2025-07-01,861.6451416015625
2025-07-02,848.9476318359375
2025-07-03,921.6607666015624
2025-07-04,910.69921875
2025-07-07,922.6527099609376
2025-07-08,912.23681640625
2025-07-09,917.6431884765624
2025-07-10,932.4735107421876
2025-07-11,926.9183349609376
2025-07-14,928.90234375
2025-07-15,937.0863037109376
2025-07-16,929.3983154296876
2025-07-17,924.1903686523438
2025-07-18,904.3008422851562
2025-07-21,926.0255126953124
2025-07-22,927.5135498046876
2025-07-23,923.7935180664062
2025-07-24,897.654541015625
2025-07-25,892.9425659179688
2025-07-28,876.029052734375
2025-07-29,929.8943481445312
2025-07-30,925.9263305664062
2025-07-31,903.7056884765624
2025-08-01,914.3200073242188
2025-08-04,919.379150390625
2025-08-05,903.4577026367188
2025-08-06,917.3455810546876
2025-08-07,910.4512329101562
2025-08-08,898.348876953125
2025-08-11,911.1952514648438
2025-08-12,904.0032958984376
2025-08-13,921.4127197265624
2025-08-14,921.7599487304688
2025-08-18,930.5886840820312
2025-08-19,952.1149291992188
2025-08-20,952.5613403320312
2025-08-21,941.6990356445312
2025-08-22,921.8095703125
2025-08-25,918.2880249023438
2025-08-26,901.672119140625
2025-08-28,881.8818359375
2025-08-29,850.4356689453125
2025-09-01,888.2305908203125
2025-09-02,868.0931396484375
2025-09-03,874.0450439453125
2025-09-04,863.8771362304688
2025-09-05,866.0595092773438
2025-09-08,887.8338012695312
2025-09-09,877.6658935546875
2025-09-10,912.6336059570312
2025-09-11,907.4256591796876
2025-09-12,910.649658203125
2025-09-15,933.2174682617188
2025-09-16,926.9183349609376
2025-09-17,925.9759521484376
2025-09-18,915.6591796875
2025-09-19,937.1358642578124
2025-09-22,942.6909790039062
2025-09-23,950.676513671875
2025-09-24,936.1934814453124
2025-09-25,912.6832275390624
2025-09-26,903.4577026367188
2025-09-29,908.8640747070312
2025-09-30,886.4450073242188
2025-10-01,892.8929443359375
2025-10-03,903.7056884765624
2025-10-06,927.7615356445312
2025-10-07,929.8943481445312
2025-10-08,916.552001953125
2025-10-09,972.4011840820312
2025-10-10,959.5548706054688
2025-10-13,995.9114379882812
2025-10-14,991.0010986328124
2025-10-15,1011.0889282226562
2025-10-16,998.6890258789062
2025-10-17,996.6058349609376
2025-10-20,1012.1801147460938
2025-10-21,1018.0328979492188
2025-10-23,1012.0313720703124
2025-10-24,1027.9031982421875
2025-10-27,1050.4215087890625
2025-10-28,1082.5621337890625
2025-10-29,999.7305908203124
2025-10-30,1017.0905151367188
2025-10-31,970.1692504882812
2025-11-03,1000.8218383789062
2025-11-04,978.1051635742188
2025-11-06,979.5931396484376
2025-11-07,988.4714965820312
2025-11-10,994.0762329101562
2025-11-11,980.9819946289062
2025-11-12,988.669921875
2025-11-13,982.7179565429688
2025-11-14,983.3627319335938
2025-11-17,976.5180053710938
2025-11-18,964.3164672851562
2025-11-19,959.8028564453124
2025-11-20,944.7742309570312
2025-11-21,940.2109985351562
2025-11-24,938.822265625
2025-11-25,938.3262939453124
2025-11-26,951.9661865234376
2025-11-27,918.7344360351562
2025-11-28,951.7677612304688
2025-12-01,949.039794921875
2025-12-02,947.502197265625
2025-12-03,914.8160400390624
2025-12-04,908.8640747070312
2025-12-05,878.0130615234375
2025-12-08,838.234130859375
2025-12-09,842.8965454101562
2025-12-10,825.78466796875
2025-12-11,825.834228515625
2025-12-12,857.6276245117188
2025-12-15,836.994140625
2025-12-16,826.9750366210938
2025-12-17,827.1734008789062
2025-12-18,860.7523803710938
2025-12-19,853.6100463867188
2025-12-22,881.0386962890625
2025-12-23,873.9954833984375
2025-12-24,886.4450073242188
2025-12-26,856.4371948242188
2025-12-29,849.5429077148438
2025-12-30,832.38134765625
2025-12-31,848.8980712890625
2026-01-01,834.9110107421875
2026-01-02,859.7603759765625
2026-01-05,848.9972534179688
2026-01-06,847.6085205078125
2026-01-07,841.4085083007812
2026-01-08,817.203857421875
2026-01-09,798.306396484375
2026-01-12,788.0889282226562
2026-01-13,830.5462036132812
2026-01-14,854.651611328125
2026-01-15,854.651611328125
2026-01-16,844.1365356445312
2026-01-19,819.7830810546875
2026-01-20,800.687255859375
2026-01-21,769.1914672851562
2026-01-22,767.604248046875
2026-01-23,744.98681640625
2026-01-27,726.2380981445312
2026-01-28,783.8233642578125
2026-01-29,743.3499755859375
2026-01-30,753.5499877929688
2026-02-02,745.2999877929688
2026-02-03,791.0999755859375
2026-02-04,788.4500122070312
2026-02-05,771.0499877929688
2026-02-06,779.7999877929688
2026-02-09,798.9500122070312
2026-02-10,820.9500122070312
2026-02-11,809.3499755859375
2026-02-12,803.3499755859375
2026-02-13,784.5499877929688
2026-02-16,782.9000244140625
2026-02-17,782.5999755859375
2026-02-18,779.5499877929688
2026-02-19,767.9000244140625
2026-02-20,769.25
2026-02-23,763.25
2026-02-24,743.2000122070312
2026-02-25,733.3499755859375
2026-02-26,731.0999755859375
2026-02-27,725.1500244140625
2026-03-02,717.5
2026-03-04,705.5499877929688
2026-03-05,725.8499755859375
2026-03-06,715.9500122070312
2026-03-09,692.9500122070312
2026-03-10,715.9000244140625
2026-03-11,699.0499877929688
2026-03-12,697.4000244140625
2026-03-13,680.25
2026-03-16,669.9500122070312
2026-03-17,680.7000122070312
2026-03-18,698.2999877929688
2026-03-19,671.0499877929688
2026-03-20,662.5999755859375
2026-03-23,628.2000122070312
2026-03-24,649.5499877929688
2026-03-25,684.2000122070312
2026-03-27,668.6500244140625
2026-03-30,632.75
2026-04-01,680.0
2026-04-02,684.9500122070312
2026-04-06,704.8499755859375
2026-04-07,698.8499755859375
2026-04-08,757.4000244140625
2026-04-09,761.1500244140625
2026-04-10,778.5499877929688
2026-04-13,757.2000122070312
2026-04-15,791.0999755859375
2026-04-16,782.7999877929688
2026-04-17,815.4500122070312
2026-04-20,807.9500122070312
2026-04-21,821.2000122070312
2026-04-22,811.2000122070312
2026-04-23,790.8499755859375
2026-04-24,781.0499877929688
2026-04-27,793.8499755859375
2026-04-28,782.7000122070312
2026-04-29,784.9500122070312
2026-04-30,800.25
2026-05-01,800.25
2026-05-04,836.5999755859375
2026-05-05,843.7000122070312
2026-05-06,881.7000122070312
2026-05-07,891.2999877929688
2026-05-08,882.0
2026-05-11,860.7000122070312
2026-05-12,841.7000122070312
2026-05-13,843.9000244140625
2026-05-14,852.2000122070312
2026-05-15,843.2999877929688
2026-05-18,834.2999877929688
2026-05-19,850.9500122070312
2026-05-20,846.4500122070312
2026-05-21,843.2000122070312
2026-05-22,849.4500122070312
2026-05-25,870.2999877929688
2026-05-26,870.5499877929688
2026-05-27,894.0999755859375
2026-05-28,894.0999755859375
2026-05-29,879.5
2026-06-01,851.7000122070312
2026-06-02,865.9500122070312
2026-06-03,855.5499877929688
2026-06-04,861.2000122070312
2026-06-05,855.3499755859375
2026-06-08,821.1500244140625
2026-06-09,864.2999877929688
2026-06-10,841.0
2026-06-11,831.5999755859375
2026-06-12,888.4500122070312
2026-06-15,939.4500122070312
2026-06-16,944.25
2026-06-17,942.8499755859376
2026-06-18,948.1500244140624
2026-06-19,953.4500122070312
2026-06-22,948.7999877929688
2026-06-23,936.1500244140624
2026-06-24,935.1500244140624
2026-06-25,946.1500244140624
2026-06-26,946.1500244140625
2026-06-29,947.6500244140625
2026-06-30,951.2999877929688
2026-07-01,955.9500122070312
2026-07-02,956.9000244140625
2026-07-03,968.3499755859376
2026-07-06,953.0
2026-07-07,950.9500122070312
