,close
2007-06-01,36.01434326171875
2007-06-04,37.73357009887695
2007-06-05,39.63140869140625
2007-06-06,41.25016403198242
2007-06-07,41.73577499389648
2007-06-08,42.81306457519531
2007-06-11,43.901554107666016
2007-06-12,42.86890411376953
2007-06-13,42.71259689331055
2007-06-14,43.77309036254883
2007-06-15,43.77874374389648
2007-06-18,40.61421203613281
2007-06-19,41.968021392822266
2007-06-20,42.08082962036133
2007-06-21,42.447486877441406
2007-06-22,41.87211990356445
2007-06-25,41.968021392822266
2007-06-26,41.62957763671875
2007-06-27,42.87055206298828
2007-06-28,40.89625549316406
2007-06-29,40.73267364501953
2007-07-02,41.57315444946289
2007-07-03,41.09367370605469
2007-07-04,41.51674270629883
2007-07-05,40.10653305053711
2007-07-06,42.75773620605469
2007-07-09,42.81413650512695
2007-07-10,41.889041900634766
2007-07-11,41.85518646240234
2007-07-12,42.47568893432617
2007-07-13,42.19365310668945
2007-07-16,42.30647277832031
2007-07-17,41.41521453857422
2007-07-18,42.06955337524414
2007-07-19,42.10903930664063
2007-07-20,41.708534240722656
2007-07-23,39.841407775878906
2007-07-24,38.58348846435547
2007-07-25,37.56814193725586
2007-07-26,38.01941680908203
2007-07-27,37.12250900268555
2007-07-30,37.11687850952149
2007-07-31,37.46661376953125
2007-08-01,36.10152053833008
2007-08-02,35.98870086669922
2007-08-03,36.77841567993164
2007-08-06,38.132232666015625
2007-08-07,40.58600616455078
2007-08-08,39.93730163574219
2007-08-09,39.74551773071289
2007-08-10,40.38858413696289
2007-08-13,38.74144744873047
2007-08-14,37.57378387451172
2007-08-16,37.22970199584961
2007-08-17,36.35536193847656
2007-08-20,36.24253463745117
2007-08-21,36.66560745239258
2007-08-22,36.77278518676758
2007-08-23,36.5133056640625
2007-08-24,35.82512283325195
2007-08-27,35.99998092651367
2007-08-28,35.98870086669922
2007-08-29,35.554351806640625
2007-08-30,35.53743362426758
2007-08-31,35.87588119506836
2007-09-03,36.10152053833008
2007-09-04,35.98870086669922
2007-09-05,35.887168884277344
2007-09-06,36.06767654418945
2007-09-07,34.6348876953125
2007-09-10,34.97334289550781
2007-09-11,34.9564208984375
2007-09-12,35.170772552490234
2007-09-13,36.94763946533203
2007-09-14,37.7486457824707
2007-09-17,38.0983772277832
2007-09-18,38.80913162231445
2007-09-19,37.91788101196289
2007-09-20,38.70759582519531
2007-09-21,37.65839385986328
2007-09-24,38.803489685058594
2007-09-25,38.22248840332031
2007-09-26,38.18864822387695
2007-09-27,37.79377746582031
2007-09-28,37.11687850952149
2007-10-01,37.68095779418945
2007-10-03,37.79377746582031
2007-10-04,37.22970199584961
2007-10-05,36.16356658935547
2007-10-08,35.25539016723633
2007-10-09,34.815399169921875
2007-10-10,34.58977508544922
2007-10-11,34.86053466796875
2007-10-12,34.183631896972656
2007-10-15,34.60104751586914
2007-10-16,34.42055130004883
2007-10-17,35.53743362426758
2007-10-18,35.53743362426758
2007-10-19,33.73236083984375
2007-10-22,33.207763671875
2007-10-23,34.96207046508789
2007-10-24,35.53743362426758
2007-10-25,35.1989860534668
2007-10-26,35.238460540771484
2007-10-29,34.52207565307617
2007-10-30,33.2923698425293
2007-10-31,33.044166564941406
2007-11-01,31.58883476257324
2007-11-02,31.27858543395996
2007-11-05,31.36319732666016
2007-11-06,32.886226654052734
2007-11-07,34.74771499633789
2007-11-08,36.66560745239258
2007-11-12,35.53743362426758
2007-11-13,35.53743362426758
2007-11-14,34.84361267089844
2007-11-15,35.847686767578125
2007-11-16,39.98807144165039
2007-11-19,42.30081558227539
2007-11-20,43.88591766357422
2007-11-21,43.716678619384766
2007-11-22,42.78593444824219
2007-11-23,44.56282424926758
2007-11-26,43.32182693481445
2007-11-27,43.16387176513672
2007-11-28,42.87055206298828
2007-11-29,42.87055206298828
2007-11-30,41.753662109375
2007-12-03,42.25004959106445
2007-12-04,42.38542175292969
2007-12-05,45.5443115234375
2007-12-06,47.185821533203125
2007-12-07,47.09555816650391
2007-12-10,48.02628707885742
2007-12-11,48.11092376708984
2007-12-12,47.19146347045898
2007-12-13,45.87150192260742
2007-12-14,45.64584732055664
2007-12-17,45.23408508300781
2007-12-18,45.27920150756836
2007-12-19,45.06486511230469
2007-12-20,44.23563766479492
2007-12-24,43.82950973510742
2007-12-26,43.56437683105469
2007-12-27,42.68440628051758
2007-12-28,43.964874267578125
2007-12-31,44.00999450683594
2008-01-01,43.99308013916016
2008-01-02,43.80693817138672
2008-01-03,49.2221794128418
2008-01-04,50.716983795166016
2008-01-07,49.3011474609375
2008-01-08,47.76682662963867
2008-01-09,46.28327941894531
2008-01-10,45.13818359375
2008-01-11,46.75146484375
2008-01-14,46.07456207275391
2008-01-15,45.36945724487305
2008-01-16,43.9818000793457
2008-01-17,44.33717346191406
2008-01-18,42.12033081054688
2008-01-21,36.97585678100586
2008-01-22,31.71857261657715
2008-01-23,33.83390426635742
2008-01-24,34.386695861816406
2008-01-25,34.97334289550781
2008-01-28,33.83953094482422
2008-01-29,34.00312423706055
2008-01-30,33.3939094543457
2008-01-31,32.683162689208984
2008-02-01,32.4067497253418
2008-02-04,33.28108215332031
2008-02-05,33.83953094482422
2008-02-06,33.82826232910156
2008-02-07,33.03852462768555
2008-02-08,32.78468704223633
2008-02-11,31.58318901062012
2008-02-12,29.845796585083008
2008-02-13,30.015024185180664
2008-02-14,33.77184295654297
2008-02-15,33.980552673339844
2008-02-18,34.234397888183594
2008-02-19,33.969276428222656
2008-02-20,32.71699905395508
2008-02-21,32.71699905395508
2008-02-22,32.3785514831543
2008-02-25,33.01032257080078
2008-02-26,33.56877136230469
2008-02-27,33.5067253112793
2008-02-28,34.183631896972656
2008-02-29,33.52364730834961
2008-03-03,32.27701568603516
2008-03-04,31.78061485290528
2008-03-05,31.470367431640625
2008-03-07,29.55247688293457
2008-03-10,28.181745529174805
2008-03-11,29.501712799072266
2008-03-12,29.682212829589844
2008-03-13,27.14946746826172
2008-03-14,27.31305503845215
2008-03-17,25.101837158203125
2008-03-18,23.75931167602539
2008-03-19,23.561880111694336
2008-03-24,22.25884437561035
2008-03-25,24.594158172607425
2008-03-26,26.145397186279297
2008-03-27,25.55310821533203
2008-03-28,27.51612091064453
2008-03-31,24.8818473815918
2008-04-01,27.11562156677246
2008-04-02,28.142269134521484
2008-04-03,27.741762161254883
2008-04-04,27.961753845214844
2008-04-07,28.130983352661133
2008-04-08,28.20431327819824
2008-04-09,27.36946678161621
2008-04-10,27.414594650268555
2008-04-11,27.414594650268555
2008-04-15,28.19866943359375
2008-04-16,27.80945205688477
2008-04-17,28.181745529174805
2008-04-21,28.20431327819824
2008-04-22,27.978673934936523
2008-04-23,28.19303131103516
2008-04-24,27.978673934936523
2008-04-25,27.8658504486084
2008-04-28,27.984315872192383
2008-04-29,28.19866943359375
2008-04-30,28.114057540893555
2008-05-02,29.47349739074707
2008-05-05,32.89750289916992
2008-05-06,30.95705223083496
2008-05-07,31.05858612060547
2008-05-08,30.31963348388672
2008-05-09,29.654024124145508
2008-05-12,30.33091735839844
2008-05-13,29.253511428833008
2008-05-14,29.43401908874512
2008-05-15,31.62267303466797
2008-05-16,31.329345703125
2008-05-20,31.27858543395996
2008-05-21,34.871803283691406
2008-05-22,33.21339797973633
2008-05-23,32.86365509033203
2008-05-26,32.05702209472656
2008-05-27,31.261659622192383
2008-05-28,33.303653717041016
2008-05-29,31.90471839904785
2008-05-30,31.67344665527344
2008-06-02,30.601675033569336
2008-06-03,30.64681625366211
2008-06-04,30.003738403320312
2008-06-05,29.428375244140625
2008-06-06,29.766828536987305
2008-06-09,29.07864761352539
2008-06-10,28.209959030151367
2008-06-11,29.276073455810547
2008-06-12,30.00366973876953
2008-06-13,30.885969161987305
2008-06-16,30.99482727050781
2008-06-17,32.23233413696289
2008-06-18,32.03180313110352
2008-06-19,32.00889205932617
2008-06-20,30.370342254638672
2008-06-23,29.49951362609864
2008-06-24,28.8979549407959
2008-06-25,28.05002784729004
2008-06-26,28.48544883728028
2008-06-27,28.141700744628903
2008-06-30,28.176074981689453
2008-07-01,26.69794273376465
2008-07-02,26.56617546081543
2008-07-03,25.764089584350582
2008-07-04,25.300029754638672
2008-07-07,25.380239486694336
2008-07-08,27.01877784729004
2008-07-09,29.23024559020996
2008-07-10,29.763051986694336
2008-07-11,29.46512985229492
2008-07-14,28.789093017578125
2008-07-15,27.52866744995117
2008-07-16,25.24274444580078
2008-07-17,25.987533569335938
2008-07-18,26.35419464111328
2008-07-21,26.188047409057617
2008-07-22,25.72970962524414
2008-07-23,28.640134811401367
2008-07-24,29.83752822875977
2008-07-25,30.971912384033203
2008-07-28,32.62763977050781
2008-07-29,31.321393966674805
2008-07-30,32.53596496582031
2008-07-31,31.7396183013916
2008-08-01,31.41878318786621
2008-08-04,31.16670799255371
2008-08-05,31.15524101257324
2008-08-06,31.67660522460937
2008-08-07,30.765670776367188
2008-08-08,30.00366973876953
2008-08-11,30.364622116088867
2008-08-12,30.13545036315918
2008-08-13,29.78023910522461
2008-08-14,29.253171920776367
2008-08-18,28.978166580200195
2008-08-19,28.34222984313965
2008-08-20,29.02398681640625
2008-08-21,28.68596839904785
2008-08-22,28.204721450805664
2008-08-25,27.82659149169922
2008-08-26,27.48284721374512
2008-08-27,27.47138214111328
2008-08-28,26.955753326416016
2008-08-29,27.60315704345703
2008-09-01,27.792217254638672
2008-09-02,28.663055419921875
2008-09-04,28.2906551361084
2008-09-05,28.91513442993164
2008-09-08,28.42815017700196
2008-09-09,27.72919273376465
2008-09-10,27.20210838317871
2008-09-11,26.61200904846192
2008-09-12,26.417219161987305
2008-09-15,25.54637718200684
2008-09-16,25.49482154846192
2008-09-17,25.380239486694336
2008-09-18,24.463565826416016
2008-09-19,24.40055084228516
2008-09-22,24.589609146118164
2008-09-23,23.300546646118164
2008-09-24,23.45523262023925
2008-09-25,22.693254470825195
2008-09-26,22.69897651672364
2008-09-29,21.931283950805664
2008-09-30,20.630754470825195
2008-10-01,21.19793701171875
2008-10-03,20.25835418701172
2008-10-06,17.657310485839844
2008-10-07,19.043773651123047
2008-10-08,18.18439483642578
2008-10-10,16.540124893188477
2008-10-13,17.737520217895508
2008-10-14,18.012523651123047
2008-10-15,16.55158042907715
2008-10-16,16.219289779663086
2008-10-17,16.116167068481445
2008-10-20,15.65210247039795
2008-10-21,16.402620315551758
2008-10-22,17.376583099365234
2008-10-23,17.038555145263672
2008-10-24,15.34845733642578
2008-10-27,14.460437774658203
2008-10-29,15.93282985687256
2008-10-31,15.96147346496582
2008-11-03,17.21616554260254
2008-11-04,18.27033042907715
2008-11-05,17.74324607849121
2008-11-06,16.659826278686523
2008-11-07,16.772310256958008
2008-11-10,16.760475158691406
2008-11-11,16.002674102783203
2008-11-12,15.641528129577637
2008-11-14,15.21526336669922
2008-11-17,15.150142669677734
2008-11-18,14.279852867126465
2008-11-19,14.07264232635498
2008-11-20,14.61138916015625
2008-11-21,14.102243423461914
2008-11-24,13.616772651672363
2008-11-25,13.97199249267578
2008-11-26,13.599011421203612
2008-11-27,13.599011421203612
2008-11-28,13.391801834106444
2008-12-01,12.74056911468506
2008-12-02,12.391263008117676
2008-12-03,12.201812744140623
2008-12-04,12.947775840759276
2008-12-05,13.060260772705078
2008-12-08,12.930014610290527
2008-12-10,13.160907745361328
2008-12-11,13.113547325134276
2008-12-12,14.179207801818848
2008-12-15,14.356819152832031
2008-12-16,15.01397705078125
2008-12-17,14.919251441955566
2008-12-18,14.735718727111816
2008-12-19,14.333134651184082
2008-12-22,14.82452392578125
2008-12-23,14.52851104736328
2008-12-24,14.45154094696045
2008-12-26,14.38642120361328
2008-12-29,14.504822731018066
2008-12-30,14.771239280700684
2008-12-31,14.83044147491455
2009-01-02,15.724411010742188
2009-01-05,16.316444396972656
2009-01-06,16.304603576660156
2009-01-07,15.315910339355469
2009-01-09,14.208809852600098
2009-01-12,14.32129192352295
2009-01-13,13.859508514404297
2009-01-14,14.048958778381348
2009-01-15,14.07856273651123
2009-01-16,14.368654251098633
2009-01-19,14.56402587890625
2009-01-20,14.244329452514648
2009-01-21,13.89503288269043
2009-01-22,13.302997589111328
2009-01-23,13.172749519348145
2009-01-27,13.297079086303713
2009-01-28,13.616772651672363
2009-01-29,13.62269687652588
2009-01-30,14.102243423461914
2009-02-02,12.62807846069336
2009-02-03,12.823451042175291
2009-02-04,12.69320297241211
2009-02-05,12.75240707397461
2009-02-06,12.746482849121094
2009-02-09,12.468229293823242
2009-02-10,12.450468063354492
2009-02-11,12.65768051147461
2009-02-12,13.10170555114746
2009-02-13,13.69373607635498
2009-02-16,12.74056911468506
2009-02-17,12.237337112426758
2009-02-18,12.083406448364258
2009-02-19,11.72818374633789
2009-02-20,11.059189796447754
2009-02-24,10.597407341003418
2009-02-25,10.295464515686035
2009-02-26,11.479533195495604
2009-02-27,11.124313354492188
2009-03-02,10.490836143493652
2009-03-03,10.396110534667969
2009-03-04,9.8277587890625
2009-03-05,9.57910442352295
2009-03-06,9.691593170166016
2009-03-09,9.413334846496582
2009-03-12,9.395574569702148
2009-03-13,9.549503326416016
2009-03-16,9.821839332580566
2009-03-17,10.135615348815918
2009-03-18,9.738954544067385
2009-03-19,9.6146240234375
2009-03-20,9.7093505859375
2009-03-23,9.6205472946167
2009-03-24,9.188363075256348
2009-03-25,9.235726356506348
2009-03-26,9.34821319580078
2009-03-27,9.283087730407717
2009-03-30,9.54358196258545
2009-03-31,10.0704927444458
2009-04-01,10.419795989990234
2009-04-02,10.680289268493652
2009-04-06,11.260480880737305
2009-04-08,13.462845802307127
2009-04-09,13.154990196228027
2009-04-13,12.71688175201416
2009-04-15,13.989751815795898
2009-04-16,13.237872123718262
2009-04-17,12.858970642089844
2009-04-20,13.001056671142578
2009-04-21,13.119464874267578
2009-04-22,13.468765258789062
2009-04-23,13.403643608093262
2009-04-24,14.167366027832031
2009-04-27,14.706114768981934
2009-04-28,14.268011093139648
2009-04-29,14.593629837036133
2009-04-30,14.919251441955566
2009-05-04,15.493522644042969
2009-05-05,15.156060218811035
2009-05-06,15.037654876708984
2009-05-07,15.298151969909668
2009-05-08,15.037654876708984
2009-05-11,14.723878860473633
2009-05-12,14.765318870544434
2009-05-13,14.960687637329102
2009-05-14,14.84820556640625
2009-05-15,14.877806663513184
2009-05-18,14.877806663513184
2009-05-19,16.10331916809082
2009-05-20,18.61945533752441
2009-05-21,19.347660064697266
2009-05-22,20.815906524658203
2009-05-25,22.633445739746094
2009-05-26,20.37187767028809
2009-05-27,20.57909393310547
2009-05-28,21.54410552978516
2009-05-29,22.467674255371094
2009-06-01,22.52096176147461
2009-06-02,22.159818649291992
2009-06-03,22.86434364318848
2009-06-04,23.800308227539062
2009-06-05,23.67267227172852
2009-06-08,22.33558464050293
2009-06-09,22.40851593017578
2009-06-10,22.03169822692871
2009-06-11,21.15650749206543
2009-06-12,20.79792213439941
2009-06-15,20.79183959960937
2009-06-16,20.688522338867188
2009-06-17,20.907316207885746
2009-06-18,19.65531349182129
2009-06-19,20.627748489379883
2009-06-22,19.93488121032715
2009-06-23,20.378557205200195
2009-06-24,20.8708553314209
2009-06-25,20.12936782836914
2009-06-26,20.08682441711425
2009-06-29,20.724987030029297
2009-06-30,20.317785263061523
2009-07-01,20.24484634399414
2009-07-02,20.73714637756348
2009-07-03,20.694599151611328
2009-07-06,19.679622650146484
2009-07-07,20.141525268554688
2009-07-08,19.54591560363769
2009-07-09,19.71608543395996
2009-07-10,19.13870048522949
2009-07-13,18.4276123046875
2009-07-14,18.500545501708984
2009-07-15,19.02930450439453
2009-07-16,19.600610733032227
2009-07-17,19.515520095825195
2009-07-20,20.597354888916016
2009-07-21,24.7180404663086
2009-07-22,23.78207397460937
2009-07-23,23.538970947265625
2009-07-24,24.7180404663086
2009-07-27,24.07380485534668
2009-07-28,24.36553382873535
2009-07-29,25.69655036926269
2009-07-30,26.395490646362305
2009-07-31,26.115922927856445
2009-08-03,26.28001976013184
2009-08-04,26.12807273864746
2009-08-05,25.5263786315918
2009-08-06,24.66942024230957
2009-08-07,24.681581497192383
2009-08-10,24.33514404296875
2009-08-11,23.867168426513672
2009-08-12,23.794239044189453
2009-08-13,24.45670509338379
2009-08-14,24.231821060180664
2009-08-17,23.69698905944824
2009-08-18,24.748430252075195
2009-08-19,25.100934982299805
2009-08-20,26.29824447631836
2009-08-21,28.92381858825684
2009-08-24,29.811155319213867
2009-08-25,29.568056106567383
2009-08-26,30.315608978271484
2009-08-27,29.9266414642334
2009-08-28,29.604528427124023
2009-08-31,29.13045310974121
2009-09-01,30.35208320617676
2009-09-02,29.908409118652344
2009-09-03,30.443248748779297
2009-09-04,30.583032608032227
2009-09-07,31.54331016540528
2009-09-08,30.09074211120605
2009-09-09,29.312782287597656
2009-09-10,29.233774185180664
2009-09-11,29.628826141357425
2009-09-14,30.133281707763672
2009-09-15,31.28804588317871
2009-09-16,32.85609817504883
2009-09-17,32.19969940185547
2009-09-18,32.51573944091797
2009-09-22,32.15715789794922
2009-09-23,31.257652282714844
2009-09-24,31.47037696838379
2009-09-25,31.294124603271484
2009-09-29,31.397443771362305
2009-09-30,31.35489654541016
2009-10-01,32.06599044799805
2009-10-05,31.51899719238281
2009-10-06,31.1361083984375
2009-10-07,30.89299774169922
2009-10-08,32.69806671142578
2009-10-09,32.837860107421875
2009-10-12,32.473201751708984
2009-10-13,32.33341598510742
2009-10-14,31.865428924560547
2009-10-15,31.54331016540528
2009-10-16,31.828950881958008
2009-10-20,34.1810302734375
2009-10-21,34.782737731933594
2009-10-22,33.09313201904297
2009-10-23,33.12350845336914
2009-10-26,33.05057907104492
2009-10-27,35.89495086669922
2009-10-28,35.19600296020508
2009-10-29,34.67941665649414
2009-10-30,35.08053207397461
2009-11-03,34.07163619995117
2009-11-04,34.86174392700195
2009-11-05,35.28717803955078
2009-11-06,35.71261215209961
2009-11-09,37.70611190795898
2009-11-10,38.13153839111328
2009-11-11,38.27133560180664
2009-11-12,37.94862365722656
2009-11-13,36.62679672241211
2009-11-16,36.72607803344727
2009-11-17,36.71986389160156
2009-11-18,36.94949722290039
2009-11-19,36.93086624145508
2009-11-20,38.203067779541016
2009-11-23,38.05413055419922
2009-11-24,38.538185119628906
2009-11-25,38.17203521728516
2009-11-26,37.89898300170898
2009-11-27,37.042579650878906
2009-11-30,37.55144882202149
2009-12-01,38.203067779541016
2009-12-02,39.4504508972168
2009-12-03,39.891056060791016
2009-12-04,41.97000503540039
2009-12-07,41.436309814453125
2009-12-08,42.75815200805664
2009-12-09,41.73418426513672
2009-12-10,41.16323852539063
2009-12-11,40.80952453613281
2009-12-14,41.157039642333984
2009-12-15,41.52939224243164
2009-12-16,41.343223571777344
2009-12-17,41.479740142822266
2009-12-18,41.03292465209961
2009-12-21,40.486812591552734
2009-12-22,40.033782958984375
2009-12-23,40.06481170654297
2009-12-24,39.326316833496094
2009-12-29,42.2864875793457
2009-12-30,41.08877944946289
2009-12-31,41.96379470825195
2010-01-04,42.180999755859375
2010-01-05,42.42303085327149
2010-01-06,42.00724411010742
2010-01-07,42.08171081542969
2010-01-08,41.821075439453125
2010-01-11,42.08171081542969
2010-01-12,41.95137786865234
2010-01-13,42.77676010131836
2010-01-14,43.58972930908203
2010-01-15,44.73159408569336
2010-01-18,47.94000625610352
2010-01-19,46.2706298828125
2010-01-20,45.20944213867188
2010-01-21,44.123416900634766
2010-01-22,43.68280792236328
2010-01-25,44.32822036743164
2010-01-27,42.64643859863281
2010-01-28,41.678340911865234
2010-01-29,41.361846923828125
2010-02-01,41.08257293701172
2010-02-02,41.29357147216797
2010-02-03,41.479740142822266
2010-02-04,41.0205192565918
2010-02-05,39.52490615844727
2010-02-08,39.43181610107422
2010-02-09,39.56214904785156
2010-02-10,39.20841217041016
2010-02-11,39.14015197753906
2010-02-15,39.14635467529297
2010-02-16,39.12774658203125
2010-02-17,39.52490615844727
2010-02-18,39.20841217041016
2010-02-19,38.86089706420898
2010-02-22,39.15876770019531
2010-02-23,38.69953155517578
2010-02-24,38.147216796875
2010-02-25,38.078948974609375
2010-02-26,38.62506103515625
2010-03-02,39.58075714111328
2010-03-03,39.835205078125
2010-03-04,39.5683479309082
2010-03-05,39.611793518066406
2010-03-08,40.617130279541016
2010-03-09,40.58610916137695
2010-03-10,40.331668853759766
2010-03-11,40.44336700439453
2010-03-12,39.67385482788086
2010-03-15,39.23323822021485
2010-03-16,39.09670639038086
2010-03-17,38.767799377441406
2010-03-18,38.8795051574707
2010-03-19,38.81123352050781
2010-03-22,38.488529205322266
2010-03-23,38.43267822265625
2010-03-25,38.358211517333984
2010-03-26,38.302364349365234
2010-03-29,37.73142623901367
2010-03-30,37.52042770385742
2010-03-31,37.2597885131836
2010-04-01,39.996543884277344
2010-04-05,41.27495193481445
2010-04-06,40.877777099609375
2010-04-07,41.436309814453125
2010-04-08,41.361846923828125
2010-04-09,43.2049674987793
2010-04-12,42.92569732666016
2010-04-13,42.42303085327149
2010-04-15,41.70935821533203
2010-04-16,41.56663513183594
2010-04-19,41.96379470825195
2010-04-20,42.40441131591797
2010-04-21,43.16152572631836
2010-04-22,43.69524002075195
2010-04-23,43.26081466674805
2010-04-26,43.65797805786133
2010-04-27,44.43992233276367
2010-04-28,43.4407844543457
2010-04-29,41.2501335144043
2010-04-30,41.057743072509766
2010-05-03,39.804161071777344
2010-05-04,39.19599914550781
2010-05-05,38.7553825378418
2010-05-06,38.985008239746094
2010-05-07,37.55144882202149
2010-05-10,38.30856704711914
2010-05-11,38.27133560180664
2010-05-12,38.55680084228516
2010-05-13,38.488529205322266
2010-05-14,37.94241714477539
2010-05-17,38.10377883911133
2010-05-18,38.04791259765625
2010-05-19,37.377689361572266
2010-05-20,36.21099090576172
2010-05-21,36.55231475830078
2010-05-24,36.6143798828125
2010-05-25,35.47250747680664
2010-05-26,36.03103256225586
2010-05-27,35.53456497192383
2010-05-28,35.751766204833984
2010-05-31,35.83864212036133
2010-06-01,36.328895568847656
2010-06-02,36.44060134887695
2010-06-03,36.639198303222656
2010-06-04,37.63212966918945
2010-06-07,36.60817337036133
2010-06-08,36.986724853515625
2010-06-09,37.675567626953125
2010-06-10,38.538185119628906
2010-06-11,38.81800079345703
2010-06-14,38.43007659912109
2010-06-15,38.56361770629883
2010-06-16,38.290164947509766
2010-06-17,38.57634353637695
2010-06-18,38.04850387573242
2010-06-21,38.27107620239258
2010-06-22,37.65423583984375
2010-06-23,37.08188247680664
2010-06-24,37.164546966552734
2010-06-25,36.954681396484375
2010-06-28,37.13274765014648
2010-06-29,36.68758773803711
2010-06-30,36.15339279174805
2010-07-01,36.00712203979492
2010-07-02,35.63193130493164
2010-07-05,36.14067459106445
2010-07-06,36.4459342956543
2010-07-07,36.000770568847656
2010-07-08,36.38233947753906
2010-07-09,37.056434631347656
2010-07-12,36.94196319580078
2010-07-13,36.872013092041016
2010-07-14,37.11367034912109
2010-07-15,36.852935791015625
2010-07-16,37.819580078125
2010-07-19,38.881591796875
2010-07-20,38.69080352783203
2010-07-21,38.26472473144531
2010-07-22,37.83864974975586
2010-07-23,37.01190948486328
2010-07-26,36.48408508300781
2010-07-27,36.35688781738281
2010-07-28,35.911746978759766
2010-07-29,36.127960205078125
2010-07-30,36.401405334472656
2010-08-02,35.784549713134766
2010-08-03,36.10253143310547
2010-08-04,35.873573303222656
2010-08-05,35.84814453125
2010-08-06,35.79725646972656
2010-08-09,36.03256607055664
2010-08-10,35.561973571777344
2010-08-11,35.352108001708984
2010-08-12,35.123165130615234
2010-08-13,35.23763656616211
2010-08-16,35.41569900512695
2010-08-17,35.01506423950195
2010-08-18,34.90060043334961
2010-08-19,34.95146942138672
2010-08-20,34.75431442260742
2010-08-23,34.862422943115234
2010-08-24,37.70509338378906
2010-08-25,36.61763381958008
2010-08-26,37.99127578735352
2010-08-27,37.59698867797852
2010-08-30,35.765464782714844
2010-08-31,36.29966735839844
2010-09-01,36.75753784179688
2010-09-02,36.789337158203125
2010-09-03,36.53496170043945
2010-09-06,36.48408508300781
2010-09-07,37.17724990844727
2010-09-08,37.495235443115234
2010-09-09,37.73688507080078
2010-09-13,37.07550430297852
2010-09-14,36.64306640625
2010-09-15,36.13431930541992
2010-09-16,35.84814453125
2010-09-17,34.44269943237305
2010-09-20,34.716163635253906
2010-09-21,36.36326217651367
2010-09-22,36.61763381958008
2010-09-23,37.4379997253418
2010-09-24,37.08188247680664
2010-09-27,41.266380310058594
2010-09-28,40.3251838684082
2010-09-29,38.881591796875
2010-09-30,38.6717414855957
2010-10-01,38.65264892578125
2010-10-04,37.93403244018555
2010-10-05,38.65264892578125
2010-10-06,38.80528259277344
2010-10-07,38.70987701416016
2010-10-08,38.32831954956055
2010-10-11,39.11053466796875
2010-10-12,38.53181457519531
2010-10-13,38.13753890991211
2010-10-14,37.90223693847656
2010-10-15,37.5651969909668
2010-10-18,38.14390182495117
2010-10-19,38.353763580322266
2010-10-20,36.789337158203125
2010-10-21,36.54767608642578
2010-10-22,37.32353591918945
2010-10-25,37.64149856567383
2010-10-26,36.87836837768555
2010-10-27,36.89107894897461
2010-10-28,36.25514602661133
2010-10-29,35.89265823364258
2010-11-01,36.28693771362305
2010-11-02,36.49679946899414
2010-11-03,36.5158805847168
2010-11-04,36.973758697509766
2010-11-08,38.054874420166016
2010-11-09,38.04850387573242
2010-11-10,37.953102111816406
2010-11-11,37.64756393432617
2010-11-12,40.280494689941406
2010-11-15,39.08430480957031
2010-11-16,37.86860275268555
2010-11-18,37.51754760742188
2010-11-19,36.52287673950195
2010-11-22,36.65940475463867
2010-11-23,36.347354888916016
2010-11-24,36.09381103515625
2010-11-25,35.20966339111328
2010-11-26,34.39704895019531
2010-11-29,34.390533447265625
2010-11-30,34.57256317138672
2010-12-01,35.07313919067383
2010-12-02,36.65290832519531
2010-12-03,35.62574005126953
2010-12-06,35.78176498413086
2010-12-07,35.898780822753906
2010-12-08,35.060142517089844
2010-12-09,33.759944915771484
2010-12-10,33.98096466064453
2010-12-13,34.01346969604492
2010-12-14,33.59091567993164
2010-12-15,33.46089172363281
2010-12-16,33.636417388916016
2010-12-20,33.701419830322266
2010-12-21,33.707916259765625
2010-12-22,34.338523864746094
2010-12-23,34.00698471069336
2010-12-24,35.41120147705078
2010-12-27,35.164161682128906
2010-12-28,35.33319091796875
2010-12-29,38.21965789794922
2010-12-30,37.89460754394531
2010-12-31,37.97262573242188
2011-01-03,38.40169525146485
2011-01-04,38.772239685058594
2011-01-05,41.028106689453125
2011-01-06,40.07246017456055
2011-01-07,38.265167236328125
2011-01-10,36.50338363647461
2011-01-11,36.89995193481445
2011-01-12,36.77642822265625
2011-01-13,36.71142578125
2011-01-14,36.10681915283203
2011-01-17,35.67776107788086
2011-01-18,36.27584457397461
2011-01-19,36.50338363647461
2011-01-20,37.79058837890625
2011-01-21,37.42002868652344
2011-01-24,37.816593170166016
2011-01-25,37.84259414672852
2011-01-27,36.392860412597656
2011-01-28,35.39169692993164
2011-01-31,36.04180908203125
2011-02-01,35.89228820800781
2011-02-02,35.742759704589844
2011-02-03,35.33969497680664
2011-02-04,35.13165664672852
2011-02-07,34.780601501464844
2011-02-08,33.603904724121094
2011-02-09,31.510576248168945
2011-02-10,31.874635696411133
2011-02-11,32.069671630859375
2011-02-14,34.2085075378418
2011-02-15,33.76644515991211
2011-02-16,33.870445251464844
2011-02-17,33.85745620727539
2011-02-18,33.77294158935547
2011-02-21,33.707916259765625
2011-02-22,33.20735168457031
2011-02-23,32.97330856323242
2011-02-24,32.043663024902344
2011-02-25,30.93198585510254
2011-02-28,30.671953201293945
2011-03-01,31.97215461730957
2011-03-03,31.84212303161621
2011-03-04,31.92663955688477
2011-03-07,31.44555854797364
2011-03-08,31.38704872131348
2011-03-09,33.6754264831543
2011-03-10,32.70026779174805
2011-03-11,31.62110137939453
2011-03-14,31.82262420654297
2011-03-15,31.14002227783203
2011-03-16,32.02415466308594
2011-03-17,32.16718673706055
2011-03-18,32.271202087402344
2011-03-21,32.61574935913086
2011-03-22,32.81728744506836
2011-03-23,33.070823669433594
2011-03-24,32.53123474121094
2011-03-25,32.856292724609375
2011-03-28,32.810787200927734
2011-03-29,32.38821029663086
2011-03-30,32.999305725097656
2011-03-31,32.61574935913086
2011-04-01,33.00580978393555
2011-04-04,34.793601989746094
2011-04-05,35.09914779663086
2011-04-06,36.080814361572266
2011-04-07,35.88578414916992
2011-04-08,36.52938461303711
2011-04-11,35.83377456665039
2011-04-13,35.90528106689453
2011-04-15,35.36568832397461
2011-04-18,34.67008590698242
2011-04-19,34.884620666503906
2011-04-20,35.00813674926758
2011-04-21,35.42420196533203
2011-04-25,35.326690673828125
2011-04-26,35.274688720703125
2011-04-27,35.48271942138672
2011-04-28,35.281185150146484
2011-04-29,34.871612548828125
2011-05-02,36.028804779052734
2011-05-03,35.61924362182617
2011-05-04,35.84027099609375
2011-05-05,35.61924362182617
2011-05-06,35.664737701416016
2011-05-09,35.768760681152344
2011-05-10,35.98330307006836
2011-05-11,36.62038803100586
2011-05-12,36.43837356567383
2011-05-13,36.47086715698242
2011-05-16,36.26934051513672
2011-05-17,36.23683547973633
2011-05-18,36.26934051513672
2011-05-19,36.15232849121094
2011-05-20,36.1328239440918
2011-05-23,36.262840270996094
2011-05-24,36.06130599975586
2011-05-25,36.113319396972656
2011-05-26,36.08731460571289
2011-05-27,36.50988006591797
2011-05-30,37.537052154541016
2011-05-31,38.12864685058594
2011-06-01,37.8816032409668
2011-06-02,37.537052154541016
2011-06-03,37.40702819824219
2011-06-06,37.51754760742188
2011-06-07,37.71256256103516
2011-06-08,38.22615432739258
2011-06-09,38.5642204284668
2011-06-10,38.55120849609375
2011-06-13,38.4146842956543
2011-06-14,38.3343620300293
2011-06-15,38.95017623901367
2011-06-16,38.72929382324219
2011-06-17,38.200496673583984
2011-06-20,37.80556869506836
2011-06-21,38.167030334472656
2011-06-22,37.95952224731445
2011-06-23,36.61411285400391
2011-06-24,37.49097442626953
2011-06-27,37.87250900268555
2011-06-28,38.26742172241211
2011-06-29,38.776145935058594
2011-06-30,38.58202362060547
2011-07-01,38.829689025878906
2011-07-04,39.11751556396485
2011-07-05,39.92074966430664
2011-07-06,40.77083969116211
2011-07-07,40.108177185058594
2011-07-08,39.69986343383789
2011-07-11,39.753414154052734
2011-07-12,40.001068115234375
2011-07-13,40.79091644287109
2011-07-14,42.08277893066406
2011-07-15,41.90206909179688
2011-07-18,42.9395751953125
2011-07-19,43.97039413452149
2011-07-20,43.64239883422852
2011-07-21,43.23409652709961
2011-07-22,44.231441497802734
2011-07-25,49.42568206787109
2011-07-26,47.85939025878906
2011-07-27,48.89689636230469
2011-07-28,48.321250915527344
2011-07-29,47.37745666503906
2011-08-01,47.07621383666992
2011-08-02,46.18598175048828
2011-08-03,46.125736236572266
2011-08-04,45.6772575378418
2011-08-05,44.01724624633789
2011-08-08,43.60224533081055
2011-08-09,43.749507904052734
2011-08-10,44.057411193847656
2011-08-11,43.622318267822266
2011-08-12,43.5888557434082
2011-08-16,43.441593170166016
2011-08-17,43.1738510131836
2011-08-18,42.75215911865234
2011-08-19,42.183197021484375
2011-08-22,44.48580932617188
2011-08-23,44.94765853881836
2011-08-24,45.06144714355469
2011-08-25,44.39878082275391
2011-08-26,43.12030792236328
2011-08-29,43.836524963378906
2011-08-30,44.18458938598633
2011-09-02,44.24483108520508
2011-09-05,43.9101448059082
2011-09-06,45.33590316772461
2011-09-07,46.7348518371582
2011-09-08,47.15654754638672
2011-09-09,49.5127067565918
2011-09-12,49.4725456237793
2011-09-13,48.68938446044922
2011-09-14,48.65592193603516
2011-09-15,48.35473251342773
2011-09-16,48.30785369873047
2011-09-19,48.823272705078125
2011-09-20,49.89425659179688
2011-09-21,50.08167266845703
2011-09-22,48.23422622680664
2011-09-23,47.571556091308594
2011-09-26,47.40421676635742
2011-09-27,47.99325180053711
2011-09-28,47.61171340942383
2011-09-29,47.143165588378906
2011-09-30,46.614376068115234
2011-10-03,46.86873626708984
2011-10-04,46.90889358520508
2011-10-05,46.83526992797852
2011-10-07,46.748233795166016
2011-10-10,47.973182678222656
2011-10-11,50.19546127319336
2011-10-12,50.510066986083984
2011-10-13,50.6841049194336
2011-10-14,51.50740814208984
2011-10-17,53.28789520263672
2011-10-18,53.54895782470703
2011-10-19,49.82731246948242
2011-10-20,53.482032775878906
2011-10-21,52.37088394165039
2011-10-24,52.85951614379883
2011-10-25,51.78185272216797
2011-10-28,52.37088394165039
2011-10-31,53.11388397216797
2011-11-01,52.8662109375
2011-11-02,52.39419174194336
2011-11-03,52.03847885131836
2011-11-04,52.592567443847656
2011-11-08,51.81272888183594
2011-11-09,52.18897247314453
2011-11-11,51.10811233520508
2011-11-14,52.0110969543457
2011-11-15,50.998653411865234
2011-11-16,50.355613708496094
2011-11-17,48.93955993652344
2011-11-18,48.234954833984375
2011-11-21,46.75731658935547
2011-11-22,48.173377990722656
2011-11-23,47.22250747680664
2011-11-24,46.9488639831543
2011-11-25,46.983055114746094
2011-11-28,47.88605499267578
2011-11-29,47.290897369384766
2011-11-30,47.07884979248047
2011-12-01,46.78468322753906
2011-12-02,47.33881378173828
2011-12-05,47.51665496826172
2011-12-07,47.29774475097656
2011-12-08,46.25794982910156
2011-12-09,45.95693588256836
2011-12-12,45.62174224853516
2011-12-13,43.69260787963867
2011-12-14,43.30952453613281
2011-12-15,42.00976943969727
2011-12-16,41.654029846191406
2011-12-19,39.75227737426758
2011-12-20,38.958740234375
2011-12-21,39.38970184326172
2011-12-22,38.69877624511719
2011-12-23,39.59493255615234
2011-12-26,40.62107467651367
2011-12-27,39.64281845092773
2011-12-28,38.582481384277344
2011-12-29,38.20623397827149
2011-12-30,38.59617233276367
2012-01-02,38.8150749206543
2012-01-03,40.456878662109375
2012-01-04,40.9904670715332
2012-01-05,41.78400802612305
2012-01-06,40.52529144287109
2012-01-09,41.70191955566406
2012-01-10,43.02220916748047
2012-01-11,43.19322967529297
2012-01-12,43.13850402832031
2012-01-13,44.75978469848633
2012-01-16,44.99237060546875
2012-01-17,45.30705642700195
2012-01-18,45.02658462524414
2012-01-19,45.2386360168457
2012-01-20,46.627349853515625
2012-01-23,48.51542663574219
2012-01-24,49.40473556518555
2012-01-25,49.08320617675781
2012-01-27,49.24739074707031
2012-01-30,49.28159332275391
2012-01-31,50.04093551635742
2012-02-01,50.30088806152344
2012-02-02,50.28721618652344
2012-02-03,49.99305725097656
2012-02-06,50.205108642578125
2012-02-07,50.03409957885742
2012-02-08,49.91779708862305
2012-02-09,49.73310852050781
2012-02-10,48.775390625
2012-02-13,47.674015045166016
2012-02-14,47.4345703125
2012-02-15,48.39229965209961
2012-02-16,49.40473556518555
2012-02-17,49.55523681640625
2012-02-21,48.65908432006836
2012-02-22,46.5931396484375
2012-02-23,46.10745620727539
2012-02-24,46.54526138305664
2012-02-27,45.95693588256836
2012-02-28,46.76416015625
2012-02-29,47.290897369384766
2012-03-01,48.71379470825195
2012-03-02,48.31019973754883
2012-03-05,47.41403198242188
2012-03-06,47.32511138916016
2012-03-07,47.00358581542969
2012-03-09,47.70137023925781
2012-03-12,47.639793395996094
2012-03-13,47.85185241699219
2012-03-14,47.9544792175293
2012-03-15,47.72189712524414
2012-03-16,47.2635498046875
2012-03-19,47.20198440551758
2012-03-20,48.29651641845703
2012-03-21,48.71379470825195
2012-03-22,47.824493408203125
2012-03-23,47.9613151550293
2012-03-26,49.18581771850586
2012-03-27,48.65224456787109
2012-03-28,47.60557556152344
2012-03-29,48.07075881958008
2012-03-30,48.488075256347656
2012-04-02,49.32265090942383
2012-04-03,49.73310852050781
2012-04-04,49.82885360717773
2012-04-09,49.58260726928711
2012-04-10,48.71379470825195
2012-04-11,48.18022155761719
2012-04-12,49.47998809814453
2012-04-13,48.59749221801758
2012-04-16,48.52226638793945
2012-04-17,49.25423049926758
2012-04-18,49.22003936767578
2012-04-19,48.29651641845703
2012-04-20,49.00796127319336
2012-04-23,48.9942741394043
2012-04-24,49.57577896118164
2012-04-25,49.30896759033203
2012-04-26,48.234954833984375
2012-04-27,48.78905487060547
2012-04-30,51.52541732788086
2012-05-02,58.318389892578125
2012-05-03,58.14052581787109
2012-05-04,57.764278411865234
2012-05-07,58.00369644165039
2012-05-08,58.57832336425781
2012-05-09,58.69462966918945
2012-05-10,58.16105270385742
2012-05-11,55.42470169067383
2012-05-14,55.62992858886719
2012-05-15,55.68465042114258
2012-05-16,54.51486587524414
2012-05-17,54.11125564575195
2012-05-18,54.603797912597656
2012-05-21,54.95953369140625
2012-05-22,55.253662109375
2012-05-23,53.98126983642578
2012-05-24,54.0565185546875
2012-05-25,55.62992858886719
2012-05-28,57.43590545654297
2012-05-29,58.98878479003906
2012-05-30,58.54412460327149
2012-05-31,58.89985275268555
2012-06-01,59.03668594360352
2012-06-04,59.00930404663086
2012-06-05,56.52606964111328
2012-06-06,57.20332717895508
2012-06-07,54.14466094970703
2012-06-08,53.811153411865234
2012-06-11,52.77804565429688
2012-06-12,52.289947509765625
2012-06-13,52.04591751098633
2012-06-14,50.955867767333984
2012-06-15,51.05346298217773
2012-06-18,50.02849960327149
2012-06-19,49.011661529541016
2012-06-20,49.92274856567383
2012-06-21,51.11854553222656
2012-06-22,52.49331665039063
2012-06-25,52.965126037597656
2012-06-26,52.192344665527344
2012-06-27,52.208614349365234
2012-06-28,52.67228317260742
2012-06-29,52.55025100708008
2012-07-02,52.5665283203125
2012-07-03,52.82685852050781
2012-07-04,52.90005111694336
2012-07-05,53.12782287597656
2012-07-06,52.99767303466797
2012-07-09,52.39570617675781
2012-07-10,52.01337432861328
2012-07-11,51.59036636352539
2012-07-12,51.50901794433594
2012-07-13,51.15109252929688
2012-07-16,50.54912567138672
2012-07-17,50.00410461425781
2012-07-18,49.857669830322266
2012-07-19,50.25627136230469
2012-07-20,50.776893615722656
2012-07-23,50.51657485961914
2012-07-24,51.14296340942383
2012-07-25,51.50089263916016
2012-07-26,50.93959426879883
2012-07-27,50.40270233154297
2012-07-30,48.580528259277344
2012-07-31,47.77518844604492
2012-08-01,48.4096908569336
2012-08-02,48.16565704345703
2012-08-03,48.80830001831055
2012-08-06,48.86523818969727
2012-08-07,48.89776611328125
2012-08-08,48.32020950317383
2012-08-09,48.05990982055664
2012-08-10,47.514869689941406
2012-08-13,47.95415115356445
2012-08-14,47.88093948364258
2012-08-16,47.832130432128906
2012-08-17,48.19005584716797
2012-08-21,47.93788146972656
2012-08-22,48.03549957275391
2012-08-23,48.33649063110352
2012-08-24,48.181922912597656
2012-08-27,47.84026336669922
2012-08-28,47.506744384765625
2012-08-29,46.82342147827149
2012-08-30,47.11627578735352
2012-08-31,46.677001953125
2012-09-03,46.81528472900391
2012-09-04,46.6119270324707
2012-09-05,47.80773162841797
2012-09-06,48.9547233581543
2012-09-07,48.75949096679688
2012-09-10,48.49103546142578
2012-09-11,48.230743408203125
2012-09-12,48.44223785400391
2012-09-13,48.214454650878906
2012-09-14,48.4585189819336
2012-09-17,48.539852142333984
2012-09-18,48.75949096679688
2012-09-20,48.22259140014648
2012-09-21,48.263275146484375
2012-09-24,48.45036315917969
2012-09-25,48.556114196777344
2012-09-26,48.645606994628906
2012-09-27,48.499168395996094
2012-09-28,48.02735900878906
2012-10-01,48.279541015625
2012-10-03,48.07617568969727
2012-10-04,51.167362213134766
2012-10-05,52.192344665527344
2012-10-08,53.20918273925781
2012-10-09,53.38001251220703
2012-10-10,52.84310531616211
2012-10-11,52.47705078125
2012-10-12,52.92446517944336
2012-10-15,53.3555908203125
2012-10-16,50.801300048828125
2012-10-17,50.42710113525391
2012-10-18,50.3132209777832
2012-10-19,50.36202239990234
2012-10-22,51.11042404174805
2012-10-23,51.09415817260742
2012-10-25,51.09415817260742
2012-10-29,50.01909637451172
2012-10-30,48.93571853637695
2012-10-31,48.68569564819336
2012-11-01,48.72736740112305
2012-11-02,48.885704040527344
2012-11-05,48.77737045288086
2012-11-06,48.677364349365234
2012-11-07,49.17739486694336
2012-11-08,48.93571853637695
2012-11-09,48.40234756469727
2012-11-12,47.89398956298828
2012-11-15,48.11901092529297
2012-11-16,47.66065216064453
2012-11-19,47.65231323242188
2012-11-20,47.57731628417969
2012-11-21,47.61898422241211
2012-11-22,47.82732772827149
2012-11-23,47.1689682006836
2012-11-26,47.843997955322266
2012-11-27,47.60231399536133
2012-11-29,47.852325439453125
2012-11-30,48.77737045288086
2012-12-03,48.9607048034668
2012-12-04,49.17739486694336
2012-12-05,49.16072082519531
2012-12-06,49.902435302734375
2012-12-07,49.027381896972656
2012-12-10,49.002384185791016
2012-12-11,48.51069259643555
2012-12-12,48.68569564819336
2012-12-13,48.06900024414063
2012-12-14,48.0940055847168
2012-12-17,47.877323150634766
2012-12-18,48.16067886352539
2012-12-19,47.90232467651367
2012-12-20,47.79399490356445
2012-12-21,47.37730407714844
2012-12-24,47.36896133422852
2012-12-26,47.51065444946289
2012-12-27,48.060665130615234
2012-12-28,48.060665130615234
2012-12-31,48.77737045288086
2013-01-01,48.91904830932617
2013-01-02,48.90237808227539
2013-01-03,49.294071197509766
2013-01-04,49.36073684692383
2013-01-07,50.40245056152344
2013-01-08,50.46078872680664
2013-01-09,49.81075286865234
2013-01-10,49.86076736450195
2013-01-11,49.260719299316406
2013-01-14,49.46907806396485
2013-01-15,49.28572463989258
2013-01-16,48.91070938110352
2013-01-17,48.90237808227539
2013-01-18,48.33568954467773
2013-01-21,48.51902770996094
2013-01-22,47.80233001708984
2013-01-23,47.18561935424805
2013-01-24,45.835567474365234
2013-01-25,45.82723617553711
2013-01-28,46.452266693115234
2013-01-29,46.31058883666992
2013-01-30,45.86056518554688
2013-01-31,45.63554763793945
2013-02-01,45.28554153442383
2013-02-04,45.60222244262695
2013-02-05,45.32720947265625
2013-02-06,45.26885986328125
2013-02-07,45.72722244262695
2013-02-08,45.0938606262207
2013-02-11,44.59383392333984
2013-02-12,44.69384002685547
2013-02-13,44.17713928222656
2013-02-14,42.86874771118164
2013-02-15,42.44373321533203
2013-02-18,41.09366607666016
2013-02-19,42.32705307006836
2013-02-20,42.43540191650391
2013-02-21,41.78536224365234
2013-02-22,41.47701644897461
2013-02-25,41.05199813842773
2013-02-26,40.15195846557617
2013-02-27,39.76860046386719
2013-02-28,38.74355316162109
2013-03-01,39.36024475097656
2013-03-04,39.0768928527832
2013-03-05,39.01856231689453
2013-03-06,39.4435920715332
2013-03-07,39.36857986450195
2013-03-08,40.01027297973633
2013-03-11,39.98528289794922
2013-03-12,40.08528137207031
2013-03-13,39.3269157409668
2013-03-14,39.26858139038086
2013-03-15,39.19357299804688
2013-03-18,39.13524627685547
2013-03-19,38.335208892822266
2013-03-20,37.46849060058594
2013-03-21,36.77677917480469
2013-03-22,35.93507766723633
2013-03-25,35.85174560546875
2013-03-26,35.49339294433594
2013-03-28,35.32672119140625
2013-04-01,36.32676696777344
2013-04-02,37.93517303466797
2013-04-03,38.72689056396485
2013-04-04,38.06851196289063
2013-04-05,38.551876068115234
2013-04-08,38.97689437866211
2013-04-09,37.83517074584961
2013-04-10,38.060184478759766
2013-04-11,37.59350204467773
2013-04-12,37.37680435180664
2013-04-15,37.55181503295898
2013-04-16,37.79350280761719
2013-04-17,37.57682418823242
2013-04-18,37.360145568847656
2013-04-22,38.13519287109375
2013-04-23,39.535255432128906
2013-04-25,39.2602424621582
2013-04-26,39.11023712158203
2013-04-29,39.610260009765625
2013-04-30,39.535255432128906
2013-05-02,34.935028076171875
2013-05-03,34.376670837402344
2013-05-06,34.05166244506836
2013-05-07,34.64335250854492
2013-05-08,34.36833572387695
2013-05-09,34.15999221801758
2013-05-10,34.30167007446289
2013-05-13,33.96831512451172
2013-05-14,33.85997772216797
2013-05-15,33.759971618652344
2013-05-16,33.90998458862305
2013-05-17,33.29328155517578
2013-05-20,33.35161590576172
2013-05-21,33.326622009277344
2013-05-22,33.3016242980957
2013-05-23,32.29322814941406
2013-05-24,32.27656173706055
2013-05-27,32.326568603515625
2013-05-28,31.97655868530273
2013-05-29,31.91821479797364
2013-05-30,31.743209838867188
2013-05-31,31.168182373046875
2013-06-03,31.32651901245117
2013-06-04,31.12651252746582
2013-06-05,31.06818580627441
2013-06-06,31.17651557922364
2013-06-07,31.38486862182617
2013-06-10,31.934886932373047
2013-06-11,31.53487014770508
2013-06-12,30.85150909423828
2013-06-13,30.425901412963867
2013-06-14,30.156646728515625
2013-06-17,29.93082427978516
2013-06-18,29.618139266967773
2013-06-19,29.32282447814941
2013-06-20,28.99276733398437
2013-06-21,28.706138610839844
2013-06-24,27.9852352142334
2013-06-25,27.73334312438965
2013-06-26,28.13288307189941
2013-06-27,27.8201961517334
2013-06-28,27.933109283447266
2013-07-01,28.35871696472168
2013-07-02,28.22843360900879
2013-07-03,27.84626007080078
2013-07-04,28.00260353088379
2013-07-05,26.9690055847168
2013-07-08,27.116662979125977
2013-07-09,26.86477851867676
2013-07-10,27.776769638061523
2013-07-11,27.854944229125977
2013-07-12,27.99391365051269
2013-07-15,28.141571044921875
2013-07-16,27.090606689453125
2013-07-17,27.238264083862305
2013-07-18,27.220888137817383
2013-07-19,27.177465438842773
2013-07-22,27.31643295288086
2013-07-23,27.53357696533203
2013-07-24,27.02112197875977
2013-07-25,27.368547439575195
2013-07-26,29.47047996520996
2013-07-29,30.28693389892578
2013-07-30,28.86248207092285
2013-07-31,28.28054428100586
2013-08-01,28.28054428100586
2013-08-02,27.524890899658203
2013-08-05,28.21105194091797
2013-08-06,28.28923416137696
2013-08-07,27.872318267822266
2013-08-08,29.52259063720703
2013-08-12,30.312986373901367
2013-08-13,30.54750061035156
2013-08-14,30.59093475341797
2013-08-16,29.96556282043457
2013-08-19,29.58338928222656
2013-08-20,29.748424530029297
2013-08-21,29.11436653137207
2013-08-22,28.87117385864257
2013-08-23,29.618139266967773
2013-08-26,29.6876220703125
2013-08-27,28.87985038757324
2013-08-28,29.08831024169922
2013-08-29,29.52259063720703
2013-08-30,29.374940872192383
2013-09-02,29.140419006347656
2013-09-03,29.0188217163086
2013-09-04,28.923282623291016
2013-09-05,29.644187927246094
2013-09-06,29.314132690429688
2013-09-10,30.035043716430664
2013-09-11,29.87871742248535
2013-09-12,30.04372978210449
2013-09-13,30.365108489990234
2013-09-16,30.98177719116211
2013-09-17,29.99162483215332
2013-09-18,30.22612953186035
2013-09-19,31.129438400268555
2013-09-20,30.56487274169922
2013-09-23,30.51275634765625
2013-09-24,31.32921600341797
2013-09-25,31.806921005249023
2013-09-26,31.850351333618164
2013-09-27,31.94589233398437
2013-09-30,31.476869583129883
2013-10-01,31.476869583129883
2013-10-03,31.67664909362793
2013-10-04,31.64189720153809
2013-10-07,32.171730041503906
2013-10-08,32.996864318847656
2013-10-09,34.16073989868164
2013-10-10,37.61764144897461
2013-10-11,37.72187423706055
2013-10-14,37.83478164672852
2013-10-15,37.26152038574219
2013-10-17,37.88689422607422
2013-10-18,37.67844009399414
2013-10-21,37.61764144897461
2013-10-22,38.47752380371094
2013-10-23,38.98997497558594
2013-10-24,38.41672134399414
2013-10-25,38.24298477172852
2013-10-28,38.2603759765625
2013-10-29,39.72825622558594
2013-10-30,40.61418914794922
2013-10-31,42.5771598815918
2013-11-01,43.33280944824219
2013-11-05,44.6096076965332
2013-11-06,44.65303421020508
2013-11-07,44.44725799560547
2013-11-08,44.01781463623047
2013-11-11,42.97998809814453
2013-11-12,43.36470413208008
2013-11-13,43.2215576171875
2013-11-14,43.25734329223633
2013-11-18,45.6192741394043
2013-11-19,45.13614654541016
2013-11-20,46.33501052856445
2013-11-21,46.44237518310547
2013-11-22,47.13126373291016
2013-11-25,50.04789352416992
2013-11-26,48.61642456054688
2013-11-27,48.446434020996094
2013-11-28,47.927528381347656
2013-11-29,47.24757766723633
2013-12-02,46.129241943359375
2013-12-03,45.35087585449219
2013-12-04,46.79129409790039
2013-12-05,46.093448638916016
2013-12-06,45.63717651367188
2013-12-09,45.01985168457031
2013-12-10,44.55462265014648
2013-12-11,43.72256851196289
2013-12-12,43.937286376953125
2013-12-13,43.47206497192383
2013-12-16,43.03367233276367
2013-12-17,43.0694694519043
2013-12-18,45.29719543457031
2013-12-19,45.63717651367188
2013-12-20,47.42650985717773
2013-12-23,50.11051940917969
2013-12-24,48.54484939575195
2013-12-26,47.47124862670898
2013-12-27,47.301246643066406
2013-12-30,47.26547622680664
2013-12-31,46.916542053222656
2014-01-01,46.93444061279297
2014-01-02,46.71078109741211
2014-01-03,46.35290145874024
2014-01-06,49.493194580078125
2014-01-07,48.33012771606445
2014-01-08,50.62049102783203
2014-01-09,48.74167251586914
2014-01-10,47.61438751220703
2014-01-13,49.68108749389648
2014-01-14,52.18616485595703
2014-01-15,52.70505905151367
2014-01-16,51.72988128662109
2014-01-17,49.88685607910156
2014-01-20,49.79739761352539
2014-01-21,49.618446350097656
2014-01-22,49.50214767456055
2014-01-23,50.61154174804688
2014-01-24,49.43951416015625
2014-01-27,47.927528381347656
2014-01-28,49.18902206420898
2014-01-29,50.80836868286133
2014-01-30,50.94256591796875
2014-01-31,49.29636764526367
2014-02-03,48.312232971191406
2014-02-04,47.73069381713867
2014-02-05,47.31019592285156
2014-02-06,47.58753967285156
2014-02-07,47.03287124633789
2014-02-10,46.88970184326172
2014-02-11,46.71078109741211
2014-02-12,46.81813049316406
2014-02-13,46.50499725341797
2014-02-14,46.746559143066406
2014-02-17,46.200809478759766
2014-02-18,46.34395599365234
2014-02-19,46.12029647827149
2014-02-20,46.06661224365234
2014-02-21,51.09466171264648
2014-02-24,51.48831558227539
2014-02-25,51.121490478515625
2014-02-26,50.54890441894531
2014-02-28,49.68108749389648
2014-03-03,50.13735961914063
2014-03-04,49.89580154418945
2014-03-05,50.23577880859375
2014-03-06,50.54890441894531
2014-03-07,49.92265319824219
2014-03-10,50.20893096923828
2014-03-11,50.6562614440918
2014-03-12,50.46839141845703
2014-03-13,51.10359954833984
2014-03-14,50.19999313354492
2014-03-18,50.19103240966797
2014-03-19,50.531009674072266
2014-03-20,50.33419418334961
2014-03-21,50.459449768066406
2014-03-24,52.45455932617188
2014-03-25,51.765663146972656
2014-03-26,50.70994567871094
2014-03-27,60.8465690612793
2014-03-28,61.49073791503906
2014-03-31,62.30489349365234
2014-04-01,62.17963790893555
2014-04-02,61.96491622924805
2014-04-03,60.7213134765625
2014-04-04,60.62291717529297
2014-04-07,63.61111068725586
2014-04-09,63.12799072265625
2014-04-10,64.0047607421875
2014-04-11,65.28414154052734
2014-04-15,64.20159149169922
2014-04-16,65.29308319091797
2014-04-17,66.86770629882812
2014-04-21,67.377685546875
2014-04-22,68.03972625732422
2014-04-23,68.55864715576172
2014-04-24,68.55864715576172
2014-04-25,69.56961059570312
2014-04-28,68.69283294677734
2014-04-29,68.78231048583984
2014-04-30,67.06454467773438
2014-05-02,65.75831604003906
2014-05-05,68.31707000732422
2014-05-06,68.7375717163086
2014-05-07,69.48014831542969
2014-05-08,69.06858825683594
2014-05-09,69.51593017578125
2014-05-12,68.40654754638672
2014-05-13,67.58345794677734
2014-05-14,70.51797485351562
2014-05-15,69.40858459472656
2014-05-16,69.2117691040039
2014-05-19,71.45738220214844
2014-05-20,75.3849868774414
2014-05-21,74.97344207763672
2014-05-22,72.89779663085938
2014-05-23,76.18122863769531
2014-05-26,72.38783264160156
2014-05-27,73.44354248046875
2014-05-28,73.2198715209961
2014-05-29,75.16131591796875
2014-05-30,73.93560791015625
2014-06-02,76.5212173461914
2014-06-03,76.57490539550781
2014-06-04,86.63993835449219
2014-06-05,87.83879089355469
2014-06-06,90.3170394897461
2014-06-09,95.0587921142578
2014-06-10,103.6386947631836
2014-06-11,107.15474700927734
2014-06-12,104.98570251464844
2014-06-13,104.2868881225586
2014-06-16,98.27888488769533
2014-06-17,100.14844512939452
2014-06-18,107.06399536132812
2014-06-19,115.43162536621094
2014-06-20,110.00447845458984
2014-06-23,110.1406021118164
2014-06-24,114.88710021972656
2014-06-25,112.43669891357422
2014-06-26,110.63066864013672
2014-06-27,113.3987045288086
2014-06-30,111.27501678466795
2014-07-01,109.36917877197266
2014-07-02,108.97891998291016
2014-07-03,109.5597686767578
2014-07-04,107.09122467041016
2014-07-07,105.32150268554688
2014-07-08,104.37762451171876
2014-07-09,103.4700927734375
2014-07-10,105.1944351196289
2014-07-11,99.94879150390624
2014-07-14,96.61804962158205
2014-07-15,101.44623565673828
2014-07-16,106.02031707763672
2014-07-17,109.03338623046876
2014-07-18,106.80081939697266
2014-07-21,106.2290496826172
2014-07-22,105.23983764648438
2014-07-23,104.40486907958984
2014-07-24,104.22337341308594
2014-07-25,104.60452270507812
2014-07-28,104.13260650634766
2014-07-30,107.97154235839844
2014-07-31,103.72419738769533
2014-08-01,102.2993392944336
2014-08-04,101.82740020751952
2014-08-05,106.90061950683594
2014-08-06,109.46900939941406
2014-08-07,107.4542465209961
2014-08-08,107.66295623779295
2014-08-11,104.595458984375
2014-08-12,103.49730682373048
2014-08-13,102.48992919921876
2014-08-14,104.5772933959961
2014-08-18,105.53021240234376
2014-08-19,110.80311584472656
2014-08-20,111.20242309570312
2014-08-21,110.75774383544922
2014-08-22,109.74127960205078
2014-08-25,110.63975524902344
2014-08-26,106.12013244628906
2014-08-27,107.6902084350586
2014-08-28,108.68852996826172
2014-09-01,112.93585205078124
2014-09-02,114.90523529052734
2014-09-03,115.56776428222656
2014-09-04,118.49005889892578
2014-09-05,123.11856842041016
2014-09-08,123.7085189819336
2014-09-09,123.24566650390624
2014-09-10,125.30583953857422
2014-09-11,126.14078521728516
2014-09-12,126.47657012939452
2014-09-15,125.69606018066406
2014-09-16,124.49808502197266
2014-09-17,121.92063903808594
2014-09-18,122.08401489257812
2014-09-19,123.20938110351562
2014-09-22,122.50144958496094
2014-09-23,120.37779235839844
2014-09-24,118.61712646484376
2014-09-25,116.53885650634766
2014-09-26,114.32439422607422
2014-09-29,114.58761596679688
2014-09-30,116.8655776977539
2014-10-01,115.63128662109376
2014-10-07,109.7322006225586
2014-10-08,111.33854675292967
2014-10-09,111.92845916748048
2014-10-10,115.11398315429688
2014-10-13,112.53653717041016
2014-10-14,110.78496551513672
2014-10-15,110.78496551513672
2014-10-16,109.45086669921876
2014-10-17,108.18936920166016
2014-10-20,108.06229400634766
2014-10-21,107.70835876464844
2014-10-22,104.98570251464844
2014-10-27,108.02601623535156
2014-10-28,107.2273406982422
2014-10-29,108.4888687133789
2014-10-30,110.51270294189452
2014-10-31,110.77587890625
2014-11-03,110.96647644042967
2014-11-05,114.30181121826172
2014-11-07,110.36003112792967
2014-11-10,110.09357452392578
2014-11-11,109.5606689453125
2014-11-12,107.96192169189452
2014-11-13,107.47492218017578
2014-11-14,107.23604583740234
2014-11-17,107.88841247558594
2014-11-18,110.22223663330078
2014-11-19,109.04613494873048
2014-11-20,107.07984161376952
2014-11-21,107.88841247558594
2014-11-24,107.05227661132812
2014-11-25,105.36163330078124
2014-11-26,106.0783233642578
2014-11-27,106.57447814941406
2014-11-28,106.31723022460938
2014-12-01,105.2146224975586
2014-12-02,105.646484375
2014-12-03,104.84709930419922
2014-12-04,105.15030670166016
2014-12-05,107.92516326904295
2014-12-08,108.86235809326172
2014-12-09,107.6127700805664
2014-12-10,107.97109985351562
2014-12-11,107.35548400878906
2014-12-12,107.57601165771484
2014-12-15,107.4933090209961
2014-12-16,105.40760040283205
2014-12-17,103.80882263183594
2014-12-18,105.10437774658205
2014-12-19,104.24065399169922
2014-12-22,104.69091796875
2014-12-23,107.4381866455078
2014-12-24,106.56529998779295
2014-12-26,107.759765625
2014-12-29,108.16405487060548
2014-12-30,107.87003326416016
2014-12-31,112.50090026855467
2015-01-01,117.6003875732422
2015-01-02,119.52991485595705
2015-01-05,119.47480010986328
2015-01-06,117.27880096435548
2015-01-07,121.40435028076172
2015-01-08,120.73356628417967
2015-01-09,122.06587982177734
2015-01-12,121.2940444946289
2015-01-13,118.69377899169922
2015-01-14,118.38137817382812
2015-01-15,118.75811004638672
2015-01-16,119.94336700439452
2015-01-19,121.48703002929688
2015-01-20,120.0168685913086
2015-01-21,135.4072265625
2015-01-22,135.5358428955078
2015-01-23,132.0626678466797
2015-01-27,132.01673889160156
2015-01-28,130.59259033203125
2015-01-29,133.5695343017578
2015-01-30,134.08407592773438
2015-02-02,131.01524353027344
2015-02-03,131.04281616210938
2015-02-04,133.4868621826172
2015-02-05,129.50836181640625
2015-02-06,126.03521728515624
2015-02-09,119.7228775024414
2015-02-10,124.399658203125
2015-02-11,126.30166625976562
2015-02-12,126.87129974365234
2015-02-13,128.3230743408203
2015-02-16,127.26641082763672
2015-02-18,126.55894470214844
2015-02-19,126.62326049804688
2015-02-20,128.69981384277344
2015-02-23,128.51602172851562
2015-02-24,128.6538543701172
2015-02-25,129.6278076171875
2015-02-26,128.68142700195312
2015-02-27,130.3169403076172
2015-03-02,132.81613159179688
2015-03-03,137.08863830566406
2015-03-04,138.22802734375
2015-03-05,152.42384338378906
2015-03-09,147.6551513671875
2015-03-10,153.84803771972656
2015-03-11,153.74693298339844
2015-03-12,155.2630615234375
2015-03-13,152.52490234375
2015-03-16,150.62295532226562
2015-03-17,157.53250122070312
2015-03-18,152.9199981689453
2015-03-19,155.35491943359375
2015-03-20,146.5525665283203
2015-03-23,140.2034454345703
2015-03-24,141.51744079589844
2015-03-25,142.5189208984375
2015-03-26,144.3657684326172
2015-03-27,147.07627868652344
2015-03-30,152.01953125
2015-03-31,153.54483032226562
2015-04-01,156.3748016357422
2015-04-06,156.59530639648438
2015-04-07,157.92758178710938
2015-04-08,156.45750427246094
2015-04-09,159.77444458007812
2015-04-10,162.68711853027344
2015-04-13,167.46502685546875
2015-04-15,172.32562255859375
2015-04-16,169.118896484375
2015-04-17,166.35324096679688
2015-04-20,164.993408203125
2015-04-21,163.7713623046875
2015-04-22,170.24905395507812
2015-04-23,166.87696838378906
2015-04-24,158.14810180664062
2015-04-27,152.16653442382812
2015-04-28,160.47274780273438
2015-04-29,154.98736572265625
2015-04-30,152.58926391601562
2015-05-04,151.03643798828125
2015-05-05,149.8878631591797
2015-05-06,148.9690399169922
2015-05-07,144.0625457763672
2015-05-08,149.01502990722656
2015-05-11,145.8726348876953
2015-05-12,147.23252868652344
2015-05-13,148.86802673339844
2015-05-14,149.7500457763672
2015-05-15,149.75926208496094
2015-05-18,151.64283752441406
2015-05-19,153.48046875
2015-05-20,159.28749084472656
2015-05-21,159.02101135253906
2015-05-22,161.9979705810547
2015-05-25,161.0332794189453
2015-05-26,158.82803344726562
2015-05-27,160.5462646484375
2015-05-28,165.51705932617188
2015-05-29,166.95045471191406
2015-06-01,168.3103485107422
2015-06-02,170.05609130859375
2015-06-03,164.7176971435547
2015-06-04,162.47579956054688
2015-06-05,164.61669921875
2015-06-08,164.25831604003906
2015-06-09,163.04544067382812
2015-06-10,164.7452850341797
2015-06-11,162.21852111816406
2015-06-12,161.19863891601562
2015-06-15,160.9045867919922
2015-06-16,161.20779418945312
2015-06-17,167.9979248046875
2015-06-18,168.08984375
2015-06-19,169.60154724121094
2015-06-22,168.85958862304688
2015-06-23,169.78704833984375
2015-06-24,176.2698211669922
2015-06-25,180.2764129638672
2015-06-26,180.94419860839844
2015-06-29,176.78919982910156
2015-06-30,180.4804534912109
2015-07-01,194.6054229736328
2015-07-02,195.0320587158203
2015-07-03,209.98243713378903
2015-07-06,211.6239776611328
2015-07-07,216.35397338867188
2015-07-08,218.73751831054688
2015-07-09,210.54815673828125
2015-07-10,203.5552520751953
2015-07-13,204.2508544921875
2015-07-14,205.26174926757807
2015-07-15,201.3201141357422
2015-07-16,204.0746154785156
2015-07-17,210.39051818847656
2015-07-20,207.18153381347656
2015-07-21,200.1422576904297
2015-07-22,205.6419677734375
2015-07-23,203.6016082763672
2015-07-24,205.15969848632807
2015-07-27,202.24755859375
2015-07-28,202.8782196044922
2015-07-29,215.7418212890625
2015-07-30,233.6878662109375
2015-07-31,238.733154296875
2015-08-03,253.12710571289065
2015-08-04,256.27117919921875
2015-08-05,246.9039306640625
2015-08-06,242.2204132080078
2015-08-07,249.1019592285156
2015-08-10,249.0556640625
2015-08-11,243.1107177734375
2015-08-12,245.65185546875
2015-08-13,242.1275787353516
2015-08-14,237.82424926757807
2015-08-17,240.9126892089844
2015-08-18,252.96014404296875
2015-08-19,261.4183959960937
2015-08-20,250.4652862548828
2015-08-21,255.4642333984375
2015-08-24,214.3506774902344
2015-08-25,215.5934600830078
2015-08-26,222.1783142089844
2015-08-27,230.1171875
2015-08-28,223.57872009277344
2015-08-31,222.7532958984375
2015-09-01,225.9344482421875
2015-09-02,223.152099609375
2015-09-03,228.70748901367188
2015-09-04,226.7413330078125
2015-09-07,219.24757385253903
2015-09-08,215.49142456054688
2015-09-09,216.13137817382807
2015-09-10,217.3092193603516
2015-09-11,213.4139709472656
2015-09-14,213.784912109375
2015-09-15,220.9169921875
2015-09-16,222.6420288085937
2015-09-18,228.03045654296875
2015-09-21,223.6807556152344
2015-09-22,224.5618133544922
2015-09-23,220.35125732421875
2015-09-24,221.03756713867188
2015-09-28,222.73475646972656
2015-09-29,219.64637756347656
2015-09-30,225.32232666015625
2015-10-01,232.3337860107422
2015-10-05,245.4200897216797
2015-10-06,242.8231506347656
2015-10-07,237.86135864257807
2015-10-08,236.6463928222656
2015-10-09,243.1477813720703
2015-10-12,242.61911010742188
2015-10-13,243.3239898681641
2015-10-14,246.71844482421875
2015-10-15,243.5465850830078
2015-10-16,244.89141845703125
2015-10-19,245.17892456054688
2015-10-20,246.94102478027344
2015-10-21,253.68345642089844
2015-10-23,254.03594970703125
2015-10-26,253.76708984375
2015-10-27,256.8183288574219
2015-10-28,306.9743957519531
2015-10-29,292.83087158203125
2015-10-30,299.7218933105469
2015-11-02,328.80645751953125
2015-11-03,330.2996520996094
2015-11-04,319.07763671875
2015-11-05,311.8805847167969
2015-11-06,315.5472412109375
2015-11-09,325.73553466796875
2015-11-10,327.6948547363281
2015-11-13,320.4173889160156
2015-11-16,339.1146545410156
2015-11-17,368.6345520019531
2015-11-18,363.4191284179688
2015-11-19,346.4666442871094
2015-11-20,340.6167907714844
2015-11-23,361.2545776367188
2015-11-24,358.04510498046875
2015-11-26,351.81268310546875
2015-11-27,351.6167297363281
2015-11-30,343.5277099609375
2015-12-01,353.2121887207031
2015-12-02,348.8738098144531
2015-12-03,348.39794921875
2015-12-04,346.7557678222656
2015-12-07,342.96795654296875
2015-12-08,325.8101501464844
2015-12-09,309.744140625
2015-12-10,323.0765075683594
2015-12-11,319.4752197265625
2015-12-14,329.3929138183594
2015-12-15,334.9627380371094
2015-12-16,353.3894348144531
2015-12-17,359.2299499511719
2015-12-18,360.6014099121094
2015-12-21,366.1526794433594
2015-12-22,361.6558227539063
2015-12-23,354.6676330566406
2015-12-24,354.0891418457031
2015-12-28,346.0280456542969
2015-12-29,350.1146240234375
2015-12-30,350.8609313964844
2015-12-31,349.3869323730469
2016-01-01,363.7176208496094
2016-01-04,360.3308715820313
2016-01-05,351.1688842773437
2016-01-06,353.9305725097656
2016-01-07,343.7049865722656
2016-01-08,352.31646728515625
2016-01-11,349.9373474121094
2016-01-12,342.5760192871094
2016-01-13,341.9696655273437
2016-01-14,344.24609375
2016-01-15,335.1773986816406
2016-01-18,311.5166931152344
2016-01-19,316.8348083496094
2016-01-20,317.65582275390625
2016-01-21,311.7686462402344
2016-01-22,309.8467102050781
2016-01-25,311.2835693359375
2016-01-27,320.6507263183594
2016-01-28,333.292724609375
2016-01-29,328.0773010253906
2016-02-01,287.6508178710937
2016-02-02,289.8339538574219
2016-02-03,293.50067138671875
2016-02-04,297.0087280273437
2016-02-05,297.5778503417969
2016-02-08,298.8560485839844
2016-02-09,299.7424011230469
2016-02-10,285.3463439941406
2016-02-11,287.2682800292969
2016-02-12,278.9833374023437
2016-02-15,299.7050476074219
2016-02-16,287.06304931640625
2016-02-17,284.5718688964844
2016-02-18,285.1690368652344
2016-02-19,283.9562072753906
2016-02-22,279.5990600585937
2016-02-23,271.01544189453125
2016-02-24,254.1936187744141
2016-02-25,248.7823638916016
2016-02-26,251.68394470214844
2016-02-29,240.24546813964844
2016-03-01,253.48464965820312
2016-03-02,266.9103088378906
2016-03-03,267.0503234863281
2016-03-04,261.527099609375
2016-03-08,257.2445068359375
2016-03-09,270.11053466796875
2016-03-10,261.527099609375
2016-03-11,263.9901123046875
2016-03-14,267.3955383300781
2016-03-15,263.15985107421875
2016-03-16,262.7398376464844
2016-03-17,262.97314453125
2016-03-18,263.4583435058594
2016-03-21,263.7196044921875
2016-03-22,263.9994506835937
2016-03-23,316.7975158691406
2016-03-28,327.302978515625
2016-03-29,327.6761169433594
2016-03-30,321.415771484375
2016-03-31,315.1087646484375
2016-04-01,318.04766845703125
2016-04-04,315.9670715332031
2016-04-05,309.29620361328125
2016-04-06,307.9620056152344
2016-04-07,303.2690734863281
2016-04-08,299.7890625
2016-04-11,298.5574645996094
2016-04-12,301.5430603027344
2016-04-13,315.44464111328125
2016-04-18,313.709228515625
2016-04-20,320.7719421386719
2016-04-21,314.315673828125
2016-04-22,312.2165222167969
2016-04-25,314.3903503417969
2016-04-26,317.254638671875
2016-04-27,326.6311950683594
2016-04-28,326.1273803710937
2016-04-29,325.21307373046875
2016-05-02,375.1282043457031
2016-05-03,377.2647705078125
2016-05-04,374.0832214355469
2016-05-05,375.4266662597656
2016-05-06,373.1875305175781
2016-05-09,377.3206481933594
2016-05-10,395.2341003417969
2016-05-11,401.0840148925781
2016-05-12,408.3333129882813
2016-05-13,392.78033447265625
2016-05-16,392.6590576171875
2016-05-17,384.9991455078125
2016-05-18,387.9288024902344
2016-05-19,380.6887512207031
2016-05-20,373.103515625
2016-05-23,366.9738159179688
2016-05-24,361.9730224609375
2016-05-25,369.9966735839844
2016-05-26,367.8974914550781
2016-05-27,389.8414001464844
2016-05-30,388.1993713378906
2016-05-31,386.9864807128906
2016-06-01,392.7710266113281
2016-06-02,396.0364990234375
2016-06-03,391.1849365234375
2016-06-06,385.2604675292969
2016-06-07,382.7413024902344
2016-06-08,392.4445495605469
2016-06-09,389.9347534179688
2016-06-10,387.0425109863281
2016-06-13,386.1000671386719
2016-06-14,382.3868103027344
2016-06-15,386.7065734863281
2016-06-16,380.8287353515625
2016-06-17,375.7812194824219
2016-06-20,378.9534301757813
2016-06-21,376.6768798828125
2016-06-22,379.7183837890625
2016-06-23,379.6997680664063
2016-06-24,377.4886169433594
2016-06-27,374.5030822753906
2016-06-28,371.2096252441406
2016-06-29,371.7226867675781
2016-06-30,379.4572143554688
2016-07-01,383.0305480957031
2016-07-04,376.8728332519531
2016-07-05,376.21038818359375
2016-07-07,374.94146728515625
2016-07-08,373.0009460449219
2016-07-11,380.0729675292969
2016-07-12,381.5097961425781
2016-07-13,396.0271301269531
2016-07-14,410.33929443359375
2016-07-15,416.0779113769531
2016-07-18,409.861083984375
2016-07-19,407.8919067382813
2016-07-20,415.9465942382813
2016-07-21,417.01556396484375
2016-07-22,419.9786682128906
2016-07-25,464.7717590332031
2016-07-26,428.3052978515625
2016-07-27,432.037353515625
2016-07-28,434.2688903808594
2016-07-29,436.9881286621094
2016-08-01,427.8270263671875
2016-08-02,410.8924560546875
2016-08-03,410.8831176757813
2016-08-04,415.6465759277344
2016-08-05,422.8948364257813
2016-08-08,444.3584289550781
2016-08-09,439.0511169433594
2016-08-10,439.4730224609375
2016-08-11,432.8435668945313
2016-08-12,440.654541015625
2016-08-16,434.7470703125
2016-08-17,433.07806396484375
2016-08-18,436.2286987304688
2016-08-19,444.1051025390625
2016-08-22,434.0344543457031
2016-08-23,432.9842224121094
2016-08-24,426.8612365722656
2016-08-25,434.65338134765625
2016-08-26,427.5270080566406
2016-08-29,432.6278991699219
2016-08-30,440.382568359375
2016-08-31,445.97119140625
2016-09-01,444.3958740234375
2016-09-02,443.2144775390625
2016-09-06,440.4764099121094
2016-09-07,437.1851196289063
2016-09-08,447.6121215820313
2016-09-09,445.87744140625
2016-09-12,433.8844299316406
2016-09-14,445.78363037109375
2016-09-15,440.0169067382813
2016-09-16,438.9573059082031
2016-09-19,444.8272399902344
2016-09-20,451.5971984863281
2016-09-21,451.9161376953125
2016-09-22,443.0268249511719
2016-09-23,444.7803039550781
2016-09-26,436.04107666015625
2016-09-27,438.2541198730469
2016-09-28,435.8161010742188
2016-09-29,414.3150329589844
2016-09-30,416.9499206542969
2016-10-03,428.2208862304688
2016-10-04,438.2541198730469
2016-10-05,440.2044677734375
2016-10-06,453.500732421875
2016-10-07,447.490234375
2016-10-10,438.544677734375
2016-10-13,431.5588989257813
2016-10-14,437.8414916992188
2016-10-17,429.8805541992188
2016-10-18,438.4322204589844
2016-10-19,449.3561401367188
2016-10-20,513.0436401367188
2016-10-21,520.7608032226562
2016-10-24,527.952880859375
2016-10-25,505.6546020507813
2016-10-26,496.7372131347656
2016-10-27,498.7251892089844
2016-10-28,486.3290710449219
2016-11-01,468.0535888671875
2016-11-02,460.10205078125
2016-11-03,469.6946105957031
2016-11-04,458.0563659667969
2016-11-07,461.6460266113281
2016-11-08,455.0145263671875
2016-11-09,466.00091552734375
2016-11-10,469.6946105957031
2016-11-11,440.9673767089844
2016-11-15,435.4222412109375
2016-11-16,437.6138610839844
2016-11-17,439.9093933105469
2016-11-18,440.8446044921875
2016-11-21,419.3441467285156
2016-11-22,419.15521240234375
2016-11-23,425.5127868652344
2016-11-24,429.0458984375
2016-11-25,443.0457153320313
2016-11-28,438.0484313964844
2016-11-29,441.0808410644531
2016-11-30,448.4963684082031
2016-12-01,446.04974365234375
2016-12-02,433.8353271484375
2016-12-05,433.7785339355469
2016-12-06,445.02001953125
2016-12-07,439.0875854492188
2016-12-08,445.6623840332031
2016-12-09,448.5435791015625
2016-12-12,442.3276977539063
2016-12-13,442.3749694824219
2016-12-14,445.8985900878906
2016-12-15,450.17779541015625
2016-12-16,457.4328308105469
2016-12-19,467.4368591308594
2016-12-20,471.1398620605469
2016-12-21,474.5028991699219
2016-12-22,466.9928283691406
2016-12-23,465.7742004394531
2016-12-26,450.5462951660156
2016-12-27,456.0159606933594
2016-12-28,468.551513671875
2016-12-29,470.4597473144531
2016-12-30,477.36517333984375
2017-01-02,475.7404479980469
2017-01-03,480.5392456054688
2017-01-04,488.181640625
2017-01-05,486.915771484375
2017-01-06,493.20709228515625
2017-01-09,511.56201171875
2017-01-10,528.9059448242188
2017-01-11,536.7371826171875
2017-01-12,534.7343139648438
2017-01-13,524.938232421875
2017-01-16,535.6508178710938
2017-01-17,542.6033935546875
2017-01-18,540.8653564453125
2017-01-19,534.2053833007812
2017-01-20,539.6655883789062
2017-01-23,517.8060913085938
2017-01-24,506.3758544921875
2017-01-25,513.810302734375
2017-01-27,510.7967834472656
2017-01-30,509.7103576660156
2017-01-31,502.8993225097656
2017-02-01,507.6226806640625
2017-02-02,511.1652221679688
2017-02-03,506.47021484375
2017-02-06,507.2542419433594
2017-02-07,506.3851318359375
2017-02-08,503.7685852050781
2017-02-09,501.3122863769531
2017-02-10,496.2206726074219
2017-02-13,487.898193359375
2017-02-14,480.5864868164063
2017-02-15,475.2963562011719
2017-02-16,488.5405578613281
2017-02-17,491.6672668457031
2017-02-20,489.4568176269531
2017-02-21,495.10589599609375
2017-02-22,484.0249938964844
2017-02-23,478.1398010253906
2017-02-27,470.403076171875
2017-02-28,479.2261962890625
2017-03-01,474.5217590332031
2017-03-02,471.94281005859375
2017-03-03,474.2384033203125
2017-03-06,474.57855224609375
2017-03-07,473.0481567382813
2017-03-08,474.1344299316406
2017-03-09,485.5554809570313
2017-03-10,485.2341918945313
2017-03-14,489.7402648925781
2017-03-15,498.08154296875
2017-03-16,505.55377197265625
2017-03-17,516.3985595703125
2017-03-20,532.66552734375
2017-03-21,541.9610595703125
2017-03-22,547.9219970703125
2017-03-23,538.7680053710938
2017-03-24,559.5506591796875
2017-03-27,559.7774658203125
2017-03-28,562.2901000976562
2017-03-29,560.3631591796875
2017-03-30,566.5599365234375
2017-03-31,574.9674682617188
2017-04-03,592.6515502929688
2017-04-05,601.1913452148438
2017-04-06,597.6392211914062
2017-04-07,587.7015991210938
2017-04-10,571.1038818359375
2017-04-11,597.8850708007812
2017-04-12,592.4154663085938
2017-04-13,588.5234375
2017-04-17,588.5799560546875
2017-04-18,596.2034912109375
2017-04-19,594.342529296875
2017-04-20,600.019775390625
2017-04-21,598.2439575195312
2017-04-24,604.025146484375
2017-04-25,607.426025390625
2017-04-26,602.220947265625
2017-04-27,594.0497436523438
2017-04-28,593.3600463867188
2017-05-02,567.2023315429688
2017-05-03,571.82177734375
2017-05-04,580.6732788085938
2017-05-05,574.145751953125
2017-05-08,581.3157348632812
2017-05-09,580.59765625
2017-05-10,577.2818603515625
2017-05-11,575.165771484375
2017-05-12,569.3466796875
2017-05-15,562.1673583984375
2017-05-16,568.60986328125
2017-05-17,565.4452514648438
2017-05-18,565.9461059570312
2017-05-19,560.1741333007812
2017-05-22,559.5034790039062
2017-05-23,546.3159790039062
2017-05-24,545.7964477539062
2017-05-25,551.5872802734375
2017-05-26,556.622314453125
2017-05-29,560.6842651367188
2017-05-30,551.8233642578125
2017-05-31,550.4722900390625
2017-06-01,549.2916259765625
2017-06-02,576.1862182617188
2017-06-05,579.34130859375
2017-06-06,585.1602783203125
2017-06-07,590.554443359375
2017-06-08,600.019775390625
2017-06-09,602.2116088867188
2017-06-12,607.3316040039062
2017-06-13,607.6149291992188
2017-06-14,606.6796875
2017-06-15,603.1939086914062
2017-06-16,597.5596313476562
2017-06-19,591.6314086914062
2017-06-20,593.5570068359375
2017-06-21,584.2235107421875
2017-06-22,575.5255737304688
2017-06-23,564.7691650390625
2017-06-27,576.4930419921875
2017-06-28,582.032470703125
2017-06-29,579.2625732421875
2017-06-30,575.8385620117188
2017-07-03,573.8182373046875
2017-07-04,573.1257934570312
2017-07-05,575.1651000976562
2017-07-06,575.6299438476562
2017-07-07,574.3590087890625
2017-07-10,576.5404052734375
2017-07-11,598.1764526367188
2017-07-12,618.3418579101562
2017-07-13,628.91796875
2017-07-14,614.1302490234375
2017-07-17,625.8540649414062
2017-07-18,623.3880004882812
2017-07-19,636.9329223632812
2017-07-20,639.067138671875
2017-07-21,632.23779296875
2017-07-24,614.9271240234375
2017-07-25,593.6327514648438
2017-07-26,628.91796875
2017-07-27,635.7471923828125
2017-07-28,647.4614868164062
2017-07-31,666.1473388671875
2017-08-01,703.8510131835938
2017-08-02,717.8892211914062
2017-08-03,690.8090209960938
2017-08-04,699.535400390625
2017-08-07,701.4798583984375
2017-08-08,687.2994995117188
2017-08-09,651.9195556640625
2017-08-10,620.381103515625
2017-08-11,645.2798461914062
2017-08-14,663.0172729492188
2017-08-16,667.190673828125
2017-08-17,656.5673217773438
2017-08-18,645.3272094726562
2017-08-21,638.2133178710938
2017-08-22,623.7484741210938
2017-08-23,630.4828491210938
2017-08-24,628.2538452148438
2017-08-28,626.7835693359375
2017-08-29,624.8392944335938
2017-08-30,627.6848754882812
2017-08-31,625.2660522460938
2017-09-01,629.9136962890625
2017-09-04,629.0126953125
2017-09-05,639.68359375
2017-09-06,639.3989868164062
2017-09-07,639.1618041992188
2017-09-08,632.9491577148438
2017-09-11,632.2850952148438
2017-09-12,634.5616455078125
2017-09-13,618.0572509765625
2017-09-14,624.27001953125
2017-09-15,618.5316162109375
2017-09-18,622.0885620117188
2017-09-19,624.697021484375
2017-09-20,618.9583740234375
2017-09-21,615.0220947265625
2017-09-22,612.6980590820312
2017-09-25,609.8525390625
2017-09-26,626.4042358398438
2017-09-27,626.3094482421875
2017-09-28,631.8584594726562
2017-09-29,662.211181640625
2017-10-03,655.9981079101562
2017-10-04,659.0809936523438
2017-10-05,709.4474487304688
2017-10-06,716.940673828125
2017-10-09,707.4556274414062
2017-10-10,702.1913452148438
2017-10-11,683.9796752929688
2017-10-12,685.2601928710938
2017-10-13,681.2288818359375
2017-10-16,670.7952270507812
2017-10-17,668.4238891601562
2017-10-18,670.7003784179688
2017-10-19,676.9603881835938
2017-10-23,675.1583251953125
2017-10-24,673.7355346679688
2017-10-25,661.2625732421875
2017-10-26,688.5800170898438
2017-10-27,696.6424560546875
2017-10-30,703.993408203125
2017-10-31,704.0409545898438
2017-11-01,697.1166381835938
2017-11-02,695.9310302734375
2017-11-03,692.8482666015625
2017-11-06,688.6273803710938
2017-11-07,673.1663818359375
2017-11-08,674.83447265625
2017-11-09,668.8300170898438
2017-11-10,664.969970703125
2017-11-13,652.0556030273438
2017-11-14,656.9164428710938
2017-11-15,660.7763671875
2017-11-16,648.3385009765625
2017-11-17,654.1524047851562
2017-11-20,648.8150024414062
2017-11-21,664.0169067382812
2017-11-22,670.8790893554688
2017-11-23,674.69140625
2017-11-24,666.9714965820312
2017-11-27,671.3080444335938
2017-11-28,651.5313110351562
2017-11-29,664.2075805664062
2017-11-30,659.9661865234375
2017-12-01,664.064453125
2017-12-04,667.5433349609375
2017-12-05,663.8738403320312
2017-12-06,661.3958740234375
2017-12-07,663.778564453125
2017-12-08,663.349609375
2017-12-11,666.3997192382812
2017-12-12,664.6364135742188
2017-12-13,660.5856323242188
2017-12-14,660.0615234375
2017-12-15,664.064453125
2017-12-18,674.0242919921875
2017-12-19,697.1843872070312
2017-12-20,715.8171997070312
2017-12-21,740.168701171875
2017-12-22,776.0999755859375
2017-12-26,828.6630249023438
2017-12-27,787.2034912109375
2017-12-28,783.2957763671875
2017-12-29,791.4924926757812
2018-01-01,788.2041015625
2018-01-02,772.0018310546875
2018-01-03,775.6234130859375
2018-01-04,785.8216552734375
2018-01-05,784.4871215820312
2018-01-08,800.2132568359375
2018-01-09,794.5900268554688
2018-01-10,782.8193969726562
2018-01-11,782.9622802734375
2018-01-12,803.1201782226562
2018-01-15,794.5900268554688
2018-01-16,782.91455078125
2018-01-17,775.6710815429688
2018-01-18,751.1768188476562
2018-01-19,753.4641723632812
2018-01-22,757.70556640625
2018-01-23,792.1119384765625
2018-01-24,789.252685546875
2018-01-25,787.8705444335938
2018-01-29,775.7188720703125
2018-01-30,771.5252075195312
2018-01-31,757.5625
2018-02-01,756.9906616210938
2018-02-02,746.0302124023438
2018-02-05,753.4641723632812
2018-02-06,748.1268920898438
2018-02-07,764.9010620117188
2018-02-08,771.1439208984375
2018-02-09,772.0018310546875
2018-02-12,786.9653930664062
2018-02-14,765.1395874023438
2018-02-15,756.5618286132812
2018-02-16,740.3591918945312
2018-02-19,729.0174560546875
2018-02-20,728.0166015625
2018-02-21,708.9549560546875
2018-02-22,710.24169921875
2018-02-23,725.0621337890625
2018-02-26,767.712890625
2018-02-27,773.3837890625
2018-02-28,772.0970458984375
2018-03-01,770.2861938476562
2018-03-05,771.191650390625
2018-03-06,781.8184814453125
2018-03-07,767.3317260742188
2018-03-08,772.5260009765625
2018-03-09,763.6622314453125
2018-03-12,752.0345458984375
2018-03-13,751.4625854492188
2018-03-14,751.8916625976562
2018-03-15,753.2736206054688
2018-03-16,744.8388061523438
2018-03-19,725.0621337890625
2018-03-20,712.9578247070312
2018-03-21,733.2109985351562
2018-03-22,726.96826171875
2018-03-23,706.66748046875
2018-03-26,717.1515502929688
2018-03-27,737.1187744140625
2018-03-28,736.5945434570312
2018-04-02,741.7412719726562
2018-04-03,750.4619750976562
2018-04-04,757.8959350585938
2018-04-05,766.42626953125
2018-04-06,768.3800048828125
2018-04-09,754.178955078125
2018-04-10,743.552001953125
2018-04-11,741.4552612304688
2018-04-12,741.4075927734375
2018-04-13,737.3569946289062
2018-04-16,729.9228515625
2018-04-17,722.774658203125
2018-04-18,715.1500244140625
2018-04-19,724.39501953125
2018-04-20,726.2059936523438
2018-04-23,738.3577880859375
2018-04-24,741.9318237304688
2018-04-25,727.0160522460938
2018-04-26,720.677978515625
2018-04-27,726.96826171875
2018-04-30,735.784423828125
2018-05-02,729.9228515625
2018-05-03,719.581787109375
2018-05-04,728.064453125
2018-05-07,730.2088623046875
2018-05-08,734.2117919921875
2018-05-09,724.6332397460938
2018-05-10,713.7681274414062
2018-05-11,731.8767700195312
2018-05-14,722.0123291015625
2018-05-15,709.8603515625
2018-05-16,702.3310546875
2018-05-17,702.0451049804688
2018-05-18,682.173095703125
2018-05-21,667.4002075195312
2018-05-22,664.4458618164062
2018-05-23,657.5357666015625
2018-05-24,644.0972900390625
2018-05-25,662.4917602539062
2018-05-28,664.969970703125
2018-05-29,667.0189208984375
2018-05-30,663.9691772460938
2018-05-31,656.5828247070312
2018-06-01,648.1002197265625
2018-06-04,653.2469482421875
2018-06-05,639.6654663085938
2018-06-06,651.6743774414062
2018-06-07,657.58349609375
2018-06-08,654.5812377929688
2018-06-11,635.04296875
2018-06-12,644.3356323242188
2018-06-13,648.1954956054688
2018-06-14,649.6729125976562
2018-06-15,649.3868408203125
2018-06-18,647.5283203125
2018-06-19,633.8515625
2018-06-20,636.281982421875
2018-06-21,628.1806640625
2018-06-22,630.0868530273438
2018-06-25,626.3221435546875
2018-06-26,618.36376953125
2018-06-27,617.4585571289062
2018-06-28,608.6900634765625
2018-06-29,600.5888061523438
2018-07-02,598.253662109375
2018-07-03,599.9691772460938
2018-07-04,620.5559692382812
2018-07-05,603.6386108398438
2018-07-06,610.7866821289062
2018-07-09,616.5052490234375
2018-07-10,623.7488403320312
2018-07-11,625.2738037109375
2018-07-12,621.1278686523438
2018-07-13,623.7274169921875
2018-07-16,608.9478759765625
2018-07-17,605.4336547851562
2018-07-18,600.9081420898438
2018-07-19,596.96044921875
2018-07-20,586.658203125
2018-07-23,586.3693237304688
2018-07-24,577.1742553710938
2018-07-25,650.783203125
2018-07-26,625.26806640625
2018-07-27,645.48779296875
2018-07-30,647.4615478515625
2018-07-31,645.2951049804688
2018-08-01,637.6888427734375
2018-08-02,644.9100952148438
2018-08-03,667.1033935546875
2018-08-06,663.3964233398438
2018-08-07,667.8256225585938
2018-08-08,669.94384765625
2018-08-09,666.9107666015625
2018-08-10,657.8602905273438
2018-08-13,655.4530029296875
2018-08-14,648.3280029296875
2018-08-16,647.60595703125
2018-08-17,658.0529174804688
2018-08-20,640.7218017578125
2018-08-21,638.07373046875
2018-08-23,630.322998046875
2018-08-24,627.9640502929688
2018-08-27,620.4057006835938
2018-08-28,627.3381958007812
2018-08-29,612.269775390625
2018-08-30,643.3694458007812
2018-08-31,663.2039794921875
2018-09-03,665.8997802734375
2018-09-04,686.7452392578125
2018-09-05,697.9142456054688
2018-09-06,707.8798217773438
2018-09-07,715.9194946289062
2018-09-10,702.6802978515625
2018-09-11,672.0620727539062
2018-09-12,718.4710693359375
2018-09-14,734.3096923828125
2018-09-17,709.7090454101562
2018-09-18,704.0764770507812
2018-09-19,687.5635986328125
2018-09-21,690.8856201171875
2018-09-24,657.1862182617188
2018-09-25,651.9869384765625
2018-09-26,661.0856323242188
2018-09-27,664.7926025390625
2018-09-28,664.5518798828125
2018-10-01,664.3112182617188
2018-10-03,643.1287231445312
2018-10-04,632.87451171875
2018-10-05,617.1802368164062
2018-10-08,607.985107421875
2018-10-09,602.8338012695312
2018-10-10,604.1337280273438
2018-10-11,592.1943969726562
2018-10-12,608.41845703125
2018-10-15,605.9629516601562
2018-10-16,639.0366821289062
2018-10-17,628.83056640625
2018-10-19,625.1237182617188
2018-10-22,622.9572143554688
2018-10-23,620.3094482421875
2018-10-24,616.9395751953125
2018-10-25,610.9218139648438
2018-10-26,603.5078125
2018-10-29,621.9461669921875
2018-10-30,665.9962768554688
2018-10-31,626.9049072265625
2018-11-01,615.3026123046875
2018-11-02,623.5350341796875
2018-11-05,630.75634765625
2018-11-06,639.0848388671875
2018-11-07,640.0957641601562
2018-11-09,637.6405029296875
2018-11-12,637.5443725585938
2018-11-13,633.5484619140625
2018-11-14,641.2960815429688
2018-11-15,645.6539306640625
2018-11-16,655.9192504882812
2018-11-19,660.8096923828125
2018-11-20,663.7636108398438
2018-11-21,663.8604125976562
2018-11-22,692.3807373046875
2018-11-26,676.3047485351562
2018-11-27,695.2376708984375
2018-11-28,697.6588745117188
2018-11-29,688.9910888671875
2018-11-30,683.0838623046875
2018-12-03,689.1365356445312
2018-12-04,687.8289794921875
2018-12-05,689.3785400390625
2018-12-06,691.26708984375
2018-12-07,684.4395751953125
2018-12-10,661.7298583984375
2018-12-11,677.031005859375
2018-12-12,680.56591796875
2018-12-13,675.2879028320312
2018-12-14,697.9977416992188
2018-12-17,708.1177978515625
2018-12-18,689.1365356445312
2018-12-19,705.5513916015625
2018-12-20,722.1599731445312
2018-12-21,706.4230346679688
2018-12-24,682.3573608398438
2018-12-26,677.75732421875
2018-12-27,669.0414428710938
2018-12-28,672.1405029296875
2018-12-31,676.8374633789062
2019-01-01,666.5235595703125
2019-01-02,677.9027709960938
2019-01-03,681.4375
2019-01-04,676.401611328125
2019-01-07,667.8794555664062
2019-01-08,663.521484375
2019-01-09,658.3887329101562
2019-01-10,656.984375
2019-01-11,650.7865600585938
2019-01-14,650.931884765625
2019-01-15,647.3486328125
2019-01-16,652.9656982421875
2019-01-17,645.9927368164062
2019-01-18,640.8601684570312
2019-01-21,636.2601928710938
2019-01-22,639.2621459960938
2019-01-23,641.198974609375
2019-01-24,644.055908203125
2019-01-25,621.927490234375
2019-01-28,606.141845703125
2019-01-29,599.750244140625
2019-01-30,610.1124267578125
2019-01-31,609.1439819335938
2019-02-01,601.68701171875
2019-02-04,605.6091918945312
2019-02-05,593.3585815429688
2019-02-06,592.14794921875
2019-02-07,589.48486328125
2019-02-08,582.9479370117188
2019-02-11,577.524658203125
2019-02-12,594.9563598632812
2019-02-14,605.0765380859375
2019-02-15,594.0848388671875
2019-02-18,572.4888916015625
2019-02-19,580.1878662109375
2019-02-20,566.0003051757812
2019-02-21,581.1563720703125
2019-02-22,576.7499389648438
2019-02-25,574.0382690429688
2019-02-26,575.152099609375
2019-02-27,567.4529418945312
2019-02-28,575.8298950195312
2019-03-01,581.3499755859375
2019-03-05,623.7672729492188
2019-03-06,621.4430541992188
2019-03-07,617.3756713867188
2019-03-08,623.525146484375
2019-03-11,625.5106201171875
2019-03-12,654.7088012695312
2019-03-13,659.599365234375
2019-03-14,683.325927734375
2019-03-15,684.8269653320312
2019-03-18,684.9238891601562
2019-03-19,684.63330078125
2019-03-20,681.7764892578125
2019-03-22,677.9027709960938
2019-03-25,684.3427124023438
2019-03-26,691.60595703125
2019-03-27,693.8334350585938
2019-03-28,702.3071899414062
2019-04-01,693.5428466796875
2019-04-02,726.953857421875
2019-04-03,741.6740112304688
2019-04-04,710.0546875
2019-04-05,712.5241088867188
2019-04-08,706.6166381835938
2019-04-09,698.7723388671875
2019-04-10,692.283935546875
2019-04-11,696.2544555664062
2019-04-12,690.2501831054688
2019-04-15,687.0059204101562
2019-04-16,692.3324584960938
2019-04-18,681.72802734375
2019-04-22,671.801513671875
2019-04-23,670.3973388671875
2019-04-24,653.3045043945312
2019-04-25,655.0960083007812
2019-04-26,657.8562622070312
2019-04-30,649.4307250976562
2019-05-02,653.7886962890625
2019-05-03,657.1782836914062
2019-05-06,662.0689086914062
2019-05-07,656.6455078125
2019-05-08,654.7088012695312
2019-05-09,652.7235107421875
2019-05-10,654.7088012695312
2019-05-13,653.44970703125
2019-05-14,657.4202880859375
2019-05-15,642.74853515625
2019-05-16,643.57177734375
2019-05-17,648.8497314453125
2019-05-20,661.0519409179688
2019-05-21,666.6204223632812
2019-05-22,659.2119140625
2019-05-23,664.4899291992188
2019-05-24,677.3700561523438
2019-05-27,716.3009643554688
2019-05-28,714.6063842773438
2019-05-29,700.3219604492188
2019-05-30,701.2418823242188
2019-05-31,715.1389770507812
2019-06-03,713.5409545898438
2019-06-04,700.8546142578125
2019-06-06,686.4732055664062
2019-06-07,681.408935546875
2019-06-10,698.9882202148438
2019-06-11,725.284423828125
2019-06-12,719.6355590820312
2019-06-13,726.0147705078125
2019-06-14,720.2685546875
2019-06-17,725.9661865234375
2019-06-18,726.5504150390625
2019-06-19,706.1953735351562
2019-06-20,699.81591796875
2019-06-21,697.67333984375
2019-06-24,682.96728515625
2019-06-25,697.089111328125
2019-06-26,691.4403686523438
2019-06-27,689.2003784179688
2019-06-28,688.5673217773438
2019-07-01,688.1290283203125
2019-07-02,691.6837158203125
2019-07-03,691.6351318359375
2019-07-04,687.5935668945312
2019-07-05,682.3341674804688
2019-07-08,655.5510864257812
2019-07-09,638.4585571289062
2019-07-10,630.4237060546875
2019-07-11,646.6397094726562
2019-07-12,631.5924682617188
2019-07-15,626.23583984375
2019-07-16,616.6913452148438
2019-07-17,608.1694946289062
2019-07-18,590.7848510742188
2019-07-19,583.0908813476562
2019-07-22,575.201904296875
2019-07-23,569.9427490234375
2019-07-24,580.9968872070312
2019-07-25,576.127197265625
2019-07-26,567.8975219726562
2019-07-29,562.589599609375
2019-07-30,585.9638671875
2019-07-31,606.5625
2019-08-01,621.2201538085938
2019-08-02,624.7750244140625
2019-08-05,624.0447387695312
2019-08-06,629.1576538085938
2019-08-07,652.6293334960938
2019-08-08,652.6293334960938
2019-08-09,650.0484619140625
2019-08-13,647.51611328125
2019-08-14,640.2116088867188
2019-08-16,624.9210815429688
2019-08-19,625.7974243164062
2019-08-20,627.3071899414062
2019-08-21,673.6663208007812
2019-08-22,673.568603515625
2019-08-23,669.0886840820312
2019-08-26,697.3326416015625
2019-08-27,717.2008056640625
2019-08-28,698.7936401367188
2019-08-29,696.6509399414062
2019-08-30,711.3570556640625
2019-09-03,702.9813842773438
2019-09-04,702.9813842773438
2019-09-05,689.687255859375
2019-09-06,700.497802734375
2019-09-09,717.9797973632812
2019-09-11,709.5066528320312
2019-09-12,726.9886474609375
2019-09-13,730.4461669921875
2019-09-16,717.8824462890625
2019-09-17,702.4457397460938
2019-09-18,711.4058837890625
2019-09-19,707.7536010742188
2019-09-20,724.1155395507812
2019-09-23,741.889892578125
2019-09-24,778.314697265625
2019-09-25,767.358154296875
2019-09-26,748.123046875
2019-09-27,734.390625
2019-09-30,714.5224609375
2019-10-01,705.6596069335938
2019-10-03,678.8279418945312
2019-10-04,680.288818359375
2019-10-07,675.3218383789062
2019-10-09,677.5619506835938
2019-10-10,696.0178833007812
2019-10-11,707.0718383789062
2019-10-14,696.5535278320312
2019-10-15,710.9675903320312
2019-10-16,707.899658203125
2019-10-17,729.423583984375
2019-10-18,750.3143310546875
2019-10-22,751.0447387695312
2019-10-23,740.13671875
2019-10-24,804.0263671875
2019-10-25,827.0112915039062
2019-10-27,876.5841064453125
2019-10-29,867.283203125
2019-10-30,867.4291381835938
2019-10-31,874.1006469726562
2019-11-01,870.6919555664062
2019-11-04,868.8414306640625
2019-11-05,848.4434814453125
2019-11-06,829.170654296875
2019-11-07,833.0839233398438
2019-11-08,840.9594116210938
2019-11-11,852.69921875
2019-11-13,870.7001342773438
2019-11-14,881.5594482421875
2019-11-15,888.5545043945312
2019-11-18,897.8973388671875
2019-11-19,880.5323486328125
2019-11-20,899.6583251953125
2019-11-21,885.3749389648438
2019-11-22,871.04248046875
2019-11-25,867.7163696289062
2019-11-26,878.3800659179688
2019-11-27,870.4066772460938
2019-11-28,863.8030395507812
2019-11-29,853.0416259765625
2019-12-02,834.8448486328125
2019-12-03,836.703857421875
2019-12-04,854.4112548828125
2019-12-05,848.1500244140625
2019-12-06,864.7324829101562
2019-12-09,883.320556640625
2019-12-10,874.1732177734375
2019-12-11,868.1076049804688
2019-12-12,889.630615234375
2019-12-13,917.5125122070312
2019-12-16,922.0618286132812
2019-12-17,925.2411499023438
2019-12-18,940.1116943359376
2019-12-19,945.2966918945312
2019-12-20,955.7157592773438
2019-12-23,967.8467407226562
2019-12-24,987.11962890625
2019-12-26,1008.0068359375
2019-12-27,996.5115356445312
2019-12-30,1006.7838134765624
2019-12-31,985.1140747070312
2020-01-01,981.4454345703124
2020-01-02,983.84228515625
2020-01-03,977.6788330078124
2020-01-06,958.50390625
2020-01-07,1000.5225830078124
2020-01-08,1066.314208984375
2020-01-09,1063.96630859375
2020-01-10,1046.4056396484375
2020-01-13,1038.9700927734375
2020-01-14,1018.3768310546876
2020-01-15,1024.4422607421875
2020-01-16,1051.29736328125
2020-01-17,1051.6396484375
2020-01-20,1064.8956298828125
2020-01-21,1056.824462890625
2020-01-22,1049.9273681640625
2020-01-23,1052.813720703125
2020-01-24,1058.732177734375
2020-01-27,1084.2664794921875
2020-01-28,1173.6353759765625
2020-01-29,1218.735595703125
2020-01-30,1168.303466796875
2020-01-31,1119.6812744140625
2020-02-03,1144.4815673828125
2020-02-04,1131.5679931640625
2020-02-05,1119.4365234375
2020-02-06,1122.9586181640625
2020-02-07,1115.474609375
2020-02-10,1119.339111328125
2020-02-11,1106.71875
2020-02-12,1103.9791259765625
2020-02-13,1124.4261474609375
2020-02-14,1190.3646240234375
2020-02-17,1176.472412109375
2020-02-18,1249.357177734375
2020-02-19,1246.17724609375
2020-02-20,1250.6287841796875
2020-02-24,1185.6685791015625
2020-02-25,1422.763427734375
2020-02-26,1508.6104736328125
2020-02-27,1447.416748046875
2020-02-28,1399.185791015625
2020-03-02,1348.5091552734375
2020-03-03,1383.6795654296875
2020-03-04,1341.709716796875
2020-03-05,1392.976318359375
2020-03-06,1444.046630859375
2020-03-09,1381.791015625
2020-03-11,1428.789306640625
2020-03-12,1320.908935546875
2020-03-13,1326.3052978515625
2020-03-16,1272.5369873046875
2020-03-17,1265.9139404296875
2020-03-18,1153.9130859375
2020-03-19,1101.615966796875
2020-03-20,1164.2149658203125
2020-03-23,1058.8856201171875
2020-03-24,1060.1614990234375
2020-03-25,1087.9776611328125
2020-03-26,1267.3369140625
2020-03-27,1266.6009521484375
2020-03-30,1170.5435791015625
2020-03-31,1198.654296875
2020-04-01,1181.7291259765625
2020-04-03,1242.9053955078125
2020-04-07,1325.32421875
2020-04-08,1438.0123291015625
2020-04-09,1505.468017578125
2020-04-13,1428.9365234375
2020-04-15,1372.0283203125
2020-04-16,1410.343505859375
2020-04-17,1392.8779296875
2020-04-20,1394.4478759765625
2020-04-21,1391.84814453125
2020-04-22,1389.83642578125
2020-04-23,1464.2587890625
2020-04-24,1474.1688232421875
2020-04-27,1596.5213623046875
2020-04-28,1574.5430908203125
2020-04-29,1572.53173828125
2020-04-30,1543.587158203125
2020-05-04,1489.3768310546875
2020-05-05,1502.9169921875
2020-05-06,1513.3175048828125
2020-05-07,1470.930908203125
2020-05-08,1407.939453125
2020-05-11,1402.4935302734375
2020-05-12,1383.0665283203125
2020-05-13,1400.5804443359375
2020-05-14,1409.7052001953125
2020-05-15,1476.670654296875
2020-05-18,1471.1268310546875
2020-05-19,1449.001708984375
2020-05-20,1478.48583984375
2020-05-21,1469.0172119140625
2020-05-22,1459.941650390625
2020-05-26,1464.651123046875
2020-05-27,1442.8692626953125
2020-05-28,1461.2662353515625
2020-05-29,1536.1300048828125
2020-06-01,1543.48876953125
2020-06-02,1576.162109375
2020-06-03,1570.3731689453125
2020-06-04,1597.404541015625
2020-06-05,1587.838134765625
2020-06-08,1553.5948486328125
2020-06-09,1517.3896484375
2020-06-10,1557.2744140625
2020-06-11,1491.9771728515625
2020-06-12,1536.86572265625
2020-06-15,1529.654541015625
2020-06-16,1531.1258544921875
2020-06-17,1571.6976318359375
2020-06-18,1554.3798828125
2020-06-19,1564.7313232421875
2020-06-22,1610.3067626953125
2020-06-23,1599.6123046875
2020-06-24,1558.010498046875
2020-06-25,1528.1826171875
2020-06-26,1569.3426513671875
2020-06-29,1560.364990234375
2020-06-30,1591.4686279296875
2020-07-01,1659.4639892578125
2020-07-02,1652.8411865234375
2020-07-03,1647.5916748046875
2020-07-06,1684.48388671875
2020-07-07,1699.4959716796875
2020-07-08,1702.48828125
2020-07-09,1692.82421875
2020-07-10,1685.906494140625
2020-07-13,1638.5157470703125
2020-07-14,1641.9989013671875
2020-07-15,1644.5501708984375
2020-07-16,1643.8634033203125
2020-07-17,1673.0533447265625
2020-07-20,1683.5030517578125
2020-07-21,1711.6134033203125
2020-07-22,1744.3846435546875
2020-07-23,1751.4490966796875
2020-07-24,1801.0477294921875
2020-07-27,1834.1136474609373
2020-07-28,1809.780029296875
2020-07-29,1737.9090576171875
2020-07-30,1708.3758544921875
2020-07-31,1727.7537841796875
2020-08-03,1728.783935546875
2020-08-04,1717.6475830078125
2020-08-05,1798.4967041015625
2020-08-06,1818.0711669921875
2020-08-07,1906.5694580078125
2020-08-10,2086.072021484375
2020-08-11,2054.52490234375
2020-08-12,1981.80029296875
2020-08-13,1935.8558349609373
2020-08-14,1934.9222412109373
2020-08-17,1964.159423828125
2020-08-18,1999.7847900390625
2020-08-19,1991.7261962890625
2020-08-20,1983.9132080078125
2020-08-21,2061.698974609375
2020-08-24,2107.9873046875
2020-08-25,2108.970458984375
2020-08-26,2098.40576171875
2020-08-27,2062.288818359375
2020-08-28,2096.93115234375
2020-08-31,1918.313232421875
2020-09-01,1923.2762451171875
2020-09-02,1956.3956298828125
2020-09-03,2005.6815185546875
2020-09-04,1964.8475341796875
2020-09-07,1930.549072265625
2020-09-08,1893.449462890625
2020-09-09,1890.8448486328125
2020-09-10,1935.4136962890625
2020-09-11,1923.7186279296875
2020-09-14,2033.6905517578125
2020-09-15,2137.912841796875
2020-09-16,2122.87646484375
2020-09-17,2079.192626953125
2020-09-18,2012.708251953125
2020-09-21,2015.803955078125
2020-09-22,1945.0445556640625
2020-09-23,1997.671875
2020-09-24,1981.21044921875
2020-09-25,1988.6796875
2020-09-28,2025.1895751953125
2020-09-29,2056.1962890625
2020-09-30,2164.398681640625
2020-10-01,2097.52099609375
2020-10-05,2049.365478515625
2020-10-06,2031.43017578125
2020-10-07,2000.0797119140625
2020-10-08,1976.640625
2020-10-09,1943.1773681640625
2020-10-12,2010.054931640625
2020-10-13,1979.196044921875
2020-10-14,1987.1070556640625
2020-10-15,1966.2235107421875
2020-10-16,2014.870361328125
2020-10-19,2000.8658447265625
2020-10-20,2004.1583251953125
2020-10-21,2022.3394775390625
2020-10-22,2078.94677734375
2020-10-23,2064.057861328125
2020-10-26,2048.8740234375
2020-10-27,2099.978271484375
2020-10-28,2086.857666015625
2020-10-29,2235.845703125
2020-10-30,2202.9228515625
2020-11-02,2141.0576171875
2020-11-03,2278.940185546875
2020-11-04,2386.749755859375
2020-11-05,2450.48193359375
2020-11-06,2469.8916015625
2020-11-09,2417.707275390625
2020-11-10,2449.4658203125
2020-11-11,2395.5
2020-11-12,2436.07275390625
2020-11-13,2480.78076171875
2020-11-14,2482.701904296875
2020-11-17,2558.036865234375
2020-11-18,2564.19140625
2020-11-19,2562.61572265625
2020-11-20,2537.602294921875
2020-11-23,2688.96142578125
2020-11-24,2653.3623046875
2020-11-25,2561.4833984375
2020-11-26,2484.572998046875
2020-11-27,2646.173095703125
2020-12-01,2641.69287109375
2020-12-02,2608.8505859375
2020-12-03,2587.0380859375
2020-12-04,2522.880615234375
2020-12-07,2540.754150390625
2020-12-08,2507.567138671875
2020-12-09,2511.260009765625
2020-12-10,2515.5439453125
2020-12-11,2498.2607421875
2020-12-14,2465.9111328125
2020-12-15,2484.473876953125
2020-12-16,2460.88916015625
2020-12-17,2516.9716796875
2020-12-18,2581.276611328125
2020-12-21,2467.0927734375
2020-12-22,2515.4453125
2020-12-23,2490.3828125
2020-12-24,2511.161376953125
2020-12-28,2548.3369140625
2020-12-29,2576.10693359375
2020-12-30,2561.729248046875
2020-12-31,2572.4140625
2021-01-01,2597.525634765625
2021-01-04,2602.105224609375
2021-01-05,2579.652099609375
2021-01-06,2705.60400390625
2021-01-07,2767.10302734375
2021-01-08,2669.70947265625
2021-01-11,2626.232421875
2021-01-12,2621.40625
2021-01-13,2540.50732421875
2021-01-14,2539.128662109375
2021-01-15,2507.369873046875
2021-01-18,2458.9189453125
2021-01-19,2490.0380859375
2021-01-20,2490.136962890625
2021-01-21,2505.252685546875
2021-01-22,2457.787109375
2021-01-25,2529.576416015625
2021-01-27,2433.857421875
2021-01-28,2308.545166015625
2021-01-29,2257.189697265625
2021-02-01,2309.972900390625
2021-02-02,2472.11572265625
2021-02-03,2517.31640625
2021-02-04,2468.66845703125
2021-02-05,2482.84912109375
2021-02-08,2467.4375
2021-02-09,2485.311279296875
2021-02-10,2510.32421875
2021-02-11,2599.544189453125
2021-02-12,2588.7119140625
2021-02-15,2522.43701171875
2021-02-16,2470.884765625
2021-02-17,2463.69580078125
2021-02-18,2485.06494140625
2021-02-19,2443.80322265625
2021-02-22,2462.415283203125
2021-02-23,2470.8349609375
2021-02-24,2453.65087890625
2021-02-25,2442.4248046875
2021-02-26,2506.138916015625
2021-03-01,2617.02392578125
2021-03-02,2763.016357421875
2021-03-03,2748.58935546875
2021-03-04,2788.6201171875
2021-03-05,2709.641845703125
2021-03-08,2680.64013671875
2021-03-09,2594.2265625
2021-03-10,2650.1123046875
2021-03-12,2626.330322265625
2021-03-15,2588.268798828125
2021-03-16,2622.194091796875
2021-03-17,2551.093994140625
2021-03-18,2453.9462890625
2021-03-19,2490.333740234375
2021-03-22,2501.166259765625
2021-03-23,2508.9951171875
2021-03-24,2449.022216796875
2021-03-25,2410.1240234375
2021-03-26,2399.931640625
2021-03-30,2677.045654296875
2021-03-31,2713.0390625
2021-04-01,2734.7041015625
2021-04-05,2697.8740234375
2021-04-06,2882.074951171875
2021-04-07,2951.353271484375
2021-04-08,3004.038818359375
2021-04-09,3022.749267578125
2021-04-12,2894.778564453125
2021-04-13,2916.04931640625
2021-04-15,2922.893798828125
2021-04-16,3087.743896484375
2021-04-19,3029.5439453125
2021-04-20,2967.109619140625
2021-04-22,3148.75
2021-04-23,3123.884765625
2021-04-26,3155.7919921875
2021-04-27,3409.3203125
2021-04-28,3299.76513671875
2021-04-29,3339.943359375
2021-04-30,3375.98583984375
2021-05-03,3440.438720703125
2021-05-04,3339.795166015625
2021-05-05,3424.6826171875
2021-05-06,3565.11083984375
2021-05-07,3320.001953125
2021-05-10,3164.408203125
2021-05-11,3114.7265625
2021-05-12,3147.96240234375
2021-05-14,3098.871826171875
2021-05-17,3126.69140625
2021-05-18,3128.266845703125
2021-05-19,3141.709228515625
2021-05-20,3139.690185546875
2021-05-21,3150.177978515625
2021-05-24,3161.995361328125
2021-05-25,3236.985595703125
2021-05-26,3163.620361328125
2021-05-27,3152.64013671875
2021-05-28,3164.408203125
2021-05-31,3175.68408203125
2021-06-01,3151.26123046875
2021-06-02,3163.670166015625
2021-06-03,3119.945556640625
2021-06-04,3137.17919921875
2021-06-07,3158.401123046875
2021-06-08,3359.687744140625
2021-06-09,3298.632080078125
2021-06-10,3342.306640625
2021-06-11,3296.7119140625
2021-06-14,3318.5732421875
2021-06-15,3303.85107421875
2021-06-16,3307.150390625
2021-06-17,3324.8271484375
2021-06-18,3298.730712890625
2021-06-21,3266.282470703125
2021-06-22,3359.5400390625
2021-06-23,3350.726318359375
2021-06-24,3357.177001953125
2021-06-25,3592.339599609375
2021-06-28,3653.297119140625
2021-06-29,3657.629638671875
2021-06-30,3692.14599609375
2021-07-01,3693.2294921875
2021-07-02,3741.187255859375
2021-07-05,3762.261474609375
2021-07-06,3735.525146484375
2021-07-07,3794.4140625
2021-07-08,3784.271240234375
2021-07-09,3824.46337890625
2021-07-12,3809.766845703125
2021-07-13,3770.90673828125
2021-07-14,3839.356201171875
2021-07-15,3795.41650390625
2021-07-16,3836.10205078125
2021-07-19,3832.0576171875
2021-07-20,3763.755859375
2021-07-22,3859.575927734375
2021-07-23,3886.156982421875
2021-07-26,3656.79052734375
2021-07-27,3630.8505859375
2021-07-28,3467.715087890625
2021-07-29,3524.772705078125
2021-07-30,3607.179443359375
2021-08-02,3635.289306640625
2021-08-03,3652.697021484375
2021-08-04,3564.126953125
2021-08-05,3642.883544921875
2021-08-06,3613.98486328125
2021-08-09,3660.587646484375
2021-08-10,3810.9013671875
2021-08-11,3696.242431640625
2021-08-12,3678.883544921875
2021-08-13,3677.601806640625
2021-08-16,3622.269775390625
2021-08-17,3657.62890625
2021-08-18,3682.779541015625
2021-08-20,3668.083740234375
2021-08-23,3569.255859375
2021-08-24,3599.634033203125
2021-08-25,3564.817626953125
2021-08-26,3552.784423828125
2021-08-27,3777.613525390625
2021-08-30,3870.9677734375
2021-08-31,3972.458740234375
2021-09-01,3968.612060546875
2021-09-02,4059.25390625
2021-09-03,4035.631591796875
2021-09-06,4083.418701171875
2021-09-07,4081.593505859375
2021-09-08,3953.176513671875
2021-09-09,3906.376220703125
2021-09-13,3964.814697265625
2021-09-14,3953.2255859375
2021-09-15,3962.694091796875
2021-09-16,3973.396240234375
2021-09-17,3807.301025390625
2021-09-20,3663.004638671875
2021-09-21,3806.117431640625
2021-09-22,3828.408447265625
2021-09-23,3872.1513671875
2021-09-24,3847.1484375
2021-09-27,3731.20751953125
2021-09-28,3669.31689453125
2021-09-29,3614.970947265625
2021-09-30,3634.302734375
2021-10-01,3671.042724609375
2021-10-04,3816.967041015625
2021-10-05,3907.609130859375
2021-10-06,3961.215087890625
2021-10-07,3917.126953125
2021-10-08,3943.1650390625
2021-10-11,3875.75146484375
2021-10-12,3864.60595703125
2021-10-13,3895.4775390625
2021-10-14,3880.38671875
2021-10-18,3813.76123046875
2021-10-19,3809.81640625
2021-10-20,3454.448974609375
2021-10-21,3321.59326171875
2021-10-22,3310.447998046875
2021-10-25,3342.15771484375
2021-10-26,3413.122802734375
2021-10-27,3351.1826171875
2021-10-28,3307.291748046875
2021-10-29,3292.6943359375
2021-11-01,3320.303466796875
2021-11-02,3345.442626953125
2021-11-03,3376.458984375
2021-11-04,3397.992919921875
2021-11-08,3388.36181640625
2021-11-09,3449.753173828125
2021-11-10,3461.803955078125
2021-11-11,3552.482421875
2021-11-12,3488.81982421875
2021-11-15,3496.03125
2021-11-16,3481.954833984375
2021-11-17,3528.7265625
2021-11-18,3508.081787109375
2021-11-22,3247.3056640625
2021-11-23,3473.6083984375
2021-11-24,3468.718505859375
2021-11-25,3541.66650390625
2021-11-26,3427.527587890625
2021-11-29,3506.748779296875
2021-11-30,3695.3173828125
2021-12-01,3686.279052734375
2021-12-02,3734.03857421875
2021-12-03,3784.810791015625
2021-12-06,3713.986572265625
2021-12-07,3812.22216796875
2021-12-08,3855.833251953125
2021-12-09,3864.22900390625
2021-12-10,3908.08642578125
2021-12-13,3902.5556640625
2021-12-14,3911.39599609375
2021-12-15,3951.499755859375
2021-12-16,3961.872314453125
2021-12-17,3956.53759765625
2021-12-20,3804.9619140625
2021-12-21,3907.9384765625
2021-12-22,3947.746826171875
2021-12-23,3958.019775390625
2021-12-24,3944.73388671875
2021-12-27,4192.1259765625
2021-12-28,4185.40869140625
2021-12-29,4158.4423828125
2021-12-30,4108.70703125
2021-12-31,4137.35302734375
2022-01-03,4171.431640625
2022-01-04,4059.662841796875
2022-01-05,4006.4208984375
2022-01-06,3994.419677734375
2022-01-07,3941.96826171875
2022-01-10,4003.853271484375
2022-01-11,4095.51953125
2022-01-12,4137.8466796875
2022-01-13,4111.86767578125
2022-01-14,4148.41552734375
2022-01-17,4181.75390625
2022-01-18,4007.1123046875
2022-01-19,3935.15234375
2022-01-20,3982.61572265625
2022-01-21,3821.902099609375
2022-01-24,3654.373291015625
2022-01-25,3777.25390625
2022-01-27,3689.538330078125
2022-01-28,3814.888916015625
2022-01-31,3886.2568359375
2022-02-01,4204.81884765625
2022-02-02,4176.12353515625
2022-02-03,4071.812744140625
2022-02-04,4086.234619140625
2022-02-07,3984.196533203125
2022-02-08,3996.2470703125
2022-02-09,3988.24609375
2022-02-10,4041.24072265625
2022-02-11,3889.615234375
2022-02-14,3668.745849609375
2022-02-15,3774.93310546875
2022-02-16,3733.741943359375
2022-02-17,3877.8603515625
2022-02-18,3810.83935546875
2022-02-21,3771.327392578125
2022-02-22,3803.183837890625
2022-02-23,3764.70947265625
2022-02-24,3634.370849609375
2022-02-25,3739.322998046875
2022-02-28,3843.43603515625
2022-03-02,3805.307373046875
2022-03-03,3755.720458984375
2022-03-04,3581.326904296875
2022-03-07,3507.093994140625
2022-03-08,3486.004638671875
2022-03-09,3613.67626953125
2022-03-10,3710.628173828125
2022-03-11,3809.30810546875
2022-03-14,3829.755615234375
2022-03-15,3900.184326171875
2022-03-16,3906.0126953125
2022-03-17,4037.487060546875
2022-03-21,4072.2578125
2022-03-22,4012.7431640625
2022-03-23,3937.868896484375
2022-03-24,3919.05126953125
2022-03-25,3925.6201171875
2022-03-28,3877.0205078125
2022-03-29,3991.6044921875
2022-03-30,4007.45849609375
2022-03-31,4032.35107421875
2022-04-01,3999.506591796875
2022-04-04,4043.611572265625
2022-04-05,4050.229248046875
2022-04-06,4083.22216796875
2022-04-07,4022.02880859375
2022-04-08,4045.43896484375
2022-04-11,4022.176513671875
2022-04-12,3939.2021484375
2022-04-13,3885.96044921875
2022-04-18,3915.841064453125
2022-04-19,3858.30224609375
2022-04-20,3851.78271484375
2022-04-21,3995.555419921875
2022-04-22,3981.824951171875
2022-04-25,3938.90576171875
2022-04-26,4065.195068359375
2022-04-27,3903.49365234375
2022-04-28,3909.667236328125
2022-04-29,3883.787353515625
2022-05-02,3871.538330078125
2022-05-04,3795.972900390625
2022-05-05,3744.212890625
2022-05-06,3699.861328125
2022-05-09,3688.99560546875
2022-05-10,3729.642822265625
2022-05-11,3898.455810546875
2022-05-12,3840.47265625
2022-05-13,3872.180908203125
2022-05-16,3833.509033203125
2022-05-17,3838.34912109375
2022-05-18,3837.953857421875
2022-05-19,3756.461181640625
2022-05-20,3740.113525390625
2022-05-23,3630.07373046875
2022-05-24,3671.75830078125
2022-05-25,3542.11083984375
2022-05-26,3561.76806640625
2022-05-27,3641.433349609375
2022-05-30,3812.666748046875
2022-05-31,3876.527099609375
2022-06-01,3836.47216796875
2022-06-02,3734.03857421875
2022-06-03,3714.727294921875
2022-06-06,3676.154296875
2022-06-07,3657.139404296875
2022-06-08,3600.43994140625
2022-06-09,3616.98583984375
2022-06-10,3605.132080078125
2022-06-13,3496.574462890625
2022-06-14,3473.904296875
2022-06-15,3550.359375
2022-06-16,3487.980712890625
2022-06-17,3502.3037109375
2022-06-20,3407.87109375
2022-06-21,3578.510986328125
2022-06-22,3518.6513671875
2022-06-23,3501.1181640625
2022-06-24,3575.448974609375
2022-06-27,3640.050537109375
2022-06-28,3653.978271484375
2022-06-29,3704.997802734375
2022-06-30,3607.0087890625
2022-07-01,3637.28466796875
2022-07-04,3655.065185546875
2022-07-05,3705.195068359375
2022-07-06,3729.39599609375
2022-07-07,3754.62451171875
2022-07-08,3774.70849609375
2022-07-11,3747.897216796875
2022-07-12,3691.256103515625
2022-07-13,3670.825927734375
2022-07-14,3646.685302734375
2022-07-15,3739.9326171875
2022-07-18,3729.593994140625
2022-07-19,3701.842041015625
2022-07-20,3659.05224609375
2022-07-21,3724.795654296875
2022-07-22,3747.550537109375
2022-07-25,4163.4287109375
2022-07-26,4197.21533203125
2022-07-27,4238.1748046875
2022-07-28,4233.42578125
2022-07-29,4336.71484375
2022-08-01,4303.423828125
2022-08-02,4240.20263671875
2022-08-03,4210.37353515625
2022-08-04,4274.97900390625
2022-08-05,4428.626953125
2022-08-08,4414.67626953125
2022-08-10,4365.3076171875
2022-08-11,4363.13037109375
2022-08-12,4351.6044921875
2022-08-16,4353.63330078125
2022-08-17,4372.134765625
2022-08-18,4373.865234375
2022-08-19,4249.107421875
2022-08-22,4183.21533203125
2022-08-23,4220.9599609375
2022-08-24,4214.9736328125
2022-08-25,4172.6787109375
2022-08-26,4173.66796875
2022-08-29,4178.56640625
2022-08-30,4228.97412109375
2022-09-01,4280.56884765625
2022-09-02,4226.45068359375
2022-09-05,4206.9111328125
2022-09-06,4227.5888671875
2022-09-07,4248.216796875
2022-09-08,4276.31396484375
2022-09-09,4324.9912109375
2022-09-12,4612.64697265625
2022-09-13,4668.9423828125
2022-09-14,4703.2724609375
2022-09-15,4756.1533203125
2022-09-16,4575.10107421875
2022-09-19,4583.857421875
2022-09-20,4686.10791015625
2022-09-21,4629.96142578125
2022-09-22,4653.0634765625
2022-09-23,4579.009765625
2022-09-26,4373.81640625
2022-09-27,4395.2353515625
2022-09-28,4387.8154296875
2022-09-29,4415.7646484375
2022-09-30,4443.07177734375
2022-10-03,4426.548828125
2022-10-04,4470.82275390625
2022-10-06,4539.7314453125
2022-10-07,4567.6318359375
2022-10-10,4556.25439453125
2022-10-11,4528.6015625
2022-10-12,4639.55810546875
2022-10-13,4551.5546875
2022-10-14,4559.123046875
2022-10-17,4372.92529296875
2022-10-18,4241.19189453125
2022-10-19,4304.06591796875
2022-10-20,4371.73876953125
2022-10-21,4376.091796875
2022-10-24,4379.40576171875
2022-10-25,4401.36962890625
2022-10-27,4450.3427734375
2022-10-28,4445.099609375
2022-10-31,4503.3232421875
2022-11-01,4505.54931640625
2022-11-02,4500.60302734375
2022-11-03,4454.6953125
2022-11-04,4448.95068359375
2022-11-07,4455.19091796875
2022-11-09,4397.9921875
2022-11-10,4431.9150390625
2022-11-11,4416.95849609375
2022-11-14,4415.57275390625
2022-11-15,4412.3046875
2022-11-16,4455.736328125
2022-11-17,4433.54931640625
2022-11-18,4257.595703125
2022-11-21,4261.5087890625
2022-11-22,4246.552734375
2022-11-23,4280.97119140625
2022-11-24,4273.54248046875
2022-11-25,4310.04052734375
2022-11-28,4324.84765625
2022-11-29,4257.94287109375
2022-11-30,4300.9775390625
2022-12-01,4325.837890625
2022-12-02,4376.251953125
2022-12-05,4355.798828125
2022-12-06,4374.02294921875
2022-12-07,4266.3125
2022-12-08,4347.08349609375
2022-12-09,4326.23486328125
2022-12-12,4166.87060546875
2022-12-13,4294.8857421875
2022-12-14,4315.63671875
2022-12-15,4248.8310546875
2022-12-16,4103.779296875
2022-12-19,4116.5556640625
2022-12-20,4176.52783203125
2022-12-21,4208.37060546875
2022-12-22,4118.982421875
2022-12-23,4046.92724609375
2022-12-26,4096.6474609375
2022-12-27,4060.892333984375
2022-12-28,4047.769287109375
2022-12-29,4023.99853515625
2022-12-30,4030.386962890625
2023-01-02,4083.029541015625
2023-01-03,3995.473388671875
2023-01-04,3904.401611328125
2023-01-05,3905.639892578125
2023-01-06,3826.0078125
2023-01-09,3917.37646484375
2023-01-10,3891.7734375
2023-01-11,3869.240478515625
2023-01-12,4084.267578125
2023-01-13,4043.3125
2023-01-16,4020.28466796875
2023-01-17,4041.182373046875
2023-01-18,4051.433837890625
2023-01-19,4096.30126953125
2023-01-20,4026.276611328125
2023-01-23,3925.59716796875
2023-01-24,3876.8671875
2023-01-25,3784.458251953125
2023-01-27,3780.05078125
2023-01-30,3849.481689453125
2023-01-31,3908.46240234375
2023-02-01,3945.208251953125
2023-02-02,3956.49951171875
2023-02-03,3972.0
2023-02-06,4073.669677734375
2023-02-07,4240.41162109375
2023-02-08,4145.08056640625
2023-02-09,4162.1171875
2023-02-10,4304.64208984375
2023-02-13,4216.1953125
2023-02-14,4050.889404296875
2023-02-15,4043.8076171875
2023-02-16,4260.4189453125
2023-02-17,4142.802734375
2023-02-20,4246.6015625
2023-02-21,4203.9140625
2023-02-22,4193.46484375
2023-02-23,4138.048828125
2023-02-24,4179.89599609375
2023-02-27,4051.92919921875
2023-02-28,4088.67529296875
2023-03-01,4169.05029296875
2023-03-02,4143.10009765625
2023-03-03,4180.2421875
2023-03-06,4184.40234375
2023-03-08,4189.5517578125
2023-03-09,4176.8740234375
2023-03-10,4144.931640625
2023-03-13,4082.732177734375
2023-03-14,4089.5166015625
2023-03-15,4136.06787109375
2023-03-16,4079.265869140625
2023-03-17,4161.86865234375
2023-03-20,4171.52587890625
2023-03-21,4182.17333984375
2023-03-22,4171.72412109375
2023-03-23,4222.88134765625
2023-03-24,4201.3388671875
2023-03-27,4142.2587890625
2023-03-28,4132.79931640625
2023-03-29,4157.80810546875
2023-03-31,4229.8134765625
2023-04-03,4193.66259765625
2023-04-05,4203.46826171875
2023-04-06,4215.20458984375
2023-04-10,4226.9912109375
2023-04-11,4434.98583984375
2023-04-12,4410.57080078125
2023-04-13,4483.51806640625
2023-04-17,4488.6181640625
2023-04-18,4564.2392578125
2023-04-19,4597.56787109375
2023-04-20,4642.9306640625
2023-04-21,4687.50048828125
2023-04-24,4681.8056640625
2023-04-25,4660.26416015625
2023-04-26,4638.7705078125
2023-04-27,4698.494140625
2023-04-28,4803.87841796875
2023-05-02,4754.5537109375
2023-05-03,4753.6630859375
2023-05-04,4770.20361328125
2023-05-05,4738.41015625
2023-05-08,4742.66845703125
2023-05-09,4753.16748046875
2023-05-10,4719.0458984375
2023-05-11,4679.23046875
2023-05-12,4702.65478515625
2023-05-15,4650.556640625
2023-05-16,4635.30419921875
2023-05-17,4608.017578125
2023-05-18,4575.77783203125
2023-05-19,4512.5380859375
2023-05-22,4547.6494140625
2023-05-23,4515.80615234375
2023-05-24,4557.5537109375
2023-05-25,4558.8408203125
2023-05-26,4576.7197265625
2023-05-29,4596.47802734375
2023-05-30,4628.123046875
2023-05-31,4620.5458984375
2023-06-01,4548.39208984375
2023-06-02,4571.46923828125
2023-06-05,4601.4306640625
2023-06-06,4583.20654296875
2023-06-07,4660.857421875
2023-06-08,4537.4970703125
2023-06-09,4416.2158203125
2023-06-12,4367.041015625
2023-06-13,4526.70068359375
2023-06-14,4583.701171875
2023-06-15,4587.91064453125
2023-06-16,4609.3046875
2023-06-19,4597.46826171875
2023-06-20,4573.203125
2023-06-21,4624.80517578125
2023-06-22,4510.4580078125
2023-06-23,4415.91943359375
2023-06-26,4414.72998046875
2023-06-27,4380.6591796875
2023-06-28,4443.849609375
2023-06-30,4459.00439453125
2023-07-03,4429.4892578125
2023-07-04,4509.22021484375
2023-07-05,4570.92529296875
2023-07-06,4572.16259765625
2023-07-07,4495.78271484375
2023-07-10,4426.841796875
2023-07-11,4234.7001953125
2023-07-12,4258.5068359375
2023-07-13,4297.78857421875
2023-07-14,4367.62158203125
2023-07-17,4399.6123046875
2023-07-18,4348.923828125
2023-07-19,4382.3525390625
2023-07-20,4438.94384765625
2023-07-21,4351.35400390625
2023-07-24,4386.91552734375
2023-07-25,4273.73388671875
2023-07-26,4272.74169921875
2023-07-27,4231.22802734375
2023-07-28,4236.93212890625
2023-07-31,4230.4345703125
2023-08-01,4517.70458984375
2023-08-02,4551.431640625
2023-08-03,4467.412109375
2023-08-04,4469.5947265625
2023-08-07,4369.2587890625
2023-08-08,4441.32470703125
2023-08-09,4425.701171875
2023-08-10,4374.3671875
2023-08-11,4434.876953125
2023-08-14,4446.38330078125
2023-08-16,4455.41015625
2023-08-17,4409.5322265625
2023-08-18,4379.27734375
2023-08-21,4426.74267578125
2023-08-22,4453.5751953125
2023-08-23,4477.431640625
2023-08-24,4507.9833984375
2023-08-25,4471.18212890625
2023-08-28,4473.16552734375
2023-08-29,4587.6875
2023-08-30,4589.720703125
2023-08-31,4567.79833984375
2023-09-01,4562.1435546875
2023-09-04,4520.18505859375
2023-09-05,4568.2939453125
2023-09-06,4648.39501953125
2023-09-07,4648.64306640625
2023-09-08,4624.9345703125
2023-09-11,4647.35302734375
2023-09-12,4469.74365234375
2023-09-13,4440.08349609375
2023-09-14,4503.8671875
2023-09-15,4506.9912109375
2023-09-18,4453.029296875
2023-09-20,4479.0185546875
2023-09-21,4457.6416015625
2023-09-22,4433.388671875
2023-09-25,4415.2353515625
2023-09-26,4405.2177734375
2023-09-27,4409.08544921875
2023-09-28,4322.5869140625
2023-09-29,3736.39208984375
2023-10-03,3789.610595703125
2023-10-04,3794.371826171875
2023-10-05,3665.864501953125
2023-10-06,3688.72900390625
2023-10-09,3689.96875
2023-10-10,3673.403076171875
2023-10-11,3672.5107421875
2023-10-12,3689.17529296875
2023-10-13,3661.847412109375
2023-10-16,3665.41796875
2023-10-17,3667.054931640625
2023-10-18,3645.826904296875
2023-10-19,3618.945068359375
2023-10-20,3577.382080078125
2023-10-23,3501.844482421875
2023-10-25,3448.328857421875
2023-10-26,3402.202880859375
2023-10-27,3404.335693359375
2023-10-30,3396.5986328125
2023-10-31,3410.585205078125
2023-11-01,3451.7509765625
2023-11-02,3449.072998046875
2023-11-03,3510.37548828125
2023-11-06,3606.793701171875
2023-11-07,3575.64599609375
2023-11-08,3574.157958984375
2023-11-09,3568.305908203125
2023-11-10,3588.3876953125
2023-11-13,3616.870849609375
2023-11-15,3624.3271484375
2023-11-16,3628.45263671875
2023-11-17,3598.926025390625
2023-11-20,3585.75341796875
2023-11-21,3605.586669921875
2023-11-22,3589.3818359375
2023-11-23,3686.4619140625
2023-11-24,3710.968505859375
2023-11-28,3671.152099609375
2023-11-29,3682.137451171875
2023-11-30,3679.503173828125
2023-12-01,3708.134765625
2023-12-04,3718.275634765625
2023-12-05,3781.255615234375
2023-12-06,3772.30810546875
2023-12-07,3773.749755859375
2023-12-08,3780.708740234375
2023-12-11,3778.820068359375
2023-12-12,3747.404296875
2023-12-13,3767.73486328125
2023-12-14,3840.1103515625
2023-12-15,3848.1630859375
2023-12-18,3859.148681640625
2023-12-19,3844.83251953125
2023-12-20,3699.585205078125
2023-12-21,3722.052978515625
2023-12-22,3741.538818359375
2023-12-26,3775.6884765625
2023-12-27,3828.5283203125
2023-12-28,3818.13916015625
2023-12-29,3830.71533203125
2024-01-01,3835.040283203125
2024-01-02,3834.344482421875
2024-01-03,3845.2802734375
2024-01-04,3774.048095703125
2024-01-05,3800.34375
2024-01-08,3588.63623046875
2024-01-09,3480.421630859375
2024-01-10,3470.678955078125
2024-01-11,3510.793212890625
2024-01-12,3514.22314453125
2024-01-15,3515.565185546875
2024-01-16,3469.38623046875
2024-01-17,3425.841796875
2024-01-18,3382.6455078125
2024-01-19,3391.095703125
2024-01-23,3342.72998046875
2024-01-24,3400.341552734375
2024-01-25,3325.03369140625
2024-01-29,3304.703125
2024-01-30,3288.746826171875
2024-01-31,3397.55810546875
2024-02-01,3303.211669921875
2024-02-02,3305.796630859375
2024-02-05,3216.27197265625
2024-02-06,3242.46826171875
2024-02-07,3075.150146484375
2024-02-08,3055.465576171875
2024-02-09,3010.728271484375
2024-02-12,3056.0126953125
2024-02-13,3085.39013671875
2024-02-14,3084.743896484375
2024-02-15,3107.858154296875
2024-02-16,3155.7275390625
2024-02-19,3153.838623046875
2024-02-20,3184.806640625
2024-02-21,3146.481201171875
2024-02-22,3175.660400390625
2024-02-23,3132.314697265625
2024-02-26,3090.7587890625
2024-02-27,3102.3408203125
2024-02-28,3000.090576171875
2024-02-29,3003.470947265625
2024-03-01,3035.830810546875
2024-03-04,3032.401123046875
2024-03-05,3025.6904296875
2024-03-06,3007.89501953125
2024-03-07,3041.9453125
2024-03-11,3032.05322265625
2024-03-12,3001.333740234375
2024-03-13,2907.18603515625
2024-03-14,2980.5556640625
2024-03-15,2983.637451171875
2024-03-18,2993.877197265625
2024-03-19,2979.958984375
2024-03-20,2949.2392578125
2024-03-21,3068.0419921875
2024-03-22,3074.901611328125
2024-03-26,3109.697509765625
2024-03-27,3117.750244140625
2024-03-28,3096.127197265625
2024-04-01,3112.43115234375
2024-04-02,3132.513427734375
2024-04-03,3127.194580078125
2024-04-04,3114.668212890625
2024-04-05,3129.232666015625
2024-04-08,3078.331298828125
2024-04-09,3039.758056640625
2024-04-10,3226.76025390625
2024-04-12,3277.4130859375
2024-04-15,3225.81591796875
2024-04-16,3210.655029296875
2024-04-18,3210.009033203125
2024-04-19,3203.844970703125
2024-04-22,3259.468505859375
2024-04-23,3354.46044921875
2024-04-24,3264.33984375
2024-04-25,3287.5537109375
2024-04-26,3290.436767578125
2024-04-29,3404.86474609375
2024-04-30,3399.297607421875
2024-05-02,3408.3447265625
2024-05-03,3415.601806640625
2024-05-06,3420.8212890625
2024-05-07,3357.3935546875
2024-05-08,3391.4931640625
2024-05-09,3203.3974609375
2024-05-10,3228.599609375
2024-05-13,3217.762939453125
2024-05-14,3316.781982421875
2024-05-15,3304.80224609375
2024-05-16,3299.93115234375
2024-05-17,3408.44384765625
2024-05-21,3363.5576171875
2024-05-22,3330.302734375
2024-05-23,3311.1650390625
2024-05-24,3335.9697265625
2024-05-27,3347.203369140625
2024-05-28,3317.378662109375
2024-05-29,3294.860595703125
2024-05-30,3212.344970703125
2024-05-31,3168.80029296875
2024-06-03,3284.12353515625
2024-06-04,3030.661376953125
2024-06-05,3281.33984375
2024-06-06,3299.781494140625
2024-06-07,3309.82275390625
2024-06-10,3415.651611328125
2024-06-11,3464.7138671875
2024-06-12,3493.54443359375
2024-06-13,3541.264404296875
2024-06-14,3524.562255859375
2024-06-18,3578.694580078125
2024-06-19,3616.6220703125
2024-06-20,3748.249267578125
2024-06-21,3669.31298828125
2024-06-24,3636.406005859375
2024-06-25,3516.211669921875
2024-06-26,3571.387451171875
2024-06-27,3592.4140625
2024-06-28,3553.39306640625
2024-07-01,3599.870361328125
2024-07-02,3583.566162109375
2024-07-03,3603.151123046875
2024-07-04,3637.7978515625
2024-07-05,3651.19482421875
2024-07-08,3649.15283203125
2024-07-09,3677.341796875
2024-07-10,3660.10986328125
2024-07-11,3631.6220703125
2024-07-12,3642.827880859375
2024-07-15,3645.71630859375
2024-07-16,3650.946044921875
2024-07-18,3646.613037109375
2024-07-19,3531.16845703125
2024-07-22,3576.589111328125
2024-07-23,3543.021728515625
2024-07-24,3517.671875
2024-07-25,3500.439697265625
2024-07-26,3516.67578125
2024-07-29,3556.767333984375
2024-07-30,3756.329833984375
2024-07-31,3786.012939453125
2024-08-01,3671.7138671875
2024-08-02,3592.028076171875
2024-08-05,3442.36865234375
2024-08-06,3452.37939453125
2024-08-07,3587.695556640625
2024-08-08,3535.501220703125
2024-08-09,3536.24853515625
2024-08-12,3453.275390625
2024-08-13,3264.172119140625
2024-08-14,3224.876708984375
2024-08-16,3311.833740234375
2024-08-19,3268.355224609375
2024-08-20,3276.32373046875
2024-08-21,3289.6708984375
2024-08-22,3321.495849609375
2024-08-23,3279.26220703125
2024-08-26,3292.460205078125
2024-08-27,3277.51904296875
2024-08-28,3277.46923828125
2024-08-29,3266.811279296875
2024-08-30,3285.437744140625
2024-09-02,3283.04736328125
2024-09-03,3315.071044921875
2024-09-04,3323.537841796875
2024-09-05,3335.191650390625
2024-09-06,3285.38818359375
2024-09-09,3338.279541015625
2024-09-10,3351.9755859375
2024-09-11,3289.222900390625
2024-09-12,3265.666015625
2024-09-13,3256.5517578125
2024-09-16,3260.78515625
2024-09-17,3246.840087890625
2024-09-18,3200.67236328125
2024-09-19,3232.4970703125
2024-09-20,3291.712890625
2024-09-23,3353.668701171875
2024-09-24,3369.755126953125
2024-09-25,3366.269287109375
2024-09-26,3370.00439453125
2024-09-27,3415.773681640625
2024-09-30,3427.826416015625
2024-10-01,3588.2431640625
2024-10-03,3446.65185546875
2024-10-04,3405.91259765625
2024-10-07,3308.048828125
2024-10-08,3330.759033203125
2024-10-09,3351.427490234375
2024-10-10,3377.22607421875
2024-10-11,3372.394775390625
2024-10-14,3339.425048828125
2024-10-15,3346.0986328125
2024-10-16,3447.64794921875
2024-10-17,3316.913818359375
2024-10-18,3362.38427734375
2024-10-21,3297.789306640625
2024-10-22,3208.342041015625
2024-10-23,3294.4521484375
2024-10-24,3398.093505859375
2024-10-25,3288.774658203125
2024-10-28,3369.15771484375
2024-10-29,3322.69091796875
2024-10-30,3321.495849609375
2024-10-31,3316.764404296875
2024-11-01,3345.948974609375
2024-11-04,3304.3134765625
2024-11-05,3362.334716796875
2024-11-06,3482.062255859375
2024-11-07,3531.987060546875
2024-11-08,3534.480712890625
2024-11-11,3452.735595703125
2024-11-12,3313.734375
2024-11-13,3259.620361328125
2024-11-14,3301.614990234375
2024-11-18,3251.59033203125
2024-11-19,3329.6943359375
2024-11-21,3254.283447265625
2024-11-22,3318.572265625
2024-11-25,3422.362060546875
2024-11-26,3443.259521484375
2024-11-27,3489.742919921875
2024-11-28,3459.867919921875
2024-11-29,3499.119384765625
2024-12-02,3574.03125
2024-12-03,3577.871826171875
2024-12-04,3583.6572265625
2024-12-05,3587.9462890625
2024-12-06,3546.8994140625
2024-12-09,3524.25634765625
2024-12-10,3638.369873046875
2024-12-11,3584.106201171875
2024-12-12,3565.203369140625
2024-12-13,3548.695068359375
2024-12-16,3502.810302734375
2024-12-17,3457.822998046875
2024-12-18,3459.11962890625
2024-12-19,3380.267578125
2024-12-20,3297.5751953125
2024-12-23,3307.30078125
2024-12-24,3368.547119140625
2024-12-26,3317.973876953125
2024-12-27,3304.358154296875
2024-12-30,3209.4462890625
2024-12-31,3237.67529296875
2025-01-01,3272.0390625
2025-01-02,3293.435546875
2025-01-03,3351.240234375
2025-01-06,3338.522216796875
2025-01-07,3469.59326171875
2025-01-08,3484.406005859375
2025-01-09,3814.9765625
2025-01-10,3621.861328125
2025-01-13,3608.794189453125
2025-01-14,3622.759033203125
2025-01-15,3705.102294921875
2025-01-16,3758.16943359375
2025-01-17,3745.70068359375
2025-01-20,3767.6953125
2025-01-21,3787.49560546875
2025-01-22,3678.1201171875
2025-01-23,3763.007080078125
2025-01-24,3700.164794921875
2025-01-27,3595.17822265625
2025-01-28,3553.43310546875
2025-01-29,3730.837890625
2025-01-30,3898.46728515625
2025-01-31,4138.3154296875
2025-02-01,4122.30517578125
2025-02-03,4162.5546875
2025-02-04,4195.52197265625
2025-02-05,4241.8056640625
2025-02-06,4236.76806640625
2025-02-07,4210.88330078125
2025-02-10,4198.21533203125
2025-02-11,4054.326171875
2025-02-12,4090.7841796875
2025-02-13,4098.166015625
2025-02-14,4006.04736328125
2025-02-17,4097.81689453125
2025-02-18,4074.82470703125
2025-02-19,4033.92724609375
2025-02-20,4035.423583984375
2025-02-21,4023.802734375
2025-02-24,3901.310302734375
2025-02-25,3800.064208984375
2025-02-27,3764.25390625
2025-02-28,3752.83251953125
2025-03-03,3817.27099609375
2025-03-04,3890.587158203125
2025-03-05,4045.597900390625
2025-03-06,4110.18603515625
2025-03-07,4067.3935546875
2025-03-10,4070.2861328125
2025-03-11,4112.13134765625
2025-03-12,4097.6171875
2025-03-13,4116.56982421875
2025-03-17,4128.140625
2025-03-18,4128.140625
2025-03-19,4062.2060546875
2025-03-20,4158.01611328125
2025-03-21,4236.0703125
2025-03-24,4186.39501953125
2025-03-25,4195.9208984375
2025-03-26,4185.69677734375
2025-03-27,4204.6494140625
2025-03-28,4200.31005859375
2025-04-01,4187.74169921875
2025-04-02,4236.11962890625
2025-04-03,4182.9033203125
2025-04-04,4060.95947265625
2025-04-07,3870.138427734375
2025-04-08,3838.966552734375
2025-04-09,3969.43896484375
2025-04-11,4089.138671875
2025-04-15,4166.4443359375
2025-04-16,4260.20947265625
2025-04-17,4234.77294921875
2025-04-21,4203.35205078125
2025-04-22,4264.29931640625
2025-04-23,4300.208984375
2025-04-24,4329.236328125
2025-04-25,4437.564453125
2025-04-28,4437.46484375
2025-04-29,4501.70361328125
2025-04-30,4510.2822265625
2025-05-02,4501.10498046875
2025-05-05,4638.36083984375
2025-05-06,4612.22607421875
2025-05-07,4655.81640625
2025-05-08,4536.81591796875
2025-05-09,4583.59814453125
2025-05-12,4422.00390625
2025-05-13,4319.0615234375
2025-05-14,4266.99267578125
2025-05-15,4280.857421875
2025-05-16,4231.48193359375
2025-05-19,4298.31396484375
2025-05-20,4305.29638671875
2025-05-21,4257.31689453125
2025-05-22,4310.3837890625
2025-05-23,4276.9677734375
2025-05-26,4263.70068359375
2025-05-27,4239.26220703125
2025-05-28,4283.3515625
2025-05-29,4301.20654296875
2025-05-30,4250.5341796875
2025-06-02,4384.3974609375
2025-06-03,4400.2578125
2025-06-04,4417.81396484375
2025-06-05,4467.6884765625
2025-06-06,4422.501953125
2025-06-09,4398.861328125
2025-06-10,4366.34326171875
2025-06-11,4395.869140625
2025-06-12,4519.55810546875
2025-06-13,4532.52587890625
2025-06-16,4502.1025390625
2025-06-17,4691.626953125
2025-06-18,4728.13525390625
2025-06-19,4626.689453125
2025-06-20,4673.27294921875
2025-06-23,4628.4853515625
2025-06-24,4601.453125
2025-06-25,4692.3251953125
2025-06-26,4672.77392578125
2025-06-27,4814.7177734375
2025-06-30,4808.03466796875
2025-07-01,4875.46533203125
2025-07-02,4864.3935546875
2025-07-03,4863.2958984375
2025-07-04,4927.92724609375
2025-07-07,4880.9775390625
2025-07-08,5034.712890625
2025-07-09,5104.5380859375
2025-07-10,4998.95068359375
2025-07-11,5067.77734375
2025-07-14,4973.67822265625
2025-07-15,5075.16943359375
2025-07-16,4957.3955078125
2025-07-17,4963.08935546875
2025-07-18,4864.09521484375
2025-07-21,4964.18798828125
2025-07-22,4988.0625
2025-07-23,5047.8984375
2025-07-24,5072.1728515625
2025-07-25,4998.0517578125
2025-07-28,5097.0458984375
2025-07-29,5143.29638671875
2025-07-30,5184.05322265625
2025-07-31,5042.404296875
2025-08-01,5006.14306640625
2025-08-04,5095.04833984375
2025-08-05,5170.966796875
2025-08-06,5050.09619140625
2025-08-07,4946.20751953125
2025-08-08,4808.35498046875
2025-08-11,4819.34326171875
2025-08-12,4890.26708984375
2025-08-13,4913.24267578125
2025-08-14,4992.65771484375
2025-08-18,5037.1103515625
2025-08-19,5025.123046875
2025-08-20,5005.14453125
2025-08-21,4984.666015625
2025-08-22,5025.123046875
2025-08-25,4993.65673828125
2025-08-26,4790.87353515625
2025-08-28,4701.96875
2025-08-29,4682.48974609375
2025-09-01,4669.2041015625
2025-09-02,4750.216796875
2025-09-03,4837.72314453125
2025-09-04,4762.9033203125
2025-09-05,4658.4150390625
2025-09-08,4670.0029296875
2025-09-09,4765.60107421875
2025-09-10,4772.59326171875
2025-09-11,4757.708984375
2025-09-12,4785.87890625
2025-09-15,4776.888671875
2025-09-16,4859.60009765625
2025-09-17,4963.6884765625
2025-09-18,4889.068359375
2025-09-19,4788.67578125
2025-09-22,4708.26171875
2025-09-23,4686.68505859375
2025-09-24,4624.85107421875
2025-09-25,4744.02392578125
2025-09-26,4568.31201171875
2025-09-29,4547.33447265625
2025-09-30,4616.56005859375
2025-10-01,4625.15087890625
2025-10-03,4594.98291015625
2025-10-06,4569.31103515625
2025-10-07,4567.212890625
2025-10-08,4653.22119140625
2025-10-09,4581.69775390625
2025-10-10,4736.0322265625
2025-10-13,4804.55908203125
2025-10-14,4890.66650390625
2025-10-15,4878.9794921875
2025-10-16,5052.2939453125
2025-10-17,5103.3388671875
2025-10-20,5148.39111328125
2025-10-21,5180.9560546875
2025-10-23,5046.00048828125
2025-10-24,5051.09521484375
2025-10-27,5041.3056640625
2025-10-28,4992.65771484375
2025-10-29,4972.67919921875
2025-10-30,4971.47998046875
2025-10-31,5681.32080078125
2025-11-03,5899.1875
2025-11-04,6048.52783203125
2025-11-06,6074.5
2025-11-07,5969.0
2025-11-10,5993.5
2025-11-11,6024.0
2025-11-12,6022.5
2025-11-13,6038.0
2025-11-14,6021.5
2025-11-17,6003.0
2025-11-18,6026.5
2025-11-19,6023.0
2025-11-20,5979.0
2025-11-21,5973.0
2025-11-24,5849.0
2025-11-25,5782.5
2025-11-26,5822.0
2025-11-27,5735.0
2025-11-28,5735.5
2025-12-01,5750.0
2025-12-02,5786.5
2025-12-03,5828.5
2025-12-04,5765.0
2025-12-05,5772.0
2025-12-08,5563.0
2025-12-09,5707.0
2025-12-10,5950.0
2025-12-11,6043.0
2025-12-12,6122.5
2025-12-15,6144.0
2025-12-16,6030.0
2025-12-17,5912.5
2025-12-18,5807.5
2025-12-19,5845.0
2025-12-22,5883.5
2025-12-23,6063.5
2025-12-24,5874.0
2025-12-26,5774.5
2025-12-29,5881.0
2025-12-30,6136.5
2025-12-31,5920.0
2026-01-01,5932.5
2026-01-02,5903.0
2026-01-05,5937.5
2026-01-06,5751.0
2026-01-07,5837.0
2026-01-08,5772.5
2026-01-09,5698.5
2026-01-12,5788.0
2026-01-13,5988.0
2026-01-14,6032.0
2026-01-16,6156.5
2026-01-19,6112.5
2026-01-20,5938.5
2026-01-21,5801.5
2026-01-22,5917.5
2026-01-23,5919.0
2026-01-27,5870.5
2026-01-28,5970.0
2026-01-29,6069.0
2026-01-30,6099.0
2026-02-02,5901.0
2026-02-03,6280.5
2026-02-04,6334.5
2026-02-05,6273.0
2026-02-06,6417.5
2026-02-09,6598.0
2026-02-10,6338.0
2026-02-11,6432.0
2026-02-12,6587.0
2026-02-13,6304.0
2026-02-16,6248.5
2026-02-17,6241.5
2026-02-18,6386.5
2026-02-19,6388.0
2026-02-20,6526.0
2026-02-23,6649.5
2026-02-24,6328.0
2026-02-25,6430.5
2026-02-26,6484.5
2026-02-27,6256.5
2026-03-02,6269.0
2026-03-04,6076.0
2026-03-05,6504.5
2026-03-06,6572.0
2026-03-09,6387.5
2026-03-10,6540.0
2026-03-11,6315.0
2026-03-12,6220.0
2026-03-13,6172.0
2026-03-16,6171.5
2026-03-17,6282.0
2026-03-18,6337.5
2026-03-19,6262.5
2026-03-20,6124.0
2026-03-23,5886.5
2026-03-24,6184.5
2026-03-25,6217.5
2026-03-27,6055.0
2026-03-30,6162.5
2026-04-01,6034.0
2026-04-02,5891.0
2026-04-06,5843.0
2026-04-07,5821.5
2026-04-08,6061.5
2026-04-09,6135.0
2026-04-10,6181.0
2026-04-13,6238.0
2026-04-15,6222.5
2026-04-16,6256.0
2026-04-17,6284.0
2026-04-20,6471.5
2026-04-21,6373.5
2026-04-22,6267.0
2026-04-23,6280.5
2026-04-24,6452.0
2026-04-27,6578.5
2026-04-28,6627.0
2026-04-29,6758.5
2026-04-30,6821.0
2026-05-01,6821.0
2026-05-04,6796.5
2026-05-05,7005.0
2026-05-06,7043.0
2026-05-07,7085.0
2026-05-08,7041.5
2026-05-11,7071.5
2026-05-12,6950.5
2026-05-13,6910.5
2026-05-14,6892.5
2026-05-15,7001.0
2026-05-18,6904.5
2026-05-19,7075.5
2026-05-20,7046.5
2026-05-21,7118.5
2026-05-22,7125.0
2026-05-25,7445.5
2026-05-26,7396.0
2026-05-27,7244.5
2026-05-28,7244.5
2026-05-29,7129.0
2026-06-01,6998.5
2026-06-02,7052.0
2026-06-03,7035.5
2026-06-04,7081.97998046875
2026-06-05,7024.04931640625
2026-06-08,6855.25244140625
2026-06-09,6820.29443359375
2026-06-10,7038.03271484375
2026-06-11,7148.39990234375
2026-06-12,7303.0
2026-06-15,7287.0
2026-06-16,7315.5
2026-06-17,7344.0
2026-06-18,7303.5
2026-06-19,7493.5
2026-06-22,7572.0
2026-06-23,7500.5
2026-06-24,7698.5
2026-06-25,7609.0
2026-06-26,7609.0
2026-06-29,7486.5
2026-06-30,7687.0
2026-07-01,7585.0
2026-07-02,7646.5
2026-07-03,7552.5
2026-07-06,7729.0
