,close
2005-01-03,434.76416015625
2005-01-04,434.76416015625
2005-01-05,434.76416015625
2005-01-06,434.76416015625
2005-01-07,434.76416015625
2005-01-10,434.76416015625
2005-01-11,434.76416015625
2005-01-12,434.76416015625
2005-01-13,434.76416015625
2005-01-14,434.76416015625
2005-01-17,434.76416015625
2005-01-18,434.76416015625
2005-01-19,434.76416015625
2005-01-20,434.76416015625
2005-01-24,434.76416015625
2005-01-25,434.76416015625
2005-01-27,434.76416015625
2005-01-28,434.76416015625
2005-01-31,434.76416015625
2005-02-01,434.76416015625
2005-02-02,434.76416015625
2005-02-03,434.76416015625
2005-02-04,434.76416015625
2005-02-07,434.76416015625
2005-02-08,434.76416015625
2005-02-09,434.76416015625
2005-02-10,434.76416015625
2005-02-11,434.76416015625
2005-02-14,434.76416015625
2005-02-15,434.76416015625
2005-02-16,434.76416015625
2005-02-17,434.76416015625
2005-02-18,434.76416015625
2005-02-21,434.76416015625
2005-02-22,434.76416015625
2005-02-23,434.76416015625
2005-02-24,434.76416015625
2005-02-25,434.76416015625
2005-02-28,434.76416015625
2005-03-01,434.76416015625
2005-03-02,434.76416015625
2005-03-03,434.76416015625
2005-03-04,434.76416015625
2005-03-07,434.76416015625
2005-03-08,434.76416015625
2005-03-09,434.76416015625
2005-03-10,434.76416015625
2005-03-11,434.76416015625
2005-03-14,434.76416015625
2005-03-15,434.76416015625
2005-03-16,434.76416015625
2005-03-17,434.76416015625
2005-03-18,434.76416015625
2005-03-21,434.76416015625
2005-03-22,434.76416015625
2005-03-23,434.76416015625
2005-03-24,434.76416015625
2005-03-28,434.76416015625
2005-03-29,434.76416015625
2005-03-30,434.76416015625
2005-03-31,434.76416015625
2005-04-01,434.76416015625
2005-04-04,434.76416015625
2005-04-05,434.76416015625
2005-04-06,434.76416015625
2005-04-07,434.76416015625
2005-04-08,434.76416015625
2005-04-11,434.76416015625
2005-04-12,434.76416015625
2005-04-13,434.76416015625
2005-04-15,434.76416015625
2005-04-18,434.76416015625
2005-04-19,434.76416015625
2005-04-20,435.1564025878906
2005-04-21,435.1564025878906
2005-04-22,435.1564025878906
2005-04-25,435.1564025878906
2005-04-26,435.1564025878906
2005-04-27,435.1564025878906
2005-04-28,435.1564025878906
2005-04-29,435.1564025878906
2005-05-02,435.1564025878906
2005-05-03,435.1564025878906
2005-05-04,435.1564025878906
2005-05-05,435.1564025878906
2005-05-06,435.1564025878906
2005-05-09,435.1564025878906
2005-05-10,435.1564025878906
2005-05-11,435.1564025878906
2005-05-12,435.1564025878906
2005-05-13,435.1564025878906
2005-05-16,435.1564025878906
2005-05-17,435.1564025878906
2005-05-18,435.1564025878906
2005-05-19,435.1564025878906
2005-05-20,435.1564025878906
2005-05-23,435.1564025878906
2005-05-24,435.1564025878906
2005-05-25,435.1564025878906
2005-05-26,435.1564025878906
2005-05-27,435.1564025878906
2005-05-30,435.1564025878906
2005-05-31,435.1564025878906
2005-06-01,435.1564025878906
2005-06-02,435.1564025878906
2005-06-03,435.1564025878906
2005-06-06,435.1564025878906
2005-06-07,435.1564025878906
2005-06-08,435.1564025878906
2005-06-09,435.1564025878906
2005-06-10,435.1564025878906
2005-06-13,435.1564025878906
2005-06-14,435.1564025878906
2005-06-15,435.1564025878906
2005-06-16,435.1564025878906
2005-06-17,435.1564025878906
2005-06-20,435.1564025878906
2005-06-21,435.1564025878906
2005-06-22,435.1564025878906
2005-06-23,435.1564025878906
2005-06-24,435.1564025878906
2005-06-27,435.1564025878906
2005-06-28,435.1564025878906
2005-06-29,435.1564025878906
2005-06-30,435.1564025878906
2005-07-01,435.1564025878906
2005-07-04,435.1564025878906
2005-07-05,435.1564025878906
2005-07-06,435.1564025878906
2005-07-07,435.1564025878906
2005-07-08,435.1564025878906
2005-07-11,435.1564025878906
2005-07-12,435.1564025878906
2005-07-13,435.1564025878906
2005-07-14,435.1564025878906
2005-07-15,435.1564025878906
2005-07-18,435.1564025878906
2005-07-19,435.1564025878906
2005-07-20,435.1564025878906
2005-07-21,435.1564025878906
2005-07-22,435.1564025878906
2005-07-25,435.1564025878906
2005-07-26,435.1564025878906
2005-07-27,435.1564025878906
2005-07-28,435.1564025878906
2005-07-29,435.1564025878906
2005-08-01,435.1564025878906
2005-08-02,435.1564025878906
2005-08-03,435.1564025878906
2005-08-04,435.1564025878906
2005-08-05,435.1564025878906
2005-08-08,435.1564025878906
2005-08-09,435.1564025878906
2005-08-10,435.1564025878906
2005-08-11,435.1564025878906
2005-08-12,435.1564025878906
2005-08-16,435.1564025878906
2005-08-17,435.1564025878906
2005-08-18,435.1564025878906
2005-08-19,435.1564025878906
2005-08-22,435.1564025878906
2005-08-23,435.1564025878906
2005-08-24,435.1564025878906
2005-08-25,435.1564025878906
2005-08-26,435.1564025878906
2005-08-29,435.1564025878906
2005-08-30,435.1564025878906
2005-08-31,435.1564025878906
2005-09-01,435.1564025878906
2005-09-02,435.1564025878906
2005-09-05,435.1564025878906
2005-09-06,435.1564025878906
2005-09-08,435.1564025878906
2005-09-09,435.1564025878906
2005-09-12,435.1564025878906
2005-09-13,435.1564025878906
2005-09-14,435.1564025878906
2005-09-15,435.1564025878906
2005-09-16,435.1564025878906
2005-09-19,435.1564025878906
2005-09-20,435.1564025878906
2005-09-21,435.1564025878906
2005-09-22,435.1564025878906
2005-09-23,435.1564025878906
2005-09-26,435.1564025878906
2005-09-27,435.1564025878906
2005-09-28,435.1564025878906
2005-09-29,435.1564025878906
2005-09-30,435.1564025878906
2005-10-03,435.1564025878906
2005-10-04,435.1564025878906
2005-10-05,435.1564025878906
2005-10-06,435.1564025878906
2005-10-07,435.1564025878906
2005-10-10,435.1564025878906
2005-10-11,435.1564025878906
2005-10-13,435.1564025878906
2005-10-14,435.1564025878906
2005-10-17,435.1564025878906
2005-10-18,435.1564025878906
2005-10-19,435.1564025878906
2005-10-20,435.1564025878906
2005-10-21,435.1564025878906
2005-10-24,435.1564025878906
2005-10-25,435.1564025878906
2005-10-26,435.1564025878906
2005-10-27,435.1564025878906
2005-10-28,435.1564025878906
2005-10-31,435.1564025878906
2005-11-02,435.1564025878906
2005-11-04,435.1564025878906
2005-11-07,435.1564025878906
2005-11-08,435.1564025878906
2005-11-09,435.1564025878906
2005-11-10,435.1564025878906
2005-11-11,435.1564025878906
2005-11-14,435.1564025878906
2005-11-16,435.1564025878906
2005-11-17,435.1564025878906
2005-11-18,435.1564025878906
2005-11-21,435.1564025878906
2005-11-22,435.1564025878906
2005-11-23,435.1564025878906
2005-11-24,435.1564025878906
2005-11-25,435.1564025878906
2005-11-28,435.1564025878906
2005-11-29,435.1564025878906
2005-11-30,435.1564025878906
2005-12-01,435.1564025878906
2005-12-02,435.1564025878906
2005-12-05,435.1564025878906
2005-12-06,435.1564025878906
2005-12-07,435.1564025878906
2005-12-08,435.1564025878906
2005-12-09,435.1564025878906
2005-12-12,435.1564025878906
2005-12-13,435.1564025878906
2005-12-14,435.1564025878906
2005-12-15,435.1564025878906
2005-12-16,435.1564025878906
2005-12-19,435.1564025878906
2005-12-20,435.1564025878906
2005-12-21,435.1564025878906
2005-12-22,435.1564025878906
2005-12-23,435.1564025878906
2005-12-26,435.1564025878906
2005-12-27,435.1564025878906
2005-12-28,435.1564025878906
2005-12-29,435.1564025878906
2005-12-30,435.1564025878906
2006-01-02,435.1564025878906
2006-01-03,435.1564025878906
2006-01-04,435.1564025878906
2006-01-05,435.1564025878906
2006-01-06,435.1564025878906
2006-01-09,435.1564025878906
2006-01-10,435.1564025878906
2006-01-12,435.1564025878906
2006-01-13,435.1564025878906
2006-01-16,435.1564025878906
2006-01-17,435.1564025878906
2006-01-18,435.1564025878906
2006-01-19,435.1564025878906
2006-01-20,435.1564025878906
2006-01-23,435.1564025878906
2006-01-24,435.1564025878906
2006-01-25,435.1564025878906
2006-01-27,435.1564025878906
2006-01-30,435.1564025878906
2006-01-31,435.1564025878906
2006-02-01,435.1564025878906
2006-02-02,435.1564025878906
2006-02-03,435.1564025878906
2006-02-06,435.1564025878906
2006-02-07,435.1564025878906
2006-02-08,435.1564025878906
2006-02-10,435.1564025878906
2006-02-13,435.1564025878906
2006-02-14,435.1564025878906
2006-02-15,435.1564025878906
2006-02-16,435.1564025878906
2006-02-17,435.1564025878906
2006-02-20,435.1564025878906
2006-02-21,435.1564025878906
2006-02-22,435.1564025878906
2006-02-23,435.1564025878906
2006-02-24,435.1564025878906
2006-02-27,435.1564025878906
2006-02-28,435.1564025878906
2006-03-01,435.1564025878906
2006-03-02,435.1564025878906
2006-03-03,435.1564025878906
2006-03-06,435.1564025878906
2006-03-07,435.1564025878906
2006-03-08,435.1564025878906
2006-03-09,435.1564025878906
2006-03-10,435.1564025878906
2006-03-13,435.1564025878906
2006-03-14,435.1564025878906
2006-03-16,435.1564025878906
2006-03-17,435.1564025878906
2006-03-20,435.1564025878906
2006-03-21,435.1564025878906
2006-03-22,435.1564025878906
2006-03-23,435.1564025878906
2006-03-24,435.1564025878906
2006-03-27,435.1564025878906
2006-03-28,435.1564025878906
2006-03-29,435.1564025878906
2006-03-30,435.1564025878906
2006-03-31,435.1564025878906
2006-04-03,435.1564025878906
2006-04-04,435.1564025878906
2006-04-05,435.1564025878906
2006-04-07,435.1564025878906
2006-04-10,435.1564025878906
2006-04-12,435.1564025878906
2006-04-13,435.1564025878906
2006-04-17,435.1564025878906
2006-04-18,435.1564025878906
2006-04-19,435.1564025878906
2006-04-20,435.1564025878906
2006-04-21,435.1564025878906
2006-04-24,435.1564025878906
2006-04-25,435.1564025878906
2006-04-26,435.1564025878906
2006-04-27,435.1564025878906
2006-04-28,435.1564025878906
2006-05-02,435.1564025878906
2006-05-03,435.1564025878906
2006-05-04,435.1564025878906
2006-05-05,435.1564025878906
2006-05-08,435.1564025878906
2006-05-09,435.1564025878906
2006-05-10,435.1564025878906
2006-05-11,435.1564025878906
2006-05-12,435.1564025878906
2006-05-15,435.1564025878906
2006-05-16,435.1564025878906
2006-05-17,435.1564025878906
2006-05-18,435.1564025878906
2006-05-19,435.1564025878906
2006-05-22,435.1564025878906
2006-05-23,435.1564025878906
2006-05-24,435.1564025878906
2006-05-25,435.1564025878906
2006-05-26,435.1564025878906
2006-05-29,435.1564025878906
2006-05-30,435.1564025878906
2006-05-31,435.1564025878906
2006-06-01,435.1564025878906
2006-06-02,435.1564025878906
2006-06-05,435.1564025878906
2006-06-06,435.1564025878906
2006-06-07,435.1564025878906
2006-06-08,435.1564025878906
2006-06-09,435.1564025878906
2006-06-12,435.1564025878906
2006-06-13,435.1564025878906
2006-06-14,435.1564025878906
2006-06-15,435.1564025878906
2006-06-16,435.1564025878906
2006-06-19,435.1564025878906
2006-06-20,435.1564025878906
2006-06-21,435.1564025878906
2006-06-22,435.1564025878906
2006-06-23,435.1564025878906
2006-06-26,435.1564025878906
2006-06-27,435.1564025878906
2006-06-28,435.1564025878906
2006-06-29,435.1564025878906
2006-06-30,435.1564025878906
2006-07-03,435.1564025878906
2006-07-04,435.1564025878906
2006-07-05,435.1564025878906
2006-07-06,435.1564025878906
2006-07-07,435.1564025878906
2006-07-10,435.1564025878906
2006-07-11,435.1564025878906
2006-07-12,435.1564025878906
2006-07-13,435.1564025878906
2006-07-14,435.1564025878906
2006-07-17,435.1564025878906
2006-07-18,435.1564025878906
2006-07-19,435.1564025878906
2006-07-20,435.1564025878906
2006-07-21,435.1564025878906
2006-07-24,435.1564025878906
2006-07-25,435.1564025878906
2006-07-26,435.1564025878906
2006-07-27,435.1564025878906
2006-07-28,435.1564025878906
2006-07-31,435.1564025878906
2006-08-01,435.1564025878906
2006-08-02,435.1564025878906
2006-08-03,435.1564025878906
2006-08-04,435.1564025878906
2006-08-07,435.1564025878906
2006-08-08,435.1564025878906
2006-08-09,435.1564025878906
2006-08-10,435.1564025878906
2006-08-11,435.1564025878906
2006-08-14,435.1564025878906
2006-08-16,435.1564025878906
2006-08-17,435.1564025878906
2006-08-18,435.1564025878906
2006-08-21,435.1564025878906
2006-08-22,435.1564025878906
2006-08-23,435.1564025878906
2006-08-24,435.1564025878906
2006-08-25,435.1564025878906
2006-08-28,435.1564025878906
2006-08-29,435.1564025878906
2006-08-30,435.1564025878906
2006-08-31,435.1564025878906
2006-09-01,435.1564025878906
2006-09-04,435.1564025878906
2006-09-05,435.1564025878906
2006-09-06,435.1564025878906
2006-09-07,435.1564025878906
2006-09-08,435.1564025878906
2006-09-11,435.1564025878906
2006-09-12,435.1564025878906
2006-09-13,435.1564025878906
2006-09-14,435.1564025878906
2006-09-15,435.1564025878906
2006-09-18,435.1564025878906
2006-09-19,435.1564025878906
2006-09-20,435.1564025878906
2006-09-21,435.1564025878906
2006-09-22,435.1564025878906
2006-09-25,435.1564025878906
2006-09-26,435.1564025878906
2006-09-27,435.1564025878906
2006-09-28,435.1564025878906
2006-09-29,435.1564025878906
2006-10-03,435.1564025878906
2006-10-04,435.1564025878906
2006-10-05,435.1564025878906
2006-10-06,435.1564025878906
2006-10-09,435.1564025878906
2006-10-10,435.1564025878906
2006-10-11,435.1564025878906
2006-10-12,435.1564025878906
2006-10-13,435.1564025878906
2006-10-16,435.1564025878906
2006-10-17,435.1564025878906
2006-10-18,435.1564025878906
2006-10-19,435.1564025878906
2006-10-20,435.1564025878906
2006-10-23,435.1564025878906
2006-10-26,435.1564025878906
2006-10-27,435.1564025878906
2006-10-30,435.1564025878906
2006-10-31,435.1564025878906
2006-11-01,435.1564025878906
2006-11-02,435.1564025878906
2006-11-03,435.1564025878906
2006-11-06,435.1564025878906
2006-11-07,435.1564025878906
2006-11-08,435.1564025878906
2006-11-09,435.1564025878906
2006-11-10,435.1564025878906
2006-11-13,435.1564025878906
2006-11-14,435.1564025878906
2006-11-15,435.1564025878906
2006-11-16,435.1564025878906
2006-11-17,435.1564025878906
2006-11-20,435.1564025878906
2006-11-21,435.1564025878906
2006-11-22,435.1564025878906
2006-11-23,435.1564025878906
2006-11-24,435.1564025878906
2006-11-27,435.1564025878906
2006-11-28,435.1564025878906
2006-11-29,435.1564025878906
2006-11-30,435.1564025878906
2006-12-01,435.1564025878906
2006-12-04,435.1564025878906
2006-12-05,435.1564025878906
2006-12-06,435.1564025878906
2006-12-07,435.1564025878906
2006-12-08,435.1564025878906
2006-12-11,435.1564025878906
2006-12-12,435.1564025878906
2006-12-13,435.1564025878906
2006-12-14,435.1564025878906
2006-12-15,435.1564025878906
2006-12-18,435.1564025878906
2006-12-19,435.1564025878906
2006-12-20,435.1564025878906
2006-12-21,435.1564025878906
2006-12-22,435.1564025878906
2006-12-26,435.1564025878906
2006-12-27,435.1564025878906
2006-12-28,435.1564025878906
2006-12-29,435.1564025878906
2007-01-02,435.1564025878906
2007-01-03,435.1564025878906
2007-01-04,435.1564025878906
2007-01-05,435.1564025878906
2007-01-08,435.1564025878906
2007-01-09,435.1564025878906
2007-01-10,435.1564025878906
2007-01-11,435.1564025878906
2007-01-12,435.1564025878906
2007-01-15,435.1564025878906
2007-01-16,435.1564025878906
2007-01-17,435.1564025878906
2007-01-18,435.1564025878906
2007-01-19,435.1564025878906
2007-01-22,435.1564025878906
2007-01-23,435.1564025878906
2007-01-24,435.1564025878906
2007-01-25,435.1564025878906
2007-01-29,435.1564025878906
2007-01-31,435.1564025878906
2007-02-01,435.1564025878906
2007-02-02,435.1564025878906
2007-02-05,435.1564025878906
2007-02-06,435.1564025878906
2007-02-07,435.1564025878906
2007-02-08,435.1564025878906
2007-02-09,435.1564025878906
2007-02-12,435.1564025878906
2007-02-13,435.1564025878906
2007-02-14,435.1564025878906
2007-02-15,435.1564025878906
2007-02-19,435.1564025878906
2007-02-20,435.1564025878906
2007-02-21,435.1564025878906
2007-02-22,435.1564025878906
2007-02-23,435.1564025878906
2007-02-26,435.1564025878906
2007-02-27,435.1564025878906
2007-02-28,435.1564025878906
2007-03-01,435.1564025878906
2007-03-02,435.1564025878906
2007-03-05,435.1564025878906
2007-03-06,435.1564025878906
2007-03-07,435.1564025878906
2007-03-08,435.1564025878906
2007-03-09,435.1564025878906
2007-03-12,435.1564025878906
2007-03-13,435.1564025878906
2007-03-14,435.1564025878906
2007-03-15,435.1564025878906
2007-03-16,435.1564025878906
2007-03-19,435.1564025878906
2007-03-20,435.1564025878906
2007-03-21,435.1564025878906
2007-03-22,435.1564025878906
2007-03-23,435.1564025878906
2007-03-26,435.1564025878906
2007-03-28,435.1564025878906
2007-03-29,435.1564025878906
2007-03-30,435.1564025878906
2007-04-02,435.1564025878906
2007-04-03,435.1564025878906
2007-04-04,435.1564025878906
2007-04-05,435.1564025878906
2007-04-09,435.1564025878906
2007-04-10,435.1564025878906
2007-04-11,435.1564025878906
2007-04-12,435.1564025878906
2007-04-13,435.1564025878906
2007-04-16,435.1564025878906
2007-04-17,435.1564025878906
2007-04-18,435.1564025878906
2007-04-19,435.1564025878906
2007-04-20,435.1564025878906
2007-04-23,435.1564025878906
2007-04-24,435.1564025878906
2007-04-25,435.1564025878906
2007-04-26,435.1564025878906
2007-04-27,435.1564025878906
2007-04-30,435.1564025878906
2007-05-03,435.1564025878906
2007-05-04,435.1564025878906
2007-05-07,435.1564025878906
2007-05-08,435.1564025878906
2007-05-09,435.1564025878906
2007-05-10,435.1564025878906
2007-05-11,435.1564025878906
2007-05-14,435.1564025878906
2007-05-15,435.1564025878906
2007-05-16,435.1564025878906
2007-05-17,435.1564025878906
2007-05-18,435.1564025878906
2007-05-21,435.1564025878906
2007-05-22,435.1564025878906
2007-05-23,435.1564025878906
2007-05-24,435.1564025878906
2007-05-25,435.1564025878906
2007-05-28,435.1564025878906
2007-05-29,435.1564025878906
2007-05-30,435.1564025878906
2007-05-31,435.1564025878906
2007-06-01,435.1564025878906
2007-06-04,435.1564025878906
2007-06-05,435.1564025878906
2007-06-06,435.1564025878906
2007-06-07,435.1564025878906
2007-06-08,435.1564025878906
2007-06-11,435.1564025878906
2007-06-12,435.1564025878906
2007-06-13,435.1564025878906
2007-06-14,435.1564025878906
2007-06-15,435.1564025878906
2007-06-18,435.1564025878906
2007-06-19,435.1564025878906
2007-06-20,435.1564025878906
2007-06-21,435.1564025878906
2007-06-22,435.1564025878906
2007-06-25,435.1564025878906
2007-06-26,435.1564025878906
2007-06-27,435.1564025878906
2007-06-28,435.1564025878906
2007-06-29,435.1564025878906
2007-07-02,435.1564025878906
2007-07-03,435.1564025878906
2007-07-04,435.1564025878906
2007-07-05,435.1564025878906
2007-07-06,435.1564025878906
2007-07-09,435.1564025878906
2007-07-10,435.1564025878906
2007-07-11,435.1564025878906
2007-07-12,435.1564025878906
2007-07-13,435.1564025878906
2007-07-16,435.1564025878906
2007-07-17,435.1564025878906
2007-07-18,435.1564025878906
2007-07-19,435.1564025878906
2007-07-20,435.1564025878906
2007-07-23,435.1564025878906
2007-07-24,435.1564025878906
2007-07-25,435.1564025878906
2007-07-26,435.1564025878906
2007-07-27,435.1564025878906
2007-07-30,435.1564025878906
2007-07-31,435.1564025878906
2007-08-01,435.1564025878906
2007-08-02,435.1564025878906
2007-08-03,435.1564025878906
2007-08-06,435.1564025878906
2007-08-07,435.1564025878906
2007-08-08,435.1564025878906
2007-08-09,435.1564025878906
2007-08-10,435.1564025878906
2007-08-13,435.1564025878906
2007-08-14,435.1564025878906
2007-08-16,435.1564025878906
2007-08-17,435.1564025878906
2007-08-20,435.1564025878906
2007-08-21,435.1564025878906
2007-08-22,435.1564025878906
2007-08-23,435.1564025878906
2007-08-24,435.1564025878906
2007-08-27,435.1564025878906
2007-08-28,435.1564025878906
2007-08-29,435.1564025878906
2007-08-30,435.1564025878906
2007-08-31,435.1564025878906
2007-09-03,435.1564025878906
2007-09-04,435.1564025878906
2007-09-05,435.1564025878906
2007-09-06,435.1564025878906
2007-09-07,435.1564025878906
2007-09-10,435.1564025878906
2007-09-11,435.1564025878906
2007-09-12,435.1564025878906
2007-09-13,435.1564025878906
2007-09-14,435.1564025878906
2007-09-17,435.1564025878906
2007-09-18,435.1564025878906
2007-09-19,435.1564025878906
2007-09-20,435.1564025878906
2007-09-21,435.1564025878906
2007-09-24,435.1564025878906
2007-09-25,435.1564025878906
2007-09-26,435.1564025878906
2007-09-27,435.1564025878906
2007-09-28,435.1564025878906
2007-10-01,435.1564025878906
2007-10-03,435.1564025878906
2007-10-04,435.1564025878906
2007-10-05,435.1564025878906
2007-10-08,435.1564025878906
2007-10-09,435.1564025878906
2007-10-10,435.1564025878906
2007-10-11,435.1564025878906
2007-10-12,435.1564025878906
2007-10-15,435.1564025878906
2007-10-16,435.1564025878906
2007-10-17,435.1564025878906
2007-10-18,435.1564025878906
2007-10-19,435.1564025878906
2007-10-22,435.1564025878906
2007-10-23,435.1564025878906
2007-10-24,435.1564025878906
2007-10-25,435.1564025878906
2007-10-26,435.1564025878906
2007-10-29,435.1564025878906
2007-10-30,435.1564025878906
2007-10-31,435.1564025878906
2007-11-01,435.1564025878906
2007-11-02,435.1564025878906
2007-11-05,435.1564025878906
2007-11-06,435.1564025878906
2007-11-07,435.1564025878906
2007-11-08,435.1564025878906
2007-11-12,435.1564025878906
2007-11-13,435.1564025878906
2007-11-14,435.1564025878906
2007-11-15,435.1564025878906
2007-11-16,435.1564025878906
2007-11-19,435.1564025878906
2007-11-20,435.1564025878906
2007-11-21,435.1564025878906
2007-11-22,435.1564025878906
2007-11-23,435.1564025878906
2007-11-26,435.1564025878906
2007-11-27,435.1564025878906
2007-11-28,435.1564025878906
2007-11-29,435.1564025878906
2007-11-30,435.1564025878906
2007-12-03,435.1564025878906
2007-12-04,435.1564025878906
2007-12-05,435.1564025878906
2007-12-06,435.1564025878906
2007-12-07,435.1564025878906
2007-12-10,435.1564025878906
2007-12-11,435.1564025878906
2007-12-12,435.1564025878906
2007-12-13,435.1564025878906
2007-12-14,435.1564025878906
2007-12-17,435.1564025878906
2007-12-18,435.1564025878906
2007-12-19,435.1564025878906
2007-12-20,435.1564025878906
2007-12-24,435.1564025878906
2007-12-26,435.1564025878906
2007-12-27,435.1564025878906
2007-12-28,435.1564025878906
2007-12-31,435.1564025878906
2008-01-01,435.1564025878906
2008-01-02,435.1564025878906
2008-01-03,435.1564025878906
2008-01-04,435.1564025878906
2008-01-07,435.1564025878906
2008-01-08,435.1564025878906
2008-01-09,435.1564025878906
2008-01-10,435.1564025878906
2008-01-11,435.1564025878906
2008-01-14,435.1564025878906
2008-01-15,435.1564025878906
2008-01-16,435.1564025878906
2008-01-17,435.1564025878906
2008-01-18,435.1564025878906
2008-01-21,435.1564025878906
2008-01-22,435.1564025878906
2008-01-23,435.1564025878906
2008-01-24,435.1564025878906
2008-01-25,435.1564025878906
2008-01-28,435.1564025878906
2008-01-29,435.1564025878906
2008-01-30,435.1564025878906
2008-01-31,435.1564025878906
2008-02-01,435.1564025878906
2008-02-04,435.1564025878906
2008-02-05,435.1564025878906
2008-02-06,435.1564025878906
2008-02-07,435.1564025878906
2008-02-08,435.1564025878906
2008-02-11,435.1564025878906
2008-02-12,435.1564025878906
2008-02-13,435.1564025878906
2008-02-14,435.1564025878906
2008-02-15,435.1564025878906
2008-02-18,435.1564025878906
2008-02-19,435.1564025878906
2008-02-20,435.1564025878906
2008-02-21,435.1564025878906
2008-02-22,435.1564025878906
2008-02-25,435.1564025878906
2008-02-26,435.1564025878906
2008-02-27,435.1564025878906
2008-02-28,435.1564025878906
2008-02-29,435.1564025878906
2008-03-03,435.1564025878906
2008-03-04,435.1564025878906
2008-03-05,435.1564025878906
2008-03-07,435.1564025878906
2008-03-10,435.1564025878906
2008-03-11,435.1564025878906
2008-03-12,435.1564025878906
2008-03-13,435.1564025878906
2008-03-14,435.1564025878906
2008-03-17,435.1564025878906
2008-03-18,435.1564025878906
2008-03-19,435.1564025878906
2008-03-24,435.1564025878906
2008-03-25,435.1564025878906
2008-03-26,435.1564025878906
2008-03-27,435.1564025878906
2008-03-28,435.1564025878906
2008-03-31,435.1564025878906
2008-04-01,435.1564025878906
2008-04-02,435.1564025878906
2008-04-03,435.1564025878906
2008-04-04,435.1564025878906
2008-04-07,435.1564025878906
2008-04-08,435.1564025878906
2008-04-09,435.1564025878906
2008-04-10,435.1564025878906
2008-04-11,435.1564025878906
2008-04-15,435.1564025878906
2008-04-16,435.1564025878906
2008-04-17,435.1564025878906
2008-04-21,435.1564025878906
2008-04-22,435.1564025878906
2008-04-23,435.1564025878906
2008-04-24,435.1564025878906
2008-04-25,435.1564025878906
2008-04-28,435.1564025878906
2008-04-29,435.1564025878906
2008-04-30,435.1564025878906
2008-05-02,435.1564025878906
2008-05-05,435.1564025878906
2008-05-06,435.1564025878906
2008-05-07,435.1564025878906
2008-05-08,435.1564025878906
2008-05-09,435.1564025878906
2008-05-12,435.1564025878906
2008-05-13,435.1564025878906
2008-05-14,435.1564025878906
2008-05-15,435.1564025878906
2008-05-16,435.1564025878906
2008-05-20,435.1564025878906
2008-05-21,435.1564025878906
2008-05-22,435.1564025878906
2008-05-23,435.1564025878906
2008-05-26,435.1564025878906
2008-05-27,435.1564025878906
2008-05-28,435.1564025878906
2008-05-29,435.1564025878906
2008-05-30,435.1564025878906
2008-06-02,435.1564025878906
2008-06-03,435.1564025878906
2008-06-04,435.1564025878906
2008-06-05,435.1564025878906
2008-06-06,435.1564025878906
2008-06-09,435.1564025878906
2008-06-10,435.1564025878906
2008-06-11,435.1564025878906
2008-06-12,435.1564025878906
2008-06-13,435.1564025878906
2008-06-16,435.1564025878906
2008-06-17,435.1564025878906
2008-06-18,435.1564025878906
2008-06-19,435.1564025878906
2008-06-20,435.1564025878906
2008-06-23,435.1564025878906
2008-06-24,435.1564025878906
2008-06-25,435.1564025878906
2008-06-26,435.1564025878906
2008-06-27,435.1564025878906
2008-06-30,435.1564025878906
2008-07-01,435.1564025878906
2008-07-02,435.1564025878906
2008-07-03,435.1564025878906
2008-07-04,435.1564025878906
2008-07-07,435.1564025878906
2008-07-08,435.1564025878906
2008-07-09,435.1564025878906
2008-07-10,435.1564025878906
2008-07-11,435.1564025878906
2008-07-14,435.1564025878906
2008-07-15,435.1564025878906
2008-07-16,435.1564025878906
2008-07-17,435.1564025878906
2008-07-18,435.1564025878906
2008-07-21,435.1564025878906
2008-07-22,435.1564025878906
2008-07-23,435.1564025878906
2008-07-24,435.1564025878906
2008-07-25,435.1564025878906
2008-07-28,435.1564025878906
2008-07-29,435.1564025878906
2008-07-30,435.1564025878906
2008-07-31,435.1564025878906
2008-08-01,435.1564025878906
2008-08-04,435.1564025878906
2008-08-05,435.1564025878906
2008-08-06,435.1564025878906
2008-08-07,435.1564025878906
2008-08-08,435.1564025878906
2008-08-11,435.1564025878906
2008-08-12,435.1564025878906
2008-08-13,435.1564025878906
2008-08-14,435.1564025878906
2008-08-18,435.1564025878906
2008-08-19,435.1564025878906
2008-08-20,435.1564025878906
2008-08-21,435.1564025878906
2008-08-22,435.1564025878906
2008-08-25,435.1564025878906
2008-08-26,435.1564025878906
2008-08-27,435.1564025878906
2008-08-28,435.1564025878906
2008-08-29,435.1564025878906
2008-09-01,435.1564025878906
2008-09-02,435.1564025878906
2008-09-04,435.1564025878906
2008-09-05,435.1564025878906
2008-09-08,435.1564025878906
2008-09-09,435.1564025878906
2008-09-10,435.1564025878906
2008-09-11,435.1564025878906
2008-09-12,435.1564025878906
2008-09-15,435.1564025878906
2008-09-16,435.1564025878906
2008-09-17,435.1564025878906
2008-09-18,435.1564025878906
2008-09-19,435.1564025878906
2008-09-22,435.1564025878906
2008-09-23,435.1564025878906
2008-09-24,435.1564025878906
2008-09-25,435.1564025878906
2008-09-26,435.1564025878906
2008-09-29,435.1564025878906
2008-09-30,435.1564025878906
2008-10-01,435.1564025878906
2008-10-03,435.1564025878906
2008-10-06,435.1564025878906
2008-10-07,435.1564025878906
2008-10-08,435.1564025878906
2008-10-10,435.1564025878906
2008-10-13,435.1564025878906
2008-10-14,435.1564025878906
2008-10-15,435.1564025878906
2008-10-16,435.1564025878906
2008-10-17,435.1564025878906
2008-10-20,435.1564025878906
2008-10-21,435.1564025878906
2008-10-22,435.1564025878906
2008-10-23,435.1564025878906
2008-10-24,435.1564025878906
2008-10-27,435.1564025878906
2008-10-29,435.1564025878906
2008-10-31,435.1564025878906
2008-11-03,435.1564025878906
2008-11-04,435.1564025878906
2008-11-05,435.1564025878906
2008-11-06,435.1564025878906
2008-11-07,435.1564025878906
2008-11-10,435.1564025878906
2008-11-11,435.1564025878906
2008-11-12,435.1564025878906
2008-11-14,435.4661865234375
2008-11-17,435.4661865234375
2008-11-18,435.4661865234375
2008-11-19,435.4661865234375
2008-11-20,435.4661865234375
2008-11-21,435.4661865234375
2008-11-24,435.4661865234375
2008-11-25,435.4661865234375
2008-11-26,435.4661865234375
2008-11-27,435.4661865234375
2008-11-28,435.4661865234375
2008-12-01,435.4661865234375
2008-12-02,435.4661865234375
2008-12-03,435.4661865234375
2008-12-04,435.4661865234375
2008-12-05,435.4661865234375
2008-12-08,435.4661865234375
2008-12-10,435.4661865234375
2008-12-11,435.4661865234375
2008-12-12,435.4661865234375
2008-12-15,435.4661865234375
2008-12-16,435.4661865234375
2008-12-17,435.4661865234375
2008-12-18,435.4661865234375
2008-12-19,435.4661865234375
2008-12-22,435.4661865234375
2008-12-23,435.4661865234375
2008-12-24,435.4661865234375
2008-12-26,435.4661865234375
2008-12-29,435.4661865234375
2008-12-30,435.4661865234375
2008-12-31,435.4661865234375
2009-01-02,435.4661865234375
2009-01-05,435.4661865234375
2009-01-06,435.4661865234375
2009-01-07,435.4661865234375
2009-01-09,435.4661865234375
2009-01-12,435.4661865234375
2009-01-13,435.4661865234375
2009-01-14,435.4661865234375
2009-01-15,435.4661865234375
2009-01-16,435.4661865234375
2009-01-19,435.4661865234375
2009-01-20,435.4661865234375
2009-01-21,435.4661865234375
2009-01-22,435.4661865234375
2009-01-23,435.4661865234375
2009-01-27,435.4661865234375
2009-01-28,435.4661865234375
2009-01-29,435.4661865234375
2009-01-30,435.4661865234375
2009-02-02,435.4661865234375
2009-02-03,435.4661865234375
2009-02-04,435.4661865234375
2009-02-05,435.4661865234375
2009-02-06,435.4661865234375
2009-02-09,435.4661865234375
2009-02-10,435.4661865234375
2009-02-11,435.4661865234375
2009-02-12,435.4661865234375
2009-02-13,435.4661865234375
2009-02-16,435.4661865234375
2009-02-17,435.4661865234375
2009-02-18,435.4661865234375
2009-02-19,435.4661865234375
2009-02-20,435.4661865234375
2009-02-24,435.4661865234375
2009-02-25,435.4661865234375
2009-02-26,435.4661865234375
2009-02-27,435.4661865234375
2009-03-02,435.4661865234375
2009-03-03,435.4661865234375
2009-03-04,435.4661865234375
2009-03-05,435.4661865234375
2009-03-06,435.4661865234375
2009-03-09,435.4661865234375
2009-03-12,435.4661865234375
2009-03-13,435.4661865234375
2009-03-16,435.4661865234375
2009-03-17,435.4661865234375
2009-03-18,435.4661865234375
2009-03-19,435.4661865234375
2009-03-20,435.4661865234375
2009-03-23,435.4661865234375
2009-03-24,435.4661865234375
2009-03-25,435.4661865234375
2009-03-26,435.4661865234375
2009-03-27,435.4661865234375
2009-03-30,435.4661865234375
2009-03-31,435.4661865234375
2009-04-01,435.4661865234375
2009-04-02,435.4661865234375
2009-04-06,435.4661865234375
2009-04-08,435.4661865234375
2009-04-09,435.4661865234375
2009-04-13,435.4661865234375
2009-04-15,435.4661865234375
2009-04-16,435.4661865234375
2009-04-17,435.4661865234375
2009-04-20,435.4661865234375
2009-04-21,435.4661865234375
2009-04-22,435.4661865234375
2009-04-23,435.4661865234375
2009-04-24,435.4661865234375
2009-04-27,435.4661865234375
2009-04-28,435.4661865234375
2009-04-29,435.4661865234375
2009-04-30,435.4661865234375
2009-05-04,435.4661865234375
2009-05-05,435.4661865234375
2009-05-06,435.4661865234375
2009-05-07,435.4661865234375
2009-05-08,435.4661865234375
2009-05-11,435.4661865234375
2009-05-12,435.4661865234375
2009-05-13,435.4661865234375
2009-05-14,435.4661865234375
2009-05-15,435.4661865234375
2009-05-18,435.4661865234375
2009-05-19,435.4661865234375
2009-05-20,435.4661865234375
2009-05-21,435.4661865234375
2009-05-22,435.4661865234375
2009-05-25,435.4661865234375
2009-05-26,435.4661865234375
2009-05-27,435.4661865234375
2009-05-28,435.4661865234375
2009-05-29,435.4661865234375
2009-06-01,435.4661865234375
2009-06-02,435.4661865234375
2009-06-03,435.4661865234375
2009-06-04,435.4661865234375
2009-06-05,435.4661865234375
2009-06-08,435.4661865234375
2009-06-09,435.4661865234375
2009-06-10,435.4661865234375
2009-06-11,435.4661865234375
2009-06-12,435.4661865234375
2009-06-15,435.4661865234375
2009-06-16,435.4661865234375
2009-06-17,435.4661865234375
2009-06-18,435.4661865234375
2009-06-19,435.4661865234375
2009-06-22,435.4661865234375
2009-06-23,435.4661865234375
2009-06-24,435.4661865234375
2009-06-25,435.4661865234375
2009-06-26,435.4661865234375
2009-06-29,435.4661865234375
2009-06-30,435.4661865234375
2009-07-01,435.4661865234375
2009-07-02,435.4661865234375
2009-07-03,435.4661865234375
2009-07-06,435.4661865234375
2009-07-07,435.4661865234375
2009-07-08,435.4661865234375
2009-07-09,435.4661865234375
2009-07-10,435.4661865234375
2009-07-13,435.4661865234375
2009-07-14,435.4661865234375
2009-07-15,435.4661865234375
2009-07-16,435.4661865234375
2009-07-17,435.4661865234375
2009-07-20,435.4661865234375
2009-07-21,435.4661865234375
2009-07-22,435.4661865234375
2009-07-23,435.4661865234375
2009-07-24,435.4661865234375
2009-07-27,435.4661865234375
2009-07-28,435.4661865234375
2009-07-29,435.4661865234375
2009-07-30,435.4661865234375
2009-07-31,435.4661865234375
2009-08-03,435.4661865234375
2009-08-04,435.4661865234375
2009-08-05,435.4661865234375
2009-08-06,435.4661865234375
2009-08-07,435.4661865234375
2009-08-10,435.4661865234375
2009-08-11,435.4661865234375
2009-08-12,435.4661865234375
2009-08-13,435.4661865234375
2009-08-14,435.4661865234375
2009-08-17,435.4661865234375
2009-08-18,435.4661865234375
2009-08-19,435.4661865234375
2009-08-20,435.4661865234375
2009-08-21,435.4661865234375
2009-08-24,435.4661865234375
2009-08-25,435.4661865234375
2009-08-26,435.4661865234375
2009-08-27,435.4661865234375
2009-08-28,435.4661865234375
2009-08-31,435.4661865234375
2009-09-01,435.4661865234375
2009-09-02,435.4661865234375
2009-09-03,435.4661865234375
2009-09-04,435.4661865234375
2009-09-07,435.4661865234375
2009-09-08,435.4661865234375
2009-09-09,435.4661865234375
2009-09-10,435.4661865234375
2009-09-11,435.4661865234375
2009-09-14,435.4661865234375
2009-09-15,435.4661865234375
2009-09-16,435.4661865234375
2009-09-17,435.4661865234375
2009-09-18,435.4661865234375
2009-09-22,435.4661865234375
2009-09-23,435.4661865234375
2009-09-24,435.4661865234375
2009-09-25,435.4661865234375
2009-09-29,435.4661865234375
2009-09-30,435.4661865234375
2009-10-01,435.4661865234375
2009-10-05,435.4661865234375
2009-10-06,435.4661865234375
2009-10-07,435.4661865234375
2009-10-08,435.4661865234375
2009-10-09,435.4661865234375
2009-10-12,435.4661865234375
2009-10-13,435.4661865234375
2009-10-14,435.4661865234375
2009-10-15,435.4661865234375
2009-10-16,435.4661865234375
2009-10-20,435.4661865234375
2009-10-21,435.4661865234375
2009-10-22,435.4661865234375
2009-10-23,435.4661865234375
2009-10-26,435.4661865234375
2009-10-27,435.4661865234375
2009-10-28,435.4661865234375
2009-10-29,435.4661865234375
2009-10-30,435.4661865234375
2009-11-03,435.4661865234375
2009-11-04,435.4661865234375
2009-11-05,435.4661865234375
2009-11-06,435.4661865234375
2009-11-09,435.4661865234375
2009-11-10,435.4661865234375
2009-11-11,435.4661865234375
2009-11-12,435.4661865234375
2009-11-13,435.4661865234375
2009-11-16,435.4661865234375
2009-11-17,435.4661865234375
2009-11-18,435.4661865234375
2009-11-19,435.4661865234375
2009-11-20,435.4661865234375
2009-11-23,435.4661865234375
2009-11-24,435.4661865234375
2009-11-25,435.4661865234375
2009-11-26,435.4661865234375
2009-11-27,435.4661865234375
2009-11-30,435.4661865234375
2009-12-01,435.4661865234375
2009-12-02,435.4661865234375
2009-12-03,435.4661865234375
2009-12-04,435.4661865234375
2009-12-07,435.4661865234375
2009-12-08,435.4661865234375
2009-12-09,435.4661865234375
2009-12-10,435.4661865234375
2009-12-11,435.4661865234375
2009-12-14,435.4661865234375
2009-12-15,435.4661865234375
2009-12-16,435.4661865234375
2009-12-17,435.4661865234375
2009-12-18,435.4661865234375
2009-12-21,435.4661865234375
2009-12-22,435.4661865234375
2009-12-23,435.4661865234375
2009-12-24,435.4661865234375
2009-12-29,435.4661865234375
2009-12-30,435.4661865234375
2009-12-31,435.4661865234375
2010-01-04,435.4661865234375
2010-01-05,435.4661865234375
2010-01-06,435.4661865234375
2010-01-07,435.4661865234375
2010-01-08,103.0581512451172
2010-01-11,103.23576354980467
2010-01-12,103.39690399169922
2010-01-13,102.83917236328124
2010-01-14,106.09661865234376
2010-01-15,103.8368911743164
2010-01-18,104.77259063720705
2010-01-19,105.59675598144533
2010-01-20,105.03489685058594
2010-01-21,104.3615493774414
2010-01-22,104.47721099853516
2010-01-25,104.1983642578125
2010-01-27,106.04289245605467
2010-01-28,106.8670883178711
2010-01-29,104.64244079589844
2010-02-01,104.609375
2010-02-02,105.76200103759766
2010-02-03,105.94790649414062
2010-02-04,106.10283660888672
2010-02-05,105.30755615234376
2010-02-08,109.2900161743164
2010-02-09,115.36693572998048
2010-02-10,113.61530303955078
2010-02-11,113.08035278320312
2010-02-15,112.33673858642578
2010-02-16,111.61793518066406
2010-02-17,111.07675170898438
2010-02-18,109.53787994384766
2010-02-19,109.0689926147461
2010-02-22,106.7865219116211
2010-02-23,105.43563079833984
2010-02-24,106.36512756347656
2010-02-25,105.7413330078125
2010-02-26,108.52164459228516
2010-03-02,108.46170043945312
2010-03-03,108.61455535888672
2010-03-04,108.81492614746094
2010-03-05,111.58898162841795
2010-03-08,112.6135711669922
2010-03-09,113.40875244140624
2010-03-10,113.19189453125
2010-03-11,112.89445495605467
2010-03-12,112.17977142333984
2010-03-15,113.39224243164062
2010-03-16,110.39924621582033
2010-03-17,110.6553726196289
2010-03-18,110.22158813476562
2010-03-19,109.32512664794922
2010-03-22,108.8438491821289
2010-03-23,109.6349868774414
2010-03-25,109.40773010253906
2010-03-26,111.0209732055664
2010-03-29,112.07437896728516
2010-03-30,110.3289794921875
2010-03-31,110.32693481445312
2010-04-01,111.93396759033205
2010-04-05,112.3305892944336
2010-04-06,114.02640533447266
2010-04-07,113.65455627441406
2010-04-08,112.3078384399414
2010-04-09,111.58071899414062
2010-04-12,111.32875061035156
2010-04-13,112.142578125
2010-04-15,113.51412200927734
2010-04-16,113.48933410644533
2010-04-19,114.05943298339844
2010-04-20,114.5676040649414
2010-04-21,116.20968627929688
2010-04-22,118.8701400756836
2010-04-23,113.30105590820312
2010-04-26,114.6954574584961
2010-04-27,116.2791519165039
2010-04-28,116.5247039794922
2010-04-29,116.11268615722656
2010-04-30,115.00759887695312
2010-05-03,114.48936462402344
2010-05-04,114.51853942871094
2010-05-05,114.64131927490234
2010-05-06,114.6371841430664
2010-05-07,113.6944351196289
2010-05-10,116.316650390625
2010-05-11,114.3624496459961
2010-05-12,116.14600372314452
2010-05-13,116.14600372314452
2010-05-14,116.81820678710938
2010-05-17,118.74737548828124
2010-05-18,122.7286148071289
2010-05-19,122.60581970214844
2010-05-20,120.4497299194336
2010-05-21,116.04817962646484
2010-05-24,120.83893585205078
2010-05-25,115.5903091430664
2010-05-26,116.9576416015625
2010-05-27,118.05648803710938
2010-05-28,119.06793212890624
2010-05-31,119.84001159667967
2010-06-01,118.84937286376952
2010-06-02,118.10847473144533
2010-06-03,116.83899688720705
2010-06-04,116.97216033935548
2010-06-07,116.41028594970705
2010-06-08,117.427978515625
2010-06-09,119.11786651611328
2010-06-10,120.3769302368164
2010-06-11,120.6100082397461
2010-06-14,120.8971939086914
2010-06-15,121.05540466308594
2010-06-16,121.8982391357422
2010-06-17,121.3821258544922
2010-06-18,122.86598205566406
2010-06-21,124.7348403930664
2010-06-22,121.19898223876952
2010-06-23,120.67247009277344
2010-06-24,122.34564208984376
2010-06-25,121.02000427246094
2010-06-28,121.01374053955078
2010-06-29,120.61627197265624
2010-06-30,119.85452270507812
2010-07-01,122.49137115478516
2010-07-02,123.9731674194336
2010-07-05,128.39767456054688
2010-07-06,128.65777587890625
2010-07-07,126.28111267089844
2010-07-08,126.85343933105467
2010-07-09,124.20207977294922
2010-07-12,124.6557159423828
2010-07-13,124.24574279785156
2010-07-14,124.43306732177734
2010-07-15,123.92113494873048
2010-07-16,125.8211898803711
2010-07-19,124.541259765625
2010-07-20,124.85761260986328
2010-07-21,122.8326416015625
2010-07-22,122.78273010253906
2010-07-23,122.90135192871094
2010-07-26,125.18438720703124
2010-07-27,124.5620574951172
2010-07-28,123.24891662597656
2010-07-29,123.43202209472656
2010-07-30,125.7275161743164
2010-08-02,125.81698608398438
2010-08-03,123.32586669921876
2010-08-04,121.0011978149414
2010-08-05,116.4727554321289
2010-08-06,115.29066467285156
2010-08-09,116.16053771972656
2010-08-10,117.32184600830078
2010-08-11,117.71306610107422
2010-08-12,117.82542419433594
2010-08-13,116.56013488769533
2010-08-16,115.0429458618164
2010-08-17,113.51126861572266
2010-08-18,114.60177612304688
2010-08-19,117.2302474975586
2010-08-20,119.87124633789062
2010-08-23,121.13443756103516
2010-08-24,122.6640853881836
2010-08-25,123.49240112304688
2010-08-26,128.09788513183594
2010-08-27,127.43614196777344
2010-08-30,129.3133544921875
2010-08-31,128.14788818359375
2010-09-01,127.74414825439452
2010-09-02,130.2602081298828
2010-09-03,132.28726196289062
2010-09-06,133.5089111328125
2010-09-07,133.3715362548828
2010-09-08,133.56919860839844
2010-09-09,131.9459686279297
2010-09-13,132.47250366210938
2010-09-14,133.3548583984375
2010-09-15,131.39862060546875
2010-09-16,132.80755615234375
2010-09-17,135.8272247314453
2010-09-20,136.08949279785156
2010-09-21,137.71070861816406
2010-09-22,137.14669799804688
2010-09-23,135.59210205078125
2010-09-24,137.9063262939453
2010-09-27,138.9364776611328
2010-09-28,139.3964385986328
2010-09-29,139.05299377441406
2010-09-30,140.7740936279297
2010-10-01,139.87298583984375
2010-10-04,137.8501434326172
2010-10-05,136.0832061767578
2010-10-06,133.0926971435547
2010-10-07,133.6024932861328
2010-10-08,135.32984924316406
2010-10-11,134.0104217529297
2010-10-12,137.31529235839844
2010-10-13,137.5546417236328
2010-10-14,135.75027465820312
2010-10-15,133.1092987060547
2010-10-18,133.52760314941406
2010-10-19,137.96043395996094
2010-10-20,137.8584442138672
2010-10-21,141.735595703125
2010-10-22,141.67733764648438
2010-10-25,143.29437255859375
2010-10-26,143.569091796875
2010-10-27,141.4609375
2010-10-28,144.14553833007812
2010-10-29,145.03211975097656
2010-11-01,147.77708435058594
2010-11-02,147.86868286132812
2010-11-03,151.4064483642578
2010-11-04,153.05474853515625
2010-11-08,156.52537536621094
2010-11-09,167.8642578125
2010-11-10,161.83518981933594
2010-11-11,159.3858184814453
2010-11-12,160.64195251464844
2010-11-15,163.638671875
2010-11-16,163.428955078125
2010-11-18,157.7962646484375
2010-11-19,152.03138732910156
2010-11-22,155.51463317871094
2010-11-23,154.8037109375
2010-11-24,159.07542419433594
2010-11-25,157.7480010986328
2010-11-26,149.3743896484375
2010-11-29,149.5736083984375
2010-11-30,152.05235290527344
2010-12-01,149.6491241455078
2010-12-02,152.92681884765625
2010-12-03,153.97117614746094
2010-12-06,157.09996032714844
2010-12-07,156.8462677001953
2010-12-08,156.92385864257812
2010-12-09,155.9508056640625
2010-12-10,158.78184509277344
2010-12-13,162.97390747070312
2010-12-14,158.534423828125
2010-12-15,151.61192321777344
2010-12-16,149.58828735351562
2010-12-20,149.64073181152344
2010-12-21,151.43582153320312
2010-12-22,153.8684539794922
2010-12-23,154.33612060546875
2010-12-24,154.19137573242188
2010-12-27,154.61285400390625
2010-12-28,153.67129516601562
2010-12-29,153.6608123779297
2010-12-30,156.92591857910156
2010-12-31,159.9541473388672
2011-01-03,160.8810577392578
2011-01-04,163.21923828125
2011-01-05,163.61141967773438
2011-01-06,160.79507446289062
2011-01-07,158.9559326171875
2011-01-10,158.9370574951172
2011-01-11,159.83880615234375
2011-01-12,159.81358337402344
2011-01-13,157.8004150390625
2011-01-14,156.2528076171875
2011-01-17,154.5395050048828
2011-01-18,153.0484619140625
2011-01-19,153.11351013183594
2011-01-20,154.50384521484375
2011-01-21,151.42324829101562
2011-01-24,153.70069885253906
2011-01-25,152.33753967285156
2011-01-27,148.8690185546875
2011-01-28,146.48464965820312
2011-01-31,139.5622100830078
2011-02-01,135.9258575439453
2011-02-02,136.60113525390625
2011-02-03,136.36000061035156
2011-02-04,136.19642639160156
2011-02-07,139.49717712402344
2011-02-08,137.0142822265625
2011-02-09,134.2482147216797
2011-02-10,134.86891174316406
2011-02-11,134.96961975097656
2011-02-14,141.80191040039062
2011-02-15,142.2716064453125
2011-02-16,142.2254638671875
2011-02-17,144.3665771484375
2011-02-18,144.7210235595703
2011-02-21,145.2410888671875
2011-02-22,144.9033966064453
2011-02-23,145.94570922851562
2011-02-24,144.6140594482422
2011-02-25,148.48524475097656
2011-02-28,148.83753967285156
2011-03-01,149.8441619873047
2011-03-03,150.09371948242188
2011-03-04,153.93760681152344
2011-03-07,157.22787475585938
2011-03-08,159.5745391845703
2011-03-09,166.28306579589844
2011-03-10,165.17587280273438
2011-03-11,162.32167053222656
2011-03-14,161.885498046875
2011-03-15,158.68751525878906
2011-03-16,154.96099853515625
2011-03-17,149.49603271484375
2011-03-18,148.14764404296875
2011-03-21,150.75634765625
2011-03-22,150.51937866210938
2011-03-23,152.23899841308594
2011-03-24,153.31480407714844
2011-03-25,154.72608947753906
2011-03-28,155.07215881347656
2011-03-29,154.43043518066406
2011-03-30,153.86630249023438
2011-03-31,155.03858947753906
2011-04-01,154.3276824951172
2011-04-04,154.43043518066406
2011-04-05,154.55418395996094
2011-04-06,155.26925659179688
2011-04-07,155.5670166015625
2011-04-08,155.50204467773438
2011-04-11,155.6257781982422
2011-04-13,156.76866149902344
2011-04-15,156.08502197265625
2011-04-18,156.21290588378906
2011-04-19,156.42474365234375
2011-04-20,157.26356506347656
2011-04-21,161.46078491210938
2011-04-25,165.2003936767578
2011-04-26,164.2870635986328
2011-04-27,166.42794799804688
2011-04-28,165.590576171875
2011-04-29,168.4337158203125
2011-05-02,166.63882446289062
2011-05-03,169.22459411621094
2011-05-04,170.93728637695312
2011-05-05,174.41322326660156
2011-05-06,169.11497497558594
2011-05-09,174.12217712402344
2011-05-10,173.5294647216797
2011-05-11,170.45849609375
2011-05-12,169.3575439453125
2011-05-13,173.91969299316406
2011-05-16,176.16806030273438
2011-05-17,173.65391540527344
2011-05-18,172.47276306152344
2011-05-19,171.99610900878906
2011-05-20,171.1229248046875
2011-05-23,168.89981079101562
2011-05-24,169.0918426513672
2011-05-25,164.27444458007812
2011-05-26,165.9048309326172
2011-05-27,168.4779815673828
2011-05-30,169.60218811035156
2011-05-31,171.23468017578125
2011-06-01,173.13925170898438
2011-06-02,173.17088317871094
2011-06-03,172.6668243408203
2011-06-06,174.69161987304688
2011-06-07,175.6977081298828
2011-06-08,176.37258911132812
2011-06-09,176.15115356445312
2011-06-10,176.31143188476562
2011-06-13,174.94891357421875
2011-06-14,175.20626831054688
2011-06-15,171.89064025878906
2011-06-16,166.67677307128906
2011-06-17,166.09674072265625
2011-06-20,164.25547790527344
2011-06-21,164.00445556640625
2011-06-22,165.11598205566406
2011-06-23,165.89219665527344
2011-06-24,168.6973876953125
2011-06-27,166.57131958007812
2011-06-28,165.91534423828125
2011-06-29,168.66990661621094
2011-06-30,173.2932891845703
2011-07-01,181.61599731445312
2011-07-04,187.1166839599609
2011-07-05,180.56564331054688
2011-07-06,180.4833984375
2011-07-07,181.1920318603516
2011-07-08,179.8042755126953
2011-07-11,181.7741851806641
2011-07-12,182.00621032714844
2011-07-13,182.4364624023437
2011-07-14,182.6811370849609
2011-07-15,185.50112915039065
2011-07-18,187.47108459472656
2011-07-19,185.62762451171875
2011-07-20,180.6099090576172
2011-07-21,179.30641174316406
2011-07-22,181.786849975586
2011-07-25,179.1039581298828
2011-07-26,179.48153686523438
2011-07-27,185.76055908203125
2011-07-28,183.88967895507807
2011-07-29,183.92337036132807
2011-08-01,178.829833984375
2011-08-02,180.3484039306641
2011-08-03,178.99005126953125
2011-08-04,181.40719604492188
2011-08-05,178.7875518798828
2011-08-08,174.3773193359375
2011-08-09,177.96083068847656
2011-08-10,175.7039794921875
2011-08-11,176.04994201660156
2011-08-12,174.10316467285156
2011-08-16,176.95265197753906
2011-08-17,174.8813934326172
2011-08-18,177.08340454101562
2011-08-19,176.5814208984375
2011-08-22,179.43931579589844
2011-08-23,180.41163635253903
2011-08-24,183.7736968994141
2011-08-25,184.9273834228516
2011-08-26,184.76502990722656
2011-08-29,185.7246551513672
2011-08-30,185.1467437744141
2011-09-02,189.495849609375
2011-09-05,187.9899139404297
2011-09-06,185.9798889160156
2011-09-07,187.888671875
2011-09-08,186.84043884277344
2011-09-09,185.0645294189453
2011-09-12,180.20079040527344
2011-09-13,180.8208770751953
2011-09-14,180.27882385253903
2011-09-15,179.62705993652344
2011-09-16,176.32412719726562
2011-09-19,178.2982940673828
2011-09-20,179.1525115966797
2011-09-21,180.69004821777344
2011-09-22,179.47943115234375
2011-09-23,181.86065673828125
2011-09-26,177.59170532226562
2011-09-27,177.7899932861328
2011-09-28,179.56166076660156
2011-09-29,179.64183044433594
2011-09-30,179.3675994873047
2011-10-03,176.724853515625
2011-10-04,176.91259765625
2011-10-05,177.1234893798828
2011-10-07,177.77098083496094
2011-10-10,177.7731475830078
2011-10-11,175.16197204589844
2011-10-12,177.8954620361328
2011-10-13,177.4292755126953
2011-10-14,176.39370727539062
2011-10-17,175.2589569091797
2011-10-18,174.49124145507812
2011-10-19,173.9702606201172
2011-10-20,180.0235595703125
2011-10-21,181.66455078125
2011-10-24,180.5255279541016
2011-10-25,180.4517974853516
2011-10-28,179.54483032226562
2011-10-31,179.0196075439453
2011-11-01,183.91082763671875
2011-11-02,185.7816162109375
2011-11-03,186.0220642089844
2011-11-04,189.71731567382807
2011-11-08,184.123764038086
2011-11-09,186.67800903320312
2011-11-11,189.34185791015625
2011-11-14,185.14044189453125
2011-11-15,186.5050201416016
2011-11-16,186.44813537597656
2011-11-17,188.71334838867188
2011-11-18,186.78770446777344
2011-11-21,184.2841186523437
2011-11-22,180.3968811035156
2011-11-23,176.94845581054688
2011-11-24,176.55616760253906
2011-11-25,177.0306854248047
2011-11-28,178.80238342285156
2011-11-29,176.85772705078125
2011-11-30,178.12115478515625
2011-12-01,177.44618225097656
2011-12-02,178.12744140625
2011-12-05,177.74996948242188
2011-12-07,177.3892059326172
2011-12-08,179.04283142089844
2011-12-09,176.771240234375
2011-12-12,178.86439514160156
2011-12-13,177.01329040527344
2011-12-14,177.00262451171875
2011-12-15,179.51821899414062
2011-12-16,178.6095733642578
2011-12-19,176.62054443359375
2011-12-20,174.6781463623047
2011-12-21,169.1417694091797
2011-12-22,174.64202880859375
2011-12-23,173.54026794433594
2011-12-26,175.7352752685547
2011-12-27,179.12759399414062
2011-12-28,178.64361572265625
2011-12-29,174.6059112548828
2011-12-30,173.85443115234375
2012-01-02,171.48114013671875
2012-01-03,174.02432250976562
2012-01-04,174.96051025390625
2012-01-05,174.41275024414062
2012-01-06,175.3213348388672
2012-01-09,174.3002471923828
2012-01-10,174.1474151611328
2012-01-11,172.47030639648438
2012-01-12,168.0718536376953
2012-01-13,167.41380310058594
2012-01-16,169.70428466796875
2012-01-17,172.23477172851562
2012-01-18,171.4386749267578
2012-01-19,173.02655029296875
2012-01-20,175.91148376464844
2012-01-23,175.08145141601562
2012-01-24,176.07496643066406
2012-01-25,175.219482421875
2012-01-27,181.7662811279297
2012-01-30,180.84706115722656
2012-01-31,179.8472442626953
2012-02-01,179.66258239746094
2012-02-02,180.3482208251953
2012-02-03,179.94912719726562
2012-02-06,180.69216918945312
2012-02-07,180.2399444580078
2012-02-08,179.77296447753906
2012-02-09,181.37355041503903
2012-02-10,181.94039916992188
2012-02-13,183.5028076171875
2012-02-14,187.3069305419922
2012-02-15,186.3495178222656
2012-02-16,186.292236328125
2012-02-17,184.98455810546875
2012-02-21,186.11387634277344
2012-02-22,185.7785186767578
2012-02-23,185.79757690429688
2012-02-24,186.8186798095703
2012-02-27,187.6104736328125
2012-02-28,188.91604614257807
2012-02-29,187.37062072753903
2012-03-01,185.8506317138672
2012-03-02,187.65293884277344
2012-03-05,189.30665588378903
2012-03-06,189.4573516845703
2012-03-07,187.7782287597656
2012-03-09,188.94998168945312
2012-03-12,190.21739196777344
2012-03-13,189.1941833496093
2012-03-14,191.4188995361328
2012-03-15,186.6276092529297
2012-03-16,186.29010009765625
2012-03-19,186.05865478515625
2012-03-20,188.0881500244141
2012-03-21,189.2994384765625
2012-03-22,191.5901031494141
2012-03-23,196.0521697998047
2012-03-26,189.38458251953125
2012-03-27,190.5214080810547
2012-03-28,193.4719696044922
2012-03-29,191.5624542236328
2012-03-30,197.1570281982422
2012-04-02,199.5009002685547
2012-04-03,201.92144775390625
2012-04-04,199.56906127929688
2012-04-09,194.9600372314453
2012-04-10,203.6947326660156
2012-04-11,207.2414093017578
2012-04-12,209.5277709960937
2012-04-13,209.59165954589844
2012-04-16,203.7415771484375
2012-04-17,205.5979766845703
2012-04-18,211.20318603515625
2012-04-19,208.7933349609375
2012-04-20,211.98019409179688
2012-04-23,207.8885498046875
2012-04-24,207.93325805664065
2012-04-25,210.1472625732422
2012-04-26,201.6084442138672
2012-04-27,199.9436950683593
2012-04-30,199.01126098632807
2012-05-02,196.8206481933593
2012-05-03,196.4353942871093
2012-05-04,194.5087280273437
2012-05-07,194.8365631103516
2012-05-08,191.11959838867188
2012-05-09,189.24620056152344
2012-05-10,191.7029571533203
2012-05-11,194.127685546875
2012-05-14,198.6004333496093
2012-05-15,197.0228881835937
2012-05-16,194.21710205078125
2012-05-17,200.42694091796875
2012-05-18,200.1033630371093
2012-05-21,199.30714416503903
2012-05-22,199.8351287841797
2012-05-23,196.5566864013672
2012-05-24,193.8083648681641
2012-05-25,192.81417846679688
2012-05-28,193.1441650390625
2012-05-29,193.2803955078125
2012-05-30,190.07862854003903
2012-05-31,191.81787109375
2012-06-01,195.14956665039065
2012-06-04,193.5550231933593
2012-06-05,193.09732055664065
2012-06-06,193.5997009277344
2012-06-07,193.6465606689453
2012-06-08,192.3033142089844
2012-06-11,191.05789184570312
2012-06-12,190.17437744140625
2012-06-13,192.7225952148437
2012-06-14,193.3591461181641
2012-06-15,192.08824157714844
2012-06-18,192.24365234375
2012-06-19,195.46885681152344
2012-06-20,195.45819091796875
2012-06-21,190.7384796142578
2012-06-22,192.2393951416016
2012-06-25,191.5922393798828
2012-06-26,190.6597900390625
2012-06-27,191.5879364013672
2012-06-28,191.57733154296875
2012-06-29,193.2591247558593
2012-07-02,193.16119384765625
2012-07-03,193.13137817382807
2012-07-04,190.5533447265625
2012-07-05,189.8827667236328
2012-07-06,188.9226531982422
2012-07-09,188.218002319336
2012-07-10,190.07862854003903
2012-07-11,191.4495544433593
2012-07-12,191.73057556152344
2012-07-13,190.8577880859375
2012-07-16,192.6673278808593
2012-07-17,191.5411529541016
2012-07-18,191.696517944336
2012-07-19,190.9578399658203
2012-07-20,192.228744506836
2012-07-23,190.0679473876953
2012-07-24,189.4953155517578
2012-07-25,189.4697723388672
2012-07-26,188.9566650390625
2012-07-27,189.7528839111328
2012-07-30,191.7922821044922
2012-07-31,190.6874542236328
2012-08-01,189.05230712890625
2012-08-02,188.0882873535156
2012-08-03,186.8379669189453
2012-08-06,188.1203765869141
2012-08-07,190.6276092529297
2012-08-08,188.4965667724609
2012-08-09,190.503646850586
2012-08-10,188.0562744140625
2012-08-13,189.5481719970703
2012-08-14,190.3368988037109
2012-08-16,189.88592529296875
2012-08-17,190.6874542236328
2012-08-21,196.29823303222656
2012-08-22,196.24908447265625
2012-08-23,200.4085388183593
2012-08-24,201.3597106933593
2012-08-27,202.3193817138672
2012-08-28,201.85772705078125
2012-08-29,200.9642791748047
2012-08-30,199.62193298339844
2012-08-31,198.1535797119141
2012-09-03,196.35597229003903
2012-09-04,197.58071899414065
2012-09-05,196.6124267578125
2012-09-06,196.8090667724609
2012-09-07,196.76417541503903
2012-09-10,196.2041931152344
2012-09-11,193.1968231201172
2012-09-12,195.5479888916016
2012-09-13,193.87863159179688
2012-09-14,191.9164886474609
2012-09-17,190.74090576171875
2012-09-18,188.1289520263672
2012-09-20,186.39547729492188
2012-09-21,186.132568359375
2012-09-24,186.0535430908203
2012-09-25,185.9829864501953
2012-09-26,185.7093505859375
2012-09-27,184.86294555664065
2012-09-28,188.1781616210937
2012-10-01,189.61444091796875
2012-10-03,194.84478759765625
2012-10-04,196.0481719970703
2012-10-05,196.6231689453125
2012-10-08,196.73643493652344
2012-10-09,197.9483184814453
2012-10-10,198.3715667724609
2012-10-11,198.61734008789065
2012-10-12,200.07508850097656
2012-10-15,200.7313232421875
2012-10-16,203.7237548828125
2012-10-17,203.4950256347656
2012-10-18,202.6827545166016
2012-10-19,203.86056518554688
2012-10-22,203.753662109375
2012-10-23,199.6197662353516
2012-10-25,200.4042358398437
2012-10-29,199.7438201904297
2012-10-30,200.4598846435547
2012-10-31,200.9236602783203
2012-11-01,202.0351409912109
2012-11-02,204.3585357666016
2012-11-05,206.9491271972656
2012-11-06,207.7506561279297
2012-11-07,207.64166259765625
2012-11-08,209.161361694336
2012-11-09,207.91099548339844
2012-11-12,205.3075408935547
2012-11-15,201.7765045166016
2012-11-16,201.97317504882807
2012-11-19,196.61032104492188
2012-11-20,197.0463409423828
2012-11-21,197.81581115722656
2012-11-22,197.5037536621093
2012-11-23,197.4802703857422
2012-11-26,196.6337890625
2012-11-27,197.51661682128903
2012-11-29,202.95635986328125
2012-11-30,203.8006896972656
2012-12-03,200.4000244140625
2012-12-04,204.38629150390625
2012-12-05,205.854736328125
2012-12-06,205.7670745849609
2012-12-07,206.36984252929688
2012-12-10,205.4764099121093
2012-12-11,206.37417602539065
2012-12-12,206.74319458007807
2012-12-13,207.7578887939453
2012-12-14,205.814193725586
2012-12-17,205.49452209472656
2012-12-18,205.7970123291016
2012-12-19,210.79592895507807
2012-12-20,209.6588134765625
2012-12-21,210.27456665039065
2012-12-24,207.18511962890625
2012-12-26,207.7557983398437
2012-12-27,212.39634704589844
2012-12-28,213.04432678222656
2012-12-31,214.2135467529297
2013-01-01,212.4672088623047
2013-01-02,213.44122314453125
2013-01-03,210.2187957763672
2013-01-04,209.2168731689453
2013-01-07,209.1438903808593
2013-01-08,210.0363922119141
2013-01-09,212.29983520507807
2013-01-10,208.44879150390625
2013-01-11,207.66143798828125
2013-01-14,210.0363922119141
2013-01-15,208.4208984375
2013-01-16,207.6442413330078
2013-01-17,205.85711669921875
2013-01-18,205.8334808349609
2013-01-21,205.74122619628903
2013-01-22,201.70350646972656
2013-01-23,193.22262573242188
2013-01-24,195.2049560546875
2013-01-25,199.53016662597656
2013-01-28,197.2452850341797
2013-01-29,197.4855499267578
2013-01-30,199.4915466308593
2013-01-31,203.6258087158203
2013-02-01,201.3559417724609
2013-02-04,203.37266540527344
2013-02-05,203.6236724853516
2013-02-06,202.34071350097656
2013-02-07,201.8880157470703
2013-02-08,199.2427215576172
2013-02-11,197.57568359375
2013-02-12,198.3523712158203
2013-02-13,197.92535400390625
2013-02-14,197.2817840576172
2013-02-15,197.27102661132807
2013-02-18,195.96017456054688
2013-02-19,197.33328247070312
2013-02-20,197.5607147216797
2013-02-21,197.1015472412109
2013-02-22,198.6290740966797
2013-02-25,200.26193237304688
2013-02-26,198.661361694336
2013-02-27,200.92877197265625
2013-02-28,204.8763122558593
2013-03-01,202.08181762695312
2013-03-04,203.88677978515625
2013-03-05,203.2930450439453
2013-03-06,203.7555389404297
2013-03-07,202.6261138916016
2013-03-08,205.1710662841797
2013-03-11,203.1488800048828
2013-03-12,202.12918090820312
2013-03-13,201.7312164306641
2013-03-14,202.48843383789065
2013-03-15,203.30165100097656
2013-03-18,201.2277984619141
2013-03-19,201.3353729248047
2013-03-20,202.21310424804688
2013-03-21,204.6482849121093
2013-03-22,202.50778198242188
2013-03-25,198.3558654785156
2013-03-26,196.5359344482422
2013-03-28,197.4071807861328
2013-04-01,198.8980407714844
2013-04-02,198.8636016845703
2013-04-03,199.8897399902344
2013-04-04,195.8755340576172
2013-04-05,191.6461181640625
2013-04-08,191.583740234375
2013-04-09,191.8956756591797
2013-04-10,194.2061767578125
2013-04-11,194.12008666992188
2013-04-12,194.5030517578125
2013-04-15,197.28244018554688
2013-04-16,198.7495574951172
2013-04-17,200.5888671875
2013-04-18,200.9610748291016
2013-04-22,202.13137817382807
2013-04-23,200.304931640625
2013-04-25,202.8240203857422
2013-04-26,203.5145874023437
2013-04-29,203.7211151123047
2013-04-30,214.32241821289065
2013-05-02,212.0184631347656
2013-05-03,211.0374755859375
2013-05-06,210.633056640625
2013-05-07,210.18130493164065
2013-05-08,212.1002197265625
2013-05-09,211.49142456054688
2013-05-10,210.77935791015625
2013-05-13,208.59371948242188
2013-05-14,210.0071258544922
2013-05-15,212.5003662109375
2013-05-16,211.99050903320312
2013-05-17,214.0514068603516
2013-05-20,219.6468505859375
2013-05-21,225.69175720214844
2013-05-22,225.44224548339844
2013-05-23,226.7975616455078
2013-05-24,225.4358367919922
2013-05-27,224.8700561523437
2013-05-28,225.9478454589844
2013-05-29,225.870361328125
2013-05-30,225.12820434570312
2013-05-31,228.12921142578125
2013-06-03,227.56985473632807
2013-06-04,227.6493530273437
2013-06-05,227.3418426513672
2013-06-06,227.8387451171875
2013-06-07,226.0123443603516
2013-06-10,222.3122100830078
2013-06-11,219.22085571289065
2013-06-12,221.7787170410156
2013-06-13,220.05772399902344
2013-06-14,221.3548583984375
2013-06-17,218.2011566162109
2013-06-18,217.7408142089844
2013-06-19,218.87448120117188
2013-06-20,217.2825927734375
2013-06-21,216.3575592041016
2013-06-24,215.75303649902344
2013-06-25,211.263412475586
2013-06-26,209.6822052001953
2013-06-27,210.84390258789065
2013-06-28,208.84323120117188
2013-07-01,219.524169921875
2013-07-02,222.47784423828125
2013-07-03,217.7644958496093
2013-07-04,220.57827758789065
2013-07-05,221.6302185058593
2013-07-08,220.8729858398437
2013-07-09,221.70982360839844
2013-07-10,221.74855041503903
2013-07-11,224.2698211669922
2013-07-12,232.31121826171875
2013-07-15,239.4189453125
2013-07-16,244.6937713623047
2013-07-17,247.0839080810547
2013-07-18,246.65786743164065
2013-07-19,245.3564300537109
2013-07-22,242.2176971435547
2013-07-23,243.7127990722656
2013-07-24,241.8412933349609
2013-07-25,240.0126342773437
2013-07-26,234.4732360839844
2013-07-29,231.58189392089844
2013-07-30,228.19158935546875
2013-07-31,228.5283050537109
2013-08-01,226.6848602294922
2013-08-02,234.3413543701172
2013-08-05,229.4759216308593
2013-08-06,220.7552947998047
2013-08-07,213.8025054931641
2013-08-08,216.3258819580078
2013-08-12,220.789794921875
2013-08-13,220.2415466308593
2013-08-14,220.7747497558593
2013-08-16,215.2379150390625
2013-08-19,212.0260009765625
2013-08-20,208.62625122070312
2013-08-21,210.07896423339844
2013-08-22,210.34230041503903
2013-08-23,210.8128662109375
2013-08-26,210.5041656494141
2013-08-27,203.02471923828125
2013-08-28,199.4933013916016
2013-08-29,201.85694885253903
2013-08-30,211.3978271484375
2013-09-02,214.4392547607422
2013-09-03,212.5181121826172
2013-09-04,215.043701171875
2013-09-05,215.77542114257807
2013-09-06,216.21792602539065
2013-09-10,216.32159423828125
2013-09-11,218.19305419921875
2013-09-12,215.2638397216797
2013-09-13,214.0593414306641
2013-09-16,209.5026092529297
2013-09-17,215.03936767578125
2013-09-18,216.675521850586
2013-09-19,217.1223297119141
2013-09-20,216.9238128662109
2013-09-23,213.39669799804688
2013-09-24,213.1290435791016
2013-09-25,213.33192443847656
2013-09-26,217.3426055908203
2013-09-27,220.09259033203125
2013-09-30,225.33580017089844
2013-10-01,224.0816650390625
2013-10-03,222.6375427246093
2013-10-04,219.4018402099609
2013-10-07,218.8967742919922
2013-10-08,216.4467163085937
2013-10-09,218.3355407714844
2013-10-10,220.8286590576172
2013-10-11,218.2210998535156
2013-10-14,219.8853912353516
2013-10-15,228.30162048339844
2013-10-17,236.0790557861328
2013-10-18,238.7190093994141
2013-10-21,237.896484375
2013-10-22,241.96112060546875
2013-10-23,242.5892333984375
2013-10-24,240.1371459960937
2013-10-25,238.87652587890625
2013-10-28,240.7241973876953
2013-10-29,241.4257354736328
2013-10-30,241.6459350585937
2013-10-31,241.62872314453125
2013-11-01,247.56442260742188
2013-11-05,248.294174194336
2013-11-06,242.86080932617188
2013-11-07,248.4198303222656
2013-11-08,249.60662841796875
2013-11-11,243.1965484619141
2013-11-12,245.1975250244141
2013-11-13,242.5121612548828
2013-11-14,244.4027099609375
2013-11-18,245.764877319336
2013-11-19,242.7093200683593
2013-11-20,240.2968597412109
2013-11-21,237.8108673095703
2013-11-22,236.4097137451172
2013-11-25,235.43313598632807
2013-11-26,229.48866271972656
2013-11-27,235.4828338623047
2013-11-28,226.2728576660156
2013-11-29,222.8361358642578
2013-12-02,224.6919860839844
2013-12-03,220.84385681152344
2013-12-04,217.9745178222656
2013-12-05,220.6814880371093
2013-12-06,219.47952270507807
2013-12-09,218.30799865722656
2013-12-10,217.4677276611328
2013-12-11,216.72935485839844
2013-12-12,216.8895568847656
2013-12-13,213.12155151367188
2013-12-16,218.6718139648437
2013-12-17,224.10079956054688
2013-12-18,226.80555725097656
2013-12-19,230.91793823242188
2013-12-20,236.6587677001953
2013-12-23,238.41290283203125
2013-12-24,233.84571838378903
2013-12-26,232.29522705078125
2013-12-27,231.2471466064453
2013-12-30,231.69322204589844
2013-12-31,229.08155822753903
2014-01-01,230.0582427978516
2014-01-02,228.68746948242188
2014-01-03,231.00233459472656
2014-01-06,233.34332275390625
2014-01-07,233.09429931640625
2014-01-08,234.8483428955078
2014-01-09,232.70233154296875
2014-01-10,234.1359100341797
2014-01-13,235.043197631836
2014-01-14,232.9882049560547
2014-01-15,226.8250732421875
2014-01-16,222.1994781494141
2014-01-17,226.86404418945312
2014-01-20,225.25503540039065
2014-01-21,224.2307281494141
2014-01-22,222.82530212402344
2014-01-23,220.1725006103516
2014-01-24,220.0707092285156
2014-01-27,218.72378540039065
2014-01-28,214.7933044433593
2014-01-29,217.9918212890625
2014-01-30,214.20643615722656
2014-01-31,218.5959930419922
2014-02-03,213.89678955078125
2014-02-04,214.8409881591797
2014-02-05,217.1234436035156
2014-02-06,216.5344390869141
2014-02-07,217.2577209472656
2014-02-10,218.05026245117188
2014-02-11,219.0616149902344
2014-02-12,218.9533233642578
2014-02-13,220.835189819336
2014-02-14,220.1421661376953
2014-02-17,216.7401733398437
2014-02-18,217.6258087158203
2014-02-19,219.0702667236328
2014-02-20,218.43356323242188
2014-02-21,219.03341674804688
2014-02-24,218.4248809814453
2014-02-25,216.58204650878903
2014-02-26,216.5019378662109
2014-02-28,210.68533325195312
2014-03-03,201.69403076171875
2014-03-04,204.0154266357422
2014-03-05,206.89776611328125
2014-03-06,210.6376190185547
2014-03-07,212.69493103027344
2014-03-10,207.9134063720703
2014-03-11,207.8397979736328
2014-03-12,207.64920043945312
2014-03-13,207.2854461669922
2014-03-14,206.100830078125
2014-03-18,207.51060485839844
2014-03-19,208.77964782714844
2014-03-20,208.9897003173828
2014-03-21,204.9206085205078
2014-03-24,204.48318481445312
2014-03-25,204.4312744140625
2014-03-26,206.64224243164065
2014-03-27,210.4795837402344
2014-03-28,215.0228729248047
2014-03-31,217.79913330078125
2014-04-01,209.96417236328125
2014-04-02,210.73074340820312
2014-04-03,211.60348510742188
2014-04-04,209.4444580078125
2014-04-07,212.97000122070312
2014-04-09,213.5070037841797
2014-04-10,211.41290283203125
2014-04-11,209.17588806152344
2014-04-15,209.3556060791016
2014-04-16,206.9887237548828
2014-04-17,206.3000640869141
2014-04-21,204.5784912109375
2014-04-22,204.5459899902344
2014-04-23,204.8145294189453
2014-04-24,204.8145294189453
2014-04-25,206.87612915039065
2014-04-28,203.78805541992188
2014-04-29,204.6542510986328
2014-04-30,206.5404815673828
2014-05-02,205.0223999023437
2014-05-05,203.9894256591797
2014-05-06,202.97813415527344
2014-05-07,202.7399444580078
2014-05-08,203.4740600585937
2014-05-09,207.1077880859375
2014-05-12,209.6934967041016
2014-05-13,211.07508850097656
2014-05-14,206.8176422119141
2014-05-15,205.0151214599609
2014-05-16,201.59078979492188
2014-05-19,199.66207885742188
2014-05-20,198.795639038086
2014-05-21,204.3337860107422
2014-05-22,206.1101226806641
2014-05-23,206.55859375
2014-05-26,206.5302581787109
2014-05-27,206.27557373046875
2014-05-28,207.5817413330078
2014-05-29,208.2914581298828
2014-05-30,215.9955902099609
2014-06-02,208.9706573486328
2014-06-03,209.410400390625
2014-06-04,207.66229248046875
2014-06-05,211.2564392089844
2014-06-06,214.25405883789065
2014-06-09,213.01531982421875
2014-06-10,216.17849731445312
2014-06-11,218.3706512451172
2014-06-12,217.6043395996093
2014-06-13,216.47238159179688
2014-06-16,217.9548492431641
2014-06-17,217.87649536132807
2014-06-18,215.808349609375
2014-06-19,215.0595092773437
2014-06-20,215.0007781982422
2014-06-23,215.34683227539065
2014-06-24,214.5936584472656
2014-06-25,215.551513671875
2014-06-26,217.22120666503903
2014-06-27,214.9376373291016
2014-06-30,214.635009765625
2014-07-01,214.81350708007807
2014-07-02,217.2320709228516
2014-07-03,217.6043395996093
2014-07-04,216.5594177246093
2014-07-07,218.690658569336
2014-07-08,216.9621734619141
2014-07-09,217.99842834472656
2014-07-10,215.70608520507807
2014-07-11,217.3452911376953
2014-07-14,215.85194396972656
2014-07-15,215.36431884765625
2014-07-16,216.4113922119141
2014-07-17,217.4672241210937
2014-07-18,218.2509155273437
2014-07-21,219.37203979492188
2014-07-22,226.5319976806641
2014-07-23,225.1735992431641
2014-07-24,224.18524169921875
2014-07-25,224.9210205078125
2014-07-28,225.8179473876953
2014-07-30,225.6111297607422
2014-07-31,223.28179931640625
2014-08-01,226.53631591796875
2014-08-04,226.77798461914065
2014-08-05,226.81500244140625
2014-08-06,230.7400054931641
2014-08-07,235.3267517089844
2014-08-08,233.513427734375
2014-08-11,234.37545776367188
2014-08-12,232.2398681640625
2014-08-13,242.1210174560547
2014-08-14,242.61080932617188
2014-08-18,246.218002319336
2014-08-19,250.9766998291016
2014-08-20,252.3417358398437
2014-08-21,254.007064819336
2014-08-22,252.9273681640625
2014-08-25,253.0340118408203
2014-08-26,255.493896484375
2014-08-27,256.8327941894531
2014-08-28,262.475341796875
2014-09-01,263.93170166015625
2014-09-02,265.3271789550781
2014-09-03,267.7436218261719
2014-09-04,272.2454528808594
2014-09-05,269.4023742675781
2014-09-08,278.6412658691406
2014-09-09,279.0831604003906
2014-09-10,277.8140563964844
2014-09-11,285.29620361328125
2014-09-12,277.9773254394531
2014-09-15,276.4178161621094
2014-09-16,268.8567199707031
2014-09-17,266.3348999023437
2014-09-18,272.2665100097656
2014-09-19,264.7644348144531
2014-09-22,263.5482788085937
2014-09-23,258.5789794921875
2014-09-24,268.1479797363281
2014-09-25,267.23809814453125
2014-09-26,269.394775390625
2014-09-29,271.4966125488281
2014-09-30,261.0942687988281
2014-10-01,262.9444885253906
2014-10-07,260.6130676269531
2014-10-08,259.25909423828125
2014-10-09,263.4914245605469
2014-10-10,257.798095703125
2014-10-13,262.7892761230469
2014-10-14,260.1055908203125
2014-10-15,260.1055908203125
2014-10-16,251.5185546875
2014-10-17,249.12803649902344
2014-10-20,252.3563842773437
2014-10-21,261.14678955078125
2014-10-22,261.2298278808594
2014-10-27,266.8356628417969
2014-10-28,260.1930847167969
2014-10-29,268.086669921875
2014-10-30,268.2901611328125
2014-10-31,273.7166442871094
2014-11-03,278.32940673828125
2014-11-05,277.93133544921875
2014-11-07,281.4571838378906
2014-11-10,277.859130859375
2014-11-11,282.83514404296875
2014-11-12,276.7918395996094
2014-11-13,277.0149841308594
2014-11-14,276.3106384277344
2014-11-17,275.2476806640625
2014-11-18,269.4450378417969
2014-11-19,265.8863830566406
2014-11-20,269.4165954589844
2014-11-21,277.18121337890625
2014-11-24,275.7660522460937
2014-11-25,277.27520751953125
2014-11-26,273.8543701171875
2014-11-27,272.3387145996094
2014-11-28,271.3917236328125
2014-12-01,269.30279541015625
2014-12-02,271.22100830078125
2014-12-03,276.6868896484375
2014-12-04,277.4654541015625
2014-12-05,275.7244873046875
2014-12-08,277.5050048828125
2014-12-09,276.17791748046875
2014-12-10,276.5260009765625
2014-12-11,274.43902587890625
2014-12-12,275.16607666015625
2014-12-15,267.9872741699219
2014-12-16,264.4000549316406
2014-12-17,265.08111572265625
2014-12-18,269.4348449707031
2014-12-19,270.5867919921875
2014-12-22,273.8280029296875
2014-12-23,271.6270446777344
2014-12-24,269.0910949707031
2014-12-26,269.6078186035156
2014-12-29,269.28369140625
2014-12-30,273.6439208984375
2014-12-31,279.6555480957031
2015-01-01,276.725341796875
2015-01-02,277.3187561035156
2015-01-05,277.4677124023437
2015-01-06,273.6089172363281
2015-01-07,274.75439453125
2015-01-08,275.95880126953125
2015-01-09,279.72125244140625
2015-01-12,283.067626953125
2015-01-13,294.100830078125
2015-01-14,297.0440673828125
2015-01-15,298.2376708984375
2015-01-16,305.9507751464844
2015-01-19,309.8380432128906
2015-01-20,309.8620300292969
2015-01-21,310.1030578613281
2015-01-22,310.84979248046875
2015-01-23,317.9147033691406
2015-01-27,321.9311218261719
2015-01-28,319.9164123535156
2015-01-29,315.99188232421875
2015-01-30,311.55059814453125
2015-02-02,309.2116394042969
2015-02-03,310.0373229980469
2015-02-04,305.6244506835937
2015-02-05,302.1817932128906
2015-02-06,301.5423278808594
2015-02-09,299.3896179199219
2015-02-10,297.5828552246094
2015-02-11,301.3890686035156
2015-02-12,298.9165344238281
2015-02-13,308.0729064941406
2015-02-16,313.0528564453125
2015-02-18,314.0143127441406
2015-02-19,308.42547607421875
2015-02-20,314.33837890625
2015-02-23,306.5749206542969
2015-02-24,307.02606201171875
2015-02-25,308.8984680175781
2015-02-26,307.4487609863281
2015-02-27,307.51446533203125
2015-03-02,306.1632995605469
2015-03-03,310.8148193359375
2015-03-04,319.7280578613281
2015-03-05,319.5615234375
2015-03-09,323.4313659667969
2015-03-10,323.9941101074219
2015-03-11,318.8936767578125
2015-03-12,321.0048217773437
2015-03-13,319.6952209472656
2015-03-16,318.72283935546875
2015-03-17,323.6481628417969
2015-03-18,324.48687744140625
2015-03-19,322.6889343261719
2015-03-20,318.1665954589844
2015-03-23,312.4638366699219
2015-03-24,307.5473022460937
2015-03-25,308.4298095703125
2015-03-26,299.81884765625
2015-03-27,298.49822998046875
2015-03-30,304.1462097167969
2015-03-31,304.2929382324219
2015-04-01,303.2329406738281
2015-04-06,311.91412353515625
2015-04-07,313.4953308105469
2015-04-08,308.62261962890625
2015-04-09,311.0228271484375
2015-04-10,310.91339111328125
2015-04-13,310.9154357910156
2015-04-15,309.59490966796875
2015-04-16,307.7728881835937
2015-04-17,306.63629150390625
2015-04-20,304.5492858886719
2015-04-21,301.6869201660156
2015-04-22,300.9949035644531
2015-04-23,302.60015869140625
2015-04-24,300.01812744140625
2015-04-27,299.94580078125
2015-04-28,299.4530334472656
2015-04-29,287.5657958984375
2015-04-30,287.87890625
2015-05-04,297.9025573730469
2015-05-05,298.16314697265625
2015-05-06,297.95953369140625
2015-05-07,296.4176940917969
2015-05-08,297.6770324707031
2015-05-11,298.1149597167969
2015-05-12,293.6539611816406
2015-05-13,293.5247802734375
2015-05-14,300.2262268066406
2015-05-15,307.9699401855469
2015-05-18,309.9869689941406
2015-05-19,309.0131225585937
2015-05-20,306.0630798339844
2015-05-21,305.5048217773437
2015-05-22,307.57110595703125
2015-05-25,304.9640197753906
2015-05-26,299.19366455078125
2015-05-27,310.4992370605469
2015-05-28,310.285888671875
2015-05-29,296.8283386230469
2015-06-01,293.2518615722656
2015-06-02,299.10137939453125
2015-06-03,272.0060119628906
2015-06-04,263.9825439453125
2015-06-05,264.29693603515625
2015-06-08,244.83819580078125
2015-06-09,262.21954345703125
2015-06-10,266.4400939941406
2015-06-11,271.0277099609375
2015-06-12,267.62060546875
2015-06-15,261.810546875
2015-06-16,254.31922912597656
2015-06-17,256.7042236328125
2015-06-18,267.3765869140625
2015-06-19,276.1408996582031
2015-06-22,276.8267822265625
2015-06-23,269.4077453613281
2015-06-24,263.9671936035156
2015-06-25,256.59649658203125
2015-06-26,261.9468994140625
2015-06-29,266.9104919433594
2015-06-30,279.27117919921875
2015-07-01,270.1375427246094
2015-07-02,274.4087219238281
2015-07-03,271.0498046875
2015-07-06,269.0758361816406
2015-07-07,267.5172424316406
2015-07-08,263.6066589355469
2015-07-09,265.10369873046875
2015-07-10,262.17779541015625
2015-07-13,261.8303527832031
2015-07-14,261.7248840332031
2015-07-15,262.3755798339844
2015-07-16,264.90802001953125
2015-07-17,267.242431640625
2015-07-20,266.9104919433594
2015-07-21,266.7983703613281
2015-07-22,263.37359619140625
2015-07-23,266.4422912597656
2015-07-24,265.2773132324219
2015-07-27,275.2792053222656
2015-07-28,272.2478332519531
2015-07-29,270.498046875
2015-07-30,278.3479919433594
2015-07-31,279.4997863769531
2015-08-03,278.1302795410156
2015-08-04,279.2030639648437
2015-08-05,300.6445007324219
2015-08-06,285.157958984375
2015-08-07,287.90582275390625
2015-08-10,280.8627319335937
2015-08-11,277.7389831542969
2015-08-12,274.0877380371094
2015-08-13,277.7345886230469
2015-08-14,275.6045837402344
2015-08-17,269.7396850585937
2015-08-18,271.0277099609375
2015-08-19,268.1260986328125
2015-08-20,270.4211120605469
2015-08-21,267.7767028808594
2015-08-24,265.3694763183594
2015-08-25,270.9706726074219
2015-08-26,266.6093444824219
2015-08-27,266.2928466796875
2015-08-28,268.38775634765625
2015-08-31,262.26568603515625
2015-09-01,263.9451904296875
2015-09-02,260.7094421386719
2015-09-03,265.345458984375
2015-09-04,263.59344482421875
2015-09-07,263.8462829589844
2015-09-08,259.487060546875
2015-09-09,263.1977233886719
2015-09-10,264.0110778808594
2015-09-11,263.841796875
2015-09-14,266.2709045410156
2015-09-15,264.7540588378906
2015-09-16,268.0227966308594
2015-09-18,274.1932373046875
2015-09-21,271.5598449707031
2015-09-22,270.3133850097656
2015-09-23,273.4502258300781
2015-09-24,273.1094970703125
2015-09-28,273.42828369140625
2015-09-29,271.682861328125
2015-09-30,279.9504089355469
2015-10-01,282.36187744140625
2015-10-05,284.8282775878906
2015-10-06,285.5603942871094
2015-10-07,278.6270751953125
2015-10-08,279.941650390625
2015-10-09,282.100341796875
2015-10-12,275.04620361328125
2015-10-13,270.4673156738281
2015-10-14,273.04803466796875
2015-10-15,272.86553955078125
2015-10-16,288.1871032714844
2015-10-19,285.4613952636719
2015-10-20,287.37384033203125
2015-10-21,284.1556396484375
2015-10-23,278.2358093261719
2015-10-26,277.6928405761719
2015-10-27,279.372314453125
2015-10-28,278.6205139160156
2015-10-29,276.5586242675781
2015-10-30,271.4323425292969
2015-11-02,275.9233093261719
2015-11-03,273.3601379394531
2015-11-04,274.8285522460937
2015-11-05,271.0696716308594
2015-11-06,271.2147521972656
2015-11-09,268.6844787597656
2015-11-10,266.9655456542969
2015-11-13,265.2904663085937
2015-11-16,263.191162109375
2015-11-17,267.50634765625
2015-11-18,267.4052124023437
2015-11-19,276.10357666015625
2015-11-20,272.4148864746094
2015-11-23,270.01220703125
2015-11-24,266.2642822265625
2015-11-26,264.8221740722656
2015-11-27,261.5446472167969
2015-11-30,257.6340026855469
2015-12-01,258.4737243652344
2015-12-02,257.98797607421875
2015-12-03,256.5722961425781
2015-12-04,257.5021667480469
2015-12-07,259.10906982421875
2015-12-08,256.10845947265625
2015-12-09,253.22219848632807
2015-12-10,253.70358276367188
2015-12-11,260.47528076171875
2015-12-14,259.2188415527344
2015-12-15,257.4046630859375
2015-12-16,256.9550170898437
2015-12-17,259.3775634765625
2015-12-18,250.10397338867188
2015-12-21,250.1634216308593
2015-12-22,252.6168365478516
2015-12-23,254.7330322265625
2015-12-24,254.64048767089844
2015-12-28,255.90798950195312
2015-12-29,257.4310607910156
2015-12-30,257.4597473144531
2015-12-31,256.9374084472656
2016-01-01,255.04833984375
2016-01-04,249.96290588378903
2016-01-05,249.63653564453125
2016-01-06,252.1539764404297
2016-01-07,248.6027984619141
2016-01-08,248.32061767578125
2016-01-11,241.1212158203125
2016-01-12,239.82508850097656
2016-01-13,242.5276641845703
2016-01-14,247.5976409912109
2016-01-15,246.78421020507807
2016-01-18,239.6553955078125
2016-01-19,239.3379364013672
2016-01-20,241.84207153320312
2016-01-21,239.3842620849609
2016-01-22,240.16680908203125
2016-01-25,240.7729949951172
2016-01-27,241.93467712402344
2016-01-28,241.1080780029297
2016-01-29,241.9479217529297
2016-02-01,240.2263641357422
2016-02-02,240.5965881347656
2016-02-03,238.43638610839844
2016-02-04,241.82891845703125
2016-02-05,239.0161590576172
2016-02-08,238.6413726806641
2016-02-09,238.9169464111328
2016-02-10,233.55377197265625
2016-02-11,230.0026092529297
2016-02-12,222.90460205078125
2016-02-15,222.9795684814453
2016-02-16,222.629135131836
2016-02-17,223.63868713378903
2016-02-18,228.49481201171875
2016-02-19,229.6785583496093
2016-02-22,232.74923706054688
2016-02-23,228.9092254638672
2016-02-24,229.2244873046875
2016-02-25,226.7335662841797
2016-02-26,225.3360595703125
2016-02-29,220.78628540039065
2016-03-01,222.7371368408203
2016-03-02,223.8811492919922
2016-03-03,230.03350830078125
2016-03-04,233.0093688964844
2016-03-08,234.5765838623047
2016-03-09,229.6829528808593
2016-03-10,228.2721405029297
2016-03-11,227.6263427734375
2016-03-14,224.9789123535156
2016-03-15,222.80322265625
2016-03-16,220.9515686035156
2016-03-17,224.70339965820312
2016-03-18,228.64471435546875
2016-03-21,230.6418914794922
2016-03-22,231.91151428222656
2016-03-23,231.59413146972656
2016-03-28,236.01821899414065
2016-03-29,235.24237060546875
2016-03-30,241.5863647460937
2016-03-31,253.8225860595703
2016-04-01,248.56971740722656
2016-04-04,250.5690155029297
2016-04-05,253.0114898681641
2016-04-06,252.3589324951172
2016-04-07,259.60693359375
2016-04-08,263.4467468261719
2016-04-11,258.8221130371094
2016-04-12,271.03631591796875
2016-04-13,269.6564025878906
2016-04-18,270.4544372558594
2016-04-20,266.107421875
2016-04-21,263.058837890625
2016-04-22,263.18670654296875
2016-04-25,259.3026428222656
2016-04-26,257.0542297363281
2016-04-27,259.4877624511719
2016-04-28,260.46649169921875
2016-04-29,252.41629028320312
2016-05-02,253.6859893798828
2016-05-03,246.51524353027344
2016-05-04,244.3395538330078
2016-05-05,244.2779083251953
2016-05-06,247.3662109375
2016-05-09,242.8979949951172
2016-05-10,243.3762969970703
2016-05-11,246.95835876464844
2016-05-12,251.7484588623047
2016-05-13,269.8834533691406
2016-05-16,277.06072998046875
2016-05-17,274.2017517089844
2016-05-18,274.6912536621094
2016-05-19,269.8998413085937
2016-05-20,266.07647705078125
2016-05-23,264.3418884277344
2016-05-24,265.9967346191406
2016-05-25,272.28564453125
2016-05-26,272.11505126953125
2016-05-27,273.5305480957031
2016-05-30,279.4671936035156
2016-05-31,270.1368408203125
2016-06-01,283.1378173828125
2016-06-02,279.2059020996094
2016-06-03,279.34539794921875
2016-06-06,287.0632019042969
2016-06-07,285.7717590332031
2016-06-08,287.129638671875
2016-06-09,284.9210205078125
2016-06-10,289.93182373046875
2016-06-13,289.65936279296875
2016-06-14,291.9211120605469
2016-06-15,287.6258544921875
2016-06-16,287.56597900390625
2016-06-17,286.3897705078125
2016-06-20,290.1091003417969
2016-06-21,289.6327819824219
2016-06-22,287.5128479003906
2016-06-23,284.9521179199219
2016-06-24,287.8208312988281
2016-06-27,285.6631774902344
2016-06-28,287.7011413574219
2016-06-29,285.5192565917969
2016-06-30,287.6369934082031
2016-07-01,288.4054870605469
2016-07-04,289.21630859375
2016-07-05,289.4334716796875
2016-07-07,288.4765014648437
2016-07-08,284.0838623046875
2016-07-11,287.40875244140625
2016-07-12,284.752685546875
2016-07-13,291.5733947753906
2016-07-14,290.9442443847656
2016-07-15,293.86602783203125
2016-07-18,293.2325134277344
2016-07-19,294.2980041503906
2016-07-20,295.6980285644531
2016-07-21,304.2663879394531
2016-07-22,313.5990905761719
2016-07-25,315.732421875
2016-07-26,317.4003601074219
2016-07-27,313.51043701171875
2016-07-28,320.6411437988281
2016-07-29,318.4725036621094
2016-08-01,307.9989929199219
2016-08-02,302.751220703125
2016-08-03,300.2325744628906
2016-08-04,301.4974670410156
2016-08-05,303.4879150390625
2016-08-08,304.2358093261719
2016-08-09,305.8956604003906
2016-08-10,303.7830810546875
2016-08-11,303.9761657714844
2016-08-12,306.0066223144531
2016-08-16,299.5467834472656
2016-08-17,297.1146545410156
2016-08-18,297.22784423828125
2016-08-19,298.5748291015625
2016-08-22,301.1489562988281
2016-08-23,302.2829895019531
2016-08-24,302.60699462890625
2016-08-25,303.1240539550781
2016-08-26,303.1861572265625
2016-08-29,299.6421813964844
2016-08-30,296.8084716796875
2016-08-31,289.6185607910156
2016-09-01,287.9808959960937
2016-09-02,285.8059997558594
2016-09-06,291.37603759765625
2016-09-07,286.7891845703125
2016-09-08,285.4576110839844
2016-09-09,288.83514404296875
2016-09-12,285.4310302734375
2016-09-14,281.58087158203125
2016-09-15,279.6703186035156
2016-09-16,284.35699462890625
2016-09-19,281.27020263671875
2016-09-20,281.38116455078125
2016-09-21,280.1872863769531
2016-09-22,286.2787475585937
2016-09-23,288.24493408203125
2016-09-26,288.67315673828125
2016-09-27,287.9630432128906
2016-09-28,286.3786315917969
2016-09-29,281.9692687988281
2016-09-30,285.5043029785156
2016-10-03,293.89471435546875
2016-10-04,296.5154113769531
2016-10-05,300.71405029296875
2016-10-06,298.40625
2016-10-07,298.5970153808594
2016-10-10,294.36962890625
2016-10-13,290.3885498046875
2016-10-14,305.2276916503906
2016-10-17,299.9395751953125
2016-10-18,305.0791015625
2016-10-19,301.46856689453125
2016-10-20,303.6988525390625
2016-10-21,304.8659973144531
2016-10-24,304.1670227050781
2016-10-25,301.5307006835937
2016-10-26,302.92657470703125
2016-10-27,307.8773803710937
2016-10-28,310.043212890625
2016-11-01,301.5484313964844
2016-11-02,299.98614501953125
2016-11-03,298.1488342285156
2016-11-04,295.3216552734375
2016-11-07,286.6227111816406
2016-11-08,286.3407897949219
2016-11-09,283.5092468261719
2016-11-10,284.9384155273437
2016-11-11,277.6220092773437
2016-11-15,264.413818359375
2016-11-16,264.76666259765625
2016-11-17,264.4294128417969
2016-11-18,261.04296875
2016-11-21,260.43719482421875
2016-11-22,261.5867004394531
2016-11-23,262.5586853027344
2016-11-24,271.7723388671875
2016-11-25,273.3612976074219
2016-11-28,279.115478515625
2016-11-29,279.119873046875
2016-11-30,279.15093994140625
2016-12-01,278.9001770019531
2016-12-02,276.54351806640625
2016-12-05,276.4570007324219
2016-12-06,278.0946350097656
2016-12-07,278.8069763183594
2016-12-08,280.9706420898437
2016-12-09,282.64581298828125
2016-12-12,280.9260559082031
2016-12-13,281.63134765625
2016-12-14,277.4310607910156
2016-12-15,274.83258056640625
2016-12-16,272.0938720703125
2016-12-19,268.3363342285156
2016-12-20,263.3173217773437
2016-12-21,260.13592529296875
2016-12-22,256.6387023925781
2016-12-23,258.2294006347656
2016-12-26,259.760009765625
2016-12-27,261.5197448730469
2016-12-28,262.41412353515625
2016-12-29,265.8245544433594
2016-12-30,268.2295837402344
2017-01-02,265.82916259765625
2017-01-03,268.1873474121094
2017-01-04,262.0804138183594
2017-01-05,263.4886779785156
2017-01-06,263.8468322753906
2017-01-09,263.00146484375
2017-01-10,262.7745666503906
2017-01-11,263.1771240234375
2017-01-12,260.5163879394531
2017-01-13,262.487548828125
2017-01-16,261.7823181152344
2017-01-17,262.3318786621094
2017-01-18,263.3307189941406
2017-01-19,263.0281066894531
2017-01-20,262.50982666015625
2017-01-23,263.5888061523437
2017-01-24,265.0882873535156
2017-01-25,265.4530639648437
2017-01-27,263.1505126953125
2017-01-30,262.4965209960937
2017-01-31,260.3762512207031
2017-02-01,263.0726623535156
2017-02-02,266.7145080566406
2017-02-03,270.9059143066406
2017-02-06,280.561279296875
2017-02-07,272.67462158203125
2017-02-08,275.5599975585937
2017-02-09,275.7201538085937
2017-02-10,274.89703369140625
2017-02-13,275.8737487792969
2017-02-14,275.5599975585937
2017-02-15,274.5033569335937
2017-02-16,276.2141418457031
2017-02-17,277.6690673828125
2017-02-20,279.609130859375
2017-02-21,283.72039794921875
2017-02-22,284.6681213378906
2017-02-23,283.9584350585937
2017-02-27,282.0828857421875
2017-02-28,278.2809143066406
2017-03-01,278.1096496582031
2017-03-02,275.7603454589844
2017-03-03,275.4021911621094
2017-03-06,279.1018371582031
2017-03-07,281.1641845703125
2017-03-08,282.3810729980469
2017-03-09,276.3475952148437
2017-03-10,272.8303527832031
2017-03-14,272.28082275390625
2017-03-15,271.63787841796875
2017-03-16,273.66015625
2017-03-17,276.8505249023437
2017-03-20,280.1741638183594
2017-03-21,281.8828430175781
2017-03-22,282.16748046875
2017-03-23,282.0162048339844
2017-03-24,282.65478515625
2017-03-27,287.5847473144531
2017-03-28,289.2822265625
2017-03-29,288.91290283203125
2017-03-30,293.8962707519531
2017-03-31,297.25347900390625
2017-04-03,292.71063232421875
2017-04-05,294.9130249023437
2017-04-06,294.4124450683594
2017-04-07,294.5415344238281
2017-04-10,294.9330749511719
2017-04-11,291.8517761230469
2017-04-12,290.04754638671875
2017-04-13,286.468017578125
2017-04-17,280.8527526855469
2017-04-18,281.9985046386719
2017-04-19,280.25201416015625
2017-04-20,282.08526611328125
2017-04-21,282.7059326171875
2017-04-24,279.7737731933594
2017-04-25,281.3443908691406
2017-04-26,285.84716796875
2017-04-27,298.2101745605469
2017-04-28,298.0142517089844
2017-05-02,298.7840576171875
2017-05-03,298.806396484375
2017-05-04,299.6940002441406
2017-05-05,299.2912902832031
2017-05-08,298.5215759277344
2017-05-09,298.3280639648437
2017-05-10,307.9188537597656
2017-05-11,305.08013916015625
2017-05-12,303.5160522460937
2017-05-15,294.1010131835937
2017-05-16,288.2899780273437
2017-05-17,291.7784118652344
2017-05-18,290.5258483886719
2017-05-19,292.4324645996094
2017-05-22,295.1983337402344
2017-05-23,294.6903686523437
2017-05-24,292.11920166015625
2017-05-25,290.839111328125
2017-05-26,297.556884765625
2017-05-29,296.1604919433594
2017-05-30,295.4198303222656
2017-05-31,297.4025573730469
2017-06-01,295.6458740234375
2017-06-02,297.55908203125
2017-06-05,300.4950256347656
2017-06-06,298.839111328125
2017-06-07,298.5079345703125
2017-06-08,297.7046203613281
2017-06-09,298.405029296875
2017-06-12,298.0760803222656
2017-06-13,299.41650390625
2017-06-14,299.1590881347656
2017-06-15,299.2933654785156
2017-06-16,302.5336608886719
2017-06-19,301.57598876953125
2017-06-20,299.8125915527344
2017-06-21,302.5202331542969
2017-06-22,303.4198303222656
2017-06-23,297.1585998535156
2017-06-27,295.3818359375
2017-06-28,297.55908203125
2017-06-29,302.0390625
2017-06-30,301.5065002441406
2017-07-03,301.5781555175781
2017-07-04,306.4251403808594
2017-07-05,309.1842956542969
2017-07-06,309.6161804199219
2017-07-07,307.47021484375
2017-07-10,304.5812072753906
2017-07-11,303.3705444335937
2017-07-12,305.32421875
2017-07-13,303.6994934082031
2017-07-14,304.8251647949219
2017-07-17,307.8349609375
2017-07-18,306.6847229003906
2017-07-19,310.5157470703125
2017-07-20,307.4410400390625
2017-07-21,304.6506042480469
2017-07-24,305.9395446777344
2017-07-25,305.2099914550781
2017-07-26,303.6929016113281
2017-07-27,304.31951904296875
2017-07-28,303.4712829589844
2017-07-31,302.8648986816406
2017-08-01,299.99383544921875
2017-08-02,301.0523681640625
2017-08-03,301.93603515625
2017-08-04,300.633056640625
2017-08-07,302.330810546875
2017-08-08,299.7045593261719
2017-08-09,301.87554931640625
2017-08-10,297.9573974609375
2017-08-11,293.548095703125
2017-08-14,298.39923095703125
2017-08-16,299.6484069824219
2017-08-17,298.4148254394531
2017-08-18,298.44171142578125
2017-08-21,296.90997314453125
2017-08-22,296.2416381835937
2017-08-23,296.31787109375
2017-08-24,296.1632080078125
2017-08-28,316.1687316894531
2017-08-29,312.0240783691406
2017-08-30,315.4891967773437
2017-08-31,319.4274597167969
2017-09-01,314.6750183105469
2017-09-04,307.9242858886719
2017-09-05,315.2335205078125
2017-09-06,312.80224609375
2017-09-07,319.9342956542969
2017-09-08,323.0226135253906
2017-09-11,327.23016357421875
2017-09-12,331.4263000488281
2017-09-13,324.72271728515625
2017-09-14,324.489501953125
2017-09-15,329.6456298828125
2017-09-18,326.9295654296875
2017-09-19,325.4179077148437
2017-09-20,323.11016845703125
2017-09-21,320.546630859375
2017-09-22,321.5940246582031
2017-09-25,320.5555114746094
2017-09-26,316.4423217773437
2017-09-27,318.5663146972656
2017-09-28,320.1609191894531
2017-09-29,323.70001220703125
2017-10-03,327.8737487792969
2017-10-04,328.8179626464844
2017-10-05,325.6893005371094
2017-10-06,329.81378173828125
2017-10-09,327.2278747558594
2017-10-10,326.9183654785156
2017-10-11,326.94305419921875
2017-10-12,331.0742492675781
2017-10-13,329.4819030761719
2017-10-16,326.6761169433594
2017-10-17,330.7624816894531
2017-10-18,325.011962890625
2017-10-19,323.6864929199219
2017-10-23,323.6864929199219
2017-10-24,324.68902587890625
2017-10-25,320.8696594238281
2017-10-26,320.4883117675781
2017-10-27,321.6434020996094
2017-10-30,323.8412475585937
2017-10-31,324.70928955078125
2017-11-01,328.23931884765625
2017-11-02,326.9003295898437
2017-11-03,332.5343322753906
2017-11-06,340.65313720703125
2017-11-07,345.1858215332031
2017-11-08,351.1628112792969
2017-11-09,349.8418273925781
2017-11-10,349.21160888671875
2017-11-13,346.27801513671875
2017-11-14,342.7254333496094
2017-11-15,346.3340759277344
2017-11-16,342.83758544921875
2017-11-17,344.9547119140625
2017-11-20,346.497802734375
2017-11-21,347.3769836425781
2017-11-22,341.18914794921875
2017-11-23,341.1151733398437
2017-11-24,336.5174255371094
2017-11-27,336.1585693359375
2017-11-28,336.31787109375
2017-11-29,336.8851623535156
2017-11-30,343.7503662109375
2017-12-01,345.2284240722656
2017-12-04,345.6275939941406
2017-12-05,344.9884033203125
2017-12-06,345.775634765625
2017-12-07,350.6357116699219
2017-12-08,355.30291748046875
2017-12-11,354.6092834472656
2017-12-12,357.31640625
2017-12-13,357.4537353515625
2017-12-14,354.79840087890625
2017-12-15,353.5304870605469
2017-12-18,357.1474609375
2017-12-19,355.71734619140625
2017-12-20,357.8794250488281
2017-12-21,355.8164367675781
2017-12-22,355.08892822265625
2017-12-26,352.6205749511719
2017-12-27,348.6590576171875
2017-12-28,348.3189392089844
2017-12-29,354.5304870605469
2018-01-01,354.1835632324219
2018-01-02,354.1993713378906
2018-01-03,354.0440368652344
2018-01-04,354.45611572265625
2018-01-05,353.8930969238281
2018-01-08,357.69482421875
2018-01-09,350.4022521972656
2018-01-10,353.4381408691406
2018-01-11,354.68359375
2018-01-12,350.8526611328125
2018-01-15,349.4428405761719
2018-01-16,350.1928405761719
2018-01-17,349.6207275390625
2018-01-18,348.4631042480469
2018-01-19,345.9609375
2018-01-22,345.3461303710937
2018-01-23,342.31475830078125
2018-01-24,342.0084228515625
2018-01-25,337.40728759765625
2018-01-29,339.2134704589844
2018-01-30,335.8375549316406
2018-01-31,336.4342041015625
2018-02-01,329.3039855957031
2018-02-02,321.4034423828125
2018-02-05,321.36962890625
2018-02-06,316.0365600585937
2018-02-07,315.61767578125
2018-02-08,314.67169189453125
2018-02-09,313.9352722167969
2018-02-12,321.6939697265625
2018-02-14,327.23651123046875
2018-02-15,341.57147216796875
2018-02-16,342.006103515625
2018-02-19,338.12567138671875
2018-02-20,341.0963439941406
2018-02-21,342.2178955078125
2018-02-22,339.7742919921875
2018-02-23,341.55352783203125
2018-02-26,343.465576171875
2018-02-27,349.5329284667969
2018-02-28,349.6094665527344
2018-03-01,353.56201171875
2018-03-05,347.4631652832031
2018-03-06,346.330322265625
2018-03-07,347.0330810546875
2018-03-08,347.2852478027344
2018-03-09,344.91143798828125
2018-03-12,343.1840209960937
2018-03-13,346.8438415527344
2018-03-14,344.4790954589844
2018-03-15,347.7267150878906
2018-03-16,346.6231384277344
2018-03-19,345.1795654296875
2018-03-20,353.2038879394531
2018-03-21,353.7354736328125
2018-03-22,353.17242431640625
2018-03-23,351.0575866699219
2018-03-26,352.6454162597656
2018-03-27,365.4219665527344
2018-03-28,369.5140686035156
2018-04-02,374.2615356445313
2018-04-03,375.8380737304688
2018-04-04,376.1579284667969
2018-04-05,377.6533508300781
2018-04-06,375.9732055664063
2018-04-09,377.5633239746094
2018-04-10,382.8265686035156
2018-04-11,381.8018798828125
2018-04-12,389.0357971191406
2018-04-13,391.3126831054688
2018-04-16,394.1009216308594
2018-04-17,406.001220703125
2018-04-18,404.27392578125
2018-04-19,411.9447937011719
2018-04-20,412.6857299804688
2018-04-23,401.1253967285156
2018-04-24,397.373291015625
2018-04-25,393.4320373535156
2018-04-26,407.32330322265625
2018-04-27,408.1678466796875
2018-04-30,423.2506408691406
2018-05-02,414.4536437988281
2018-05-03,409.8322143554688
2018-05-04,410.4065246582031
2018-05-07,409.5642395019531
2018-05-08,410.6903076171875
2018-05-09,410.8276672363281
2018-05-10,404.5577087402344
2018-05-11,428.9462890625
2018-05-14,431.1263732910156
2018-05-15,430.8470764160156
2018-05-16,435.6341857910156
2018-05-17,439.15667724609375
2018-05-18,438.1453247070313
2018-05-21,429.2250671386719
2018-05-22,435.91705322265625
2018-05-23,436.2359313964844
2018-05-24,437.32415771484375
2018-05-25,440.4664916992188
2018-05-28,437.0391845703125
2018-05-29,430.3992004394531
2018-05-30,431.2022705078125
2018-05-31,436.8106689453125
2018-06-01,447.8756713867188
2018-06-04,444.1858520507813
2018-06-05,431.4557189941406
2018-06-06,441.6226196289063
2018-06-07,442.8487854003906
2018-06-08,447.4367370605469
2018-06-11,448.69915771484375
2018-06-12,444.9663391113281
2018-06-13,445.0930480957031
2018-06-14,441.4597473144531
2018-06-15,440.8149719238281
2018-06-18,435.2066040039063
2018-06-19,435.1976013183594
2018-06-20,440.025390625
2018-06-21,445.6969909667969
2018-06-22,446.6314392089844
2018-06-25,447.7105712890625
2018-06-26,456.2892456054688
2018-06-27,452.4365234375
2018-06-28,442.1723327636719
2018-06-29,443.8736267089844
2018-07-02,441.83978271484375
2018-07-03,442.72216796875
2018-07-04,446.2536010742188
2018-07-05,450.5225830078125
2018-07-06,449.88909912109375
2018-07-09,447.9163818359375
2018-07-10,452.7035217285156
2018-07-11,461.09222412109375
2018-07-12,453.7803649902344
2018-07-13,458.8909606933594
2018-07-16,461.5469665527344
2018-07-17,475.6208801269531
2018-07-18,470.2727661132813
2018-07-19,465.5558776855469
2018-07-20,468.2207946777344
2018-07-23,470.2659912109375
2018-07-24,465.6123352050781
2018-07-25,463.03558349609375
2018-07-26,467.1212768554688
2018-07-27,465.32275390625
2018-07-30,458.0041198730469
2018-07-31,476.4647216796875
2018-08-01,490.3306579589844
2018-08-02,486.830810546875
2018-08-03,467.1529846191406
2018-08-06,476.6570739746094
2018-08-07,476.799560546875
2018-08-08,487.1405944824219
2018-08-09,492.3938598632813
2018-08-10,484.3975830078125
2018-08-13,491.8860473632813
2018-08-14,492.1445007324219
2018-08-16,492.1580505371094
2018-08-17,492.87213134765625
2018-08-20,491.4237365722656
2018-08-21,493.4794921875
2018-08-23,523.2906494140625
2018-08-24,515.070068359375
2018-08-27,513.7396240234375
2018-08-28,513.4109497070312
2018-08-29,512.1962890625
2018-08-30,511.6114196777344
2018-08-31,525.0222778320312
2018-09-03,511.22607421875
2018-09-04,491.4305419921875
2018-09-05,470.7986450195313
2018-09-06,468.5095520019531
2018-09-07,473.5411376953125
2018-09-10,468.27154541015625
2018-09-11,455.4613342285156
2018-09-12,469.3458251953125
2018-09-14,468.5049133300781
2018-09-17,461.2339782714844
2018-09-18,464.3390808105469
2018-09-19,459.8718566894531
2018-09-21,441.9484252929688
2018-09-24,438.0001831054688
2018-09-25,439.5798950195313
2018-09-26,441.030517578125
2018-09-27,434.19927978515625
2018-09-28,439.6841430664063
2018-10-01,435.60455322265625
2018-10-03,423.5536193847656
2018-10-04,423.7416076660156
2018-10-05,426.9578552246094
2018-10-08,425.22845458984375
2018-10-09,430.2691955566406
2018-10-10,431.0987243652344
2018-10-11,425.3939514160156
2018-10-12,439.6932678222656
2018-10-15,437.7009887695313
2018-10-16,441.3999938964844
2018-10-17,440.8491821289063
2018-10-19,435.5773315429688
2018-10-22,437.0255737304688
2018-10-23,423.9456481933594
2018-10-24,432.1842956542969
2018-10-25,432.3679809570313
2018-10-26,433.7821960449219
2018-10-29,438.936279296875
2018-10-30,440.536376953125
2018-10-31,460.0010986328125
2018-11-01,451.9164123535156
2018-11-02,463.7090759277344
2018-11-05,468.3780822753906
2018-11-06,460.5631713867188
2018-11-07,463.2897033691406
2018-11-09,463.5436096191406
2018-11-12,458.9448852539063
2018-11-13,459.8310546875
2018-11-14,471.1748962402344
2018-11-15,474.3230285644531
2018-11-16,484.4520263671875
2018-11-19,468.8313903808594
2018-11-20,464.8422546386719
2018-11-21,464.1011657714844
2018-11-22,467.0452880859375
2018-11-26,473.8447570800781
2018-11-27,476.7980041503906
2018-11-28,484.9710693359375
2018-11-29,480.7893981933594
2018-11-30,487.96966552734375
2018-12-03,487.0993347167969
2018-12-04,479.9983215332031
2018-12-05,475.4404296875
2018-12-06,467.3218383789063
2018-12-07,471.6394653320313
2018-12-10,471.381103515625
2018-12-11,482.0631408691406
2018-12-12,493.9136352539063
2018-12-13,500.8273010253906
2018-12-14,500.3421936035156
2018-12-17,508.75439453125
2018-12-18,505.2655334472656
2018-12-19,508.9226684570313
2018-12-20,511.57568359375
2018-12-21,501.45794677734375
2018-12-24,497.493408203125
2018-12-26,490.5115966796875
2018-12-27,498.3815612792969
2018-12-28,512.7620239257812
2018-12-31,504.8488464355469
2019-01-01,501.6697998046875
2019-01-02,502.5967102050781
2019-01-03,510.4187622070313
2019-01-04,494.2073974609375
2019-01-07,491.2424011230469
2019-01-08,501.2302856445313
2019-01-09,512.472900390625
2019-01-10,519.9580688476562
2019-01-11,513.4180297851562
2019-01-14,511.3980407714844
2019-01-15,513.8574829101562
2019-01-16,503.5303955078125
2019-01-17,508.5310668945313
2019-01-18,512.297607421875
2019-01-21,512.6095581054688
2019-01-22,511.75787353515625
2019-01-23,515.3718872070312
2019-01-24,520.72314453125
2019-01-25,517.63525390625
2019-01-28,517.4075927734375
2019-01-29,519.1611328125
2019-01-30,519.0494995117188
2019-01-31,523.658447265625
2019-02-01,526.3318481445312
2019-02-04,525.29345703125
2019-02-05,528.6500854492188
2019-02-06,529.1033325195312
2019-02-07,533.580322265625
2019-02-08,512.0379028320312
2019-02-11,493.8567810058594
2019-02-12,491.1378784179688
2019-02-14,484.0784301757813
2019-02-15,479.8269653320313
2019-02-18,471.355712890625
2019-02-19,478.9137268066406
2019-02-20,479.205322265625
2019-02-21,483.7663879394531
2019-02-22,486.6585998535156
2019-02-25,493.3170471191406
2019-02-26,492.0758666992188
2019-02-27,487.945068359375
2019-02-28,484.5771484375
2019-03-01,476.0171813964844
2019-03-05,478.48333740234375
2019-03-06,470.048583984375
2019-03-07,464.7018127441406
2019-03-08,459.77392578125
2019-03-11,468.7756958007813
2019-03-12,474.9741516113281
2019-03-13,488.3823852539063
2019-03-14,489.111083984375
2019-03-15,468.6435546875
2019-03-18,476.23577880859375
2019-03-19,487.6399536132813
2019-03-20,479.5856018066406
2019-03-22,482.79638671875
2019-03-25,479.5013732910156
2019-03-26,486.9522705078125
2019-03-27,496.0657348632813
2019-03-28,504.3138122558594
2019-04-01,497.1199951171875
2019-04-02,491.2744140625
2019-04-03,501.1552734375
2019-04-04,499.2468566894531
2019-04-05,500.1077270507813
2019-04-08,494.1801452636719
2019-04-09,491.42236328125
2019-04-10,492.4197387695313
2019-04-11,490.2405700683594
2019-04-12,499.7912902832031
2019-04-15,499.6226806640625
2019-04-16,508.080078125
2019-04-18,498.9097290039063
2019-04-22,495.5145263671875
2019-04-23,496.8945617675781
2019-04-24,493.3968200683594
2019-04-25,493.9910278320313
2019-04-26,499.6751098632813
2019-04-30,497.80572509765625
2019-05-02,483.399169921875
2019-05-03,478.6517639160156
2019-05-06,474.1363830566406
2019-05-07,479.3105773925781
2019-05-08,471.133056640625
2019-05-09,474.0540466308594
2019-05-10,468.0587158203125
2019-05-13,471.2107849121094
2019-05-14,466.5718994140625
2019-05-15,469.769775390625
2019-05-16,470.31878662109375
2019-05-17,478.7867431640625
2019-05-20,492.6255798339844
2019-05-21,485.3540344238281
2019-05-22,489.5331115722656
2019-05-23,493.9477233886719
2019-05-24,487.6802673339844
2019-05-27,504.8908386230469
2019-05-28,508.0451965332031
2019-05-29,512.6566162109375
2019-05-30,517.8947143554688
2019-05-31,526.0197143554688
2019-06-03,534.6363525390625
2019-06-04,528.5015258789062
2019-06-06,530.8324584960938
2019-06-07,526.2827758789062
2019-06-10,535.18310546875
2019-06-11,531.7313842773438
2019-06-12,535.0504760742188
2019-06-13,531.3104858398438
2019-06-14,525.6034545898438
2019-06-17,525.2305297851562
2019-06-18,524.1668701171875
2019-06-19,531.2167358398438
2019-06-20,536.0820922851562
2019-06-21,530.7225341796875
2019-06-24,535.8052978515625
2019-06-25,535.5238647460938
2019-06-26,539.9454345703125
2019-06-27,539.9616088867188
2019-06-28,544.9822998046875
2019-07-01,542.9763793945312
2019-07-02,547.3728637695312
2019-07-03,540.707275390625
2019-07-04,543.6947021484375
2019-07-05,547.0089111328125
2019-07-08,539.8974609375
2019-07-09,534.6637573242188
2019-07-10,528.41455078125
2019-07-11,526.4178466796875
2019-07-12,533.982177734375
2019-07-15,525.395263671875
2019-07-16,535.6520385742188
2019-07-17,535.0457763671875
2019-07-18,530.5327758789062
2019-07-19,528.259033203125
2019-07-22,517.171875
2019-07-23,524.7684936523438
2019-07-24,525.1870727539062
2019-07-25,525.8779296875
2019-07-26,531.7450561523438
2019-07-29,531.6077880859375
2019-07-30,527.7787475585938
2019-07-31,534.1538696289062
2019-08-01,528.2567138671875
2019-08-02,522.0579223632812
2019-08-05,535.8418579101562
2019-08-06,541.549072265625
2019-08-07,538.7993774414062
2019-08-08,541.6725463867188
2019-08-09,558.245361328125
2019-08-13,553.5977172851562
2019-08-14,560.2584838867188
2019-08-16,558.7620239257812
2019-08-19,561.6572265625
2019-08-20,557.1515502929688
2019-08-21,586.21044921875
2019-08-22,580.43408203125
2019-08-23,578.9749145507812
2019-08-26,576.773193359375
2019-08-27,580.54345703125
2019-08-28,582.640380859375
2019-08-29,591.9240112304688
2019-08-30,599.2947387695312
2019-09-03,590.7184448242188
2019-09-04,580.9344482421875
2019-09-05,587.0506591796875
2019-09-06,587.134521484375
2019-09-09,597.486328125
2019-09-11,593.8836669921875
2019-09-12,584.4789428710938
2019-09-13,590.6416625976562
2019-09-16,597.700439453125
2019-09-17,594.13037109375
2019-09-18,599.006103515625
2019-09-19,590.9022827148438
2019-09-20,628.3489379882812
2019-09-23,638.300537109375
2019-09-24,625.1511840820312
2019-09-25,626.4451904296875
2019-09-26,648.6058349609375
2019-09-27,639.58984375
2019-09-30,646.5134887695312
2019-10-01,636.8273315429688
2019-10-03,638.1446533203125
2019-10-04,625.630615234375
2019-10-07,633.1874389648438
2019-10-09,645.0543823242188
2019-10-10,643.2647094726562
2019-10-11,653.1582641601562
2019-10-14,659.5164184570312
2019-10-15,655.6904907226562
2019-10-16,668.01123046875
2019-10-17,675.7077026367188
2019-10-18,690.537353515625
2019-10-22,699.12744140625
2019-10-23,697.4052124023438
2019-10-24,682.6500854492188
2019-10-25,689.0431518554688
2019-10-27,689.510986328125
2019-10-29,684.2210083007812
2019-10-30,696.6978149414062
2019-10-31,695.7296142578125
2019-11-01,696.3253784179688
2019-11-04,689.5086059570312
2019-11-05,681.9144897460938
2019-11-06,681.8888549804688
2019-11-07,684.7562866210938
2019-11-08,673.5874633789062
2019-11-11,656.6979370117188
2019-11-13,662.5069580078125
2019-11-14,662.4186401367188
2019-11-15,665.406982421875
2019-11-18,655.632080078125
2019-11-19,657.1007690429688
2019-11-20,662.2929077148438
2019-11-21,660.0029296875
2019-11-22,659.6329345703125
2019-11-25,674.3090209960938
2019-11-26,676.05908203125
2019-11-27,677.8416748046875
2019-11-28,682.3497924804688
2019-11-29,672.7799072265625
2019-12-02,677.6066284179688
2019-12-03,668.1041870117188
2019-12-04,665.9049072265625
2019-12-05,665.1322631835938
2019-12-06,659.3907470703125
2019-12-09,662.4721069335938
2019-12-10,658.4630737304688
2019-12-11,657.2621459960938
2019-12-12,661.4185180664062
2019-12-13,668.2709350585938
2019-12-16,661.2640991210938
2019-12-17,661.1474609375
2019-12-18,663.107666015625
2019-12-19,667.5140380859375
2019-12-20,694.2815551757812
2019-12-23,679.0602416992188
2019-12-24,681.5601196289062
2019-12-26,682.1792602539062
2019-12-27,685.2118530273438
2019-12-30,693.9848022460938
2019-12-31,690.8753051757812
2020-01-01,690.5807495117188
2020-01-02,688.2584838867188
2020-01-03,681.9152221679688
2020-01-06,673.6469116210938
2020-01-07,667.7639770507812
2020-01-08,672.4600219726562
2020-01-09,684.2445678710938
2020-01-10,686.2257080078125
2020-01-13,684.9362182617188
2020-01-14,694.7651977539062
2020-01-15,694.3726196289062
2020-01-16,717.4885864257812
2020-01-17,721.439208984375
2020-01-20,720.4020385742188
2020-01-21,714.0237426757812
2020-01-22,726.544189453125
2020-01-23,726.5511474609375
2020-01-24,736.20751953125
2020-01-27,732.027587890625
2020-01-28,720.3739624023438
2020-01-29,741.4057006835938
2020-01-30,725.240478515625
2020-01-31,717.701171875
2020-02-03,761.6968994140625
2020-02-04,768.9210205078125
2020-02-05,765.6149291992188
2020-02-06,760.947021484375
2020-02-07,762.94921875
2020-02-10,755.6784057617188
2020-02-11,747.4990234375
2020-02-12,761.5428466796875
2020-02-13,766.8929443359375
2020-02-14,764.2880249023438
2020-02-17,775.1286010742188
2020-02-18,766.5029296875
2020-02-19,784.3150634765625
2020-02-20,772.8411865234375
2020-02-24,763.3908081054688
2020-02-25,765.4118041992188
2020-02-26,758.8535766601562
2020-02-27,759.9564208984375
2020-02-28,737.2984008789062
2020-03-02,752.7698364257812
2020-03-03,764.4257202148438
2020-03-04,772.9348754882812
2020-03-05,774.5608520507812
2020-03-06,767.6919555664062
2020-03-09,749.0970458984375
2020-03-11,749.9006958007812
2020-03-12,727.33154296875
2020-03-13,700.52197265625
2020-03-16,672.7380981445312
2020-03-17,679.4573974609375
2020-03-18,632.5342407226562
2020-03-19,613.0724487304688
2020-03-20,660.9769897460938
2020-03-23,604.8646850585938
2020-03-24,629.802978515625
2020-03-25,674.9296264648438
2020-03-26,697.1505737304688
2020-03-27,705.9796142578125
2020-03-30,731.681884765625
2020-03-31,761.6783447265625
2020-04-01,731.4903564453125
2020-04-03,705.795166015625
2020-04-07,796.1651611328125
2020-04-08,788.343017578125
2020-04-09,786.8688354492188
2020-04-13,775.6660766601562
2020-04-15,809.5874633789062
2020-04-16,836.1915283203125
2020-04-17,809.5126953125
2020-04-20,793.25634765625
2020-04-21,795.0763549804688
2020-04-22,824.3602294921875
2020-04-23,814.734375
2020-04-24,813.3326416015625
2020-04-27,838.787109375
2020-04-28,820.9771118164062
2020-04-29,817.2413330078125
2020-04-30,837.5652465820312
2020-05-04,815.6876831054688
2020-05-05,814.0546264648438
2020-05-06,808.8118286132812
2020-05-07,801.0154418945312
2020-05-08,831.8785400390625
2020-05-11,820.6244506835938
2020-05-12,815.9447021484375
2020-05-13,771.5726318359375
2020-05-14,758.96337890625
2020-05-15,768.36962890625
2020-05-18,758.8629760742188
2020-05-19,754.6552124023438
2020-05-20,761.80908203125
2020-05-21,761.437744140625
2020-05-22,757.6854248046875
2020-05-26,778.245361328125
2020-05-27,781.112060546875
2020-05-28,793.8521728515625
2020-05-29,819.629150390625
2020-06-01,802.93115234375
2020-06-02,795.0343017578125
2020-06-03,813.4027099609375
2020-06-04,803.545654296875
2020-06-05,798.8848266601562
2020-06-08,786.7052612304688
2020-06-09,773.4511108398438
2020-06-10,772.616943359375
2020-06-11,778.927490234375
2020-06-12,773.6770629882812
2020-06-15,769.174560546875
2020-06-16,766.4450073242188
2020-06-17,759.69384765625
2020-06-18,758.7933349609375
2020-06-19,754.8489379882812
2020-06-22,757.0040283203125
2020-06-23,776.122802734375
2020-06-24,783.603515625
2020-06-25,787.3107299804688
2020-06-26,782.17529296875
2020-06-29,784.39599609375
2020-06-30,805.4822998046875
2020-07-01,787.8665771484375
2020-07-02,787.4210205078125
2020-07-03,783.0243530273438
2020-07-06,788.0143432617188
2020-07-07,793.1920776367188
2020-07-08,788.0167236328125
2020-07-09,786.0023193359375
2020-07-10,789.4729614257812
2020-07-13,795.2769165039062
2020-07-14,792.4135131835938
2020-07-15,793.0208740234375
2020-07-16,820.5465087890625
2020-07-17,808.0852661132812
2020-07-20,808.8848266601562
2020-07-21,810.2262573242188
2020-07-22,804.4224243164062
2020-07-23,809.32568359375
2020-07-24,809.1124267578125
2020-07-27,813.727294921875
2020-07-28,801.7747802734375
2020-07-29,778.4396362304688
2020-07-30,774.9761352539062
2020-07-31,774.8917236328125
2020-08-03,775.0137329101562
2020-08-04,777.6025390625
2020-08-05,774.0076293945312
2020-08-06,782.1588745117188
2020-08-07,787.3858032226562
2020-08-10,781.6242065429688
2020-08-11,779.6097412109375
2020-08-12,775.7664794921875
2020-08-13,772.6405029296875
2020-08-14,767.0359497070312
2020-08-17,770.234619140625
2020-08-18,776.4113159179688
2020-08-19,766.6162719726562
2020-08-20,760.3409423828125
2020-08-21,776.7559814453125
2020-08-24,772.856201171875
2020-08-25,763.9169921875
2020-08-26,759.31396484375
2020-08-27,755.7330932617188
2020-08-28,755.1491088867188
2020-08-31,748.0343627929688
2020-09-01,759.63525390625
2020-09-02,750.0510864257812
2020-09-03,768.867431640625
2020-09-04,761.3095092773438
2020-09-07,769.3246459960938
2020-09-08,756.3333129882812
2020-09-09,765.0567016601562
2020-09-10,770.1314086914062
2020-09-11,765.6594848632812
2020-09-14,754.3072509765625
2020-09-15,752.3209838867188
2020-09-16,759.6774291992188
2020-09-17,756.0919799804688
2020-09-18,754.483154296875
2020-09-21,723.7025756835938
2020-09-22,712.8453369140625
2020-09-23,720.6682739257812
2020-09-24,715.6405639648438
2020-09-25,738.0563354492188
2020-09-28,737.2591552734375
2020-09-29,732.618408203125
2020-09-30,746.5851440429688
2020-10-01,750.4238891601562
2020-10-05,751.9552612304688
2020-10-06,744.6248168945312
2020-10-07,755.765869140625
2020-10-08,764.686279296875
2020-10-09,751.9998779296875
2020-10-12,745.8136596679688
2020-10-13,735.0642700195312
2020-10-14,735.0667114257812
2020-10-15,731.7694091796875
2020-10-16,723.67919921875
2020-10-19,754.7693481445312
2020-10-20,762.2451171875
2020-10-21,751.8475341796875
2020-10-22,746.1536865234375
2020-10-23,744.0901489257812
2020-10-26,762.5641479492188
2020-10-27,808.0805053710938
2020-10-28,802.8887939453125
2020-10-29,797.5209350585938
2020-10-30,811.27734375
2020-11-02,809.072021484375
2020-11-03,798.55615234375
2020-11-04,803.5009155273438
2020-11-05,814.0994262695312
2020-11-06,803.9524536132812
2020-11-09,819.3326416015625
2020-11-10,784.953369140625
2020-11-11,789.3427124023438
2020-11-12,790.33544921875
2020-11-13,795.3959350585938
2020-11-14,795.98681640625
2020-11-17,802.8271484375
2020-11-18,797.615478515625
2020-11-19,800.5250854492188
2020-11-20,825.4024047851562
2020-11-23,840.8134155273438
2020-11-24,835.6699829101562
2020-11-25,828.2293701171875
2020-11-26,838.7120361328125
2020-11-27,845.6611938476562
2020-12-01,823.4050903320312
2020-12-02,816.2339477539062
2020-12-03,826.9033813476562
2020-12-04,842.8129272460938
2020-12-07,830.2312622070312
2020-12-08,828.19384765625
2020-12-09,830.5433959960938
2020-12-10,867.5839233398438
2020-12-11,869.8719482421875
2020-12-14,878.8869018554688
2020-12-15,859.8880004882812
2020-12-16,866.2011108398438
2020-12-17,865.3455810546875
2020-12-18,868.0592041015625
2020-12-21,860.0155029296875
2020-12-22,877.0786743164062
2020-12-23,885.5476684570312
2020-12-24,877.683837890625
2020-12-28,879.1492309570312
2020-12-29,863.3269653320312
2020-12-30,868.8390502929688
2020-12-31,869.3590698242188
2021-01-01,872.2166748046875
2021-01-04,868.7775268554688
2021-01-05,877.3009643554688
2021-01-06,875.2681884765625
2021-01-07,856.9285888671875
2021-01-08,865.3881225585938
2021-01-11,869.4158325195312
2021-01-12,850.8683471679688
2021-01-13,851.8232421875
2021-01-14,857.17919921875
2021-01-15,843.0634765625
2021-01-18,833.452880859375
2021-01-19,839.3148193359375
2021-01-20,835.844970703125
2021-01-21,837.49951171875
2021-01-22,831.5099487304688
2021-01-25,823.26806640625
2021-01-27,829.0755004882812
2021-01-28,821.9632568359375
2021-01-29,806.474365234375
2021-02-01,807.7837524414062
2021-02-02,812.634033203125
2021-02-03,811.5042114257812
2021-02-04,807.1361694335938
2021-02-05,809.10986328125
2021-02-08,813.952880859375
2021-02-09,818.7156372070312
2021-02-10,812.0218505859375
2021-02-11,823.126220703125
2021-02-12,817.5503540039062
2021-02-15,826.32177734375
2021-02-16,813.9080810546875
2021-02-17,791.4038696289062
2021-02-18,773.6055908203125
2021-02-19,774.15869140625
2021-02-22,760.9176025390625
2021-02-23,764.3991088867188
2021-02-24,772.7285766601562
2021-02-25,761.74951171875
2021-02-26,761.1680908203125
2021-03-01,770.1900634765625
2021-03-02,783.6014404296875
2021-03-03,789.4207153320312
2021-03-04,787.650390625
2021-03-05,793.3751220703125
2021-03-08,796.6629028320312
2021-03-09,799.4212646484375
2021-03-10,800.3973388671875
2021-03-12,790.5173950195312
2021-03-15,795.745849609375
2021-03-16,791.4393310546875
2021-03-17,777.9097900390625
2021-03-18,765.8788452148438
2021-03-19,777.6781616210938
2021-03-22,784.1639404296875
2021-03-23,788.5745849609375
2021-03-24,777.5482177734375
2021-03-25,764.4063110351562
2021-03-26,783.3934936523438
2021-03-30,811.4380493164062
2021-03-31,811.4474487304688
2021-04-01,807.5687255859375
2021-04-05,797.9913940429688
2021-04-06,807.5001220703125
2021-04-07,823.0126342773438
2021-04-08,836.2515258789062
2021-04-09,831.6424560546875
2021-04-12,827.3547973632812
2021-04-13,811.6200561523438
2021-04-15,797.7595825195312
2021-04-16,815.5554809570312
2021-04-19,807.8900756835938
2021-04-20,808.1597290039062
2021-04-22,793.7319946289062
2021-04-23,785.9437255859375
2021-04-26,797.5209350585938
2021-04-27,793.1907348632812
2021-04-28,786.3267211914062
2021-04-29,784.365966796875
2021-04-30,775.1785278320312
2021-05-03,784.5657348632812
2021-05-04,786.4597778320312
2021-05-05,786.5857543945312
2021-05-06,794.58740234375
2021-05-07,796.6668090820312
2021-05-10,797.900390625
2021-05-11,801.8357543945312
2021-05-12,794.6015625
2021-05-14,818.6636962890625
2021-05-17,809.8135986328125
2021-05-18,816.59375
2021-05-19,829.3674926757812
2021-05-20,821.5724487304688
2021-05-21,831.6370239257812
2021-05-24,825.1348876953125
2021-05-25,832.5400390625
2021-05-26,833.7379150390625
2021-05-27,843.50048828125
2021-05-28,832.2216796875
2021-05-31,841.0694580078125
2021-06-01,844.0613403320312
2021-06-02,839.0707397460938
2021-06-03,846.0053100585938
2021-06-04,828.2957153320312
2021-06-07,833.3219604492188
2021-06-08,830.9478149414062
2021-06-09,834.4910888671875
2021-06-10,834.4413452148438
2021-06-11,833.5049438476562
2021-06-14,835.4584350585938
2021-06-15,840.5584106445312
2021-06-16,853.8858032226562
2021-06-17,858.3465576171875
2021-06-18,839.8858032226562
2021-06-21,838.864013671875
2021-06-22,828.7591552734375
2021-06-23,827.725341796875
2021-06-24,837.4666137695312
2021-06-25,832.0933837890625
2021-06-28,832.0671997070312
2021-06-29,836.4923095703125
2021-06-30,838.0962524414062
2021-07-01,838.7237548828125
2021-07-02,836.6228637695312
2021-07-05,838.4932250976562
2021-07-06,830.3536376953125
2021-07-07,842.08642578125
2021-07-08,837.4262084960938
2021-07-09,838.2389526367188
2021-07-12,838.49560546875
2021-07-13,840.8958740234375
2021-07-14,833.6617431640625
2021-07-15,837.5664672851562
2021-07-16,839.10400390625
2021-07-19,843.7738037109375
2021-07-20,848.7003784179688
2021-07-22,855.292724609375
2021-07-23,862.3817138671875
2021-07-26,860.3570556640625
2021-07-27,866.2864379882812
2021-07-28,856.6117553710938
2021-07-29,851.4879150390625
2021-07-30,841.4068603515625
2021-08-02,841.9771118164062
2021-08-03,869.0431518554688
2021-08-04,858.2657470703125
2021-08-05,865.4617919921875
2021-08-06,856.5213623046875
2021-08-09,865.1552124023438
2021-08-10,868.52978515625
2021-08-11,863.5153198242188
2021-08-12,861.9017944335938
2021-08-13,868.3516235351562
2021-08-16,869.5731201171875
2021-08-17,890.35791015625
2021-08-18,898.8396606445312
2021-08-20,930.2213134765624
2021-08-23,951.6004638671876
2021-08-24,940.1361083984376
2021-08-25,946.3150634765624
2021-08-26,953.1046142578124
2021-08-27,948.5726318359376
2021-08-30,938.3489990234376
2021-08-31,925.3020629882812
2021-09-01,942.3701171875
2021-09-02,962.03564453125
2021-09-03,963.273681640625
2021-09-06,961.2086181640624
2021-09-07,968.1122436523438
2021-09-08,942.97607421875
2021-09-09,972.33056640625
2021-09-13,972.0953369140624
2021-09-14,961.5531616210938
2021-09-15,956.2654418945312
2021-09-16,951.923583984375
2021-09-17,958.9508666992188
2021-09-20,965.93310546875
2021-09-21,959.6090698242188
2021-09-22,947.0445556640624
2021-09-23,942.9474487304688
2021-09-24,944.147705078125
2021-09-27,933.5935668945312
2021-09-28,928.9618530273438
2021-09-29,927.1557006835938
2021-09-30,924.2468872070312
2021-10-01,929.208984375
2021-10-04,926.4998168945312
2021-10-05,921.8704223632812
2021-10-06,910.5391845703124
2021-10-07,905.2395629882812
2021-10-08,902.4259643554688
2021-10-11,907.09326171875
2021-10-12,922.8280029296876
2021-10-13,918.3103637695312
2021-10-14,918.5360717773438
2021-10-18,923.9093627929688
2021-10-19,920.582275390625
2021-10-20,916.2666015625
2021-10-21,914.1514892578124
2021-10-22,903.3883666992188
2021-10-25,888.632568359375
2021-10-26,918.8182983398438
2021-10-27,908.6343994140624
2021-10-28,908.0034790039062
2021-10-29,908.4216918945312
2021-11-01,905.5267333984376
2021-11-02,897.606689453125
2021-11-03,895.8473510742188
2021-11-04,903.1194458007812
2021-11-08,910.7692260742188
2021-11-09,905.5816650390624
2021-11-10,906.1625366210938
2021-11-11,901.4341430664062
2021-11-12,915.2251586914062
2021-11-15,931.201416015625
2021-11-16,930.5081176757812
2021-11-17,931.222900390625
2021-11-18,927.8020629882812
2021-11-22,908.1921997070312
2021-11-23,917.0946044921876
2021-11-24,912.5692749023438
2021-11-25,916.92724609375
2021-11-26,919.04052734375
2021-11-29,908.4336547851562
2021-11-30,915.7081298828124
2021-12-01,927.4338989257812
2021-12-02,932.47314453125
2021-12-03,923.7787475585938
2021-12-06,909.2034912109376
2021-12-07,924.8736572265624
2021-12-08,931.3208618164062
2021-12-09,922.0287475585938
2021-12-10,921.3355712890624
2021-12-13,907.553955078125
2021-12-14,919.8318481445312
2021-12-15,918.125
2021-12-16,920.709228515625
2021-12-17,912.2227783203124
2021-12-20,902.7369384765624
2021-12-21,918.9568481445312
2021-12-22,917.5274047851562
2021-12-23,918.3856201171876
2021-12-24,919.1339111328124
2021-12-27,922.8703002929688
2021-12-28,925.3875122070312
2021-12-29,927.5222778320312
2021-12-30,927.852294921875
2021-12-31,942.1549072265624
2022-01-03,940.828125
2022-01-04,950.921142578125
2022-01-05,953.1539306640624
2022-01-06,939.3746948242188
2022-01-07,951.5809936523438
2022-01-10,942.2649536132812
2022-01-11,944.8443603515624
2022-01-12,942.2218627929688
2022-01-13,942.5709228515624
2022-01-14,927.5462036132812
2022-01-17,924.3451538085938
2022-01-18,926.5636596679688
2022-01-19,905.40234375
2022-01-20,895.7015991210938
2022-01-21,907.1835327148438
2022-01-24,894.9197998046875
2022-01-25,898.4099731445312
2022-01-27,879.0321044921875
2022-01-28,878.9818725585938
2022-01-31,885.5392456054688
2022-02-01,892.7181396484375
2022-02-02,884.5399169921875
2022-02-03,875.26220703125
2022-02-04,876.4598999023438
2022-02-07,864.08154296875
2022-02-08,864.7699584960938
2022-02-09,867.0602416992188
2022-02-10,867.2896118164062
2022-02-11,851.7677612304688
2022-02-14,844.8374633789062
2022-02-15,869.5486450195312
2022-02-16,871.3034057617188
2022-02-17,866.6275634765625
2022-02-18,861.0478515625
2022-02-21,865.6759033203125
2022-02-22,865.9103393554688
2022-02-23,857.0963134765625
2022-02-24,848.3993530273438
2022-02-25,846.98193359375
2022-02-28,843.3505249023438
2022-03-02,853.1734619140625
2022-03-03,833.6614990234375
2022-03-04,831.52685546875
2022-03-07,829.1456909179688
2022-03-08,825.3806762695312
2022-03-09,819.7532958984375
2022-03-10,843.8263549804688
2022-03-11,828.44775390625
2022-03-14,830.3482666015625
2022-03-15,834.8616333007812
2022-03-16,852.1597900390625
2022-03-17,874.191162109375
2022-03-21,854.6961669921875
2022-03-22,833.3150634765625
2022-03-23,829.2485961914062
2022-03-24,832.3037719726562
2022-03-25,820.4991455078125
2022-03-28,806.1007080078125
2022-03-29,809.0578002929688
2022-03-30,827.0397338867188
2022-03-31,830.9864501953125
2022-04-01,839.432373046875
2022-04-04,852.00439453125
2022-04-05,861.71240234375
2022-04-06,870.9663696289062
2022-04-07,869.6107788085938
2022-04-08,882.252197265625
2022-04-11,880.9876098632812
2022-04-12,880.5787963867188
2022-04-13,878.8862915039062
2022-04-18,887.44921875
2022-04-19,858.1456298828125
2022-04-20,875.1953125
2022-04-21,874.606689453125
2022-04-22,873.8763427734375
2022-04-25,873.249267578125
2022-04-26,884.8311157226562
2022-04-27,875.5699462890625
2022-04-28,885.4052734375
2022-04-29,880.7255249023438
2022-05-02,886.0228271484375
2022-05-04,869.071533203125
2022-05-05,845.8165893554688
2022-05-06,816.5892944335938
2022-05-09,792.9931640625
2022-05-10,793.77392578125
2022-05-11,793.3799438476562
2022-05-12,779.3308715820312
2022-05-13,788.12109375
2022-05-16,779.2755126953125
2022-05-17,784.298828125
2022-05-18,785.2694702148438
2022-05-19,773.2888793945312
2022-05-20,810.1773681640625
2022-05-23,816.5340576171875
2022-05-24,825.7975463867188
2022-05-25,830.4412841796875
2022-05-26,848.1588134765625
2022-05-27,847.6087646484375
2022-05-30,850.7725219726562
2022-05-31,850.0327758789062
2022-06-01,828.4137573242188
2022-06-02,835.7289428710938
2022-06-03,825.02392578125
2022-06-06,816.658935546875
2022-06-07,804.6470336914062
2022-06-08,803.5347900390625
2022-06-09,805.6680908203125
2022-06-10,805.9923706054688
2022-06-13,809.8145141601562
2022-06-14,810.63134765625
2022-06-15,807.308837890625
2022-06-16,810.7539672851562
2022-06-17,799.6260986328125
2022-06-20,815.22705078125
2022-06-21,815.452880859375
2022-06-22,806.00439453125
2022-06-23,815.669189453125
2022-06-24,827.9381713867188
2022-06-27,834.0209350585938
2022-06-28,836.2142944335938
2022-06-29,840.7859497070312
2022-06-30,839.39013671875
2022-07-01,855.0079956054688
2022-07-04,864.593505859375
2022-07-05,864.134765625
2022-07-06,883.5292358398438
2022-07-07,874.7026977539062
2022-07-08,884.9945068359375
2022-07-11,888.3698120117188
2022-07-12,870.8685913085938
2022-07-13,876.8504028320312
2022-07-14,882.31103515625
2022-07-15,901.9241333007812
2022-07-18,894.9042358398438
2022-07-19,883.0029296875
2022-07-20,894.5054931640625
2022-07-21,905.212890625
2022-07-22,912.3720092773438
2022-07-25,901.2538452148438
2022-07-26,889.3356323242188
2022-07-27,890.8923950195312
2022-07-28,918.303466796875
2022-07-29,930.15673828125
2022-08-01,925.1646728515624
2022-08-02,934.947021484375
2022-08-03,930.4834594726562
2022-08-04,953.7432250976562
2022-08-05,957.1785888671876
2022-08-08,944.275634765625
2022-08-10,949.8754272460938
2022-08-11,945.5559692382812
2022-08-12,939.0048217773438
2022-08-16,945.717041015625
2022-08-17,948.2322998046876
2022-08-18,939.696533203125
2022-08-19,934.0870361328124
2022-08-22,934.6300048828124
2022-08-23,942.9638061523438
2022-08-24,945.1452026367188
2022-08-25,938.2072143554688
2022-08-26,938.27685546875
2022-08-29,943.95849609375
2022-08-30,957.3876953125
2022-09-01,948.1193237304688
2022-09-02,939.8959350585938
2022-09-05,925.380859375
2022-09-06,914.916015625
2022-09-07,921.517822265625
2022-09-08,918.848876953125
2022-09-09,915.3653564453124
2022-09-12,911.375
2022-09-13,915.9611206054688
2022-09-14,918.1281127929688
2022-09-15,913.3353881835938
2022-09-16,884.2763061523438
2022-09-19,901.6236572265624
2022-09-20,894.4838256835938
2022-09-21,896.0814819335938
2022-09-22,895.5241088867188
2022-09-23,888.6821899414062
2022-09-26,886.6353149414062
2022-09-27,897.174560546875
2022-09-28,905.2609252929688
2022-09-29,911.9011840820312
2022-09-30,919.8601684570312
2022-10-03,912.54736328125
2022-10-04,925.0037841796876
2022-10-06,927.3244018554688
2022-10-07,928.326171875
2022-10-10,918.6229248046876
2022-10-11,886.4744262695312
2022-10-12,899.7091064453125
2022-10-13,901.546875
2022-10-14,909.4434814453124
2022-10-17,909.0663452148438
2022-10-18,931.5380859375
2022-10-19,948.4148559570312
2022-10-20,963.8861694335938
2022-10-21,975.1220703125
2022-10-24,1002.9943237304688
2022-10-25,974.5189819335938
2022-10-27,967.3527221679688
2022-10-28,974.521484375
2022-10-31,984.2340087890624
2022-11-01,995.1840209960938
2022-11-02,985.3915405273438
2022-11-03,987.136474609375
2022-11-04,987.225830078125
2022-11-07,989.8817138671876
2022-11-09,982.131591796875
2022-11-10,975.1424560546876
2022-11-11,982.2572021484376
2022-11-14,969.821044921875
2022-11-15,969.3546752929688
2022-11-16,971.4014892578124
2022-11-17,966.2347412109376
2022-11-18,963.049560546875
2022-11-21,955.1517944335938
2022-11-22,947.98876953125
2022-11-23,945.6494140625
2022-11-24,953.8829956054688
2022-11-25,943.9214477539062
2022-11-28,957.749755859375
2022-11-29,972.527587890625
2022-11-30,975.5557861328124
2022-12-01,969.0621948242188
2022-12-02,954.644287109375
2022-12-05,954.6925659179688
2022-12-06,962.372802734375
2022-12-07,962.3607177734376
2022-12-08,957.2615966796876
2022-12-09,978.3543090820312
2022-12-12,990.2250366210938
2022-12-13,985.4375610351562
2022-12-14,969.7388305664062
2022-12-15,953.9990844726562
2022-12-16,954.0401000976562
2022-12-19,970.6160888671876
2022-12-20,973.2212524414062
2022-12-21,981.8560180664062
2022-12-22,981.48876953125
2022-12-23,973.0859375
2022-12-26,961.7154541015624
2022-12-27,955.8429565429688
2022-12-28,959.1102294921876
2022-12-29,957.3896484375
2022-12-30,947.6262817382812
2023-01-02,945.4779052734376
2023-01-03,953.4891357421876
2023-01-04,943.4647827148438
2023-01-05,955.8429565429688
2023-01-06,961.1234130859376
2023-01-09,970.811767578125
2023-01-10,967.8272094726562
2023-01-11,954.9874877929688
2023-01-12,960.5433959960938
2023-01-13,956.2465209960938
2023-01-16,953.8902587890624
2023-01-17,964.0475463867188
2023-01-18,958.1314697265624
2023-01-19,951.256103515625
2023-01-20,928.0052490234376
2023-01-23,936.0792846679688
2023-01-24,932.3866577148438
2023-01-25,929.7186279296876
2023-01-27,928.7931518554688
2023-01-30,926.354736328125
2023-01-31,919.1940307617188
2023-02-01,922.6788940429688
2023-02-02,916.1417236328124
2023-02-03,918.5440673828124
2023-02-06,919.3753662109376
2023-02-07,917.2728271484376
2023-02-08,918.0896606445312
2023-02-09,918.3506469726562
2023-02-10,919.4888916015624
2023-02-13,919.631591796875
2023-02-14,922.3430786132812
2023-02-15,930.9488525390624
2023-02-16,948.730712890625
2023-02-17,919.3656616210938
2023-02-20,909.7835693359376
2023-02-21,911.0233154296876
2023-02-22,902.5867309570312
2023-02-23,901.3228149414062
2023-02-24,902.9129028320312
2023-02-27,900.1023559570312
2023-02-28,902.3861694335938
2023-03-01,907.6472778320312
2023-03-02,893.2872924804688
2023-03-03,891.7479858398438
2023-03-06,894.88720703125
2023-03-08,895.051513671875
2023-03-09,895.8948974609375
2023-03-10,893.4806518554688
2023-03-13,885.34619140625
2023-03-14,882.7941284179688
2023-03-15,869.6812744140625
2023-03-16,891.7841186523438
2023-03-17,911.4800415039062
2023-03-20,915.332275390625
2023-03-21,914.8270874023438
2023-03-22,909.6216430664062
2023-03-23,920.4844970703124
2023-03-24,916.0693359375
2023-03-27,913.0678100585938
2023-03-28,915.7261962890624
2023-03-29,920.8954467773438
2023-03-31,952.3871459960938
2023-04-03,952.43310546875
2023-04-05,958.0687255859376
2023-04-06,952.568359375
2023-04-10,943.9625854492188
2023-04-11,950.94189453125
2023-04-12,939.617431640625
2023-04-13,940.828125
2023-04-17,978.4822998046876
2023-04-18,998.6302490234376
2023-04-19,996.5735473632812
2023-04-20,989.5362548828124
2023-04-21,995.6447143554688
2023-04-24,1004.9928588867188
2023-04-25,1003.8223266601562
2023-04-26,1021.3604125976562
2023-04-27,1027.24072265625
2023-04-28,1057.0706787109375
2023-05-02,1056.3155517578125
2023-05-03,1062.6229248046875
2023-05-04,1053.7847900390625
2023-05-05,1069.625244140625
2023-05-08,1067.8470458984375
2023-05-09,1067.269287109375
2023-05-10,1071.0897216796875
2023-05-11,1069.622802734375
2023-05-12,1058.6617431640625
2023-05-15,1058.294677734375
2023-05-16,1057.99365234375
2023-05-17,1055.6671142578125
2023-05-18,1053.0972900390625
2023-05-19,1053.6097412109375
2023-05-22,1044.12060546875
2023-05-23,1039.6954345703125
2023-05-24,1038.5732421875
2023-05-25,1043.1539306640625
2023-05-26,1048.34423828125
2023-05-29,1055.518798828125
2023-05-30,1047.9896240234375
2023-05-31,1052.781494140625
2023-06-01,1062.5548095703125
2023-06-02,1070.9173583984375
2023-06-05,1060.6046142578125
2023-06-06,1054.3507080078125
2023-06-07,1086.5244140625
2023-06-08,1075.8936767578125
2023-06-09,1072.228759765625
2023-06-12,1082.71630859375
2023-06-13,1092.589111328125
2023-06-14,1104.0601806640625
2023-06-15,1115.594482421875
2023-06-16,1115.70849609375
2023-06-19,1107.2711181640625
2023-06-20,1115.0772705078125
2023-06-21,1111.970703125
2023-06-22,1094.5467529296875
2023-06-23,1094.7386474609375
2023-06-26,1099.3023681640625
2023-06-27,1099.6156005859375
2023-06-28,1104.805908203125
2023-06-30,1112.1019287109375
2023-07-03,1099.3873291015625
2023-07-04,1098.974365234375
2023-07-05,1112.3739013671875
2023-07-06,1122.0672607421875
2023-07-07,1112.6800537109375
2023-07-10,1096.8468017578125
2023-07-11,1110.0616455078125
2023-07-12,1120.1533203125
2023-07-13,1108.529296875
2023-07-14,1123.9422607421875
2023-07-17,1120.6729736328125
2023-07-18,1116.1265869140625
2023-07-19,1114.367919921875
2023-07-20,1117.6224365234375
2023-07-21,1116.3885498046875
2023-07-24,1108.4976806640625
2023-07-25,1106.2049560546875
2023-07-26,1107.5166015625
2023-07-27,1084.4625244140625
2023-07-28,1092.0208740234375
2023-07-31,1095.537841796875
2023-08-01,1097.500244140625
2023-08-02,1111.51904296875
2023-08-03,1091.7730712890625
2023-08-04,1090.738525390625
2023-08-07,1090.971435546875
2023-08-08,1079.7967529296875
2023-08-09,1079.269775390625
2023-08-10,1068.1629638671875
2023-08-11,1061.0052490234375
2023-08-14,1063.779052734375
2023-08-16,1066.1300048828125
2023-08-17,1052.50732421875
2023-08-18,1060.4029541015625
2023-08-21,1070.3294677734375
2023-08-22,1069.92138671875
2023-08-23,1077.557373046875
2023-08-24,1080.5570068359375
2023-08-25,1077.8175048828125
2023-08-28,1070.33447265625
2023-08-29,1071.7210693359375
2023-08-30,1078.30322265625
2023-08-31,1068.000244140625
2023-09-01,1064.5587158203125
2023-09-04,1055.94384765625
2023-09-05,1066.4482421875
2023-09-06,1068.860107421875
2023-09-07,1063.6236572265625
2023-09-08,1062.9898681640625
2023-09-11,1074.832275390625
2023-09-12,1084.095703125
2023-09-13,1077.394775390625
2023-09-14,1091.8653564453125
2023-09-15,1098.88916015625
2023-09-18,1108.4637451171875
2023-09-20,1101.7042236328125
2023-09-21,1094.5760498046875
2023-09-22,1094.5272216796875
2023-09-25,1099.6885986328125
2023-09-26,1117.505859375
2023-09-27,1111.0672607421875
2023-09-28,1094.8162841796875
2023-09-29,1093.28369140625
2023-10-03,1083.974365234375
2023-10-04,1116.56591796875
2023-10-05,1113.287109375
2023-10-06,1112.973876953125
2023-10-09,1111.497314453125
2023-10-10,1115.684326171875
2023-10-11,1127.0509033203125
2023-10-12,1120.88671875
2023-10-13,1144.1641845703125
2023-10-16,1122.50927734375
2023-10-17,1133.0379638671875
2023-10-18,1130.00927734375
2023-10-19,1172.240966796875
2023-10-20,1179.3985595703125
2023-10-23,1175.417724609375
2023-10-25,1178.5726318359375
2023-10-26,1143.7391357421875
2023-10-27,1168.5782470703125
2023-10-30,1174.152099609375
2023-10-31,1177.217529296875
2023-11-01,1166.3660888671875
2023-11-02,1178.0478515625
2023-11-03,1172.5391845703125
2023-11-06,1186.7325439453125
2023-11-07,1190.638671875
2023-11-08,1186.3416748046875
2023-11-09,1183.6641845703125
2023-11-10,1179.288818359375
2023-11-13,1176.7801513671875
2023-11-15,1181.08935546875
2023-11-16,1176.635986328125
2023-11-17,1190.81201171875
2023-11-20,1187.367431640625
2023-11-21,1190.8314208984375
2023-11-22,1189.7274169921875
2023-11-23,1191.8016357421875
2023-11-24,1179.3743896484375
2023-11-28,1183.2659912109375
2023-11-29,1175.883544921875
2023-11-30,1184.1234130859375
2023-12-01,1189.1290283203125
2023-12-04,1192.2655029296875
2023-12-05,1202.335205078125
2023-12-06,1219.904296875
2023-12-07,1220.2342529296875
2023-12-08,1211.1636962890625
2023-12-11,1223.5662841796875
2023-12-12,1218.8612060546875
2023-12-13,1223.61279296875
2023-12-14,1211.344482421875
2023-12-15,1190.487060546875
2023-12-18,1189.8935546875
2023-12-19,1245.369140625
2023-12-20,1226.2193603515625
2023-12-21,1227.103515625
2023-12-22,1239.445068359375
2023-12-26,1248.9039306640625
2023-12-27,1256.6429443359375
2023-12-28,1282.5107421875
2023-12-29,1298.6531982421875
2024-01-01,1337.353515625
2024-01-02,1330.0614013671875
2024-01-03,1301.3355712890625
2024-01-04,1324.8458251953125
2024-01-05,1302.7425537109375
2024-01-08,1279.7308349609375
2024-01-09,1266.685791015625
2024-01-10,1259.6014404296875
2024-01-11,1249.3900146484375
2024-01-12,1245.677001953125
2024-01-15,1244.67529296875
2024-01-16,1241.988037109375
2024-01-17,1242.5009765625
2024-01-18,1222.420654296875
2024-01-19,1228.3568115234375
2024-01-23,1203.317138671875
2024-01-24,1228.259033203125
2024-01-25,1212.722412109375
2024-01-29,1220.7349853515625
2024-01-30,1217.559326171875
2024-01-31,1224.374755859375
2024-02-01,1205.7113037109375
2024-02-02,1212.3558349609375
2024-02-05,1203.2193603515625
2024-02-06,1200.263427734375
2024-02-07,1221.248046875
2024-02-08,1183.847412109375
2024-02-09,1197.0635986328125
2024-02-12,1201.436279296875
2024-02-13,1200.6055908203125
2024-02-14,1215.091796875
2024-02-15,1202.132568359375
2024-02-16,1218.8399658203125
2024-02-19,1231.3829345703125
2024-02-20,1244.1951904296875
2024-02-21,1246.2532958984375
2024-02-22,1255.831787109375
2024-02-23,1263.5975341796875
2024-02-26,1265.9984130859375
2024-02-27,1273.249755859375
2024-02-28,1259.6287841796875
2024-02-29,1272.0247802734375
2024-03-01,1274.5970458984375
2024-03-04,1268.546142578125
2024-03-05,1243.8277587890625
2024-03-06,1241.0841064453125
2024-03-07,1254.75390625
2024-03-11,1279.521240234375
2024-03-12,1269.060546875
2024-03-13,1265.5328369140625
2024-03-14,1280.133544921875
2024-03-15,1275.675048828125
2024-03-18,1264.259033203125
2024-03-19,1222.9556884765625
2024-03-20,1249.5113525390625
2024-03-21,1251.1771240234375
2024-03-22,1260.853759765625
2024-03-26,1267.0762939453125
2024-03-27,1257.448486328125
2024-03-28,1284.8372802734375
2024-04-01,1266.831298828125
2024-04-02,1285.3028564453125
2024-04-03,1251.3240966796875
2024-04-04,1249.1929931640625
2024-04-05,1243.337890625
2024-04-08,1223.9356689453125
2024-04-09,1226.262939453125
2024-04-10,1238.4139404296875
2024-04-12,1242.6275634765625
2024-04-15,1251.1771240234375
2024-04-16,1247.4781494140625
2024-04-18,1206.542236328125
2024-04-19,1194.36669921875
2024-04-22,1204.65576171875
2024-04-23,1225.50341796875
2024-04-24,1224.9644775390625
2024-04-25,1255.5867919921875
2024-04-26,1216.4393310546875
2024-04-29,1229.6927490234375
2024-04-30,1228.5166015625
2024-05-02,1230.9176025390625
2024-05-03,1203.3819580078125
2024-05-06,1204.01904296875
2024-05-07,1229.129150390625
2024-05-08,1243.9993896484375
2024-05-09,1231.48095703125
2024-05-10,1241.1575927734375
2024-05-13,1232.8529052734375
2024-05-14,1218.693115234375
2024-05-15,1207.7425537109375
2024-05-16,1209.3839111328125
2024-05-17,1198.1884765625
2024-05-21,1205.6849365234375
2024-05-22,1209.7757568359375
2024-05-23,1212.2255859375
2024-05-24,1209.0899658203125
2024-05-27,1205.24365234375
2024-05-28,1201.2261962890625
2024-05-29,1213.22998046875
2024-05-30,1178.2471923828125
2024-05-31,1153.79833984375
2024-06-03,1153.871826171875
2024-06-04,1189.49169921875
2024-06-05,1229.71728515625
2024-06-06,1210.8782958984375
2024-06-07,1226.09130859375
2024-06-10,1248.5068359375
2024-06-11,1245.4447021484375
2024-06-12,1243.16650390625
2024-06-13,1250.246337890625
2024-06-14,1245.714111328125
2024-06-18,1249.560546875
2024-06-19,1237.6544189453125
2024-06-20,1244.36669921875
2024-06-21,1224.1070556640625
2024-06-24,1239.6142578125
2024-06-25,1232.4608154296875
2024-06-26,1241.672119140625
2024-06-27,1241.42724609375
2024-06-28,1250.197265625
2024-07-01,1258.257080078125
2024-07-02,1246.6695556640625
2024-07-03,1250.1239013671875
2024-07-04,1247.0125732421875
2024-07-05,1261.2213134765625
2024-07-08,1275.552490234375
2024-07-09,1290.1043701171875
2024-07-10,1281.9464111328125
2024-07-11,1270.554931640625
2024-07-12,1278.2962646484375
2024-07-15,1276.3856201171875
2024-07-16,1283.0040283203125
2024-07-18,1292.72265625
2024-07-19,1278.3538818359375
2024-07-22,1273.162353515625
2024-07-23,1270.3330078125
2024-07-24,1250.57568359375
2024-07-25,1220.681884765625
2024-07-26,1218.83642578125
2024-07-29,1215.5888671875
2024-07-30,1209.3638916015625
2024-07-31,1208.7242431640625
2024-08-01,1222.330322265625
2024-08-02,1227.79248046875
2024-08-05,1235.5672607421875
2024-08-06,1234.3863525390625
2024-08-07,1241.423095703125
2024-08-08,1224.8399658203125
2024-08-09,1232.5164794921875
2024-08-12,1216.9666748046875
2024-08-13,1222.6746826171875
2024-08-14,1217.7047119140625
2024-08-16,1242.7271728515625
2024-08-19,1231.753662109375
2024-08-20,1239.30712890625
2024-08-21,1255.6689453125
2024-08-22,1255.2998046875
2024-08-23,1244.5723876953125
2024-08-26,1239.823974609375
2024-08-27,1240.7587890625
2024-08-28,1226.5130615234375
2024-08-29,1232.442626953125
2024-08-30,1230.57275390625
2024-09-02,1235.0751953125
2024-09-03,1245.335205078125
2024-09-04,1247.3035888671875
2024-09-05,1232.6148681640625
2024-09-06,1231.7783203125
2024-09-09,1238.446044921875
2024-09-10,1247.672607421875
2024-09-11,1243.4161376953125
2024-09-12,1243.9080810546875
2024-09-13,1245.655029296875
2024-09-16,1254.6109619140625
2024-09-17,1253.2576904296875
2024-09-18,1278.00927734375
2024-09-19,1296.2410888671875
2024-09-20,1328.3984375
2024-09-23,1340.9957275390625
2024-09-24,1326.848388671875
2024-09-25,1327.3160400390625
2024-09-26,1355.9305419921875
2024-09-27,1351.108154296875
2024-09-30,1323.674560546875
2024-10-01,1332.089111328125
2024-10-03,1316.244140625
2024-10-04,1278.5013427734375
2024-10-07,1266.5439453125
2024-10-08,1270.431396484375
2024-10-09,1238.076904296875
2024-10-10,1236.330078125
2024-10-11,1236.0103759765625
2024-10-14,1231.2125244140625
2024-10-15,1222.453369140625
2024-10-16,1211.6275634765625
2024-10-17,1170.51416015625
2024-10-18,1156.514404296875
2024-10-21,1158.6796875
2024-10-22,1156.514404296875
2024-10-23,1145.147216796875
2024-10-24,1111.439697265625
2024-10-25,1112.448486328125
2024-10-28,1118.03369140625
2024-10-29,1115.7454833984375
2024-10-30,1120.1251220703125
2024-10-31,1113.5557861328125
2024-11-01,1123.0775146484375
2024-11-04,1105.3133544921875
2024-11-05,1113.309814453125
2024-11-06,1119.7806396484375
2024-11-07,1113.506591796875
2024-11-08,1129.646728515625
2024-11-11,1121.478271484375
2024-11-12,1110.2342529296875
2024-11-13,1099.9251708984375
2024-11-14,1074.115478515625
2024-11-18,1089.07470703125
2024-11-19,1089.542236328125
2024-11-21,1088.0904541015625
2024-11-22,1105.854736328125
2024-11-25,1110.6031494140625
2024-11-26,1114.6876220703125
2024-11-27,1118.9686279296875
2024-11-28,1100.417236328125
2024-11-29,1099.6297607421875
2024-12-02,1108.0936279296875
2024-12-03,1112.9405517578125
2024-12-04,1111.0216064453125
2024-12-05,1114.810546875
2024-12-06,1115.9422607421875
2024-12-09,1096.7757568359375
2024-12-10,1089.6898193359375
2024-12-11,1102.779052734375
2024-12-12,1094.413818359375
2024-12-13,1108.905517578125
2024-12-16,1101.6473388671875
2024-12-17,1084.0308837890625
2024-12-18,1076.6988525390625
2024-12-19,1063.0927734375
2024-12-20,1064.6182861328125
2024-12-23,1058.7625732421875
2024-12-24,1066.19287109375
2024-12-26,1057.9259033203125
2024-12-27,1065.6517333984375
2024-12-30,1062.8466796875
2024-12-31,1067.8414306640625
2025-01-01,1067.44775390625
2025-01-02,1082.677490234375
2025-01-03,1098.6702880859375
2025-01-06,1075.1978759765625
2025-01-07,1088.8040771484375
2025-01-08,1092.3717041015625
2025-01-09,1110.160400390625
2025-01-10,1106.14990234375
2025-01-13,1100.95849609375
2025-01-14,1091.953369140625
2025-01-15,1082.4068603515625
2025-01-16,1067.4722900390625
2025-01-17,1091.04296875
2025-01-20,1089.46826171875
2025-01-21,1080.832275390625
2025-01-22,1086.41748046875
2025-01-23,1082.0626220703125
2025-01-24,1086.466552734375
2025-01-27,1070.154052734375
2025-01-28,1061.0753173828125
2025-01-29,1073.08203125
2025-01-30,1091.1168212890625
2025-01-31,1138.2828369140625
2025-02-01,1145.171875
2025-02-03,1140.201904296875
2025-02-04,1131.5166015625
2025-02-05,1106.6666259765625
2025-02-06,1101.9918212890625
2025-02-07,1101.9422607421875
2025-02-10,1099.9366455078125
2025-02-11,1087.283447265625
2025-02-12,1086.416748046875
2025-02-13,1078.39404296875
2025-02-14,1087.456787109375
2025-02-17,1097.683349609375
2025-02-18,1100.605224609375
2025-02-19,1091.96337890625
2025-02-20,1092.854736328125
2025-02-21,1096.9156494140625
2025-02-24,1099.6146240234375
2025-02-25,1114.4715576171875
2025-02-27,1128.2391357421875
2025-02-28,1084.38623046875
2025-03-03,1082.35595703125
2025-03-04,1063.0169677734375
2025-03-05,1088.0262451171875
2025-03-06,1090.106201171875
2025-03-07,1108.5535888671875
2025-03-10,1113.481201171875
2025-03-11,1114.966796875
2025-03-12,1087.283447265625
2025-03-13,1085.525390625
2025-03-17,1076.809326171875
2025-03-18,1076.809326171875
2025-03-19,1081.5882568359375
2025-03-20,1100.1842041015625
2025-03-21,1123.6087646484375
2025-03-24,1120.9840087890625
2025-03-25,1116.675537109375
2025-03-26,1111.02978515625
2025-03-27,1110.3365478515625
2025-03-28,1114.64501953125
2025-04-01,1106.349853515625
2025-04-02,1094.8109130859375
2025-04-03,1112.1192626953125
2025-04-04,1120.2906494140625
2025-04-07,1113.7783203125
2025-04-08,1126.8525390625
2025-04-09,1161.2464599609375
2025-04-11,1169.4425048828125
2025-04-15,1172.6614990234375
2025-04-16,1180.2880859375
2025-04-17,1196.7794189453125
2025-04-21,1188.2613525390625
2025-04-22,1192.173828125
2025-04-23,1205.0992431640625
2025-04-24,1205.0001220703125
2025-04-25,1195.244140625
2025-04-28,1191.5299072265625
2025-04-29,1182.3680419921875
2025-04-30,1182.7147216796875
2025-05-02,1154.7835693359375
2025-05-05,1153.000732421875
2025-05-06,1167.015869140625
2025-05-07,1158.0521240234375
2025-05-08,1159.191162109375
2025-05-09,1151.614013671875
2025-05-12,1180.5357666015625
2025-05-13,1173.800537109375
2025-05-14,1173.8995361328125
2025-05-15,1187.6175537109375
2025-05-16,1192.9166259765625
2025-05-19,1192.42138671875
2025-05-20,1168.00634765625
2025-05-21,1184.893798828125
2025-05-22,1169.591064453125
2025-05-23,1195.6898193359375
2025-05-26,1215.3011474609375
2025-05-27,1218.718017578125
2025-05-28,1197.9678955078125
2025-05-29,1205.8917236328125
2025-05-30,1186.6766357421875
2025-06-02,1191.678466796875
2025-06-03,1184.2994384765625
2025-06-04,1187.3204345703125
2025-06-05,1189.202392578125
2025-06-06,1197.0765380859375
2025-06-09,1196.135498046875
2025-06-10,1204.1087646484375
2025-06-11,1198.0670166015625
2025-06-12,1181.42724609375
2025-06-13,1177.0692138671875
2025-06-16,1183.5072021484375
2025-06-17,1169.73974609375
2025-06-18,1159.24072265625
2025-06-19,1148.3951416015625
2025-06-20,1168.947265625
2025-06-23,1168.303466796875
2025-06-24,1171.62158203125
2025-06-25,1190.7374267578125
2025-06-26,1204.1087646484375
2025-06-27,1217.628662109375
2025-06-30,1220.897216796875
2025-07-01,1193.5604248046875
2025-07-02,1182.61572265625
2025-07-03,1182.813720703125
2025-07-04,1189.9752197265625
2025-07-07,1204.5465087890625
2025-07-08,1202.457763671875
2025-07-09,1207.3812255859375
2025-07-10,1194.2520751953125
2025-07-11,1195.29638671875
2025-07-14,1190.02490234375
2025-07-15,1201.662109375
2025-07-16,1223.394775390625
2025-07-17,1217.9739990234375
2025-07-18,1229.4619140625
2025-07-21,1229.660888671875
2025-07-22,1215.1890869140625
2025-07-23,1219.6649169921875
2025-07-24,1154.8150634765625
2025-07-25,1131.192626953125
2025-07-28,1108.6641845703125
2025-07-29,1105.879150390625
2025-07-30,1109.75830078125
2025-07-31,1117.814697265625
2025-08-01,1132.137451171875
2025-08-04,1132.5849609375
2025-08-05,1127.5621337890625
2025-08-06,1110.6534423828125
2025-08-07,1111.300048828125
2025-08-08,1090.6116943359375
2025-08-11,1099.0660400390625
2025-08-12,1085.2406005859375
2025-08-13,1091.009521484375
2025-08-14,1083.5498046875
2025-08-18,1137.9560546875
2025-08-19,1155.1630859375
2025-08-20,1183.907958984375
2025-08-21,1173.0665283203125
2025-08-22,1156.655029296875
2025-08-25,1146.8082275390625
2025-08-26,1155.958740234375
2025-08-28,1156.15771484375
2025-08-29,1149.990966796875
2025-09-01,1168.0933837890625
2025-09-02,1194.4510498046875
2025-09-03,1188.3837890625
2025-09-04,1206.088134765625
2025-09-05,1202.0101318359375
2025-09-08,1181.32177734375
2025-09-09,1195.7440185546875
2025-09-10,1210.9619140625
2025-09-11,1214.244140625
2025-09-12,1211.061279296875
2025-09-15,1205.9886474609375
2025-09-16,1197.7332763671875
2025-09-17,1197.832763671875
2025-09-18,1202.60693359375
2025-09-19,1188.0853271484375
2025-09-22,1181.918701171875
2025-09-23,1162.1256103515625
2025-09-24,1172.270751953125
2025-09-25,1167.1981201171875
2025-09-26,1156.356689453125
2025-09-29,1146.3109130859375
2025-09-30,1146.708740234375
2025-10-01,1160.1363525390625
2025-10-03,1163.6175537109375
2025-10-06,1175.35400390625
2025-10-07,1170.48046875
2025-10-08,1174.1605224609375
2025-10-09,1181.42138671875
2025-10-10,1193.0584716796875
2025-10-13,1181.7197265625
2025-10-14,1169.1873779296875
2025-10-15,1214.8409423828125
2025-10-16,1269.7445068359375
2025-10-17,1282.5751953125
2025-10-20,1278.4971923828125
2025-10-21,1280.3870849609375
2025-10-23,1265.9649658203125
2025-10-24,1275.115478515625
2025-10-27,1276.110107421875
2025-10-28,1264.174560546875
2025-10-29,1266.163818359375
2025-10-30,1273.0267333984375
2025-10-31,1264.7713623046875
2025-11-03,1259.8975830078125
2025-11-04,1258.206787109375
2025-11-06,1259.30078125
2025-11-07,1255.9190673828125
2025-11-10,1256.1180419921875
2025-11-11,1261.2901611328125
2025-11-12,1271.3358154296875
2025-11-13,1268.3519287109375
2025-11-14,1264.7713623046875
2025-11-17,1263.4783935546875
2025-11-18,1258.30615234375
2025-11-19,1272.131591796875
2025-11-20,1272.3304443359375
2025-11-21,1273.8223876953125
2025-11-24,1262.3841552734375
2025-11-25,1256.4163818359375
2025-11-26,1269.9434814453125
2025-11-27,1259.5992431640625
2025-11-28,1254.32763671875
2025-12-01,1253.830322265625
2025-12-02,1252.1395263671875
2025-12-03,1235.2308349609375
2025-12-04,1235.7281494140625
2025-12-05,1240.2039794921875
2025-12-08,1208.2763671875
2025-12-09,1209.27099609375
2025-12-10,1202.805908203125
2025-12-11,1208.4752197265625
2025-12-12,1231.650146484375
2025-12-15,1236.822265625
2025-12-16,1233.937744140625
2025-12-17,1227.969970703125
2025-12-18,1226.8759765625
2025-12-19,1237.7174072265625
2025-12-22,1250.4486083984375
2025-12-23,1249.75244140625
2025-12-24,1252.9351806640625
2025-12-26,1265.7659912109375
2025-12-29,1273.126220703125
2025-12-30,1267.2579345703125
2025-12-31,1281.083251953125
2026-01-01,1288.045654296875
2026-01-02,1272.8277587890625
2026-01-05,1307.5404052734375
2026-01-06,1312.81201171875
2026-01-07,1307.7393798828125
2026-01-08,1299.8818359375
2026-01-09,1292.1236572265625
2026-01-12,1305.352294921875
2026-01-13,1311.618408203125
2026-01-14,1300.0806884765625
2026-01-15,1300.0806884765625
2026-01-16,1308.83349609375
2026-01-19,1308.5350341796875
2026-01-20,1288.7418212890625
2026-01-21,1276.3089599609375
2026-01-22,1298.986572265625
2026-01-23,1286.8521728515625
2026-01-27,1296.3011474609375
2026-01-28,1285.4595947265625
2026-01-29,1280.9837646484375
2026-01-30,1325.244873046875
2026-02-02,1301.2742919921875
2026-02-03,1300.975830078125
2026-02-04,1296.2015380859375
2026-02-05,1296.5
2026-02-06,1303.300048828125
2026-02-09,1295.5999755859375
2026-02-10,1308.5999755859375
2026-02-11,1305.300048828125
2026-02-12,1305.5
2026-02-13,1282.5999755859375
2026-02-16,1289.800048828125
2026-02-17,1285.300048828125
2026-02-18,1300.9000244140625
2026-02-19,1278.5
2026-02-20,1293.800048828125
2026-02-23,1315.0999755859375
2026-02-24,1320.0
2026-02-25,1323.4000244140625
2026-02-26,1318.0
2026-02-27,1291.699951171875
2026-03-02,1279.699951171875
2026-03-04,1245.300048828125
2026-03-05,1250.9000244140625
2026-03-06,1252.4000244140625
2026-03-09,1235.800048828125
2026-03-10,1241.199951171875
2026-03-11,1233.699951171875
2026-03-12,1220.800048828125
2026-03-13,1202.199951171875
2026-03-16,1213.4000244140625
2026-03-17,1206.9000244140625
2026-03-18,1204.800048828125
2026-03-19,1186.300048828125
2026-03-20,1193.5999755859375
2026-03-23,1166.800048828125
2026-03-24,1183.199951171875
2026-03-25,1204.0999755859375
2026-03-27,1193.199951171875
2026-03-30,1174.800048828125
2026-04-01,1180.800048828125
2026-04-02,1191.300048828125
2026-04-06,1216.0
2026-04-07,1222.800048828125
2026-04-08,1213.699951171875
2026-04-09,1228.699951171875
2026-04-10,1249.300048828125
2026-04-13,1226.0999755859375
2026-04-15,1256.5999755859375
2026-04-16,1257.4000244140625
2026-04-17,1285.5999755859375
2026-04-20,1286.4000244140625
2026-04-21,1379.9000244140625
2026-04-22,1395.800048828125
2026-04-23,1410.5
2026-04-24,1421.300048828125
2026-04-27,1417.300048828125
2026-04-28,1440.0
2026-04-29,1465.5999755859375
2026-04-30,1458.5999755859375
2026-05-01,1458.5999755859375
2026-05-04,1457.0999755859375
2026-05-05,1477.800048828125
2026-05-06,1486.0999755859375
2026-05-07,1476.0
2026-05-08,1482.4000244140625
2026-05-11,1481.9000244140625
2026-05-12,1468.5999755859375
2026-05-13,1468.9000244140625
2026-05-14,1459.5999755859375
2026-05-15,1430.5
2026-05-18,1431.699951171875
2026-05-19,1431.4000244140625
2026-05-20,1420.0999755859375
2026-05-21,1406.5
2026-05-22,1423.0999755859375
2026-05-25,1413.5999755859375
2026-05-26,1428.5999755859375
2026-05-27,1427.5
2026-05-28,1427.5
2026-05-29,1421.5
2026-06-01,1391.800048828125
2026-06-02,1398.699951171875
2026-06-03,1391.5
2026-06-04,1382.9000244140625
2026-06-05,1386.199951171875
2026-06-08,1398.9000244140625
2026-06-09,1410.4000244140625
2026-06-10,1438.300048828125
2026-06-11,1422.5
2026-06-12,1375.699951171875
2026-06-15,1374.699951171875
2026-06-16,1391.699951171875
2026-06-17,1407.300048828125
2026-06-18,1400.4000244140625
2026-06-19,1414.800048828125
2026-06-22,1401.9000244140625
2026-06-23,1392.199951171875
2026-06-24,1382.5999755859375
2026-06-25,1402.5999755859375
2026-06-26,1402.5999755859375
2026-06-29,1380.6630859375
2026-06-30,1398.4774169921875
2026-07-01,1446.844970703125
2026-07-02,1439.28125
2026-07-03,1452.8162841796875
2026-07-06,1466.649658203125
2026-07-07,1464.7589111328125
2026-07-08,1443.560791015625
2026-07-09,1456.199951171875
2026-07-10,1455.199951171875
2026-07-13,1427.0
2026-07-14,1427.0999755859375
2026-07-15,1424.4000244140625
2026-07-16,1423.5
2026-07-17,1427.199951171875
2026-07-20,1446.300048828125
2026-07-21,1451.9000244140625
2026-07-22,1493.5999755859375
2026-07-23,1447.9000244140625
2026-07-24,1443.5
2026-07-27,1446.0999755859375
2026-07-28,1491.800048828125
2026-07-29,1503.300048828125
2026-07-30,1520.699951171875
2026-07-31,1509.5999755859375
2026-08-03,1530.0
2026-08-04,1520.0
2026-08-05,1520.0
2026-08-06,1535.0
