,close
2009-09-01,18.14011573791504
2009-09-02,17.94267463684082
2009-09-03,17.819272994995117
2009-09-04,17.39971160888672
2009-09-07,17.0788631439209
2009-09-08,17.37502670288086
2009-09-09,17.054183959960938
2009-09-10,16.75801658630371
2009-09-11,16.486534118652344
2009-09-14,16.683977127075195
2009-09-15,16.75801658630371
2009-09-16,17.84395408630371
2009-09-17,17.62183380126953
2009-09-18,17.62183380126953
2009-09-22,17.300979614257812
2009-09-23,17.12822723388672
2009-09-24,17.0788631439209
2009-09-25,17.12822723388672
2009-09-29,17.0788631439209
2009-09-30,17.029502868652344
2009-10-01,17.00482177734375
2009-10-05,16.75801658630371
2009-10-06,16.486534118652344
2009-10-07,16.511213302612305
2009-10-08,16.461849212646484
2009-10-09,16.313770294189453
2009-10-12,16.289091110229492
2009-10-13,16.289091110229492
2009-10-14,16.190364837646484
2009-10-15,16.535890579223633
2009-10-16,16.486534118652344
2009-10-20,16.215042114257812
2009-10-21,16.091642379760742
2009-10-22,16.165679931640625
2009-10-23,16.017601013183594
2009-10-26,15.820158004760742
2009-10-27,15.647394180297852
2009-10-28,15.252508163452148
2009-10-29,15.178466796875
2009-10-30,15.055068016052246
2009-11-03,14.8329439163208
2009-11-04,14.857625007629396
2009-11-05,15.178466796875
2009-11-06,16.091642379760742
2009-11-09,16.190364837646484
2009-11-10,16.14100456237793
2009-11-11,15.99292278289795
2009-11-12,15.943556785583496
2009-11-13,15.968241691589355
2009-11-16,15.918883323669434
2009-11-17,15.99292278289795
2009-11-18,15.844840049743652
2009-11-19,15.721435546875
2009-11-20,15.647394180297852
2009-11-23,15.672075271606444
2009-11-24,15.573352813720703
2009-11-25,15.301867485046388
2009-11-26,15.252508163452148
2009-11-27,15.499310493469238
2009-11-30,15.375910758972168
2009-12-01,15.449953079223633
2009-12-02,15.47463321685791
2009-12-03,15.79547882080078
2009-12-04,15.770801544189451
2009-12-07,15.918883323669434
2009-12-08,16.56057357788086
2009-12-09,16.683977127075195
2009-12-10,16.363134384155273
2009-12-11,16.60993194580078
2009-12-14,16.387807846069336
2009-12-15,16.091642379760742
2009-12-16,16.017601013183594
2009-12-17,15.99292278289795
2009-12-18,15.770801544189451
2009-12-21,15.696754455566406
2009-12-22,15.721435546875
2009-12-23,16.683977127075195
2009-12-24,16.88142204284668
2009-12-29,16.58525276184082
2009-12-30,16.75801658630371
2009-12-31,16.8073787689209
2010-01-04,17.42438507080078
2010-01-05,17.57246971130371
2010-01-06,17.893314361572266
2010-01-07,17.57246971130371
2010-01-08,17.449068069458008
2010-01-11,17.325664520263672
2010-01-12,17.054183959960938
2010-01-13,17.251625061035156
2010-01-14,17.27630615234375
2010-01-15,17.39971160888672
2010-01-18,17.27630615234375
2010-01-19,17.103544235229492
2010-01-20,17.152904510498047
2010-01-21,16.70865249633789
2010-01-22,16.683977127075195
2010-01-25,16.78269386291504
2010-01-27,16.289091110229492
2010-01-28,16.239727020263672
2010-01-29,16.313770294189453
2010-02-01,16.387807846069336
2010-02-02,16.239727020263672
2010-02-03,16.363134384155273
2010-02-04,16.091642379760742
2010-02-05,15.869521141052246
2010-02-08,15.869521141052246
2010-02-09,16.313770294189453
2010-02-10,15.918883323669434
2010-02-11,15.968241691589355
2010-02-15,15.869521141052246
2010-02-16,16.165679931640625
2010-02-17,16.289091110229492
2010-02-18,16.14100456237793
2010-02-19,15.99292278289795
2010-02-22,15.79547882080078
2010-02-23,15.820158004760742
2010-02-24,15.820158004760742
2010-02-25,15.696754455566406
2010-02-26,15.746116638183594
2010-03-02,16.091642379760742
2010-03-03,16.461849212646484
2010-03-04,16.264408111572266
2010-03-05,16.165679931640625
2010-03-08,15.968241691589355
2010-03-09,15.99292278289795
2010-03-10,15.820158004760742
2010-03-11,15.746116638183594
2010-03-12,15.721435546875
2010-03-15,15.548673629760742
2010-03-16,15.47463321685791
2010-03-17,15.400594711303713
2010-03-18,15.523991584777832
2010-03-19,15.598033905029297
2010-03-22,15.499310493469238
2010-03-23,15.449953079223633
2010-03-25,15.375910758972168
2010-03-26,15.277191162109377
2010-03-29,15.07974624633789
2010-03-30,14.956338882446287
2010-03-31,15.030386924743652
2010-04-01,14.931663513183594
2010-04-05,15.326550483703612
2010-04-06,15.301867485046388
2010-04-07,15.252508163452148
2010-04-08,15.227826118469238
2010-04-09,15.227826118469238
2010-04-12,15.326550483703612
2010-04-13,15.375910758972168
2010-04-15,15.203149795532228
2010-04-16,15.153789520263672
2010-04-19,15.07974624633789
2010-04-20,15.104426383972168
2010-04-21,15.104426383972168
2010-04-22,15.030386924743652
2010-04-23,15.055068016052246
2010-04-26,15.055068016052246
2010-04-27,14.882307052612305
2010-04-28,14.956338882446287
2010-04-29,15.104426383972168
2010-04-30,15.005704879760742
2010-05-03,14.981026649475098
2010-05-04,14.882307052612305
2010-05-05,14.90698528289795
2010-05-06,14.857625007629396
2010-05-07,14.635499000549316
2010-05-10,14.758898735046388
2010-05-11,14.70954132080078
2010-05-12,14.561458587646484
2010-05-13,14.857625007629396
2010-05-14,14.561458587646484
2010-05-17,14.512097358703612
2010-05-18,14.512097358703612
2010-05-19,14.289971351623535
2010-05-20,14.240612030029297
2010-05-21,13.771684646606444
2010-05-24,13.82104206085205
2010-05-25,13.91976261138916
2010-05-26,14.33933448791504
2010-05-27,14.215930938720703
2010-05-28,14.364015579223633
2010-05-31,14.314655303955078
2010-06-01,14.240612030029297
2010-06-02,14.215930938720703
2010-06-03,14.289971351623535
2010-06-04,14.26529312133789
2010-06-07,14.043167114257812
2010-06-08,13.944446563720703
2010-06-09,13.944446563720703
2010-06-10,13.969124794006348
2010-06-11,13.969124794006348
2010-06-14,14.067845344543455
2010-06-15,14.240612030029297
2010-06-16,14.215930938720703
2010-06-17,14.215930938720703
2010-06-18,14.240612030029297
2010-06-21,14.289971351623535
2010-06-22,14.215930938720703
2010-06-23,14.141888618469238
2010-06-24,14.01848602294922
2010-06-25,14.067845344543455
2010-06-28,15.301867485046388
2010-06-29,14.981026649475098
2010-06-30,15.499310493469238
2010-07-01,15.869521141052246
2010-07-02,15.746116638183594
2010-07-05,15.79547882080078
2010-07-06,15.79547882080078
2010-07-07,15.598033905029297
2010-07-08,15.523991584777832
2010-07-09,15.523991584777832
2010-07-12,15.449953079223633
2010-07-13,15.449953079223633
2010-07-14,15.499310493469238
2010-07-15,15.227826118469238
2010-07-16,15.153789520263672
2010-07-19,14.931663513183594
2010-07-20,14.8329439163208
2010-07-21,14.78358268737793
2010-07-22,14.8329439163208
2010-07-23,15.400594711303713
2010-07-26,15.499310493469238
2010-07-27,15.79547882080078
2010-07-28,15.62271499633789
2010-07-29,15.79547882080078
2010-07-30,15.672075271606444
2010-08-02,15.425274848937988
2010-08-03,15.425274848937988
2010-08-04,15.301867485046388
2010-08-05,15.227826118469238
2010-08-06,15.203149795532228
2010-08-09,15.375910758972168
2010-08-10,15.252508163452148
2010-08-11,15.203149795532228
2010-08-12,15.129104614257812
2010-08-13,15.153789520263672
2010-08-16,15.153789520263672
2010-08-17,15.07974624633789
2010-08-18,15.153789520263672
2010-08-19,15.449953079223633
2010-08-20,15.425274848937988
2010-08-23,15.425274848937988
2010-08-24,15.400594711303713
2010-08-25,15.203149795532228
2010-08-26,15.277191162109377
2010-08-27,15.104426383972168
2010-08-30,15.055068016052246
2010-08-31,15.005704879760742
2010-09-01,15.030386924743652
2010-09-02,15.129104614257812
2010-09-03,15.351228713989258
2010-09-06,15.47463321685791
2010-09-07,15.625364303588867
2010-09-08,15.424393653869627
2010-09-09,15.424393653869627
2010-09-13,15.60024070739746
2010-09-14,16.353872299194336
2010-09-15,16.429235458374023
2010-09-16,16.353872299194336
2010-09-17,16.353872299194336
2010-09-20,16.504596710205078
2010-09-21,16.27851104736328
2010-09-22,16.152904510498047
2010-09-23,16.052425384521484
2010-09-24,16.152904510498047
2010-09-27,16.152904510498047
2010-09-28,16.253389358520508
2010-09-29,16.152904510498047
2010-09-30,15.926814079284668
2010-10-01,16.152904510498047
2010-10-04,16.554841995239258
2010-10-05,16.730690002441406
2010-10-06,17.032142639160156
2010-10-07,16.755809783935547
2010-10-08,16.630205154418945
2010-10-11,16.554841995239258
2010-10-12,16.504596710205078
2010-10-13,16.529720306396484
2010-10-14,16.30362892150879
2010-10-15,16.07754135131836
2010-10-18,16.052425384521484
2010-10-19,15.951934814453123
2010-10-20,15.801203727722168
2010-10-21,16.12778091430664
2010-10-22,16.027299880981445
2010-10-25,16.00217628479004
2010-10-26,16.152904510498047
2010-10-27,16.00217628479004
2010-10-28,15.700726509094238
2010-10-29,15.675602912902832
2010-11-01,15.801203727722168
2010-11-02,15.750967025756836
2010-11-03,15.750967025756836
2010-11-04,15.801203727722168
2010-11-08,15.776089668273926
2010-11-09,15.750967025756836
2010-11-10,15.700726509094238
2010-11-11,15.524873733520508
2010-11-12,15.323904991149902
2010-11-15,15.148059844970703
2010-11-16,15.072696685791016
2010-11-18,15.022449493408203
2010-11-19,14.620516777038574
2010-11-22,14.720998764038086
2010-11-23,14.469789505004885
2010-11-24,14.469789505004885
2010-11-25,14.293938636779783
2010-11-26,13.89199924468994
2010-11-29,13.6156644821167
2010-11-30,13.866880416870115
2010-12-01,14.19345474243164
2010-12-02,14.168329238891602
2010-12-03,14.017606735229492
2010-12-06,14.017606735229492
2010-12-07,14.118088722229004
2010-12-08,14.017606735229492
2010-12-09,13.464942932128906
2010-12-10,13.716153144836426
2010-12-13,13.716153144836426
2010-12-14,13.841755867004396
2010-12-15,13.691030502319336
2010-12-16,13.716153144836426
2010-12-20,13.741272926330566
2010-12-21,13.816638946533203
2010-12-22,14.168329238891602
2010-12-23,14.118088722229004
2010-12-24,14.118088722229004
2010-12-27,14.118088722229004
2010-12-28,14.017606735229492
2010-12-29,14.143210411071776
2010-12-30,14.067845344543455
2010-12-31,14.168329238891602
2011-01-03,14.570273399353027
2011-01-04,14.469789505004885
2011-01-05,14.3441801071167
2011-01-06,14.218573570251465
2011-01-07,13.942243576049805
2011-01-10,13.741272926330566
2011-01-11,13.590545654296877
2011-01-12,13.716153144836426
2011-01-13,13.640789985656738
2011-01-14,13.540305137634276
2011-01-17,13.364459037780762
2011-01-18,13.31421184539795
2011-01-19,13.339332580566406
2011-01-20,13.414701461791992
2011-01-21,13.439817428588867
2011-01-24,13.49006462097168
2011-01-25,13.414701461791992
2011-01-27,12.937397003173828
2011-01-28,12.535457611083984
2011-01-31,12.334486961364746
2011-02-01,12.183758735656738
2011-02-02,12.234003067016602
2011-02-03,12.409850120544434
2011-02-04,12.208881378173828
2011-02-07,12.08327865600586
2011-02-08,11.957670211791992
2011-02-09,11.354762077331545
2011-02-10,11.405004501342772
2011-02-11,11.907425880432127
2011-02-14,12.183758735656738
2011-02-15,12.234003067016602
2011-02-16,12.485217094421388
2011-02-17,12.510334968566896
2011-02-18,12.08327865600586
2011-02-21,12.158641815185549
2011-02-22,12.007912635803224
2011-02-23,12.007912635803224
2011-02-24,11.354762077331545
2011-02-25,11.580856323242188
2011-02-28,11.631096839904783
2011-03-01,11.882305145263672
2011-03-03,11.882305145263672
2011-03-04,11.882305145263672
2011-03-07,11.6813383102417
2011-03-08,11.731578826904297
2011-03-09,11.781825065612791
2011-03-10,11.80694580078125
2011-03-11,11.65621566772461
2011-03-14,11.6813383102417
2011-03-15,11.505491256713867
2011-03-16,11.6813383102417
2011-03-17,11.631096839904783
2011-03-18,11.505491256713867
2011-03-21,11.430126190185549
2011-03-22,11.455248832702637
2011-03-23,11.455248832702637
2011-03-24,11.605974197387695
2011-03-25,11.756702423095703
2011-03-28,11.731578826904297
2011-03-29,11.882305145263672
2011-03-30,12.334486961364746
2011-03-31,12.7113037109375
2011-04-01,12.661062240600586
2011-04-04,12.962518692016602
2011-04-05,13.012761116027832
2011-04-06,13.037881851196287
2011-04-07,12.836913108825684
2011-04-08,12.585700035095217
2011-04-11,12.661062240600586
2011-04-13,12.761548042297363
2011-04-15,12.610820770263672
2011-04-18,12.43497085571289
2011-04-19,12.485217094421388
2011-04-20,12.56058120727539
2011-04-21,12.610820770263672
2011-04-25,12.761548042297363
2011-04-26,12.761548042297363
2011-04-27,13.06300163269043
2011-04-28,12.98763370513916
2011-04-29,13.012761116027832
2011-05-02,12.887151718139648
2011-05-03,12.686184883117676
2011-05-04,12.610820770263672
2011-05-05,12.28424835205078
2011-05-06,12.485217094421388
2011-05-09,12.46009349822998
2011-05-10,12.485217094421388
2011-05-11,12.610820770263672
2011-05-12,12.485217094421388
2011-05-13,12.56058120727539
2011-05-16,12.46009349822998
2011-05-17,12.38473129272461
2011-05-18,12.359615325927734
2011-05-19,12.208881378173828
2011-05-20,12.309368133544922
2011-05-23,12.208881378173828
2011-05-24,12.28424835205078
2011-05-25,12.208881378173828
2011-05-26,12.334486961364746
2011-05-27,12.485217094421388
2011-05-30,12.359615325927734
2011-05-31,12.510334968566896
2011-06-01,12.610820770263672
2011-06-02,12.43497085571289
2011-06-03,12.38473129272461
2011-06-06,12.334486961364746
2011-06-07,12.359615325927734
2011-06-08,12.334486961364746
2011-06-09,12.28424835205078
2011-06-10,12.28424835205078
2011-06-13,12.309368133544922
2011-06-14,12.259126663208008
2011-06-15,12.183758735656738
2011-06-16,12.08327865600586
2011-06-17,12.108396530151367
2011-06-20,11.932549476623535
2011-06-21,11.731578826904297
2011-06-22,11.580856323242188
2011-06-23,11.379883766174316
2011-06-24,11.555729866027832
2011-06-27,11.80694580078125
2011-06-28,12.033036231994627
2011-06-29,12.033036231994627
2011-06-30,12.05815315246582
2011-07-01,12.359615325927734
2011-07-04,12.485217094421388
2011-07-05,12.510334968566896
2011-07-06,12.43497085571289
2011-07-07,12.510334968566896
2011-07-08,12.485217094421388
2011-07-11,12.46009349822998
2011-07-12,12.409850120544434
2011-07-13,12.585700035095217
2011-07-14,12.535457611083984
2011-07-15,12.510334968566896
2011-07-18,12.510334968566896
2011-07-19,12.535457611083984
2011-07-20,12.485217094421388
2011-07-21,12.585700035095217
2011-07-22,12.610820770263672
2011-07-25,12.585700035095217
2011-07-26,12.585700035095217
2011-07-27,12.585700035095217
2011-07-28,12.409850120544434
2011-07-29,12.38473129272461
2011-08-01,12.43497085571289
2011-08-02,12.510334968566896
2011-08-03,12.811792373657228
2011-08-04,12.635941505432127
2011-08-05,12.309368133544922
2011-08-08,12.108396530151367
2011-08-09,12.158641815185549
2011-08-10,12.661062240600586
2011-08-11,12.510334968566896
2011-08-12,12.585700035095217
2011-08-16,12.43497085571289
2011-08-17,12.43497085571289
2011-08-18,12.43497085571289
2011-08-19,11.65621566772461
2011-08-22,11.80694580078125
2011-08-23,12.05815315246582
2011-08-24,12.033036231994627
2011-08-25,12.05815315246582
2011-08-26,12.007912635803224
2011-08-29,12.183758735656738
2011-08-30,12.208881378173828
2011-09-02,12.363423347473145
2011-09-05,12.38918113708496
2011-09-06,12.208880424499512
2011-09-07,12.286154747009276
2011-09-08,12.414938926696776
2011-09-09,12.46645450592041
2011-09-12,12.56948184967041
2011-09-13,12.517967224121094
2011-09-14,12.646751403808594
2011-09-15,12.56948184967041
2011-09-16,12.414938926696776
2011-09-19,12.620997428894045
2011-09-20,12.698267936706545
2011-09-21,12.620997428894045
2011-09-22,12.38918113708496
2011-09-23,12.15736961364746
2011-09-26,12.002825736999512
2011-09-27,12.208880424499512
2011-09-28,12.08009910583496
2011-09-29,12.08009910583496
2011-09-30,12.105856895446776
2011-10-03,12.15736961364746
2011-10-04,12.028581619262695
2011-10-05,11.874041557312012
2011-10-07,11.977066040039062
2011-10-10,11.89979648590088
2011-10-11,12.054340362548828
2011-10-12,12.15736961364746
2011-10-13,12.054340362548828
2011-10-14,12.054340362548828
2011-10-17,11.951309204101562
2011-10-18,11.89979648590088
2011-10-19,11.951309204101562
2011-10-20,11.977066040039062
2011-10-21,11.89979648590088
2011-10-24,12.028581619262695
2011-10-25,12.028581619262695
2011-10-28,12.801300048828123
2011-10-31,12.904326438903809
2011-11-01,12.620997428894045
2011-11-02,12.672515869140623
2011-11-03,12.620997428894045
2011-11-04,12.77553653717041
2011-11-08,12.698267936706545
2011-11-09,12.46645450592041
2011-11-11,12.208880424499512
2011-11-14,12.028581619262695
2011-11-15,12.286154747009276
2011-11-16,12.15736961364746
2011-11-17,11.89979648590088
2011-11-18,11.874041557312012
2011-11-21,11.616466522216797
2011-11-22,11.71949577331543
2011-11-23,11.564952850341797
2011-11-24,11.487683296203612
2011-11-25,11.53919792175293
2011-11-28,11.745256423950195
2011-11-29,11.745256423950195
2011-11-30,11.564952850341797
2011-12-01,11.66797924041748
2011-12-02,11.771011352539062
2011-12-05,11.642224311828612
2011-12-07,11.642224311828612
2011-12-08,11.410409927368164
2011-12-09,11.307381629943848
2011-12-12,11.075567245483398
2011-12-13,10.817996978759766
2011-12-14,10.508910179138184
2011-12-15,10.30285358428955
2011-12-16,10.277099609375
2011-12-19,9.839225769042969
2011-12-20,9.555898666381836
2011-12-21,9.658926963806152
2011-12-22,9.81346607208252
2011-12-23,9.81346607208252
2011-12-26,9.736199378967283
2011-12-27,9.633169174194336
2011-12-28,9.530139923095703
2011-12-29,9.221055030822754
2011-12-30,9.298324584960938
2012-01-02,9.246810913085938
2012-01-03,9.401354789733888
2012-01-04,9.710439682006836
2012-01-05,9.607412338256836
2012-01-06,9.427111625671388
2012-01-09,9.761954307556152
2012-01-10,10.071038246154783
2012-01-11,10.17406940460205
2012-01-12,10.096797943115234
2012-01-13,10.508910179138184
2012-01-16,10.560425758361816
2012-01-17,10.6119384765625
2012-01-18,10.6119384765625
2012-01-19,10.71496868133545
2012-01-20,10.483154296875
2012-01-23,10.431641578674316
2012-01-24,10.405884742736816
2012-01-25,10.560425758361816
2012-01-27,10.560425758361816
2012-01-30,10.32861042022705
2012-01-31,10.6119384765625
2012-02-01,10.457399368286133
2012-02-02,10.740728378295898
2012-02-03,10.817996978759766
2012-02-06,10.637696266174316
2012-02-07,10.483154296875
2012-02-08,10.663456916809082
2012-02-09,10.766481399536133
2012-02-10,11.25586986541748
2012-02-13,11.075567245483398
2012-02-14,11.127081871032717
2012-02-15,11.513439178466797
2012-02-16,11.513439178466797
2012-02-17,11.333141326904297
2012-02-21,11.461925506591797
2012-02-22,11.230111122131348
2012-02-23,10.895265579223633
2012-02-24,10.972540855407717
2012-02-27,10.6119384765625
2012-02-28,10.921029090881348
2012-02-29,10.921029090881348
2012-03-01,11.101323127746582
2012-03-02,10.972540855407717
2012-03-05,10.766481399536133
2012-03-06,10.6119384765625
2012-03-07,10.586180686950684
2012-03-09,10.766481399536133
2012-03-12,10.817996978759766
2012-03-13,10.843753814697266
2012-03-14,10.921029090881348
2012-03-15,10.895265579223633
2012-03-16,10.843753814697266
2012-03-19,10.637696266174316
2012-03-20,10.560425758361816
2012-03-21,10.53466510772705
2012-03-22,10.30285358428955
2012-03-23,10.30285358428955
2012-03-26,10.17406940460205
2012-03-27,10.122556686401367
2012-03-28,9.968008995056152
2012-03-29,9.968008995056152
2012-03-30,10.148311614990234
2012-04-02,10.405884742736816
2012-04-03,10.560425758361816
2012-04-04,10.53466510772705
2012-04-09,10.30285358428955
2012-04-10,10.32861042022705
2012-04-11,10.277099609375
2012-04-12,10.225584030151367
2012-04-13,10.122556686401367
2012-04-16,10.096797943115234
2012-04-17,10.096797943115234
2012-04-18,10.148311614990234
2012-04-19,10.19982624053955
2012-04-20,10.071038246154783
2012-04-23,9.864982604980469
2012-04-24,9.916498184204102
2012-04-25,9.916498184204102
2012-04-26,9.607412338256836
2012-04-27,9.633169174194336
2012-04-30,9.736199378967283
2012-05-02,9.684682846069336
2012-05-03,9.607412338256836
2012-05-04,9.427111625671388
2012-05-07,9.658926963806152
2012-05-08,9.555898666381836
2012-05-09,9.452869415283203
2012-05-10,9.298324584960938
2012-05-11,9.272568702697754
2012-05-14,9.401354789733888
2012-05-15,9.427111625671388
2012-05-16,9.221055030822754
2012-05-17,9.092269897460938
2012-05-18,9.14378261566162
2012-05-21,9.324082374572754
2012-05-22,9.349839210510254
2012-05-23,9.298324584960938
2012-05-24,9.349839210510254
2012-05-25,9.736199378967283
2012-05-28,9.761954307556152
2012-05-29,9.787710189819336
2012-05-30,9.684682846069336
2012-05-31,9.427111625671388
2012-06-01,9.324082374572754
2012-06-04,9.349839210510254
2012-06-05,9.298324584960938
2012-06-06,9.478625297546388
2012-06-07,9.427111625671388
2012-06-08,9.427111625671388
2012-06-11,9.50438117980957
2012-06-12,9.530139923095703
2012-06-13,9.50438117980957
2012-06-14,9.401354789733888
2012-06-15,9.452869415283203
2012-06-18,9.19529914855957
2012-06-19,9.118026733398438
2012-06-20,9.324082374572754
2012-06-21,9.324082374572754
2012-06-22,9.298324584960938
2012-06-25,9.298324584960938
2012-06-26,9.349839210510254
2012-06-27,9.401354789733888
2012-06-28,9.221055030822754
2012-06-29,9.401354789733888
2012-07-02,9.50438117980957
2012-07-03,9.581653594970703
2012-07-04,9.761954307556152
2012-07-05,9.890738487243652
2012-07-06,9.787710189819336
2012-07-09,9.607412338256836
2012-07-10,9.658926963806152
2012-07-11,9.607412338256836
2012-07-12,9.555898666381836
2012-07-13,9.555898666381836
2012-07-16,9.427111625671388
2012-07-17,9.478625297546388
2012-07-18,9.530139923095703
2012-07-19,9.581653594970703
2012-07-20,9.50438117980957
2012-07-23,9.452869415283203
2012-07-24,9.401354789733888
2012-07-25,9.349839210510254
2012-07-26,9.16953945159912
2012-07-27,9.16953945159912
2012-07-30,9.324082374572754
2012-07-31,9.401354789733888
2012-08-01,9.221055030822754
2012-08-02,9.272568702697754
2012-08-03,9.272568702697754
2012-08-06,9.272568702697754
2012-08-07,9.298324584960938
2012-08-08,9.37559700012207
2012-08-09,9.530139923095703
2012-08-10,9.50438117980957
2012-08-13,9.452869415283203
2012-08-14,9.555898666381836
2012-08-16,9.530139923095703
2012-08-17,9.530139923095703
2012-08-21,9.555898666381836
2012-08-22,9.427111625671388
2012-08-23,9.427111625671388
2012-08-24,9.37559700012207
2012-08-27,9.324082374572754
2012-08-28,9.16953945159912
2012-08-29,9.324082374572754
2012-08-30,9.427111625671388
2012-08-31,9.587801933288574
2012-09-03,9.534236907958984
2012-09-04,9.534236907958984
2012-09-05,9.427112579345703
2012-09-06,9.427112579345703
2012-09-07,9.534236907958984
2012-09-10,9.453892707824709
2012-09-11,9.427112579345703
2012-09-12,9.37354850769043
2012-09-13,9.319984436035156
2012-09-14,9.427112579345703
2012-09-17,9.641363143920898
2012-09-18,9.96274185180664
2012-09-20,9.72170639038086
2012-09-21,9.9091796875
2012-09-24,10.096651077270508
2012-09-25,10.444809913635254
2012-09-26,10.418030738830566
2012-09-27,10.203774452209473
2012-09-28,10.337685585021973
2012-10-01,10.605501174926758
2012-10-03,10.739409446716309
2012-10-04,10.819753646850586
2012-10-05,10.792969703674316
2012-10-08,11.221476554870604
2012-10-09,11.43572998046875
2012-10-10,11.167913436889648
2012-10-11,11.38216781616211
2012-10-12,11.355387687683104
2012-10-15,11.38216781616211
2012-10-16,11.328600883483888
2012-10-17,11.355387687683104
2012-10-18,11.81067180633545
2012-10-19,11.837451934814451
2012-10-22,11.703547477722168
2012-10-23,11.542853355407717
2012-10-25,11.623202323913574
2012-10-29,11.489290237426758
2012-10-30,11.489290237426758
2012-10-31,11.542853355407717
2012-11-01,11.623202323913574
2012-11-02,11.783890724182127
2012-11-05,11.81067180633545
2012-11-06,11.971359252929688
2012-11-07,11.917795181274414
2012-11-08,11.86423397064209
2012-11-09,11.757107734680176
2012-11-12,11.89101505279541
2012-11-15,12.132047653198242
2012-11-16,12.132047653198242
2012-11-19,12.105268478393556
2012-11-20,12.05170726776123
2012-11-21,12.265957832336426
2012-11-22,12.212396621704102
2012-11-23,12.34630298614502
2012-11-26,12.34630298614502
2012-11-27,12.533774375915527
2012-11-29,12.105268478393556
2012-11-30,12.4534273147583
2012-12-03,12.587339401245115
2012-12-04,12.614118576049805
2012-12-05,12.748024940490724
2012-12-06,12.881933212280272
2012-12-07,12.64090061187744
2012-12-10,12.614118576049805
2012-12-11,12.480210304260254
2012-12-12,12.560556411743164
2012-12-13,12.506991386413574
2012-12-14,12.64090061187744
2012-12-17,13.069403648376465
2012-12-18,13.14974880218506
2012-12-19,12.881933212280272
2012-12-20,12.748024940490724
2012-12-21,12.69446086883545
2012-12-24,12.908713340759276
2012-12-26,13.096186637878418
2012-12-27,13.712162971496582
2012-12-28,13.712162971496582
2012-12-31,13.631820678710938
2013-01-01,13.578254699707031
2013-01-02,13.524690628051758
2013-01-03,13.44434642791748
2013-01-04,13.4711275100708
2013-01-07,13.33721923828125
2013-01-08,13.39078426361084
2013-01-09,13.578254699707031
2013-01-10,13.899633407592772
2013-01-11,13.765725135803224
2013-01-14,13.765725135803224
2013-01-15,13.65860366821289
2013-01-16,13.578254699707031
2013-01-17,13.685380935668944
2013-01-18,13.95319366455078
2013-01-21,14.140666961669922
2013-01-22,14.006762504577637
2013-01-23,14.087103843688965
2013-01-24,13.899633407592772
2013-01-25,14.087103843688965
2013-01-28,14.19423007965088
2013-01-29,14.515605926513672
2013-01-30,14.970898628234863
2013-01-31,15.533310890197754
2013-02-01,15.104801177978516
2013-02-04,15.024457931518556
2013-02-05,14.94411563873291
2013-02-06,14.970898628234863
2013-02-07,14.917333602905272
2013-02-08,14.997676849365234
2013-02-11,15.37261962890625
2013-02-12,15.42618465423584
2013-02-13,15.319056510925291
2013-02-14,15.533310890197754
2013-02-15,15.506524085998535
2013-02-18,15.533310890197754
2013-02-19,15.560093879699709
2013-02-20,15.479744911193848
2013-02-21,15.345839500427246
2013-02-22,15.533310890197754
2013-02-25,15.479744911193848
2013-02-26,15.319056510925291
2013-02-27,15.37261962890625
2013-02-28,14.4888277053833
2013-03-01,13.872852325439451
2013-03-04,10.525156021118164
2013-03-05,10.739409446716309
2013-03-06,11.19469165802002
2013-03-07,11.114350318908691
2013-03-08,11.3018217086792
2013-03-11,10.953659057617188
2013-03-12,11.087571144104004
2013-03-13,11.060787200927734
2013-03-14,11.087571144104004
2013-03-15,10.926877975463867
2013-03-18,10.953659057617188
2013-03-19,11.114350318908691
2013-03-20,11.248258590698242
2013-03-21,11.221476554870604
2013-03-22,10.525156021118164
2013-03-25,10.444809913635254
2013-03-26,10.712627410888672
2013-03-28,10.632283210754396
2013-04-01,10.953659057617188
2013-04-02,11.060787200927734
2013-04-03,11.516072273254396
2013-04-04,11.355387687683104
2013-04-05,11.596417427062988
2013-04-08,11.783890724182127
2013-04-09,11.783890724182127
2013-04-10,11.703547477722168
2013-04-11,11.569637298583984
2013-04-12,11.676762580871582
2013-04-15,11.676762580871582
2013-04-16,11.730324745178224
2013-04-17,11.408947944641112
2013-04-18,11.676762580871582
2013-04-22,11.569637298583984
2013-04-23,11.623202323913574
2013-04-25,11.462512969970703
2013-04-26,11.408947944641112
2013-04-29,11.408947944641112
2013-04-30,11.596417427062988
2013-05-02,11.275039672851562
2013-05-03,11.328600883483888
2013-05-06,11.167913436889648
2013-05-07,11.355387687683104
2013-05-08,11.167913436889648
2013-05-09,11.087571144104004
2013-05-10,11.087571144104004
2013-05-13,10.926877975463867
2013-05-14,10.926877975463867
2013-05-15,11.087571144104004
2013-05-16,11.007221221923828
2013-05-17,11.167913436889648
2013-05-20,11.007221221923828
2013-05-21,10.846535682678224
2013-05-22,10.659062385559082
2013-05-23,10.444809913635254
2013-05-24,10.498373031616213
2013-05-27,10.578718185424805
2013-05-28,10.685847282409668
2013-05-29,10.391246795654297
2013-05-30,10.364463806152344
2013-05-31,10.310905456542969
2013-06-03,10.096651077270508
2013-06-04,10.203774452209473
2013-06-05,10.150214195251465
2013-06-06,10.203774452209473
2013-06-07,10.123433113098145
2013-06-10,9.748488426208496
2013-06-11,9.694926261901855
2013-06-12,9.561020851135254
2013-06-13,9.480673789978027
2013-06-14,9.668146133422852
2013-06-17,10.016305923461914
2013-06-18,10.016305923461914
2013-06-19,9.96274185180664
2013-06-20,9.828834533691406
2013-06-21,9.72170639038086
2013-06-24,9.694926261901855
2013-06-25,9.561020851135254
2013-06-26,9.748488426208496
2013-06-27,9.507455825805664
2013-06-28,9.882396697998049
2013-07-01,10.04308795928955
2013-07-02,10.150214195251465
2013-07-03,10.096651077270508
2013-07-04,10.176996231079102
2013-07-05,10.203774452209473
2013-07-08,9.98952579498291
2013-07-09,10.096651077270508
2013-07-10,9.828834533691406
2013-07-11,9.855615615844728
2013-07-12,9.587801933288574
2013-07-15,9.614582061767578
2013-07-16,9.802053451538086
2013-07-17,9.480673789978027
2013-07-18,9.641363143920898
2013-07-19,9.587801933288574
2013-07-22,9.614582061767578
2013-07-23,9.668146133422852
2013-07-24,9.534236907958984
2013-07-25,9.507455825805664
2013-07-26,9.427112579345703
2013-07-29,9.37354850769043
2013-07-30,9.105731010437012
2013-07-31,8.8914794921875
2013-08-01,8.302284240722656
2013-08-02,8.329066276550293
2013-08-05,8.275503158569336
2013-08-06,8.061251640319824
2013-08-07,8.088034629821777
2013-08-08,8.275503158569336
2013-08-12,8.8914794921875
2013-08-13,8.94504165649414
2013-08-14,8.971826553344727
2013-08-16,8.730791091918945
2013-08-19,8.650444030761719
2013-08-20,8.864699363708496
2013-08-21,8.623663902282715
2013-08-22,8.757572174072266
2013-08-23,8.971826553344727
2013-08-26,9.025389671325684
2013-08-27,8.784353256225586
2013-08-28,8.570101737976074
2013-08-29,8.811137199401855
2013-08-30,8.894521713256836
2013-09-02,9.033499717712402
2013-09-03,8.894521713256836
2013-09-04,9.00570297241211
2013-09-05,9.061293601989746
2013-09-06,8.9779052734375
2013-09-10,9.255859375
2013-09-11,9.783974647521973
2013-09-12,9.839564323425291
2013-09-13,10.47885799407959
2013-09-16,11.11815071105957
2013-09-17,10.701223373413086
2013-09-18,10.506654739379885
2013-09-19,10.451062202453612
2013-09-20,10.312087059020996
2013-09-23,10.367676734924316
2013-09-24,10.562247276306152
2013-09-25,10.89578914642334
2013-09-26,10.89578914642334
2013-09-27,11.034767150878906
2013-09-30,10.867992401123049
2013-10-01,10.72901725769043
2013-10-03,10.979175567626951
2013-10-04,10.701223373413086
2013-10-07,10.673423767089844
2013-10-08,10.617835998535156
2013-10-09,10.673423767089844
2013-10-10,10.617835998535156
2013-10-11,10.59003734588623
2013-10-14,10.506654739379885
2013-10-15,10.03413200378418
2013-10-17,10.395474433898926
2013-10-18,10.451062202453612
2013-10-21,10.506654739379885
2013-10-22,10.923584938049316
2013-10-23,10.89578914642334
2013-10-24,10.395474433898926
2013-10-25,10.22869873046875
2013-10-28,10.145313262939451
2013-10-29,10.145313262939451
2013-10-30,10.117517471313477
2013-10-31,10.061928749084473
2013-11-01,10.284290313720703
2013-11-05,10.451062202453612
2013-11-06,10.312087059020996
2013-11-07,10.145313262939451
2013-11-08,10.173107147216797
2013-11-11,10.145313262939451
2013-11-12,10.00633716583252
2013-11-13,9.978540420532228
2013-11-14,10.00633716583252
2013-11-18,10.00633716583252
2013-11-19,10.00633716583252
2013-11-20,10.0897216796875
2013-11-21,9.978540420532228
2013-11-22,9.839564323425291
2013-11-25,9.950746536254885
2013-11-26,9.895153999328612
2013-11-27,9.895153999328612
2013-11-28,9.867359161376951
2013-11-29,10.117517471313477
2013-12-02,10.145313262939451
2013-12-03,10.03413200378418
2013-12-04,9.978540420532228
2013-12-05,10.061928749084473
2013-12-06,10.173107147216797
2013-12-09,10.173107147216797
2013-12-10,10.00633716583252
2013-12-11,10.00633716583252
2013-12-12,10.173107147216797
2013-12-13,10.061928749084473
2013-12-16,10.03413200378418
2013-12-17,10.00633716583252
2013-12-18,10.0897216796875
2013-12-19,10.25649356842041
2013-12-20,10.395474433898926
2013-12-23,10.423267364501951
2013-12-24,10.451062202453612
2013-12-26,10.534449577331545
2013-12-27,10.95138168334961
2013-12-30,10.812402725219728
2013-12-31,10.867992401123049
2014-01-01,10.867992401123049
2014-01-02,10.59003734588623
2014-01-03,10.47885799407959
2014-01-06,10.395474433898926
2014-01-07,10.395474433898926
2014-01-08,10.562247276306152
2014-01-09,10.339879989624023
2014-01-10,10.25649356842041
2014-01-13,10.145313262939451
2014-01-14,10.22869873046875
2014-01-15,10.339879989624023
2014-01-16,10.22869873046875
2014-01-17,10.117517471313477
2014-01-20,10.0897216796875
2014-01-21,10.0897216796875
2014-01-22,10.0897216796875
2014-01-23,10.145313262939451
2014-01-24,10.00633716583252
2014-01-27,9.756178855895996
2014-01-28,9.950746536254885
2014-01-29,10.00633716583252
2014-01-30,9.92295265197754
2014-01-31,9.950746536254885
2014-02-03,9.811768531799316
2014-02-04,9.92295265197754
2014-02-05,10.0897216796875
2014-02-06,10.200904846191406
2014-02-07,10.339879989624023
2014-02-10,10.423267364501951
2014-02-11,10.451062202453612
2014-02-12,10.395474433898926
2014-02-13,10.145313262939451
2014-02-14,10.061928749084473
2014-02-17,9.978540420532228
2014-02-18,9.978540420532228
2014-02-19,9.978540420532228
2014-02-20,9.950746536254885
2014-02-21,9.978540420532228
2014-02-24,10.00633716583252
2014-02-25,9.978540420532228
2014-02-26,9.978540420532228
2014-02-28,10.00633716583252
2014-03-03,9.978540420532228
2014-03-04,9.950746536254885
2014-03-05,9.978540420532228
2014-03-06,10.061928749084473
2014-03-07,10.145313262939451
2014-03-10,10.00633716583252
2014-03-11,9.978540420532228
2014-03-12,9.978540420532228
2014-03-13,9.895153999328612
2014-03-14,9.867359161376951
2014-03-18,9.978540420532228
2014-03-19,9.895153999328612
2014-03-20,9.839564323425291
2014-03-21,9.756178855895996
2014-03-24,9.895153999328612
2014-03-25,9.867359161376951
2014-03-26,9.92295265197754
2014-03-27,10.03413200378418
2014-03-28,10.812402725219728
2014-03-31,10.617835998535156
2014-04-01,10.840197563171388
2014-04-02,10.840197563171388
2014-04-03,10.673423767089844
2014-04-04,10.6456298828125
2014-04-07,10.59003734588623
2014-04-09,10.95138168334961
2014-04-10,11.2015380859375
2014-04-11,11.396103858947754
2014-04-15,11.22933578491211
2014-04-16,11.062560081481934
2014-04-17,11.11815071105957
2014-04-21,11.173742294311523
2014-04-22,11.090359687805176
2014-04-23,11.11815071105957
2014-04-24,11.11815071105957
2014-04-25,11.034767150878906
2014-04-28,11.173742294311523
2014-04-29,10.923584938049316
2014-04-30,10.562247276306152
2014-05-02,10.6456298828125
2014-05-05,10.534449577331545
2014-05-06,10.451062202453612
2014-05-07,10.395474433898926
2014-05-08,10.25649356842041
2014-05-09,10.534449577331545
2014-05-12,10.784608840942385
2014-05-13,11.11815071105957
2014-05-14,11.479493141174316
2014-05-15,11.312718391418455
2014-05-16,11.396103858947754
2014-05-19,12.952646255493164
2014-05-20,13.036036491394045
2014-05-21,13.00823974609375
2014-05-22,14.620369911193848
2014-05-23,15.065092086791992
2014-05-26,14.259028434753418
2014-05-27,13.758711814880373
2014-05-28,13.89769172668457
2014-05-29,13.89769172668457
2014-05-30,13.786505699157717
2014-06-02,13.92548656463623
2014-06-03,13.953280448913574
2014-06-04,14.370209693908691
2014-06-05,14.78714656829834
2014-06-06,14.870525360107422
2014-06-09,15.648797988891602
2014-06-10,15.648797988891602
2014-06-11,15.56541347503662
2014-06-12,15.954546928405762
2014-06-13,15.037301063537598
2014-06-16,14.648163795471191
2014-06-17,15.009502410888672
2014-06-18,14.592578887939451
2014-06-19,14.564778327941896
2014-06-20,14.509187698364258
2014-06-23,14.45359706878662
2014-06-24,14.620369911193848
2014-06-25,14.620369911193848
2014-06-26,14.425804138183594
2014-06-27,14.314620971679688
2014-06-30,14.675960540771484
2014-07-01,14.564778327941896
2014-07-02,15.34305191040039
2014-07-03,15.120684623718262
2014-07-04,15.231870651245115
2014-07-07,15.092890739440918
2014-07-08,13.953280448913574
2014-07-09,13.647530555725098
2014-07-10,13.842097282409668
2014-07-11,13.119421005249023
2014-07-14,13.202805519104004
2014-07-15,13.341779708862305
2014-07-16,13.536351203918455
2014-07-17,13.647530555725098
2014-07-18,13.341779708862305
2014-07-21,13.369579315185549
2014-07-22,13.147211074829102
2014-07-23,13.147211074829102
2014-07-24,13.09162425994873
2014-07-25,12.841464042663574
2014-07-28,12.70248794555664
2014-07-30,12.813671112060549
2014-07-31,12.70248794555664
2014-08-01,12.507922172546388
2014-08-04,12.452332496643066
2014-08-05,12.841464042663574
2014-08-06,12.646897315979004
2014-08-07,12.480125427246094
2014-08-08,12.202171325683594
2014-08-11,12.202171325683594
2014-08-12,12.25776481628418
2014-08-13,11.562877655029297
2014-08-14,11.84083080291748
2014-08-18,12.035399436950684
2014-08-19,12.174375534057615
2014-08-20,12.396739959716797
2014-08-21,12.174375534057615
2014-08-22,12.202171325683594
2014-08-25,11.868626594543455
2014-08-26,11.646265029907228
2014-08-27,11.646265029907228
2014-08-28,12.035399436950684
2014-09-01,12.202171325683594
2014-09-02,12.174375534057615
2014-09-03,11.979808807373049
2014-09-04,11.757444381713867
2014-09-05,11.84083080291748
2014-09-08,11.896424293518066
2014-09-09,12.507922172546388
2014-09-10,12.480125427246094
2014-09-11,12.001203536987305
2014-09-12,11.973031997680664
2014-09-15,11.860342979431152
2014-09-16,11.296908378601074
2014-09-17,11.353253364562988
2014-09-18,11.634969711303713
2014-09-19,11.74765968322754
2014-09-22,11.74765968322754
2014-09-23,11.296908378601074
2014-09-24,11.184222221374512
2014-09-25,10.8743314743042
2014-09-26,11.015189170837402
2014-09-29,11.071533203125
2014-09-30,10.95884609222412
2014-10-01,10.76164436340332
2014-10-07,10.73346996307373
2014-10-08,10.76164436340332
2014-10-09,11.04336166381836
2014-10-10,10.76164436340332
2014-10-13,10.73346996307373
2014-10-14,10.78981590270996
2014-10-15,10.78981590270996
2014-10-16,10.70530128479004
2014-10-17,10.817986488342283
2014-10-20,10.76164436340332
2014-10-21,10.987015724182127
2014-10-22,11.381423950195312
2014-10-27,11.24056625366211
2014-10-28,11.2687349319458
2014-10-29,11.212390899658203
2014-10-30,11.2687349319458
2014-10-31,11.634969711303713
2014-11-03,11.944863319396973
2014-11-05,11.888517379760742
2014-11-07,11.973031997680664
2014-11-10,11.860342979431152
2014-11-11,11.832175254821776
2014-11-12,11.719484329223633
2014-11-13,11.465940475463867
2014-11-14,11.550453186035156
2014-11-17,11.80400276184082
2014-11-18,11.944863319396973
2014-11-19,11.634969711303713
2014-11-20,11.494112014770508
2014-11-21,11.437768936157228
2014-11-24,11.381423950195312
2014-11-25,11.212390899658203
2014-11-26,11.353253364562988
2014-11-27,11.2687349319458
2014-11-28,11.465940475463867
2014-12-01,11.2687349319458
2014-12-02,11.296908378601074
2014-12-03,11.409595489501951
2014-12-04,11.353253364562988
2014-12-05,11.2687349319458
2014-12-08,11.071533203125
2014-12-09,10.902501106262209
2014-12-10,10.902501106262209
2014-12-11,10.76164436340332
2014-12-12,10.70530128479004
2014-12-15,10.64895725250244
2014-12-16,10.451753616333008
2014-12-17,10.310894012451172
2014-12-18,10.564440727233888
2014-12-19,10.64895725250244
2014-12-22,10.73346996307373
2014-12-23,10.64895725250244
2014-12-24,10.564440727233888
2014-12-26,10.592610359191896
2014-12-29,10.620782852172852
2014-12-30,10.564440727233888
2014-12-31,10.620782852172852
2015-01-01,10.64895725250244
2015-01-02,10.73346996307373
2015-01-05,10.64895725250244
2015-01-06,10.42358112335205
2015-01-07,10.282721519470217
2015-01-08,10.479924201965332
2015-01-09,10.451753616333008
2015-01-12,10.479924201965332
2015-01-13,10.451753616333008
2015-01-14,11.04336166381836
2015-01-15,10.987015724182127
2015-01-16,10.902501106262209
2015-01-19,10.8743314743042
2015-01-20,10.76164436340332
2015-01-21,10.76164436340332
2015-01-22,11.212390899658203
2015-01-23,11.184222221374512
2015-01-27,11.071533203125
2015-01-28,11.296908378601074
2015-01-29,11.211544036865234
2015-01-30,10.955440521240234
2015-02-02,11.126173973083496
2015-02-03,11.325361251831056
2015-02-04,11.382274627685549
2015-02-05,11.410731315612791
2015-02-06,11.382274627685549
2015-02-09,11.296908378601074
2015-02-10,11.268451690673828
2015-02-11,11.410731315612791
2015-02-12,11.809111595153809
2015-02-13,11.894474983215332
2015-02-16,11.752201080322266
2015-02-18,11.866022109985352
2015-02-19,11.894474983215332
2015-02-20,11.866022109985352
2015-02-23,11.951390266418455
2015-02-24,11.922932624816896
2015-02-25,11.951390266418455
2015-02-26,11.809111595153809
2015-02-27,12.093667984008787
2015-03-02,11.951390266418455
2015-03-03,11.97984218597412
2015-03-04,11.63837718963623
2015-03-05,11.467642784118652
2015-03-09,11.268451690673828
2015-03-10,11.15463161468506
2015-03-11,11.211544036865234
2015-03-12,11.325361251831056
2015-03-13,11.183083534240724
2015-03-16,11.04080581665039
2015-03-17,11.04080581665039
2015-03-18,11.126173973083496
2015-03-19,11.268451690673828
2015-03-20,11.211544036865234
2015-03-23,11.15463161468506
2015-03-24,11.01235294342041
2015-03-25,11.09771728515625
2015-03-26,11.09771728515625
2015-03-27,11.239996910095217
2015-03-30,11.296908378601074
2015-03-31,11.268451690673828
2015-04-01,11.410731315612791
2015-04-06,11.410731315612791
2015-04-07,11.410731315612791
2015-04-08,11.553009033203123
2015-04-09,11.553009033203123
2015-04-10,11.752201080322266
2015-04-13,11.922932624816896
2015-04-15,11.809111595153809
2015-04-16,11.780656814575195
2015-04-17,11.72374153137207
2015-04-20,11.524553298950195
2015-04-21,11.524553298950195
2015-04-22,11.524553298950195
2015-04-23,11.467642784118652
2015-04-24,11.410731315612791
2015-04-27,11.296908378601074
2015-04-28,11.239996910095217
2015-04-29,11.183083534240724
2015-04-30,11.239996910095217
2015-05-04,11.382274627685549
2015-05-05,11.325361251831056
2015-05-06,11.09771728515625
2015-05-07,10.926983833312988
2015-05-08,10.983898162841797
2015-05-11,10.983898162841797
2015-05-12,10.756250381469728
2015-05-13,10.813162803649902
2015-05-14,10.813162803649902
2015-05-15,10.813162803649902
2015-05-18,10.813162803649902
2015-05-19,10.841615676879885
2015-05-20,10.926983833312988
2015-05-21,11.01235294342041
2015-05-22,11.06926441192627
2015-05-25,10.926983833312988
2015-05-26,10.955440521240234
2015-05-27,11.09771728515625
2015-05-28,11.496098518371582
2015-05-29,11.467642784118652
2015-06-01,11.382274627685549
2015-06-02,11.211544036865234
2015-06-03,10.870073318481444
2015-06-04,10.78470516204834
2015-06-05,10.898529052734377
2015-06-08,10.72779369354248
2015-06-09,10.870073318481444
2015-06-10,10.870073318481444
2015-06-11,10.72779369354248
2015-06-12,10.813162803649902
2015-06-15,10.756250381469728
2015-06-16,10.813162803649902
2015-06-17,10.870073318481444
2015-06-18,10.898529052734377
2015-06-19,11.239996910095217
2015-06-22,11.15463161468506
2015-06-23,11.183083534240724
2015-06-24,11.239996910095217
2015-06-25,11.410731315612791
2015-06-26,11.296908378601074
2015-06-29,11.15463161468506
2015-06-30,11.15463161468506
2015-07-01,11.183083534240724
2015-07-02,11.126173973083496
2015-07-03,11.15463161468506
2015-07-06,11.04080581665039
2015-07-07,11.04080581665039
2015-07-08,11.15463161468506
2015-07-09,11.04080581665039
2015-07-10,10.78470516204834
2015-07-13,10.841615676879885
2015-07-14,10.78470516204834
2015-07-15,10.841615676879885
2015-07-16,10.841615676879885
2015-07-17,10.870073318481444
2015-07-20,10.841615676879885
2015-07-21,10.926983833312988
2015-07-22,10.841615676879885
2015-07-23,10.78470516204834
2015-07-24,10.756250381469728
2015-07-27,10.642426490783691
2015-07-28,10.670884132385254
2015-07-29,10.756250381469728
2015-07-30,10.613972663879396
2015-07-31,10.756250381469728
2015-08-03,10.813162803649902
2015-08-04,10.841615676879885
2015-08-05,10.841615676879885
2015-08-06,10.78470516204834
2015-08-07,10.72779369354248
2015-08-10,10.670884132385254
2015-08-11,10.528604507446287
2015-08-12,10.414782524108888
2015-08-13,10.244047164916992
2015-08-14,10.300959587097168
2015-08-17,10.386327743530272
2015-08-18,10.443239212036133
2015-08-19,10.357870101928713
2015-08-20,10.215591430664062
2015-08-21,10.101768493652344
2015-08-24,9.134276390075684
2015-08-25,9.305010795593262
2015-08-26,9.361923217773438
2015-08-27,9.561111450195312
2015-08-28,9.618023872375488
2015-08-31,9.361923217773438
2015-09-01,9.134276390075684
2015-09-02,9.134276390075684
2015-09-03,9.361923217773438
2015-09-04,9.191186904907228
2015-09-07,9.105819702148438
2015-09-08,9.219642639160156
2015-09-09,9.504199981689451
2015-09-10,9.38758373260498
2015-09-11,9.38758373260498
2015-09-14,9.38758373260498
2015-09-15,9.445892333984377
2015-09-16,9.41673755645752
2015-09-18,9.708277702331545
2015-09-21,9.766586303710938
2015-09-22,9.708277702331545
2015-09-23,9.591662406921388
2015-09-24,9.62081527709961
2015-09-28,9.533352851867676
2015-09-29,9.649970054626465
2015-09-30,9.649970054626465
2015-10-01,9.737432479858398
2015-10-05,9.883200645446776
2015-10-06,10.058124542236328
2015-10-07,10.028972625732422
2015-10-08,9.999815940856934
2015-10-09,9.970664978027344
2015-10-12,10.20389461517334
2015-10-13,10.145586967468262
2015-10-14,10.11643409729004
2015-10-15,10.0872802734375
2015-10-16,10.1747407913208
2015-10-19,10.262202262878418
2015-10-20,10.524588584899902
2015-10-21,10.55374240875244
2015-10-23,10.641205787658691
2015-10-26,10.495433807373049
2015-10-27,10.524588584899902
2015-10-28,10.466280937194824
2015-10-29,10.55374240875244
2015-10-30,10.582898139953612
2015-11-02,10.437127113342283
2015-11-03,10.466280937194824
2015-11-04,10.466280937194824
2015-11-05,10.40797519683838
2015-11-06,10.262202262878418
2015-11-09,10.378816604614258
2015-11-10,10.641205787658691
2015-11-13,10.670358657836914
2015-11-16,10.81612777709961
2015-11-17,10.757819175720217
2015-11-18,10.845284461975098
2015-11-19,11.049360275268556
2015-11-20,11.107666969299316
2015-11-23,11.107666969299316
2015-11-24,11.049360275268556
2015-11-26,10.991053581237791
2015-11-27,10.991053581237791
2015-11-30,11.253440856933594
2015-12-01,11.632440567016602
2015-12-02,11.77821159362793
2015-12-03,11.603285789489746
2015-12-04,11.311747550964355
2015-12-07,11.457515716552734
2015-12-08,11.078516006469728
2015-12-09,10.903590202331545
2015-12-10,11.253440856933594
2015-12-11,11.049360275268556
2015-12-14,10.932744979858398
2015-12-15,10.991053581237791
2015-12-16,11.165977478027344
2015-12-17,11.428364753723145
2015-12-18,11.515823364257812
2015-12-21,11.923982620239258
2015-12-22,11.719902992248535
2015-12-23,11.69074821472168
2015-12-24,11.69074821472168
2015-12-28,11.719902992248535
2015-12-29,11.74905776977539
2015-12-30,11.69074821472168
2015-12-31,12.273826599121094
2016-01-01,12.36129093170166
2016-01-04,12.536215782165527
2016-01-05,12.82775592803955
2016-01-06,12.740293502807615
2016-01-07,12.011439323425291
2016-01-08,12.302982330322266
2016-01-11,12.09890365600586
2016-01-12,12.011439323425291
2016-01-13,11.719902992248535
2016-01-14,11.74905776977539
2016-01-15,11.3700532913208
2016-01-18,11.165977478027344
2016-01-19,11.2825927734375
2016-01-20,10.961898803710938
2016-01-21,11.107666969299316
2016-01-22,11.399206161499023
2016-01-25,11.340901374816896
2016-01-27,11.632440567016602
2016-01-28,11.719902992248535
2016-01-29,12.215521812438965
2016-02-01,12.157214164733888
2016-02-02,12.011439323425291
2016-02-03,11.661593437194824
2016-02-04,11.661593437194824
2016-02-05,11.923982620239258
2016-02-08,12.011439323425291
2016-02-09,12.040596961975098
2016-02-10,12.390446662902832
2016-02-11,11.603285789489746
2016-02-12,11.603285789489746
2016-02-15,11.923982620239258
2016-02-16,11.74905776977539
2016-02-17,11.69074821472168
2016-02-18,12.161309242248535
2016-02-19,12.25298023223877
2016-02-22,12.497428894042969
2016-02-23,12.497428894042969
2016-02-24,12.314092636108398
2016-02-25,11.886306762695312
2016-02-26,12.03908920288086
2016-02-29,12.283536911010742
2016-03-01,12.497428894042969
2016-03-02,12.71131992340088
2016-03-03,12.864100456237791
2016-03-04,12.80298900604248
2016-03-08,12.772430419921877
2016-03-09,13.108549118041992
2016-03-10,12.986327171325684
2016-03-11,12.83354663848877
2016-03-14,12.986327171325684
2016-03-15,12.986327171325684
2016-03-16,13.322440147399902
2016-03-17,13.139107704162598
2016-03-18,13.59744644165039
2016-03-21,13.658554077148438
2016-03-22,13.536335945129396
2016-03-23,13.505779266357422
2016-03-28,13.322440147399902
2016-03-29,13.38355541229248
2016-03-30,13.994672775268556
2016-03-31,14.758574485778809
2016-04-01,14.697463035583496
2016-04-04,14.728019714355469
2016-04-05,13.933563232421877
2016-04-06,14.17801284790039
2016-04-07,14.0557861328125
2016-04-08,14.239124298095703
2016-04-11,14.544685363769531
2016-04-12,14.514130592346191
2016-04-13,14.605795860290527
2016-04-18,14.544685363769531
2016-04-20,14.36134910583496
2016-04-21,14.147454261779783
2016-04-22,14.086345672607422
2016-04-25,13.933563232421877
2016-04-26,14.116899490356444
2016-04-27,13.16966152191162
2016-04-28,12.894658088684082
2016-04-29,12.619654655456545
2016-05-02,12.864100456237791
2016-05-03,12.6502103805542
2016-05-04,12.527983665466309
2016-05-05,12.741876602172852
2016-05-06,12.955768585205078
2016-05-09,12.894658088684082
2016-05-10,12.955768585205078
2016-05-11,13.139107704162598
2016-05-12,13.077993392944336
2016-05-13,13.047435760498049
2016-05-16,13.077993392944336
2016-05-17,13.108549118041992
2016-05-18,13.23077392578125
2016-05-19,13.077993392944336
2016-05-20,13.23077392578125
2016-05-23,13.322440147399902
2016-05-24,13.475221633911133
2016-05-25,13.62800121307373
2016-05-26,13.84189510345459
2016-05-27,14.116899490356444
2016-05-30,13.903010368347168
2016-05-31,14.239124298095703
2016-06-01,14.697463035583496
2016-06-02,15.064136505126951
2016-06-03,15.094691276550291
2016-06-06,14.6363525390625
2016-06-07,14.728019714355469
2016-06-08,14.941916465759276
2016-06-09,14.81968879699707
2016-06-10,14.758574485778809
2016-06-13,14.789135932922363
2016-06-14,15.094691276550291
2016-06-15,15.064136505126951
2016-06-16,15.308584213256836
2016-06-17,15.461365699768066
2016-06-20,15.24747371673584
2016-06-21,15.216917991638184
2016-06-22,15.033580780029297
2016-06-23,14.911354064941406
2016-06-24,14.697463035583496
2016-06-27,14.911354064941406
2016-06-28,15.216917991638184
2016-06-29,15.27802848815918
2016-06-30,15.400253295898438
2016-07-01,15.24747371673584
2016-07-04,15.736370086669922
2016-07-05,15.614147186279297
2016-07-07,15.400253295898438
2016-07-08,15.339143753051758
2016-07-11,15.491923332214355
2016-07-12,15.64470100402832
2016-07-13,15.430809020996094
2016-07-14,15.553032875061035
2016-07-15,15.400253295898438
2016-07-18,15.461365699768066
2016-07-19,15.27802848815918
2016-07-20,15.339143753051758
2016-07-21,15.369699478149414
2016-07-22,15.553032875061035
2016-07-25,15.430809020996094
2016-07-26,15.491923332214355
2016-07-27,15.339143753051758
2016-07-28,15.400253295898438
2016-07-29,15.461365699768066
2016-08-01,15.339143753051758
2016-08-02,15.216917991638184
2016-08-03,14.941916465759276
2016-08-04,14.972469329833984
2016-08-05,15.24747371673584
2016-08-08,15.24747371673584
2016-08-09,15.614147186279297
2016-08-10,15.828042030334473
2016-08-11,16.13359832763672
2016-08-12,15.980815887451172
2016-08-16,16.500272750854492
2016-08-17,16.65304946899414
2016-08-18,16.683610916137695
2016-08-19,16.744720458984375
2016-08-22,16.744720458984375
2016-08-23,16.805831909179688
2016-08-24,16.836389541625977
2016-08-25,16.928054809570312
2016-08-26,16.683610916137695
2016-08-29,16.65304946899414
2016-08-30,16.9586124420166
2016-08-31,17.203062057495117
2016-09-01,16.989168167114258
2016-09-02,17.11139678955078
2016-09-06,16.928054809570312
2016-09-07,16.561384201049805
2016-09-08,16.673791885375977
2016-09-09,16.361549377441406
2016-09-12,16.018081665039062
2016-09-14,16.705020904541016
2016-09-15,16.548891067504883
2016-09-16,16.736242294311523
2016-09-19,16.829914093017578
2016-09-20,16.45522117614746
2016-09-21,16.548891067504883
2016-09-22,16.767465591430664
2016-09-23,16.23665428161621
2016-09-26,15.86195945739746
2016-09-27,15.955634117126465
2016-09-28,15.893183708190918
2016-09-29,15.206249237060549
2016-09-30,15.612163543701172
2016-10-03,16.018081665039062
2016-10-04,16.080530166625977
2016-10-05,16.142980575561523
2016-10-06,16.080530166625977
2016-10-07,15.986858367919922
2016-10-10,15.86195945739746
2016-10-13,15.986858367919922
2016-10-14,15.92441177368164
2016-10-17,15.643389701843262
2016-10-18,15.830735206604004
2016-10-19,16.018081665039062
2016-10-20,16.04930305480957
2016-10-21,16.142980575561523
2016-10-24,16.142980575561523
2016-10-25,16.174198150634766
2016-10-26,16.080530166625977
2016-10-27,16.04930305480957
2016-10-28,16.736242294311523
2016-11-01,16.58011817932129
2016-11-02,16.45522117614746
2016-11-03,16.45522117614746
2016-11-04,16.45522117614746
2016-11-07,16.361549377441406
2016-11-08,16.29909896850586
2016-11-09,15.799510955810549
2016-11-10,16.51767349243164
2016-11-11,15.830735206604004
2016-11-15,15.362370491027832
2016-11-16,15.206249237060549
2016-11-17,15.737062454223633
2016-11-18,16.392772674560547
2016-11-21,15.986858367919922
2016-11-22,15.86195945739746
2016-11-23,16.26787567138672
2016-11-24,16.45522117614746
2016-11-25,16.923585891723633
2016-11-28,17.423175811767578
2016-11-29,17.204605102539062
2016-11-30,17.5168514251709
2016-12-01,17.017261505126953
2016-12-02,17.17337989807129
2016-12-05,17.017261505126953
2016-12-06,17.017261505126953
2016-12-07,17.017261505126953
2016-12-08,17.110933303833008
2016-12-09,17.142162322998047
2016-12-12,17.048486709594727
2016-12-13,16.86113929748535
2016-12-14,16.673791885375977
2016-12-15,16.767465591430664
2016-12-16,16.892362594604492
2016-12-19,16.829914093017578
2016-12-20,16.829914093017578
2016-12-21,16.923585891723633
2016-12-22,16.29909896850586
2016-12-23,16.361549377441406
2016-12-26,16.174198150634766
2016-12-27,16.45522117614746
2016-12-28,16.45522117614746
2016-12-29,16.58011817932129
2016-12-30,16.51767349243164
2017-01-02,16.736242294311523
2017-01-03,17.048486709594727
2017-01-04,17.110933303833008
2017-01-05,17.17337989807129
2017-01-06,17.017261505126953
2017-01-09,16.986032485961914
2017-01-10,17.079710006713867
2017-01-11,17.110933303833008
2017-01-12,18.67214584350586
2017-01-13,18.266231536865234
2017-01-16,18.859495162963867
2017-01-17,18.7033748626709
2017-01-18,18.609697341918945
2017-01-19,18.41102409362793
2017-01-20,18.046777725219727
2017-01-23,18.278568267822266
2017-01-24,18.377910614013672
2017-01-25,18.510364532470703
2017-01-27,19.53687286376953
2017-01-30,19.305082321166992
2017-01-31,19.17262840270996
2017-02-01,19.371307373046875
2017-02-02,20.430932998657227
2017-02-03,20.397823333740234
2017-02-06,20.72895050048828
2017-02-07,20.72895050048828
2017-02-08,20.298479080200195
2017-02-09,20.46404457092285
2017-02-10,19.96735000610352
2017-02-13,20.00046157836914
2017-02-14,20.26536750793457
2017-02-15,20.298479080200195
2017-02-16,20.49715805053711
2017-02-17,19.90111923217773
2017-02-20,19.96735000610352
2017-02-21,19.90111923217773
2017-02-22,20.066688537597656
2017-02-23,19.96735000610352
2017-02-27,19.669328689575195
2017-02-28,20.199138641357425
2017-03-01,20.33159828186035
2017-03-02,19.768665313720703
2017-03-03,19.603099822998047
2017-03-06,19.868009567260746
2017-03-07,19.8017807006836
2017-03-08,19.834896087646484
2017-03-09,19.834896087646484
2017-03-10,20.00046157836914
2017-03-14,20.26536750793457
2017-03-15,20.298479080200195
2017-03-16,20.49715805053711
2017-03-17,20.298479080200195
2017-03-20,20.26536750793457
2017-03-21,20.199138641357425
2017-03-22,19.702442169189453
2017-03-23,19.90111923217773
2017-03-24,20.33159828186035
2017-03-27,20.76206588745117
2017-03-28,20.69584083557129
2017-03-29,20.69584083557129
2017-03-30,20.993865966796875
2017-03-31,21.324996948242188
2017-04-03,21.358110427856445
2017-04-05,21.854808807373047
2017-04-06,21.75546836853028
2017-04-07,21.12631225585937
2017-04-10,21.093202590942383
2017-04-11,21.656129837036133
2017-04-12,21.358110427856445
2017-04-13,21.52367782592773
2017-04-17,20.86140823364257
2017-04-18,20.629615783691406
2017-04-19,20.795181274414062
2017-04-20,20.76206588745117
2017-04-21,21.093202590942383
2017-04-24,21.06008720397949
2017-04-25,20.92763900756836
2017-04-26,20.82829666137696
2017-04-27,20.69584083557129
2017-04-28,21.026975631713867
2017-05-02,21.093202590942383
2017-05-03,20.993865966796875
2017-05-04,21.192541122436523
2017-05-05,20.86140823364257
2017-05-08,20.894519805908203
2017-05-09,20.56338882446289
2017-05-10,20.59650230407715
2017-05-11,20.59650230407715
2017-05-12,20.430932998657227
2017-05-15,20.76206588745117
2017-05-16,20.53027534484864
2017-05-17,20.49715805053711
2017-05-18,20.13291358947754
2017-05-19,20.298479080200195
2017-05-22,20.232250213623047
2017-05-23,19.702442169189453
2017-05-24,19.13951301574707
2017-05-25,19.371307373046875
2017-05-26,20.166025161743164
2017-05-29,20.09980201721192
2017-05-30,19.96735000610352
2017-05-31,20.03357696533203
2017-06-01,19.834896087646484
2017-06-02,20.36471366882324
2017-06-05,20.199138641357425
2017-06-06,20.13291358947754
2017-06-07,20.662731170654297
2017-06-08,20.894519805908203
2017-06-09,22.053485870361328
2017-06-12,22.11971664428711
2017-06-13,21.68924140930176
2017-06-14,21.68924140930176
2017-06-15,21.556787490844727
2017-06-16,22.053485870361328
2017-06-19,22.219057083129883
2017-06-20,22.35150909423828
2017-06-21,22.550188064575195
2017-06-22,21.95415306091309
2017-06-23,21.49056625366211
2017-06-27,21.22565650939941
2017-06-28,20.993865966796875
2017-06-29,21.22565650939941
2017-06-30,20.76206588745117
2017-07-03,21.12631225585937
2017-07-04,20.69584083557129
2017-07-05,20.56338882446289
2017-07-06,20.76206588745117
2017-07-07,21.06008720397949
2017-07-10,21.29188537597656
2017-07-11,20.72895050048828
2017-07-12,20.795181274414062
2017-07-13,21.12631225585937
2017-07-14,21.22565650939941
2017-07-17,20.662731170654297
2017-07-18,20.72895050048828
2017-07-19,20.53027534484864
2017-07-20,20.430932998657227
2017-07-21,20.199138641357425
2017-07-24,20.33159828186035
2017-07-25,20.066688537597656
2017-07-26,20.33159828186035
2017-07-27,20.066688537597656
2017-07-28,20.00046157836914
2017-07-31,20.09980201721192
2017-08-01,19.868009567260746
2017-08-02,19.934232711791992
2017-08-03,19.768665313720703
2017-08-04,19.96735000610352
2017-08-07,20.53027534484864
2017-08-08,20.69584083557129
2017-08-09,20.430932998657227
2017-08-10,19.90111923217773
2017-08-11,20.066688537597656
2017-08-14,20.629615783691406
2017-08-16,20.59650230407715
2017-08-17,20.430932998657227
2017-08-18,19.96735000610352
2017-08-21,19.768665313720703
2017-08-22,19.470643997192383
2017-08-23,19.669328689575195
2017-08-24,19.702442169189453
2017-08-28,19.338197708129883
2017-08-29,19.205739974975582
2017-08-30,19.238853454589844
2017-08-31,19.238853454589844
2017-09-01,19.10639953613281
2017-09-04,18.973949432373047
2017-09-05,18.87460708618164
2017-09-06,18.87460708618164
2017-09-07,18.742158889770508
2017-09-08,18.808380126953125
2017-09-11,18.87460708618164
2017-09-12,19.13951301574707
2017-09-13,19.13951301574707
2017-09-14,18.94014358520508
2017-09-15,18.674314498901367
2017-09-18,18.74077415466309
2017-09-19,18.77400588989257
2017-09-20,18.674314498901367
2017-09-21,18.641088485717773
2017-09-22,18.541406631469727
2017-09-25,18.04298210144043
2017-09-26,18.04298210144043
2017-09-27,17.843612670898438
2017-09-28,17.810380935668945
2017-09-29,17.976524353027344
2017-10-03,18.574636459350582
2017-10-04,18.5081787109375
2017-10-05,18.375263214111328
2017-10-06,18.474952697753903
2017-10-09,18.17589569091797
2017-10-10,18.375263214111328
2017-10-11,18.77400588989257
2017-10-12,18.873687744140625
2017-10-13,18.674314498901367
2017-10-16,19.07305908203125
2017-10-17,18.90691375732422
2017-10-18,18.674314498901367
2017-10-19,18.60785865783692
2017-10-23,18.24235343933105
2017-10-24,18.24235343933105
2017-10-25,18.674314498901367
2017-10-26,18.60785865783692
2017-10-27,18.94014358520508
2017-10-30,19.10628700256348
2017-10-31,18.973371505737305
2017-11-01,19.13951301574707
2017-11-02,19.33888435363769
2017-11-03,19.372114181518555
2017-11-06,19.00659942626953
2017-11-07,19.039831161499023
2017-11-08,18.60785865783692
2017-11-09,18.474952697753903
2017-11-10,18.60785865783692
2017-11-13,18.07620620727539
2017-11-14,18.009750366210938
2017-11-15,17.976524353027344
2017-11-16,17.91006851196289
2017-11-17,17.91006851196289
2017-11-20,18.24235343933105
2017-11-21,18.17589569091797
2017-11-22,17.943294525146484
2017-11-23,17.91006851196289
2017-11-24,17.943294525146484
2017-11-27,17.943294525146484
2017-11-28,18.574636459350582
2017-11-29,18.60785865783692
2017-11-30,18.84045791625977
2017-12-01,18.574636459350582
2017-12-04,18.873687744140625
2017-12-05,18.707544326782227
2017-12-06,18.60785865783692
2017-12-07,18.707544326782227
2017-12-08,18.80723571777344
2017-12-11,19.27242851257324
2017-12-12,19.07305908203125
2017-12-13,19.07305908203125
2017-12-14,19.10628700256348
2017-12-15,18.90691375732422
2017-12-18,18.74077415466309
2017-12-19,18.80723571777344
2017-12-20,18.84045791625977
2017-12-21,19.60470962524414
2017-12-22,20.16959381103516
2017-12-26,21.066761016845703
2017-12-27,21.000303268432617
2017-12-28,21.13321304321289
2017-12-29,21.698097229003903
2018-01-01,21.3990421295166
2018-01-02,21.16644287109375
2018-01-03,21.731325149536133
2018-01-04,22.429119110107425
2018-01-05,22.29620742797852
2018-01-08,22.03038215637207
2018-01-09,21.79777908325196
2018-01-10,21.56518745422364
2018-01-11,21.432270050048828
2018-01-12,21.066761016845703
2018-01-15,21.000303268432617
2018-01-16,20.13636589050293
2018-01-17,20.501873016357425
2018-01-18,19.57148170471192
2018-01-19,19.83730697631836
2018-01-22,19.9702205657959
2018-01-23,20.236047744750977
2018-01-24,19.9702205657959
2018-01-25,19.737625122070312
2018-01-29,19.83730697631836
2018-01-30,19.87053680419922
2018-01-31,19.57148170471192
2018-02-01,19.372114181518555
2018-02-02,18.5081787109375
2018-02-05,18.641088485717773
2018-02-06,18.641088485717773
2018-02-07,18.94014358520508
2018-02-08,19.07305908203125
2018-02-09,19.07305908203125
2018-02-12,19.60470962524414
2018-02-14,19.039831161499023
2018-02-15,19.039831161499023
2018-02-16,18.80723571777344
2018-02-19,18.80723571777344
2018-02-20,18.924863815307617
2018-02-21,18.85567283630371
2018-02-22,18.40589904785156
2018-02-23,19.09785270690918
2018-02-26,19.34003639221192
2018-02-27,19.167049407958984
2018-02-28,18.89026641845703
2018-03-01,19.236242294311523
2018-03-05,19.20164680480957
2018-03-06,19.167049407958984
2018-03-07,18.40589904785156
2018-03-08,18.47509384155273
2018-03-09,18.578887939453125
2018-03-12,18.44049835205078
2018-03-13,18.68268203735352
2018-03-14,18.54429054260254
2018-03-15,18.54429054260254
2018-03-16,18.40589904785156
2018-03-19,18.302112579345703
2018-03-20,18.23291206359864
2018-03-21,18.26751136779785
2018-03-22,18.129125595092773
2018-03-23,18.37130355834961
2018-03-26,18.64808464050293
2018-03-27,19.06325340270996
2018-03-28,19.167049407958984
2018-04-02,19.34003639221192
2018-04-03,20.10117721557617
2018-04-04,19.755205154418945
2018-04-05,19.89359474182129
2018-04-06,19.755205154418945
2018-04-09,19.858997344970703
2018-04-10,19.7898006439209
2018-04-11,19.51302146911621
2018-04-12,19.167049407958984
2018-04-13,18.99406242370605
2018-04-16,18.95945930480957
2018-04-17,18.95945930480957
2018-04-18,18.89026641845703
2018-04-19,19.374631881713867
2018-04-20,19.443822860717773
2018-04-23,19.47842597961425
2018-04-24,19.028657913208008
2018-04-25,19.028657913208008
2018-04-26,19.09785270690918
2018-04-27,19.51302146911621
2018-04-30,19.68600845336914
2018-05-02,19.51302146911621
2018-05-03,19.51302146911621
2018-05-04,19.27083969116211
2018-05-07,19.305438995361328
2018-05-08,19.47842597961425
2018-05-09,19.616809844970703
2018-05-10,19.27083969116211
2018-05-11,19.09785270690918
2018-05-14,18.89026641845703
2018-05-15,18.47509384155273
2018-05-16,18.26751136779785
2018-05-17,18.302112579345703
2018-05-18,18.059925079345703
2018-05-21,18.059925079345703
2018-05-22,18.37130355834961
2018-05-23,18.7172794342041
2018-05-24,18.40589904785156
2018-05-25,18.7172794342041
2018-05-28,18.68268203735352
2018-05-29,18.47509384155273
2018-05-30,18.40589904785156
2018-05-31,18.33670425415039
2018-06-01,18.47509384155273
2018-06-04,18.094520568847656
2018-06-05,18.129125595092773
2018-06-06,18.37130355834961
2018-06-07,18.37130355834961
2018-06-08,18.37130355834961
2018-06-11,18.40589904785156
2018-06-12,18.509695053100582
2018-06-13,18.23291206359864
2018-06-14,17.9907283782959
2018-06-15,17.81774139404297
2018-06-18,17.713951110839844
2018-06-19,17.506362915039062
2018-06-20,17.471765518188477
2018-06-21,17.298776626586914
2018-06-22,17.26418113708496
2018-06-25,17.021997451782227
2018-06-26,17.0911922454834
2018-06-27,16.745220184326172
2018-06-28,15.60349941253662
2018-06-29,16.226253509521484
2018-07-02,15.811081886291504
2018-07-03,15.77648639678955
2018-07-04,15.880279541015623
2018-07-05,15.94947624206543
2018-07-06,16.157058715820312
2018-07-09,16.64142608642578
2018-07-10,16.814414978027344
2018-07-11,16.71061897277832
2018-07-12,16.606826782226562
2018-07-13,16.503032684326172
2018-07-16,16.537633895874023
2018-07-17,16.503032684326172
2018-07-18,16.364643096923828
2018-07-19,16.018672943115234
2018-07-20,16.08786392211914
2018-07-23,16.08786392211914
2018-07-24,16.676025390625
2018-07-25,16.98740005493164
2018-07-26,16.77981185913086
2018-07-27,16.676025390625
2018-07-30,16.64142608642578
2018-07-31,16.433841705322266
2018-08-01,16.295448303222656
2018-08-02,16.537633895874023
2018-08-03,16.71061897277832
2018-08-06,16.745220184326172
2018-08-07,16.98740005493164
2018-08-08,17.021997451782227
2018-08-09,16.952802658081055
2018-08-10,17.26418113708496
2018-08-13,17.194988250732422
2018-08-14,17.298776626586914
2018-08-16,17.194988250732422
2018-08-17,17.61015510559082
2018-08-20,17.852336883544922
2018-08-21,17.81774139404297
2018-08-23,17.852336883544922
2018-08-24,17.5755615234375
2018-08-27,17.506362915039062
2018-08-28,17.402572631835938
2018-08-29,17.437171936035156
2018-08-30,17.26418113708496
2018-08-31,17.54096221923828
2018-09-03,17.644756317138672
2018-09-04,17.367971420288086
2018-09-05,17.298776626586914
2018-09-06,17.5755615234375
2018-09-07,17.956132888793945
2018-09-10,17.402572631835938
2018-09-11,17.229583740234375
2018-09-12,17.285566329956055
2018-09-14,17.39054298400879
2018-09-17,17.215585708618164
2018-09-18,17.00564193725586
2018-09-19,16.900667190551758
2018-09-21,16.62074089050293
2018-09-24,16.270828247070312
2018-09-25,16.48077392578125
2018-09-26,16.410791397094727
2018-09-27,16.025894165039062
2018-09-28,15.81594467163086
2018-10-01,16.1308650970459
2018-10-03,16.095870971679688
2018-10-04,16.79569435119629
2018-10-05,16.235836029052734
2018-10-08,15.745964050292969
2018-10-09,15.81594467163086
2018-10-10,16.585744857788086
2018-10-11,16.48077392578125
2018-10-12,16.655729293823242
2018-10-15,16.515766143798828
2018-10-16,16.830686569213867
2018-10-17,16.585744857788086
2018-10-19,17.075624465942383
2018-10-22,16.79569435119629
2018-10-23,16.79569435119629
2018-10-24,16.79569435119629
2018-10-25,17.00564193725586
2018-10-26,16.970645904541016
2018-10-29,17.040632247924805
2018-10-30,16.830686569213867
2018-10-31,17.040632247924805
2018-11-01,17.145605087280273
2018-11-02,17.040632247924805
2018-11-05,17.145605087280273
2018-11-06,17.250577926635742
2018-11-07,17.46052360534668
2018-11-09,18.5102596282959
2018-11-12,18.685209274291992
2018-11-13,18.860166549682617
2018-11-14,18.965137481689453
2018-11-15,18.1953353881836
2018-11-16,18.370290756225582
2018-11-19,18.26531791687012
2018-11-20,18.1953353881836
2018-11-21,18.05536842346192
2018-11-22,18.23032569885254
2018-11-26,18.1953353881836
2018-11-27,18.23032569885254
2018-11-28,18.1953353881836
2018-11-29,18.1953353881836
2018-11-30,18.16034507751465
2018-12-03,18.47526359558105
2018-12-04,18.47526359558105
2018-12-05,18.26531791687012
2018-12-06,18.47526359558105
2018-12-07,18.26531791687012
2018-12-10,18.30030632019043
2018-12-11,18.26531791687012
2018-12-12,18.26531791687012
2018-12-13,18.30030632019043
2018-12-14,18.370290756225582
2018-12-17,18.26531791687012
2018-12-18,18.30030632019043
2018-12-19,18.26531791687012
2018-12-20,18.26531791687012
2018-12-21,18.16034507751465
2018-12-24,18.16034507751465
2018-12-26,18.26531791687012
2018-12-27,18.33530616760254
2018-12-28,18.16034507751465
2018-12-31,18.1953353881836
2019-01-01,18.16034507751465
2019-01-02,17.950397491455078
2019-01-03,17.880416870117188
2019-01-04,17.880416870117188
2019-01-07,18.16034507751465
2019-01-08,18.1953353881836
2019-01-09,18.16034507751465
2019-01-10,17.880416870117188
2019-01-11,17.845428466796875
2019-01-14,17.77544403076172
2019-01-15,17.880416870117188
2019-01-16,18.09036445617676
2019-01-17,17.880416870117188
2019-01-18,17.600488662719727
2019-01-21,17.670469284057617
2019-01-22,17.77544403076172
2019-01-23,17.670469284057617
2019-01-24,17.705459594726562
2019-01-25,17.495513916015625
2019-01-28,17.18059539794922
2019-01-29,17.110612869262695
2019-01-30,17.145605087280273
2019-01-31,17.495513916015625
2019-02-01,17.77544403076172
2019-02-04,17.635480880737305
2019-02-05,16.655729293823242
2019-02-06,16.935659408569336
2019-02-07,16.900667190551758
2019-02-08,16.48077392578125
2019-02-11,16.410791397094727
2019-02-12,16.515766143798828
2019-02-14,16.48077392578125
2019-02-15,16.655729293823242
2019-02-18,16.87934684753418
2019-02-19,16.87934684753418
2019-02-20,17.02361297607422
2019-02-21,17.13181495666504
2019-02-22,16.987546920776367
2019-02-25,16.843278884887695
2019-02-26,16.80721092224121
2019-02-27,16.518674850463867
2019-02-28,16.554746627807617
2019-03-01,16.662944793701172
2019-03-05,17.02361297607422
2019-03-06,17.240015029907227
2019-03-07,17.889223098754883
2019-03-08,18.141691207885746
2019-03-11,18.28595542907715
2019-03-12,17.997421264648438
2019-03-13,17.9252872467041
2019-03-14,17.853153228759766
2019-03-15,18.141691207885746
2019-03-18,18.24989128112793
2019-03-19,18.32202339172364
2019-03-20,18.03348922729492
2019-03-22,17.744953155517578
2019-03-25,17.600683212280273
2019-03-26,17.889223098754883
2019-03-27,17.781021118164062
2019-03-28,17.744953155517578
2019-04-01,18.069557189941406
2019-04-02,18.3941593170166
2019-04-03,17.744953155517578
2019-04-04,17.672819137573242
2019-04-05,17.52855110168457
2019-04-08,17.600683212280273
2019-04-09,17.456418991088867
2019-04-10,17.420351028442383
2019-04-11,17.312149047851562
2019-04-12,17.312149047851562
2019-04-15,17.38428497314453
2019-04-16,17.312149047851562
2019-04-18,17.05967903137207
2019-04-22,16.95148277282715
2019-04-23,16.80721092224121
2019-04-24,16.843278884887695
2019-04-25,16.662944793701172
2019-04-26,16.95148277282715
2019-04-30,16.843278884887695
2019-05-02,16.662944793701172
2019-05-03,16.987546920776367
2019-05-06,16.771146774291992
2019-05-07,16.771146774291992
2019-05-08,16.518674850463867
2019-05-09,16.338342666625977
2019-05-10,16.194074630737305
2019-05-13,15.941606521606444
2019-05-14,15.941606521606444
2019-05-15,16.08586883544922
2019-05-16,15.689133644104004
2019-05-17,15.977669715881348
2019-05-20,16.699010848999023
2019-05-21,16.482606887817383
2019-05-22,16.554746627807617
2019-05-23,16.44654083251953
2019-05-24,16.626876831054688
2019-05-27,17.02361297607422
2019-05-28,18.28595542907715
2019-05-29,18.03348922729492
2019-05-30,17.9252872467041
2019-05-31,18.069557189941406
2019-06-03,17.9252872467041
2019-06-04,18.03348922729492
2019-06-06,17.96135711669922
2019-06-07,18.03348922729492
2019-06-10,17.853153228759766
2019-06-11,17.781021118164062
2019-06-12,17.9252872467041
2019-06-13,17.744953155517578
2019-06-14,17.708885192871094
2019-06-17,17.312149047851562
2019-06-18,17.672819137573242
2019-06-19,17.708885192871094
2019-06-20,17.889223098754883
2019-06-21,18.17776107788086
2019-06-24,18.069557189941406
2019-06-25,17.817089080810547
2019-06-26,18.03348922729492
2019-06-27,17.997421264648438
2019-06-28,17.889223098754883
2019-07-01,17.96135711669922
2019-07-02,17.889223098754883
2019-07-03,17.817089080810547
2019-07-04,17.744953155517578
2019-07-05,17.63675308227539
2019-07-08,17.240015029907227
2019-07-09,17.420351028442383
2019-07-10,17.203948974609375
2019-07-11,17.240015029907227
2019-07-12,17.420351028442383
2019-07-15,17.52855110168457
2019-07-16,17.38428497314453
2019-07-17,17.167884826660156
2019-07-18,16.87934684753418
2019-07-19,16.95148277282715
2019-07-22,16.662944793701172
2019-07-23,16.699010848999023
2019-07-24,16.662944793701172
2019-07-25,16.15800666809082
2019-07-26,16.194074630737305
2019-07-29,16.194074630737305
2019-07-30,16.049806594848633
2019-07-31,15.977669715881348
2019-08-01,15.725200653076172
2019-08-02,15.616998672485352
2019-08-05,15.725200653076172
2019-08-06,15.797335624694824
2019-08-07,16.121938705444336
2019-08-08,16.26620864868164
2019-08-09,15.905535697937012
2019-08-13,16.230140686035156
2019-08-14,16.482606887817383
2019-08-16,16.699010848999023
2019-08-19,16.771146774291992
2019-08-20,16.771146774291992
2019-08-21,16.735076904296875
2019-08-22,16.771146774291992
2019-08-23,16.771146774291992
2019-08-26,16.771146774291992
2019-08-27,16.771146774291992
2019-08-28,16.626876831054688
2019-08-29,16.554746627807617
2019-08-30,16.771146774291992
2019-09-03,17.05967903137207
2019-09-04,16.95148277282715
2019-09-05,17.38428497314453
2019-09-06,17.348217010498047
2019-09-09,17.420351028442383
2019-09-11,17.52855110168457
2019-09-12,17.86349105834961
2019-09-13,17.975133895874023
2019-09-16,17.900705337524414
2019-09-17,17.45412254333496
2019-09-18,17.75184440612793
2019-09-19,17.565765380859375
2019-09-20,17.193613052368164
2019-09-23,17.37969207763672
2019-09-24,17.230825424194336
2019-09-25,16.933103561401367
2019-09-26,17.08196449279785
2019-09-27,17.044748306274414
2019-09-30,16.598159790039062
2019-10-01,16.412080764770508
2019-10-03,16.3376522064209
2019-10-04,16.858665466308594
2019-10-07,17.00753402709961
2019-10-09,16.858665466308594
2019-10-10,16.784238815307617
2019-10-11,17.156396865844727
2019-10-14,17.640195846557617
2019-10-15,17.75184440612793
2019-10-16,17.416906356811523
2019-10-17,17.342472076416016
2019-10-18,17.789058685302734
2019-10-22,17.193613052368164
2019-10-23,17.565765380859375
2019-10-24,17.37969207763672
2019-10-25,17.714630126953125
2019-10-27,17.789058685302734
2019-10-29,17.93792152404785
2019-10-30,17.714630126953125
2019-10-31,17.491336822509766
2019-11-01,17.491336822509766
2019-11-04,17.640195846557617
2019-11-05,17.640195846557617
2019-11-06,17.45412254333496
2019-11-07,17.52855110168457
2019-11-08,17.37969207763672
2019-11-11,17.37969207763672
2019-11-13,17.602983474731445
2019-11-14,17.52855110168457
2019-11-15,17.37969207763672
2019-11-18,17.37969207763672
2019-11-19,17.37969207763672
2019-11-20,17.491336822509766
2019-11-21,17.416906356811523
2019-11-22,17.491336822509766
2019-11-25,17.602983474731445
2019-11-26,17.826276779174805
2019-11-27,17.75184440612793
2019-11-28,17.677412033081055
2019-11-29,17.714630126953125
2019-12-02,17.826276779174805
2019-12-03,17.75184440612793
2019-12-04,17.86349105834961
2019-12-05,17.75184440612793
2019-12-06,17.826276779174805
2019-12-09,17.789058685302734
2019-12-10,17.677412033081055
2019-12-11,17.75184440612793
2019-12-12,17.714630126953125
2019-12-13,17.789058685302734
2019-12-16,17.75184440612793
2019-12-17,17.86349105834961
2019-12-18,17.900705337524414
2019-12-19,17.900705337524414
2019-12-20,18.0495662689209
2019-12-23,17.714630126953125
2019-12-24,17.86349105834961
2019-12-26,17.900705337524414
2019-12-27,17.86349105834961
2019-12-30,17.86349105834961
2019-12-31,17.826276779174805
2020-01-01,17.86349105834961
2020-01-02,17.86349105834961
2020-01-03,17.900705337524414
2020-01-06,17.826276779174805
2020-01-07,17.826276779174805
2020-01-08,17.75184440612793
2020-01-09,17.826276779174805
2020-01-10,18.0495662689209
2020-01-13,18.012351989746094
2020-01-14,18.012351989746094
2020-01-15,18.19843482971192
2020-01-16,18.31007957458496
2020-01-17,18.0495662689209
2020-01-20,20.13364028930664
2020-01-21,19.24046897888184
2020-01-22,19.463764190673828
2020-01-23,20.24528694152832
2020-01-24,20.43136978149414
2020-01-27,20.654661178588867
2020-01-28,20.319719314575195
2020-01-29,19.463764190673828
2020-01-30,18.756668090820312
2020-01-31,18.23565101623535
2020-02-03,17.86349105834961
2020-02-04,18.19843482971192
2020-02-05,18.272863388061523
2020-02-06,18.086782455444336
2020-02-07,18.272863388061523
2020-02-10,18.0495662689209
2020-02-11,17.826276779174805
2020-02-12,17.826276779174805
2020-02-13,17.640195846557617
2020-02-14,17.45412254333496
2020-02-17,17.242507934570312
2020-02-18,16.693883895874023
2020-02-19,16.811447143554688
2020-02-20,16.811447143554688
2020-02-24,16.889816284179688
2020-02-25,17.281692504882812
2020-02-26,16.968196868896484
2020-02-27,16.77225685119629
2020-02-28,16.14525604248047
2020-03-02,16.53713607788086
2020-03-03,17.908695220947266
2020-03-04,17.242507934570312
2020-03-05,17.242507934570312
2020-03-06,17.007381439208984
2020-03-09,15.753379821777344
2020-03-11,16.53713607788086
2020-03-12,15.518258094787598
2020-03-13,16.10607147216797
2020-03-16,15.008816719055176
2020-03-17,14.264256477355955
2020-03-18,15.165567398071287
2020-03-19,14.46019458770752
2020-03-20,16.654695510864258
2020-03-23,14.264256477355955
2020-03-24,14.930445671081545
2020-03-25,14.852068901062012
2020-03-26,14.264256477355955
2020-03-27,15.204753875732422
2020-03-30,15.400694847106934
2020-03-31,15.635820388793944
2020-04-01,15.243942260742188
2020-04-03,15.518258094787598
2020-04-07,16.615507125854492
2020-04-08,17.12494468688965
2020-04-09,17.007381439208984
2020-04-13,16.968196868896484
2020-04-15,17.399259567260742
2020-04-16,17.477632522583008
2020-04-17,17.71276092529297
2020-04-20,17.242507934570312
2020-04-21,16.654695510864258
2020-04-22,16.576318740844727
2020-04-23,16.302001953125
2020-04-24,16.223634719848633
2020-04-27,16.223634719848633
2020-04-28,15.870944023132324
2020-04-29,16.53713607788086
2020-04-30,16.302001953125
2020-05-04,15.870944023132324
2020-05-05,15.910133361816406
2020-05-06,15.949320793151855
2020-05-07,15.949320793151855
2020-05-08,15.635820388793944
2020-05-11,15.675007820129396
2020-05-12,15.243942260742188
2020-05-13,15.79256820678711
2020-05-14,15.675007820129396
2020-05-15,15.675007820129396
2020-05-18,15.479068756103516
2020-05-19,15.400694847106934
2020-05-20,15.439882278442385
2020-05-21,15.635820388793944
2020-05-22,15.479068756103516
2020-05-26,15.518258094787598
2020-05-27,15.596630096435549
2020-05-28,15.675007820129396
2020-05-29,15.361509323120115
2020-06-01,15.557446479797363
2020-06-02,15.635820388793944
2020-06-03,15.675007820129396
2020-06-04,15.675007820129396
2020-06-05,15.79256820678711
2020-06-08,15.831757545471191
2020-06-09,15.635820388793944
2020-06-10,15.675007820129396
2020-06-11,15.635820388793944
2020-06-12,15.557446479797363
2020-06-15,15.479068756103516
2020-06-16,15.753379821777344
2020-06-17,15.596630096435549
2020-06-18,15.557446479797363
2020-06-19,15.596630096435549
2020-06-22,15.714194297790527
2020-06-23,16.066883087158203
2020-06-24,16.10607147216797
2020-06-25,15.910133361816406
2020-06-26,16.34119415283203
2020-06-29,15.831757545471191
2020-06-30,15.675007820129396
2020-07-01,15.714194297790527
2020-07-02,15.910133361816406
2020-07-03,16.223634719848633
2020-07-06,16.1844425201416
2020-07-07,15.949320793151855
2020-07-08,15.870944023132324
2020-07-09,16.066883087158203
2020-07-10,15.870944023132324
2020-07-13,15.910133361816406
2020-07-14,15.714194297790527
2020-07-15,15.675007820129396
2020-07-16,15.753379821777344
2020-07-17,15.753379821777344
2020-07-20,15.753379821777344
2020-07-21,15.831757545471191
2020-07-22,15.79256820678711
2020-07-23,15.753379821777344
2020-07-24,15.870944023132324
2020-07-27,15.870944023132324
2020-07-28,15.870944023132324
2020-07-29,15.988505363464355
2020-07-30,16.066883087158203
2020-07-31,15.910133361816406
2020-08-03,15.79256820678711
2020-08-04,15.831757545471191
2020-08-05,15.714194297790527
2020-08-06,15.753379821777344
2020-08-07,16.027698516845703
2020-08-10,15.988505363464355
2020-08-11,15.910133361816406
2020-08-12,15.910133361816406
2020-08-13,16.10607147216797
2020-08-14,16.1844425201416
2020-08-17,16.223634719848633
2020-08-18,16.302001953125
2020-08-19,16.38038444519043
2020-08-20,18.45731735229492
2020-08-21,18.222198486328125
2020-08-24,17.830320358276367
2020-08-25,17.438440322875977
2020-08-26,17.399259567260742
2020-08-27,17.595195770263672
2020-08-28,17.7911319732666
2020-08-31,16.968196868896484
2020-09-01,17.08576011657715
2020-09-02,16.811447143554688
2020-09-03,16.889816284179688
2020-09-04,16.77225685119629
2020-09-07,16.733068466186523
2020-09-08,16.497943878173828
2020-09-09,16.223634719848633
2020-09-10,16.10607147216797
2020-09-11,16.10607147216797
2020-09-14,16.223634719848633
2020-09-15,16.262819290161133
2020-09-16,16.38038444519043
2020-09-17,16.436100006103516
2020-09-18,16.87386131286621
2020-09-21,16.27691078186035
2020-09-22,15.998331069946287
2020-09-23,15.998331069946287
2020-09-24,15.91873836517334
2020-09-25,16.117719650268555
2020-09-28,16.27691078186035
2020-09-29,16.23711585998535
2020-09-30,16.077924728393555
2020-10-01,16.117719650268555
2020-10-05,16.27691078186035
2020-10-06,16.117719650268555
2020-10-07,16.077924728393555
2020-10-08,15.958535194396973
2020-10-09,16.31670379638672
2020-10-12,16.038129806518555
2020-10-13,15.998331069946287
2020-10-14,15.799348831176758
2020-10-15,15.71975326538086
2020-10-16,15.799348831176758
2020-10-19,15.91873836517334
2020-10-20,16.117719650268555
2020-10-21,16.038129806518555
2020-10-22,16.038129806518555
2020-10-23,15.958535194396973
2020-10-26,15.958535194396973
2020-10-27,16.077924728393555
2020-10-28,15.958535194396973
2020-10-29,15.958535194396973
2020-10-30,15.799348831176758
2020-11-02,15.759549140930176
2020-11-03,15.878942489624023
2020-11-04,16.077924728393555
2020-11-05,16.396299362182617
2020-11-06,17.27182960510254
2020-11-09,16.834068298339844
2020-11-10,16.794267654418945
2020-11-11,16.71467399597168
2020-11-12,16.595287322998047
2020-11-13,16.396299362182617
2020-11-14,16.595287322998047
2020-11-17,16.35650634765625
2020-11-18,16.31670379638672
2020-11-19,16.35650634765625
2020-11-20,16.31670379638672
2020-11-23,16.35650634765625
2020-11-24,16.436100006103516
2020-11-25,16.55548667907715
2020-11-26,16.834068298339844
2020-11-27,17.072847366333008
2020-12-01,17.311628341674805
2020-12-02,17.11264419555664
2020-12-03,17.192241668701172
2020-12-04,17.35142707824707
2020-12-07,17.868783950805664
2020-12-08,17.709596633911133
2020-12-09,17.7891902923584
2020-12-10,17.431018829345703
2020-12-11,17.630001068115234
2020-12-14,17.749393463134766
2020-12-15,17.868783950805664
2020-12-16,18.465734481811523
2020-12-17,18.346349716186523
2020-12-18,17.988176345825195
2020-12-21,17.192241668701172
2020-12-22,17.669801712036133
2020-12-23,18.02796936035156
2020-12-24,18.425939559936523
2020-12-28,18.38614273071289
2020-12-29,18.306549072265625
2020-12-30,18.425939559936523
2020-12-31,18.02796936035156
2021-01-01,18.38614273071289
2021-01-04,19.580049514770508
2021-01-05,19.580049514770508
2021-01-06,19.420860290527344
2021-01-07,19.739233016967773
2021-01-08,19.97801780700684
2021-01-11,19.97801780700684
2021-01-12,19.858625411987305
2021-01-13,19.739233016967773
2021-01-14,19.818828582763672
2021-01-15,19.779035568237305
2021-01-18,19.420860290527344
2021-01-19,19.580049514770508
2021-01-20,19.580049514770508
2021-01-21,19.580049514770508
2021-01-22,19.26167297363281
2021-01-25,18.86370658874512
2021-01-27,18.66472244262696
2021-01-28,18.306549072265625
2021-01-29,19.10248565673828
2021-02-01,18.86370658874512
2021-02-02,18.545330047607425
2021-02-03,18.70451736450196
2021-02-04,19.22187805175781
2021-02-05,19.50045585632324
2021-02-08,19.341264724731445
2021-02-09,19.341264724731445
2021-02-10,19.739233016967773
2021-02-11,19.61984634399414
2021-02-12,19.93821907043457
2021-02-15,20.09740829467773
2021-02-16,20.09740829467773
2021-02-17,20.09740829467773
2021-02-18,20.455581665039062
2021-02-19,20.57496833801269
2021-02-22,20.11495780944824
2021-02-23,19.86404609680176
2021-02-24,19.86404609680176
2021-02-25,20.32405662536621
2021-02-26,20.198598861694336
2021-03-01,20.491331100463867
2021-03-02,20.825883865356445
2021-03-03,20.74224281311035
2021-03-04,21.704084396362305
2021-03-05,21.536808013916016
2021-03-08,21.62044715881348
2021-03-09,21.327713012695312
2021-03-10,21.076799392700195
2021-03-12,20.53314781188965
2021-03-15,20.32405662536621
2021-03-16,20.282236099243164
2021-03-17,20.11495780944824
2021-03-18,19.989501953125
2021-03-19,20.407691955566406
2021-03-22,20.11495780944824
2021-03-23,20.198598861694336
2021-03-24,20.073139190673828
2021-03-25,19.5713119506836
2021-03-26,19.44585418701172
2021-03-30,20.95133781433105
2021-03-31,20.44951057434082
2021-04-01,20.616788864135746
2021-04-05,20.57496833801269
2021-04-06,20.44951057434082
2021-04-07,20.407691955566406
2021-04-08,20.407691955566406
2021-04-09,20.282236099243164
2021-04-12,19.613130569458008
2021-04-13,19.86404609680176
2021-04-15,20.031322479248047
2021-04-16,20.11495780944824
2021-04-19,19.69676971435547
2021-04-20,19.82223129272461
2021-04-22,19.780406951904297
2021-04-23,20.407691955566406
2021-04-26,20.15678024291992
2021-04-27,20.32405662536621
2021-04-28,20.44951057434082
2021-04-29,20.36587715148925
2021-04-30,20.282236099243164
2021-05-03,20.15678024291992
2021-05-04,20.491331100463867
2021-05-05,20.36587715148925
2021-05-06,20.32405662536621
2021-05-07,20.407691955566406
2021-05-10,20.70042610168457
2021-05-11,22.16409492492676
2021-05-12,22.24773025512696
2021-05-14,21.62044715881348
2021-05-17,21.369531631469727
2021-05-18,21.411352157592773
2021-05-19,21.369531631469727
2021-05-20,21.369531631469727
2021-05-21,21.411352157592773
2021-05-24,21.369531631469727
2021-05-25,21.453168869018555
2021-05-26,21.494985580444336
2021-05-27,21.82954216003418
2021-05-28,21.704084396362305
2021-05-31,21.74590110778809
2021-06-01,21.536808013916016
2021-06-02,21.578622817993164
2021-06-03,21.704084396362305
2021-06-04,21.82954216003418
2021-06-07,22.038633346557617
2021-06-08,22.498647689819336
2021-06-09,22.205909729003903
2021-06-10,22.624101638793945
2021-06-11,22.45682716369629
2021-06-14,22.45682716369629
2021-06-15,22.665922164916992
2021-06-16,22.5822811126709
2021-06-17,22.28955078125
2021-06-18,22.24773025512696
2021-06-21,22.28955078125
2021-06-22,22.54046630859375
2021-06-23,22.33136749267578
2021-06-24,22.12227439880371
2021-06-25,22.24773025512696
2021-06-28,22.33136749267578
2021-06-29,21.536808013916016
2021-06-30,21.91317749023437
2021-07-01,21.954998016357425
2021-07-02,21.954998016357425
2021-07-05,21.99681663513184
2021-07-06,21.8713607788086
2021-07-07,22.24773025512696
2021-07-08,21.8713607788086
2021-07-09,21.82954216003418
2021-07-12,21.74590110778809
2021-07-13,21.82954216003418
2021-07-14,21.74590110778809
2021-07-15,21.82954216003418
2021-07-16,21.662267684936523
2021-07-19,21.74590110778809
2021-07-20,21.453168869018555
2021-07-22,21.74590110778809
2021-07-23,21.787721633911133
2021-07-26,21.536808013916016
2021-07-27,21.662267684936523
2021-07-28,21.578622817993164
2021-07-29,21.74590110778809
2021-07-30,21.954998016357425
2021-08-02,22.16409492492676
2021-08-03,22.080455780029297
2021-08-04,21.8713607788086
2021-08-05,21.91317749023437
2021-08-06,21.74590110778809
2021-08-09,21.91317749023437
2021-08-10,21.494985580444336
2021-08-11,21.74590110778809
2021-08-12,21.74590110778809
2021-08-13,22.24773025512696
2021-08-16,21.91317749023437
2021-08-17,21.8713607788086
2021-08-18,21.91317749023437
2021-08-20,21.954998016357425
2021-08-23,21.91317749023437
2021-08-24,21.99681663513184
2021-08-25,22.080455780029297
2021-08-26,22.080455780029297
2021-08-27,22.16409492492676
2021-08-30,22.33136749267578
2021-08-31,22.54046630859375
2021-09-01,22.74955940246582
2021-09-02,23.46048164367676
2021-09-03,23.167749404907227
2021-09-06,22.87501716613769
2021-09-07,22.833194732666016
2021-09-08,23.000473022460938
2021-09-09,22.91683578491211
2021-09-13,23.08411407470703
2021-09-14,23.08411407470703
2021-09-15,23.37684631347656
2021-09-16,23.800342559814453
2021-09-17,23.46154022216797
2021-09-20,23.67329216003418
2021-09-21,23.24979591369629
2021-09-22,23.12274742126465
2021-09-23,23.50389289855957
2021-09-24,23.67329216003418
2021-09-27,23.50389289855957
2021-09-28,23.9697380065918
2021-09-29,24.816722869873047
2021-09-30,25.28256607055664
2021-10-01,24.647327423095703
2021-10-04,25.155517578125
2021-10-05,25.494314193725582
2021-10-06,25.6213607788086
2021-10-07,25.875459671020508
2021-10-08,25.91780662536621
2021-10-11,25.875459671020508
2021-10-12,25.494314193725582
2021-10-13,24.816722869873047
2021-10-14,26.17190361022949
2021-10-18,30.068038940429688
2021-10-19,28.83991050720215
2021-10-20,27.357681274414062
2021-10-21,26.34130096435547
2021-10-22,27.4423828125
2021-10-25,27.4423828125
2021-10-26,26.680095672607425
2021-10-27,26.764795303344727
2021-10-28,26.34130096435547
2021-10-29,26.00250625610352
2021-11-01,27.06123924255371
2021-11-02,26.764795303344727
2021-11-03,25.7484073638916
2021-11-04,26.214252471923828
2021-11-08,27.06123924255371
2021-11-09,27.61178207397461
2021-11-10,27.315338134765625
2021-11-11,27.14593505859375
2021-11-12,27.357681274414062
2021-11-15,26.93419075012207
2021-11-16,28.712867736816406
2021-11-17,28.07762336730957
2021-11-18,27.61178207397461
2021-11-22,26.55304908752441
2021-11-23,26.764795303344727
2021-11-24,26.46834754943848
2021-11-25,26.34130096435547
2021-11-26,25.960155487060547
2021-11-29,25.663707733154297
2021-11-30,26.34130096435547
2021-12-01,26.722442626953125
2021-12-02,27.315338134765625
2021-12-03,27.569429397583008
2021-12-06,28.289369583129883
2021-12-07,28.41641616821289
2021-12-08,28.5434684753418
2021-12-09,27.865875244140625
2021-12-10,27.18828392028809
2021-12-13,26.976539611816406
2021-12-14,26.8071403503418
2021-12-15,26.214252471923828
2021-12-16,26.17190361022949
2021-12-17,26.59539604187012
2021-12-20,24.90142059326172
2021-12-21,26.214252471923828
2021-12-22,26.256601333618164
2021-12-23,26.17190361022949
2021-12-24,25.70606231689453
2021-12-27,25.451963424682617
2021-12-28,26.17190361022949
2021-12-29,25.960155487060547
2021-12-30,26.46834754943848
2021-12-31,26.214252471923828
2022-01-03,26.425996780395508
2022-01-04,26.55304908752441
2022-01-05,26.680095672607425
2022-01-06,27.14593505859375
2022-01-07,26.425996780395508
2022-01-10,26.722442626953125
2022-01-11,26.2989501953125
2022-01-12,26.680095672607425
2022-01-13,26.84949493408203
2022-01-14,26.425996780395508
2022-01-17,26.63774681091309
2022-01-18,26.51069641113281
2022-01-19,26.34130096435547
2022-01-20,25.960155487060547
2022-01-21,25.790760040283203
2022-01-24,25.240215301513672
2022-01-25,25.324914932250977
2022-01-27,25.367263793945312
2022-01-28,25.197866439819336
2022-01-31,25.40961265563965
2022-02-01,25.324914932250977
2022-02-02,25.367263793945312
2022-02-03,25.367263793945312
2022-02-04,25.324914932250977
2022-02-07,25.367263793945312
2022-02-08,25.028472900390625
2022-02-09,25.197866439819336
2022-02-10,25.07081794738769
2022-02-11,24.816722869873047
2022-02-14,24.94377326965332
2022-02-15,25.28256607055664
2022-02-16,25.40961265563965
2022-02-17,25.367263793945312
2022-02-18,25.367263793945312
2022-02-21,25.451963424682617
2022-02-22,25.505098342895508
2022-02-23,25.01802444458008
2022-02-24,24.13242721557617
2022-02-25,24.53094482421875
2022-02-28,24.26526641845703
2022-03-02,25.77077865600586
2022-03-03,25.947895050048828
2022-03-04,24.840904235839844
2022-03-07,25.37226104736328
2022-03-08,25.37226104736328
2022-03-09,25.549379348754883
2022-03-10,25.28369903564453
2022-03-11,25.195144653320312
2022-03-14,24.885183334350582
2022-03-15,24.929462432861328
2022-03-16,25.062301635742188
2022-03-17,24.840904235839844
2022-03-21,24.70806121826172
2022-03-22,24.66378593444824
2022-03-23,24.30954933166504
2022-03-24,24.26526641845703
2022-03-25,24.13242721557617
2022-03-28,24.26526641845703
2022-03-29,24.22098922729492
2022-03-30,24.176708221435547
2022-03-31,24.619503021240234
2022-04-01,24.66378593444824
2022-04-04,25.23941993713379
2022-04-05,26.213573455810547
2022-04-06,26.213573455810547
2022-04-07,27.23200798034668
2022-04-08,27.054887771606445
2022-04-11,28.338998794555664
2022-04-12,27.497682571411133
2022-04-13,27.94048309326172
2022-04-18,29.313152313232425
2022-04-19,29.84450912475586
2022-04-20,30.907224655151367
2022-04-21,31.92565155029297
2022-04-22,31.482860565185547
2022-04-25,30.021631240844727
2022-04-26,29.933067321777344
2022-04-27,29.136032104492188
2022-04-28,30.021631240844727
2022-04-29,29.401716232299805
2022-05-02,29.623109817504883
2022-05-04,28.73751449584961
2022-05-05,28.693239212036133
2022-05-06,29.8887882232666
2022-05-09,29.49026870727539
2022-05-10,28.294721603393555
2022-05-11,27.099166870117188
2022-05-12,27.71908187866211
2022-05-13,27.586244583129883
2022-05-16,28.206159591674805
2022-05-17,29.136032104492188
2022-05-18,28.38327980041504
2022-05-19,28.117599487304688
2022-05-20,28.338998794555664
2022-05-23,28.693239212036133
2022-05-24,29.35742950439453
2022-05-25,28.250438690185547
2022-05-26,28.91463661193848
2022-05-27,29.44599151611328
2022-05-30,29.711668014526367
2022-05-31,29.80023002624512
2022-06-01,30.19874382019043
2022-06-02,29.57883071899414
2022-06-03,28.826074600219727
2022-06-06,29.313152313232425
2022-06-07,30.021631240844727
2022-06-08,30.06590843200684
2022-06-09,29.313152313232425
2022-06-10,29.136032104492188
2022-06-13,27.8519229888916
2022-06-14,28.1618766784668
2022-06-15,27.71908187866211
2022-06-16,27.099166870117188
2022-06-17,26.70064926147461
2022-06-20,25.637937545776367
2022-06-21,26.74492835998535
2022-06-22,27.364845275878903
2022-06-23,27.23200798034668
2022-06-24,27.497682571411133
2022-06-27,28.604679107666016
2022-06-28,28.781795501708984
2022-06-29,27.40912628173828
2022-06-30,27.23200798034668
2022-07-01,27.32056427001953
2022-07-04,27.94048309326172
2022-07-05,27.763362884521484
2022-07-06,28.1618766784668
2022-07-07,28.38327980041504
2022-07-08,28.604679107666016
2022-07-11,28.516117095947266
2022-07-12,29.224594116210938
2022-07-13,29.623109817504883
2022-07-14,30.28730201721192
2022-07-15,30.641542434692383
2022-07-18,30.331586837768555
2022-07-19,29.8887882232666
2022-07-20,29.49026870727539
2022-07-21,29.623109817504883
2022-07-22,29.401716232299805
2022-07-25,29.224594116210938
2022-07-26,29.224594116210938
2022-07-27,29.224594116210938
2022-07-28,29.84450912475586
2022-07-29,30.243032455444336
2022-08-01,30.730100631713867
2022-08-02,31.394296646118164
2022-08-03,31.837100982666016
2022-08-04,31.57141494750977
2022-08-05,31.792814254760746
2022-08-08,31.084339141845703
2022-08-10,30.500389099121094
2022-08-11,30.410545349121094
2022-08-12,30.54530334472656
2022-08-16,30.994504928588867
2022-08-17,30.635143280029297
2022-08-18,31.129261016845703
2022-08-19,31.353858947753903
2022-08-22,30.500389099121094
2022-08-23,30.54530334472656
2022-08-24,30.54530334472656
2022-08-25,31.75813102722168
2022-08-26,31.93780899047852
2022-08-29,32.43192672729492
2022-08-30,34.498226165771484
2022-09-01,33.689674377441406
2022-09-02,34.90250396728516
2022-09-05,34.94742584228516
2022-09-06,33.95918655395508
2022-09-07,34.18378829956055
2022-09-08,33.824432373046875
2022-09-09,32.97096252441406
2022-09-12,33.19556427001953
2022-09-13,33.240482330322266
2022-09-14,33.28539276123047
2022-09-15,34.76774978637695
2022-09-16,34.72282409667969
2022-09-19,34.67790603637695
2022-09-20,34.58806610107422
2022-09-21,34.18378829956055
2022-09-22,35.216941833496094
2022-09-23,34.58806610107422
2022-09-26,33.0608024597168
2022-09-27,32.97096252441406
2022-09-28,32.83620071411133
2022-09-29,32.47684860229492
2022-09-30,32.07257080078125
2022-10-03,31.89289093017578
2022-10-04,34.498226165771484
2022-10-06,34.09394836425781
2022-10-07,34.049034118652344
2022-10-10,34.22870635986328
2022-10-11,34.09394836425781
2022-10-12,33.689674377441406
2022-10-13,34.049034118652344
2022-10-14,34.049034118652344
2022-10-17,35.3516960144043
2022-10-18,37.68751525878906
2022-10-19,36.115333557128906
2022-10-20,35.8458137512207
2022-10-21,37.283241271972656
2022-10-24,38.58591079711914
2022-10-25,40.5623664855957
2022-10-27,40.74204254150391
2022-10-28,39.25969696044922
2022-10-31,38.27146911621094
2022-11-01,38.54098892211914
2022-11-02,37.417999267578125
2022-11-03,37.283241271972656
2022-11-04,39.34954071044922
2022-11-07,39.43938446044922
2022-11-09,39.16986083984375
2022-11-10,39.12493896484375
2022-11-11,40.292850494384766
2022-11-14,39.16986083984375
2022-11-15,38.58591079711914
2022-11-16,38.36130905151367
2022-11-17,37.68751525878906
2022-11-18,37.7773551940918
2022-11-21,37.46291732788086
2022-11-22,37.5976791381836
2022-11-23,37.64259719848633
2022-11-24,39.03510284423828
2022-11-25,39.39445877075195
2022-11-28,39.30462265014648
2022-11-29,38.36130905151367
2022-11-30,37.7773551940918
2022-12-01,37.7773551940918
2022-12-02,37.68751525878906
2022-12-05,37.68751525878906
2022-12-06,38.76558303833008
2022-12-07,38.45114517211914
2022-12-08,37.91211700439453
2022-12-09,37.19340133666992
2022-12-12,36.92388153076172
2022-12-13,37.7773551940918
2022-12-14,37.64259719848633
2022-12-15,37.05864715576172
2022-12-16,36.83404541015625
2022-12-19,36.070411682128906
2022-12-20,36.115333557128906
2022-12-21,35.53137969970703
2022-12-22,35.12709426879883
2022-12-23,34.76774978637695
2022-12-26,35.172027587890625
2022-12-27,35.172027587890625
2022-12-28,35.6212158203125
2022-12-29,35.48645782470703
2022-12-30,35.7110595703125
2023-01-02,35.89073181152344
2023-01-03,35.7559700012207
2023-01-04,35.7110595703125
2023-01-05,35.216941833496094
2023-01-06,35.53137969970703
2023-01-09,35.30677795410156
2023-01-10,35.172027587890625
2023-01-11,35.172027587890625
2023-01-12,34.992340087890625
2023-01-13,34.90250396728516
2023-01-16,35.30677795410156
2023-01-17,36.78912734985352
2023-01-18,37.7773551940918
2023-01-19,37.417999267578125
2023-01-20,38.27146911621094
2023-01-23,38.45114517211914
2023-01-24,39.08002471923828
2023-01-25,39.25969696044922
2023-01-27,38.810508728027344
2023-01-30,38.94526290893555
2023-01-31,39.43938446044922
2023-02-01,38.09178924560547
2023-02-02,37.50783920288086
2023-02-03,36.83404541015625
2023-02-06,36.96880340576172
2023-02-07,36.115333557128906
2023-02-08,36.070411682128906
2023-02-09,36.60944366455078
2023-02-10,35.93565368652344
2023-02-13,35.98057174682617
2023-02-14,36.02548599243164
2023-02-15,36.60944366455078
2023-02-16,36.78912734985352
2023-02-17,37.20771408081055
2023-02-20,36.27752304077149
2023-02-21,36.37053298950195
2023-02-22,36.04497528076172
2023-02-23,35.99846649169922
2023-02-24,35.90544128417969
2023-02-27,35.71940231323242
2023-02-28,36.41705322265625
2023-03-01,37.300724029541016
2023-03-02,37.34724044799805
2023-03-03,37.02166748046875
2023-03-06,37.16120147705078
2023-03-08,38.74253082275391
2023-03-09,37.95186614990234
2023-03-10,38.18441009521485
2023-03-13,37.44026184082031
2023-03-14,37.39375305175781
2023-03-15,38.23092269897461
2023-03-16,37.81233596801758
2023-03-17,38.88205337524414
2023-03-20,37.62630081176758
2023-03-21,37.20771408081055
2023-03-22,37.48676681518555
2023-03-23,37.20771408081055
2023-03-24,36.835636138916016
2023-03-27,36.27752304077149
2023-03-28,36.32402420043945
2023-03-29,38.69601440429688
2023-03-31,37.39375305175781
2023-04-03,37.48676681518555
2023-04-05,37.44026184082031
2023-04-06,37.44026184082031
2023-04-10,37.25421905517578
2023-04-11,38.37045669555664
2023-04-12,38.41696166992188
2023-04-13,39.85875701904297
2023-04-17,40.41687774658203
2023-04-18,40.0447998046875
2023-04-19,39.9517822265625
2023-04-20,38.97507858276367
2023-04-21,39.85875701904297
2023-04-24,39.44017028808594
2023-04-25,39.16111373901367
2023-04-26,41.20753860473633
2023-04-27,41.719146728515625
2023-04-28,41.16102981567383
2023-05-02,41.39358139038086
2023-05-03,42.46330261230469
2023-05-04,42.09122848510742
2023-05-05,42.50981521606445
2023-05-08,42.41679000854492
2023-05-09,41.486595153808594
2023-05-10,41.34707260131836
2023-05-11,41.39358139038086
2023-05-12,41.440086364746094
2023-05-15,40.88197326660156
2023-05-16,41.16102981567383
2023-05-17,41.20753860473633
2023-05-18,40.97499084472656
2023-05-19,41.0214958190918
2023-05-22,40.509891510009766
2023-05-23,40.1378173828125
2023-05-24,39.998291015625
2023-05-25,39.71923065185547
2023-05-26,39.9517822265625
2023-05-29,39.9052734375
2023-05-30,40.7424430847168
2023-05-31,40.41687774658203
2023-06-01,40.41687774658203
2023-06-02,40.184329986572266
2023-06-05,40.83546829223633
2023-06-06,41.440086364746094
2023-06-07,40.88197326660156
2023-06-08,41.719146728515625
2023-06-09,41.39358139038086
2023-06-12,41.858673095703125
2023-06-13,42.37028121948242
2023-06-14,42.23075485229492
2023-06-15,41.719146728515625
2023-06-16,41.858673095703125
2023-06-19,42.41679000854492
2023-06-20,42.60282516479492
2023-06-21,42.60282516479492
2023-06-22,42.32377243041992
2023-06-23,42.37028121948242
2023-06-26,42.37028121948242
2023-06-27,42.69585037231445
2023-06-28,42.27726364135742
2023-06-30,42.74235916137695
2023-07-03,42.27726364135742
2023-07-04,42.41679000854492
2023-07-05,42.23075485229492
2023-07-06,43.67255401611328
2023-07-07,42.88188552856445
2023-07-10,42.78886795043945
2023-07-11,43.57952499389648
2023-07-12,43.90510559082031
2023-07-13,42.78886795043945
2023-07-14,42.69585037231445
2023-07-17,42.83537292480469
2023-07-18,42.46330261230469
2023-07-19,43.486515045166016
2023-07-20,44.97481536865234
2023-07-21,43.71905899047852
2023-07-24,46.41661834716797
2023-07-25,46.50963973999024
2023-07-26,45.85850524902344
2023-07-27,45.76548385620117
2023-07-28,46.7421875
2023-07-31,47.90493392944336
2023-08-01,48.323516845703125
2023-08-02,45.76548385620117
2023-08-03,46.1840705871582
2023-08-04,45.99803161621094
2023-08-07,46.0445442199707
2023-08-08,45.85850524902344
2023-08-09,46.0445442199707
2023-08-10,46.230587005615234
2023-08-11,46.649169921875
2023-08-14,46.835205078125
2023-08-16,46.27709197998047
2023-08-17,46.1840705871582
2023-08-18,46.37010955810547
2023-08-21,46.60265350341797
2023-08-22,46.74345016479492
2023-08-23,47.44742202758789
2023-08-24,47.40049362182617
2023-08-25,46.93117904663086
2023-08-28,47.54128646850586
2023-08-29,47.91673278808594
2023-08-30,47.822872161865234
2023-08-31,47.11890411376953
2023-09-01,47.16583251953125
2023-09-04,48.15138244628906
2023-09-05,49.46546173095703
2023-09-06,50.02863693237305
2023-09-07,50.63874435424805
2023-09-08,49.55932235717773
2023-09-11,51.34270858764648
2023-09-12,47.58821487426758
2023-09-13,48.71456146240234
2023-09-14,52.46905899047852
2023-09-15,51.43657302856445
2023-09-18,50.87339782714844
2023-09-20,52.09360885620117
2023-09-21,49.136940002441406
2023-09-22,48.85535430908203
2023-09-25,49.04308319091797
2023-09-26,48.4329719543457
2023-09-27,48.80842208862305
2023-09-28,48.71456146240234
2023-09-29,49.55932235717773
2023-10-03,49.88784790039063
2023-10-04,49.9817008972168
2023-10-05,49.793975830078125
2023-10-06,49.88784790039063
2023-10-09,48.80842208862305
2023-10-10,49.09001159667969
2023-10-11,49.324668884277344
2023-10-12,49.46546173095703
2023-10-13,49.23080825805664
2023-10-16,48.94921875
2023-10-17,49.84090805053711
2023-10-18,48.85535430908203
2023-10-19,48.85535430908203
2023-10-20,48.339115142822266
2023-10-23,47.40049362182617
2023-10-25,46.93117904663086
2023-10-26,46.602657318115234
2023-10-27,47.54128646850586
2023-10-30,47.86980056762695
2023-10-31,47.11890411376953
2023-11-01,46.46186828613281
2023-11-02,47.40049362182617
2023-11-03,47.07197570800781
2023-11-06,47.3066291809082
2023-11-07,47.21276473999024
2023-11-08,48.15138244628906
2023-11-09,48.10445785522461
2023-11-10,48.4329719543457
2023-11-13,48.94921875
2023-11-15,48.52683639526367
2023-11-16,48.62070083618164
2023-11-17,49.46546173095703
2023-11-20,49.55932235717773
2023-11-21,51.061126708984375
2023-11-22,51.108055114746094
2023-11-23,51.76508712768555
2023-11-24,51.34270858764648
2023-11-28,50.54487609863281
2023-11-29,51.48350143432617
2023-11-30,51.061126708984375
2023-12-01,52.93837356567383
2023-12-04,53.923927307128906
2023-12-05,55.28492736816406
2023-12-06,56.5051383972168
2023-12-07,60.30656433105469
2023-12-08,59.32100677490234
2023-12-11,59.27407836914063
2023-12-12,58.19466018676758
2023-12-13,60.30656433105469
2023-12-14,60.91666793823242
2023-12-15,61.05746841430664
2023-12-18,61.66756057739258
2023-12-19,60.86973571777344
2023-12-20,56.64593124389648
2023-12-21,59.5556640625
2023-12-22,60.72893905639648
2023-12-26,60.63507843017578
2023-12-27,60.25962829589844
2023-12-28,60.963600158691406
2023-12-29,60.63507843017578
2024-01-01,62.08995056152344
2024-01-02,63.82639694213867
2024-01-03,63.21629333496094
2024-01-04,64.81195831298828
2024-01-05,67.53397369384766
2024-01-08,66.21989440917969
2024-01-09,66.17295837402344
2024-01-10,64.90582275390625
2024-01-11,64.85888671875
2024-01-12,64.90582275390625
2024-01-15,68.0032730102539
2024-01-16,67.90941619873047
2024-01-17,68.51951599121094
2024-01-18,66.73613739013672
2024-01-19,69.03575897216797
2024-01-23,71.2884521484375
2024-01-24,75.46533966064453
2024-01-25,78.18734741210938
2024-01-29,81.61331176757812
2024-01-30,82.22342681884766
2024-01-31,85.36781311035156
2024-02-01,85.79019927978516
2024-02-02,94.47245025634766
2024-02-05,97.28833770751952
2024-02-06,95.03562927246094
2024-02-07,96.39663696289062
2024-02-08,95.27029418945312
2024-02-09,90.3425064086914
2024-02-12,76.02850341796875
2024-02-13,80.53390502929688
2024-02-14,83.11511993408203
2024-02-15,86.91654205322266
2024-02-16,87.15119171142578
2024-02-19,90.85875701904295
2024-02-20,88.98151397705078
2024-02-21,86.96347045898438
2024-02-22,89.67959594726562
2024-02-23,87.34468078613281
2024-02-26,87.86884307861328
2024-02-27,85.96279907226562
2024-02-28,83.91380310058594
2024-02-29,84.00909423828125
2024-03-01,85.62923431396484
2024-03-04,84.91446685791016
2024-03-05,88.10710144042969
2024-03-06,87.20172882080078
2024-03-07,85.8198471069336
2024-03-11,85.91514587402344
2024-03-12,82.57955932617188
2024-03-13,74.47885131835938
2024-03-14,81.05472564697266
2024-03-15,79.0533676147461
2024-03-18,78.62451171875
2024-03-19,78.57685852050781
2024-03-20,78.95806121826172
2024-03-21,80.14934539794922
2024-03-22,81.05472564697266
2024-03-26,81.67417907714844
2024-03-27,84.67621612548828
2024-03-28,85.48628234863281
2024-04-01,86.24871063232422
2024-04-02,87.86884307861328
2024-04-03,88.82186889648438
2024-04-04,90.25140380859376
2024-04-05,89.53663635253906
2024-04-08,88.01179504394531
2024-04-09,86.8681640625
2024-04-10,88.4883041381836
2024-04-12,87.91649627685547
2024-04-15,84.77151489257812
2024-04-16,86.91581726074219
2024-04-18,85.2956771850586
2024-04-19,83.05607604980469
2024-04-22,84.39031219482422
2024-04-23,85.53394317626953
2024-04-24,86.01044464111328
2024-04-25,86.77287292480469
2024-04-26,88.20240020751953
2024-04-29,89.01246643066406
2024-04-30,91.68093872070312
2024-05-02,93.3963851928711
2024-05-03,94.5876693725586
2024-05-06,96.97022247314452
2024-05-07,92.53865814208984
2024-05-08,94.20645141601562
2024-05-09,89.250732421875
2024-05-10,90.06079864501953
2024-05-13,89.34602355957031
2024-05-14,94.30175018310548
2024-05-15,92.82457733154295
2024-05-16,93.58699035644533
2024-05-17,94.5876693725586
2024-05-21,98.25680541992188
2024-05-22,100.7823257446289
2024-05-23,100.35346221923828
2024-05-24,97.63734436035156
2024-05-27,97.494384765625
2024-05-28,95.49303436279295
2024-05-29,96.82727813720705
2024-05-30,96.30311584472656
2024-05-31,102.21185302734376
2024-06-03,107.83470153808594
2024-06-04,92.82457733154295
2024-06-05,92.77691650390624
2024-06-06,97.78028869628906
2024-06-07,98.35210418701172
2024-06-10,97.1894302368164
2024-06-11,97.58015441894533
2024-06-12,98.32351684570312
2024-06-13,97.494384765625
2024-06-14,97.77076721191406
2024-06-18,96.92256927490234
2024-06-19,95.3977279663086
2024-06-20,95.5788116455078
2024-06-21,96.0267333984375
2024-06-24,95.12135314941406
2024-06-25,95.18807220458984
2024-06-26,95.01652526855467
2024-06-27,93.94913482666016
2024-06-28,95.96955108642578
2024-07-01,95.3977279663086
2024-07-02,94.3494110107422
2024-07-03,96.69384765625
2024-07-04,98.73332214355467
2024-07-05,98.94298553466795
2024-07-08,98.75238037109376
2024-07-09,101.06822967529295
2024-07-10,103.70811462402344
2024-07-11,108.71148681640624
2024-07-12,107.71080017089844
2024-07-15,110.36974334716795
2024-07-16,107.89188385009766
2024-07-18,103.2125473022461
2024-07-19,101.27790069580078
2024-07-22,102.25950622558594
2024-07-23,98.87627410888672
2024-07-24,97.57063293457033
2024-07-25,97.17035675048828
2024-07-26,99.70541381835938
2024-07-29,100.41063690185548
2024-07-30,100.5345458984375
2024-07-31,100.10567474365234
2024-08-01,100.1152114868164
2024-08-02,98.45693969726562
2024-08-05,93.69181823730467
2024-08-06,93.2153091430664
2024-08-07,95.82659912109376
2024-08-08,94.13973999023438
2024-08-09,93.17718505859376
2024-08-12,92.79401397705078
2024-08-13,91.11766052246094
2024-08-14,89.73825073242188
2024-08-16,90.16930389404295
2024-08-19,92.14263153076172
2024-08-20,92.72695922851562
2024-08-21,91.90315246582033
2024-08-22,93.80941772460938
2024-08-23,93.00475311279295
2024-08-26,92.5832748413086
2024-08-27,91.03144073486328
2024-08-28,91.06017303466795
2024-08-29,91.0218505859375
2024-08-30,92.07557678222656
2024-09-02,93.72319793701172
2024-09-03,94.90145111083984
2024-09-04,94.59490966796876
2024-09-05,94.07763671875
2024-09-06,92.04683685302734
2024-09-09,90.87818145751952
2024-09-10,91.05059814453124
2024-09-11,90.40878295898438
2024-09-12,91.29007720947266
2024-09-13,90.31299591064452
2024-09-16,92.14263153076172
2024-09-17,91.4816665649414
2024-09-18,90.4183578491211
2024-09-19,88.54084014892578
2024-09-20,90.6674346923828
2024-09-23,90.2746810913086
2024-09-24,89.52750396728516
2024-09-25,89.01022338867188
2024-09-26,89.49876403808594
2024-09-27,91.3283920288086
2024-09-30,90.95480346679688
2024-10-01,91.05059814453124
2024-10-03,89.04853820800781
2024-10-04,89.24971008300781
2024-10-07,86.6633071899414
2024-10-08,86.82615661621094
2024-10-09,88.2630386352539
2024-10-10,86.98899841308594
2024-10-11,87.09437561035156
2024-10-14,87.22847747802734
2024-10-15,86.22267150878906
2024-10-16,84.28765106201172
2024-10-17,81.37557983398438
2024-10-18,80.59007263183594
2024-10-21,78.59759521484375
2024-10-22,75.29276275634766
2024-10-23,74.89043426513672
2024-10-24,76.68174743652344
2024-10-25,75.19696807861328
2024-10-28,75.61846160888672
2024-10-29,77.27566528320312
2024-10-30,78.57843780517578
2024-10-31,79.12445831298828
2024-11-01,80.59007263183594
2024-11-04,79.79500579833984
2024-11-05,76.80628204345703
2024-11-06,80.40807342529297
2024-11-07,80.96366119384766
2024-11-08,78.88497161865234
2024-11-11,77.66841125488281
2024-11-12,77.39060974121094
2024-11-13,74.66053009033203
2024-11-14,75.08201599121094
2024-11-18,74.87127685546875
2024-11-19,76.6434326171875
2024-11-21,76.0399398803711
2024-11-22,75.8292007446289
2024-11-25,78.96160888671875
2024-11-26,77.81210327148438
2024-11-27,79.49803924560547
2024-11-28,79.99617004394531
2024-11-29,78.01326751708984
2024-12-02,78.05158996582031
2024-12-03,78.5305404663086
2024-12-04,78.50180053710938
2024-12-05,78.72212219238281
2024-12-06,81.29894256591797
2024-12-09,83.1189956665039
2024-12-10,82.36223602294922
2024-12-11,82.48676300048828
2024-12-12,81.46178436279297
2024-12-13,81.84495544433594
2024-12-16,81.64379119873047
2024-12-17,81.39472961425781
2024-12-18,80.12069702148438
2024-12-19,80.88703918457031
2024-12-20,78.04199981689453
2024-12-23,78.57843780517578
2024-12-24,78.59759521484375
2024-12-26,78.58802032470703
2024-12-27,76.9499740600586
2024-12-30,76.39437866210938
2024-12-31,77.2948226928711
2025-01-01,78.49223327636719
2025-01-02,78.99992370605469
2025-01-03,79.59383392333984
2025-01-06,75.9345703125
2025-01-07,75.85794067382812
2025-01-08,75.66635131835938
2025-01-09,74.82337951660156
2025-01-10,73.37690734863281
2025-01-13,69.5164794921875
2025-01-14,73.1757583618164
2025-01-15,73.93251037597656
2025-01-16,75.5130844116211
2025-01-17,77.01702880859375
2025-01-20,76.59553527832031
2025-01-21,75.6950912475586
2025-01-22,74.48810577392578
2025-01-23,75.15865325927734
2025-01-24,73.64512634277344
2025-01-27,71.62390899658203
2025-01-28,70.01461029052734
2025-01-29,71.4419174194336
2025-01-30,72.29446411132812
2025-01-31,77.16071319580078
2025-02-01,75.52265930175781
2025-02-03,73.50145721435547
2025-02-04,75.5897216796875
2025-02-05,76.18363189697266
2025-02-06,74.34442138671875
2025-02-07,74.17198944091797
2025-02-10,72.96500396728516
2025-02-11,71.25990295410156
2025-02-12,70.98210144042969
2025-02-13,73.52066802978516
2025-02-14,71.55816650390625
2025-02-17,71.48005676269531
2025-02-18,71.28478240966797
2025-02-19,72.85673522949219
2025-02-20,77.91433715820312
2025-02-21,78.00220489501953
2025-02-24,75.41482543945312
2025-02-25,74.21389770507812
2025-02-27,72.55406188964844
2025-02-28,71.17737579345703
2025-03-03,71.63627624511719
2025-03-04,71.83154296875
2025-03-05,74.54586029052734
2025-03-06,75.67845153808594
2025-03-07,75.20979309082031
2025-03-10,74.00885772705078
2025-03-11,74.77042388916016
2025-03-12,76.50836181640625
2025-03-13,75.73702239990234
2025-03-17,76.47907257080078
2025-03-18,76.47907257080078
2025-03-19,78.30487823486328
2025-03-20,78.1486587524414
2025-03-21,80.6091079711914
2025-03-24,81.64407348632812
2025-03-25,79.3886489868164
2025-03-26,79.02739715576172
2025-03-27,79.35935974121094
2025-03-28,80.25762176513672
2025-04-01,80.19903564453125
2025-04-02,81.71241760253906
2025-04-03,82.53256225585938
2025-04-04,81.07777404785156
2025-04-07,80.62864685058594
2025-04-08,81.60501098632812
2025-04-09,82.4056396484375
2025-04-11,82.21035766601562
2025-04-15,83.40153503417969
2025-04-16,83.30389404296875
2025-04-17,82.97193908691406
2025-04-21,85.63742065429688
2025-04-22,87.75614166259766
2025-04-23,88.23456573486328
2025-04-24,86.97504425048828
2025-04-25,84.03617095947266
2025-04-28,84.71963500976562
2025-04-29,84.47554016113281
2025-04-30,83.76278686523438
2025-05-02,82.8840560913086
2025-05-05,82.63019561767578
2025-05-06,79.7791976928711
2025-05-07,81.43903350830078
2025-05-08,78.30487823486328
2025-05-09,76.12757873535156
2025-05-12,81.33163452148438
2025-05-13,81.55619049072266
2025-05-14,83.92877197265625
2025-05-15,84.89537048339844
2025-05-16,87.59016418457031
2025-05-19,86.88716888427734
2025-05-20,84.56341552734375
2025-05-21,85.54955291748047
2025-05-22,85.43238067626953
2025-05-23,83.93853759765625
2025-05-26,85.00277709960938
2025-05-27,85.15899658203125
2025-05-28,84.69033813476562
2025-05-29,85.02230834960938
2025-05-30,85.34451293945312
2025-06-02,85.25663757324219
2025-06-03,83.0793228149414
2025-06-04,85.05160522460938
2025-06-05,85.5593032836914
2025-06-06,87.19961547851562
2025-06-09,88.78133392333984
2025-06-10,87.59016418457031
2025-06-11,88.14669036865234
2025-06-12,85.54955291748047
2025-06-13,84.02640533447266
2025-06-16,84.45601654052734
2025-06-17,83.05980682373047
2025-06-18,80.57982635498047
2025-06-19,78.95905303955078
2025-06-20,80.36502075195312
2025-06-23,83.19649505615234
2025-06-24,83.43081665039062
2025-06-25,82.96216583251953
2025-06-26,83.36247253417969
2025-06-27,83.5284652709961
2025-06-30,83.78231811523438
2025-07-01,83.45035552978516
2025-07-02,82.70831298828125
2025-07-03,82.96216583251953
2025-07-04,83.03050994873047
2025-07-07,82.44469451904297
2025-07-08,85.88151550292969
2025-07-09,86.20372009277344
2025-07-10,85.45191192626953
2025-07-11,85.9693832397461
2025-07-14,86.68213653564453
2025-07-15,86.01820373535156
2025-07-16,86.48686218261719
2025-07-17,85.76434326171875
2025-07-18,84.9734878540039
2025-07-21,85.46167755126953
2025-07-22,84.29003143310547
2025-07-23,84.43648529052734
2025-07-24,83.81160736083984
2025-07-25,81.50737762451172
2025-07-28,81.72217559814453
2025-07-29,82.05414581298828
2025-07-30,82.46421813964844
2025-07-31,81.28280639648438
2025-08-01,81.27304077148438
2025-08-04,81.51713562011719
2025-08-05,83.21602630615234
2025-08-06,82.00531768798828
2025-08-07,81.43903350830078
2025-08-08,79.84754943847656
2025-08-11,81.47808074951172
2025-08-12,81.92721557617188
2025-08-13,83.0988540649414
2025-08-14,80.85931396484375
2025-08-18,81.31114959716797
2025-08-19,80.63339233398438
2025-08-20,81.29151153564453
2025-08-21,80.37801361083984
2025-08-22,79.27787780761719
2025-08-25,78.18757629394531
2025-08-26,78.4233169555664
2025-08-28,76.9499282836914
2025-08-29,75.85963439941406
2025-09-01,77.16603088378906
2025-09-02,78.14828491210938
2025-09-03,77.97148132324219
2025-09-04,76.7043685913086
2025-09-05,76.43916320800781
2025-09-08,77.24461364746094
2025-09-09,77.17584991455078
2025-09-10,78.14828491210938
2025-09-11,80.82002258300781
2025-09-12,82.01837921142578
2025-09-15,85.07318878173828
2025-09-16,87.03770446777344
2025-09-17,85.66254425048828
2025-09-18,85.54467010498047
2025-09-19,86.26171875
2025-09-22,86.17332458496094
2025-09-23,85.09283447265625
2025-09-24,84.75887298583984
2025-09-25,84.8963851928711
2025-09-26,82.15589141845703
2025-09-29,84.34632873535156
2025-09-30,84.78833770751953
2025-10-01,84.83745574951172
2025-10-03,85.38751220703125
2025-10-06,85.07318878173828
2025-10-07,84.92584991455078
2025-10-08,83.92395782470703
2025-10-09,85.13212585449219
2025-10-10,85.3973388671875
2025-10-13,84.91603088378906
2025-10-14,83.84537506103516
2025-10-15,85.49555969238281
2025-10-16,85.40715789794922
2025-10-17,85.20088195800781
2025-10-20,85.02407836914062
2025-10-21,84.81780242919922
2025-10-23,84.29721069335938
2025-10-24,83.28548431396484
2025-10-27,83.51139831542969
2025-10-28,83.1283187866211
2025-10-29,85.40715789794922
2025-10-30,84.62135314941406
2025-10-31,83.3345947265625
2025-11-03,83.81590270996094
2025-11-04,82.66667175292969
2025-11-06,81.3799057006836
2025-11-07,80.03422546386719
2025-11-10,80.8494873046875
2025-11-11,80.43694305419922
2025-11-12,80.52535247802734
2025-11-13,80.01457214355469
2025-11-14,78.87516021728516
2025-11-17,79.80829620361328
2025-11-18,79.10107421875
2025-11-19,78.62959289550781
2025-11-20,78.69835662841797
2025-11-21,77.42141723632812
2025-11-24,75.59442138671875
2025-11-25,75.85963439941406
2025-11-26,76.05608367919922
2025-11-27,75.5845947265625
2025-11-28,75.37832641601562
2025-12-01,75.92839050292969
2025-12-02,75.90874481201172
2025-12-03,75.46672821044922
2025-12-04,75.52566528320312
2025-12-05,75.70246887207031
2025-12-08,75.0738296508789
2025-12-09,75.11311340332031
2025-12-10,75.50601959228516
2025-12-11,75.32921600341797
2025-12-12,75.76140594482422
2025-12-15,75.83998107910156
2025-12-16,74.6612777709961
2025-12-17,74.05227661132812
2025-12-18,73.70848846435547
2025-12-19,75.2506332397461
2025-12-22,76.29182434082031
2025-12-23,76.84188842773438
2025-12-24,76.42933654785156
2025-12-26,76.9695816040039
2025-12-29,75.42743682861328
2025-12-30,77.18567657470703
2025-12-31,77.81432342529297
2026-01-01,78.14828491210938
2026-01-02,82.13624572753906
2026-01-05,82.175537109375
2026-01-06,82.04784393310547
2026-01-07,82.175537109375
2026-01-08,80.71197509765625
2026-01-09,80.96736145019531
2026-01-12,81.33080291748047
2026-01-13,79.97528076171875
2026-01-14,79.84758758544922
2026-01-15,79.84758758544922
2026-01-16,78.79657745361328
2026-01-19,78.01077270507812
2026-01-20,76.19359588623047
2026-01-21,74.76932525634766
2026-01-22,76.07572174072266
2026-01-23,73.91476440429688
2026-01-27,73.80671691894531
2026-01-28,77.49017333984375
2026-01-29,77.77503204345703
2026-01-30,76.81241607666016
2026-02-02,76.40969848632812
2026-02-03,77.09727478027344
2026-02-04,77.08745574951172
2026-02-05,78.58048248291016
2026-02-06,78.02059173583984
2026-02-09,77.5
2026-02-10,76.94999694824219
2026-02-11,77.58000183105469
2026-02-12,76.5
2026-02-13,75.47000122070312
2026-02-16,77.04000091552734
2026-02-17,76.70999908447266
2026-02-18,76.33999633789062
2026-02-19,74.36000061035156
2026-02-20,74.47000122070312
2026-02-23,74.08000183105469
2026-02-24,75.7699966430664
2026-02-25,75.66999816894531
2026-02-26,75.7300033569336
2026-02-27,75.33000183105469
2026-03-02,73.13999938964844
2026-03-04,72.2300033569336
2026-03-05,74.1500015258789
2026-03-06,74.18000030517578
2026-03-09,73.04000091552734
2026-03-10,73.04000091552734
2026-03-11,73.45999908447266
2026-03-12,74.77999877929688
2026-03-13,74.9800033569336
2026-03-16,75.2699966430664
2026-03-17,76.88999938964844
2026-03-18,77.36000061035156
2026-03-19,76.23999786376953
2026-03-20,76.80000305175781
2026-03-23,75.27999877929688
2026-03-24,76.54000091552734
2026-03-25,77.19999694824219
2026-03-27,76.58999633789062
2026-03-30,73.72000122070312
2026-04-01,75.38999938964844
2026-04-02,75.33000183105469
2026-04-06,76.16000366210938
2026-04-07,75.66999816894531
2026-04-08,76.69999694824219
2026-04-09,77.11000061035156
2026-04-10,77.08999633789062
2026-04-13,77.66000366210938
2026-04-15,80.58000183105469
2026-04-16,81.37999725341797
2026-04-17,83.55999755859375
2026-04-20,83.0999984741211
2026-04-21,82.62999725341797
2026-04-22,82.62999725341797
2026-04-23,81.45999908447266
2026-04-24,80.66000366210938
2026-04-27,83.2300033569336
2026-04-28,85.37999725341797
2026-04-29,84.08999633789062
2026-04-30,83.19999694824219
2026-05-01,83.19999694824219
2026-05-04,83.27999877929688
2026-05-05,83.16999816894531
2026-05-06,83.66000366210938
2026-05-07,81.58000183105469
2026-05-08,80.7699966430664
2026-05-11,79.19000244140625
2026-05-12,76.7699966430664
2026-05-13,78.13999938964844
2026-05-14,78.44999694824219
2026-05-15,76.79000091552734
2026-05-18,77.70999908447266
2026-05-19,79.05999755859375
2026-05-20,79.5
2026-05-21,79.0
2026-05-22,78.36000061035156
2026-05-25,79.0199966430664
