Date,close
2005-01-03,349.1377868652344
2005-01-04,353.0450744628906
2005-01-05,353.54327392578125
2005-01-06,348.6133117675781
2005-01-07,342.3984069824219
2005-01-10,334.45263671875
2005-01-11,328.0279846191406
2005-01-12,314.6016845703125
2005-01-13,323.09796142578125
2005-01-14,319.4266662597656
2005-01-17,308.54400634765625
2005-01-18,317.04034423828125
2005-01-19,312.7659912109375
2005-01-20,314.86383056640625
2005-01-24,304.8465270996094
2005-01-25,306.8656311035156
2005-01-27,316.5682983398437
2005-01-28,320.84283447265625
2005-01-31,323.15045166015625
2005-02-01,323.7010803222656
2005-02-02,324.3829650878906
2005-02-03,330.2569580078125
2005-02-04,329.0244140625
2005-02-07,324.5402526855469
2005-02-08,324.0419616699219
2005-02-09,334.8198547363281
2005-02-10,326.0087280273437
2005-02-11,329.0506591796875
2005-02-14,336.5768127441406
2005-02-15,330.8863525390625
2005-02-16,327.923095703125
2005-02-17,326.74298095703125
2005-02-18,325.7202453613281
2005-02-21,320.7378845214844
2005-02-22,321.0787658691406
2005-02-23,317.2763671875
2005-02-24,323.62237548828125
2005-02-25,332.8793029785156
2005-02-28,337.4421691894531
2005-03-01,331.67303466796875
2005-03-02,329.2342224121094
2005-03-03,330.9124755859375
2005-03-04,333.9806823730469
2005-03-07,328.94580078125
2005-03-08,328.0279846191406
2005-03-09,326.76922607421875
2005-03-10,329.968505859375
2005-03-11,324.9336242675781
2005-03-14,320.344482421875
2005-03-15,319.4004821777344
2005-03-16,320.21343994140625
2005-03-17,318.2728576660156
2005-03-18,314.6016845703125
2005-03-21,314.732666015625
2005-03-22,314.3656311035156
2005-03-23,312.55615234375
2005-03-24,303.6664428710937
2005-03-28,305.2398681640625
2005-03-29,305.2398681640625
2005-03-30,302.8797607421875
2005-03-31,308.0720520019531
2005-04-01,311.9530639648437
2005-04-04,320.55438232421875
2005-04-05,315.5980834960937
2005-04-06,311.2974548339844
2005-04-07,317.8270874023437
2005-04-08,318.0368957519531
2005-04-11,310.6681213378906
2005-04-12,310.8517150878906
2005-04-13,310.2222595214844
2005-04-15,301.6210632324219
2005-04-18,296.9532470703125
2005-04-19,292.1282043457031
2005-04-20,290.1090087890625
2005-04-21,306.787109375
2005-04-22,312.29400634765625
2005-04-25,307.3377685546875
2005-04-26,304.059814453125
2005-04-27,301.4112854003906
2005-04-28,305.16119384765625
2005-04-29,316.8567810058594
2005-05-02,330.49298095703125
2005-05-03,338.43865966796875
2005-05-04,339.120361328125
2005-05-05,335.3966979980469
2005-05-06,340.0907592773437
2005-05-09,341.087158203125
2005-05-10,341.2182922363281
2005-05-11,337.2323608398437
2005-05-12,338.779541015625
2005-05-13,341.1134948730469
2005-05-16,346.4105224609375
2005-05-17,346.1745300292969
2005-05-18,345.4402770996094
2005-05-19,350.7111511230469
2005-05-20,355.90338134765625
2005-05-23,368.1497192382813
2005-05-24,374.7317810058594
2005-05-25,366.9171752929688
2005-05-26,366.8385314941406
2005-05-27,377.406494140625
2005-05-30,372.3716735839844
2005-05-31,374.8103942871094
2005-06-01,379.8452758789063
2005-06-02,372.1880798339844
2005-06-03,379.9764404296875
2005-06-06,372.4241027832031
2005-06-07,378.4817504882813
2005-06-08,381.2350769042969
2005-06-09,379.1897888183594
2005-06-10,375.3611145019531
2005-06-13,371.6636962890625
2005-06-14,373.7353210449219
2005-06-15,388.0269775390625
2005-06-16,383.4116821289063
2005-06-17,381.0516052246094
2005-06-20,386.5060729980469
2005-06-21,393.2454528808594
2005-06-22,400.0373229980469
2005-06-23,400.6666870117188
2005-06-24,401.3222351074219
2005-06-27,393.6912536621094
2005-06-28,390.8329772949219
2005-06-29,406.5931396484375
2005-06-30,412.54583740234375
2005-07-01,432.344482421875
2005-07-04,437.82513427734375
2005-07-05,425.6051025390625
2005-07-06,440.709716796875
2005-07-07,429.1976623535156
2005-07-08,441.8635559082031
2005-07-11,432.1872253417969
2005-07-12,443.85650634765625
2005-07-13,437.589111328125
2005-07-14,432.0822143554688
2005-07-15,455.3686218261719
2005-07-18,453.7951965332031
2005-07-19,455.8143615722656
2005-07-20,463.4190673828125
2005-07-21,475.2458801269531
2005-07-22,482.5884094238281
2005-07-25,477.3699340820313
2005-07-26,461.9244384765625
2005-07-27,472.571044921875
2005-07-28,437.589111328125
2005-07-29,447.9997863769531
2005-08-01,435.2552490234375
2005-08-02,470.578125
2005-08-03,491.7403869628906
2005-08-04,489.68402099609375
2005-08-05,501.0467529296875
2005-08-08,507.4269409179688
2005-08-09,516.4434204101562
2005-08-10,552.35107421875
2005-08-11,541.4627685546875
2005-08-12,535.4781494140625
2005-08-16,532.0772705078125
2005-08-17,538.430908203125
2005-08-18,521.0043334960938
2005-08-19,520.00244140625
2005-08-22,506.029541015625
2005-08-23,503.0240783691406
2005-08-24,502.312255859375
2005-08-25,499.1221923828125
2005-08-26,508.982421875
2005-08-29,517.8406372070312
2005-08-30,524.0625
2005-08-31,521.7161865234375
2005-09-01,519.7651977539062
2005-09-02,519.3170166015625
2005-09-05,512.83154296875
2005-09-06,514.307861328125
2005-09-08,514.255126953125
2005-09-09,505.5550842285156
2005-09-12,507.4269409179688
2005-09-13,521.8744506835938
2005-09-14,516.3380126953125
2005-09-15,515.7316284179688
2005-09-16,520.3715209960938
2005-09-19,525.1170654296875
2005-09-20,521.9270629882812
2005-09-21,513.1741943359375
2005-09-22,497.69873046875
2005-09-23,497.30322265625
2005-09-26,502.9187927246094
2005-09-27,501.8641052246094
2005-09-28,497.7249755859375
2005-09-29,493.4540100097656
2005-09-30,514.8351440429688
2005-10-03,522.0062255859375
2005-10-04,526.2507934570312
2005-10-05,521.8479614257812
2005-10-06,525.9345092773438
2005-10-07,530.0736083984375
2005-10-10,520.18701171875
2005-10-11,516.390625
2005-10-13,497.46136474609375
2005-10-14,482.4603271484375
2005-10-17,474.3401489257813
2005-10-18,466.9846801757813
2005-10-19,471.1237182617188
2005-10-20,454.2508239746094
2005-10-21,467.5909423828125
2005-10-24,461.2109069824219
2005-10-25,470.2537536621094
2005-10-26,472.0201416015625
2005-10-27,454.59368896484375
2005-10-28,462.5555114746094
2005-10-31,467.8809509277344
2005-11-02,467.9864196777344
2005-11-04,467.9864196777344
2005-11-07,470.2273559570313
2005-11-08,475.262939453125
2005-11-09,475.5792541503906
2005-11-10,496.3276672363281
2005-11-11,518.947998046875
2005-11-14,505.7132873535156
2005-11-16,502.8131713867188
2005-11-17,500.5722351074219
2005-11-18,502.9977722167969
2005-11-21,505.9505310058594
2005-11-22,514.0178833007812
2005-11-23,513.6224365234375
2005-11-24,506.9787902832031
2005-11-25,512.75244140625
2005-11-28,515.4943237304688
2005-11-29,542.1746215820312
2005-11-30,521.9270629882812
2005-12-01,540.0918579101562
2005-12-02,537.2182006835938
2005-12-05,535.240966796875
2005-12-06,542.8864135742188
2005-12-07,552.0084228515625
2005-12-08,553.03662109375
2005-12-09,555.3565063476562
2005-12-12,554.3284912109375
2005-12-13,546.234619140625
2005-12-14,552.2720336914062
2005-12-15,546.6038208007812
2005-12-16,549.1875
2005-12-19,553.0628662109375
2005-12-20,547.2364501953125
2005-12-21,537.8772583007812
2005-12-22,554.776611328125
2005-12-23,549.8729248046875
2005-12-26,536.61181640625
2005-12-27,544.7056884765625
2005-12-28,548.44921875
2005-12-29,549.2138061523438
2005-12-30,566.482177734375
2006-01-02,563.5030517578125
2006-01-03,567.80029296875
2006-01-04,566.5877075195312
2006-01-05,564.0302734375
2006-01-06,568.8549194335938
2006-01-09,567.4049072265625
2006-01-10,569.5931396484375
2006-01-12,589.2606201171875
2006-01-13,598.909912109375
2006-01-16,602.9962768554688
2006-01-17,591.2115478515625
2006-01-18,590.842529296875
2006-01-19,600.7551879882812
2006-01-20,601.2035522460938
2006-01-23,593.636962890625
2006-01-24,597.2753295898438
2006-01-25,591.4224853515625
2006-01-27,616.33642578125
2006-01-30,605.8435668945312
2006-01-31,604.1563110351562
2006-02-01,586.466064453125
2006-02-02,571.7286987304688
2006-02-03,554.8292846679688
2006-02-06,560.8930053710938
2006-02-07,571.7022094726562
2006-02-08,568.09033203125
2006-02-10,570.410400390625
2006-02-13,569.5139770507812
2006-02-14,577.844970703125
2006-02-15,570.1995239257812
2006-02-16,571.8867797851562
2006-02-17,571.7548828125
2006-02-20,568.9339599609375
2006-02-21,557.0174560546875
2006-02-22,557.4129028320312
2006-02-23,549.2929077148438
2006-02-24,552.9574584960938
2006-02-27,564.1884765625
2006-02-28,560.57666015625
2006-03-01,589.2869873046875
2006-03-02,590.447021484375
2006-03-03,585.806884765625
2006-03-06,603.2599487304688
2006-03-07,619.6055908203125
2006-03-08,608.8226318359375
2006-03-09,622.1099853515625
2006-03-10,637.2430419921875
2006-03-13,637.3748168945312
2006-03-14,633.2356567382812
2006-03-16,640.27490234375
2006-03-17,646.259521484375
2006-03-20,667.7196655273438
2006-03-21,658.5186767578125
2006-03-22,672.06982421875
2006-03-23,684.197265625
2006-03-24,736.054931640625
2006-03-27,713.962158203125
2006-03-28,712.9603271484375
2006-03-29,717.2048950195312
2006-03-30,696.9573974609375
2006-03-31,699.69921875
2006-04-03,713.039306640625
2006-04-04,740.668701171875
2006-04-05,740.5369262695312
2006-04-07,737.5841674804688
2006-04-10,747.3914794921875
2006-04-12,743.3314819335938
2006-04-13,695.0064697265625
2006-04-17,709.506591796875
2006-04-18,724.5867919921875
2006-04-19,715.4384155273438
2006-04-20,703.6011352539062
2006-04-21,693.8463745117188
2006-04-24,668.2470092773438
2006-04-25,661.9987182617188
2006-04-26,667.0870971679688
2006-04-27,644.4402465820312
2006-04-28,624.930908203125
2006-05-02,665.1888427734375
2006-05-03,685.0936889648438
2006-05-04,680.637939453125
2006-05-05,686.3590698242188
2006-05-08,683.9335327148438
2006-05-09,690.76171875
2006-05-10,695.8500366210938
2006-05-11,697.1946411132812
2006-05-12,679.0035400390625
2006-05-15,640.2484741210938
2006-05-16,645.3104248046875
2006-05-17,667.0870971679688
2006-05-18,633.8684692382812
2006-05-19,588.6806640625
2006-05-22,565.0057983398438
2006-05-23,563.6876831054688
2006-05-24,564.3203125
2006-05-25,559.3903198242188
2006-05-26,603.6815795898438
2006-05-29,613.8580932617188
2006-05-30,623.90283203125
2006-05-31,595.8516845703125
2006-06-01,582.8276977539062
2006-06-02,587.7842407226562
2006-06-05,578.899658203125
2006-06-06,560.44482421875
2006-06-07,536.0054931640625
2006-06-08,465.0337829589844
2006-06-09,509.7997131347656
2006-06-12,497.19775390625
2006-06-13,483.77838134765625
2006-06-14,453.3017883300781
2006-06-15,488.9458312988281
2006-06-16,494.2185668945313
2006-06-19,516.9970092773438
2006-06-20,525.3280639648438
2006-06-21,531.6290283203125
2006-06-22,533.10546875
2006-06-23,558.8102416992188
2006-06-26,525.8289184570312
2006-06-27,553.3528442382812
2006-06-28,561.6047973632812
2006-06-29,577.844970703125
2006-06-30,592.92529296875
2006-07-03,585.991455078125
2006-07-04,596.2471313476562
2006-07-05,613.594482421875
2006-07-06,624.5355834960938
2006-07-07,599.4370727539062
2006-07-10,641.039306640625
2006-07-11,649.1596069335938
2006-07-12,675.7870483398438
2006-07-13,710.85107421875
2006-07-14,695.1646728515625
2006-07-17,665.9269409179688
2006-07-18,660.3905639648438
2006-07-19,604.0244750976562
2006-07-20,607.0827026367188
2006-07-21,601.783447265625
2006-07-24,618.4981689453125
2006-07-25,638.0602416992188
2006-07-26,654.590576171875
2006-07-27,687.8882446289062
2006-07-28,695.4810791015625
2006-07-31,699.6199951171875
2006-08-01,680.8225708007812
2006-08-02,688.9426879882812
2006-08-03,685.5286865234375
2006-08-04,688.7574462890625
2006-08-07,682.4322509765625
2006-08-08,688.0164184570312
2006-08-09,696.0088500976562
2006-08-10,698.6819458007812
2006-08-11,699.687744140625
2006-08-14,729.3020629882812
2006-08-16,761.9866943359375
2006-08-17,745.631103515625
2006-08-18,758.4403076171875
2006-08-21,768.0473022460938
2006-08-22,767.54443359375
2006-08-23,755.92626953125
2006-08-24,760.5046997070312
2006-08-25,754.65576171875
2006-08-28,754.7088012695312
2006-08-29,754.3912353515625
2006-08-30,757.2229614257812
2006-08-31,750.68603515625
2006-09-01,753.808837890625
2006-09-04,758.8109741210938
2006-09-05,769.952880859375
2006-09-06,767.7032470703125
2006-09-07,769.3706665039062
2006-09-08,762.2250366210938
2006-09-11,751.7181396484375
2006-09-12,757.8317260742188
2006-09-13,762.1190185546875
2006-09-14,760.4517211914062
2006-09-15,758.2816772460938
2006-09-18,761.9602661132812
2006-09-19,753.4649047851562
2006-09-20,759.8959350585938
2006-09-21,763.4157104492188
2006-09-22,760.2928466796875
2006-09-25,758.8902587890625
2006-09-26,757.7522583007812
2006-09-27,760.7693481445312
2006-09-28,758.2816772460938
2006-09-29,760.6370849609375
2006-10-03,761.7221069335938
2006-10-04,760.213623046875
2006-10-05,759.8959350585938
2006-10-06,762.5955810546875
2006-10-09,760.001953125
2006-10-10,761.4310302734375
2006-10-11,765.5330810546875
2006-10-12,770.5349731445312
2006-10-13,762.7542724609375
2006-10-16,762.2777709960938
2006-10-17,781.094482421875
2006-10-18,808.486083984375
2006-10-19,794.1154174804688
2006-10-20,800.4671020507812
2006-10-23,821.1892700195312
2006-10-26,823.650634765625
2006-10-27,815.737548828125
2006-10-30,808.856689453125
2006-10-31,802.8755493164062
2006-11-01,805.4956665039062
2006-11-02,809.0947875976562
2006-11-03,813.5673828125
2006-11-06,833.3369750976562
2006-11-07,813.8851318359375
2006-11-08,813.858642578125
2006-11-09,805.2573852539062
2006-11-10,818.3046875
2006-11-13,811.0797119140625
2006-11-14,812.3502197265625
2006-11-15,807.1363525390625
2006-11-16,808.64501953125
2006-11-17,798.1646118164062
2006-11-20,805.3632202148438
2006-11-21,840.0062255859375
2006-11-22,818.5164184570312
2006-11-23,838.259521484375
2006-11-24,873.061279296875
2006-11-27,867.3711547851562
2006-11-28,852.4183349609375
2006-11-29,852.1538696289062
2006-11-30,844.1611938476562
2006-12-01,888.4639892578125
2006-12-04,899.156005859375
2006-12-05,936.2073364257812
2006-12-06,924.7743530273438
2006-12-07,923.556884765625
2006-12-08,1082.9833984375
2006-12-11,1078.0081787109375
2006-12-12,1068.004150390625
2006-12-13,1066.945556640625
2006-12-14,1064.696044921875
2006-12-15,1063.266845703125
2006-12-18,1058.0531005859375
2006-12-19,1051.410400390625
2006-12-20,1039.2894287109375
2006-12-21,915.4849243164062
2006-12-22,953.5948486328124
2006-12-26,1029.2855224609375
2006-12-27,1065.17236328125
2006-12-28,1056.2005615234375
2006-12-29,1032.1966552734375
2007-01-02,1037.7545166015625
2007-01-03,1038.5482177734375
2007-01-04,1045.1116943359375
2007-01-05,1043.4443359375
2007-01-08,1030.026611328125
2007-01-09,1032.5933837890625
2007-01-10,1032.24951171875
2007-01-11,1058.1324462890625
2007-01-12,1069.248046875
2007-01-15,1075.46728515625
2007-01-16,1076.3936767578125
2007-01-17,1136.734375
2007-01-18,1112.2540283203125
2007-01-19,1105.00244140625
2007-01-22,1095.025146484375
2007-01-23,1065.17236328125
2007-01-24,1063.2139892578125
2007-01-25,1050.1400146484375
2007-01-29,1050.5635986328125
2007-01-31,1029.31201171875
2007-02-01,1036.9603271484375
2007-02-02,1043.920654296875
2007-02-05,1037.1722412109375
2007-02-06,1046.4879150390625
2007-02-07,1044.926513671875
2007-02-08,1046.9378662109375
2007-02-09,1030.7144775390625
2007-02-12,1019.4933471679688
2007-02-13,1013.0357666015624
2007-02-14,1005.8639526367188
2007-02-15,1027.2476806640625
2007-02-19,1040.9566650390625
2007-02-20,1040.0570068359375
2007-02-21,1032.7525634765625
2007-02-22,1049.1873779296875
2007-02-23,1030.979248046875
2007-02-26,1039.1834716796875
2007-02-27,1037.88671875
2007-02-28,1018.8318481445312
2007-03-01,1006.7371215820312
2007-03-02,1005.5725708007812
2007-03-05,982.6539306640624
2007-03-06,994.1133422851562
2007-03-07,976.010986328125
2007-03-08,984.7974853515624
2007-03-09,988.8465576171876
2007-03-12,988.1055297851562
2007-03-13,984.5592041015624
2007-03-14,969.394775390625
2007-03-15,981.3305053710938
2007-03-16,989.1112670898438
2007-03-19,1048.8697509765625
2007-03-20,1034.7108154296875
2007-03-21,1041.5655517578125
2007-03-22,1034.3138427734375
2007-03-23,1039.07763671875
2007-03-26,1055.6976318359375
2007-03-28,1069.6185302734375
2007-03-29,1059.138427734375
2007-03-30,1101.82666015625
2007-04-02,1087.7471923828125
2007-04-03,1092.1138916015625
2007-04-04,1139.6983642578125
2007-04-05,1116.8856201171875
2007-04-09,1127.3656005859375
2007-04-10,1149.728759765625
2007-04-11,1142.6097412109375
2007-04-12,1163.5965576171875
2007-04-13,1184.7952880859375
2007-04-16,1242.224609375
2007-04-17,1290.4442138671875
2007-04-18,1292.42919921875
2007-04-19,1291.89990234375
2007-04-20,1277.873291015625
2007-04-23,1256.56884765625
2007-04-24,1266.943115234375
2007-04-25,1270.5953369140625
2007-04-26,1313.707275390625
2007-04-27,1314.977783203125
2007-04-30,1335.11767578125
2007-05-03,1272.209716796875
2007-05-04,1250.9581298828125
2007-05-07,1247.1473388671875
2007-05-08,1206.655517578125
2007-05-09,1235.2379150390625
2007-05-10,1231.29443359375
2007-05-11,1249.132080078125
2007-05-14,1232.61767578125
2007-05-15,1206.52294921875
2007-05-16,1206.999267578125
2007-05-17,1193.1318359375
2007-05-18,1181.3282470703125
2007-05-21,1153.6456298828125
2007-05-22,1205.4117431640625
2007-05-23,1178.3905029296875
2007-05-24,1165.4224853515625
2007-05-25,1178.3375244140625
2007-05-28,1161.9290771484375
2007-05-29,1175.558837890625
2007-05-30,1151.5811767578125
2007-05-31,1161.373291015625
2007-06-01,1189.426513671875
2007-06-04,1165.9254150390625
2007-06-05,1284.463134765625
2007-06-06,1256.383544921875
2007-06-07,1271.3895263671875
2007-06-08,1253.0753173828125
2007-06-11,1235.8466796875
2007-06-12,1246.644287109375
2007-06-13,1252.2020263671875
2007-06-14,1316.168212890625
2007-06-15,1295.6844482421875
2007-06-18,1299.1248779296875
2007-06-19,1345.439208984375
2007-06-20,1365.4202880859375
2007-06-21,1354.331298828125
2007-06-22,1334.90576171875
2007-06-25,1323.7642822265625
2007-06-26,1358.43359375
2007-06-27,1361.794921875
2007-06-28,1346.6300048828125
2007-06-29,1376.0062255859375
2007-07-02,1371.71923828125
2007-07-03,1370.7132568359375
2007-07-04,1357.4013671875
2007-07-05,1334.1651611328125
2007-07-06,1344.248046875
2007-07-09,1334.3499755859375
2007-07-10,1297.7752685546875
2007-07-11,1303.6240234375
2007-07-12,1319.370849609375
2007-07-13,1327.8658447265625
2007-07-16,1312.198974609375
2007-07-17,1281.6575927734375
2007-07-18,1279.80517578125
2007-07-19,1252.8636474609375
2007-07-20,1231.47998046875
2007-07-23,1250.825927734375
2007-07-24,1239.895751953125
2007-07-25,1200.0655517578125
2007-07-26,1177.0142822265625
2007-07-27,1179.31689453125
2007-07-30,1160.3148193359375
2007-07-31,1169.101318359375
2007-08-01,1109.951416015625
2007-08-02,1074.0911865234375
2007-08-03,1138.6397705078125
2007-08-06,1111.4071044921875
2007-08-07,1123.501708984375
2007-08-08,1128.265380859375
2007-08-09,1100.8740234375
2007-08-10,1098.7568359375
2007-08-13,1098.783203125
2007-08-14,1097.0364990234375
2007-08-16,1066.9193115234375
2007-08-17,1017.6935424804688
2007-08-20,1008.0072631835938
2007-08-21,995.9393310546876
2007-08-22,1003.428955078125
2007-08-23,972.4912109375
2007-08-24,988.7142944335938
2007-08-27,1015.9998779296876
2007-08-28,1068.9039306640625
2007-08-29,1096.2689208984375
2007-08-30,1055.8302001953125
2007-08-31,1075.017333984375
2007-09-03,1072.5299072265625
2007-09-04,1064.881103515625
2007-09-05,1072.1591796875
2007-09-06,1066.945556640625
2007-09-07,1040.40087890625
2007-09-10,1038.4952392578125
2007-09-11,1032.8848876953125
2007-09-12,1018.51416015625
2007-09-13,1016.7411499023438
2007-09-14,1012.9034423828124
2007-09-17,1011.1304931640624
2007-09-18,1002.6879272460938
2007-09-19,1001.6821899414062
2007-09-20,980.0073852539062
2007-09-21,975.0582275390624
2007-09-24,982.4685668945312
2007-09-25,965.689697265625
2007-09-26,981.4627685546876
2007-09-27,998.7710571289062
2007-09-28,1002.8731079101562
2007-10-01,998.2418823242188
2007-10-03,1000.2002563476562
2007-10-04,1010.89208984375
2007-10-05,1003.1907348632812
2007-10-08,968.73291015625
2007-10-09,988.2379760742188
2007-10-10,1021.2401123046876
2007-10-11,986.2796020507812
2007-10-12,957.7236938476562
2007-10-15,959.20556640625
2007-10-16,924.8007202148438
2007-10-17,940.8386840820312
2007-10-18,893.7571411132812
2007-10-19,858.3994750976562
2007-10-22,838.391845703125
2007-10-23,837.12158203125
2007-10-24,837.5449829101562
2007-10-25,813.461669921875
2007-10-26,839.6092529296875
2007-10-29,838.1802368164062
2007-10-30,821.05712890625
2007-10-31,843.8436279296875
2007-11-01,818.1724853515625
2007-11-02,808.380126953125
2007-11-05,788.134521484375
2007-11-06,767.412109375
2007-11-07,736.2625732421875
2007-11-08,705.774658203125
2007-11-12,754.4441528320312
2007-11-13,756.6674194335938
2007-11-14,762.9130859375
2007-11-15,748.4364624023438
2007-11-16,752.1415405273438
2007-11-19,768.5235595703125
2007-11-20,736.7653198242188
2007-11-21,722.3682250976562
2007-11-22,688.4398193359375
2007-11-23,714.2964477539062
2007-11-26,768.0473022460938
2007-11-27,806.9512329101562
2007-11-28,793.5863037109375
2007-11-29,764.9508666992188
2007-11-30,795.1211547851562
2007-12-03,811.9002075195312
2007-12-04,797.9793090820312
2007-12-05,800.6788330078125
2007-12-06,805.4426879882812
2007-12-07,854.56201171875
2007-12-10,846.4373168945312
2007-12-11,836.3805541992188
2007-12-12,821.4806518554688
2007-12-13,832.0399780273438
2007-12-14,821.4806518554688
2007-12-17,766.9620971679688
2007-12-18,759.287353515625
2007-12-19,762.939453125
2007-12-20,778.5802612304688
2007-12-24,795.5181274414062
2007-12-26,824.3388671875
2007-12-27,795.22705078125
2007-12-28,805.3632202148438
2007-12-31,799.0116577148438
2008-01-01,799.7791748046875
2008-01-02,799.0645141601562
2008-01-03,784.7998657226562
2008-01-04,781.5446166992188
2008-01-07,769.0794067382812
2008-01-08,776.0132446289062
2008-01-09,839.23876953125
2008-01-10,805.0191040039062
2008-01-11,785.0642700195312
2008-01-14,784.0059204101562
2008-01-15,761.7221069335938
2008-01-16,766.7240600585938
2008-01-17,756.50830078125
2008-01-18,731.4723510742188
2008-01-21,596.4996337890625
2008-01-22,512.155029296875
2008-01-23,566.5409545898438
2008-01-24,511.28167724609375
2008-01-25,590.1744995117188
2008-01-28,570.034423828125
2008-01-29,569.108154296875
2008-01-30,530.6542358398438
2008-01-31,497.99609375
2008-02-01,563.1799926757812
2008-02-04,596.73779296875
2008-02-05,579.4031372070312
2008-02-06,568.9494018554688
2008-02-07,538.911376953125
2008-02-08,550.6090087890625
2008-02-11,533.5125122070312
2008-02-12,529.9925537109375
2008-02-13,528.2723388671875
2008-02-14,541.6902465820312
2008-02-15,542.6165771484375
2008-02-18,547.9889526367188
2008-02-19,583.0818481445312
2008-02-20,560.7716674804688
2008-02-21,559.2630615234375
2008-02-22,558.0457763671875
2008-02-25,567.2291259765625
2008-02-26,587.4486083984375
2008-02-27,581.2027587890625
2008-02-28,576.544921875
2008-02-29,571.093017578125
2008-03-03,551.826416015625
2008-03-04,554.8434448242188
2008-03-05,550.05322265625
2008-03-07,530.0984497070312
2008-03-10,537.5086669921875
2008-03-11,558.2310180664062
2008-03-12,533.2478637695312
2008-03-13,507.6558532714844
2008-03-14,520.3857421875
2008-03-17,499.1077270507813
2008-03-18,495.6936340332031
2008-03-19,489.8977661132813
2008-03-24,480.7407836914063
2008-03-25,525.3612060546875
2008-03-26,522.3441162109375
2008-03-27,501.30419921875
2008-03-28,521.0474243164062
2008-03-31,498.1284484863281
2008-04-01,498.65765380859375
2008-04-02,498.2872619628906
2008-04-03,500.0074768066406
2008-04-04,508.3439636230469
2008-04-07,511.6257019042969
2008-04-08,522.5293579101562
2008-04-09,528.8810424804688
2008-04-10,540.605224609375
2008-04-11,576.5183715820312
2008-04-15,599.62255859375
2008-04-16,606.4771728515625
2008-04-17,686.5607299804688
2008-04-21,700.7197265625
2008-04-22,682.035400390625
2008-04-23,677.9860229492188
2008-04-24,707.9713134765625
2008-04-25,704.9541625976562
2008-04-28,688.04296875
2008-04-29,698.8936767578125
2008-04-30,739.4383544921875
2008-05-02,753.3591918945312
2008-05-05,712.576171875
2008-05-06,715.1432495117188
2008-05-07,712.9996948242188
2008-05-08,697.6762084960938
2008-05-09,669.8878173828125
2008-05-12,650.144775390625
2008-05-13,701.9105224609375
2008-05-14,732.8750610351562
2008-05-15,721.203857421875
2008-05-16,742.77294921875
2008-05-20,755.0528564453125
2008-05-21,771.9642944335938
2008-05-22,797.3176879882812
2008-05-23,762.41015625
2008-05-26,713.820068359375
2008-05-27,730.51953125
2008-05-28,737.7976684570312
2008-05-29,726.15283203125
2008-05-30,728.2435913085938
2008-06-02,711.67626953125
2008-06-03,701.0638427734375
2008-06-04,656.072998046875
2008-06-05,673.3811645507812
2008-06-06,672.11083984375
2008-06-09,636.1710815429688
2008-06-10,634.212646484375
2008-06-11,637.9442749023438
2008-06-12,644.5604248046875
2008-06-13,699.1583862304688
2008-06-16,693.4153442382812
2008-06-17,724.141357421875
2008-06-18,702.7310791015625
2008-06-19,696.829345703125
2008-06-20,663.4036865234375
2008-06-23,658.4813232421875
2008-06-24,660.4661865234375
2008-06-25,722.8710327148438
2008-06-26,755.42333984375
2008-06-27,731.2605590820312
2008-06-30,737.9562377929688
2008-07-01,682.5116577148438
2008-07-02,718.3456420898438
2008-07-03,751.1094970703125
2008-07-04,800.2554931640625
2008-07-07,782.470947265625
2008-07-08,772.7051391601562
2008-07-09,781.8092041015625
2008-07-10,776.5953979492188
2008-07-11,705.7218017578125
2008-07-14,689.9749145507812
2008-07-15,662.1597900390625
2008-07-16,699.8729248046875
2008-07-17,739.6500854492188
2008-07-18,730.837158203125
2008-07-21,703.9220581054688
2008-07-22,726.9202880859375
2008-07-23,736.394775390625
2008-07-24,721.1245727539062
2008-07-25,719.5894775390625
2008-07-28,717.6837768554688
2008-07-29,709.0298461914062
2008-07-30,718.980712890625
2008-07-31,742.0584716796875
2008-08-01,769.7410278320312
2008-08-04,749.9451904296875
2008-08-05,765.374267578125
2008-08-06,710.7501220703125
2008-08-07,711.94091796875
2008-08-08,713.7935791015625
2008-08-11,712.3380126953125
2008-08-12,697.0145874023438
2008-08-13,701.4607543945312
2008-08-14,709.9295043945312
2008-08-18,689.1543579101562
2008-08-19,676.1599731445312
2008-08-20,675.5249633789062
2008-08-21,656.0199584960938
2008-08-22,660.3866577148438
2008-08-25,666.57958984375
2008-08-26,676.4776611328125
2008-08-27,664.75341796875
2008-08-28,632.1747436523438
2008-08-29,638.63232421875
2008-09-01,643.5285034179688
2008-09-02,642.7608032226562
2008-09-04,649.9594116210938
2008-09-05,636.3034057617188
2008-09-08,630.3488159179688
2008-09-09,635.3240966796875
2008-09-10,635.0594482421875
2008-09-11,627.3316040039062
2008-09-12,597.187744140625
2008-09-15,544.6014404296875
2008-09-16,503.0245361328125
2008-09-17,495.9583435058594
2008-09-18,485.4780578613281
2008-09-19,517.0509643554688
2008-09-22,493.9999084472656
2008-09-23,482.2757568359375
2008-09-24,473.0658874511719
2008-09-25,442.7896118164063
2008-09-26,420.558837890625
2008-09-29,404.9444580078125
2008-09-30,407.6703186035156
2008-10-01,409.2317504882813
2008-10-03,371.8099060058594
2008-10-06,335.9230651855469
2008-10-07,329.49200439453125
2008-10-08,298.0513610839844
2008-10-10,267.06060791015625
2008-10-13,284.9245910644531
2008-10-14,283.70721435546875
2008-10-15,260.3384094238281
2008-10-16,247.9527130126953
2008-10-17,228.1831512451172
2008-10-20,235.91102600097656
2008-10-21,258.538818359375
2008-10-22,248.005615234375
2008-10-23,257.5331420898437
2008-10-24,229.2946929931641
2008-10-27,250.51980590820312
2008-10-29,292.9700622558594
2008-10-31,321.6053771972656
2008-11-03,316.8681335449219
2008-11-04,328.9097900390625
2008-11-05,321.3936462402344
2008-11-06,329.80963134765625
2008-11-07,314.4068298339844
2008-11-10,323.61676025390625
2008-11-11,300.5390930175781
2008-11-12,294.1609802246094
2008-11-14,269.1248779296875
2008-11-17,268.9131164550781
2008-11-18,256.844970703125
2008-11-19,248.270263671875
2008-11-20,246.6294403076172
2008-11-21,249.4346923828125
2008-11-24,246.9999542236328
2008-11-25,244.56515502929688
2008-11-26,233.97903442382807
2008-11-27,233.97903442382807
2008-11-28,241.2834014892578
2008-12-01,239.82785034179688
2008-12-02,238.2134704589844
2008-12-03,237.20779418945312
2008-12-04,238.1076202392578
2008-12-05,233.50265502929688
2008-12-08,231.9412078857422
2008-12-10,237.60476684570312
2008-12-11,231.9676971435547
2008-12-12,226.33059692382807
2008-12-15,228.2360992431641
2008-12-16,252.66354370117188
2008-12-17,263.01141357421875
2008-12-18,266.95477294921875
2008-12-19,260.28546142578125
2008-12-22,261.8734130859375
2008-12-23,249.62001037597656
2008-12-24,239.0074615478516
2008-12-26,234.05845642089844
2008-12-29,238.6104431152344
2008-12-30,246.7617645263672
2008-12-31,242.39498901367188
2009-01-02,255.2570343017578
2009-01-05,260.02081298828125
2009-01-06,253.13986206054688
2009-01-07,240.9394073486328
2009-01-09,246.94699096679688
2009-01-12,245.51791381835935
2009-01-13,241.8127593994141
2009-01-14,248.40261840820312
2009-01-15,242.7390289306641
2009-01-16,240.19834899902344
2009-01-19,236.7578582763672
2009-01-20,232.25881958007807
2009-01-21,230.19454956054688
2009-01-22,237.7899932861328
2009-01-23,259.0151672363281
2009-01-27,299.6657409667969
2009-01-28,303.1591796875
2009-01-29,296.7015686035156
2009-01-30,322.0023498535156
2009-02-02,318.77362060546875
2009-02-03,331.2387390136719
2009-02-04,335.94952392578125
2009-02-05,328.22174072265625
2009-02-06,327.5600280761719
2009-02-09,326.9249267578125
2009-02-10,331.0005798339844
2009-02-11,333.5412902832031
2009-02-12,327.4013061523437
2009-02-13,360.6945190429688
2009-02-16,357.3334350585937
2009-02-17,370.77777099609375
2009-02-18,371.4923095703125
2009-02-19,372.7362060546875
2009-02-20,356.1160583496094
2009-02-24,363.6057739257813
2009-02-25,371.0953369140625
2009-02-26,382.0519714355469
2009-02-27,380.3317565917969
2009-03-02,366.8079223632813
2009-03-03,364.84954833984375
2009-03-04,362.6794738769531
2009-03-05,327.74530029296875
2009-03-06,334.3087158203125
2009-03-09,327.2689208984375
2009-03-12,328.5922241210937
2009-03-13,351.0611877441406
2009-03-16,359.5830383300781
2009-03-17,348.81158447265625
2009-03-18,343.7832946777344
2009-03-19,366.9139099121094
2009-03-20,370.93658447265625
2009-03-23,397.9046325683594
2009-03-24,389.7004699707031
2009-03-25,403.7535400390625
2009-03-26,405.20904541015625
2009-03-27,404.0710144042969
2009-03-30,391.47357177734375
2009-03-31,392.9556274414063
2009-04-01,415.4246520996094
2009-04-02,414.9482116699219
2009-04-06,414.4454956054688
2009-04-08,411.9576416015625
2009-04-09,410.5021057128906
2009-04-13,414.3131713867188
2009-04-15,451.1261291503906
2009-04-16,426.1959838867188
2009-04-17,458.6687927246094
2009-04-20,446.2831115722656
2009-04-21,461.3153381347656
2009-04-22,454.804931640625
2009-04-23,477.3267517089844
2009-04-24,475.5271301269531
2009-04-27,457.7690124511719
2009-04-28,447.1300354003906
2009-04-29,467.5876159667969
2009-04-30,467.4023132324219
2009-05-04,475.2889709472656
2009-05-05,485.1604919433594
2009-05-06,458.7217712402344
2009-05-07,459.5950622558594
2009-05-08,450.3322448730469
2009-05-11,446.6535949707031
2009-05-12,460.4420471191406
2009-05-13,457.0543823242188
2009-05-14,503.5802917480469
2009-05-15,518.9829711914062
2009-05-18,558.4161987304688
2009-05-19,525.2288208007812
2009-05-20,562.4653930664062
2009-05-21,550.370849609375
2009-05-22,555.7962036132812
2009-05-25,569.769775390625
2009-05-26,542.6959228515625
2009-05-27,590.3068237304688
2009-05-28,600.8930053710938
2009-05-29,613.119873046875
2009-06-01,639.082275390625
2009-06-02,615.237060546875
2009-06-03,647.4451904296875
2009-06-04,633.1804809570312
2009-06-05,633.6302490234375
2009-06-08,621.1123046875
2009-06-09,684.3641357421875
2009-06-10,707.9183349609375
2009-06-11,676.953857421875
2009-06-12,688.86328125
2009-06-15,655.040771484375
2009-06-16,649.8271484375
2009-06-17,647.7099609375
2009-06-18,624.2616577148438
2009-06-19,651.3356323242188
2009-06-22,641.596435546875
2009-06-23,639.9290161132812
2009-06-24,669.4644165039062
2009-06-25,672.0050659179688
2009-06-26,685.2113037109375
2009-06-29,683.1469116210938
2009-06-30,661.2864990234375
2009-07-01,653.2940673828125
2009-07-02,656.97265625
2009-07-03,655.702392578125
2009-07-06,626.6965942382812
2009-07-07,638.7645874023438
2009-07-08,631.301513671875
2009-07-09,614.12548828125
2009-07-10,618.0159301757812
2009-07-13,587.6338500976562
2009-07-14,608.7265625
2009-07-15,632.4923706054688
2009-07-16,659.9368286132812
2009-07-17,667.7705688476562
2009-07-20,708.76513671875
2009-07-21,694.5003662109375
2009-07-22,688.3075561523438
2009-07-23,697.4645385742188
2009-07-24,707.1773681640625
2009-07-27,706.7008056640625
2009-07-28,738.0357055664062
2009-07-29,740.9204711914062
2009-07-30,778.4747314453125
2009-07-31,812.8528442382812
2009-08-03,814.0437622070312
2009-08-04,805.839599609375
2009-08-05,799.1968994140625
2009-08-06,781.0681762695312
2009-08-07,782.9736328125
2009-08-10,787.4992065429688
2009-08-11,803.3783569335938
2009-08-12,816.0816650390625
2009-08-13,819.0458374023438
2009-08-14,813.779052734375
2009-08-17,809.888916015625
2009-08-18,845.2992553710938
2009-08-19,862.1312255859375
2009-08-20,845.4579467773438
2009-08-21,851.7567749023438
2009-08-24,894.815673828125
2009-08-25,906.0105590820312
2009-08-26,954.1242065429688
2009-08-27,947.1637573242188
2009-08-28,927.5796508789062
2009-08-31,919.057861328125
2009-09-01,926.5474243164062
2009-09-02,975.3229370117188
2009-09-03,956.0032348632812
2009-09-04,961.03173828125
2009-09-07,960.6348266601562
2009-09-08,946.92578125
2009-09-09,940.1243286132812
2009-09-10,932.5816040039062
2009-09-11,935.3075561523438
2009-09-14,946.6610717773438
2009-09-15,943.1676635742188
2009-09-16,948.0106811523438
2009-09-17,943.6968994140624
2009-09-18,947.6932373046876
2009-09-22,958.3056640625
2009-09-23,947.3491821289062
2009-09-24,937.9804077148438
2009-09-25,932.6344604492188
2009-09-29,959.2584838867188
2009-09-30,974.21142578125
2009-10-01,978.922119140625
2009-10-05,945.6819458007812
2009-10-06,957.8031005859376
2009-10-07,987.12646484375
2009-10-08,1039.8717041015625
2009-10-09,1110.322021484375
2009-10-12,1132.68505859375
2009-10-13,1135.358154296875
2009-10-14,1121.59619140625
2009-10-15,1142.635986328125
2009-10-16,1142.239013671875
2009-10-20,1129.9857177734375
2009-10-21,1104.287841796875
2009-10-22,1103.2823486328125
2009-10-23,1095.8719482421875
2009-10-26,1152.98388671875
2009-10-27,1142.5830078125
2009-10-28,1136.7607421875
2009-10-29,1103.1763916015625
2009-10-30,1125.2484130859375
2009-11-03,1045.588134765625
2009-11-04,1078.9608154296875
2009-11-05,1091.6905517578125
2009-11-06,1161.399658203125
2009-11-09,1168.2015380859375
2009-11-10,1139.91015625
2009-11-11,1208.0845947265625
2009-11-12,1180.90478515625
2009-11-13,1169.57763671875
2009-11-16,1180.745849609375
2009-11-17,1183.4984130859375
2009-11-18,1194.851806640625
2009-11-19,1151.713623046875
2009-11-20,1161.267578125
2009-11-23,1163.3846435546875
2009-11-24,1164.5228271484375
2009-11-25,1150.125732421875
2009-11-26,1117.5205078125
2009-11-27,1114.74169921875
2009-11-30,1133.373291015625
2009-12-01,1122.231201171875
2009-12-02,1085.550537109375
2009-12-03,1147.3204345703125
2009-12-04,1139.6455078125
2009-12-07,1124.5865478515625
2009-12-08,1136.1519775390625
2009-12-09,1143.377197265625
2009-12-10,1143.24462890625
2009-12-11,1137.68701171875
2009-12-14,1116.488525390625
2009-12-15,1114.0272216796875
2009-12-16,1155.1541748046875
2009-12-17,1178.23193359375
2009-12-18,1144.3828125
2009-12-21,1131.09716796875
2009-12-22,1130.4090576171875
2009-12-23,1184.4512939453125
2009-12-24,1173.865234375
2009-12-29,1177.437744140625
2009-12-30,1229.17724609375
2009-12-31,1226.9542236328125
2010-01-04,1258.1038818359375
2010-01-05,1244.765380859375
2010-01-06,1242.06591796875
2010-01-07,1229.7857666015625
2010-01-08,1229.9979248046875
2010-01-11,1215.1507568359375
2010-01-12,1239.18115234375
2010-01-13,1269.060302734375
2010-01-14,1310.1875
2010-01-15,1303.8885498046875
2010-01-18,1306.1649169921875
2010-01-19,1287.0830078125
2010-01-20,1280.3345947265625
2010-01-21,1220.893798828125
2010-01-22,1198.2923583984375
2010-01-25,1191.12060546875
2010-01-27,1142.3450927734375
2010-01-28,1129.6151123046875
2010-01-29,1143.9327392578125
2010-02-01,1161.399658203125
2010-02-02,1178.099365234375
2010-02-03,1194.851806640625
2010-02-04,1148.7496337890625
2010-02-05,1149.4110107421875
2010-02-08,1156.4771728515625
2010-02-09,1172.4093017578125
2010-02-10,1165.5550537109375
2010-02-11,1185.7213134765625
2010-02-15,1172.7005615234375
2010-02-16,1186.250732421875
2010-02-17,1195.6456298828125
2010-02-18,1187.1768798828125
2010-02-19,1166.13720703125
2010-02-22,1162.4583740234375
2010-02-23,1167.9105224609375
2010-02-24,1163.6494140625
2010-02-25,1163.9932861328125
2010-02-26,1184.3187255859375
2010-03-02,1201.6536865234375
2010-03-03,1213.5628662109375
2010-03-04,1219.411865234375
2010-03-05,1225.1282958984375
2010-03-08,1224.810791015625
2010-03-09,1214.7801513671875
2010-03-10,1208.2431640625
2010-03-11,1216.6326904296875
2010-03-12,1217.4002685546875
2010-03-15,1219.4383544921875
2010-03-16,1228.303955078125
2010-03-17,1240.3984375
2010-03-18,1230.580078125
2010-03-19,1228.277587890625
2010-03-22,1218.4854736328125
2010-03-23,1224.069580078125
2010-03-25,1216.5797119140625
2010-03-26,1219.358642578125
2010-03-29,1217.5328369140625
2010-03-30,1217.3472900390625
2010-03-31,1217.427001953125
2010-04-01,1224.0166015625
2010-04-05,1219.4644775390625
2010-04-06,1211.1015625
2010-04-07,1188.6590576171875
2010-04-08,1190.9351806640625
2010-04-09,1194.1903076171875
2010-04-12,1186.43603515625
2010-04-13,1188.4210205078125
2010-04-15,1177.808349609375
2010-04-16,1177.0673828125
2010-04-19,1164.4434814453125
2010-04-20,1167.487060546875
2010-04-21,1170.3714599609375
2010-04-22,1172.5152587890625
2010-04-23,1170.3980712890625
2010-04-26,1168.307373046875
2010-04-27,1161.0029296875
2010-04-28,1145.177001953125
2010-04-29,1145.970703125
2010-04-30,1147.1351318359375
2010-05-03,1131.4940185546875
2010-05-04,1122.072509765625
2010-05-05,1113.7095947265625
2010-05-06,1112.7833251953125
2010-05-07,1077.716796875
2010-05-10,1080.49560546875
2010-05-11,1069.2216796875
2010-05-12,1071.4710693359375
2010-05-13,1111.0101318359375
2010-05-14,1124.7720947265625
2010-05-17,1123.845703125
2010-05-18,1111.83056640625
2010-05-19,1087.9853515625
2010-05-20,1097.9364013671875
2010-05-21,1085.3123779296875
2010-05-24,1101.82666015625
2010-05-25,1086.6356201171875
2010-05-26,1098.6507568359375
2010-05-27,1111.0894775390625
2010-05-28,1104.5789794921875
2010-05-31,1091.3465576171875
2010-06-01,1087.82666015625
2010-06-02,1089.996826171875
2010-06-03,1085.4976806640625
2010-06-04,1098.3333740234375
2010-06-07,1171.8802490234375
2010-06-08,1170.63623046875
2010-06-09,1161.9027099609375
2010-06-10,1153.51318359375
2010-06-11,1143.0860595703125
2010-06-14,1142.13330078125
2010-06-15,1164.97265625
2010-06-16,1165.63427734375
2010-06-17,1150.57568359375
2010-06-18,1151.7666015625
2010-06-21,1152.4810791015625
2010-06-22,1150.258056640625
2010-06-23,1149.9669189453125
2010-06-24,1159.91796875
2010-06-25,1164.4169921875
2010-06-28,1165.739990234375
2010-06-29,1175.0823974609375
2010-06-30,1196.9693603515625
2010-07-01,1185.35107421875
2010-07-02,1179.793212890625
2010-07-05,1174.0765380859375
2010-07-06,1186.674072265625
2010-07-07,1186.541748046875
2010-07-08,1195.989990234375
2010-07-09,1193.211181640625
2010-07-12,1187.1507568359375
2010-07-13,1176.3260498046875
2010-07-14,1171.5889892578125
2010-07-15,1177.3585205078125
2010-07-16,1178.28466796875
2010-07-19,1175.42626953125
2010-07-20,1169.8421630859375
2010-07-21,1150.443359375
2010-07-22,1145.759033203125
2010-07-23,1139.6719970703125
2010-07-26,1133.6114501953125
2010-07-27,1120.80224609375
2010-07-28,1118.102783203125
2010-07-29,1104.5260009765625
2010-07-30,1115.138671875
2010-08-02,1130.7266845703125
2010-08-03,1126.9686279296875
2010-08-04,1140.06884765625
2010-08-05,1150.3638916015625
2010-08-06,1120.6434326171875
2010-08-09,1114.0272216796875
2010-08-10,1104.6318359375
2010-08-11,1106.1671142578125
2010-08-12,1099.6300048828125
2010-08-13,1094.2047119140625
2010-08-16,1085.5771484375
2010-08-17,1086.900390625
2010-08-18,1102.7794189453125
2010-08-19,1110.4544677734375
2010-08-20,1100.1591796875
2010-08-23,1102.117919921875
2010-08-24,1085.0740966796875
2010-08-25,1084.650634765625
2010-08-26,1110.0308837890625
2010-08-27,1093.834228515625
2010-08-30,1087.720703125
2010-08-31,1077.4522705078125
2010-09-01,1091.452392578125
2010-09-02,1086.02685546875
2010-09-03,1086.1063232421875
2010-09-06,1092.7491455078125
2010-09-07,1098.730224609375
2010-09-08,1122.919677734375
2010-09-09,1115.0858154296875
2010-09-13,1125.0101318359375
2010-09-14,1128.1331787109375
2010-09-15,1190.749755859375
2010-09-16,1160.208984375
2010-09-17,1179.31689453125
2010-09-20,1170.34521484375
2010-09-21,1167.56640625
2010-09-22,1167.857421875
2010-09-23,1163.5965576171875
2010-09-24,1195.302001953125
2010-09-27,1178.78759765625
2010-09-28,1176.2469482421875
2010-09-29,1191.0675048828125
2010-09-30,1183.233642578125
2010-10-01,1216.15625
2010-10-04,1227.3514404296875
2010-10-05,1225.3927001953125
2010-10-06,1217.5328369140625
2010-10-07,1184.7421875
2010-10-08,1200.7008056640625
2010-10-11,1221.4493408203125
2010-10-12,1241.53662109375
2010-10-13,1299.6806640625
2010-10-14,1266.0430908203125
2010-10-15,1247.6763916015625
2010-10-18,1256.912841796875
2010-10-19,1243.0185546875
2010-10-20,1226.0545654296875
2010-10-21,1227.3778076171875
2010-10-22,1235.1053466796875
2010-10-25,1231.0828857421875
2010-10-26,1218.167724609375
2010-10-27,1199.6156005859375
2010-10-28,1171.0333251953125
2010-10-29,1169.8687744140625
2010-11-01,1192.8935546875
2010-11-02,1225.6309814453125
2010-11-03,1250.111328125
2010-11-04,1240.028076171875
2010-11-08,1212.345458984375
2010-11-09,1210.4398193359375
2010-11-10,1226.874755859375
2010-11-11,1212.371826171875
2010-11-12,1186.0391845703125
2010-11-15,1189.34716796875
2010-11-16,1173.8121337890625
2010-11-18,1153.6722412109375
2010-11-19,1135.9405517578125
2010-11-22,1137.6341552734375
2010-11-23,1118.9498291015625
2010-11-24,1113.8419189453125
2010-11-25,1103.0439453125
2010-11-26,1096.7718505859375
2010-11-29,1088.9647216796875
2010-11-30,1103.0706787109375
2010-12-01,1123.68701171875
2010-12-02,1111.7247314453125
2010-12-03,1117.9176025390625
2010-12-06,1123.1575927734375
2010-12-07,1138.5338134765625
2010-12-08,1129.0064697265625
2010-12-09,1110.348388671875
2010-12-10,1127.842041015625
2010-12-13,1164.3111572265625
2010-12-14,1169.20703125
2010-12-15,1163.3846435546875
2010-12-16,1191.96728515625
2010-12-20,1194.9315185546875
2010-12-21,1205.0673828125
2010-12-22,1213.0072021484375
2010-12-23,1226.5308837890625
2010-12-24,1218.2999267578125
2010-12-27,1216.6063232421875
2010-12-28,1214.568603515625
2010-12-29,1218.802978515625
2010-12-30,1222.2698974609375
2010-12-31,1237.7255859375
2011-01-03,1230.2623291015625
2011-01-04,1241.113525390625
2011-01-05,1220.3907470703125
2011-01-06,1212.58349609375
2011-01-07,1184.2393798828125
2011-01-10,1152.1900634765625
2011-01-11,1144.7266845703125
2011-01-12,1184.001220703125
2011-01-13,1169.60400390625
2011-01-14,1160.9234619140625
2011-01-17,1200.96533203125
2011-01-18,1204.855712890625
2011-01-19,1213.086669921875
2011-01-20,1205.279296875
2011-01-21,1206.97314453125
2011-01-24,1207.1318359375
2011-01-25,1213.959716796875
2011-01-27,1206.8408203125
2011-01-28,1220.020263671875
2011-01-31,1211.49853515625
2011-02-01,1169.0748291015625
2011-02-02,1151.6871337890625
2011-02-03,1111.539306640625
2011-02-04,1112.7303466796875
2011-02-07,1110.427978515625
2011-02-08,1108.2047119140625
2011-02-09,1061.73193359375
2011-02-10,1061.890625
2011-02-11,1099.1800537109375
2011-02-14,1111.5660400390625
2011-02-15,1111.5660400390625
2011-02-16,1112.4658203125
2011-02-17,1116.1710205078125
2011-02-18,1112.88916015625
2011-02-21,1116.9647216796875
2011-02-22,1112.121826171875
2011-02-23,1111.857177734375
2011-02-24,1082.71875
2011-02-25,1069.2216796875
2011-02-28,1084.0418701171875
2011-03-01,1103.7852783203125
2011-03-03,1083.7244873046875
2011-03-04,1083.486328125
2011-03-07,1084.2010498046875
2011-03-08,1089.8643798828125
2011-03-09,1095.1575927734375
2011-03-10,1097.327392578125
2011-03-11,1080.1781005859375
2011-03-14,1079.172607421875
2011-03-15,1069.93603515625
2011-03-16,1076.4727783203125
2011-03-17,1066.813232421875
2011-03-18,1050.642822265625
2011-03-21,1038.8924560546875
2011-03-22,1029.0738525390625
2011-03-23,1028.9678955078125
2011-03-24,1035.1343994140625
2011-03-25,1066.5484619140625
2011-03-28,1058.8736572265625
2011-03-29,1051.4898681640625
2011-03-30,1051.833740234375
2011-03-31,1051.5693359375
2011-04-01,1048.234619140625
2011-04-04,1079.6488037109375
2011-04-05,1106.2991943359375
2011-04-06,1129.668212890625
2011-04-07,1106.5904541015625
2011-04-08,1092.0079345703125
2011-04-11,1079.6488037109375
2011-04-13,1091.3992919921875
2011-04-15,1068.9569091796875
2011-04-18,1065.8868408203125
2011-04-19,1059.7998046875
2011-04-20,1062.631591796875
2011-04-21,1059.429443359375
2011-04-25,1119.24072265625
2011-04-26,1127.2862548828125
2011-04-27,1104.287841796875
2011-04-28,1081.6072998046875
2011-04-29,1069.9625244140625
2011-05-02,1050.1400146484375
2011-05-03,1032.7259521484375
2011-05-04,1046.59375
2011-05-05,1034.181396484375
2011-05-06,1036.7222900390625
2011-05-09,1036.3516845703125
2011-05-10,1044.7940673828125
2011-05-11,1158.038818359375
2011-05-12,1137.6341552734375
2011-05-13,1158.8062744140625
2011-05-16,1157.3773193359375
2011-05-17,1141.63037109375
2011-05-18,1156.344970703125
2011-05-19,1146.7117919921875
2011-05-20,1148.776123046875
2011-05-23,1137.8988037109375
2011-05-24,1136.734375
2011-05-25,1163.0672607421875
2011-05-26,1172.2508544921875
2011-05-27,1172.54150390625
2011-05-30,1178.6552734375
2011-05-31,1176.6173095703125
2011-06-01,1188.076904296875
2011-06-02,1184.001220703125
2011-06-03,1158.674072265625
2011-06-06,1180.5343017578125
2011-06-07,1178.6287841796875
2011-06-08,1189.003173828125
2011-06-09,1197.2073974609375
2011-06-10,1195.884033203125
2011-06-13,1205.91455078125
2011-06-14,1202.447509765625
2011-06-15,1211.5780029296875
2011-06-16,1195.35498046875
2011-06-17,1159.3089599609375
2011-06-20,1145.5469970703125
2011-06-21,1149.173095703125
2011-06-22,1143.615478515625
2011-06-23,1150.3638916015625
2011-06-24,1164.9991455078125
2011-06-27,1207.714111328125
2011-06-28,1239.6575927734375
2011-06-29,1210.5986328125
2011-06-30,1211.3663330078125
2011-07-01,1223.0638427734375
2011-07-04,1227.4833984375
2011-07-05,1219.8350830078125
2011-07-06,1220.232177734375
2011-07-07,1225.4454345703125
2011-07-08,1217.427001953125
2011-07-11,1218.273681640625
2011-07-12,1212.1337890625
2011-07-13,1216.5003662109375
2011-07-14,1212.7952880859375
2011-07-15,1167.3016357421875
2011-07-18,1165.5550537109375
2011-07-19,1153.0367431640625
2011-07-20,1138.21630859375
2011-07-21,1137.5546875
2011-07-22,1144.9384765625
2011-07-25,1142.0008544921875
2011-07-26,1125.27490234375
2011-07-27,1131.8382568359375
2011-07-28,1117.150146484375
2011-07-29,1121.516845703125
2011-08-01,1149.8082275390625
2011-08-02,1138.21630859375
2011-08-03,1125.5924072265625
2011-08-04,1092.034423828125
2011-08-05,1073.006103515625
2011-08-08,1061.52001953125
2011-08-09,1048.896240234375
2011-08-10,1059.11181640625
2011-08-11,1040.771484375
2011-08-12,1036.1929931640625
2011-08-16,997.4215087890624
2011-08-17,987.3910522460938
2011-08-18,974.634765625
2011-08-19,940.3359375
2011-08-22,939.6212768554688
2011-08-23,953.0656127929688
2011-08-24,969.1829223632812
2011-08-25,923.6892700195312
2011-08-26,933.7723999023438
2011-08-29,950.9483642578124
2011-08-30,961.2169189453124
2011-09-02,958.6761474609376
2011-09-05,954.6535034179688
2011-09-06,964.0751953125
2011-09-07,1005.5989990234376
2011-09-08,1023.3572387695312
2011-09-09,999.4857788085938
2011-09-12,955.6064453125
2011-09-13,952.9069213867188
2011-09-14,967.7274780273438
2011-09-15,992.6310424804688
2011-09-16,976.4609375
2011-09-19,966.8010864257812
2011-09-20,989.640625
2011-09-21,1024.6541748046875
2011-09-22,1009.41015625
2011-09-23,1010.812744140625
2011-09-26,1012.1096801757812
2011-09-27,1020.049072265625
2011-09-28,1012.3477172851562
2011-09-29,1013.1947021484376
2011-09-30,1005.8902587890624
2011-10-03,996.1776123046876
2011-10-04,993.4779663085938
2011-10-05,1001.6821899414062
2011-10-07,1025.5009765625
2011-10-10,1050.2723388671875
2011-10-11,1040.90380859375
2011-10-12,1063.0023193359375
2011-10-13,1070.1741943359375
2011-10-14,1082.82470703125
2011-10-17,1109.078125
2011-10-18,1091.55810546875
2011-10-19,1132.10302734375
2011-10-20,1140.254150390625
2011-10-21,1152.2694091796875
2011-10-24,1165.4755859375
2011-10-25,1152.9576416015625
2011-10-28,1106.27294921875
2011-10-31,1118.7908935546875
2011-11-01,1112.9683837890625
2011-11-02,1109.5809326171875
2011-11-03,1095.025146484375
2011-11-04,1096.083740234375
2011-11-08,1095.52783203125
2011-11-09,1096.242431640625
2011-11-11,1110.2952880859375
2011-11-14,1098.3861083984375
2011-11-15,1079.9927978515625
2011-11-16,1073.9852294921875
2011-11-17,1069.9625244140625
2011-11-18,1060.7791748046875
2011-11-21,1045.21728515625
2011-11-22,1054.63916015625
2011-11-23,1043.1798095703125
2011-11-24,1059.6676025390625
2011-11-25,1061.73193359375
2011-11-28,1103.0706787109375
2011-11-29,1096.95703125
2011-11-30,1075.4144287109375
2011-12-01,1065.516357421875
2011-12-02,1083.1951904296875
2011-12-05,1068.5069580078125
2011-12-07,1058.609130859375
2011-12-08,1037.7545166015625
2011-12-09,1035.0814208984375
2011-12-12,1034.763671875
2011-12-13,1055.3009033203125
2011-12-14,1045.5086669921875
2011-12-15,1052.4691162109375
2011-12-16,1047.6260986328125
2011-12-19,1021.53125
2011-12-20,1011.8185424804688
2011-12-21,1005.4402465820312
2011-12-22,984.0828857421876
2011-12-23,960.7933959960938
2011-12-26,984.5062255859376
2011-12-27,960.7670288085938
2011-12-28,971.776611328125
2011-12-29,980.9864501953124
2011-12-30,983.1566772460938
2012-01-02,979.3985595703124
2012-01-03,999.7239379882812
2012-01-04,1024.31005859375
2012-01-05,1037.1192626953125
2012-01-06,1043.6561279296875
2012-01-09,1032.8583984375
2012-01-10,1070.650634765625
2012-01-11,1068.71875
2012-01-12,1064.4842529296875
2012-01-13,1060.83203125
2012-01-16,1059.11181640625
2012-01-17,1069.0628662109375
2012-01-18,1068.4539794921875
2012-01-19,1053.4747314453125
2012-01-20,1041.3536376953125
2012-01-23,1026.8243408203125
2012-01-24,1040.0303955078125
2012-01-25,1036.69580078125
2012-01-27,1042.703369140625
2012-01-30,1027.2213134765625
2012-01-31,1050.4576416015625
2012-02-01,1106.2991943359375
2012-02-02,1110.0308837890625
2012-02-03,1111.03662109375
2012-02-06,1143.5357666015625
2012-02-07,1135.2523193359375
2012-02-08,1152.71923828125
2012-02-09,1137.95166015625
2012-02-10,1140.677734375
2012-02-13,1166.8516845703125
2012-02-14,1164.7078857421875
2012-02-15,1165.2109375
2012-02-16,1166.2694091796875
2012-02-17,1149.358154296875
2012-02-21,1167.0897216796875
2012-02-22,1122.469482421875
2012-02-23,1171.9859619140625
2012-02-24,1367.669677734375
2012-02-27,1345.3597412109375
2012-02-28,1412.2374267578125
2012-02-29,1400.3543701171875
2012-03-01,1420.7593994140625
2012-03-02,1377.0648193359375
2012-03-05,1343.9569091796875
2012-03-06,1325.4844970703125
2012-03-07,1323.208251953125
2012-03-09,1363.1705322265625
2012-03-12,1347.9005126953125
2012-03-13,1331.43896484375
2012-03-14,1333.609130859375
2012-03-15,1329.9305419921875
2012-03-16,1308.414306640625
2012-03-19,1319.370849609375
2012-03-20,1385.692626953125
2012-03-21,1369.7078857421875
2012-03-22,1345.5712890625
2012-03-23,1377.59423828125
2012-03-26,1359.7567138671875
2012-03-27,1363.6737060546875
2012-03-28,1368.0404052734375
2012-03-29,1373.3070068359375
2012-03-30,1386.9364013671875
2012-04-02,1384.7398681640625
2012-04-03,1395.855224609375
2012-04-04,1384.95166015625
2012-04-09,1394.558349609375
2012-04-10,1399.2694091796875
2012-04-11,1397.33740234375
2012-04-12,1455.217041015625
2012-04-13,1397.5755615234375
2012-04-16,1408.6646728515625
2012-04-17,1433.4891357421875
2012-04-18,1415.6514892578125
2012-04-19,1412.2635498046875
2012-04-20,1408.5850830078125
2012-04-23,1376.1385498046875
2012-04-24,1374.6302490234375
2012-04-25,1362.588623046875
2012-04-26,1342.924560546875
2012-04-27,1366.5318603515625
2012-04-30,1386.7510986328125
2012-05-02,1372.3804931640625
2012-05-03,1354.331298828125
2012-05-04,1331.4654541015625
2012-05-07,1380.50537109375
2012-05-08,1370.448486328125
2012-05-09,1362.4034423828125
2012-05-10,1354.09326171875
2012-05-11,1359.8360595703125
2012-05-14,1318.312255859375
2012-05-15,1305.02685546875
2012-05-16,1312.4371337890625
2012-05-17,1298.43701171875
2012-05-18,1268.9017333984375
2012-05-21,1252.969482421875
2012-05-22,1279.8580322265625
2012-05-23,1292.5880126953125
2012-05-24,1283.2987060546875
2012-05-25,1286.368896484375
2012-05-28,1336.6260986328125
2012-05-29,1319.370849609375
2012-05-30,1294.996337890625
2012-05-31,1325.08740234375
2012-06-01,1295.419921875
2012-06-04,1280.1229248046875
2012-06-05,1269.827880859375
2012-06-06,1281.60498046875
2012-06-07,1304.206298828125
2012-06-08,1335.9647216796875
2012-06-11,1314.79248046875
2012-06-12,1309.9228515625
2012-06-13,1308.519775390625
2012-06-14,1279.6729736328125
2012-06-15,1280.7052001953125
2012-06-18,1269.827880859375
2012-06-19,1289.0152587890625
2012-06-20,1285.627685546875
2012-06-21,1290.9205322265625
2012-06-22,1284.886474609375
2012-06-25,1283.45751953125
2012-06-26,1289.438720703125
2012-06-27,1284.039794921875
2012-06-28,1282.160888671875
2012-06-29,1342.951416015625
2012-07-02,1356.131103515625
2012-07-03,1341.94580078125
2012-07-04,1326.781005859375
2012-07-05,1353.32568359375
2012-07-06,1342.210205078125
2012-07-09,1326.384033203125
2012-07-10,1329.71875
2012-07-11,1319.397216796875
2012-07-12,1308.6788330078125
2012-07-13,1328.6602783203125
2012-07-16,1307.4879150390625
2012-07-17,1317.3594970703125
2012-07-18,1330.2742919921875
2012-07-19,1333.8472900390625
2012-07-20,1345.2010498046875
2012-07-23,1331.3594970703125
2012-07-24,1350.838134765625
2012-07-25,1344.4864501953125
2012-07-26,1318.0738525390625
2012-07-27,1317.12109375
2012-07-30,1333.71484375
2012-07-31,1352.0025634765625
2012-08-01,1373.88916015625
2012-08-02,1390.7738037109375
2012-08-03,1471.9959716796875
2012-08-06,1508.4913330078125
2012-08-07,1514.7369384765625
2012-08-08,1510.13232421875
2012-08-09,1468.502197265625
2012-08-10,1510.4495849609375
2012-08-13,1520.109375
2012-08-14,1555.20263671875
2012-08-16,1569.0439453125
2012-08-17,1538.5557861328125
2012-08-21,1552.0531005859375
2012-08-22,1516.0870361328125
2012-08-23,1513.81103515625
2012-08-24,1541.22900390625
2012-08-27,1521.803466796875
2012-08-28,1516.324951171875
2012-08-29,1504.600830078125
2012-08-30,1535.5916748046875
2012-08-31,1574.680908203125
2012-09-03,1604.1099853515625
2012-09-04,1569.3349609375
2012-09-05,1535.353271484375
2012-09-06,1561.5274658203125
2012-09-07,1558.6956787109375
2012-09-10,1589.951416015625
2012-09-11,1592.2803955078125
2012-09-12,1601.86083984375
2012-09-13,1574.8660888671875
2012-09-14,1574.1248779296875
2012-09-17,1574.680908203125
2012-09-18,1567.9586181640625
2012-09-20,1565.497314453125
2012-09-21,1566.264892578125
2012-09-24,1563.009521484375
2012-09-25,1587.8338623046875
2012-09-26,1575.26318359375
2012-09-27,1567.4029541015625
2012-09-28,1592.7037353515625
2012-10-01,1642.8021240234375
2012-10-03,1625.97021484375
2012-10-04,1615.7548828125
2012-10-05,1602.36328125
2012-10-08,1591.4068603515625
2012-10-09,1593.4974365234375
2012-10-10,1578.359619140625
2012-10-11,1588.865966796875
2012-10-12,1580.76806640625
2012-10-15,1562.8507080078125
2012-10-16,1566.4500732421875
2012-10-17,1564.650634765625
2012-10-18,1562.6922607421875
2012-10-19,1556.3402099609375
2012-10-22,1570.5252685546875
2012-10-23,1560.310302734375
2012-10-25,1591.1949462890625
2012-10-29,1546.998291015625
2012-10-30,1553.2705078125
2012-10-31,1535.0888671875
2012-11-01,1520.9298095703125
2012-11-02,1533.897705078125
2012-11-05,1498.83154296875
2012-11-06,1520.9034423828125
2012-11-07,1524.5555419921875
2012-11-08,1514.393310546875
2012-11-09,1504.812744140625
2012-11-12,1510.767333984375
2012-11-15,1508.83544921875
2012-11-16,1495.285400390625
2012-11-19,1496.8729248046875
2012-11-20,1488.5631103515625
2012-11-21,1497.243408203125
2012-11-22,1495.3116455078125
2012-11-23,1501.92822265625
2012-11-26,1535.43310546875
2012-11-27,1551.3121337890625
2012-11-29,1530.74853515625
2012-11-30,1540.064453125
2012-12-03,1534.8770751953125
2012-12-04,1536.9146728515625
2012-12-05,1534.1890869140625
2012-12-06,1525.3232421875
2012-12-07,1511.799560546875
2012-12-10,1557.531494140625
2012-12-11,1608.7943115234375
2012-12-12,1614.4580078125
2012-12-13,1619.724609375
2012-12-14,1680.7266845703125
2012-12-17,1660.3226318359375
2012-12-18,1714.76123046875
2012-12-19,1689.831298828125
2012-12-20,1693.5361328125
2012-12-21,1680.885498046875
2012-12-24,1694.7274169921875
2012-12-26,1698.2469482421875
2012-12-27,1691.8687744140625
2012-12-28,1736.039306640625
2012-12-31,1743.1849365234375
2013-01-01,1746.281005859375
2013-01-02,1733.7633056640625
2013-01-03,1754.80322265625
2013-01-04,1743.1583251953125
2013-01-07,1730.4287109375
2013-01-08,1785.767333984375
2013-01-09,1761.313720703125
2013-01-10,1758.640625
2013-01-11,1757.34375
2013-01-14,1757.6087646484375
2013-01-15,1755.64990234375
2013-01-16,1742.0205078125
2013-01-17,1757.9525146484375
2013-01-18,1753.109619140625
2013-01-21,1747.392578125
2013-01-22,1755.62353515625
2013-01-23,1752.977294921875
2013-01-24,1741.649658203125
2013-01-25,1765.521728515625
2013-01-28,1755.4644775390625
2013-01-29,1713.6761474609375
2013-01-30,1679.13916015625
2013-01-31,1690.3604736328125
2013-02-01,1665.615478515625
2013-02-04,1655.055908203125
2013-02-05,1662.20166015625
2013-02-06,1662.3072509765625
2013-02-07,1643.9931640625
2013-02-08,1639.4677734375
2013-02-11,1631.0517578125
2013-02-12,1612.8699951171875
2013-02-13,1582.69970703125
2013-02-14,1551.391357421875
2013-02-15,1547.474609375
2013-02-18,1561.6336669921875
2013-02-19,1566.1590576171875
2013-02-20,1639.36181640625
2013-02-21,1594.6353759765625
2013-02-22,1571.2139892578125
2013-02-25,1566.4234619140625
2013-02-26,1567.6412353515625
2013-02-27,1560.6278076171875
2013-02-28,1488.377685546875
2013-03-01,1530.4310302734375
2013-03-04,1507.7769775390625
2013-03-05,1534.3212890625
2013-03-06,1526.4608154296875
2013-03-07,1548.2684326171875
2013-03-08,1500.895751953125
2013-03-11,1454.528564453125
2013-03-12,1469.2698974609375
2013-03-13,1459.0013427734375
2013-03-14,1452.1204833984375
2013-03-15,1431.5303955078125
2013-03-18,1463.73876953125
2013-03-19,1423.564453125
2013-03-20,1428.3282470703125
2013-03-21,1416.60400390625
2013-03-22,1362.4827880859375
2013-03-25,1355.8133544921875
2013-03-26,1344.777587890625
2013-03-28,1355.1785888671875
2013-04-01,1349.144287109375
2013-04-02,1420.917724609375
2013-04-03,1429.70458984375
2013-04-04,1404.45654296875
2013-04-05,1406.0179443359375
2013-04-08,1387.9951171875
2013-04-09,1358.0364990234375
2013-04-10,1402.5245361328125
2013-04-11,1406.9708251953125
2013-04-12,1385.163330078125
2013-04-15,1360.603515625
2013-04-16,1341.76025390625
2013-04-17,1346.9212646484375
2013-04-18,1326.781005859375
2013-04-22,1328.7392578125
2013-04-23,1336.0703125
2013-04-25,1318.391845703125
2013-04-26,1353.5107421875
2013-04-29,1394.0556640625
2013-04-30,1386.989501953125
2013-05-02,1385.5867919921875
2013-05-03,1369.68115234375
2013-05-06,1420.732666015625
2013-05-07,1435.473876953125
2013-05-08,1377.3297119140625
2013-05-09,1381.51123046875
2013-05-10,1389.5301513671875
2013-05-13,1350.599609375
2013-05-14,1347.3446044921875
2013-05-15,1334.2706298828125
2013-05-16,1268.16064453125
2013-05-17,1287.5859375
2013-05-20,1290.8148193359375
2013-05-21,1281.948974609375
2013-05-22,1293.3289794921875
2013-05-23,1408.4791259765625
2013-05-24,1373.2275390625
2013-05-27,1408.1353759765625
2013-05-28,1396.54345703125
2013-05-29,1406.1766357421875
2013-05-30,1400.6456298828125
2013-05-31,1385.7457275390625
2013-06-03,1388.4979248046875
2013-06-04,1391.329833984375
2013-06-05,1465.167724609375
2013-06-06,1439.8404541015625
2013-06-07,1446.69482421875
2013-06-10,1443.5721435546875
2013-06-11,1405.9915771484375
2013-06-12,1406.150390625
2013-06-13,1388.12744140625
2013-06-14,1408.982177734375
2013-06-17,1413.401611328125
2013-06-18,1415.01611328125
2013-06-19,1432.5625
2013-06-20,1438.38525390625
2013-06-21,1449.1826171875
2013-06-24,1416.8687744140625
2013-06-25,1401.3865966796875
2013-06-26,1418.3773193359375
2013-06-27,1411.76123046875
2013-06-28,1428.5928955078125
2013-07-01,1425.1256103515625
2013-07-02,1420.8912353515625
2013-07-03,1404.059326171875
2013-07-04,1417.795166015625
2013-07-05,1415.6514892578125
2013-07-08,1397.2581787109375
2013-07-09,1387.0689697265625
2013-07-10,1408.92919921875
2013-07-11,1424.570068359375
2013-07-12,1460.2188720703125
2013-07-15,1496.5025634765625
2013-07-16,1471.7576904296875
2013-07-17,1447.224365234375
2013-07-18,1474.6953125
2013-07-19,1473.583740234375
2013-07-22,1469.6668701171875
2013-07-23,1456.4342041015625
2013-07-24,1491.9241943359375
2013-07-25,1512.567138671875
2013-07-26,1534.5067138671875
2013-07-29,1532.1510009765625
2013-07-30,1536.5975341796875
2013-07-31,1566.0531005859375
2013-08-01,1584.1292724609375
2013-08-02,1555.467041015625
2013-08-05,1566.37060546875
2013-08-06,1547.7125244140625
2013-08-07,1574.759765625
2013-08-08,1580.8736572265625
2013-08-12,1572.08740234375
2013-08-13,1566.7940673828125
2013-08-14,1541.49365234375
2013-08-16,1536.676513671875
2013-08-19,1537.629638671875
2013-08-20,1532.8924560546875
2013-08-21,1500.7899169921875
2013-08-22,1519.5008544921875
2013-08-23,1518.70703125
2013-08-26,1509.92041015625
2013-08-27,1498.302001953125
2013-08-28,1520.109375
2013-08-29,1533.36865234375
2013-08-30,1570.1551513671875
2013-09-02,1581.87939453125
2013-09-03,1570.5252685546875
2013-09-04,1587.754638671875
2013-09-05,1588.0986328125
2013-09-06,1588.9456787109375
2013-09-10,1612.8438720703125
2013-09-11,1639.7059326171875
2013-09-12,1628.5908203125
2013-09-13,1601.0931396484375
2013-09-16,1562.3216552734375
2013-09-17,1573.41064453125
2013-09-18,1582.1702880859375
2013-09-19,1571.61083984375
2013-09-20,1581.5882568359375
2013-09-23,1588.9456787109375
2013-09-24,1598.9757080078125
2013-09-25,1590.2950439453125
2013-09-26,1616.2047119140625
2013-09-27,1617.3690185546875
2013-09-30,1627.029052734375
2013-10-01,1620.2010498046875
2013-10-03,1638.144287109375
2013-10-04,1651.0860595703125
2013-10-07,1696.870849609375
2013-10-08,1704.492919921875
2013-10-09,1700.02001953125
2013-10-10,1710.870849609375
2013-10-11,1722.092041015625
2013-10-14,1719.5516357421875
2013-10-15,1712.0355224609375
2013-10-17,1713.5966796875
2013-10-18,1705.1278076171875
2013-10-21,1727.2528076171875
2013-10-22,1717.1961669921875
2013-10-23,1697.79736328125
2013-10-24,1692.107177734375
2013-10-25,1666.9652099609375
2013-10-28,1652.54150390625
2013-10-29,1660.18994140625
2013-10-30,1683.1883544921875
2013-10-31,1696.738525390625
2013-11-01,1698.8555908203125
2013-11-05,1699.0673828125
2013-11-06,1702.4547119140625
2013-11-07,1693.90673828125
2013-11-08,1666.5682373046875
2013-11-11,1674.296142578125
2013-11-12,1693.959716796875
2013-11-13,1697.4793701171875
2013-11-14,1703.090087890625
2013-11-18,1693.5361328125
2013-11-19,1662.20166015625
2013-11-20,1658.6021728515625
2013-11-21,1643.252197265625
2013-11-22,1639.255859375
2013-11-25,1645.6077880859375
2013-11-26,1621.9215087890625
2013-11-27,1617.4486083984375
2013-11-28,1634.5452880859375
2013-11-29,1640.0499267578125
2013-12-02,1628.77587890625
2013-12-03,1627.3729248046875
2013-12-04,1609.53564453125
2013-12-05,1606.12158203125
2013-12-06,1604.58642578125
2013-12-09,1596.6468505859375
2013-12-10,1603.527587890625
2013-12-11,1615.384521484375
2013-12-12,1629.5963134765625
2013-12-13,1627.4525146484375
2013-12-16,1687.89892578125
2013-12-17,1681.017822265625
2013-12-18,1737.627197265625
2013-12-19,1709.177001953125
2013-12-20,1714.258544921875
2013-12-23,1719.3134765625
2013-12-24,1714.867431640625
2013-12-26,1714.7874755859375
2013-12-27,1757.6612548828125
2013-12-30,1752.633056640625
2013-12-31,1745.725341796875
2014-01-01,1733.392822265625
2014-01-02,1741.649658203125
2014-01-03,1779.2037353515625
2014-01-06,1746.148681640625
2014-01-07,1740.4061279296875
2014-01-08,1740.8558349609375
2014-01-09,1718.9957275390625
2014-01-10,1716.693359375
2014-01-13,1721.0601806640625
2014-01-14,1715.4228515625
2014-01-15,1719.47216796875
2014-01-16,1693.9332275390625
2014-01-17,1664.741943359375
2014-01-20,1684.0880126953125
2014-01-21,1680.2772216796875
2014-01-22,1688.3756103515625
2014-01-23,1727.1470947265625
2014-01-24,1715.9256591796875
2014-01-27,1707.0865478515625
2014-01-28,1691.233642578125
2014-01-29,1693.4566650390625
2014-01-30,1686.25830078125
2014-01-31,1695.7591552734375
2014-02-03,1685.173095703125
2014-02-04,1663.3922119140625
2014-02-05,1679.7479248046875
2014-02-06,1666.462158203125
2014-02-07,1672.1259765625
2014-02-10,1657.3055419921875
2014-02-11,1654.0501708984375
2014-02-12,1654.156005859375
2014-02-13,1633.06298828125
2014-02-14,1633.115966796875
2014-02-17,1622.39794921875
2014-02-18,1608.45068359375
2014-02-19,1598.3408203125
2014-02-20,1609.2445068359375
2014-02-21,1641.6112060546875
2014-02-24,1627.5322265625
2014-02-25,1623.5885009765625
2014-02-26,1628.669921875
2014-02-28,1648.3336181640625
2014-03-03,1640.5526123046875
2014-03-04,1627.637451171875
2014-03-05,1620.7303466796875
2014-03-06,1608.1859130859375
2014-03-07,1592.6507568359375
2014-03-10,1571.4520263671875
2014-03-11,1564.3328857421875
2014-03-12,1560.310302734375
2014-03-13,1537.6031494140625
2014-03-14,1526.4608154296875
2014-03-18,1538.0264892578125
2014-03-19,1508.782470703125
2014-03-20,1526.593505859375
2014-03-21,1537.4974365234375
2014-03-24,1537.3121337890625
2014-03-25,1553.3763427734375
2014-03-26,1556.5521240234375
2014-03-27,1579.1005859375
2014-03-28,1613.0556640625
2014-03-31,1634.201171875
2014-04-01,1614.4317626953125
2014-04-02,1619.9627685546875
2014-04-03,1603.210693359375
2014-04-04,1612.0233154296875
2014-04-07,1608.7943115234375
2014-04-09,1614.352294921875
2014-04-10,1630.152099609375
2014-04-11,1693.2449951171875
2014-04-15,1671.0936279296875
2014-04-16,1660.0311279296875
2014-04-17,1692.0279541015625
2014-04-21,1675.910400390625
2014-04-22,1660.21630859375
2014-04-23,1635.5242919921875
2014-04-24,1635.5242919921875
2014-04-25,1638.0386962890625
2014-04-28,1616.0196533203125
2014-04-29,1588.3370361328125
2014-04-30,1588.125
2014-05-02,1583.2818603515625
2014-05-05,1582.72607421875
2014-05-06,1567.3236083984375
2014-05-07,1543.557861328125
2014-05-08,1570.04931640625
2014-05-09,1562.87744140625
2014-05-12,1563.1689453125
2014-05-13,1591.2218017578125
2014-05-14,1603.3690185546875
2014-05-15,1561.28955078125
2014-05-16,1540.2760009765625
2014-05-19,1486.0223388671875
2014-05-20,1489.0126953125
2014-05-21,1541.4140625
2014-05-22,1523.8944091796875
2014-05-23,1529.9283447265625
2014-05-26,1510.0262451171875
2014-05-27,1500.8162841796875
2014-05-28,1548.7713623046875
2014-05-29,1507.7237548828125
2014-05-30,1498.0108642578125
2014-06-02,1508.6500244140625
2014-06-03,1498.6988525390625
2014-06-04,1495.5498046875
2014-06-05,1535.353271484375
2014-06-06,1550.9681396484375
2014-06-09,1558.3515625
2014-06-10,1563.777099609375
2014-06-11,1566.8736572265625
2014-06-12,1576.26904296875
2014-06-13,1561.5274658203125
2014-06-16,1550.7828369140625
2014-06-17,1548.2154541015625
2014-06-18,1539.8525390625
2014-06-19,1556.3934326171875
2014-06-20,1541.4140625
2014-06-23,1539.8260498046875
2014-06-24,1560.998291015625
2014-06-25,1567.66748046875
2014-06-26,1572.642822265625
2014-06-27,1610.8321533203125
2014-06-30,1657.702392578125
2014-07-01,1640.0499267578125
2014-07-02,1737.7862548828125
2014-07-03,1704.492919921875
2014-07-04,1689.116455078125
2014-07-07,1703.3548583984375
2014-07-08,1643.887451171875
2014-07-09,1638.7532958984375
2014-07-10,1629.093505859375
2014-07-11,1628.0875244140625
2014-07-14,1643.0142822265625
2014-07-15,1629.9666748046875
2014-07-16,1671.622802734375
2014-07-17,1680.330078125
2014-07-18,1685.5968017578125
2014-07-21,1702.057861328125
2014-07-22,1725.638427734375
2014-07-23,1728.4437255859375
2014-07-24,1726.3001708984375
2014-07-25,1700.814208984375
2014-07-28,1731.9375
2014-07-30,1752.659423828125
2014-07-31,1754.432861328125
2014-08-01,1747.604736328125
2014-08-04,1805.3251953125
2014-08-05,1794.712890625
2014-08-06,1812.5767822265625
2014-08-07,1786.7467041015625
2014-08-08,1822.024658203125
2014-08-11,1824.7508544921875
2014-08-12,1805.7222900390625
2014-08-13,1824.35400390625
2014-08-14,1809.771484375
2014-08-18,1827.84716796875
2014-08-19,1836.47509765625
2014-08-20,1839.9949951171875
2014-08-21,1855.5296630859373
2014-08-22,1880.5130615234373
2014-08-25,1872.8116455078125
2014-08-26,1881.28076171875
2014-08-27,1922.6722412109373
2014-08-28,1908.883544921875
2014-09-01,1922.5662841796875
2014-09-02,1933.9727783203125
2014-09-03,1911.3448486328125
2014-09-04,1918.6494140625
2014-09-05,1899.3297119140625
2014-09-08,1912.6947021484373
2014-09-09,1915.57958984375
2014-09-10,1924.7100830078125
2014-09-11,1955.8592529296875
2014-09-12,2083.951171875
2014-09-15,2120.790771484375
2014-09-16,2091.599609375
2014-09-17,2106.15576171875
2014-09-18,2115.550537109375
2014-09-19,2120.26123046875
2014-09-22,2106.975830078125
2014-09-23,2096.918701171875
2014-09-24,2080.664794921875
2014-09-25,2072.37109375
2014-09-26,2051.53271484375
2014-09-29,2059.916259765625
2014-09-30,2074.301513671875
2014-10-01,2105.695068359375
2014-10-07,2077.015380859375
2014-10-08,2068.179443359375
2014-10-09,2041.490478515625
2014-10-10,2015.313720703125
2014-10-13,1975.687255859375
2014-10-14,1938.47314453125
2014-10-15,1938.47314453125
2014-10-16,1933.467041015625
2014-10-17,1917.9967041015625
2014-10-20,1937.1163330078125
2014-10-21,1929.0645751953125
2014-10-22,1916.2474365234373
2014-10-27,1931.989501953125
2014-10-28,1994.354736328125
2014-10-29,2041.9422607421875
2014-10-30,2010.0966796875
2014-10-31,2040.5252685546875
2014-11-03,2047.431396484375
2014-11-05,2047.5516357421875
2014-11-07,2013.71533203125
2014-11-10,2010.066162109375
2014-11-11,2000.7779541015625
2014-11-12,1952.28515625
2014-11-13,1962.629150390625
2014-11-14,1990.91650390625
2014-11-17,2002.1956787109373
2014-11-18,1966.2783203125
2014-11-19,1960.1563720703125
2014-11-20,1983.98046875
2014-11-21,1990.1624755859373
2014-11-24,1993.1783447265625
2014-11-25,1991.580078125
2014-11-26,1971.0430908203125
2014-11-27,1999.1495361328125
2014-11-28,2017.6055908203125
2014-12-01,2077.34716796875
2014-12-02,2083.800537109375
2014-12-03,2078.824462890625
2014-12-04,2123.75927734375
2014-12-05,2081.177001953125
2014-12-08,2012.5091552734373
2014-12-09,1986.4532470703125
2014-12-10,1990.7960205078125
2014-12-11,1983.5888671875
2014-12-12,1964.0164794921875
2014-12-15,1962.84033203125
2014-12-16,1973.5162353515625
2014-12-17,1945.6807861328125
2014-12-18,1954.0645751953125
2014-12-19,2004.60791015625
2014-12-22,2028.5230712890625
2014-12-23,2018.9627685546875
2014-12-24,2011.121826171875
2014-12-26,2010.639404296875
2014-12-29,2047.762939453125
2014-12-30,2027.648193359375
2014-12-31,2028.1005859375
2015-01-01,2025.14501953125
2015-01-02,2057.413330078125
2015-01-05,2054.06591796875
2015-01-06,1990.735595703125
2015-01-07,1990.7960205078125
2015-01-08,2005.5430908203125
2015-01-09,1983.8599853515625
2015-01-12,1974.239501953125
2015-01-13,1991.94189453125
2015-01-14,2031.5689697265625
2015-01-15,2033.34814453125
2015-01-16,2017.6055908203125
2015-01-19,2017.9073486328125
2015-01-20,2032.5635986328125
2015-01-21,2032.3828125
2015-01-22,2018.1485595703125
2015-01-23,2003.7333984375
2015-01-27,1985.5186767578125
2015-01-28,1964.1373291015625
2015-01-29,2015.645263671875
2015-01-30,2049.090087890625
2015-02-02,2048.72802734375
2015-02-03,2051.140869140625
2015-02-04,2058.07666015625
2015-02-05,1990.4945068359373
2015-02-06,2001.320556640625
2015-02-09,1976.5015869140625
2015-02-10,1972.189208984375
2015-02-11,1993.2386474609373
2015-02-12,2017.78662109375
2015-02-13,2076.864501953125
2015-02-16,2022.67236328125
2015-02-18,2031.5384521484373
2015-02-19,2016.459716796875
2015-02-20,1990.97705078125
2015-02-23,1972.8223876953125
2015-02-24,1971.194091796875
2015-02-25,1967.001953125
2015-02-26,1965.192626953125
2015-02-27,1966.5498046875
2015-03-02,2034.8258056640625
2015-03-03,2036.122314453125
2015-03-04,2020.380126953125
2015-03-05,2007.8951416015625
2015-03-09,2001.652587890625
2015-03-10,2001.652587890625
2015-03-11,1992.1529541015625
2015-03-12,1989.318115234375
2015-03-13,1978.31103515625
2015-03-16,1979.7886962890625
2015-03-17,1984.674072265625
2015-03-18,1969.294189453125
2015-03-19,1966.8511962890625
2015-03-20,1958.7393798828125
2015-03-23,1934.432373046875
2015-03-24,1929.7276611328125
2015-03-25,1920.439453125
2015-03-26,1944.203125
2015-03-27,1957.89453125
2015-03-30,1963.32275390625
2015-03-31,1966.2783203125
2015-04-01,1962.7196044921875
2015-04-06,1948.0933837890625
2015-04-07,2026.35107421875
2015-04-08,2013.77587890625
2015-04-09,2029.4876708984373
2015-04-10,2022.12939453125
2015-04-13,2070.6220703125
2015-04-15,2028.130859375
2015-04-16,2063.113037109375
2015-04-17,2023.2757568359373
2015-04-20,1988.8360595703125
2015-04-21,1994.26416015625
2015-04-22,1985.4278564453125
2015-04-23,1988.8360595703125
2015-04-24,1962.1168212890625
2015-04-27,1916.5792236328125
2015-04-28,1925.8375244140625
2015-04-29,2003.2210693359373
2015-04-30,1999.8433837890625
2015-05-04,2020.1688232421875
2015-05-05,2038.0224609375
2015-05-06,2021.7373046875
2015-05-07,2030.422607421875
2015-05-08,2040.736328125
2015-05-11,2045.9537353515625
2015-05-12,2096.134765625
2015-05-13,2098.637939453125
2015-05-14,2121.7685546875
2015-05-15,2108.37890625
2015-05-18,2101.92529296875
2015-05-19,2116.009033203125
2015-05-20,2152.28759765625
2015-05-21,2159.585693359375
2015-05-22,2189.7734375
2015-05-25,2161.364990234375
2015-05-26,2164.53173828125
2015-05-27,2167.3662109375
2015-05-28,2189.199951171875
2015-05-29,2190.014404296875
2015-06-01,2167.27587890625
2015-06-02,2138.686767578125
2015-06-03,2122.583251953125
2015-06-04,2108.650146484375
2015-06-05,2090.767333984375
2015-06-08,2075.266357421875
2015-06-09,2107.323486328125
2015-06-10,2116.64208984375
2015-06-11,2129.519287109375
2015-06-12,2178.192626953125
2015-06-15,2146.195556640625
2015-06-16,2181.93212890625
2015-06-17,2264.59326171875
2015-06-18,2267.880615234375
2015-06-19,2243.42236328125
2015-06-22,2259.798095703125
2015-06-23,2272.524658203125
2015-06-24,2272.102294921875
2015-06-25,2277.1083984375
2015-06-26,2261.33642578125
2015-06-29,2233.711669921875
2015-06-30,2279.943115234375
2015-07-01,2319.871337890625
2015-07-02,2368.15283203125
2015-07-03,2338.99072265625
2015-07-06,2359.467529296875
2015-07-07,2350.088623046875
2015-07-08,2340.890625
2015-07-09,2290.769775390625
2015-07-10,2280.938232421875
2015-07-13,2319.9619140625
2015-07-14,2302.500732421875
2015-07-15,2306.18017578125
2015-07-16,2308.170166015625
2015-07-17,2319.147705078125
2015-07-20,2334.1962890625
2015-07-21,2308.501953125
2015-07-22,2325.540771484375
2015-07-23,2373.822021484375
2015-07-24,2332.959228515625
2015-07-27,2351.355224609375
2015-07-28,2367.489501953125
2015-07-29,2393.273681640625
2015-07-30,2379.703369140625
2015-07-31,2440.62060546875
2015-08-03,2481.513671875
2015-08-04,2572.166259765625
2015-08-05,2557.5400390625
2015-08-06,2540.320068359375
2015-08-07,2569.2412109375
2015-08-10,2565.923828125
2015-08-11,2556.453857421875
2015-08-12,2532.328369140625
2015-08-13,2511.399658203125
2015-08-14,2535.223876953125
2015-08-17,2554.58447265625
2015-08-18,2647.13671875
2015-08-19,2627.4443359375
2015-08-20,2603.19775390625
2015-08-21,2639.024658203125
2015-08-24,2455.51806640625
2015-08-25,2473.00927734375
2015-08-26,2453.889892578125
2015-08-27,2468.003173828125
2015-08-28,2448.401123046875
2015-08-31,2500.421875
2015-09-01,2471.77294921875
2015-09-02,2453.04541015625
2015-09-03,2472.293212890625
2015-09-04,2378.95751953125
2015-09-07,2340.20947265625
2015-09-08,2322.918212890625
2015-09-09,2392.935546875
2015-09-10,2423.51123046875
2015-09-11,2404.295166015625
2015-09-14,2398.80419921875
2015-09-15,2348.918212890625
2015-09-16,2394.48193359375
2015-09-18,2370.97412109375
2015-09-21,2351.379638671875
2015-09-22,2391.92578125
2015-09-23,2386.435546875
2015-09-24,2433.8291015625
2015-09-28,2429.1904296875
2015-09-29,2426.098388671875
2015-09-30,2490.089111328125
2015-10-01,2482.20068359375
2015-10-05,2509.68408203125
2015-10-06,2513.06005859375
2015-10-07,2518.8662109375
2015-10-08,2528.553466796875
2015-10-09,2517.004638671875
2015-10-12,2470.336669921875
2015-10-13,2436.921630859375
2015-10-14,2441.3388671875
2015-10-15,2470.5888671875
2015-10-16,2475.25927734375
2015-10-19,2497.1572265625
2015-10-20,2488.480224609375
2015-10-21,2477.184326171875
2015-10-23,2515.994873046875
2015-10-26,2495.04345703125
2015-10-27,2467.055419921875
2015-10-28,2505.235107421875
2015-10-29,2452.5087890625
2015-10-30,2448.6591796875
2015-11-02,2489.521484375
2015-11-03,2544.2353515625
2015-11-04,2516.026611328125
2015-11-05,2458.946044921875
2015-11-06,2490.43701171875
2015-11-09,2521.73779296875
2015-11-10,2481.348876953125
2015-11-13,2450.74169921875
2015-11-16,2481.6015625
2015-11-17,2465.193603515625
2015-11-18,2442.88525390625
2015-11-19,2453.171875
2015-11-20,2443.92626953125
2015-11-23,2422.2802734375
2015-11-24,2443.83154296875
2015-11-26,2419.5986328125
2015-11-27,2441.18115234375
2015-11-30,2411.994140625
2015-12-01,2470.052490234375
2015-12-02,2435.943359375
2015-12-03,2411.710205078125
2015-12-04,2410.8896484375
2015-12-07,2392.74609375
2015-12-08,2398.61572265625
2015-12-09,2322.7919921875
2015-12-10,2395.964599609375
2015-12-11,2358.321044921875
2015-12-14,2372.67822265625
2015-12-15,2396.091064453125
2015-12-16,2393.59814453125
2015-12-17,2411.33154296875
2015-12-18,2413.098388671875
2015-12-21,2418.93603515625
2015-12-22,2405.65185546875
2015-12-23,2400.91845703125
2015-12-24,2386.814208984375
2015-12-28,2378.673095703125
2015-12-29,2377.4111328125
2015-12-30,2366.4619140625
2015-12-31,2355.54443359375
2016-01-01,2399.18310546875
2016-01-04,2364.25341796875
2016-01-05,2359.867431640625
2016-01-06,2358.47900390625
2016-01-07,2326.8623046875
2016-01-08,2339.6728515625
2016-01-11,2328.124267578125
2016-01-12,2351.2216796875
2016-01-13,2327.808837890625
2016-01-14,2322.53955078125
2016-01-15,2281.077880859375
2016-01-18,2239.111328125
2016-01-19,2228.509765625
2016-01-20,2231.570068359375
2016-01-21,2226.96337890625
2016-01-22,2282.46630859375
2016-01-25,2337.05419921875
2016-01-27,2328.53466796875
2016-01-28,2274.07275390625
2016-01-29,2296.91796875
2016-02-01,2302.376708984375
2016-02-02,2366.525146484375
2016-02-03,2295.718994140625
2016-02-04,2280.068115234375
2016-02-05,2310.643310546875
2016-02-08,2279.5947265625
2016-02-09,2240.783935546875
2016-02-10,2181.589111328125
2016-02-11,2091.219482421875
2016-02-12,2156.9453125
2016-02-15,2156.630126953125
2016-02-16,2064.146240234375
2016-02-17,2059.949951171875
2016-02-18,2076.389404296875
2016-02-19,2050.64111328125
2016-02-22,2053.638916015625
2016-02-23,2036.5369873046875
2016-02-24,2007.5390625
2016-02-25,1971.4097900390625
2016-02-26,1994.7596435546875
2016-02-29,2030.32080078125
2016-03-01,2068.81640625
2016-03-02,2074.495849609375
2016-03-03,2085.886962890625
2016-03-04,2176.06689453125
2016-03-08,2204.875732421875
2016-03-09,2166.1279296875
2016-03-10,2130.15625
2016-03-11,2113.5595703125
2016-03-14,2111.855224609375
2016-03-15,2106.932861328125
2016-03-16,2103.556640625
2016-03-17,2142.083984375
2016-03-18,2177.708251953125
2016-03-21,2200.111083984375
2016-03-22,2212.51171875
2016-03-23,2255.83447265625
2016-03-28,2192.822265625
2016-03-29,2219.295654296875
2016-03-30,2244.380615234375
2016-03-31,2227.310546875
2016-04-01,2225.8271484375
2016-04-04,2245.6748046875
2016-04-05,2232.83203125
2016-04-06,2246.5576171875
2016-04-07,2246.58984375
2016-04-08,2245.39111328125
2016-04-11,2245.07470703125
2016-04-12,2248.924560546875
2016-04-13,2251.228271484375
2016-04-18,2295.65576171875
2016-04-20,2292.815673828125
2016-04-21,2276.344970703125
2016-04-22,2278.143310546875
2016-04-25,2267.4462890625
2016-04-26,2241.288330078125
2016-04-27,2241.66748046875
2016-04-28,2267.478271484375
2016-04-29,2277.133544921875
2016-05-02,2293.920166015625
2016-05-03,2256.2763671875
2016-05-04,2245.83251953125
2016-05-05,2211.31298828125
2016-05-06,2253.279296875
2016-05-09,2213.552978515625
2016-05-10,2187.710205078125
2016-05-11,2208.8515625
2016-05-12,2198.596435546875
2016-05-13,2198.4384765625
2016-05-16,2173.29052734375
2016-05-17,2159.59619140625
2016-05-18,2201.846435546875
2016-05-19,2215.351318359375
2016-05-20,2154.168701171875
2016-05-23,2137.729248046875
2016-05-24,2108.06884765625
2016-05-25,2142.3994140625
2016-05-26,2187.0791015625
2016-05-27,2200.39501953125
2016-05-30,2197.96533203125
2016-05-31,2187.33203125
2016-06-01,2199.606689453125
2016-06-02,2165.686279296875
2016-06-03,2186.543212890625
2016-06-06,2170.4189453125
2016-06-07,2173.384765625
2016-06-08,2160.1640625
2016-06-09,2158.68115234375
2016-06-10,2145.5234375
2016-06-13,2141.137451171875
2016-06-14,2153.222412109375
2016-06-15,2191.5283203125
2016-06-16,2179.85400390625
2016-06-17,2143.88232421875
2016-06-20,2166.285400390625
2016-06-21,2188.562744140625
2016-06-22,2199.447998046875
2016-06-23,2183.167236328125
2016-06-24,2142.809814453125
2016-06-27,2141.137451171875
2016-06-28,2148.268310546875
2016-06-29,2174.30029296875
2016-06-30,2186.19580078125
2016-07-01,2183.167236328125
2016-07-04,2193.263916015625
2016-07-05,2218.98046875
2016-07-07,2256.055419921875
2016-07-08,2236.744873046875
2016-07-11,2234.6943359375
2016-07-12,2202.6982421875
2016-07-13,2231.47509765625
2016-07-14,2217.686279296875
2016-07-15,2224.438720703125
2016-07-18,2252.395263671875
2016-07-19,2259.96826171875
2016-07-20,2290.259765625
2016-07-21,2304.396240234375
2016-07-22,2256.686767578125
2016-07-25,2253.342041015625
2016-07-26,2252.837646484375
2016-07-27,2242.266845703125
2016-07-28,2350.116943359375
2016-07-29,2326.10498046875
2016-08-01,2258.201904296875
2016-08-02,2251.890869140625
2016-08-03,2260.536376953125
2016-08-04,2242.960693359375
2016-08-05,2316.79638671875
2016-08-08,2325.60009765625
2016-08-09,2332.3525390625
2016-08-10,2343.08056640625
2016-08-11,2333.772705078125
2016-08-12,2344.5634765625
2016-08-16,2319.573486328125
2016-08-17,2331.15380859375
2016-08-18,2321.75048828125
2016-08-19,2309.854736328125
2016-08-22,2293.3837890625
2016-08-23,2304.90087890625
2016-08-24,2301.398193359375
2016-08-25,2287.735595703125
2016-08-26,2279.878662109375
2016-08-29,2250.7548828125
2016-08-30,2257.636962890625
2016-08-31,2244.294189453125
2016-09-01,2238.061279296875
2016-09-02,2242.054443359375
2016-09-06,2231.47119140625
2016-09-07,2214.36279296875
2016-09-08,2176.380126953125
2016-09-09,2162.77783203125
2016-09-12,2192.4169921875
2016-09-14,2186.31396484375
2016-09-15,2179.950927734375
2016-09-16,2188.911376953125
2016-09-19,2187.158203125
2016-09-20,2191.9951171875
2016-09-21,2184.917724609375
2016-09-22,2187.222900390625
2016-09-23,2184.885498046875
2016-09-26,2150.473876953125
2016-09-27,2137.71533203125
2016-09-28,2145.085205078125
2016-09-29,2071.26220703125
2016-09-30,2092.493408203125
2016-10-03,2121.93798828125
2016-10-04,2161.478515625
2016-10-05,2145.506591796875
2016-10-06,2134.79345703125
2016-10-07,2120.21728515625
2016-10-10,2144.9873046875
2016-10-13,2119.69775390625
2016-10-14,2098.8564453125
2016-10-17,2094.86279296875
2016-10-18,2115.834716796875
2016-10-19,2148.785888671875
2016-10-20,2140.0205078125
2016-10-21,2136.027587890625
2016-10-24,2096.194091796875
2016-10-25,2085.935302734375
2016-10-26,2087.104248046875
2016-10-27,2073.923828125
2016-10-28,2074.41064453125
2016-11-01,2076.390869140625
2016-11-02,2074.8330078125
2016-11-03,2066.846923828125
2016-11-04,2083.370849609375
2016-11-07,2076.650634765625
2016-11-08,2092.493408203125
2016-11-09,2034.8697509765625
2016-11-10,2049.93310546875
2016-11-11,2040.161376953125
2016-11-15,1995.58837890625
2016-11-16,1988.7386474609373
2016-11-17,1946.37353515625
2016-11-18,1960.787353515625
2016-11-21,1918.583984375
2016-11-22,1861.86962890625
2016-11-23,1868.0701904296875
2016-11-24,1921.0836181640625
2016-11-25,1978.2203369140625
2016-11-28,1984.7135009765625
2016-11-29,1990.037109375
2016-11-30,1983.9019775390625
2016-12-01,1969.8446044921875
2016-12-02,1953.4180908203125
2016-12-05,1967.34521484375
2016-12-06,1971.2728271484373
2016-12-07,1993.8677978515625
2016-12-08,2025.5850830078125
2016-12-09,2052.627197265625
2016-12-12,2036.16796875
2016-12-13,2035.1619873046875
2016-12-14,2042.7261962890625
2016-12-15,2048.082275390625
2016-12-16,2065.126220703125
2016-12-19,2055.90625
2016-12-20,2051.263916015625
2016-12-21,2064.1845703125
2016-12-22,2065.28857421875
2016-12-23,2079.150634765625
2016-12-26,2033.6688232421875
2016-12-27,2047.368408203125
2016-12-28,2023.1502685546875
2016-12-29,2018.7030029296875
2016-12-30,2029.5133056640625
2017-01-02,2070.35302734375
2017-01-03,2055.808837890625
2017-01-04,2099.11572265625
2017-01-05,2087.396728515625
2017-01-06,2038.375732421875
2017-01-09,2018.4432373046875
2017-01-10,2025.130615234375
2017-01-11,2049.056640625
2017-01-12,2081.196044921875
2017-01-13,2111.8740234375
2017-01-16,2116.614013671875
2017-01-17,2131.839599609375
2017-01-18,2118.27001953125
2017-01-19,2125.996337890625
2017-01-20,2110.6083984375
2017-01-23,2143.75390625
2017-01-24,2151.447998046875
2017-01-25,2174.6591796875
2017-01-27,2179.62646484375
2017-01-30,2167.84228515625
2017-01-31,2155.2783203125
2017-02-01,2150.18115234375
2017-02-02,2287.27685546875
2017-02-03,2349.607421875
2017-02-06,2389.635498046875
2017-02-07,2362.3984375
2017-02-08,2316.81884765625
2017-02-09,2393.952880859375
2017-02-10,2404.406494140625
2017-02-13,2374.636962890625
2017-02-14,2368.92333984375
2017-02-15,2337.758056640625
2017-02-16,2354.08740234375
2017-02-17,2346.361083984375
2017-02-20,2386.064453125
2017-02-21,2374.182373046875
2017-02-22,2364.313720703125
2017-02-23,2403.886962890625
2017-02-27,2411.3212890625
2017-02-28,2428.202392578125
2017-03-01,2421.77490234375
2017-03-02,2364.573486328125
2017-03-03,2424.9560546875
2017-03-06,2429.631103515625
2017-03-07,2438.42822265625
2017-03-08,2493.292724609375
2017-03-09,2554.681884765625
2017-03-10,2531.048095703125
2017-03-14,2554.0
2017-03-15,2544.585693359375
2017-03-16,2560.492919921875
2017-03-17,2525.20458984375
2017-03-20,2533.6455078125
2017-03-21,2521.503662109375
2017-03-22,2481.60546875
2017-03-23,2484.4951171875
2017-03-24,2481.18359375
2017-03-27,2452.0634765625
2017-03-28,2468.75
2017-03-29,2450.245361328125
2017-03-30,2455.7646484375
2017-03-31,2477.482666015625
2017-04-03,2458.00439453125
2017-04-05,2495.435302734375
2017-04-06,2525.853759765625
2017-04-07,2485.436279296875
2017-04-10,2414.56787109375
2017-04-11,2428.202392578125
2017-04-12,2425.28076171875
2017-04-13,2429.079345703125
2017-04-17,2425.4755859375
2017-04-18,2446.38232421875
2017-04-19,2418.334228515625
2017-04-20,2457.329833984375
2017-04-21,2443.900634765625
2017-04-24,2443.594970703125
2017-04-25,2471.982666015625
2017-04-26,2465.591064453125
2017-04-27,2427.139892578125
2017-04-28,2419.013916015625
2017-05-02,2469.432861328125
2017-05-03,2498.5009765625
2017-05-04,2544.83984375
2017-05-05,2515.567626953125
2017-05-08,2557.55517578125
2017-05-09,2568.876220703125
2017-05-10,2552.863525390625
2017-05-11,2575.200439453125
2017-05-12,2561.77099609375
2017-05-15,2545.65576171875
2017-05-16,2638.09619140625
2017-05-17,2565.170654296875
2017-05-18,2566.258544921875
2017-05-19,2501.390869140625
2017-05-22,2454.473388671875
2017-05-23,2449.7138671875
2017-05-24,2414.79833984375
2017-05-25,2417.382080078125
2017-05-26,2418.8779296875
2017-05-29,2424.861572265625
2017-05-30,2407.625
2017-05-31,2396.8134765625
2017-06-01,2430.947265625
2017-06-02,2467.359130859375
2017-06-05,2501.56103515625
2017-06-06,2490.74951171875
2017-06-07,2507.714599609375
2017-06-08,2512.27001953125
2017-06-09,2501.220703125
2017-06-12,2491.05517578125
2017-06-13,2487.451904296875
2017-06-14,2472.0166015625
2017-06-15,2466.3046875
2017-06-16,2517.743896484375
2017-06-19,2489.25341796875
2017-06-20,2482.9638671875
2017-06-21,2489.28759765625
2017-06-22,2491.905517578125
2017-06-23,2453.216064453125
2017-06-27,2433.80322265625
2017-06-28,2440.500732421875
2017-06-29,2434.0068359375
2017-06-30,2454.26953125
2017-07-03,2434.244873046875
2017-07-04,2431.899169921875
2017-07-05,2460.525390625
2017-07-06,2468.6513671875
2017-07-07,2457.669189453125
2017-07-10,2463.279296875
2017-07-11,2469.500732421875
2017-07-12,2503.0908203125
2017-07-13,2513.969970703125
2017-07-14,2502.00244140625
2017-07-17,2499.656982421875
2017-07-18,2492.109375
2017-07-19,2510.978271484375
2017-07-20,2478.1025390625
2017-07-21,2501.0849609375
2017-07-24,2501.0849609375
2017-07-25,2468.68505859375
2017-07-26,2459.131591796875
2017-07-27,2457.907470703125
2017-07-28,2450.18994140625
2017-07-31,2463.245361328125
2017-08-01,2458.111572265625
2017-08-02,2474.362548828125
2017-08-03,2458.5537109375
2017-08-04,2450.05419921875
2017-08-07,2444.6142578125
2017-08-08,2426.493408203125
2017-08-09,2415.818115234375
2017-08-10,2342.757080078125
2017-08-11,2350.6103515625
2017-08-14,2441.792724609375
2017-08-16,2422.515869140625
2017-08-17,2385.560302734375
2017-08-18,2333.951416015625
2017-08-21,2323.98974609375
2017-08-22,2325.6220703125
2017-08-23,2335.71923828125
2017-08-24,2336.535400390625
2017-08-28,2356.185791015625
2017-08-29,2350.2705078125
2017-08-30,2329.02197265625
2017-08-31,2326.404052734375
2017-09-01,2363.155517578125
2017-09-04,2435.536865234375
2017-09-05,2385.05029296875
2017-09-06,2403.3408203125
2017-09-07,2404.802734375
2017-09-08,2411.364501953125
2017-09-11,2385.356201171875
2017-09-12,2346.598388671875
2017-09-13,2341.2607421875
2017-09-14,2352.854248046875
2017-09-15,2405.8564453125
2017-09-18,2424.759521484375
2017-09-19,2442.8466796875
2017-09-20,2426.459716796875
2017-09-21,2403.85107421875
2017-09-22,2381.650146484375
2017-09-25,2365.671630859375
2017-09-26,2390.999755859375
2017-09-27,2410.922607421875
2017-09-28,2443.28857421875
2017-09-29,2471.472412109375
2017-10-03,2466.03271484375
2017-10-04,2470.04443359375
2017-10-05,2450.665771484375
2017-10-06,2446.790283203125
2017-10-09,2405.27880859375
2017-10-10,2403.81689453125
2017-10-11,2384.30224609375
2017-10-12,2434.14306640625
2017-10-13,2442.948486328125
2017-10-16,2448.014404296875
2017-10-17,2409.256591796875
2017-10-18,2437.44091796875
2017-10-19,2414.4921875
2017-10-23,2385.8662109375
2017-10-24,2394.3994140625
2017-10-25,2430.777099609375
2017-10-26,2392.291748046875
2017-10-27,2397.323486328125
2017-10-30,2394.195556640625
2017-10-31,2379.33837890625
2017-11-01,2401.879150390625
2017-11-02,2402.865234375
2017-11-03,2418.67431640625
2017-11-06,2395.657470703125
2017-11-07,2478.1025390625
2017-11-08,2485.241943359375
2017-11-09,2492.211181640625
2017-11-10,2475.416015625
2017-11-13,2477.932373046875
2017-11-14,2474.974365234375
2017-11-15,2468.038818359375
2017-11-16,2480.85595703125
2017-11-17,2480.991943359375
2017-11-20,2490.919677734375
2017-11-21,2517.675537109375
2017-11-22,2514.582275390625
2017-11-23,2517.335693359375
2017-11-24,2524.577392578125
2017-11-27,2509.108642578125
2017-11-28,2518.049560546875
2017-11-29,2543.98974609375
2017-11-30,2511.79443359375
2017-12-01,2519.1376953125
2017-12-04,2540.998291015625
2017-12-05,2552.251708984375
2017-12-06,2529.337158203125
2017-12-07,2536.408447265625
2017-12-08,2570.100830078125
2017-12-11,2630.34423828125
2017-12-12,2620.281494140625
2017-12-13,2624.463134765625
2017-12-14,2651.729248046875
2017-12-15,2658.4267578125
2017-12-18,2682.361328125
2017-12-19,2776.093505859375
2017-12-20,2748.0791015625
2017-12-21,2760.318359375
2017-12-22,2706.057861328125
2017-12-26,2726.21826171875
2017-12-27,2735.431640625
2017-12-28,2761.677978515625
2017-12-29,2786.496826171875
2018-01-01,2765.213623046875
2018-01-02,2719.9970703125
2018-01-03,2830.693603515625
2018-01-04,2761.134521484375
2018-01-05,2788.9443359375
2018-01-08,2794.825927734375
2018-01-09,2754.538818359375
2018-01-10,2785.986572265625
2018-01-11,2820.05224609375
2018-01-12,2805.025390625
2018-01-15,2766.369873046875
2018-01-16,2781.73681640625
2018-01-17,2785.238525390625
2018-01-18,2737.94775390625
2018-01-19,2783.777099609375
2018-01-22,2861.2578125
2018-01-23,2887.0625
2018-01-24,2915.246337890625
2018-01-25,2876.7607421875
2018-01-29,2859.999755859375
2018-01-30,2802.33984375
2018-01-31,2844.020751953125
2018-02-01,2861.223876953125
2018-02-02,2850.922607421875
2018-02-05,2878.86865234375
2018-02-06,2838.037353515625
2018-02-07,2785.646728515625
2018-02-08,2782.927001953125
2018-02-09,2766.845703125
2018-02-12,2755.66064453125
2018-02-14,2729.58447265625
2018-02-15,2742.87744140625
2018-02-16,2749.405029296875
2018-02-19,2720.40478515625
2018-02-20,2756.78271484375
2018-02-21,2769.293701171875
2018-02-22,2781.43115234375
2018-02-23,2741.789794921875
2018-02-26,2720.74462890625
2018-02-27,2632.31640625
2018-02-28,2680.117431640625
2018-03-01,2621.607421875
2018-03-05,2556.09326171875
2018-03-06,2559.153076171875
2018-03-07,2603.962158203125
2018-03-08,2632.41845703125
2018-03-09,2646.459716796875
2018-03-12,2675.187744140625
2018-03-13,2673.65771484375
2018-03-14,2679.471435546875
2018-03-15,2667.265869140625
2018-03-16,2643.90966796875
2018-03-19,2638.266357421875
2018-03-20,2582.373291015625
2018-03-21,2603.384521484375
2018-03-22,2594.748779296875
2018-03-23,2581.931640625
2018-03-26,2548.8515625
2018-03-27,2562.14453125
2018-03-28,2546.67578125
2018-04-02,2677.975341796875
2018-04-03,2740.837646484375
2018-04-04,2667.60595703125
2018-04-05,2664.614501953125
2018-04-06,2636.940185546875
2018-04-09,2671.82177734375
2018-04-10,2671.31201171875
2018-04-11,2683.381103515625
2018-04-12,2725.844482421875
2018-04-13,2740.769775390625
2018-04-16,2812.87939453125
2018-04-17,2797.37548828125
2018-04-18,2804.95751953125
2018-04-19,2816.992431640625
2018-04-20,2927.927490234375
2018-04-23,2886.348388671875
2018-04-24,2856.838134765625
2018-04-25,2881.99658203125
2018-04-26,2848.202392578125
2018-04-27,2936.325439453125
2018-04-30,2930.681640625
2018-05-02,2861.02001953125
2018-05-03,2904.0615234375
2018-05-04,2839.193115234375
2018-05-07,2881.89453125
2018-05-08,2872.953369140625
2018-05-09,2903.0751953125
2018-05-10,2875.19677734375
2018-05-11,2799.82373046875
2018-05-14,2791.732177734375
2018-05-15,2702.521728515625
2018-05-16,2719.044921875
2018-05-17,2710.91943359375
2018-05-18,2626.0947265625
2018-05-21,2597.264404296875
2018-05-22,2577.06982421875
2018-05-23,2604.812255859375
2018-05-24,2648.49951171875
2018-05-25,2637.687744140625
2018-05-28,2620.48486328125
2018-05-29,2590.05712890625
2018-05-30,2559.22119140625
2018-05-31,2681.0009765625
2018-06-01,2599.644775390625
2018-06-04,2562.994873046875
2018-06-05,2531.138671875
2018-06-06,2561.56689453125
2018-06-07,2606.035888671875
2018-06-08,2617.458984375
2018-06-11,2686.271240234375
2018-06-12,2712.21142578125
2018-06-13,2720.098876953125
2018-06-14,2725.74267578125
2018-06-15,2793.16015625
2018-06-18,2823.350341796875
2018-06-19,2798.19189453125
2018-06-20,2756.612548828125
2018-06-21,2752.36328125
2018-06-22,2774.733642578125
2018-06-25,2741.38134765625
2018-06-26,2760.21630859375
2018-06-27,2756.442626953125
2018-06-28,2827.396484375
2018-06-29,2770.619873046875
2018-07-02,2753.994873046875
2018-07-03,2722.478515625
2018-07-04,2666.144287109375
2018-07-05,2631.466552734375
2018-07-06,2569.7265625
2018-07-09,2645.167724609375
2018-07-10,2694.90673828125
2018-07-11,2654.755126953125
2018-07-12,2640.986083984375
2018-07-13,2677.873779296875
2018-07-16,2663.62841796875
2018-07-17,2639.3203125
2018-07-18,2680.25341796875
2018-07-19,2628.2705078125
2018-07-20,2640.44189453125
2018-07-23,2643.705810546875
2018-07-24,2626.673095703125
2018-07-25,2639.1162109375
2018-07-26,2639.830078125
2018-07-27,2661.894287109375
2018-07-30,2660.330810546875
2018-07-31,2637.075927734375
2018-08-01,2622.524658203125
2018-08-02,2631.738525390625
2018-08-03,2700.244384765625
2018-08-06,2748.151611328125
2018-08-07,2752.334228515625
2018-08-08,2752.580322265625
2018-08-09,2761.367431640625
2018-08-10,2738.27490234375
2018-08-13,2769.240478515625
2018-08-14,2824.458740234375
2018-08-16,2827.16552734375
2018-08-17,2837.498779296875
2018-08-20,2850.36328125
2018-08-21,2841.751953125
2018-08-23,2872.436279296875
2018-08-24,2874.720947265625
2018-08-27,2874.053466796875
2018-08-28,2910.53759765625
2018-08-29,2923.331298828125
2018-08-30,2932.716064453125
2018-08-31,2924.491455078125
2018-09-03,2891.76806640625
2018-09-04,2777.7109375
2018-09-05,2843.40380859375
2018-09-06,2863.29736328125
2018-09-07,2928.076416015625
2018-09-10,2920.730224609375
2018-09-11,2947.232177734375
2018-09-12,2999.954833984375
2018-09-14,2989.621337890625
2018-09-17,3156.11962890625
2018-09-18,2994.7529296875
2018-09-19,2886.74169921875
2018-09-21,2820.24072265625
2018-09-24,2863.121826171875
2018-09-25,2883.54345703125
2018-09-26,2784.2138671875
2018-09-27,2800.55810546875
2018-09-28,2753.142333984375
2018-10-01,2817.04248046875
2018-10-03,2842.771240234375
2018-10-04,2788.95849609375
2018-10-05,2825.8642578125
2018-10-08,2739.786376953125
2018-10-09,2780.488037109375
2018-10-10,2793.9150390625
2018-10-11,2739.1884765625
2018-10-12,2763.23046875
2018-10-15,2749.5224609375
2018-10-16,2794.3017578125
2018-10-17,2747.237548828125
2018-10-19,2676.34326171875
2018-10-22,2644.182373046875
2018-10-23,2600.703857421875
2018-10-24,2624.780517578125
2018-10-25,2539.756103515625
2018-10-26,2493.5712890625
2018-10-29,2486.68212890625
2018-10-30,2475.6103515625
2018-10-31,2547.38330078125
2018-11-01,2489.529296875
2018-11-02,2492.270751953125
2018-11-05,2473.150146484375
2018-11-06,2496.27783203125
2018-11-07,2506.294921875
2018-11-09,2500.70654296875
2018-11-12,2483.62451171875
2018-11-13,2468.721435546875
2018-11-14,2425.067138671875
2018-11-15,2447.35107421875
2018-11-16,2512.0244140625
2018-11-19,2453.010009765625
2018-11-20,2418.493896484375
2018-11-21,2407.03564453125
2018-11-22,2412.34326171875
2018-11-26,2396.175048828125
2018-11-27,2387.2822265625
2018-11-28,2443.273681640625
2018-11-29,2394.06591796875
2018-11-30,2417.369873046875
2018-12-03,2412.48388671875
2018-12-04,2504.39697265625
2018-12-05,2504.994384765625
2018-12-06,2505.10009765625
2018-12-07,2516.136474609375
2018-12-10,2442.81689453125
2018-12-11,2473.466552734375
2018-12-12,2557.857666015625
2018-12-13,2534.16748046875
2018-12-14,2553.56982421875
2018-12-17,2518.034423828125
2018-12-18,2562.075439453125
2018-12-19,2581.7939453125
2018-12-20,2587.874755859375
2018-12-21,2574.483154296875
2018-12-24,2573.7802734375
2018-12-26,2504.186279296875
2018-12-27,2575.361572265625
2018-12-28,2573.46337890625
2018-12-31,2606.43310546875
2019-01-01,2621.6875
2019-01-02,2608.682373046875
2019-01-03,2526.927001953125
2019-01-04,2529.422607421875
2019-01-07,2528.0166015625
2019-01-08,2517.75390625
2019-01-09,2530.055419921875
2019-01-10,2555.7138671875
2019-01-11,2556.944091796875
2019-01-14,2545.9775390625
2019-01-15,2574.201904296875
2019-01-16,2588.858642578125
2019-01-17,2597.048095703125
2019-01-18,2541.830322265625
2019-01-21,2589.526611328125
2019-01-22,2590.2998046875
2019-01-23,2649.946533203125
2019-01-24,2668.751220703125
2019-01-25,2606.6083984375
2019-01-28,2620.0703125
2019-01-29,2634.903076171875
2019-01-30,2649.454833984375
2019-01-31,2672.020263671875
2019-02-01,2667.62646484375
2019-02-04,2668.610107421875
2019-02-05,2691.140869140625
2019-02-06,2727.308837890625
2019-02-07,2699.224609375
2019-02-08,2623.40966796875
2019-02-11,2663.127197265625
2019-02-12,2677.714111328125
2019-02-14,2549.7734375
2019-02-15,2553.885986328125
2019-02-18,2485.0654296875
2019-02-19,2450.02197265625
2019-02-20,2449.248779296875
2019-02-21,2435.998046875
2019-02-22,2426.859619140625
2019-02-25,2462.5703125
2019-02-26,2443.238525390625
2019-02-27,2462.359619140625
2019-02-28,2461.691650390625
2019-03-01,2463.76513671875
2019-03-05,2511.742919921875
2019-03-06,2467.772216796875
2019-03-07,2426.33203125
2019-03-08,2425.770263671875
2019-03-11,2419.900146484375
2019-03-12,2431.0419921875
2019-03-13,2404.153564453125
2019-03-14,2376.385986328125
2019-03-15,2359.26904296875
2019-03-18,2353.785888671875
2019-03-19,2356.28125
2019-03-20,2390.551513671875
2019-03-22,2371.28955078125
2019-03-25,2356.562744140625
2019-03-26,2360.7802734375
2019-03-27,2369.21630859375
2019-03-28,2364.01416015625
2019-04-01,2383.205322265625
2019-04-02,2400.462890625
2019-04-03,2466.2607421875
2019-04-04,2498.386962890625
2019-04-05,2500.600830078125
2019-04-08,2509.03662109375
2019-04-09,2509.845458984375
2019-04-10,2501.303955078125
2019-04-11,2496.77001953125
2019-04-12,2498.10546875
2019-04-15,2537.8583984375
2019-04-16,2504.71337890625
2019-04-18,2480.460693359375
2019-04-22,2472.412109375
2019-04-23,2465.24169921875
2019-04-24,2487.59619140625
2019-04-25,2481.374755859375
2019-04-26,2491.42724609375
2019-04-30,2474.31005859375
2019-05-02,2417.61572265625
2019-05-03,2424.574951171875
2019-05-06,2406.1220703125
2019-05-07,2426.121337890625
2019-05-08,2418.458984375
2019-05-09,2426.33203125
2019-05-10,2385.243896484375
2019-05-13,2396.702392578125
2019-05-14,2413.327392578125
2019-05-15,2402.220458984375
2019-05-16,2419.232421875
2019-05-17,2418.248291015625
2019-05-20,2408.969482421875
2019-05-21,2392.203125
2019-05-22,2400.638916015625
2019-05-23,2395.120361328125
2019-05-24,2403.064208984375
2019-05-27,2394.698974609375
2019-05-28,2408.898681640625
2019-05-29,2386.509033203125
2019-05-30,2392.44921875
2019-05-31,2402.923583984375
2019-06-03,2415.365966796875
2019-06-04,2374.06689453125
2019-06-06,2347.14306640625
2019-06-07,2307.56591796875
2019-06-10,2322.85546875
2019-06-11,2324.858642578125
2019-06-12,2329.322509765625
2019-06-13,2296.775146484375
2019-06-14,2272.66357421875
2019-06-17,2266.33642578125
2019-06-18,2292.3818359375
2019-06-19,2253.964599609375
2019-06-20,2280.36083984375
2019-06-21,2178.25439453125
2019-06-24,2188.90478515625
2019-06-25,2255.8623046875
2019-06-26,2237.0224609375
2019-06-27,2235.30029296875
2019-06-28,2228.8681640625
2019-07-01,2221.803466796875
2019-07-02,2289.42919921875
2019-07-03,2254.526611328125
2019-07-04,2274.772216796875
2019-07-05,2315.26318359375
2019-07-08,2261.837646484375
2019-07-09,2280.07958984375
2019-07-10,2210.450439453125
2019-07-11,2307.846923828125
2019-07-12,2314.560302734375
2019-07-15,2377.124755859375
2019-07-16,2353.927001953125
2019-07-17,2337.26611328125
2019-07-18,2355.05078125
2019-07-19,2341.48388671875
2019-07-22,2345.104248046875
2019-07-23,2357.230712890625
2019-07-24,2277.162109375
2019-07-25,2318.356201171875
2019-07-26,2356.984619140625
2019-07-29,2334.27880859375
2019-07-30,2324.612548828125
2019-07-31,2386.29833984375
2019-08-01,2293.049560546875
2019-08-02,2323.909912109375
2019-08-05,2309.2880859375
2019-08-06,2311.57275390625
2019-08-07,2291.5732421875
2019-08-08,2248.586669921875
2019-08-09,2216.144775390625
2019-08-13,2154.107421875
2019-08-14,2098.748779296875
2019-08-16,2163.9140625
2019-08-19,2107.5361328125
2019-08-20,2081.73681640625
2019-08-21,2003.60205078125
2019-08-22,2044.9364013671875
2019-08-23,2120.47021484375
2019-08-26,2118.32666015625
2019-08-27,2116.428466796875
2019-08-28,2113.440673828125
2019-08-29,2102.509521484375
2019-08-30,2165.84716796875
2019-09-03,2146.90234375
2019-09-04,2152.31494140625
2019-09-05,2138.81787109375
2019-09-06,2138.080078125
2019-09-09,2138.92333984375
2019-09-11,2115.6201171875
2019-09-12,2054.110107421875
2019-09-13,2071.5791015625
2019-09-16,2044.5499267578125
2019-09-17,2023.671630859375
2019-09-18,2045.7802734375
2019-09-19,2067.99365234375
2019-09-20,2227.04052734375
2019-09-23,2108.2041015625
2019-09-24,2066.587890625
2019-09-25,2076.534912109375
2019-09-26,2090.59423828125
2019-09-27,2135.655029296875
2019-09-30,2230.801513671875
2019-10-01,2165.249755859375
2019-10-03,2167.9912109375
2019-10-04,2156.884033203125
2019-10-07,2161.734619140625
2019-10-09,2179.098388671875
2019-10-10,2161.453857421875
2019-10-11,2187.32275390625
2019-10-14,2174.669677734375
2019-10-15,2209.67724609375
2019-10-16,2216.42578125
2019-10-17,2172.314453125
2019-10-18,2158.2900390625
2019-10-22,2184.08935546875
2019-10-23,2147.781005859375
2019-10-24,2154.494140625
2019-10-25,2154.915771484375
2019-10-27,2159.274169921875
2019-10-29,2171.295166015625
2019-10-30,2186.5498046875
2019-10-31,2207.673828125
2019-11-01,2230.766357421875
2019-11-04,2200.78466796875
2019-11-05,2200.573974609375
2019-11-06,2201.979736328125
2019-11-07,2193.649658203125
2019-11-08,2197.55126953125
2019-11-11,2192.56005859375
2019-11-13,2200.363037109375
2019-11-14,2150.2412109375
2019-11-15,2151.96337890625
2019-11-18,2148.237548828125
2019-11-19,2148.55419921875
2019-11-20,2154.283203125
2019-11-21,2084.443359375
2019-11-22,2045.8504638671875
2019-11-25,2061.878173828125
2019-11-26,2046.6939697265625
2019-11-27,2060.33154296875
2019-11-28,2062.96728515625
2019-11-29,2060.577392578125
2019-12-02,2084.970703125
2019-12-03,2083.880859375
2019-12-04,2099.62744140625
2019-12-05,2074.496337890625
2019-12-06,2066.658203125
2019-12-09,2075.375
2019-12-10,2038.0472412109373
2019-12-11,2052.844970703125
2019-12-12,2049.786865234375
2019-12-13,2061.878173828125
2019-12-16,2031.298583984375
2019-12-17,2074.35595703125
2019-12-18,2072.036376953125
2019-12-19,2052.66943359375
2019-12-20,2029.1900634765625
2019-12-23,2032.0020751953125
2019-12-24,2021.4923095703125
2019-12-26,1990.0345458984373
2019-12-27,1928.524658203125
2019-12-30,1932.4261474609373
2019-12-31,1925.8885498046875
2020-01-01,1923.4283447265625
2020-01-02,1913.4459228515625
2020-01-03,1910.03662109375
2020-01-06,1889.967041015625
2020-01-07,1876.505126953125
2020-01-08,1931.547607421875
2020-01-09,1934.2894287109373
2020-01-10,2006.9410400390625
2020-01-13,2077.413330078125
2020-01-14,2078.78466796875
2020-01-15,2078.32763671875
2020-01-16,2025.534423828125
2020-01-17,2043.706298828125
2020-01-20,2052.10693359375
2020-01-21,2073.476806640625
2020-01-22,2076.5703125
2020-01-23,2091.016357421875
2020-01-24,2101.314453125
2020-01-27,2077.23779296875
2020-01-28,2049.013671875
2020-01-29,2039.9105224609373
2020-01-30,2013.724853515625
2020-01-31,2067.115234375
2020-02-03,2166.02294921875
2020-02-04,2103.810302734375
2020-02-05,2095.972412109375
2020-02-06,2042.6871337890625
2020-02-07,2036.747314453125
2020-02-10,2068.908203125
2020-02-11,2038.6802978515625
2020-02-12,2036.2899169921875
2020-02-13,2040.7183837890625
2020-02-14,2027.573486328125
2020-02-17,2023.3902587890625
2020-02-18,2010.2451171875
2020-02-19,2002.7235107421875
2020-02-20,1977.06494140625
2020-02-24,1952.7423095703125
2020-02-25,1957.7686767578125
2020-02-26,1927.5054931640625
2020-02-27,1917.4530029296875
2020-02-28,1861.74267578125
2020-03-02,1895.0284423828125
2020-03-03,1870.283935546875
2020-03-04,1827.894775390625
2020-03-05,1815.5225830078125
2020-03-06,1790.1455078125
2020-03-09,1704.73486328125
2020-03-11,1670.6759033203125
2020-03-12,1530.92578125
2020-03-13,1546.14501953125
2020-03-16,1412.7215576171875
2020-03-17,1416.7987060546875
2020-03-18,1347.9427490234375
2020-03-19,1241.0213623046875
2020-03-20,1321.1246337890625
2020-03-23,1107.633056640625
2020-03-24,1119.091064453125
2020-03-25,1144.2578125
2020-03-26,1227.2430419921875
2020-03-27,1264.886962890625
2020-03-30,1365.8685302734375
2020-03-31,1422.5631103515625
2020-04-01,1350.4033203125
2020-04-03,1429.9442138671875
2020-04-07,1460.6990966796875
2020-04-08,1473.4580078125
2020-04-09,1508.0439453125
2020-04-13,1538.201416015625
2020-04-15,1574.333984375
2020-04-16,1544.6336669921875
2020-04-17,1523.4039306640625
2020-04-20,1430.752685546875
2020-04-21,1434.0565185546875
2020-04-22,1409.62841796875
2020-04-23,1428.5731201171875
2020-04-24,1431.6312255859375
2020-04-27,1486.498046875
2020-04-28,1574.0528564453125
2020-04-29,1677.07275390625
2020-04-30,1649.7625732421875
2020-05-04,1624.631591796875
2020-05-05,1647.4075927734375
2020-05-06,1687.7933349609375
2020-05-07,1755.2427978515625
2020-05-08,1723.78515625
2020-05-11,1750.6737060546875
2020-05-12,1786.4901123046875
2020-05-13,1776.859375
2020-05-14,1775.9105224609375
2020-05-15,1823.1849365234373
2020-05-18,1817.2098388671875
2020-05-19,1826.843505859375
2020-05-20,1767.0015869140625
2020-05-21,1777.0509033203125
2020-05-22,1782.3399658203125
2020-05-26,1780.526123046875
2020-05-27,1825.2945556640625
2020-05-28,1883.7010498046875
2020-05-29,1882.75634765625
2020-06-01,1936.705078125
2020-06-02,1945.8096923828125
2020-06-03,1888.9144287109373
2020-06-04,1893.787841796875
2020-06-05,1917.286376953125
2020-06-08,1961.752685546875
2020-06-09,1958.9188232421875
2020-06-10,1953.44091796875
2020-06-11,1953.705322265625
2020-06-12,1947.8876953125
2020-06-15,2073.8046875
2020-06-16,2177.999755859375
2020-06-17,2158.4677734375
2020-06-18,2067.722900390625
2020-06-19,1958.3521728515625
2020-06-22,1994.0157470703125
2020-06-23,2049.928955078125
2020-06-24,2048.03955078125
2020-06-25,2012.0361328125
2020-06-26,2068.213623046875
2020-06-29,2154.160888671875
2020-06-30,2163.794921875
2020-07-01,2153.14111328125
2020-07-02,2165.3056640625
2020-07-03,2164.701171875
2020-07-06,2159.14794921875
2020-07-07,2168.1015625
2020-07-08,2153.0654296875
2020-07-09,2110.4130859375
2020-07-10,2083.62744140625
2020-07-13,2129.34033203125
2020-07-14,2193.602294921875
2020-07-15,2253.06640625
2020-07-16,2382.346435546875
2020-07-17,2339.31640625
2020-07-20,2411.322998046875
2020-07-21,2357.751953125
2020-07-22,2318.57568359375
2020-07-23,2299.648193359375
2020-07-24,2272.711669921875
2020-07-27,2279.096435546875
2020-07-28,2281.514404296875
2020-07-29,2257.5244140625
2020-07-30,2249.780029296875
2020-07-31,2219.821044921875
2020-08-03,2227.2255859375
2020-08-04,2240.448486328125
2020-08-05,2238.3330078125
2020-08-06,2233.30810546875
2020-08-07,2213.625244140625
2020-08-10,2251.2529296875
2020-08-11,2236.481689453125
2020-08-12,2292.7724609375
2020-08-13,2297.5703125
2020-08-14,2281.58984375
2020-08-17,2308.71533203125
2020-08-18,2315.40185546875
2020-08-19,2303.27490234375
2020-08-20,2299.19482421875
2020-08-21,2297.645751953125
2020-08-24,2320.766845703125
2020-08-25,2308.148681640625
2020-08-26,2299.572265625
2020-08-27,2304.710693359375
2020-08-28,2298.590576171875
2020-08-31,2291.336669921875
2020-09-01,2245.3974609375
2020-09-02,2236.443603515625
2020-09-03,2217.969970703125
2020-09-04,2252.197265625
2020-09-07,2240.5615234375
2020-09-08,2241.166015625
2020-09-09,2208.411865234375
2020-09-10,2213.662841796875
2020-09-11,2196.17138671875
2020-09-14,2257.82666015625
2020-09-15,2285.556640625
2020-09-16,2258.733642578125
2020-09-17,2264.43798828125
2020-09-18,2259.715576171875
2020-09-21,2301.4619140625
2020-09-22,2307.84619140625
2020-09-23,2302.556884765625
2020-09-24,2237.65283203125
2020-09-25,2257.637939453125
2020-09-28,2296.210205078125
2020-09-29,2326.1689453125
2020-09-30,2321.56005859375
2020-10-01,2297.683349609375
2020-10-05,2284.9521484375
2020-10-06,2292.356689453125
2020-10-07,2272.674072265625
2020-10-08,2311.737548828125
2020-10-09,2322.466796875
2020-10-12,2302.141845703125
2020-10-13,2310.79296875
2020-10-14,2377.019775390625
2020-10-15,2423.63916015625
2020-10-16,2471.240966796875
2020-10-19,2495.49462890625
2020-10-20,2461.191650390625
2020-10-21,2442.717041015625
2020-10-22,2544.569580078125
2020-10-23,2501.614990234375
2020-10-26,2461.871337890625
2020-10-27,2431.91259765625
2020-10-28,2399.1201171875
2020-10-29,2343.471923828125
2020-10-30,2375.24462890625
2020-11-02,2376.11279296875
2020-11-03,2344.15185546875
2020-11-04,2327.07568359375
2020-11-05,2316.87548828125
2020-11-06,2323.977783203125
2020-11-09,2340.56298828125
2020-11-10,2318.348876953125
2020-11-11,2325.791259765625
2020-11-12,2333.800537109375
2020-11-13,2331.004638671875
2020-11-14,2348.04296875
2020-11-17,2318.61279296875
2020-11-18,2329.455810546875
2020-11-19,2306.032958984375
2020-11-20,2293.18798828125
2020-11-23,2286.68994140625
2020-11-24,2279.927734375
2020-11-25,2280.720947265625
2020-11-26,2278.0009765625
2020-11-27,2297.0791015625
2020-12-01,2280.343017578125
2020-12-02,2279.17138671875
2020-12-03,2306.0703125
2020-12-04,2298.703857421875
2020-12-07,2305.352783203125
2020-12-08,2355.939208984375
2020-12-09,2386.95556640625
2020-12-10,2367.46142578125
2020-12-11,2366.403564453125
2020-12-14,2367.5751953125
2020-12-15,2367.688232421875
2020-12-16,2351.48095703125
2020-12-17,2368.255126953125
2020-12-18,2393.3779296875
2020-12-21,2343.887451171875
2020-12-22,2351.972412109375
2020-12-23,2375.62158203125
2020-12-24,2432.970458984375
2020-12-28,2404.1826171875
2020-12-29,2427.22802734375
2020-12-30,2436.86181640625
2020-12-31,2427.303466796875
2021-01-01,2450.235595703125
2021-01-04,2546.722900390625
2021-01-05,2605.62060546875
2021-01-06,2542.491943359375
2021-01-07,2512.419921875
2021-01-08,2525.45361328125
2021-01-11,2533.462646484375
2021-01-12,2617.822998046875
2021-01-13,2630.403564453125
2021-01-14,2598.782470703125
2021-01-15,2553.712158203125
2021-01-18,2499.763427734375
2021-01-19,2540.94287109375
2021-01-20,2527.455810546875
2021-01-21,2531.158203125
2021-01-22,2504.486083984375
2021-01-25,2505.468505859375
2021-01-27,2458.546875
2021-01-28,2470.711669921875
2021-01-29,2431.874755859375
2021-02-01,2454.99560546875
2021-02-02,2478.909912109375
2021-02-03,2497.30810546875
2021-02-04,2493.60595703125
2021-02-05,2488.20361328125
2021-02-08,2446.419677734375
2021-02-09,2441.243896484375
2021-02-10,2416.196533203125
2021-02-11,2430.665771484375
2021-02-12,2414.609619140625
2021-02-15,2394.0576171875
2021-02-16,2368.519287109375
2021-02-17,2335.160400390625
2021-02-18,2319.40673828125
2021-02-19,2304.030517578125
2021-02-22,2245.510498046875
2021-02-23,2271.50244140625
2021-02-24,2295.15283203125
2021-02-25,2281.06103515625
2021-02-26,2299.68603515625
2021-03-01,2382.157470703125
2021-03-02,2416.234375
2021-03-03,2439.12841796875
2021-03-04,2457.413818359375
2021-03-05,2420.9189453125
2021-03-08,2430.552490234375
2021-03-09,2434.028076171875
2021-03-10,2419.030029296875
2021-03-12,2413.363037109375
2021-03-15,2379.890625
2021-03-16,2461.34228515625
2021-03-17,2423.072021484375
2021-03-18,2357.03466796875
2021-03-19,2421.75
2021-03-22,2434.897216796875
2021-03-23,2419.67236328125
2021-03-24,2412.871826171875
2021-03-25,2379.437744140625
2021-03-26,2360.5478515625
2021-03-30,2536.2958984375
2021-03-31,2417.065185546875
2021-04-01,2424.734619140625
2021-04-05,2414.912109375
2021-04-06,2484.614501953125
2021-04-07,2506.374755859375
2021-04-08,2637.619384765625
2021-04-09,2653.751220703125
2021-04-12,2521.259765625
2021-04-13,2489.336669921875
2021-04-15,2480.647705078125
2021-04-16,2543.47412109375
2021-04-19,2554.8076171875
2021-04-20,2491.036865234375
2021-04-22,2478.040771484375
2021-04-23,2468.44482421875
2021-04-26,2499.121337890625
2021-04-27,2570.07080078125
2021-04-28,2684.767822265625
2021-04-29,2621.487548828125
2021-04-30,2628.325927734375
2021-05-03,2629.459228515625
2021-05-04,2624.35888671875
2021-05-05,2678.383056640625
2021-05-06,2635.050537109375
2021-05-07,2693.721435546875
2021-05-10,2758.32373046875
2021-05-11,2840.719482421875
2021-05-12,2793.647216796875
2021-05-14,2791.41796875
2021-05-17,2811.907470703125
2021-05-18,2829.881591796875
2021-05-19,2829.2021484375
2021-05-20,2894.18701171875
2021-05-21,2923.4638671875
2021-05-24,2960.169921875
2021-05-25,2871.899658203125
2021-05-26,2804.11962890625
2021-05-27,2786.105712890625
2021-05-28,2816.1015625
2021-05-31,2774.40283203125
2021-06-01,2804.5185546875
2021-06-02,2818.498046875
2021-06-03,2822.093017578125
2021-06-04,2807.833740234375
2021-06-07,2841.863525390625
2021-06-08,2855.76318359375
2021-06-09,2797.96875
2021-06-10,2831.758544921875
2021-06-11,2947.1494140625
2021-06-14,2936.44482421875
2021-06-15,2995.07861328125
2021-06-16,2956.655029296875
2021-06-17,2861.195068359375
2021-06-18,2824.96875
2021-06-21,2874.57568359375
2021-06-22,2842.90234375
2021-06-23,2863.1923828125
2021-06-24,2874.056640625
2021-06-25,2902.175537109375
2021-06-28,2870.941162109375
2021-06-29,2855.404052734375
2021-06-30,2916.91357421875
2021-07-01,2891.990234375
2021-07-02,2895.185791015625
2021-07-05,2873.537353515625
2021-07-06,2988.44873046875
2021-07-07,2972.351806640625
2021-07-08,3008.618896484375
2021-07-09,3150.5302734375
2021-07-12,3116.06103515625
2021-07-13,3203.931640625
2021-07-14,3315.727294921875
2021-07-15,3270.314208984375
2021-07-16,3210.8017578125
2021-07-19,3252.939697265625
2021-07-20,3161.394287109375
2021-07-22,3236.603759765625
2021-07-23,3204.97021484375
2021-07-26,3305.2626953125
2021-07-27,3331.504150390625
2021-07-28,3493.506103515625
2021-07-29,3502.692626953125
2021-07-30,3447.294189453125
2021-08-02,3423.608642578125
2021-08-03,3419.255615234375
2021-08-04,3424.087890625
2021-08-05,3516.07275390625
2021-08-06,3530.6513671875
2021-08-09,3561.166748046875
2021-08-10,3595.915771484375
2021-08-11,3552.65966796875
2021-08-12,3731.5166015625
2021-08-13,3689.33837890625
2021-08-16,3689.21826171875
2021-08-17,3678.95361328125
2021-08-18,3614.40869140625
2021-08-20,3545.94921875
2021-08-23,3526.53759765625
2021-08-24,3663.336181640625
2021-08-25,3763.669189453125
2021-08-26,3785.63671875
2021-08-27,3805.248046875
2021-08-30,3765.546875
2021-08-31,3754.123291015625
2021-09-01,3717.3369140625
2021-09-02,3768.5419921875
2021-09-03,3793.625
2021-09-06,3848.744384765625
2021-09-07,3788.831787109375
2021-09-08,3763.429443359375
2021-09-09,3808.443115234375
2021-09-13,3879.139404296875
2021-09-14,3860.646728515625
2021-09-15,3887.766845703125
2021-09-16,3840.196533203125
2021-09-17,3827.01611328125
2021-09-20,3750.20849609375
2021-09-21,3729.63916015625
2021-09-22,3732.834228515625
2021-09-23,3752.92529296875
2021-09-24,3762.79052734375
2021-09-27,3662.498046875
2021-09-28,3657.2255859375
2021-09-29,3621.597900390625
2021-09-30,3639.411865234375
2021-10-01,3604.5029296875
2021-10-04,3692.373779296875
2021-10-05,3756.918701171875
2021-10-06,3722.7294921875
2021-10-07,3788.59228515625
2021-10-08,3826.097412109375
2021-10-11,3790.469482421875
2021-10-12,3784.39892578125
2021-10-13,3789.47119140625
2021-10-14,3816.551513671875
2021-10-18,3778.0078125
2021-10-19,3949.396728515625
2021-10-20,3742.101318359375
2021-10-21,3630.185302734375
2021-10-22,3633.699951171875
2021-10-25,3555.375
2021-10-26,3630.1455078125
2021-10-27,3725.325927734375
2021-10-28,3539.63818359375
2021-10-29,3534.406005859375
2021-11-01,3522.343994140625
2021-11-02,3516.632080078125
2021-11-03,3522.463623046875
2021-11-04,3536.44287109375
2021-11-08,3576.744140625
2021-11-09,3547.067626953125
2021-11-10,3586.848876953125
2021-11-11,3567.357666015625
2021-11-12,3555.015869140625
2021-11-15,3560.128662109375
2021-11-16,3568.036376953125
2021-11-17,3575.825439453125
2021-11-18,3495.423828125
2021-11-22,3393.133544921875
2021-11-23,3387.582275390625
2021-11-24,3322.63720703125
2021-11-25,3339.6123046875
2021-11-26,3340.53076171875
2021-11-29,3362.697998046875
2021-11-30,3383.1884765625
2021-12-01,3302.826416015625
2021-12-02,3344.24560546875
2021-12-03,3321.55859375
2021-12-06,3278.9814453125
2021-12-07,3332.542724609375
2021-12-08,3376.917724609375
2021-12-09,3374.56103515625
2021-12-10,3440.86328125
2021-12-13,3426.04541015625
2021-12-14,3433.634033203125
2021-12-15,3342.76806640625
2021-12-16,3346.202392578125
2021-12-17,3300.5498046875
2021-12-20,3179.88720703125
2021-12-21,3218.4306640625
2021-12-22,3191.949462890625
2021-12-23,3190.27197265625
2021-12-24,3119.934814453125
2021-12-27,3131.917724609375
2021-12-28,3164.789306640625
2021-12-29,3144.81884765625
2021-12-30,3160.31591796875
2021-12-31,3164.309814453125
2022-01-03,3211.960205078125
2022-01-04,3263.56396484375
2022-01-05,3230.212890625
2022-01-06,3203.931640625
2022-01-07,3195.544189453125
2022-01-10,3263.0048828125
2022-01-11,3309.136962890625
2022-01-12,3353.592041015625
2022-01-13,3319.52197265625
2022-01-14,3273.58935546875
2022-01-17,3254.1376953125
2022-01-18,3178.56884765625
2022-01-19,3192.228759765625
2022-01-20,2954.578369140625
2022-01-21,2935.0068359375
2022-01-24,2802.80126953125
2022-01-25,2782.950439453125
2022-01-27,2731.626220703125
2022-01-28,2727.351806640625
2022-01-31,2808.0732421875
2022-02-01,2853.00732421875
2022-02-02,2989.487060546875
2022-02-03,2966.321044921875
2022-02-04,2895.944580078125
2022-02-07,2868.105224609375
2022-02-08,2865.988525390625
2022-02-09,2974.509033203125
2022-02-10,2963.28564453125
2022-02-11,2933.169921875
2022-02-14,2812.187255859375
2022-02-15,2943.194580078125
2022-02-16,2933.20947265625
2022-02-17,2884.28125
2022-02-18,2877.731201171875
2022-02-21,2816.4609375
2022-02-22,2775.561279296875
2022-02-23,2806.475830078125
2022-02-24,2659.77099609375
2022-02-25,2723.437744140625
2022-02-28,2707.6611328125
2022-03-02,2692.083984375
2022-03-03,2700.4716796875
2022-03-04,2672.9521484375
2022-03-07,2677.5849609375
2022-03-08,2737.976318359375
2022-03-09,2732.82421875
2022-03-10,2772.565673828125
2022-03-11,2770.768310546875
2022-03-14,2814.82373046875
2022-03-15,2761.062744140625
2022-03-16,2822.492431640625
2022-03-17,2838.66845703125
2022-03-21,2832.078125
2022-03-22,2873.6171875
2022-03-23,2843.501220703125
2022-03-24,2898.220947265625
2022-03-25,2860.5166015625
2022-03-28,2796.969970703125
2022-03-29,2781.7919921875
2022-03-30,2837.230712890625
2022-03-31,2865.988525390625
2022-04-01,2865.82861328125
2022-04-04,2930.7734375
2022-04-05,2936.92431640625
2022-04-06,2943.714111328125
2022-04-07,2963.325439453125
2022-04-08,2955.816162109375
2022-04-11,2949.345947265625
2022-04-12,2878.56982421875
2022-04-13,2850.331298828125
2022-04-18,2865.509033203125
2022-04-19,2848.0947265625
2022-04-20,2810.669677734375
2022-04-21,2822.212646484375
2022-04-22,2784.42822265625
2022-04-25,2782.67041015625
2022-04-26,2832.637451171875
2022-04-27,2799.086669921875
2022-04-28,2817.260009765625
2022-04-29,2844.819580078125
2022-05-02,2798.72705078125
2022-05-04,2740.9716796875
2022-05-05,2787.26416015625
2022-05-06,2809.55126953125
2022-05-09,2846.976318359375
2022-05-10,2852.84765625
2022-05-11,2823.810546875
2022-05-12,2795.97119140625
2022-05-13,2728.903564453125
2022-05-16,2662.38525390625
2022-05-17,2759.565673828125
2022-05-18,2722.822021484375
2022-05-19,2610.986572265625
2022-05-20,2717.7119140625
2022-05-23,2723.117919921875
2022-05-24,2682.150634765625
2022-05-25,2604.10205078125
2022-05-26,2615.67431640625
2022-05-27,2678.7724609375
2022-05-30,2775.656982421875
2022-05-31,2782.245361328125
2022-06-01,2774.220703125
2022-06-02,2802.644287109375
2022-06-03,2773.671875
2022-06-06,2777.514892578125
2022-06-07,2770.630859375
2022-06-08,2737.477294921875
2022-06-09,2710.109619140625
2022-06-10,2683.164306640625
2022-06-13,2598.10546875
2022-06-14,2584.84375
2022-06-15,2605.07421875
2022-06-16,2555.322021484375
2022-06-17,2526.983154296875
2022-06-20,2524.829345703125
2022-06-21,2620.278076171875
2022-06-22,2564.107177734375
2022-06-23,2617.279541015625
2022-06-24,2636.5380859375
2022-06-27,2666.735595703125
2022-06-28,2647.68798828125
2022-06-29,2648.785888671875
2022-06-30,2617.068603515625
2022-07-01,2583.9990234375
2022-07-04,2573.651611328125
2022-07-05,2577.4951171875
2022-07-06,2614.28076171875
2022-07-07,2647.85693359375
2022-07-08,2706.39306640625
2022-07-11,2713.3193359375
2022-07-12,2669.860595703125
2022-07-13,2703.60546875
2022-07-14,2678.81396484375
2022-07-15,2634.595458984375
2022-07-18,2708.25146484375
2022-07-19,2733.380615234375
2022-07-20,2752.63916015625
2022-07-21,2701.3671875
2022-07-22,2731.184326171875
2022-07-25,2727.0029296875
2022-07-26,2611.53564453125
2022-07-27,2576.650390625
2022-07-28,2620.700439453125
2022-07-29,2655.71240234375
2022-08-01,2669.818603515625
2022-08-02,2784.399169921875
2022-08-03,2809.063720703125
2022-08-04,2804.12255859375
2022-08-05,2843.062255859375
2022-08-08,2848.63671875
2022-08-10,2819.199951171875
2022-08-11,2878.918701171875
2022-08-12,2853.071533203125
2022-08-16,2822.7900390625
2022-08-17,2847.665771484375
2022-08-18,2827.73095703125
2022-08-19,2819.622314453125
2022-08-22,2777.55712890625
2022-08-23,2744.488037109375
2022-08-24,2739.039794921875
2022-08-25,2721.385986328125
2022-08-26,2727.67919921875
2022-08-29,2664.243408203125
2022-08-30,2677.50537109375
2022-09-01,2621.92529296875
2022-09-02,2658.79541015625
2022-09-05,2638.396240234375
2022-09-06,2611.578125
2022-09-07,2597.091796875
2022-09-08,2652.29150390625
2022-09-09,2679.27880859375
2022-09-12,2710.15185546875
2022-09-13,2707.1533203125
2022-09-14,2652.460205078125
2022-09-15,2626.697509765625
2022-09-16,2564.867431640625
2022-09-19,2533.4873046875
2022-09-20,2549.831787109375
2022-09-21,2545.01708984375
2022-09-22,2542.567626953125
2022-09-23,2528.71484375
2022-09-26,2496.406005859375
2022-09-27,2531.5869140625
2022-09-28,2491.71826171875
2022-09-29,2491.71826171875
2022-09-30,2519.254638671875
2022-10-03,2467.940185546875
2022-10-04,2529.98193359375
2022-10-06,2566.5986328125
2022-10-07,2507.006591796875
2022-10-10,2504.55712890625
2022-10-11,2457.297119140625
2022-10-12,2464.308349609375
2022-10-13,2474.86669921875
2022-10-14,2489.521728515625
2022-10-17,2483.566650390625
2022-10-18,2491.126708984375
2022-10-19,2496.448486328125
2022-10-20,2466.50439453125
2022-10-21,2463.759033203125
2022-10-24,2479.638916015625
2022-10-25,2462.23876953125
2022-10-27,2453.665283203125
2022-10-28,2443.5712890625
2022-10-31,2460.422607421875
2022-11-01,2467.6025390625
2022-11-02,2517.3115234375
2022-11-03,2513.21533203125
2022-11-04,2540.03369140625
2022-11-07,2553.083984375
2022-11-09,2557.391845703125
2022-11-10,2564.867431640625
2022-11-11,2601.315185546875
2022-11-14,2620.193359375
2022-11-15,2619.010986328125
2022-11-16,2603.21533203125
2022-11-17,2607.396728515625
2022-11-18,2597.471923828125
2022-11-21,2588.3916015625
2022-11-22,2605.749755859375
2022-11-23,2581.0849609375
2022-11-24,2572.680419921875
2022-11-25,2575.72119140625
2022-11-28,2612.67578125
2022-11-29,2614.027587890625
2022-11-30,2625.13525390625
2022-12-01,2637.087158203125
2022-12-02,2718.85205078125
2022-12-05,2682.699951171875
2022-12-06,2646.252197265625
2022-12-07,2625.9794921875
2022-12-08,2616.814697265625
2022-12-09,2573.694091796875
2022-12-12,2565.416015625
2022-12-13,2613.858642578125
2022-12-14,2613.6474609375
2022-12-15,2569.7666015625
2022-12-16,2549.958740234375
2022-12-19,2533.78271484375
2022-12-20,2551.732177734375
2022-12-21,2554.646240234375
2022-12-22,2540.4560546875
2022-12-23,2522.92919921875
2022-12-26,2537.161865234375
2022-12-27,2547.930908203125
2022-12-28,2536.528076171875
2022-12-29,2529.64404296875
2022-12-30,2553.759521484375
2023-01-02,2554.308837890625
2023-01-03,2533.656494140625
2023-01-04,2546.199951171875
2023-01-05,2539.822265625
2023-01-06,2530.9111328125
2023-01-09,2539.7802734375
2023-01-10,2550.84521484375
2023-01-11,2575.087890625
2023-01-12,2580.029296875
2023-01-13,2604.651611328125
2023-01-16,2613.689697265625
2023-01-17,2644.266845703125
2023-01-18,2630.878662109375
2023-01-19,2614.66064453125
2023-01-20,2570.061767578125
2023-01-23,2613.6474609375
2023-01-24,2635.271240234375
2023-01-25,2604.56689453125
2023-01-27,2577.580078125
2023-01-30,2580.1982421875
2023-01-31,2573.651611328125
2023-02-01,2555.744384765625
2023-02-02,2628.6826171875
2023-02-03,2638.52294921875
2023-02-06,2639.030029296875
2023-02-07,2678.81396484375
2023-02-08,2677.2939453125
2023-02-09,2695.285400390625
2023-02-10,2683.206787109375
2023-02-13,2637.974365234375
2023-02-14,2656.261474609375
2023-02-15,2673.45068359375
2023-02-16,2721.1328125
2023-02-17,2729.7060546875
2023-02-20,2736.041015625
2023-02-21,2703.479248046875
2023-02-22,2673.281494140625
2023-02-23,2663.4833984375
2023-02-24,2658.96435546875
2023-02-27,2668.720458984375
2023-02-28,2676.87158203125
2023-03-01,2671.5078125
2023-03-02,2658.584228515625
2023-03-03,2663.441162109375
2023-03-06,2733.802978515625
2023-03-08,2733.549560546875
2023-03-09,2725.863037109375
2023-03-10,2738.61767578125
2023-03-13,2688.5703125
2023-03-14,2672.732666015625
2023-03-15,2703.098876953125
2023-03-16,2707.533447265625
2023-03-17,2734.90087890625
2023-03-20,2727.172119140625
2023-03-21,2687.68310546875
2023-03-22,2712.85498046875
2023-03-23,2690.217529296875
2023-03-24,2703.943359375
2023-03-27,2719.10546875
2023-03-28,2713.615234375
2023-03-29,2730.76171875
2023-03-31,2756.820556640625
2023-04-03,2766.28076171875
2023-04-05,2758.6787109375
2023-04-06,2749.049560546875
2023-04-10,2790.69189453125
2023-04-11,2774.0517578125
2023-04-12,2797.998779296875
2023-04-13,2788.918212890625
2023-04-17,2771.517822265625
2023-04-18,2786.8486328125
2023-04-19,2778.86669921875
2023-04-20,2784.399169921875
2023-04-21,2795.210693359375
2023-04-24,2886.56298828125
2023-04-25,2887.999267578125
2023-04-26,2928.712890625
2023-04-27,2956.67138671875
2023-04-28,3008.619384765625
2023-05-02,3068.8447265625
2023-05-03,3080.37451171875
2023-05-04,3119.31396484375
2023-05-05,3096.507568359375
2023-05-08,3131.731201171875
2023-05-09,3090.9501953125
2023-05-10,3140.7236328125
2023-05-11,3192.205810546875
2023-05-12,3193.64453125
2023-05-15,3179.841064453125
2023-05-16,3192.025634765625
2023-05-17,3202.097412109375
2023-05-18,3154.88671875
2023-05-19,3192.4306640625
2023-05-22,3215.316650390625
2023-05-23,3205.6044921875
2023-05-24,3213.11328125
2023-05-25,3206.458740234375
2023-05-26,3234.42578125
2023-05-29,3214.5068359375
2023-05-30,3227.50146484375
2023-05-31,3267.51806640625
2023-06-01,3252.185791015625
2023-06-02,3249.48828125
2023-06-05,3263.6513671875
2023-06-06,3193.64453125
2023-06-07,3230.87353515625
2023-06-08,3184.427001953125
2023-06-09,3184.20263671875
2023-06-12,3233.5263671875
2023-06-13,3414.9052734375
2023-06-14,3493.094970703125
2023-06-15,3463.82470703125
2023-06-16,3480.0107421875
2023-06-19,3475.02001953125
2023-06-20,3517.554443359375
2023-06-21,3514.362548828125
2023-06-22,3465.578125
2023-06-23,3429.068603515625
2023-06-26,3441.748046875
2023-06-27,3421.649658203125
2023-06-28,3448.851806640625
2023-06-30,3469.89453125
2023-07-03,3432.57568359375
2023-07-04,3446.783935546875
2023-07-05,3473.716064453125
2023-07-06,3478.572265625
2023-07-07,3422.908447265625
2023-07-10,3374.978759765625
2023-07-11,3447.817626953125
2023-07-12,3425.471435546875
2023-07-13,3456.630615234375
2023-07-14,3616.33740234375
2023-07-17,3553.030029296875
2023-07-18,3522.095947265625
2023-07-19,3558.42578125
2023-07-20,3532.527099609375
2023-07-21,3468.005859375
2023-07-24,3462.880126953125
2023-07-25,3456.900146484375
2023-07-26,3415.3095703125
2023-07-27,3407.71142578125
2023-07-28,3434.104248046875
2023-07-31,3494.48876953125
2023-08-01,3480.10107421875
2023-08-02,3463.959228515625
2023-08-03,3432.2158203125
2023-08-04,3492.06103515625
2023-08-07,3554.379150390625
2023-08-08,3552.760498046875
2023-08-09,3578.973388671875
2023-08-10,3570.970458984375
2023-08-11,3559.594482421875
2023-08-14,3584.054443359375
2023-08-16,3686.073974609375
2023-08-17,3646.1474609375
2023-08-18,3594.350830078125
2023-08-21,3595.205078125
2023-08-22,3557.12158203125
2023-08-23,3558.920166015625
2023-08-24,3609.863037109375
2023-08-25,3564.720458984375
2023-08-28,3598.4423828125
2023-08-29,3601.050048828125
2023-08-30,3632.34423828125
2023-08-31,3695.291259765625
2023-09-01,3719.5263671875
2023-09-04,3722.988525390625
2023-09-05,3780.675537109375
2023-09-06,3783.05859375
2023-09-07,3840.2060546875
2023-09-08,3909.718017578125
2023-09-11,3953.6015625
2023-09-12,3856.302490234375
2023-09-13,3785.396728515625
2023-09-14,3842.2294921875
2023-09-15,3865.8349609375
2023-09-18,3825.278564453125
2023-09-20,3795.603271484375
2023-09-21,3825.77294921875
2023-09-22,3772.627197265625
2023-09-25,3716.82861328125
2023-09-26,3716.109619140625
2023-09-27,3746.728759765625
2023-09-28,3657.523193359375
2023-09-29,3696.685791015625
2023-10-03,3675.373046875
2023-10-04,3634.63720703125
2023-10-05,3612.650146484375
2023-10-06,3688.906982421875
2023-10-09,3680.858642578125
2023-10-10,3742.322265625
2023-10-11,3742.59228515625
2023-10-12,3686.209228515625
2023-10-13,3687.0634765625
2023-10-16,3692.7734375
2023-10-17,3750.32568359375
2023-10-18,3715.794677734375
2023-10-19,3607.2998046875
2023-10-20,3531.178466796875
2023-10-23,3537.562744140625
2023-10-25,3560.62890625
2023-10-26,3509.41650390625
2023-10-27,3536.34912109375
2023-10-30,3493.859619140625
2023-10-31,3486.979736328125
2023-11-01,3521.511474609375
2023-11-02,3515.3515625
2023-11-03,3537.562744140625
2023-11-06,3580.45751953125
2023-11-07,3561.8876953125
2023-11-08,3669.16845703125
2023-11-09,3651.453369140625
2023-11-10,3614.22412109375
2023-11-13,3595.429931640625
2023-11-15,3643.269775390625
2023-11-16,3722.629150390625
2023-11-17,3758.86865234375
2023-11-20,3772.357421875
2023-11-21,3735.21875
2023-11-22,3671.506591796875
2023-11-23,3682.47705078125
2023-11-24,3625.01513671875
2023-11-28,3620.2939453125
2023-11-29,3617.46142578125
2023-11-30,3606.89501953125
2023-12-01,3635.94140625
2023-12-04,3643.764404296875
2023-12-05,3625.150146484375
2023-12-06,3697.045166015625
2023-12-07,3717.637939453125
2023-12-08,3715.120361328125
2023-12-11,3788.499267578125
2023-12-12,3694.841796875
2023-12-13,3659.906005859375
2023-12-14,3746.279296875
2023-12-15,3921.408203125
2023-12-18,3934.492431640625
2023-12-19,3933.053955078125
2023-12-20,3765.25341796875
2023-12-21,3774.15625
2023-12-22,3787.779541015625
2023-12-26,3739.71484375
2023-12-27,3771.907958984375
2023-12-28,3774.650146484375
2023-12-29,3788.36376953125
2024-01-01,3901.71484375
2024-01-02,4016.548583984375
2024-01-03,3900.410888671875
2024-01-04,3900.680419921875
2024-01-05,4008.5458984375
2024-01-08,3913.22509765625
2024-01-09,3910.70751953125
2024-01-10,3897.48828125
2024-01-11,3891.1484375
2024-01-12,4187.58642578125
2024-01-15,4559.69677734375
2024-01-16,4417.92919921875
2024-01-17,4573.7705078125
2024-01-18,5886.04638671875
2024-01-19,6184.23828125
2024-01-23,5835.6884765625
2024-01-24,5937.1689453125
2024-01-25,6031.544921875
2024-01-29,5963.3818359375
2024-01-30,5792.56982421875
2024-01-31,5864.1044921875
2024-02-01,5794.00830078125
2024-02-02,5902.77294921875
2024-02-05,5949.9833984375
2024-02-06,6326.1396484375
2024-02-07,6316.068359375
2024-02-08,6504.41650390625
2024-02-09,6767.53759765625
2024-02-12,6473.52734375
2024-02-13,6924.99658203125
2024-02-14,6983.4482421875
2024-02-15,7024.76806640625
2024-02-16,7119.8193359375
2024-02-19,7029.7587890625
2024-02-20,7010.78466796875
2024-02-21,6971.75732421875
2024-02-22,7112.31005859375
2024-02-23,7095.35888671875
2024-02-26,7092.16650390625
2024-02-27,7058.89453125
2024-02-28,6878.6845703125
2024-02-29,6899.9521484375
2024-03-01,6933.26904296875
2024-03-04,6996.890625
2024-03-05,6956.1103515625
2024-03-06,7199.671875
2024-03-07,7465.4013671875
2024-03-11,7287.03466796875
2024-03-12,7437.1650390625
2024-03-13,7223.8173828125
2024-03-14,7616.83447265625
2024-03-15,7601.63671875
2024-03-18,7746.2373046875
2024-03-19,7441.07666015625
2024-03-20,7411.4462890625
2024-03-21,7562.87939453125
2024-03-22,7534.7783203125
2024-03-26,7881.30322265625
2024-03-27,7915.43115234375
2024-03-28,7890.11669921875
2024-04-01,8047.98095703125
2024-04-02,7936.96875
2024-04-03,7947.8486328125
2024-04-04,7908.056640625
2024-04-05,7891.33056640625
2024-04-08,7700.375
2024-04-09,7545.0751953125
2024-04-10,7491.3447265625
2024-04-12,7377.63427734375
2024-04-15,7245.75927734375
2024-04-16,7066.67333984375
2024-04-18,6947.56787109375
2024-04-19,6836.77978515625
2024-04-22,6779.00244140625
2024-04-23,6606.57177734375
2024-04-24,6617.4072265625
2024-04-25,6423.39404296875
2024-04-26,6735.9287109375
2024-04-29,6700.9033203125
2024-04-30,6833.09228515625
2024-05-02,6978.41162109375
2024-05-03,6996.80126953125
2024-05-06,7068.5615234375
2024-05-07,7112.29638671875
2024-05-08,7089.2001953125
2024-05-09,7012.58251953125
2024-05-10,7031.6904296875
2024-05-13,7190.3515625
2024-05-14,7262.5634765625
2024-05-15,7216.833984375
2024-05-16,7320.16552734375
2024-05-17,7222.07470703125
2024-05-21,7113.87353515625
2024-05-22,7099.49560546875
2024-05-23,7075.1474609375
2024-05-24,6996.11767578125
2024-05-27,7047.27392578125
2024-05-28,7008.96484375
2024-05-29,7005.85791015625
2024-05-30,6883.9287109375
2024-05-31,6915.001953125
2024-06-03,7015.50439453125
2024-06-04,6762.69482421875
2024-06-05,7169.24951171875
2024-06-06,7579.978515625
2024-06-07,7797.447265625
2024-06-10,7797.4013671875
2024-06-11,7827.08349609375
2024-06-12,8109.6220703125
2024-06-13,8958.490234375
2024-06-14,8821.8583984375
2024-06-18,8943.5078125
2024-06-19,9121.1376953125
2024-06-20,9030.654296875
2024-06-21,9033.5302734375
2024-06-24,9073.5537109375
2024-06-25,9022.5380859375
2024-06-26,8804.6044921875
2024-06-27,9141.03515625
2024-06-28,9166.4970703125
2024-07-01,9455.8994140625
2024-07-02,9493.4208984375
2024-07-03,9675.734375
2024-07-04,9680.8359375
2024-07-05,9670.3544921875
2024-07-08,9609.96875
2024-07-09,9617.900390625
2024-07-10,9508.076171875
2024-07-11,9416.6630859375
2024-07-12,9792.2373046875
2024-07-15,10131.6357421875
2024-07-16,10289.1845703125
2024-07-18,10149.4462890625
2024-07-19,10038.4609375
2024-07-22,10021.533203125
2024-07-23,10194.43359375
2024-07-24,10303.83984375
2024-07-25,10281.298828125
2024-07-26,10290.158203125
2024-07-29,10476.4140625
2024-07-30,10300.5
2024-07-31,10244.8916015625
2024-08-01,10120.64453125
2024-08-02,9637.1005859375
2024-08-05,9166.8212890625
2024-08-06,9089.5087890625
2024-08-07,9311.5224609375
2024-08-08,9332.625
2024-08-09,9798.9619140625
2024-08-12,9957.06640625
2024-08-13,9954.701171875
2024-08-14,9862.083984375
2024-08-16,10109.095703125
2024-08-19,10151.486328125
2024-08-20,10255.884765625
2024-08-21,10349.8466796875
2024-08-22,10301.6591796875
2024-08-23,10139.751953125
2024-08-26,10210.201171875
2024-08-27,10157.0048828125
2024-08-28,10222.306640625
2024-08-29,10024.96484375
2024-08-30,10192.8095703125
2024-09-02,10145.55078125
2024-09-03,10625.5673828125
2024-09-04,10411.0673828125
2024-09-05,10451.044921875
2024-09-06,10062.1142578125
2024-09-09,10131.357421875
2024-09-10,10441.955078125
2024-09-11,10539.67578125
2024-09-12,10737.201171875
2024-09-13,11373.7939453125
2024-09-16,11352.6455078125
2024-09-17,11391.0
2024-09-18,10443.99609375
2024-09-19,10244.0576171875
2024-09-20,10547.9755859375
2024-09-23,10602.982421875
2024-09-24,10787.6611328125
2024-09-25,10377.58203125
2024-09-26,10462.6865234375
2024-09-27,10567.640625
2024-09-30,10628.767578125
2024-10-01,10613.880859375
2024-10-03,10364.45703125
2024-10-04,10158.025390625
2024-10-07,10151.71875
2024-10-08,10387.970703125
2024-10-09,10809.041015625
2024-10-10,10636.142578125
2024-10-11,10719.3916015625
2024-10-14,10881.7626953125
2024-10-15,10961.39453125
2024-10-16,10733.81640625
2024-10-17,10669.349609375
2024-10-18,10744.6220703125
2024-10-21,10385.55859375
2024-10-22,10101.767578125
2024-10-23,10401.9296875
2024-10-24,9908.6953125
2024-10-25,10099.44921875
2024-10-28,10194.29296875
2024-10-29,10194.3857421875
2024-10-30,10450.9521484375
2024-10-31,10098.01171875
2024-11-01,10038.5068359375
2024-11-04,10057.4765625
2024-11-05,10146.10546875
2024-11-06,10723.658203125
2024-11-07,10595.931640625
2024-11-08,10683.9130859375
2024-11-11,11068.529296875
2024-11-12,10997.060546875
2024-11-13,10910.2392578125
2024-11-14,10916.17578125
2024-11-18,10455.822265625
2024-11-19,10360.0966796875
2024-11-21,10334.9130859375
2024-11-22,10682.2890625
2024-11-25,11092.1357421875
2024-11-26,10891.9208984375
2024-11-27,11009.119140625
2024-11-28,10813.7255859375
2024-11-29,10849.2978515625
2024-12-02,11378.060546875
2024-12-03,11617.6982421875
2024-12-04,11518.216796875
2024-12-05,11539.8291015625
2024-12-06,11668.390625
2024-12-09,11673.4921875
2024-12-10,11358.3505859375
2024-12-11,11359.880859375
2024-12-12,11219.306640625
2024-12-13,11394.107421875
2024-12-16,11553.8359375
2024-12-17,11529.7646484375
2024-12-18,11480.09375
2024-12-19,11901.119140625
2024-12-20,11360.4833984375
2024-12-23,11380.8896484375
2024-12-24,11408.669921875
2024-12-26,11390.2119140625
2024-12-27,11730.6298828125
2024-12-30,12007.8359375
2024-12-31,11863.134765625
2025-01-01,11715.603515625
2025-01-02,11732.25390625
2025-01-03,11611.3916015625
2025-01-06,11131.9296875
2025-01-07,11267.076171875
2025-01-08,11112.171875
2025-01-09,10877.681640625
2025-01-10,10621.9501953125
2025-01-13,10061.232421875
2025-01-14,9968.7080078125
2025-01-15,9786.20703125
2025-01-16,9451.818359375
2025-01-17,9300.90234375
2025-01-20,9291.951171875
2025-01-21,9058.5751953125
2025-01-22,8898.3837890625
2025-01-23,9328.3134765625
2025-01-24,9095.4453125
2025-01-27,8625.4912109375
2025-01-28,8576.79296875
2025-01-29,8845.7890625
2025-01-30,8343.1376953125
2025-01-31,8461.3564453125
2025-02-01,8249.1279296875
2025-02-03,8541.6376953125
2025-02-04,8555.552734375
2025-02-05,8637.689453125
2025-02-06,8601.9775390625
2025-02-07,8768.0595703125
2025-02-10,8615.4736328125
2025-02-11,8473.369140625
2025-02-12,8389.23828125
2025-02-13,8350.60546875
2025-02-14,8313.78125
2025-02-17,8159.98974609375
2025-02-18,8122.46875
2025-02-19,8156.51025390625
2025-02-20,8051.13818359375
2025-02-21,7796.2421875
2025-02-24,7729.68798828125
2025-02-25,7614.34521484375
2025-02-27,7496.8681640625
2025-02-28,7201.5751953125
2025-03-03,7269.1953125
2025-03-04,7081.50146484375
2025-03-05,7346.787109375
2025-03-06,7258.1572265625
2025-03-07,7020.88427734375
2025-03-10,6853.17919921875
2025-03-11,6987.0283203125
2025-03-12,6767.75
2025-03-13,6797.2470703125
2025-03-17,6939.81494140625
2025-03-18,6939.81494140625
2025-03-19,7118.9755859375
2025-03-20,7029.8818359375
2025-03-21,7090.73046875
2025-03-24,7384.53857421875
2025-03-25,7387.13623046875
2025-03-26,7317.66064453125
2025-03-27,7296.51220703125
2025-03-28,7282.27392578125
2025-04-01,7035.95751953125
2025-04-02,7204.3115234375
2025-04-03,7032.20068359375
2025-04-04,6976.77783203125
2025-04-07,6765.84814453125
2025-04-08,6999.4111328125
2025-04-09,6865.05224609375
2025-04-11,7030.85595703125
2025-04-15,7231.3505859375
2025-04-16,7311.58544921875
2025-04-17,7374.1962890625
2025-04-21,7543.478515625
2025-04-22,7590.3203125
2025-04-23,7993.35009765625
2025-04-24,8130.6318359375
2025-04-25,7980.82763671875
2025-04-28,8120.892578125
2025-04-29,8197.4169921875
2025-04-30,8089.818359375
2025-05-02,8047.61376953125
2025-05-05,8009.1201171875
2025-05-06,7776.76318359375
2025-05-07,7913.57958984375
2025-05-08,7807.79736328125
2025-05-09,7652.23486328125
2025-05-12,8341.974609375
2025-05-13,8116.0498046875
2025-05-14,8140.93994140625
2025-05-15,8185.93359375
2025-05-16,8325.2216796875
2025-05-19,8252.9453125
2025-05-20,8076.32177734375
2025-05-21,8025.5849609375
2025-05-22,7939.90576171875
2025-05-23,8009.3095703125
2025-05-26,8090.681640625
2025-05-27,8043.7734375
2025-05-28,8152.42724609375
2025-05-29,8136.6318359375
2025-05-30,8101.2119140625
2025-06-02,8038.02880859375
2025-06-03,8012.1826171875
2025-06-04,8295.544921875
2025-06-05,8366.8642578125
2025-06-06,8410.900390625
2025-06-09,8770.3701171875
2025-06-10,9086.759765625
2025-06-11,9026.927734375
2025-06-12,9005.388671875
2025-06-13,9073.8359375
2025-06-16,9269.60546875
2025-06-17,9316.9921875
2025-06-18,9243.7578125
2025-06-19,8928.8037109375
2025-06-20,8994.37890625
2025-06-23,8768.93359375
2025-06-24,8766.0615234375
2025-06-25,8785.6865234375
2025-06-26,8687.083984375
2025-06-27,8607.1484375
2025-06-30,8602.361328125
2025-07-01,8575.0791015625
2025-07-02,8560.71875
2025-07-03,8644.484375
2025-07-04,8720.1103515625
2025-07-07,8620.55078125
2025-07-08,8621.9873046875
2025-07-09,8556.8896484375
2025-07-10,8402.28515625
2025-07-11,8267.3046875
2025-07-14,8360.6416015625
2025-07-15,8400.3701171875
2025-07-16,8438.1845703125
2025-07-17,8371.650390625
2025-07-18,8415.208984375
2025-07-21,8444.40625
2025-07-22,8335.751953125
2025-07-23,8404.2001953125
2025-07-24,8557.3681640625
2025-07-25,8241.45703125
2025-07-28,8310.3837890625
2025-07-29,8294.587890625
2025-07-30,8204.1220703125
2025-07-31,8113.177734375
2025-08-01,8020.7978515625
2025-08-04,8203.6435546875
2025-08-05,8208.9091796875
2025-08-06,8153.38525390625
2025-08-07,8205.55859375
2025-08-08,8064.35595703125
2025-08-11,8044.73046875
2025-08-12,8150.0341796875
2025-08-13,8227.576171875
2025-08-14,8219.91796875
2025-08-18,8187.36962890625
2025-08-19,8229.9697265625
2025-08-20,8388.8828125
2025-08-21,8327.6142578125
2025-08-22,8255.8173828125
2025-08-25,8376.916015625
2025-08-26,8166.30908203125
2025-08-28,8013.1396484375
2025-08-29,7939.4267578125
2025-09-01,8110.78466796875
2025-09-02,8114.6142578125
2025-09-03,8053.34619140625
2025-09-04,7939.4267578125
2025-09-05,7926.5029296875
2025-09-08,7946.12841796875
2025-09-09,8053.82470703125
2025-09-10,8868.9716796875
2025-09-11,8747.39453125
2025-09-12,8595.6611328125
2025-09-15,8587.5244140625
2025-09-16,8752.1806640625
2025-09-17,8735.427734375
2025-09-18,8783.29296875
2025-09-19,8632.99609375
2025-09-22,8669.8515625
2025-09-23,8715.32421875
2025-09-24,8674.638671875
2025-09-25,8528.6494140625
2025-09-26,8151.470703125
2025-09-29,8092.595703125
2025-09-30,8044.251953125
2025-10-01,8351.546875
2025-10-03,8579.38671875
2025-10-06,8705.2724609375
2025-10-07,8934.068359375
2025-10-08,8797.173828125
2025-10-09,8913.9658203125
2025-10-10,8819.6708984375
2025-10-13,8804.3544921875
2025-10-14,8567.8984375
2025-10-15,8383.138671875
2025-10-16,8420.9521484375
2025-10-17,8405.6357421875
2025-10-20,8218.9609375
2025-10-21,8252.4658203125
2025-10-23,8167.74462890625
2025-10-24,8199.3359375
2025-10-27,8324.2646484375
2025-10-28,8234.2783203125
2025-10-29,8289.8017578125
2025-10-30,8244.80859375
2025-10-31,8151.470703125
2025-11-03,8172.85791015625
2025-11-04,8093.1416015625
2025-11-06,7983.77490234375
2025-11-07,7851.5625
2025-11-10,7948.77734375
2025-11-11,8012.453125
2025-11-12,8160.2197265625
2025-11-13,8072.240234375
2025-11-14,7994.46826171875
2025-11-17,8055.7138671875
2025-11-18,7949.74951171875
2025-11-19,8100.9189453125
2025-11-20,8139.31884765625
2025-11-21,7941.97216796875
2025-11-24,7919.61279296875
2025-11-25,7858.853515625
2025-11-26,7949.74951171875
2025-11-27,7923.50146484375
2025-11-28,7881.212890625
2025-12-01,7922.529296875
2025-12-02,7873.43603515625
2025-12-03,7850.59033203125
2025-12-04,7963.35986328125
2025-12-05,7990.09375
2025-12-08,7802.46875
2025-12-09,7837.46630859375
2025-12-10,7650.8134765625
2025-12-11,7782.0537109375
2025-12-12,7767.4716796875
2025-12-15,7745.59814453125
2025-12-16,7610.4697265625
2025-12-17,7497.7001953125
2025-12-18,7449.0927734375
2025-12-19,7605.60888671875
2025-12-22,7641.578125
2025-12-23,7599.28955078125
2025-12-24,7565.2646484375
2025-12-26,7560.40380859375
2025-12-29,7476.798828125
2025-12-30,7414.09521484375
2025-12-31,7472.91015625
2026-01-01,7473.396484375
2026-01-02,7516.1708984375
2026-01-05,7463.18896484375
2026-01-06,7381.5283203125
2026-01-07,7614.35791015625
2026-01-08,7382.50048828125
2026-01-09,7385.90283203125
2026-01-12,7372.77880859375
2026-01-13,7481.65966796875
2026-01-14,7321.2548828125
2026-01-15,7321.2548828125
2026-01-16,7737.82080078125
2026-01-19,7767.95751953125
2026-01-20,7607.06689453125
2026-01-21,7459.78662109375
2026-01-22,7677.0615234375
2026-01-23,7734.41845703125
2026-01-27,7783.02587890625
2026-01-28,7789.3447265625
2026-01-29,7619.21875
2026-01-30,7543.87744140625
2026-02-02,7519.08740234375
2026-02-03,7608.525390625
2026-02-04,7308.13134765625
2026-02-05,7242.9970703125
2026-02-06,7061.69140625
2026-02-09,7067.0380859375
2026-02-10,7137.51904296875
2026-02-11,7016.486328125
2026-02-12,6575.61669921875
2026-02-13,6454.09814453125
2026-02-16,6512.42724609375
2026-02-17,6654.36083984375
2026-02-18,6527.4951171875
2026-02-19,6466.73583984375
2026-02-20,6457.50048828125
2026-02-23,6483.74853515625
2026-02-24,6274.25048828125
2026-02-25,6427.85009765625
2026-02-26,6665.54052734375
2026-02-27,6738.93798828125
2026-03-02,6657.27734375
2026-03-04,6641.72265625
2026-03-05,6600.40673828125
2026-03-06,6530.89794921875
2026-03-09,6525.55126953125
2026-03-10,6633.94580078125
2026-03-11,6602.8369140625
2026-03-12,6508.05224609375
2026-03-13,6344.2451171875
2026-03-16,6235.36474609375
2026-03-17,6126.48388671875
2026-03-18,6410.83740234375
2026-03-19,6191.1318359375
2026-03-20,6396.7412109375
2026-03-23,6265.5009765625
2026-03-24,6421.53125
2026-03-25,6415.2119140625
2026-03-27,6753.52001953125
2026-03-30,6543.53564453125
2026-04-01,6691.30224609375
2026-04-02,6797.7529296875
2026-04-06,6821.5703125
2026-04-07,6991.69677734375
2026-04-08,6980.03076171875
2026-04-09,7016.486328125
2026-04-10,7051.48388671875
2026-04-13,6964.96240234375
2026-04-15,7332.43505859375
2026-04-16,7559.431640625
2026-04-17,7769.90185546875
2026-04-20,7857.3955078125
2026-04-21,7710.11474609375
2026-04-22,7900.169921875
2026-04-23,8546.6494140625
2026-04-24,8699.7626953125
2026-04-27,9099.3154296875
2026-04-28,9303.466796875
2026-04-29,9418.1806640625
2026-04-30,9455.6083984375
2026-05-01,9455.6083984375
2026-05-04,9459.0107421875
2026-05-05,9436.6513671875
2026-05-06,9424.5
2026-05-07,9498.5
2026-05-08,9345.5
2026-05-11,9239.5
2026-05-12,9010.5
2026-05-13,8928.5
2026-05-14,8904.5
