,close
2008-03-12,15.054969787597656
2008-03-13,14.099292755126951
2008-03-14,13.956562042236328
2008-03-17,13.007095336914062
2008-03-18,13.05674648284912
2008-03-19,12.678194046020508
2008-03-24,11.939722061157228
2008-03-25,13.000889778137209
2008-03-26,13.062947273254396
2008-03-27,13.677311897277832
2008-03-28,13.534574508666992
2008-03-31,13.211886405944824
2008-04-01,12.945038795471191
2008-04-02,12.914010047912598
2008-04-03,12.951245307922363
2008-04-04,12.703022003173828
2008-04-07,13.187056541442873
2008-04-08,13.3360013961792
2008-04-09,14.018620491027832
2008-04-10,13.82624626159668
2008-04-11,13.85727310180664
2008-04-15,14.37855339050293
2008-04-16,14.2482328414917
2008-04-17,14.32890796661377
2008-04-21,14.2482328414917
2008-04-22,14.14273452758789
2008-04-23,14.018620491027832
2008-04-24,14.105501174926758
2008-04-25,14.527484893798828
2008-04-28,14.210994720458984
2008-04-29,14.837770462036133
2008-04-30,15.210112571716309
2008-05-02,15.054969787597656
2008-05-05,15.321819305419922
2008-05-06,14.85018253326416
2008-05-07,14.97429084777832
2008-05-08,14.899829864501951
2008-05-09,14.384758949279783
2008-05-12,14.372344970703123
2008-05-13,14.310287475585938
2008-05-14,14.453021049499512
2008-05-15,14.527484893798828
2008-05-16,14.521282196044922
2008-05-20,14.564719200134276
2008-05-21,14.74468231201172
2008-05-22,14.266849517822266
2008-05-23,14.266849517822266
2008-05-26,13.813833236694336
2008-05-27,13.441495895385742
2008-05-28,13.733163833618164
2008-05-29,13.373236656188965
2008-05-30,13.304970741271973
2008-06-02,12.926424980163574
2008-06-03,12.60993194580078
2008-06-04,12.510642051696776
2008-06-05,12.647170066833496
2008-06-06,12.647170066833496
2008-06-09,12.336886405944824
2008-06-10,12.516846656799316
2008-06-11,12.734045028686523
2008-06-12,12.578900337219238
2008-06-13,12.4609956741333
2008-06-16,12.68440055847168
2008-06-17,12.75266456604004
2008-06-18,12.839542388916016
2008-06-19,12.262414932250977
2008-06-20,11.964545249938965
2008-06-23,11.629441261291504
2008-06-24,11.58599853515625
2008-06-25,11.41224193572998
2008-06-26,10.971637725830078
2008-06-27,10.754433631896973
2008-06-30,10.388301849365234
2008-07-01,9.593975067138672
2008-07-02,9.922877311706545
2008-07-03,9.26507568359375
2008-07-04,9.54432773590088
2008-07-07,9.885643005371094
2008-07-08,9.966315269470217
2008-07-09,10.146280288696287
2008-07-10,10.090429306030272
2008-07-11,9.77393913269043
2008-07-14,9.718087196350098
2008-07-15,9.296104431152344
2008-07-16,9.029257774353027
2008-07-17,9.302311897277832
2008-07-18,9.742914199829102
2008-07-21,10.177306175231934
2008-07-22,10.797876358032228
2008-07-23,11.424650192260742
2008-07-24,11.089544296264648
2008-07-25,11.114365577697754
2008-07-28,11.480499267578123
2008-07-29,10.996460914611816
2008-07-30,11.238480567932127
2008-07-31,10.89095973968506
2008-08-01,11.008868217468262
2008-08-04,11.08333969116211
2008-08-05,11.46809196472168
2008-08-06,11.418442726135254
2008-08-07,11.53635597229004
2008-08-08,11.461885452270508
2008-08-11,11.60461711883545
2008-08-12,11.697697639465332
2008-08-13,11.480499267578123
2008-08-14,11.35638427734375
2008-08-18,11.077129364013672
2008-08-19,10.965429306030272
2008-08-20,11.046102523803713
2008-08-21,10.704794883728027
2008-08-22,10.574474334716797
2008-08-25,10.53103256225586
2008-08-26,10.512418746948242
2008-08-27,10.46897792816162
2008-08-28,10.226956367492676
2008-08-29,10.81649398803711
2008-09-01,11.294329643249512
2008-09-02,11.362593650817873
2008-09-04,11.101953506469728
2008-09-05,11.288126945495604
2008-09-08,11.955527305603027
2008-09-09,11.74375343322754
2008-09-10,11.499895095825195
2008-09-11,11.230368614196776
2008-09-12,11.05710220336914
2008-09-15,10.948004722595217
2008-09-16,10.582216262817385
2008-09-17,10.338356971740724
2008-09-18,10.068830490112305
2008-09-19,10.588630676269531
2008-09-22,10.389698028564451
2008-09-23,10.524458885192873
2008-09-24,10.569380760192873
2008-09-25,10.447454452514648
2008-09-26,10.287016868591309
2008-09-29,10.06240940093994
2008-09-30,10.428202629089355
2008-10-01,10.428202629089355
2008-10-03,10.729815483093262
2008-10-06,10.01749038696289
2008-10-07,9.998238563537598
2008-10-08,8.971458435058594
2008-10-10,8.348977088928223
2008-10-13,9.080554008483888
2008-10-14,8.868783950805664
2008-10-15,8.66342830657959
2008-10-16,8.952207565307617
2008-10-17,8.849529266357422
2008-10-20,9.420673370361328
2008-10-21,9.683785438537598
2008-10-22,9.03563404083252
2008-10-23,8.843111991882324
2008-10-24,8.130786895751953
2008-10-27,7.585309982299805
2008-10-29,8.387483596801758
2008-10-31,8.464488983154297
2008-11-03,8.605668067932129
2008-11-04,9.080554008483888
2008-11-05,8.541498184204102
2008-11-06,8.3233060836792
2008-11-07,8.541498184204102
2008-11-10,8.823857307434082
2008-11-11,8.464488983154297
2008-11-12,8.252716064453125
2008-11-14,8.3233060836792
2008-11-17,7.944682598114014
2008-11-18,7.6687397956848145
2008-11-19,7.437711715698242
2008-11-20,7.335034370422363
2008-11-21,7.508305549621582
2008-11-24,7.5147223472595215
2008-11-25,7.258027076721191
2008-11-26,7.027001857757568
2008-11-27,7.027001857757568
2008-11-28,7.046253204345703
2008-12-01,7.258027076721191
2008-12-02,7.18101978302002
2008-12-03,7.07834005355835
2008-12-04,7.238775730133057
2008-12-05,7.07834005355835
2008-12-08,7.071924209594727
2008-12-10,7.206688404083252
2008-12-11,7.752160549163818
2008-12-12,7.822754859924316
2008-12-15,8.278386116027832
2008-12-16,8.791773796081543
2008-12-17,8.451656341552734
2008-12-18,8.997126579284668
2008-12-19,9.420673370361328
2008-12-22,9.12547492980957
2008-12-23,8.631340026855469
2008-12-24,8.977877616882324
2008-12-26,9.112642288208008
2008-12-29,9.119059562683104
2008-12-30,9.221736907958984
2008-12-31,9.356502532958984
2009-01-02,10.12658405303955
2009-01-05,10.460286140441896
2009-01-06,10.210012435913086
2009-01-07,9.728705406188965
2009-01-09,9.863472938537598
2009-01-12,9.760793685913086
2009-01-13,9.927645683288574
2009-01-14,10.139418601989746
2009-01-15,10.030322074890137
2009-01-16,10.088082313537598
2009-01-19,10.011070251464844
2009-01-20,10.383275032043455
2009-01-21,9.940479278564451
2009-01-22,9.71587371826172
2009-01-23,9.62602996826172
2009-01-27,9.754376411437988
2009-01-28,10.011070251464844
2009-01-29,10.14583683013916
2009-01-30,10.280599594116213
2009-02-02,10.665642738342283
2009-02-03,10.935171127319336
2009-02-04,11.146943092346191
2009-02-05,10.768322944641112
2009-02-06,10.89024829864502
2009-02-09,10.928752899169922
2009-02-10,10.813239097595217
2009-02-11,10.749069213867188
2009-02-12,10.652806282043455
2009-02-13,10.729815483093262
2009-02-16,10.447454452514648
2009-02-17,10.152254104614258
2009-02-18,10.32552433013916
2009-02-19,10.210012435913086
2009-02-20,10.068830490112305
2009-02-24,9.946898460388184
2009-02-25,10.27418327331543
2009-02-26,10.504547119140623
2009-02-27,10.366328239440918
2009-03-02,10.23469352722168
2009-03-03,10.08989429473877
2009-03-04,10.149128913879396
2009-03-05,10.214942932128906
2009-03-06,10.66908836364746
2009-03-09,10.386072158813477
2009-03-12,10.629597663879396
2009-03-13,10.925783157348633
2009-03-16,11.610285758972168
2009-03-17,11.992033004760742
2009-03-18,11.899885177612305
2009-03-19,12.16973876953125
2009-03-20,12.117083549499512
2009-03-23,12.340866088867188
2009-03-24,12.426429748535156
2009-03-25,12.650211334228516
2009-03-26,12.380356788635254
2009-03-27,12.64362907409668
2009-03-30,12.47250270843506
2009-03-31,12.650211334228516
2009-04-01,12.571227073669434
2009-04-02,12.66995620727539
2009-04-06,12.900317192077637
2009-04-08,13.078025817871094
2009-04-09,12.538321495056152
2009-04-13,12.70944595336914
2009-04-15,13.038534164428713
2009-04-16,13.60456657409668
2009-04-17,14.374640464782717
2009-04-20,14.762964248657228
2009-04-21,14.223257064819336
2009-04-22,14.26274871826172
2009-04-23,14.368060111999512
2009-04-24,14.295660972595217
2009-04-27,13.62431812286377
2009-04-28,13.275477409362791
2009-04-29,13.571660995483398
2009-04-30,13.690136909484863
2009-05-04,14.348312377929688
2009-05-05,14.53260326385498
2009-05-06,15.105219841003418
2009-05-07,16.69801139831543
2009-05-08,15.875287055969238
2009-05-11,15.111804008483888
2009-05-12,16.289941787719727
2009-05-13,15.480384826660156
2009-05-14,15.447468757629396
2009-05-15,15.493538856506348
2009-05-18,17.678699493408203
2009-05-19,17.718191146850586
2009-05-20,19.01480484008789
2009-05-21,18.40928649902344
2009-05-22,18.1591739654541
2009-05-25,19.620330810546875
2009-05-26,18.17233085632324
2009-05-27,19.1135368347168
2009-05-28,18.67913627624512
2009-05-29,19.28466033935547
2009-06-01,19.05429649353028
2009-06-02,18.948993682861328
2009-06-03,20.19295310974121
2009-06-04,20.63393211364746
2009-06-05,19.798036575317383
2009-06-08,19.515024185180664
2009-06-09,20.71290779113769
2009-06-10,20.97617721557617
2009-06-11,20.77214431762696
2009-06-12,20.81163787841797
2009-06-15,20.693161010742188
2009-06-16,21.463233947753903
2009-06-17,20.70633125305176
2009-06-18,20.212696075439453
2009-06-19,20.489126205444336
2009-06-22,20.317995071411133
2009-06-23,20.824800491333008
2009-06-24,21.56196022033692
2009-06-25,22.36494255065918
2009-06-26,22.160898208618164
2009-06-29,21.970029830932617
2009-06-30,21.51589012145996
2009-07-01,21.72650909423828
2009-07-02,22.805927276611328
2009-07-03,22.522905349731445
2009-07-06,20.98276138305664
2009-07-07,21.970029830932617
2009-07-08,20.86429023742676
2009-07-09,20.57469367980957
2009-07-10,20.403573989868164
2009-07-13,19.65982246398925
2009-07-14,21.548799514770508
2009-07-15,23.378536224365234
2009-07-16,22.97046089172364
2009-07-17,23.575986862182617
2009-07-20,23.279804229736328
2009-07-21,22.95730209350586
2009-07-22,22.43733787536621
2009-07-23,22.825658798217773
2009-07-24,23.10868263244629
2009-07-27,23.174501419067383
2009-07-28,23.556241989135746
2009-07-29,24.66857147216797
2009-07-30,26.56412124633789
2009-07-31,26.682594299316406
2009-08-03,26.511474609375
2009-08-04,25.89278221130371
2009-08-05,25.9454288482666
2009-08-06,25.28067398071289
2009-08-07,24.7475528717041
2009-08-10,23.74053382873535
2009-08-11,23.82610511779785
2009-08-12,24.115697860717773
2009-08-13,24.826528549194336
2009-08-14,25.636091232299805
2009-08-17,24.59616470336914
2009-08-18,25.425479888916016
2009-08-19,25.30042266845703
2009-08-20,25.7874813079834
2009-08-21,25.708499908447266
2009-08-24,26.93927574157715
2009-08-25,27.76201057434082
2009-08-26,27.840999603271484
2009-08-27,27.75543212890625
2009-08-28,27.78834342956543
2009-08-31,29.23633575439453
2009-09-01,28.051612854003903
2009-09-02,28.209571838378903
2009-09-03,27.75672721862793
2009-09-04,27.79001235961914
2009-09-07,27.603561401367188
2009-09-08,27.37713623046875
2009-09-09,27.33718681335449
2009-09-10,27.17735481262207
2009-09-11,26.07187843322754
2009-09-14,25.97199821472168
2009-09-15,27.07745933532715
2009-09-16,27.33718681335449
2009-09-17,27.21065902709961
2009-09-18,26.75780868530273
2009-09-22,26.63793563842773
2009-09-23,26.51806640625
2009-09-24,26.18508720397949
2009-09-25,26.17843437194824
2009-09-29,26.6645736694336
2009-09-30,26.824405670166016
2009-10-01,26.964252471923828
2009-10-05,26.52472686767578
2009-10-06,26.657909393310547
2009-10-07,26.99089241027832
2009-10-08,27.923208236694336
2009-10-09,26.99089241027832
2009-10-12,26.977563858032227
2009-10-13,26.904312133789062
2009-10-14,27.543630599975582
2009-10-15,28.329439163208008
2009-10-16,28.229549407958984
2009-10-20,27.74341583251953
2009-10-21,27.057491302490234
2009-10-22,26.63793563842773
2009-10-23,26.704532623291016
2009-10-26,26.63793563842773
2009-10-27,25.945348739624023
2009-10-28,26.125150680541992
2009-10-29,26.31161880493164
2009-10-30,26.644588470458984
2009-11-03,26.65126037597656
2009-11-04,26.751140594482425
2009-11-05,27.277246475219727
2009-11-06,27.50367927551269
2009-11-09,28.7156982421875
2009-11-10,28.8955020904541
2009-11-11,30.46713638305664
2009-11-12,30.50044059753418
2009-11-13,30.21407890319824
2009-11-16,31.965526580810547
2009-11-17,31.605918884277344
2009-11-18,31.42611122131348
2009-11-19,30.94662475585937
2009-11-20,31.026531219482425
2009-11-23,30.93995475769043
2009-11-24,31.5393180847168
2009-11-25,31.272930145263672
2009-11-26,31.29290580749512
2009-11-27,31.372838973999023
2009-11-30,32.62480545043945
2009-12-01,33.59708786010742
2009-12-02,34.29633712768555
2009-12-03,35.17539978027344
2009-12-04,34.64263916015625
2009-12-07,33.383995056152344
2009-12-08,33.217498779296875
2009-12-09,33.15091323852539
2009-12-10,32.5582160949707
2009-12-11,33.50386047363281
2009-12-14,33.583778381347656
2009-12-15,32.53158187866211
2009-12-16,31.75240707397461
2009-12-17,31.32621955871582
2009-12-18,30.69355583190918
2009-12-21,30.440507888793945
2009-12-22,31.25296401977539
2009-12-23,32.158653259277344
2009-12-24,31.392805099487305
2009-12-29,31.57260704040528
2009-12-30,31.41278839111328
2009-12-31,32.33845520019531
2010-01-04,33.248741149902344
2010-01-05,33.47124099731445
2010-01-06,32.729530334472656
2010-01-07,32.513771057128906
2010-01-08,32.42610168457031
2010-01-11,34.105079650878906
2010-01-12,34.06461334228516
2010-01-13,34.482662200927734
2010-01-14,36.64035415649414
2010-01-15,36.12117004394531
2010-01-18,35.109745025634766
2010-01-19,35.70985794067383
2010-01-20,35.527793884277344
2010-01-21,35.79075622558594
2010-01-22,35.00185775756836
2010-01-25,35.028831481933594
2010-01-27,32.30474090576172
2010-01-28,32.78348159790039
2010-01-29,32.31822967529297
2010-02-01,33.336395263671875
2010-02-02,32.08223342895508
2010-02-03,32.412628173828125
2010-02-04,32.04849624633789
2010-02-05,31.59000968933105
2010-02-08,30.41001510620117
2010-02-09,30.962928771972656
2010-02-10,31.064064025878903
2010-02-11,30.07286071777344
2010-02-15,29.654821395874023
2010-02-16,29.56716728210449
2010-02-17,29.708765029907227
2010-02-18,28.872657775878903
2010-02-19,28.93335151672364
2010-02-22,28.845691680908203
2010-02-23,28.683853149414062
2010-02-24,30.234695434570312
2010-02-25,31.10452079772949
2010-02-26,32.79696273803711
2010-03-02,32.7767448425293
2010-03-03,32.37218475341797
2010-03-04,33.09364700317383
2010-03-05,32.095706939697266
2010-03-08,32.560970306396484
2010-03-09,31.87994956970215
2010-03-10,31.974346160888672
2010-03-11,32.73628234863281
2010-03-12,32.69581604003906
2010-03-15,32.237300872802734
2010-03-16,32.28451156616211
2010-03-17,32.94530487060547
2010-03-18,33.774658203125
2010-03-19,33.693748474121094
2010-03-22,33.64654541015625
2010-03-23,33.80839538574219
2010-03-25,33.363365173339844
2010-03-26,33.66679000854492
2010-03-29,33.815120697021484
2010-03-30,33.90278244018555
2010-03-31,33.80165100097656
2010-04-01,34.73215103149414
2010-04-05,34.590545654296875
2010-04-06,35.743560791015625
2010-04-07,35.251346588134766
2010-04-08,34.563568115234375
2010-04-09,35.21089172363281
2010-04-12,34.846771240234375
2010-04-13,34.72540283203125
2010-04-15,34.15226745605469
2010-04-16,33.7409553527832
2010-04-19,33.774658203125
2010-04-20,34.873748779296875
2010-04-21,34.81980514526367
2010-04-22,34.74562454223633
2010-04-23,35.109745025634766
2010-04-26,35.48733139038086
2010-04-27,35.46037673950195
2010-04-28,35.08951568603516
2010-04-29,34.84004211425781
2010-04-30,34.212947845458984
2010-05-03,34.98162841796875
2010-05-04,34.8535041809082
2010-05-05,34.66471481323242
2010-05-06,34.5366096496582
2010-05-07,34.01067352294922
2010-05-10,35.123226165771484
2010-05-11,35.35923385620117
2010-05-12,36.67406463623047
2010-05-13,37.03818893432617
2010-05-14,36.60665512084961
2010-05-17,37.05840301513672
2010-05-18,36.46505737304688
2010-05-19,35.0220947265625
2010-05-20,36.046993255615234
2010-05-21,37.26069641113281
2010-05-24,37.233734130859375
2010-05-25,36.04024124145508
2010-05-26,37.48319625854492
2010-05-27,36.680809020996094
2010-05-28,38.25188064575195
2010-05-31,39.20936584472656
2010-06-01,37.746185302734375
2010-06-02,37.16629409790039
2010-06-03,37.38881301879883
2010-06-04,37.37533187866211
2010-06-07,37.44275665283203
2010-06-08,38.15748596191406
2010-06-09,39.101470947265625
2010-06-10,39.782508850097656
2010-06-11,40.005027770996094
2010-06-14,39.715065002441406
2010-06-15,39.384674072265625
2010-06-16,39.040794372558594
2010-06-17,38.85873031616211
2010-06-18,38.98684310913086
2010-06-21,39.29702758789063
2010-06-22,40.59164047241211
2010-06-23,40.42980194091797
2010-06-24,40.6523323059082
2010-06-25,40.3151969909668
2010-06-28,40.12638854980469
2010-06-29,40.63884735107422
2010-06-30,41.07037353515625
2010-07-01,40.8546028137207
2010-07-02,39.59370422363281
2010-07-05,39.573463439941406
2010-07-06,40.294952392578125
2010-07-07,39.98477554321289
2010-07-08,39.782508850097656
2010-07-09,39.74879837036133
2010-07-12,39.47234725952149
2010-07-13,39.39816665649414
2010-07-14,40.09940719604492
2010-07-15,40.07917404174805
2010-07-16,40.64557647705078
2010-07-19,40.94901657104492
2010-07-20,40.73323059082031
2010-07-21,40.18031692504883
2010-07-22,41.2187385559082
2010-07-23,40.9962043762207
2010-07-26,40.86136245727539
2010-07-27,40.40958404541016
2010-07-28,41.009674072265625
2010-07-29,40.94901657104492
2010-07-30,40.89506912231445
2010-08-02,42.39196014404297
2010-08-03,42.54704666137695
2010-08-04,42.20989990234375
2010-08-05,41.9671630859375
2010-08-06,43.12018585205078
2010-08-09,43.34269714355469
2010-08-10,43.01904296875
2010-08-11,42.92464828491211
2010-08-12,44.81937026977539
2010-08-13,44.35411071777344
2010-08-16,44.77891159057617
2010-08-17,44.73171615600586
2010-08-18,44.52268981933594
2010-08-19,43.9293327331543
2010-08-20,44.21925735473633
2010-08-23,45.66221618652344
2010-08-24,45.30793380737305
2010-08-25,44.62661743164063
2010-08-26,44.64704895019531
2010-08-27,44.57210159301758
2010-08-30,45.21255111694336
2010-08-31,44.735618591308594
2010-09-01,44.88551712036133
2010-09-02,44.69474411010742
2010-09-03,44.551666259765625
2010-09-06,46.3640022277832
2010-09-07,46.80001449584961
2010-09-08,47.76069641113281
2010-09-09,47.91738510131836
2010-09-13,47.522216796875
2010-09-14,48.155860900878906
2010-09-15,48.108184814453125
2010-09-16,47.55630874633789
2010-09-17,47.84244918823242
2010-09-20,48.61915588378906
2010-09-21,46.67057418823242
2010-09-22,46.05739212036133
2010-09-23,46.10507583618164
2010-09-24,46.70465469360352
2010-09-27,46.81365585327149
2010-09-28,46.500244140625
2010-09-29,46.85453414916992
2010-09-30,46.71826934814453
2010-10-01,49.66840744018555
2010-10-04,50.64268493652344
2010-10-05,51.56246948242188
2010-10-06,51.85543823242188
2010-10-07,52.48225021362305
2010-10-08,52.56402206420898
2010-10-11,54.41722106933594
2010-10-12,51.950828552246094
2010-10-13,52.00534057617188
2010-10-14,51.28994369506836
2010-10-15,49.10970687866211
2010-10-18,50.7857780456543
2010-10-19,49.99543762207031
2010-10-20,49.30729675292969
2010-10-21,51.06511306762695
2010-10-22,52.23017883300781
2010-10-25,50.894779205322266
2010-10-26,49.95454788208008
2010-10-27,49.59346008300781
2010-10-28,49.64796829223633
2010-10-29,50.50643157958984
2010-11-01,49.94772720336914
2010-11-02,49.934112548828125
2010-11-03,50.5677490234375
2010-11-04,49.88644027709961
2010-11-08,51.45346450805664
2010-11-09,50.9697151184082
2010-11-10,50.32927703857422
2010-11-11,48.68730545043945
2010-11-12,47.80839920043945
2010-11-15,48.64643478393555
2010-11-16,47.31783676147461
2010-11-18,45.99606323242188
2010-11-19,47.35871505737305
2010-11-22,49.35498809814453
2010-11-23,47.1202392578125
2010-11-24,47.2701301574707
2010-11-25,44.14287567138672
2010-11-26,43.0186882019043
2010-11-29,43.441104888916016
2010-11-30,47.61079406738281
2010-12-01,47.24288558959961
2010-12-02,46.88860321044922
2010-12-03,45.23979568481445
2010-12-06,44.38134002685547
2010-12-07,44.020240783691406
2010-12-08,42.657596588134766
2010-12-09,40.4228515625
2010-12-10,41.44484329223633
2010-12-13,42.40550231933594
2010-12-14,44.7833137512207
2010-12-15,43.18903350830078
2010-12-16,42.50089263916016
2010-12-20,42.61670684814453
2010-12-21,42.78022003173828
2010-12-22,42.02395248413086
2010-12-23,40.83845901489258
2010-12-24,39.81647872924805
2010-12-27,38.52196502685547
2010-12-28,38.140438079833984
2010-12-29,39.475807189941406
2010-12-30,40.14351272583008
2010-12-31,40.75671005249024
2011-01-03,39.76197814941406
2011-01-04,38.85580825805664
2011-01-05,37.61581039428711
2011-01-06,36.21910095214844
2011-01-07,36.70965194702149
2011-01-10,36.45756530761719
2011-01-11,36.86635208129883
2011-01-12,37.21381759643555
2011-01-13,36.355350494384766
2011-01-14,34.87689208984375
2011-01-17,35.55140686035156
2011-01-18,35.87843704223633
2011-01-19,37.49316787719727
2011-01-20,38.4061279296875
2011-01-21,38.276702880859375
2011-01-24,39.15560150146485
2011-01-25,37.45909881591797
2011-01-27,36.08964920043945
2011-01-28,34.454471588134766
2011-01-31,33.20083999633789
2011-02-01,32.349178314208984
2011-02-02,34.07292938232422
2011-02-03,35.91930389404297
2011-02-04,35.776241302490234
2011-02-07,35.76942443847656
2011-02-08,35.6263427734375
2011-02-09,33.582366943359375
2011-02-10,32.30830764770508
2011-02-11,32.660987854003906
2011-02-14,34.21693801879883
2011-02-15,33.546142578125
2011-02-16,32.90993881225586
2011-02-17,33.9403076171875
2011-02-18,32.75779724121094
2011-02-21,32.32213592529297
2011-02-22,32.09393310546875
2011-02-23,32.25297927856445
2011-02-24,30.247541427612305
2011-02-25,31.8657341003418
2011-02-28,32.59183120727539
2011-03-01,34.54887771606445
2011-03-03,33.64295959472656
2011-03-04,33.15196990966797
2011-03-07,33.67061233520508
2011-03-08,33.2280387878418
2011-03-09,33.421661376953125
2011-03-10,32.43277359008789
2011-03-11,31.60985946655273
2011-03-14,31.5891170501709
2011-03-15,30.316707611083984
2011-03-16,31.692842483520508
2011-03-17,30.84225845336914
2011-03-18,30.87683868408203
2011-03-21,30.99439239501953
2011-03-22,31.665180206298828
2011-03-23,32.695560455322266
2011-03-24,33.753604888916016
2011-03-25,34.00254821777344
2011-03-28,34.272247314453125
2011-03-29,33.95414352416992
2011-03-30,35.8558464050293
2011-03-31,35.08824920654297
2011-04-01,34.93612289428711
2011-04-04,35.122833251953125
2011-04-05,35.71754837036133
2011-04-06,36.92081069946289
2011-04-07,36.66494369506836
2011-04-08,34.92229080200195
2011-04-11,33.9057502746582
2011-04-13,34.38290023803711
2011-04-15,34.21002197265625
2011-04-18,33.33869171142578
2011-04-19,32.88227844238281
2011-04-20,33.20038604736328
2011-04-21,32.46043014526367
2011-04-25,32.564178466796875
2011-04-26,32.72321701049805
2011-04-27,33.324859619140625
2011-04-28,33.02748489379883
2011-04-29,32.99983596801758
2011-05-02,31.96254539489746
2011-05-03,30.973651885986328
2011-05-04,31.08428955078125
2011-05-05,30.544906616210938
2011-05-06,31.00131797790528
2011-05-09,30.71086311340332
2011-05-10,31.06355094909668
2011-05-11,30.84225845336914
2011-05-12,30.24063873291016
2011-05-13,30.90449333190918
2011-05-16,30.385847091674805
2011-05-17,30.247541427612305
2011-05-18,29.431543350219727
2011-05-19,28.75384521484375
2011-05-20,29.09960556030273
2011-05-23,28.37350082397461
2011-05-24,27.98623847961425
2011-05-25,27.32927703857422
2011-05-26,27.114904403686523
2011-05-27,27.98623847961425
2011-05-30,28.836814880371094
2011-05-31,29.43844985961914
2011-06-01,29.52835464477539
2011-06-02,29.77730178833008
2011-06-03,29.943267822265625
2011-06-06,29.87411880493164
2011-06-07,29.645910263061523
2011-06-08,28.63628387451172
2011-06-09,28.46339225769043
2011-06-10,28.20061683654785
2011-06-13,28.145288467407227
2011-06-14,28.41498374938965
2011-06-15,27.74420547485352
2011-06-16,26.50636863708496
2011-06-17,26.26432609558105
2011-06-20,25.73184967041016
2011-06-21,25.21320343017578
2011-06-22,25.040328979492188
2011-06-23,25.282358169555664
2011-06-24,25.97387886047364
2011-06-27,26.7069149017334
2011-06-28,26.26432609558105
2011-06-29,26.79680633544922
2011-06-30,27.09416580200196
2011-07-01,27.33620262145996
2011-07-04,27.86175537109375
2011-07-05,28.02082061767578
2011-07-06,28.13837623596192
2011-07-07,28.67085838317871
2011-07-08,28.49798011779785
2011-07-11,28.18678474426269
2011-07-12,27.77185821533203
2011-07-13,28.41498374938965
2011-07-14,30.43425941467285
2011-07-15,31.02205276489257
2011-07-18,31.83115577697754
2011-07-19,31.07738304138184
2011-07-20,30.94599151611328
2011-07-21,29.943267822265625
2011-07-22,30.24063873291016
2011-07-25,30.980567932128903
2011-07-26,30.3236083984375
2011-07-27,29.542177200317383
2011-07-28,29.22408103942871
2011-07-29,29.00279426574707
2011-08-01,29.18259048461914
2011-08-02,28.71925926208496
2011-08-03,28.152204513549805
2011-08-04,28.380416870117188
2011-08-05,26.948944091796875
2011-08-08,26.29890251159668
2011-08-09,25.95314598083496
2011-08-10,26.471784591674805
2011-08-11,26.209003448486328
2011-08-12,25.70419311523437
2011-08-16,25.8563232421875
2011-08-17,25.316938400268555
2011-08-18,23.954620361328125
2011-08-19,23.77482032775879
2011-08-22,24.245058059692383
2011-08-23,24.39719581604004
2011-08-24,24.59083366394043
2011-08-25,24.21049118041992
2011-08-26,22.813594818115234
2011-08-29,23.760990142822266
2011-08-30,24.72388458251953
2011-09-02,24.214120864868164
2011-09-05,23.92383003234864
2011-09-06,24.037109375
2011-09-07,24.73097038269043
2011-09-08,25.43898582458496
2011-09-09,24.4689998626709
2011-09-12,23.27245712280273
2011-09-13,23.8671875
2011-09-14,24.228275299072266
2011-09-15,25.070816040039062
2011-09-16,26.61429214477539
2011-09-19,26.437286376953125
2011-09-20,26.58596611022949
2011-09-21,26.465612411499023
2011-09-22,25.106216430664062
2011-09-23,24.57520294189453
2011-09-26,24.3628044128418
2011-09-27,24.68141365051269
2011-09-28,24.44776153564453
2011-09-29,24.461923599243164
2011-09-30,24.62476921081543
2011-10-03,23.08836936950684
2011-10-04,22.07590675354004
2011-10-05,22.04051399230957
2011-10-07,22.72021102905273
2011-10-10,23.59814071655273
2011-10-11,25.106216430664062
2011-10-12,25.566431045532227
2011-10-13,25.226587295532227
2011-10-14,25.24073982238769
2011-10-17,24.65308380126953
2011-10-18,24.440683364868164
2011-10-19,24.89381599426269
2011-10-20,24.80177497863769
2011-10-21,24.30616569519043
2011-10-24,24.334482192993164
2011-10-25,24.539813995361328
2011-10-28,26.15408706665039
2011-10-31,25.566431045532227
2011-11-01,25.708032608032227
2011-11-02,26.30275535583496
2011-11-03,27.492223739624023
2011-11-04,27.70462989807129
2011-11-08,28.681699752807617
2011-11-09,28.69585227966309
2011-11-11,27.97368431091309
2011-11-14,27.400184631347656
2011-11-15,26.16823959350586
2011-11-16,26.57181167602539
2011-11-17,25.708032608032227
2011-11-18,25.21949958801269
2011-11-21,25.6797103881836
2011-11-22,26.408960342407227
2011-11-23,25.9699935913086
2011-11-24,25.70094871520996
2011-11-25,25.5876693725586
2011-11-28,27.258575439453125
2011-11-29,26.3169174194336
2011-11-30,25.96290779113769
2011-12-01,26.819618225097656
2011-12-02,28.10820198059082
2011-12-05,28.51176643371582
2011-12-07,27.584266662597656
2011-12-08,26.451446533203125
2011-12-09,26.15408706665039
2011-12-12,24.263675689697266
2011-12-13,25.0141716003418
2011-12-14,24.62476921081543
2011-12-15,25.21949958801269
2011-12-16,24.55396270751953
2011-12-19,23.20873260498047
2011-12-20,22.245830535888672
2011-12-21,22.74852180480957
2011-12-22,21.792705535888672
2011-12-23,20.900609970092773
2011-12-26,21.035125732421875
2011-12-27,21.035125732421875
2011-12-28,20.98557472229004
2011-12-29,21.14840507507324
2011-12-30,21.77146339416504
2012-01-02,21.544898986816406
2012-01-03,22.20336151123047
2012-01-04,22.5715274810791
2012-01-05,23.0458927154541
2012-01-06,22.57860946655273
2012-01-09,22.408676147460938
2012-01-10,23.031736373901367
2012-01-11,23.35741424560547
2012-01-12,23.9379940032959
2012-01-13,23.92383003234864
2012-01-16,23.62646675109864
2012-01-17,23.9096736907959
2012-01-18,23.895511627197266
2012-01-19,25.785907745361328
2012-01-20,26.35231590270996
2012-01-23,25.6797103881836
2012-01-24,26.76297187805176
2012-01-25,28.03030776977539
2012-01-27,28.05864715576172
2012-01-30,26.562368392944336
2012-01-31,27.673667907714844
2012-02-01,29.72195625305176
2012-02-02,29.678375244140625
2012-02-03,29.75828742980957
2012-02-06,31.552345275878903
2012-02-07,31.40708541870117
2012-02-08,31.62497329711914
2012-02-09,33.804012298583984
2012-02-10,32.27143859863281
2012-02-13,33.34642028808594
2012-02-14,33.76768493652344
2012-02-15,33.97834014892578
2012-02-16,35.125953674316406
2012-02-17,36.12105941772461
2012-02-21,35.10417175292969
2012-02-22,31.62497329711914
2012-02-23,30.397459030151367
2012-02-24,29.76555061340332
2012-02-27,29.329740524291992
2012-02-28,31.00032997131348
2012-02-29,31.334442138671875
2012-03-01,30.2376651763916
2012-03-02,30.223148345947266
2012-03-05,28.552549362182617
2012-03-06,28.90118980407715
2012-03-07,28.50170516967773
2012-03-09,30.91317367553711
2012-03-12,32.29322814941406
2012-03-13,32.55470275878906
2012-03-14,33.048614501953125
2012-03-15,31.356239318847656
2012-03-16,30.39019775390625
2012-03-19,29.082782745361328
2012-03-20,29.22805404663086
2012-03-21,30.724327087402344
2012-03-22,28.91572570800781
2012-03-23,30.17228889465332
2012-03-26,29.583959579467773
2012-03-27,29.32246780395508
2012-03-28,28.392751693725582
2012-03-29,28.211170196533203
2012-03-30,29.83818244934082
2012-04-02,31.42887306213379
2012-04-03,32.627342224121094
2012-04-04,33.106727600097656
2012-04-09,31.60319709777832
2012-04-10,31.973621368408203
2012-04-11,32.206050872802734
2012-04-12,31.980886459350582
2012-04-13,31.62497329711914
2012-04-16,32.10437774658203
2012-04-17,33.76042938232422
2012-04-18,33.76042938232422
2012-04-19,33.45536804199219
2012-04-20,32.235107421875
2012-04-23,32.11164093017578
2012-04-24,31.50150680541992
2012-04-25,31.15286636352539
2012-04-26,30.74611091613769
2012-04-27,29.932594299316406
2012-04-30,30.28851127624512
2012-05-02,29.85270118713379
2012-05-03,28.98109245300293
2012-05-04,27.746315002441406
2012-05-07,27.419452667236328
2012-05-08,27.25239562988281
2012-05-09,26.91827774047852
2012-05-10,26.496999740600582
2012-05-11,26.395313262939453
2012-05-14,25.828763961791992
2012-05-15,25.75613212585449
2012-05-16,24.62303733825684
2012-05-17,25.00073432922364
2012-05-18,24.55766868591309
2012-05-21,25.21137809753418
2012-05-22,25.1895809173584
2012-05-23,24.637561798095703
2012-05-24,24.906312942504883
2012-05-25,24.637561798095703
2012-05-28,24.790096282958984
2012-05-29,24.514083862304688
2012-05-30,24.514083862304688
2012-05-31,23.91121482849121
2012-06-01,23.61341857910156
2012-06-04,23.642475128173828
2012-06-05,23.06867027282715
2012-06-06,24.42692375183105
2012-06-07,24.70292854309082
2012-06-08,24.637561798095703
2012-06-11,24.92083549499512
2012-06-12,25.44380569458008
2012-06-13,26.13382911682129
2012-06-14,25.0733699798584
2012-06-15,25.80697250366211
2012-06-18,24.935361862182617
2012-06-19,24.9716796875
2012-06-20,25.625389099121094
2012-06-21,25.988561630249023
2012-06-22,25.82150650024414
2012-06-25,25.45106315612793
2012-06-26,25.79244804382324
2012-06-27,26.83111953735352
2012-06-28,26.380783081054688
2012-06-29,27.86252784729004
2012-07-02,27.913373947143555
2012-07-03,28.02232360839844
2012-07-04,28.153059005737305
2012-07-05,28.86487579345703
2012-07-06,29.031938552856445
2012-07-09,28.14579200744629
2012-07-10,28.90118980407715
2012-07-11,28.65424537658692
2012-07-12,28.18938446044922
2012-07-13,28.08768844604492
2012-07-16,27.724523544311523
2012-07-17,27.913373947143555
2012-07-18,27.935163497924805
2012-07-19,27.760847091674805
2012-07-20,27.82620429992676
2012-07-23,26.7512149810791
2012-07-24,27.194286346435547
2012-07-25,26.71489906311035
2012-07-26,26.01035118103028
2012-07-27,26.62774658203125
2012-07-30,27.492084503173828
2012-07-31,27.375877380371094
2012-08-01,28.995624542236328
2012-08-02,29.656587600708008
2012-08-03,28.47991371154785
2012-08-06,30.08513641357422
2012-08-07,30.295774459838867
2012-08-08,30.324827194213867
2012-08-09,30.55726623535156
2012-08-10,30.54273223876953
2012-08-13,30.6153621673584
2012-08-14,30.83326911926269
2012-08-16,30.397459030151367
2012-08-17,30.74610710144043
2012-08-21,30.55000305175781
2012-08-22,30.3829345703125
2012-08-23,30.21587562561035
2012-08-24,29.445951461791992
2012-08-27,28.85761070251465
2012-08-28,28.174850463867188
2012-08-29,27.65189552307129
2012-08-30,27.012704849243164
2012-08-31,27.412193298339844
2012-09-03,26.8529109954834
2012-09-04,28.22978973388672
2012-09-05,26.82345199584961
2012-09-06,26.72773551940918
2012-09-07,27.441951751708984
2012-09-10,28.00889205932617
2012-09-11,27.95735740661621
2012-09-12,27.63338661193848
2012-09-13,27.46403884887696
2012-09-14,28.89245986938477
2012-09-17,30.67431259155273
2012-09-18,32.37517547607422
2012-09-20,31.874492645263672
2012-09-21,32.28681564331055
2012-09-24,33.99502944946289
2012-09-25,33.0378303527832
2012-09-26,31.97019386291504
2012-09-27,31.91866683959961
2012-09-28,32.13955307006836
2012-10-01,31.56523895263672
2012-10-03,33.03047561645508
2012-10-04,32.62551498413086
2012-10-05,33.553245544433594
2012-10-08,32.61814880371094
2012-10-09,33.75205612182617
2012-10-10,32.94948196411133
2012-10-11,33.693153381347656
2012-10-12,33.48698425292969
2012-10-15,32.69914245605469
2012-10-16,32.01438903808594
2012-10-17,31.30017852783203
2012-10-18,31.808216094970703
2012-10-19,31.97019386291504
2012-10-22,32.01438903808594
2012-10-23,31.88921165466309
2012-10-25,31.822938919067383
2012-10-29,31.47688674926757
2012-10-30,30.68168067932129
2012-10-31,31.712495803833008
2012-11-01,32.26472854614258
2012-11-02,32.44879913330078
2012-11-05,32.36043930053711
2012-11-06,32.13955307006836
2012-11-07,32.61078643798828
2012-11-08,32.68441390991211
2012-11-09,32.19110870361328
2012-11-12,33.61951446533203
2012-11-15,33.41334915161133
2012-11-16,33.0820198059082
2012-11-19,31.78612899780273
2012-11-20,31.60941696166992
2012-11-21,32.09537506103516
2012-11-22,32.88321685791016
2012-11-23,32.55924224853516
2012-11-26,32.26472854614258
2012-11-27,32.33834457397461
2012-11-29,33.7299690246582
2012-11-30,33.96556854248047
2012-12-03,34.49571228027344
2012-12-04,34.48834609985352
2012-12-05,34.35581970214844
2012-12-06,35.46763229370117
2012-12-07,35.04792785644531
2012-12-10,35.11421585083008
2012-12-11,34.944854736328125
2012-12-12,34.23064041137695
2012-12-13,33.88458633422852
2012-12-14,33.70787048339844
2012-12-17,34.39263916015625
2012-12-18,36.196571350097656
2012-12-19,36.535274505615234
2012-12-20,36.454288482666016
2012-12-21,35.76215744018555
2012-12-24,36.13767623901367
2012-12-26,35.91679000854492
2012-12-27,35.20993423461914
2012-12-28,35.64434051513672
2012-12-31,36.10820770263672
2013-01-01,36.90342712402344
2013-01-02,37.77226257324219
2013-01-03,39.09023284912109
2013-01-04,39.1785888671875
2013-01-07,38.133033752441406
2013-01-08,37.926883697509766
2013-01-09,37.75753784179688
2013-01-10,37.80908203125
2013-01-11,37.10222625732422
2013-01-14,36.94759368896485
2013-01-15,36.90342712402344
2013-01-16,36.505821228027344
2013-01-17,36.60888671875
2013-01-18,36.94023132324219
2013-01-21,37.308387756347656
2013-01-22,35.65171432495117
2013-01-23,34.480987548828125
2013-01-24,33.51642227172852
2013-01-25,35.46026611328125
2013-01-28,35.6590690612793
2013-01-29,35.11421585083008
2013-01-30,34.937503814697266
2013-01-31,35.55598831176758
2013-02-01,34.834415435791016
2013-02-04,36.55000305175781
2013-02-05,36.63835144042969
2013-02-06,37.308387756347656
2013-02-07,37.05805206298828
2013-02-08,36.74027633666992
2013-02-11,36.55870056152344
2013-02-12,36.75540542602539
2013-02-13,36.4300651550293
2013-02-14,35.416236877441406
2013-02-15,35.7188835144043
2013-02-18,35.65077209472656
2013-02-19,36.4905891418457
2013-02-20,36.838626861572266
2013-02-21,36.4981689453125
2013-02-22,36.34683609008789
2013-02-25,36.94455337524414
2013-02-26,36.18795776367188
2013-02-27,36.4905891418457
2013-02-28,34.531009674072266
2013-03-01,32.32175064086914
2013-03-04,32.6244010925293
2013-03-05,34.11488723754883
2013-03-06,35.74913787841797
2013-03-07,36.01393508911133
2013-03-08,35.22708511352539
2013-03-11,35.10602951049805
2013-03-12,34.281349182128906
2013-03-13,32.56386947631836
2013-03-14,33.75929260253906
2013-03-15,33.55501174926758
2013-03-18,32.66222381591797
2013-03-19,31.19442749023437
2013-03-20,30.6648178100586
2013-03-21,29.65097045898437
2013-03-22,30.377309799194336
2013-03-25,29.57532119750977
2013-03-26,30.6269760131836
2013-03-28,31.54245948791504
2013-04-01,32.079647064208984
2013-04-02,32.2990608215332
2013-04-03,31.1414737701416
2013-04-04,31.53489875793457
2013-04-05,31.96615600585937
2013-04-08,32.07207107543945
2013-04-09,32.52603912353516
2013-04-10,32.67736053466797
2013-04-11,32.23096466064453
2013-04-12,33.017826080322266
2013-04-15,33.312896728515625
2013-04-16,34.130027770996094
2013-04-17,33.10104751586914
2013-04-18,33.04053497314453
2013-04-22,32.72274398803711
2013-04-23,33.24479293823242
2013-04-25,33.97114944458008
2013-04-26,32.919471740722656
2013-04-29,33.81982421875
2013-04-30,33.95600128173828
2013-05-02,34.1224479675293
2013-05-03,32.9799919128418
2013-05-06,33.8349494934082
2013-05-07,35.27248001098633
2013-05-08,34.88661193847656
2013-05-09,35.13629150390625
2013-05-10,35.24222183227539
2013-05-13,33.94842529296875
2013-05-14,33.95600128173828
2013-05-15,35.52216339111328
2013-05-16,36.02906799316406
2013-05-17,36.71000671386719
2013-05-20,36.1804084777832
2013-05-21,35.77183151245117
2013-05-22,35.726436614990234
2013-05-23,34.11488723754883
2013-05-24,34.46293640136719
2013-05-27,35.234649658203125
2013-05-28,34.9093132019043
2013-05-29,35.57512283325195
2013-05-30,34.9093132019043
2013-05-31,33.4566535949707
2013-06-03,33.47933578491211
2013-06-04,33.61554718017578
2013-06-05,33.22210693359375
2013-06-06,32.82867813110352
2013-06-07,33.29777908325195
2013-06-10,33.66850662231445
2013-06-11,32.39741134643555
2013-06-12,31.277660369873047
2013-06-13,29.6055908203125
2013-06-14,30.40757369995117
2013-06-17,30.415132522583008
2013-06-18,31.01285171508789
2013-06-19,31.53489875793457
2013-06-20,29.976327896118164
2013-06-21,28.84898376464844
2013-06-24,27.94107246398925
2013-06-25,28.86411094665528
2013-06-26,27.827579498291016
2013-06-27,29.15918731689453
2013-06-28,30.377309799194336
2013-07-01,31.164167404174805
2013-07-02,31.67865753173828
2013-07-03,29.98387718200684
2013-07-04,29.69637680053711
2013-07-05,29.96118354797364
2013-07-08,29.71151161193848
2013-07-09,30.649688720703125
2013-07-10,30.43027877807617
2013-07-11,30.10492515563965
2013-07-12,30.72534942626953
2013-07-15,31.179292678833008
2013-07-16,29.73420524597168
2013-07-17,29.36347198486328
2013-07-18,29.461828231811523
2013-07-19,29.075963973999023
2013-07-22,29.26511573791504
2013-07-23,29.75690269470215
2013-07-24,27.79731559753418
2013-07-25,26.61703109741211
2013-07-26,25.618316650390625
2013-07-29,24.9752197265625
2013-07-30,24.642311096191406
2013-07-31,23.98407936096192
2013-08-01,22.902143478393555
2013-08-02,22.85675430297852
2013-08-05,24.06730842590332
2013-08-06,22.87188148498535
2013-08-07,24.07486343383789
2013-08-08,24.347246170043945
2013-08-12,25.595632553100582
2013-08-13,26.473278045654297
2013-08-14,26.934795379638672
2013-08-16,26.13279914855957
2013-08-19,26.08740234375
2013-08-20,26.48840713500977
2013-08-21,26.35221672058105
2013-08-22,27.18447494506836
2013-08-23,28.538780212402344
2013-08-26,28.296669006347656
2013-08-27,25.92853355407715
2013-08-28,26.20331382751465
2013-08-29,25.42475891113281
2013-08-30,25.77587890625
2013-09-02,26.409385681152344
2013-09-03,25.1423568725586
2013-09-04,26.760498046875
2013-09-05,27.64590072631836
2013-09-06,28.24125099182129
2013-09-10,29.41669464111328
2013-09-11,29.95099639892578
2013-09-12,29.18009376525879
2013-09-13,30.24104881286621
2013-09-16,29.7983455657959
2013-09-17,29.93572998046875
2013-09-18,29.699121475219727
2013-09-19,30.97377586364746
2013-09-20,31.03484916687012
2013-09-23,30.3784294128418
2013-09-24,30.3784294128418
2013-09-25,30.46240234375
2013-09-26,29.8136043548584
2013-09-27,29.752546310424805
2013-09-30,28.70685577392578
2013-10-01,29.16482734680176
2013-10-03,29.470134735107425
2013-10-04,29.599891662597656
2013-10-07,29.37090492248535
2013-10-08,29.622785568237305
2013-10-09,29.912830352783203
2013-10-10,29.607526779174805
2013-10-11,29.50067710876465
2013-10-14,28.798444747924805
2013-10-15,29.09612274169922
2013-10-17,27.7451229095459
2013-10-18,28.538930892944336
2013-10-21,28.798444747924805
2013-10-22,29.187719345092773
2013-10-23,28.51604461669922
2013-10-24,28.584732055664062
2013-10-25,28.41680908203125
2013-10-28,27.95884895324707
2013-10-29,28.851879119873047
2013-10-30,29.187719345092773
2013-10-31,29.6533203125
2013-11-01,31.08064651489257
2013-11-05,31.5767822265625
2013-11-06,31.492822647094727
2013-11-07,31.103559494018555
2013-11-08,31.79050064086914
2013-11-11,31.74469566345215
2013-11-12,32.20266342163086
2013-11-13,31.920259475708008
2013-11-14,33.027008056640625
2013-11-18,33.317047119140625
2013-11-19,33.5002326965332
2013-11-20,32.43927764892578
2013-11-21,31.988948822021484
2013-11-22,32.576663970947266
2013-11-25,33.546043395996094
2013-11-26,33.75974655151367
2013-11-27,33.84371566772461
2013-11-28,33.32469177246094
2013-11-29,34.6298942565918
2013-12-02,34.70621109008789
2013-12-03,34.88176727294922
2013-12-04,33.74448776245117
2013-12-05,34.385643005371094
2013-12-06,33.790283203125
2013-12-09,34.33221435546875
2013-12-10,33.95819854736328
2013-12-11,33.21018981933594
2013-12-12,32.24081802368164
2013-12-13,31.050121307373047
2013-12-16,31.29436492919922
2013-12-17,31.71417236328125
2013-12-18,32.16450119018555
2013-12-19,31.218042373657227
2013-12-20,32.622459411621094
2013-12-23,32.874351501464844
2013-12-24,32.820926666259766
2013-12-26,32.98883438110352
2013-12-27,33.187294006347656
2013-12-30,32.340057373046875
2013-12-31,33.67578887939453
2014-01-01,33.45444107055664
2014-01-02,32.68352127075195
2014-01-03,32.340057373046875
2014-01-06,31.69890594482422
2014-01-07,30.989051818847656
2014-01-08,31.950794219970703
2014-01-09,31.06538391113281
2014-01-10,30.317367553710938
2014-01-13,31.09590721130371
2014-01-14,30.28683280944824
2014-01-15,30.63795280456543
2014-01-16,30.271577835083008
2014-01-17,29.43196678161621
2014-01-20,29.2793197631836
2014-01-21,29.111385345458984
2014-01-22,28.60761833190918
2014-01-23,28.454975128173828
2014-01-24,27.43981170654297
2014-01-27,25.76060104370117
2014-01-28,26.409385681152344
2014-01-29,26.30254364013672
2014-01-30,26.27963256835937
2014-01-31,27.43981170654297
2014-02-03,27.32532501220703
2014-02-04,27.32532501220703
2014-02-05,28.60000228881836
2014-02-06,29.03506088256836
2014-02-07,29.05033302307129
2014-02-10,28.996898651123047
2014-02-11,28.989267349243164
2014-02-12,29.04269790649414
2014-02-13,28.683961868286133
2014-02-14,29.233522415161133
2014-02-17,29.294584274291992
2014-02-18,29.48540496826172
2014-02-19,29.61516189575196
2014-02-20,29.32893943786621
2014-02-21,29.320985794067383
2014-02-24,29.678756713867188
2014-02-25,29.43229103088379
2014-02-26,29.93317413330078
2014-02-28,30.78386116027832
2014-03-03,29.79800796508789
2014-03-04,30.35454368591309
2014-03-05,30.465845108032227
2014-03-06,31.81740951538086
2014-03-07,32.73170471191406
2014-03-10,32.906612396240234
2014-03-11,32.25468063354492
2014-03-12,32.46138381958008
2014-03-13,33.30412673950195
2014-03-14,33.224632263183594
2014-03-18,34.59209442138672
2014-03-19,33.59830093383789
2014-03-20,32.58064651489258
2014-03-21,32.930458068847656
2014-03-24,33.7016487121582
2014-03-25,34.79880142211914
2014-03-26,34.2581787109375
2014-03-27,34.2581787109375
2014-03-28,35.95956802368164
2014-03-31,36.52404022216797
2014-04-01,35.80849838256836
2014-04-02,37.78814315795898
2014-04-03,36.63534164428711
2014-04-04,36.27756881713867
2014-04-07,36.9056510925293
2014-04-09,38.41623306274414
2014-04-10,38.575233459472656
2014-04-11,38.11410903930664
2014-04-15,38.38441848754883
2014-04-16,37.9391975402832
2014-04-17,39.44977951049805
2014-04-21,39.61674118041992
2014-04-22,39.068153381347656
2014-04-23,38.813751220703125
2014-04-24,38.813751220703125
2014-04-25,38.58317184448242
2014-04-28,38.46392440795898
2014-04-29,38.1220588684082
2014-04-30,37.8278923034668
2014-05-02,38.10615921020508
2014-05-05,39.00455856323242
2014-05-06,39.958595275878906
2014-05-07,39.09201431274414
2014-05-08,38.73423385620117
2014-05-09,39.712135314941406
2014-05-12,40.3322639465332
2014-05-13,40.73773193359375
2014-05-14,42.73328399658203
2014-05-15,43.29775238037109
2014-05-16,46.14398193359375
2014-05-19,52.54404067993164
2014-05-20,50.93806838989258
2014-05-21,52.03521347045898
2014-05-22,53.07670974731445
2014-05-23,55.72418975830078
2014-05-26,54.78606033325195
2014-05-27,52.73484802246094
2014-05-28,54.595252990722656
2014-05-29,53.51398086547852
2014-05-30,50.83471298217773
2014-06-02,52.68715286254883
2014-06-03,52.11472702026367
2014-06-04,52.11472702026367
2014-06-05,53.60143661499024
2014-06-06,56.28071212768555
2014-06-09,59.93790817260742
2014-06-10,58.785099029541016
2014-06-11,56.53513717651367
2014-06-12,56.33637237548828
2014-06-13,53.77635192871094
2014-06-16,54.49189376831055
2014-06-17,55.20742034912109
2014-06-18,55.66854476928711
2014-06-19,53.87972259521485
2014-06-20,54.6906623840332
2014-06-23,54.658836364746094
2014-06-24,56.05016326904297
2014-06-25,58.56248474121094
2014-06-26,56.75774002075195
2014-06-27,56.3681640625
2014-06-30,57.13141250610352
2014-07-01,56.67027282714844
2014-07-02,58.82484436035156
2014-07-03,58.72943878173828
2014-07-04,59.58806610107422
2014-07-07,60.550079345703125
2014-07-08,56.5431022644043
2014-07-09,55.302825927734375
2014-07-10,58.42732238769531
2014-07-11,52.32143783569336
2014-07-14,52.559940338134766
2014-07-15,54.66679000854492
2014-07-16,51.82849884033203
2014-07-17,51.693359375
2014-07-18,49.85680389404297
2014-07-21,49.89656448364258
2014-07-22,50.38154220581055
2014-07-23,51.136817932128906
2014-07-24,50.73930358886719
2014-07-25,48.71195983886719
2014-07-28,47.74201583862305
2014-07-30,49.37184143066406
2014-07-31,48.65630722045898
2014-08-01,48.4973030090332
2014-08-04,48.46549987792969
2014-08-05,48.39394760131836
2014-08-06,48.409854888916016
2014-08-07,47.73407745361328
2014-08-08,45.90547943115234
2014-08-11,46.60511779785156
2014-08-12,47.49555587768555
2014-08-13,44.64931488037109
2014-08-14,45.41256332397461
2014-08-18,45.67491912841797
2014-08-19,45.1342887878418
2014-08-20,44.82422637939453
2014-08-21,45.26944732666016
2014-08-22,44.64137268066406
2014-08-25,42.70941925048828
2014-08-26,42.4232177734375
2014-08-27,42.2483024597168
2014-08-28,42.66967010498047
2014-09-01,44.347206115722656
2014-09-02,43.555152893066406
2014-09-03,42.94712066650391
2014-09-04,43.051116943359375
2014-09-05,43.84316635131836
2014-09-08,43.4271354675293
2014-09-09,43.50714492797852
2014-09-10,42.883094787597656
2014-09-11,45.30727005004883
2014-09-12,45.24326705932617
2014-09-15,45.71529769897461
2014-09-16,43.131126403808594
2014-09-17,41.93102645874024
2014-09-18,43.107120513916016
2014-09-19,43.22712707519531
2014-09-22,41.955020904541016
2014-09-23,39.754878997802734
2014-09-24,39.8188705444336
2014-09-25,38.48276901245117
2014-09-26,40.82695007324219
2014-09-29,39.7868766784668
2014-09-30,39.9948844909668
2014-10-01,40.29091262817383
2014-10-07,38.31476593017578
2014-10-08,38.19475936889648
2014-10-09,40.00288772583008
2014-10-10,40.2429084777832
2014-10-13,40.1548957824707
2014-10-14,41.49099349975586
2014-10-15,41.49099349975586
2014-10-16,40.6269416809082
2014-10-17,41.45100021362305
2014-10-20,43.89117431640625
2014-10-21,45.63531112670898
2014-10-22,45.419281005859375
2014-10-27,45.7632942199707
2014-10-28,46.31535720825195
2014-10-29,47.13941192626953
2014-10-30,47.05140686035156
2014-10-31,48.32349395751953
2014-11-03,48.1874885559082
2014-11-05,48.49150848388672
2014-11-07,48.35549545288086
2014-11-10,48.17948913574219
2014-11-11,47.62744903564453
2014-11-12,48.451507568359375
2014-11-13,47.93946075439453
2014-11-14,48.7235221862793
2014-11-17,53.667877197265625
2014-11-18,53.87588119506836
2014-11-19,53.77987289428711
2014-11-20,53.38785171508789
2014-11-21,54.42793655395508
2014-11-24,54.69195175170898
2014-11-25,52.89982986450195
2014-11-26,52.87581634521485
2014-11-27,52.84381866455078
2014-11-28,53.97189331054688
2014-12-01,54.88396835327149
2014-12-02,54.42793655395508
2014-12-03,55.13199234008789
2014-12-04,54.0038948059082
2014-12-05,53.34785842895508
2014-12-08,51.203704833984375
2014-12-09,49.52358627319336
2014-12-10,51.907752990722656
2014-12-11,50.75566482543945
2014-12-12,50.41965103149414
2014-12-15,50.07561874389648
2014-12-16,47.467430114746094
2014-12-17,49.85159683227539
2014-12-18,52.6758041381836
2014-12-19,52.763816833496094
2014-12-22,53.427860260009766
2014-12-23,52.35577774047852
2014-12-24,51.88374710083008
2014-12-26,53.627872467041016
2014-12-29,53.3398551940918
2014-12-30,53.09185409545898
2014-12-31,53.627872467041016
2015-01-01,53.71588516235352
2015-01-02,53.58787536621094
2015-01-05,53.43586730957031
2015-01-06,51.1796989440918
2015-01-07,50.859676361083984
2015-01-08,51.34770965576172
2015-01-09,50.435638427734375
2015-01-12,50.42763137817383
2015-01-13,49.747596740722656
2015-01-14,49.93960189819336
2015-01-15,52.44380187988281
2015-01-16,52.20378112792969
2015-01-19,52.66781997680664
2015-01-20,51.49972152709961
2015-01-21,51.979759216308594
2015-01-22,50.955684661865234
2015-01-23,50.90768051147461
2015-01-27,52.22776412963867
2015-01-28,54.51594543457031
2015-01-29,54.44392776489258
2015-01-30,53.29985809326172
2015-02-02,55.23599624633789
2015-02-03,53.82789993286133
2015-02-04,52.95581817626953
2015-02-05,51.44370651245117
2015-02-06,52.45978164672852
2015-02-09,50.54765701293945
2015-02-10,51.94776153564453
2015-02-11,52.15575408935547
2015-02-12,52.01176071166992
2015-02-13,52.11576461791992
2015-02-16,54.13991928100586
2015-02-18,51.714393615722656
2015-02-19,51.870094299316406
2015-02-20,52.09952163696289
2015-02-23,51.68161392211914
2015-02-24,52.5092658996582
2015-02-25,52.24702453613281
2015-02-26,52.787845611572266
2015-02-27,54.80364227294922
2015-03-02,59.376094818115234
2015-03-03,58.96637725830078
2015-03-04,57.27833557128906
2015-03-05,57.49138641357422
2015-03-09,56.04918670654297
2015-03-10,56.57363510131836
2015-03-11,57.03250503540039
2015-03-12,57.20458984375
2015-03-13,54.066162109375
2015-03-16,53.6728401184082
2015-03-17,56.05739212036133
2015-03-18,56.90958023071289
2015-03-19,55.74601364135742
2015-03-20,54.75448226928711
2015-03-23,54.0005989074707
2015-03-24,55.02489471435547
2015-03-25,54.516849517822266
2015-03-26,53.64824676513672
2015-03-27,52.5092658996582
2015-03-30,53.64824676513672
2015-03-31,54.60699081420898
2015-04-01,55.328086853027344
2015-04-06,55.082252502441406
2015-04-07,52.648529052734375
2015-04-08,54.13173675537109
2015-04-09,55.123233795166016
2015-04-10,56.393348693847656
2015-04-13,55.909889221191406
2015-04-15,54.91837310791016
2015-04-16,54.21366882324219
2015-04-17,54.189064025878906
2015-04-20,53.26311874389648
2015-04-21,53.04186248779297
2015-04-22,53.418792724609375
2015-04-23,52.910770416259766
2015-04-24,52.755069732666016
2015-04-27,51.46036911010742
2015-04-28,51.97661209106445
2015-04-29,51.28009414672852
2015-04-30,51.05883407592773
2015-05-04,52.2797966003418
2015-05-05,52.23882293701172
2015-05-06,50.3377571105957
2015-05-07,47.264892578125
2015-05-08,48.543190002441406
2015-05-11,48.8135871887207
2015-05-12,47.01085662841797
2015-05-13,48.30554962158203
2015-05-14,48.93651580810547
2015-05-15,48.37110137939453
2015-05-18,48.99387741088867
2015-05-19,48.96109008789063
2015-05-20,49.624847412109375
2015-05-21,50.06733703613281
2015-05-22,50.82121276855469
2015-05-25,50.12467956542969
2015-05-26,50.1492805480957
2015-05-27,49.42817687988281
2015-05-28,49.44456481933594
2015-05-29,48.5513916015625
2015-06-01,48.73984909057617
2015-06-02,47.37139892578125
2015-06-03,47.223899841308594
2015-06-04,46.39627456665039
2015-06-05,46.81419372558594
2015-06-08,46.30613327026367
2015-06-09,46.40445709228516
2015-06-10,46.732234954833984
2015-06-11,44.96227645874024
2015-06-12,44.691856384277344
2015-06-15,44.64268112182617
2015-06-16,44.650875091552734
2015-06-17,44.91308975219727
2015-06-18,44.67546081542969
2015-06-19,46.10948181152344
2015-06-22,46.879730224609375
2015-06-23,47.33861541748047
2015-06-24,47.23208999633789
2015-06-25,46.74044418334961
2015-06-26,46.44544219970703
2015-06-29,44.798377990722656
2015-06-30,45.0933837890625
2015-07-01,45.89641571044922
2015-07-02,46.0029525756836
2015-07-03,46.748634338378906
2015-07-06,47.25666809082031
2015-07-07,46.69945907592773
2015-07-08,46.07668685913086
2015-07-09,46.81419372558594
2015-07-10,46.56835174560547
2015-07-13,46.96168518066406
2015-07-14,46.707637786865234
2015-07-15,45.929195404052734
2015-07-16,48.56777191162109
2015-07-17,48.02694320678711
2015-07-20,47.64181137084961
2015-07-21,46.3225212097168
2015-07-22,47.88763427734375
2015-07-23,47.44514083862305
2015-07-24,46.715858459472656
2015-07-27,46.40445709228516
2015-07-28,45.23268127441406
2015-07-29,44.798377990722656
2015-07-30,45.15893173217773
2015-07-31,44.41324996948242
2015-08-03,44.568946838378906
2015-08-04,45.76531982421875
2015-08-05,44.92129135131836
2015-08-06,44.052696228027344
2015-08-07,43.61020660400391
2015-08-10,44.1428337097168
2015-08-11,44.38866424560547
2015-08-12,41.733699798583984
2015-08-13,41.24204254150391
2015-08-14,42.52854537963867
2015-08-17,43.167701721191406
2015-08-18,43.339786529541016
2015-08-19,42.159793853759766
2015-08-20,41.65176773071289
2015-08-21,41.520652770996094
2015-08-24,36.259883880615234
2015-08-25,38.3166618347168
2015-08-26,39.2754020690918
2015-08-27,41.479679107666016
2015-08-28,40.87329864501953
2015-08-31,41.5042610168457
2015-09-01,40.89787673950195
2015-09-02,39.96372985839844
2015-09-03,41.430511474609375
2015-09-04,38.85749053955078
2015-09-07,38.96401596069336
2015-09-08,39.86539459228516
2015-09-09,41.48951721191406
2015-09-10,41.64695358276367
2015-09-11,40.942630767822266
2015-09-14,41.7795295715332
2015-09-15,41.10005187988281
2015-09-16,41.9784049987793
2015-09-18,43.511375427246094
2015-09-21,45.53323745727539
2015-09-22,44.53887939453125
2015-09-23,44.0831298828125
2015-09-24,44.35657501220703
2015-09-28,43.09706115722656
2015-09-29,43.743385314941406
2015-09-30,45.41720581054688
2015-10-01,45.458641052246094
2015-10-05,48.68202590942383
2015-10-06,46.502716064453125
2015-10-07,44.95318603515625
2015-10-08,44.4145736694336
2015-10-09,43.64394760131836
2015-10-12,43.53622817993164
2015-10-13,43.66880035400391
2015-10-14,42.309852600097656
2015-10-15,42.91476058959961
2015-10-16,42.53359222412109
2015-10-19,42.624732971191406
2015-10-20,43.039039611816406
2015-10-21,43.24620056152344
2015-10-23,43.055625915527344
2015-10-26,41.762962341308594
2015-10-27,42.39272689819336
2015-10-28,41.953556060791016
2015-10-29,40.8017463684082
2015-10-30,41.365211486816406
2015-11-02,41.2243537902832
2015-11-03,42.68274688720703
2015-11-04,44.03340530395508
2015-11-05,44.10798263549805
2015-11-06,39.49251174926758
2015-11-09,38.9124755859375
2015-11-10,39.04505157470703
2015-11-13,39.67480850219727
2015-11-16,39.06990432739258
2015-11-17,39.152774810791016
2015-11-18,37.84353256225586
2015-11-19,37.7855339050293
2015-11-20,38.03411102294922
2015-11-23,37.420936584472656
2015-11-24,37.51209259033203
2015-11-26,37.65293884277344
2015-11-27,38.75503158569336
2015-11-30,38.7136116027832
2015-12-01,38.36558532714844
2015-12-02,38.29100036621094
2015-12-03,38.17499542236328
2015-12-04,37.44579315185547
2015-12-07,37.19720077514648
2015-12-08,35.58966064453125
2015-12-09,35.65595626831055
2015-12-10,34.52901077270508
2015-12-11,34.96818542480469
2015-12-14,35.95426559448242
2015-12-15,35.60622787475586
2015-12-16,35.904544830322266
2015-12-17,36.76632690429688
2015-12-18,36.52601623535156
2015-12-21,37.280067443847656
2015-12-22,36.80775451660156
2015-12-23,37.13920974731445
2015-12-24,36.99003601074219
2015-12-28,37.0894889831543
2015-12-29,37.03148651123047
2015-12-30,37.32978820800781
2015-12-31,37.54523849487305
2016-01-01,37.81039810180664
2016-01-04,37.04805755615234
2016-01-05,37.76895904541016
2016-01-06,37.83525848388672
2016-01-07,35.51508331298828
2016-01-08,35.64767074584961
2016-01-11,35.2830696105957
2016-01-12,34.96818542480469
2016-01-13,34.82732009887695
2016-01-14,34.10641860961914
2016-01-15,32.36629104614258
2016-01-18,30.68417930603028
2016-01-19,30.535022735595703
2016-01-20,29.4826602935791
2016-01-21,28.89433479309082
2016-01-22,30.41901016235352
2016-01-25,30.91618728637696
2016-01-27,30.990766525268555
2016-01-28,31.106779098510746
2016-01-29,31.95197868347168
2016-02-01,32.08456802368164
2016-02-02,30.78361701965332
2016-02-03,29.648387908935547
2016-02-04,30.26156997680664
2016-02-05,31.595666885375977
2016-02-08,31.91054916381836
2016-02-09,30.57644844055176
2016-02-10,28.546316146850582
2016-02-11,27.55195617675781
2016-02-12,26.85590362548828
2016-02-15,28.330869674682617
2016-02-16,28.04912567138672
2016-02-17,28.81612968444824
2016-02-18,27.79941177368164
2016-02-19,28.45938873291016
2016-02-22,28.343448638916016
2016-02-23,27.852924346923828
2016-02-24,27.335636138916016
2016-02-25,27.861835479736328
2016-02-26,27.906435012817383
2016-02-29,27.80833625793457
2016-03-01,28.45938873291016
2016-03-02,29.244230270385746
2016-03-03,29.583131790161133
2016-03-04,30.63553237915039
2016-03-08,29.788265228271484
2016-03-09,30.25202751159668
2016-03-10,29.886369705200195
2016-03-11,29.672325134277344
2016-03-14,29.859617233276367
2016-03-15,29.815017700195312
2016-03-16,29.4404411315918
2016-03-17,30.0201473236084
2016-03-18,30.11825180053711
2016-03-21,30.37689018249512
2016-03-22,30.180688858032227
2016-03-23,29.98447036743164
2016-03-28,29.485031127929688
2016-03-29,28.97666549682617
2016-03-30,29.743677139282227
2016-03-31,29.645570755004883
2016-04-01,29.49395751953125
2016-04-04,29.36908912658692
2016-04-05,28.53965759277344
2016-04-06,28.450464248657227
2016-04-07,28.682350158691406
2016-04-08,28.726945877075195
2016-04-11,28.851804733276367
2016-04-12,28.61992835998535
2016-04-13,29.012346267700195
2016-04-18,28.53073501586914
2016-04-20,28.43263435363769
2016-04-21,29.841779708862305
2016-04-22,30.60877990722656
2016-04-25,30.733642578125
2016-04-26,32.731407165527344
2016-04-27,32.51736831665039
2016-04-28,32.11603164672852
2016-04-29,31.821718215942383
2016-05-02,31.821718215942383
2016-05-03,30.88525581359864
2016-05-04,30.50176048278809
2016-05-05,29.93988037109375
2016-05-06,29.54746437072754
2016-05-09,30.287717819213867
2016-05-10,29.823938369750977
2016-05-11,29.342334747314453
2016-05-12,29.279903411865234
2016-05-13,29.32449150085449
2016-05-16,28.95884132385254
2016-05-17,28.593168258666992
2016-05-18,28.87856674194336
2016-05-19,28.06696510314941
2016-05-20,27.6923885345459
2016-05-23,27.496177673339844
2016-05-24,27.5764389038086
2016-05-25,27.67454719543457
2016-05-26,27.656709671020508
2016-05-27,27.71914291381836
2016-05-30,28.64668273925781
2016-05-31,28.557497024536133
2016-06-01,29.43152618408203
2016-06-02,29.458282470703125
2016-06-03,28.97666549682617
2016-06-06,28.70911979675293
2016-06-07,28.80721473693848
2016-06-08,28.78938674926757
2016-06-09,29.163959503173828
2016-06-10,29.092607498168945
2016-06-13,28.65559196472168
2016-06-14,28.96774673461914
2016-06-15,29.35125160217285
2016-06-16,29.02126121520996
2016-06-17,29.146120071411133
2016-06-20,29.538545608520508
2016-06-21,30.385820388793945
2016-06-22,30.0112361907959
2016-06-23,29.79718017578125
2016-06-24,28.97666549682617
2016-06-27,29.583131790161133
2016-06-28,29.61880874633789
2016-06-29,30.69796371459961
2016-06-30,30.938770294189453
2016-07-01,32.0536003112793
2016-07-04,32.49061965942383
2016-07-05,33.32897186279297
2016-07-07,32.838436126708984
2016-07-08,33.55192947387695
2016-07-11,34.550819396972656
2016-07-12,34.25651168823242
2016-07-13,34.74702072143555
2016-07-14,36.13834762573242
2016-07-15,35.6745719909668
2016-07-18,34.69351959228516
2016-07-19,35.228633880615234
2016-07-20,35.9332160949707
2016-07-21,35.46943664550781
2016-07-22,37.27100372314453
2016-07-25,38.573123931884766
2016-07-26,38.10043716430664
2016-07-27,38.30556488037109
2016-07-28,37.83288192749024
2016-07-29,37.85071563720703
2016-08-01,39.27770233154297
2016-08-02,38.394752502441406
2016-08-03,37.957740783691406
2016-08-04,38.19854736328125
2016-08-05,38.76041412353516
2016-08-08,39.81281661987305
2016-08-09,40.69576644897461
2016-08-10,39.79499435424805
2016-08-11,40.27658462524414
2016-08-12,40.39252471923828
2016-08-16,40.704681396484375
2016-08-17,41.56978225708008
2016-08-18,42.622188568115234
2016-08-19,42.12275314331055
2016-08-22,42.36886215209961
2016-08-23,42.268585205078125
2016-08-24,42.49647903442383
2016-08-25,42.159210205078125
2016-08-26,42.01336288452149
2016-08-29,41.4664306640625
2016-08-30,41.393516540527344
2016-08-31,43.45361328125
2016-09-01,43.490081787109375
2016-09-02,43.78177261352539
2016-09-06,44.13727569580078
2016-09-07,43.6997299194336
2016-09-08,44.5201301574707
2016-09-09,44.05524063110352
2016-09-12,41.35704040527344
2016-09-14,42.1045150756836
2016-09-15,41.93130874633789
2016-09-16,42.42355728149414
2016-09-19,43.0343132019043
2016-09-20,43.61769104003906
2016-09-21,43.94585800170898
2016-09-22,45.13087844848633
2016-09-23,45.431678771972656
2016-09-26,45.44079208374024
2016-09-27,44.52924346923828
2016-09-28,44.53835678100586
2016-09-29,42.60586929321289
2016-09-30,43.86381912231445
2016-10-03,45.17643737792969
2016-10-04,47.16362762451172
2016-10-05,48.82264709472656
2016-10-06,47.892860412597656
2016-10-07,47.85640335083008
2016-10-10,48.05694961547852
2016-10-13,47.43708801269531
2016-10-14,47.58293151855469
2016-10-17,48.09341812133789
2016-10-18,49.0778694152832
2016-10-19,49.515419006347656
2016-10-20,49.4971809387207
2016-10-21,50.77336883544922
2016-10-24,50.13528060913086
2016-10-25,50.02589416503906
2016-10-26,48.89556503295898
2016-10-27,49.29664611816406
2016-10-28,49.18727111816406
2016-11-01,48.12986755371094
2016-11-02,46.61669158935547
2016-11-03,45.77806854248047
2016-11-04,45.19467926025391
2016-11-07,45.90568161010742
2016-11-08,45.7233772277832
2016-11-09,46.96308517456055
2016-11-10,49.95296096801758
2016-11-11,48.49448776245117
2016-11-15,45.79630279541016
2016-11-16,45.960357666015625
2016-11-17,47.054229736328125
2016-11-18,48.31218338012695
2016-11-21,45.94214630126953
2016-11-22,47.20009231567383
2016-11-23,48.54917526245117
2016-11-24,48.2939453125
2016-11-25,50.46344757080078
2016-11-28,49.551876068115234
2016-11-29,49.64303207397461
2016-11-30,49.91650772094727
2016-12-01,49.47896194458008
2016-12-02,48.25748825073242
2016-12-05,48.64033508300781
2016-12-06,48.512725830078125
2016-12-07,47.74702072143555
2016-12-08,48.54917526245117
2016-12-09,49.22372817993164
2016-12-12,48.22102737426758
2016-12-13,48.53093719482422
2016-12-14,47.510009765625
2016-12-15,47.80169677734375
2016-12-16,46.99956130981445
2016-12-19,47.054229736328125
2016-12-20,46.96308517456055
2016-12-21,47.36415863037109
2016-12-22,46.41614532470703
2016-12-23,44.75713348388672
2016-12-26,42.806419372558594
2016-12-27,43.29863357543945
2016-12-28,43.91850280761719
2016-12-29,44.75713348388672
2016-12-30,45.5228271484375
2017-01-02,45.4134407043457
2017-01-03,46.087982177734375
2017-01-04,45.4134407043457
2017-01-05,46.452613830566406
2017-01-06,46.85368347167969
2017-01-09,47.25477600097656
2017-01-10,46.74431610107422
2017-01-11,48.6585578918457
2017-01-12,50.00765609741211
2017-01-13,50.88273620605469
2017-01-16,52.21361923217773
2017-01-17,52.35945129394531
2017-01-18,50.55458450317383
2017-01-19,50.62750244140625
2017-01-20,50.04412460327149
2017-01-23,51.4296875
2017-01-24,51.64845657348633
2017-01-25,53.38040542602539
2017-01-27,54.54717254638672
2017-01-30,53.56270217895508
2017-01-31,51.83074569702149
2017-02-01,53.96379470825195
2017-02-02,53.76325225830078
2017-02-03,54.073184967041016
2017-02-06,53.28923034667969
2017-02-07,51.4296875
2017-02-08,52.21361923217773
2017-02-09,53.4168586730957
2017-02-10,53.16162109375
2017-02-13,52.797000885009766
2017-02-14,52.70586013793945
2017-02-15,51.10150909423828
2017-02-16,52.231842041015625
2017-02-17,52.5782356262207
2017-02-20,54.8753547668457
2017-02-21,56.69843292236328
2017-02-22,57.62822341918945
2017-02-23,57.73759841918945
2017-02-27,57.81391525268555
2017-02-28,58.2335319519043
2017-03-01,58.50056457519531
2017-03-02,58.40520858764648
2017-03-03,58.9011344909668
2017-03-06,60.21725845336914
2017-03-07,59.30167770385742
2017-03-08,58.06186676025391
2017-03-09,57.96649169921875
2017-03-10,58.17631149291992
2017-03-14,60.27447509765625
2017-03-15,60.78945541381836
2017-03-16,61.80042266845703
2017-03-17,64.20376586914062
2017-03-20,64.3945083618164
2017-03-21,63.99394989013672
2017-03-22,62.67781829833984
2017-03-23,63.53616714477539
2017-03-24,66.32101440429688
2017-03-27,66.95045471191406
2017-03-28,65.88228607177734
2017-03-29,68.81970977783203
2017-03-30,69.52545928955078
2017-03-31,69.0486068725586
2017-04-03,68.5908203125
2017-04-05,70.3647232055664
2017-04-06,70.8797378540039
2017-04-07,70.19306182861328
2017-04-10,69.71621704101562
2017-04-11,78.71923065185547
2017-04-12,78.871826171875
2017-04-13,78.90998077392578
2017-04-17,76.83089447021484
2017-04-18,74.40848541259766
2017-04-19,75.59107971191406
2017-04-20,76.4684829711914
2017-04-21,78.16606903076172
2017-04-24,78.54756927490234
2017-04-25,78.89088439941406
2017-04-26,78.08978271484375
2017-04-27,77.7655029296875
2017-04-28,77.26961517333984
2017-05-02,81.16072082519531
2017-05-03,80.41685485839844
2017-05-04,80.77923583984375
2017-05-05,81.17979431152344
2017-05-08,82.59130096435547
2017-05-09,84.15538787841797
2017-05-10,83.354248046875
2017-05-11,81.75204467773438
2017-05-12,81.94279479980469
2017-05-15,83.54500579833984
2017-05-16,82.78203582763672
2017-05-17,83.98371124267578
2017-05-18,83.43054962158203
2017-05-19,82.76295471191406
2017-05-22,81.21794891357422
2017-05-23,81.40870666503906
2017-05-24,80.39777374267578
2017-05-25,78.29957580566406
2017-05-26,77.95629119873047
2017-05-29,75.19052124023438
2017-05-30,78.47126770019531
2017-05-31,73.72180938720703
2017-06-01,72.25308227539062
2017-06-02,72.462890625
2017-06-05,71.8716049194336
2017-06-06,72.40567016601562
2017-06-07,71.6999282836914
2017-06-08,71.64271545410156
2017-06-09,71.66179656982422
2017-06-12,73.07327270507812
2017-06-13,71.79529571533203
2017-06-14,70.55548095703125
2017-06-15,70.8797378540039
2017-06-16,71.49011993408203
2017-06-19,72.29121398925781
2017-06-20,71.98603057861328
2017-06-21,70.63176727294922
2017-06-22,69.31564331054688
2017-06-23,67.27471160888672
2017-06-27,64.5661849975586
2017-06-28,65.50079345703125
2017-06-29,64.79505920410156
2017-06-30,65.59617614746094
2017-07-03,65.78692626953125
2017-07-04,65.88228607177734
2017-07-05,65.71063232421875
2017-07-06,67.57987976074219
2017-07-07,68.95326232910156
2017-07-10,71.33750915527344
2017-07-11,70.66991424560547
2017-07-12,71.47102355957031
2017-07-13,71.47102355957031
2017-07-14,70.07862854003906
2017-07-17,71.14677429199219
2017-07-18,70.02137756347656
2017-07-19,69.56361389160156
2017-07-20,70.07862854003906
2017-07-21,69.6208267211914
2017-07-24,69.10584259033203
2017-07-25,67.80879974365234
2017-07-26,67.12211608886719
2017-07-27,66.53082275390625
2017-07-28,66.91230773925781
2017-07-31,66.7787857055664
2017-08-01,66.70248413085938
2017-08-02,65.69154357910156
2017-08-03,66.18749237060547
2017-08-04,66.43544006347656
2017-08-07,69.16307830810547
2017-08-08,68.30472564697266
2017-08-09,66.85507202148438
2017-08-10,62.468017578125
2017-08-11,63.02116394042969
2017-08-14,63.65058898925781
2017-08-16,62.62060928344727
2017-08-17,64.50894927978516
2017-08-18,63.669681549072266
2017-08-21,61.53338623046875
2017-08-22,58.32891845703125
2017-08-23,59.96928405761719
2017-08-24,61.34261703491211
2017-08-28,63.00210571289063
2017-08-29,62.73505401611328
2017-08-30,63.669681549072266
2017-08-31,64.29913330078125
2017-09-01,64.73783874511719
2017-09-04,62.715965270996094
2017-09-05,62.525238037109375
2017-09-06,62.79226303100586
2017-09-07,62.27726745605469
2017-09-08,62.22003555297852
2017-09-11,62.75413131713867
2017-09-12,62.77318954467773
2017-09-13,65.36729431152344
2017-09-14,65.38665008544922
2017-09-15,64.97980499267578
2017-09-18,64.66983032226562
2017-09-19,65.36729431152344
2017-09-20,65.347900390625
2017-09-21,64.45671844482422
2017-09-22,63.46865081787109
2017-09-25,64.84420013427734
2017-09-26,62.30621719360352
2017-09-27,58.83830642700195
2017-09-28,58.5283317565918
2017-09-29,59.24515914916992
2017-10-03,58.99330520629883
2017-10-04,59.94261169433594
2017-10-05,59.67139053344727
2017-10-06,60.27197265625
2017-10-09,58.95456314086914
2017-10-10,59.187042236328125
2017-10-11,58.72208786010742
2017-10-12,59.419532775878906
2017-10-13,60.078243255615234
2017-10-16,59.07079315185547
2017-10-17,60.09760284423828
2017-10-18,61.82188034057617
2017-10-19,60.87256240844727
2017-10-23,60.56258010864258
2017-10-24,60.50446701049805
2017-10-25,63.46865081787109
2017-10-26,64.72795104980469
2017-10-27,67.18843078613281
2017-10-30,66.0841293334961
2017-10-31,67.11091613769531
2017-11-01,67.2465591430664
2017-11-02,70.40447235107422
2017-11-03,69.72640228271484
2017-11-06,64.47608947753906
2017-11-07,64.68920135498047
2017-11-08,64.5535888671875
2017-11-09,63.72050857543945
2017-11-10,62.32559967041016
2017-11-13,62.34499740600586
2017-11-14,62.09312057495117
2017-11-15,59.86511993408203
2017-11-16,60.29136276245117
2017-11-17,62.44184112548828
2017-11-20,61.76375198364258
2017-11-21,62.98430633544922
2017-11-22,62.79058074951172
2017-11-23,63.72050857543945
2017-11-24,63.313663482666016
2017-11-27,62.38372802734375
2017-11-28,61.64751052856445
2017-11-29,61.43439483642578
2017-11-30,59.690765380859375
2017-12-01,59.497013092041016
2017-12-04,59.07079315185547
2017-12-05,58.97392272949219
2017-12-06,58.741432189941406
2017-12-07,59.03205108642578
2017-12-08,59.28390884399414
2017-12-11,58.58645248413086
2017-12-12,56.95906066894531
2017-12-13,56.47471237182617
2017-12-14,55.79662704467773
2017-12-15,56.82343292236328
2017-12-18,58.6445541381836
2017-12-19,60.79506301879883
2017-12-20,60.33010482788086
2017-12-21,60.83382034301758
2017-12-22,60.69819259643555
2017-12-26,61.12442398071289
2017-12-27,60.69819259643555
2017-12-28,59.86511993408203
2017-12-29,60.34948348999024
2018-01-01,61.37628173828125
2018-01-02,61.08567428588867
2018-01-03,61.163177490234375
2018-01-04,62.7518196105957
2018-01-05,62.55808639526367
2018-01-08,63.52678298950195
2018-01-09,63.313663482666016
2018-01-10,62.90681457519531
2018-01-11,62.90681457519531
2018-01-12,62.51932907104492
2018-01-15,62.11249542236328
2018-01-16,59.65201950073242
2018-01-17,60.23322296142578
2018-01-18,59.26453399658203
2018-01-19,60.62070083618164
2018-01-22,60.31071090698242
2018-01-23,61.12442398071289
2018-01-24,62.09312057495117
2018-01-25,61.163177490234375
2018-01-29,61.0662956237793
2018-01-30,60.756343841552734
2018-01-31,60.25260543823242
2018-02-01,59.458274841308594
2018-02-02,56.33909225463867
2018-02-05,57.23029708862305
2018-02-06,56.00973510742188
2018-02-07,57.75337600708008
2018-02-08,58.334598541259766
2018-02-09,58.10210037231445
2018-02-12,59.690765380859375
2018-02-14,59.96198272705078
2018-02-15,58.29356384277344
2018-02-16,57.4593391418457
2018-02-19,57.03205490112305
2018-02-20,56.42165756225586
2018-02-21,56.05540466308594
2018-02-22,55.60778045654297
2018-02-23,57.09310150146485
2018-02-26,59.61611175537109
2018-02-27,59.14811706542969
2018-02-28,58.720848083496094
2018-03-01,57.84592819213867
2018-03-05,57.05241012573242
2018-03-06,56.52338790893555
2018-03-07,55.20085906982422
2018-03-08,51.151851654052734
2018-03-09,52.14882278442383
2018-03-12,51.45703125
2018-03-13,53.00339126586914
2018-03-14,52.00638961791992
2018-03-15,52.4743766784668
2018-03-16,52.29125213623047
2018-03-19,50.7652473449707
2018-03-20,51.72154235839844
2018-03-21,52.942344665527344
2018-03-22,51.43669509887695
2018-03-23,50.23622894287109
2018-03-26,51.00940704345703
2018-03-27,51.66050720214844
2018-03-28,50.74488830566406
2018-04-02,52.10813522338867
2018-04-03,51.98604965209961
2018-04-04,52.047096252441406
2018-04-05,53.00339126586914
2018-04-06,53.654483795166016
2018-04-09,53.38996887207031
2018-04-10,52.29125213623047
2018-04-11,53.20685958862305
2018-04-12,52.45403671264648
2018-04-13,51.92500686645508
2018-04-16,52.4743766784668
2018-04-17,52.27090835571289
2018-04-18,52.14882278442383
2018-04-19,52.51506423950195
2018-04-20,52.69820022583008
2018-04-23,52.12846755981445
2018-04-24,51.84362411499024
2018-04-25,51.49772644042969
2018-04-26,51.07044982910156
2018-04-27,51.27390670776367
2018-04-30,51.88432312011719
2018-05-02,50.62281799316406
2018-05-03,50.35831069946289
2018-05-04,49.99205780029297
2018-05-07,50.33795547485352
2018-05-08,49.8089485168457
2018-05-09,49.89033508300781
2018-05-10,48.81196975708008
2018-05-11,48.4660530090332
2018-05-14,47.12317657470703
2018-05-15,46.879005432128906
2018-05-16,46.81797790527344
2018-05-17,47.04178237915039
2018-05-18,45.658203125
2018-05-21,44.62051773071289
2018-05-22,44.3153076171875
2018-05-23,44.01011657714844
2018-05-24,46.1668701171875
2018-05-25,46.20756149291992
2018-05-28,48.54745101928711
2018-05-29,48.66951751708984
2018-05-30,48.03878784179688
2018-05-31,48.07946395874024
2018-06-01,47.69287872314453
2018-06-04,46.2279052734375
2018-06-05,44.3153076171875
2018-06-06,45.04779052734375
2018-06-07,47.61149597167969
2018-06-08,46.75691604614258
2018-06-11,47.143516540527344
2018-06-12,47.38766860961914
2018-06-13,47.93703842163086
2018-06-14,47.40802383422852
2018-06-15,46.1668701171875
2018-06-18,45.88201904296875
2018-06-19,44.88502502441406
2018-06-20,45.332645416259766
2018-06-21,44.96641540527344
2018-06-22,45.10883331298828
2018-06-25,44.03046417236328
2018-06-26,43.76593780517578
2018-06-27,41.79231643676758
2018-06-28,40.57150268554688
2018-06-29,42.58584213256836
2018-07-02,41.303985595703125
2018-07-03,41.507450103759766
2018-07-04,40.9987907409668
2018-07-05,40.61220169067383
2018-07-06,42.44341278076172
2018-07-09,41.93474197387695
2018-07-10,42.17890548706055
2018-07-11,41.242942810058594
2018-07-12,40.85635757446289
2018-07-13,39.24895858764648
2018-07-16,38.10953903198242
2018-07-17,38.98445129394531
2018-07-18,37.05150604248047
2018-07-19,37.478790283203125
2018-07-20,37.27532577514648
2018-07-23,37.15323638916016
2018-07-24,39.43208312988281
2018-07-25,39.96109771728516
2018-07-26,43.56248092651367
2018-07-27,45.04779052734375
2018-07-30,46.34998321533203
2018-07-31,47.59114837646485
2018-08-01,47.00108337402344
2018-08-02,46.248268127441406
2018-08-03,46.59416580200195
2018-08-06,47.12317657470703
2018-08-07,47.89634323120117
2018-08-08,45.19023513793945
2018-08-09,47.06214141845703
2018-08-10,46.77726745605469
2018-08-13,45.37334060668945
2018-08-14,45.719234466552734
2018-08-16,44.2542724609375
2018-08-17,44.78328704833984
2018-08-20,46.06513595581055
2018-08-21,45.92271041870117
2018-08-23,45.49542617797852
2018-08-24,45.353004455566406
2018-08-27,48.62883758544922
2018-08-28,46.675537109375
2018-08-29,48.09981918334961
2018-08-30,48.68987274169922
2018-08-31,48.75090408325195
2018-09-03,48.56779861450195
2018-09-04,46.32963562011719
2018-09-05,46.858665466308594
2018-09-06,47.83531188964844
2018-09-07,46.65520477294922
2018-09-10,46.96039581298828
2018-09-11,45.43438720703125
2018-09-12,44.233924865722656
2018-09-14,45.719234466552734
2018-09-17,47.16604232788086
2018-09-18,46.11194610595703
2018-09-19,46.95935821533203
2018-09-21,44.00374221801758
2018-09-24,40.53138732910156
2018-09-25,41.6268310546875
2018-09-26,42.26755905151367
2018-09-27,40.49005126953125
2018-09-28,40.46938705444336
2018-10-01,42.16421890258789
2018-10-03,43.50768661499024
2018-10-04,43.01163482666016
2018-10-05,41.70950698852539
2018-10-08,41.6268310546875
2018-10-09,40.9860954284668
2018-10-10,43.07364273071289
2018-10-11,41.33747100830078
2018-10-12,42.26755905151367
2018-10-15,42.76360702514648
2018-10-16,43.44567489624024
2018-10-17,42.45357894897461
2018-10-19,43.05296325683594
2018-10-22,43.05296325683594
2018-10-23,42.866947174072266
2018-10-24,44.6858024597168
2018-10-25,44.2310905456543
2018-10-26,44.2310905456543
2018-10-29,46.67000961303711
2018-10-30,46.11194610595703
2018-10-31,48.116817474365234
2018-11-01,48.67486190795898
2018-11-02,49.0882453918457
2018-11-05,48.36483383178711
2018-11-06,48.92289352416992
2018-11-07,49.23292541503906
2018-11-09,51.17578887939453
2018-11-12,50.61772918701172
2018-11-13,51.34113311767578
2018-11-14,51.6304931640625
2018-11-15,52.18855285644531
2018-11-16,50.039005279541016
2018-11-19,51.4444694519043
2018-11-20,50.80375671386719
2018-11-21,51.547828674316406
2018-11-22,50.01832580566406
2018-11-26,50.61772918701172
2018-11-27,50.43170928955078
2018-11-28,45.82258605957031
2018-11-29,43.87972640991211
2018-11-30,41.29613876342773
2018-12-03,43.67302703857422
2018-12-04,44.04507446289063
2018-12-05,43.42501831054688
2018-12-06,42.92896270751953
2018-12-07,43.25967025756836
2018-12-10,41.48214721679688
2018-12-11,42.43291091918945
2018-12-12,42.16421890258789
2018-12-13,42.01953506469727
2018-12-14,42.990966796875
2018-12-17,43.67302703857422
2018-12-18,44.56180191040039
2018-12-19,44.2310905456543
2018-12-20,45.4092025756836
2018-12-21,45.22318649291992
2018-12-24,47.0213623046875
2018-12-26,47.82745361328125
2018-12-27,48.034141540527344
2018-12-28,50.43170928955078
2018-12-31,50.49372482299805
2019-01-01,49.87364959716797
2019-01-02,49.21226119995117
2019-01-03,50.16302108764648
2019-01-04,50.24568939208984
2019-01-07,49.56362533569336
2019-01-08,50.266357421875
2019-01-09,49.95633316040039
2019-01-10,50.7830810546875
2019-01-11,51.485816955566406
2019-01-14,51.485816955566406
2019-01-15,52.10588836669922
2019-01-16,51.85784530639648
2019-01-17,53.056640625
2019-01-18,52.14720916748047
2019-01-21,50.741729736328125
2019-01-22,50.82442092895508
2019-01-23,49.99767303466797
2019-01-24,50.638404846191406
2019-01-25,49.89432144165039
2019-01-28,49.17091751098633
2019-01-29,50.90710067749024
2019-01-30,51.79584503173828
2019-01-31,51.547828674316406
2019-02-01,51.692501068115234
2019-02-04,50.14234924316406
2019-02-05,48.28216171264648
2019-02-06,49.23292541503906
2019-02-07,51.71317672729492
2019-02-08,49.25359725952149
2019-02-11,49.274261474609375
2019-02-12,50.45238494873047
2019-02-14,49.790992736816406
2019-02-15,50.7830810546875
2019-02-18,49.48094177246094
2019-02-19,51.56849670410156
2019-02-20,52.80861282348633
2019-02-21,53.056640625
2019-02-22,55.040828704833984
2019-02-25,54.71013259887695
2019-02-26,55.536888122558594
2019-02-27,55.4542121887207
2019-02-28,56.36363220214844
2019-03-01,56.756343841552734
2019-03-05,59.52595901489258
2019-03-06,59.38127136230469
2019-03-07,59.8153190612793
2019-03-08,59.07124328613281
2019-03-11,60.12368774414063
2019-03-12,59.74301528930664
2019-03-13,60.32522964477539
2019-03-14,61.64636993408203
2019-03-15,64.91566467285156
2019-03-18,65.13959503173828
2019-03-19,66.46074676513672
2019-03-20,64.89326477050781
2019-03-22,63.124271392822266
2019-03-25,69.5956802368164
2019-03-26,68.3864974975586
2019-03-27,66.81903076171875
2019-03-28,66.8414306640625
2019-04-01,65.13959503173828
2019-04-02,65.99050903320312
2019-04-03,67.6251449584961
2019-04-04,67.8042984008789
2019-04-05,69.10304260253906
2019-04-08,67.31165313720703
2019-04-09,68.74478149414062
2019-04-10,67.42362213134766
2019-04-11,67.89385223388672
2019-04-12,69.48371887207031
2019-04-15,68.4760513305664
2019-04-16,67.37882995605469
2019-04-18,68.61042022705078
2019-04-22,66.10246276855469
2019-04-23,65.92333221435547
2019-04-24,67.49081420898438
2019-04-25,66.8637924194336
2019-04-26,65.36351013183594
2019-04-30,66.08008575439453
2019-05-02,64.75890350341797
2019-05-03,63.81842803955078
2019-05-06,63.52732849121094
2019-05-07,62.56446838378906
2019-05-08,61.64636993408203
2019-05-09,61.19852828979492
2019-05-10,60.99699020385742
2019-05-13,60.34761047363281
2019-05-14,60.59391784667969
2019-05-15,60.616310119628906
2019-05-16,60.70589828491211
2019-05-17,61.041770935058594
2019-05-20,65.18437194824219
2019-05-21,62.85557556152344
2019-05-22,63.50493621826172
2019-05-23,63.9975700378418
2019-05-24,64.66934204101562
2019-05-27,65.90094757080078
2019-05-28,64.55740356445312
2019-05-29,65.0052261352539
2019-05-30,64.35585021972656
2019-05-31,64.73652648925781
2019-06-03,65.0500259399414
2019-06-04,66.57269287109375
2019-06-06,66.8414306640625
2019-06-07,67.93864440917969
2019-06-10,68.3193130493164
2019-06-11,69.79722595214844
2019-06-12,68.87911987304688
2019-06-13,69.57328796386719
2019-06-14,70.1554946899414
2019-06-17,68.05060577392578
2019-06-18,69.19261169433594
2019-06-19,69.506103515625
2019-06-20,69.9539566040039
2019-06-21,69.2374038696289
2019-06-24,69.77481842041016
2019-06-25,72.0588607788086
2019-06-26,73.44717407226562
2019-06-27,72.99933624267578
2019-06-28,73.80546569824219
2019-07-01,72.64105987548828
2019-07-02,73.98460388183594
2019-07-03,75.01465606689453
2019-07-04,74.96987915039062
2019-07-05,74.63398742675781
2019-07-08,71.85731506347656
2019-07-09,61.489627838134766
2019-07-10,64.08714294433594
2019-07-11,64.91566467285156
2019-07-12,66.63988494873047
2019-07-15,67.0653305053711
2019-07-16,69.03587341308594
2019-07-17,68.72237396240234
2019-07-18,66.10246276855469
2019-07-19,66.1248779296875
2019-07-22,66.99816131591797
2019-07-23,66.05767822265625
2019-07-24,63.9975700378418
2019-07-25,65.60982513427734
2019-07-26,63.59450912475586
2019-07-29,63.25864028930664
2019-07-30,60.59391784667969
2019-07-31,62.81076431274414
2019-08-01,61.041770935058594
2019-08-02,60.2580451965332
2019-08-05,59.83259201049805
2019-08-06,62.004638671875
2019-08-07,60.88502502441406
2019-08-08,63.14666748046875
2019-08-09,64.08714294433594
2019-08-13,63.05709457397461
2019-08-14,64.55740356445312
2019-08-16,66.37116241455078
2019-08-19,65.85614013671875
2019-08-20,64.91566467285156
2019-08-21,63.57212448120117
2019-08-22,62.049434661865234
2019-08-23,63.57212448120117
2019-08-26,64.04236602783203
2019-08-27,64.98283386230469
2019-08-28,63.10188293457031
2019-08-29,62.16138458251953
2019-08-30,64.6021728515625
2019-09-03,62.609256744384766
2019-09-04,64.89326477050781
2019-09-05,63.86320877075195
2019-09-06,67.46839141845703
2019-09-09,67.51319122314453
2019-09-11,66.77425384521484
2019-09-12,66.14725494384766
2019-09-13,65.83374786376953
2019-09-16,64.15432739257812
2019-09-17,61.22089767456055
2019-09-18,59.22799682617188
2019-09-19,56.40653610229492
2019-09-20,57.79487609863281
2019-09-23,58.869720458984375
2019-09-24,57.79487609863281
2019-09-25,56.83199691772461
2019-09-26,57.59333038330078
2019-09-27,56.540897369384766
2019-09-30,55.15257263183594
2019-10-01,55.354095458984375
2019-10-03,55.913909912109375
2019-10-04,55.95868682861328
2019-10-07,54.99581146240234
2019-10-09,55.95868682861328
2019-10-10,56.45133972167969
2019-10-11,55.10778427124024
2019-10-14,55.95868682861328
2019-10-15,55.19734954833984
2019-10-16,56.182613372802734
2019-10-17,55.75716400146485
2019-10-18,58.44425582885742
2019-10-22,59.92215347290039
2019-10-23,61.44484329223633
2019-10-24,60.10129165649414
2019-10-25,61.06415557861328
2019-10-27,60.84024429321289
2019-10-29,61.041770935058594
2019-10-30,61.5344123840332
2019-10-31,62.609256744384766
2019-11-01,63.41539001464844
2019-11-04,63.10188293457031
2019-11-05,61.5344123840332
2019-11-06,61.66876602172852
2019-11-07,63.95280075073242
2019-11-08,62.13898849487305
2019-11-11,62.92275238037109
2019-11-13,61.78071594238281
2019-11-14,60.50433349609375
2019-11-15,60.03411865234375
2019-11-18,62.85557556152344
2019-11-19,64.01997375488281
2019-11-20,64.93807220458984
2019-11-21,62.004638671875
2019-11-22,62.56446838378906
2019-11-25,62.43011093139648
2019-11-26,61.78071594238281
2019-11-27,60.95220565795898
2019-11-28,62.02703094482422
2019-11-29,61.75833511352539
2019-12-02,61.75833511352539
2019-12-03,58.55620956420898
2019-12-04,59.60865783691406
2019-12-05,60.07889938354492
2019-12-06,57.7724723815918
2019-12-09,58.08597946166992
2019-12-10,57.95161056518555
2019-12-11,59.83259201049805
2019-12-12,60.4595832824707
2019-12-13,60.9745979309082
2019-12-16,60.88502502441406
2019-12-17,61.80312347412109
2019-12-18,61.2880744934082
2019-12-19,61.5344123840332
2019-12-20,61.46721267700195
2019-12-23,61.10896682739258
2019-12-24,61.51201629638672
2019-12-26,62.004638671875
2019-12-27,63.39297103881836
2019-12-30,63.25864028930664
2019-12-31,64.08714294433594
2020-01-01,64.46780395507812
2020-01-02,65.13959503173828
2020-01-03,64.04236602783203
2020-01-06,62.20619583129883
2020-01-07,63.03471755981445
2020-01-08,62.07181930541992
2020-01-09,63.79604721069336
2020-01-10,63.70647048950195
2020-01-13,64.22149658203125
2020-01-14,63.70647048950195
2020-01-15,63.77364730834961
2020-01-16,63.16904830932617
2020-01-17,63.14666748046875
2020-01-20,61.44484329223633
2020-01-21,60.190860748291016
2020-01-22,60.7282829284668
2020-01-23,62.20619583129883
2020-01-24,63.34820556640625
2020-01-27,64.53498840332031
2020-01-28,64.91566467285156
2020-01-29,65.85614013671875
2020-01-30,66.28160095214844
2020-01-31,64.35585021972656
2020-02-03,61.71354293823242
2020-02-04,63.70647048950195
2020-02-05,67.6027603149414
2020-02-06,68.3864974975586
2020-02-07,69.43894958496094
2020-02-10,68.90151977539062
2020-02-11,68.44329833984375
2020-02-12,68.44329833984375
2020-02-13,67.86448669433594
2020-02-14,67.3580551147461
2020-02-17,66.61042022705078
2020-02-18,66.05574035644531
2020-02-19,66.17633056640625
2020-02-20,67.50275421142578
2020-02-24,65.6939926147461
2020-02-25,64.56050872802734
2020-02-26,62.58293914794922
2020-02-27,60.91886901855469
2020-02-28,56.81903076171875
2020-03-02,56.79492568969727
2020-03-03,57.75959014892578
2020-03-04,56.60198211669922
2020-03-05,57.08430480957031
2020-03-06,55.61320495605469
2020-03-09,51.89921188354492
2020-03-11,50.57280349731445
2020-03-12,44.905364990234375
2020-03-13,48.64345550537109
2020-03-16,45.65299606323242
2020-03-17,44.85713195800781
2020-03-18,46.25590896606445
2020-03-19,43.02426528930664
2020-03-20,44.20598602294922
2020-03-23,39.14145660400391
2020-03-24,39.28616714477539
2020-03-25,40.46788787841797
2020-03-26,42.32487487792969
2020-03-27,40.99845123291016
2020-03-30,41.02256774902344
2020-03-31,42.80720901489258
2020-04-01,41.93901824951172
2020-04-03,41.02256774902344
2020-04-07,41.96312713623047
2020-04-08,42.25252532958984
2020-04-09,42.92779159545898
2020-04-13,42.397220611572266
2020-04-15,43.578948974609375
2020-04-16,43.89246368408203
2020-04-17,46.06296920776367
2020-04-20,45.58063888549805
2020-04-21,44.109519958496094
2020-04-22,43.578948974609375
2020-04-23,44.30245208740234
2020-04-24,43.09660720825195
2020-04-27,42.83131790161133
2020-04-28,42.97602081298828
2020-04-29,44.97771072387695
2020-04-30,46.08707809448242
2020-05-04,43.43424224853516
2020-05-05,43.48248291015625
2020-05-06,44.13363265991211
2020-05-07,44.18185806274414
2020-05-08,42.22840118408203
2020-05-11,43.00014114379883
2020-05-12,43.14485549926758
2020-05-13,48.52287673950195
2020-05-14,48.16112518310547
2020-05-15,47.2205810546875
2020-05-18,43.6754150390625
2020-05-19,42.13194274902344
2020-05-20,42.25252532958984
2020-05-21,42.80720901489258
2020-05-22,41.43255615234375
2020-05-26,40.612586975097656
2020-05-27,41.60136795043945
2020-05-28,42.397220611572266
2020-05-29,42.71074295043945
2020-06-01,45.26711654663086
2020-06-02,45.484169006347656
2020-06-03,45.050071716308594
2020-06-04,45.09830093383789
2020-06-05,48.13701248168945
2020-06-08,48.8846321105957
2020-06-09,46.68999481201172
2020-06-10,48.66757583618164
2020-06-11,49.1016731262207
2020-06-12,51.15160369873047
2020-06-15,50.50043869018555
2020-06-16,51.82686233520508
2020-06-17,51.15160369873047
2020-06-18,51.70627975463867
2020-06-19,51.416873931884766
2020-06-22,55.17909622192383
2020-06-23,54.26267623901367
2020-06-24,54.45558166503906
2020-06-25,55.251441955566406
2020-06-26,54.334999084472656
2020-06-29,52.91211700439453
2020-06-30,52.1403923034668
2020-07-01,52.38156127929688
2020-07-02,52.35742950439453
2020-07-03,52.236854553222656
2020-07-06,53.82856750488281
2020-07-07,52.309200286865234
2020-07-08,51.97157287597656
2020-07-09,51.46511459350586
2020-07-10,50.52456283569336
2020-07-13,50.40399169921875
2020-07-14,49.82517623901367
2020-07-15,48.9810905456543
2020-07-16,49.72870635986328
2020-07-17,50.45220184326172
2020-07-20,51.05513000488281
2020-07-21,52.236854553222656
2020-07-22,51.9233283996582
2020-07-23,51.9233283996582
2020-07-24,51.344539642333984
2020-07-27,48.64345550537109
2020-07-28,48.37818145751953
2020-07-29,49.46342849731445
2020-07-30,48.66757583618164
2020-07-31,48.30582046508789
2020-08-03,48.450531005859375
2020-08-04,48.32993698120117
2020-08-05,48.932865142822266
2020-08-06,51.46511459350586
2020-08-07,51.00690841674805
2020-08-10,52.09215927124024
2020-08-11,51.00690841674805
2020-08-12,52.309200286865234
2020-08-13,53.27387619018555
2020-08-14,52.09215927124024
2020-08-17,53.29799270629883
2020-08-18,53.39445877075195
2020-08-19,54.793216705322266
2020-08-20,55.27556610107422
2020-08-21,54.35912704467773
2020-08-24,53.63563919067383
2020-08-25,54.407371520996094
2020-08-26,54.19030380249024
2020-08-27,53.418575286865234
2020-08-28,53.80443954467773
2020-08-31,51.19983673095703
2020-09-01,53.73209762573242
2020-09-02,54.31089019775391
2020-09-03,54.09383773803711
2020-09-04,53.03269958496094
2020-09-07,53.008583068847656
2020-09-08,52.04391479492188
2020-09-09,51.344539642333984
2020-09-10,51.73040008544922
2020-09-11,51.77863311767578
2020-09-14,51.73040008544922
2020-09-15,52.47802734375
2020-09-16,52.50213623046875
2020-09-17,52.40568923950195
2020-09-18,52.09215927124024
2020-09-21,49.46342849731445
2020-09-22,49.24637985229492
2020-09-23,48.23347473144531
2020-09-24,45.96649932861328
2020-09-25,47.7752571105957
2020-09-28,49.24637985229492
2020-09-29,48.30582046508789
2020-09-30,47.79937362670898
2020-10-01,49.41518783569336
2020-10-05,47.702911376953125
2020-10-06,48.37818145751953
2020-10-07,47.8234977722168
2020-10-08,47.7752571105957
2020-10-09,47.29292678833008
2020-10-12,46.20766830444336
2020-10-13,44.66421127319336
2020-10-14,46.038848876953125
2020-10-15,45.07418441772461
2020-10-16,45.33946990966797
2020-10-19,46.304141998291016
2020-10-20,47.00352478027344
2020-10-21,47.91996383666992
2020-10-22,48.8846321105957
2020-10-23,48.40229415893555
2020-10-26,47.6546745300293
2020-10-27,49.29460906982422
2020-10-28,48.61933898925781
2020-10-29,48.40229415893555
2020-10-30,49.60812759399414
2020-11-02,50.30751037597656
2020-11-03,50.54868698120117
2020-11-04,50.45220184326172
2020-11-05,52.38156127929688
2020-11-06,52.164493560791016
2020-11-09,52.69507598876953
2020-11-10,53.9732551574707
2020-11-11,56.19200134277344
2020-11-12,57.20489883422852
2020-11-13,58.62739562988281
2020-11-14,58.06856536865234
2020-11-17,58.67821502685547
2020-11-18,59.08464050292969
2020-11-19,58.1193733215332
2020-11-20,57.687538146972656
2020-11-23,58.703609466552734
2020-11-24,59.41484451293945
2020-11-25,59.36406326293945
2020-11-26,61.92962646484375
2020-11-27,61.70102691650391
2020-12-01,61.37079620361328
2020-12-02,61.77723693847656
2020-12-03,64.24120330810547
2020-12-04,64.64765167236328
2020-12-07,66.2479476928711
2020-12-08,65.00325775146484
2020-12-09,69.01675415039062
2020-12-10,67.03540802001953
2020-12-11,69.16914367675781
2020-12-14,70.87109375
2020-12-15,72.01417541503906
2020-12-16,71.81095886230469
2020-12-17,69.98200988769531
2020-12-18,69.98200988769531
2020-12-21,66.01934051513672
2020-12-22,66.62898254394531
2020-12-23,67.03540802001953
2020-12-24,68.02609252929688
2020-12-28,68.83893585205078
2020-12-29,68.66111755371094
2020-12-30,67.36563110351562
2020-12-31,68.02609252929688
2021-01-01,68.43250274658203
2021-01-04,69.80421447753906
2021-01-05,70.6678695678711
2021-01-06,71.65852355957031
2021-01-07,72.6745834350586
2021-01-08,73.53827667236328
2021-01-11,72.16658020019531
2021-01-12,73.3604507446289
2021-01-13,72.82701110839844
2021-01-14,72.92863464355469
2021-01-15,73.8685073852539
2021-01-18,71.58234405517578
2021-01-19,74.93537139892578
2021-01-20,74.17332458496094
2021-01-21,72.39518737792969
2021-01-22,71.1759033203125
2021-01-25,70.0074234008789
2021-01-27,69.37236785888672
2021-01-28,70.21064758300781
2021-01-29,67.31482696533203
2021-02-01,70.08362579345703
2021-02-02,73.00484466552734
2021-02-03,75.39261627197266
2021-02-04,77.3231430053711
2021-02-05,74.98616027832031
2021-02-08,75.74822998046875
2021-02-09,74.4527587890625
2021-02-10,74.57975769042969
2021-02-11,74.19871520996094
2021-02-12,74.83375549316406
2021-02-15,77.60255432128906
2021-02-16,78.085205078125
2021-02-17,77.06914520263672
2021-02-18,78.3138198852539
2021-02-19,74.02091217041016
2021-02-22,70.87109375
2021-02-23,70.9472885131836
2021-02-24,70.23603820800781
2021-02-25,72.92863464355469
2021-02-26,68.83893585205078
2021-03-01,70.59166717529297
2021-03-02,71.12508392333984
2021-03-03,74.30032348632812
2021-03-04,74.04630279541016
2021-03-05,72.6745834350586
2021-03-08,74.40194702148438
2021-03-09,74.98616027832031
2021-03-10,76.81512451171875
2021-03-12,76.73889923095703
2021-03-15,77.57716369628906
2021-03-16,78.49161529541016
2021-03-17,76.78971099853516
2021-03-18,74.21517181396484
2021-03-19,75.21346282958984
2021-03-22,73.1380615234375
2021-03-23,73.32194519042969
2021-03-24,71.03639221191406
2021-03-25,68.69828796386719
2021-03-26,68.98725891113281
2021-03-30,67.54237365722656
2021-03-31,68.90846252441406
2021-04-01,69.7491226196289
2021-04-05,68.40930938720703
2021-04-06,69.30252075195312
2021-04-07,70.35335540771484
2021-04-08,69.48641204833984
2021-04-09,69.4075927734375
2021-04-12,65.70340728759766
2021-04-13,68.82964324951172
2021-04-15,67.30591583251953
2021-04-16,66.78050231933594
2021-04-19,65.96611785888672
2021-04-20,65.99238586425781
2021-04-22,65.86102294921875
2021-04-23,66.38643646240234
2021-04-26,67.41099548339844
2021-04-27,67.30591583251953
2021-04-28,67.54237365722656
2021-04-29,67.17456817626953
2021-04-30,67.30591583251953
2021-05-03,66.91185760498047
2021-05-04,67.88387298583984
2021-05-05,68.33049011230469
2021-05-06,68.61946868896484
2021-05-07,68.93473052978516
2021-05-10,71.19401550292969
2021-05-11,74.29398345947266
2021-05-12,73.34822082519531
2021-05-14,73.03296661376953
2021-05-17,74.37279510498047
2021-05-18,74.7405776977539
2021-05-19,74.504150390625
2021-05-20,74.00499725341797
2021-05-21,75.76514434814453
2021-05-24,75.97530364990234
2021-05-25,75.18718719482422
2021-05-26,74.29398345947266
2021-05-27,75.05582427978516
2021-05-28,76.78970336914062
2021-05-31,76.65835571289062
2021-06-01,76.42190551757812
2021-06-02,77.91935729980469
2021-06-03,77.84054565429688
2021-06-04,79.15409088134766
2021-06-07,80.70407104492188
2021-06-08,81.25575256347656
2021-06-09,86.14212799072266
2021-06-10,85.80062103271484
2021-06-11,84.80230712890625
2021-06-14,83.22605895996094
2021-06-15,82.17523193359375
2021-06-16,81.99134826660156
2021-06-17,78.97018432617188
2021-06-18,77.26258850097656
2021-06-21,77.6041030883789
2021-06-22,76.18547058105469
2021-06-23,76.1592025756836
2021-06-24,74.2677001953125
2021-06-25,75.31851196289062
2021-06-28,74.89820098876953
2021-06-29,75.13463592529297
2021-06-30,78.05070495605469
2021-07-01,76.47445678710938
2021-07-02,75.89649963378906
2021-07-05,76.63209533691406
2021-07-06,75.94903564453125
2021-07-07,75.6600570678711
2021-07-08,75.37107849121094
2021-07-09,76.36937713623047
2021-07-12,77.31513214111328
2021-07-13,78.1032485961914
2021-07-14,77.7354507446289
2021-07-15,79.20663452148438
2021-07-16,79.67952728271484
2021-07-19,79.54815673828125
2021-07-20,79.54815673828125
2021-07-22,80.20492553710938
2021-07-23,80.3362808227539
2021-07-26,79.20663452148438
2021-07-27,76.26429748535156
2021-07-28,76.31684112548828
2021-07-29,79.54815673828125
2021-07-30,79.39049530029297
2021-08-02,82.30657958984375
2021-08-03,81.70235443115234
2021-08-04,81.12439727783203
2021-08-05,81.49219512939453
2021-08-06,82.20149993896484
2021-08-09,80.57271575927734
2021-08-10,77.97189331054688
2021-08-11,78.1032485961914
2021-08-12,79.33797454833984
2021-08-13,78.19317626953125
2021-08-16,80.85550689697266
2021-08-17,78.5925064086914
2021-08-18,78.8321304321289
2021-08-20,76.64901733398438
2021-08-23,74.8386001586914
2021-08-24,76.88863372802734
2021-08-25,77.34123229980469
2021-08-26,76.7288818359375
2021-08-27,77.90032196044922
2021-08-30,79.79056549072266
2021-08-31,80.77566528320312
2021-09-01,81.2548828125
2021-09-02,81.44124603271484
2021-09-03,82.13343811035156
2021-09-06,81.33474731445312
2021-09-07,80.32304382324219
2021-09-08,83.89057922363281
2021-09-09,83.75749206542969
2021-09-13,84.15682220458984
2021-09-14,83.83734130859375
2021-09-15,85.8873519897461
2021-09-16,84.11676025390625
2021-09-17,84.52037811279297
2021-09-20,81.42588806152344
2021-09-21,81.74878692626953
2021-09-22,82.1255111694336
2021-09-23,83.6324234008789
2021-09-24,82.1255111694336
2021-09-27,81.58733367919922
2021-09-28,85.73129272460938
2021-09-29,87.37272644042969
2021-09-30,84.95092010498047
2021-10-01,84.00912475585938
2021-10-04,85.48910522460938
2021-10-05,86.99597930908203
2021-10-06,84.6549301147461
2021-10-07,85.11238861083984
2021-10-08,84.8971176147461
2021-10-11,85.6774673461914
2021-10-12,85.91966247558594
2021-10-13,86.10801696777344
2021-10-14,88.66433715820312
2021-10-18,88.85269927978516
2021-10-19,84.70875549316406
2021-10-20,82.6636962890625
2021-10-21,83.20186614990234
2021-10-22,81.23753356933594
2021-10-25,79.94589233398438
2021-10-26,81.64116668701172
2021-10-27,84.0360336303711
2021-10-28,80.75315856933594
2021-10-29,79.99972534179688
2021-11-01,80.83389282226562
2021-11-02,81.3720703125
2021-11-03,82.23314666748047
2021-11-04,82.50224304199219
2021-11-08,83.25568389892578
2021-11-09,82.20623779296875
2021-11-10,82.85205841064453
2021-11-11,81.94940185546875
2021-11-12,79.67911529541016
2021-11-15,77.73705291748047
2021-11-16,76.58824157714844
2021-11-17,75.71295166015625
2021-11-18,74.53675842285156
2021-11-22,72.97764587402344
2021-11-23,73.8802719116211
2021-11-24,73.6614761352539
2021-11-25,73.14175415039062
2021-11-26,71.14500427246094
2021-11-29,70.51587677001953
2021-11-30,73.60675048828125
2021-12-01,73.55204772949219
2021-12-02,73.57939910888672
2021-12-03,72.51263427734375
2021-12-06,72.64939880371094
2021-12-07,73.60675048828125
2021-12-08,74.4820556640625
2021-12-09,74.81029510498047
2021-12-10,74.53675842285156
2021-12-13,74.89234161376953
2021-12-14,74.864990234375
2021-12-15,73.8802719116211
2021-12-16,73.19644927978516
2021-12-17,71.82881164550781
2021-12-20,69.17557525634766
2021-12-21,69.58589172363281
2021-12-22,70.67998504638672
2021-12-23,72.51263427734375
2021-12-24,71.8835220336914
2021-12-27,71.99293518066406
2021-12-28,72.3211669921875
2021-12-29,72.18440246582031
2021-12-30,71.69205474853516
2021-12-31,73.19644927978516
2022-01-03,74.01703643798828
2022-01-04,74.50942993164062
2022-01-05,74.64617156982422
2022-01-06,74.864990234375
2022-01-07,74.61882019042969
2022-01-10,76.6429214477539
2022-01-11,75.49410247802734
2022-01-12,76.12323760986328
2022-01-13,76.61558532714844
2022-01-14,76.15058135986328
2022-01-17,76.47880554199219
2022-01-18,74.61882019042969
2022-01-19,75.41206359863281
2022-01-20,75.52144622802734
2022-01-21,72.7041244506836
2022-01-24,70.70733642578125
2022-01-25,71.96558380126953
2022-01-27,73.52470397949219
2022-01-28,73.96234130859375
2022-01-31,75.84972381591797
2022-02-01,76.342041015625
2022-02-02,77.7096939086914
2022-02-03,76.91645812988281
2022-02-04,76.91645812988281
2022-02-07,75.05645751953125
2022-02-08,74.01703643798828
2022-02-09,75.68556213378906
2022-02-10,77.05322265625
2022-02-11,76.01382446289062
2022-02-14,73.16911315917969
2022-02-15,74.11414337158203
2022-02-16,74.45780181884766
2022-02-17,72.65363311767578
2022-02-18,72.30998229980469
2022-02-21,71.88043212890625
2022-02-22,70.87809753417969
2022-02-23,71.56539916992188
2022-02-24,67.01201629638672
2022-02-25,69.04530334472656
2022-02-28,70.19078826904297
2022-03-02,69.99034118652344
2022-03-03,70.30535888671875
2022-03-04,70.76355743408203
2022-03-07,69.1312026977539
2022-03-08,70.50581359863281
2022-03-09,71.0499267578125
2022-03-10,70.9640121459961
2022-03-11,71.99496459960938
2022-03-14,70.87809753417969
2022-03-15,69.9044418334961
2022-03-16,70.6776351928711
2022-03-17,72.02360534667969
2022-03-21,71.36495208740234
2022-03-22,71.93769836425781
2022-03-23,72.338623046875
2022-03-24,71.65132904052734
2022-03-25,71.16447448730469
2022-03-28,70.47718048095703
2022-03-29,70.30535888671875
2022-03-30,70.7062759399414
2022-03-31,70.47718048095703
2022-04-01,72.65363311767578
2022-04-04,75.20238494873047
2022-04-05,75.83241271972656
2022-04-06,76.4624252319336
2022-04-07,76.20470428466797
2022-04-08,76.63423919677734
2022-04-11,76.69154357910156
2022-04-12,74.91598510742188
2022-04-13,74.74419403076172
2022-04-18,74.91598510742188
2022-04-19,74.14279174804688
2022-04-20,73.62731170654297
2022-04-21,74.45780181884766
2022-04-22,73.59867858886719
2022-04-25,72.16677856445312
2022-04-26,73.42684936523438
2022-04-27,72.76818084716797
2022-04-28,73.02592468261719
2022-04-29,72.73953247070312
2022-05-02,72.45316314697266
2022-05-04,70.7062759399414
2022-05-05,70.62037658691406
2022-05-06,70.19078826904297
2022-05-09,69.84716796875
2022-05-10,68.93075561523438
2022-05-11,67.92842864990234
2022-05-12,66.38200378417969
2022-05-13,65.29376983642578
2022-05-16,66.18152618408203
2022-05-17,68.0429916381836
2022-05-18,67.61341857910156
2022-05-19,66.5538330078125
2022-05-20,67.44158935546875
2022-05-23,68.15752410888672
2022-05-24,67.64204406738281
2022-05-25,66.69700622558594
2022-05-26,67.9856948852539
2022-05-27,68.70164489746094
2022-05-30,68.75892639160156
2022-05-31,68.24343872070312
2022-06-01,68.15752410888672
2022-06-02,69.21710968017578
2022-06-03,68.24343872070312
2022-06-06,66.18152618408203
2022-06-07,66.58246612548828
2022-06-08,68.01434326171875
2022-06-09,67.58477020263672
2022-06-10,67.47023010253906
2022-06-13,65.49421691894531
2022-06-14,65.00739288330078
2022-06-15,65.12194061279297
2022-06-16,64.17691040039062
2022-06-17,64.6064682006836
2022-06-20,63.69003677368164
2022-06-21,66.35334014892578
2022-06-22,66.03833770751953
2022-06-23,66.95476531982422
2022-06-24,67.5561294555664
2022-06-27,68.35800170898438
2022-06-28,68.84483337402344
2022-06-29,68.73026275634766
2022-06-30,70.87809753417969
2022-07-01,71.99496459960938
2022-07-04,73.91368865966797
2022-07-05,73.45549774169922
2022-07-06,74.25733947753906
2022-07-07,74.42916107177734
2022-07-08,74.91598510742188
2022-07-11,74.74419403076172
2022-07-12,73.82251739501953
2022-07-13,72.63326263427734
2022-07-14,72.12783813476562
2022-07-15,72.30622863769531
2022-07-18,73.52520751953125
2022-07-19,74.92256164550781
2022-07-20,74.38740539550781
2022-07-21,74.86309051513672
2022-07-22,75.01176452636719
2022-07-25,76.1712646484375
2022-07-26,75.24959564208984
2022-07-27,76.88481903076172
2022-07-28,77.00375366210938
2022-07-29,77.89568328857422
2022-08-01,78.99573516845703
2022-08-02,79.88765716552734
2022-08-03,79.53089904785156
2022-08-04,78.90653228759766
2022-08-05,79.38224792480469
2022-08-08,79.35250854492188
2022-08-10,79.44169616699219
2022-08-11,80.54175567626953
2022-08-12,81.52287292480469
2022-08-16,81.70128631591797
2022-08-17,83.64371490478516
2022-08-18,83.60407257080078
2022-08-19,83.16801452636719
2022-08-22,81.93912506103516
2022-08-23,83.56442260742188
2022-08-24,83.72300720214844
2022-08-25,85.46723175048828
2022-08-26,86.10148620605469
2022-08-29,85.03118133544922
2022-08-30,86.22041320800781
2022-09-01,85.15009307861328
2022-09-02,84.95188903808594
2022-09-05,84.23834991455078
2022-09-06,85.58613586425781
2022-09-07,85.50687408447266
2022-09-08,84.39689636230469
2022-09-09,83.52479553222656
2022-09-12,84.04014587402344
2022-09-13,84.07978820800781
2022-09-14,83.36621856689453
2022-09-15,84.35726165771484
2022-09-16,82.49409484863281
2022-09-19,81.74090576171875
2022-09-20,82.09770202636719
2022-09-21,81.54271697998047
2022-09-22,82.1769790649414
2022-09-23,80.3138198852539
2022-09-26,77.57855224609375
2022-09-27,76.78572845458984
2022-09-28,75.83432006835938
2022-09-29,74.72434997558594
2022-09-30,74.5261459350586
2022-10-03,72.78192138671875
2022-10-04,74.2486572265625
2022-10-06,75.71539306640625
2022-10-07,75.43791198730469
2022-10-10,73.73332214355469
2022-10-11,72.98013305664062
2022-10-12,73.25762939453125
2022-10-13,72.9008560180664
2022-10-14,72.86119842529297
2022-10-17,72.66299438476562
2022-10-18,74.44686126708984
2022-10-19,74.28829956054688
2022-10-20,74.2486572265625
2022-10-21,74.2486572265625
2022-10-24,75.04150390625
2022-10-25,74.84330749511719
2022-10-27,76.50821685791016
2022-10-28,79.1642074584961
2022-10-31,81.30484771728516
2022-11-01,81.78054809570312
2022-11-02,81.978759765625
2022-11-03,82.57339477539062
2022-11-04,82.4544677734375
2022-11-07,84.57829284667969
2022-11-09,83.99527740478516
2022-11-10,82.99584197998047
2022-11-11,83.20404052734375
2022-11-14,83.37062072753906
2022-11-15,83.49555969238281
2022-11-16,83.03746795654297
2022-11-17,83.53721618652344
2022-11-18,83.3289794921875
2022-11-21,82.99584197998047
2022-11-22,83.03746795654297
2022-11-23,82.95418548583984
2022-11-24,86.03582763671875
2022-11-25,90.8248519897461
2022-11-28,91.82429504394533
2022-11-29,91.1579818725586
2022-11-30,91.90757751464844
2022-12-01,92.40731048583984
2022-12-02,92.4489517211914
2022-12-05,93.15689086914062
2022-12-06,92.36566162109376
2022-12-07,94.15634155273438
2022-12-08,95.19743347167967
2022-12-09,92.99031066894533
2022-12-12,93.73991394042967
2022-12-13,93.24017333984376
2022-12-14,94.36457061767578
2022-12-15,95.11415100097656
2022-12-16,92.36566162109376
2022-12-19,94.36457061767578
2022-12-20,93.49004364013672
2022-12-21,91.65773010253906
2022-12-22,93.6982421875
2022-12-23,90.5749740600586
2022-12-26,94.94756317138672
2022-12-27,94.4894790649414
2022-12-28,94.40621185302734
2022-12-29,94.82262420654295
2022-12-30,97.0297393798828
2023-01-02,100.27796173095705
2023-01-03,102.44342041015624
2023-01-04,101.77713012695312
2023-01-05,103.15137481689452
2023-01-06,103.02642822265624
2023-01-09,104.56724548339844
2023-01-10,102.56834411621094
2023-01-11,101.40234375
2023-01-12,100.48617553710938
2023-01-13,102.27686309814452
2023-01-16,102.81822204589844
2023-01-17,102.52671813964844
2023-01-18,103.02642822265624
2023-01-19,102.90151977539062
2023-01-20,103.35958862304688
2023-01-23,103.56781005859376
2023-01-24,102.36014556884766
2023-01-25,100.36125183105467
2023-01-27,95.9053955078125
2023-01-30,96.5716781616211
2023-01-31,101.40234375
2023-02-01,97.82098388671876
2023-02-02,98.07083129882812
2023-02-03,98.9037094116211
2023-02-06,100.8609619140625
2023-02-07,100.44452667236328
2023-02-08,100.65274047851562
2023-02-09,100.39598846435548
2023-02-10,100.13922119140624
2023-02-13,97.61434173583984
2023-02-14,97.1864013671875
2023-02-15,99.15493774414062
2023-02-16,99.66847229003906
2023-02-17,98.9409637451172
2023-02-20,97.1864013671875
2023-02-21,97.52875518798828
2023-02-22,95.90257263183594
2023-02-23,96.54447174072266
2023-02-24,96.71565246582033
2023-02-27,95.774169921875
2023-02-28,97.82831573486328
2023-03-01,98.47021484375
2023-03-02,99.06935119628906
2023-03-03,101.1234893798828
2023-03-06,103.94791412353516
2023-03-08,106.68677520751952
2023-03-09,107.88502502441406
2023-03-10,104.76101684570312
2023-03-13,102.4073257446289
2023-03-14,100.1820068359375
2023-03-15,99.92523956298828
2023-03-16,100.31037902832033
2023-03-17,101.294677734375
2023-03-20,99.41170501708984
2023-03-21,101.55144500732422
2023-03-22,101.4230499267578
2023-03-23,100.4815673828125
2023-03-24,98.5558090209961
2023-03-27,98.47021484375
2023-03-28,97.65714263916016
2023-03-29,99.06935119628906
2023-03-31,98.81257629394533
2023-04-03,100.22480010986328
2023-04-05,100.73834228515624
2023-04-06,101.63701629638672
2023-04-10,106.17324829101562
2023-04-11,106.43000030517578
2023-04-12,105.53132629394533
2023-04-13,103.86233520507812
2023-04-17,105.18898010253906
2023-04-18,105.488525390625
2023-04-19,105.14617919921876
2023-04-20,105.01779174804688
2023-04-21,104.33309173583984
2023-04-24,106.087646484375
2023-04-25,107.02912902832033
2023-04-26,107.24311065673828
2023-04-27,107.07192993164062
2023-04-28,113.10595703125
2023-05-02,116.78628540039062
2023-05-03,116.52952575683594
2023-05-04,117.1714324951172
2023-05-05,113.23434448242188
2023-05-08,114.3470230102539
2023-05-09,112.93477630615234
2023-05-10,112.50682830810548
2023-05-11,112.63522338867188
2023-05-12,113.70509338378906
2023-05-15,116.7007064819336
2023-05-16,113.53392028808594
2023-05-17,113.91907501220705
2023-05-18,110.8378448486328
2023-05-19,111.0946273803711
2023-05-22,110.40989685058594
2023-05-23,111.69374084472656
2023-05-24,112.03609466552734
2023-05-25,113.83346557617188
2023-05-26,114.21861267089844
2023-05-29,116.27277374267578
2023-05-30,120.12427520751952
2023-05-31,121.15133666992188
2023-06-01,120.33824157714844
2023-06-02,123.46222686767578
2023-06-05,124.31812286376952
2023-06-06,125.08841705322266
2023-06-07,125.43077087402344
2023-06-08,124.78887176513672
2023-06-09,127.57050323486328
2023-06-12,132.3206787109375
2023-06-13,132.5774688720703
2023-06-14,131.55039978027344
2023-06-15,129.7102508544922
2023-06-16,130.60891723632812
2023-06-19,131.67880249023438
2023-06-20,136.77134704589844
2023-06-21,140.2377166748047
2023-06-22,136.12940979003906
2023-06-23,133.51895141601562
2023-06-26,133.73292541503906
2023-06-27,137.79840087890625
2023-06-28,142.7197723388672
2023-06-30,140.92239379882812
2023-07-03,142.29183959960938
2023-07-04,140.92239379882812
2023-07-05,142.50582885742188
2023-07-06,141.77828979492188
2023-07-07,141.9922637939453
2023-07-10,142.84814453125
2023-07-11,144.98785400390625
2023-07-12,144.6455078125
2023-07-13,141.47872924804688
2023-07-14,140.9073486328125
2023-07-17,141.69847106933594
2023-07-18,140.7315673828125
2023-07-19,142.70936584472656
2023-07-20,142.1819610595703
2023-07-21,142.26988220214844
2023-07-24,152.02700805664062
2023-07-25,151.32376098632812
2023-07-26,152.55445861816406
2023-07-27,165.43209838867188
2023-07-28,170.7501983642578
2023-07-31,178.39767456054688
2023-08-01,175.80458068847656
2023-08-02,172.55223083496094
2023-08-03,175.40902709960938
2023-08-04,175.27716064453125
2023-08-07,186.3968200683593
2023-08-08,190.7479705810547
2023-08-09,191.4951629638672
2023-08-10,190.3963928222656
2023-08-11,197.16485595703125
2023-08-14,197.922103881836
2023-08-16,198.8130645751953
2023-08-17,209.4598083496093
2023-08-18,209.0588836669922
2023-08-21,212.84536743164065
2023-08-22,212.3553466796875
2023-08-23,213.8699645996093
2023-08-24,216.9436950683593
2023-08-25,213.2017364501953
2023-08-28,216.720932006836
2023-08-29,217.70098876953125
2023-08-30,218.36920166015625
2023-08-31,212.6226043701172
2023-09-01,212.7562561035156
2023-09-04,217.0328063964844
2023-09-05,214.0926818847656
2023-09-06,209.0588836669922
2023-09-07,218.7701110839844
2023-09-08,240.68722534179688
2023-09-11,240.9544982910156
2023-09-12,221.2647705078125
2023-09-13,217.7455291748047
2023-09-14,219.6165008544922
2023-09-15,218.19097900390625
2023-09-18,223.13571166992188
2023-09-20,226.5658264160156
2023-09-21,230.84234619140625
2023-09-22,241.35543823242188
2023-09-25,240.9544982910156
2023-09-26,238.14801025390625
2023-09-27,253.33856201171875
2023-09-28,250.62120056152344
2023-09-29,256.0559387207031
2023-10-03,259.9760131835937
2023-10-04,252.2693786621093
2023-10-05,248.8392791748047
2023-10-06,254.3631286621093
2023-10-09,249.8194122314453
2023-10-10,259.1741943359375
2023-10-11,259.7978515625
2023-10-12,258.1942138671875
2023-10-13,261.2679443359375
2023-10-16,261.9806213378906
2023-10-17,262.02520751953125
2023-10-18,257.4814453125
2023-10-19,262.8270874023437
2023-10-20,256.4568176269531
2023-10-23,247.9483642578125
2023-10-25,243.49366760253903
2023-10-26,236.76705932617188
2023-10-27,243.2709045410156
2023-10-30,248.0374755859375
2023-10-31,256.2341003417969
2023-11-01,252.0021514892578
2023-11-02,269.4200439453125
2023-11-03,270.7118530273437
2023-11-06,271.02374267578125
2023-11-07,274.8102111816406
2023-11-08,276.3693542480469
2023-11-09,283.318603515625
2023-11-10,290.17889404296875
2023-11-13,300.3558959960937
2023-11-15,300.6710510253906
2023-11-16,297.5188903808594
2023-11-17,306.0297241210937
2023-11-20,312.2890319824219
2023-11-21,305.3992919921875
2023-11-22,303.7781677246094
2023-11-23,307.33563232421875
2023-11-24,304.3635559082031
2023-11-28,305.3542175292969
2023-11-29,308.8216857910156
2023-11-30,314.04522705078125
2023-12-01,336.830810546875
2023-12-04,351.06060791015625
2023-12-05,353.1320495605469
2023-12-06,360.7873229980469
2023-12-07,355.383544921875
2023-12-08,365.1552429199219
2023-12-11,367.7670593261719
2023-12-12,367.6319580078125
2023-12-13,400.5945434570313
2023-12-14,398.1629028320313
2023-12-15,388.93157958984375
2023-12-18,391.8585815429688
2023-12-19,391.9035949707031
2023-12-20,364.254638671875
2023-12-21,371.2344665527344
2023-12-22,366.1909790039063
2023-12-26,377.358642578125
2023-12-27,369.7033996582031
2023-12-28,369.4782104492188
2023-12-29,371.81982421875
2024-01-01,382.6272277832031
2024-01-02,377.9891052246094
2024-01-03,381.4564514160156
2024-01-04,392.489013671875
2024-01-05,391.1380615234375
2024-01-08,391.7234802246094
2024-01-09,386.1846618652344
2024-01-10,378.9797058105469
2024-01-11,380.87103271484375
2024-01-12,385.9595642089844
2024-01-15,396.6318664550781
2024-01-16,394.4253234863281
2024-01-17,384.0232238769531
2024-01-18,382.1318664550781
2024-01-19,406.7187805175781
2024-01-23,391.5433349609375
2024-01-24,421.0386047363281
2024-01-25,423.4252014160156
2024-01-29,450.0384216308594
2024-01-30,443.148681640625
2024-01-31,449.4530029296875
2024-02-01,445.1300659179688
2024-02-02,447.5167236328125
2024-02-05,450.2185363769531
2024-02-06,452.9654541015625
2024-02-07,458.4141845703125
2024-02-08,459.1797180175781
2024-02-09,434.4578247070313
2024-02-12,408.4749450683594
2024-02-13,418.2916870117188
2024-02-14,433.7372741699219
2024-02-15,435.3133239746094
2024-02-16,426.577392578125
2024-02-19,421.5789489746094
2024-02-20,420.7684020996094
2024-02-21,408.8802490234375
2024-02-22,415.6798706054688
2024-02-23,417.8413391113281
2024-02-26,413.8336791992188
2024-02-27,399.1535949707031
2024-02-28,384.2033081054688
2024-02-29,398.1178588867188
2024-03-01,413.9687194824219
2024-03-04,418.7420043945313
2024-03-05,418.7420043945313
2024-03-06,422.9298706054688
2024-03-07,425.9018859863281
2024-03-11,436.0338439941406
2024-03-12,435.4484558105469
2024-03-13,403.92681884765625
2024-03-14,418.1565856933594
2024-03-15,402.30572509765625
2024-03-18,392.894287109375
2024-03-19,386.4097900390625
2024-03-20,380.9611206054688
2024-03-21,405.5029296875
2024-03-22,414.3739929199219
2024-03-26,415.5447998046875
2024-03-27,401.3150634765625
2024-03-28,410.3221435546875
2024-04-01,419.0107727050781
2024-04-02,421.9676208496094
2024-04-03,431.2930908203125
2024-04-04,431.1566162109375
2024-04-05,429.0641174316406
2024-04-08,412.5967102050781
2024-04-09,401.1330871582031
2024-04-10,408.0021057128906
2024-04-12,399.63189697265625
2024-04-15,390.3973693847656
2024-04-16,390.6248474121094
2024-04-18,389.9880065917969
2024-04-19,387.3495178222656
2024-04-22,395.3103637695313
2024-04-23,396.4930725097656
2024-04-24,400.13232421875
2024-04-25,410.549560546875
2024-04-26,415.7809753417969
2024-04-29,421.2397766113281
2024-04-30,461.4076843261719
2024-05-02,503.9410705566406
2024-05-03,507.48931884765625
2024-05-06,470.0053405761719
2024-05-07,461.3167114257813
2024-05-08,485.8359375
2024-05-09,465.1833801269531
2024-05-10,467.50335693359375
2024-05-13,471.4155578613281
2024-05-14,474.9637451171875
2024-05-15,481.0139465332031
2024-05-16,492.2955932617188
2024-05-17,494.8885192871094
2024-05-21,497.6179809570313
2024-05-22,487.8375244140625
2024-05-23,488.8837890625
2024-05-24,504.0775451660156
2024-05-27,526.7772216796875
2024-05-28,527.8689575195312
2024-05-29,517.4517211914062
2024-05-30,498.3457336425781
2024-05-31,489.2477722167969
2024-06-03,549.977294921875
2024-06-04,411.4139099121094
2024-06-05,418.0555114746094
2024-06-06,445.8955078125
2024-06-07,451.9911804199219
2024-06-10,465.0923767089844
2024-06-11,464.5464782714844
2024-06-12,469.868896484375
2024-06-13,474.4634094238281
2024-06-14,484.6077880859375
2024-06-18,480.3315734863281
2024-06-19,469.0955200195313
2024-06-20,460.998291015625
2024-06-21,464.4555358886719
2024-06-24,474.4634094238281
2024-06-25,474.5088806152344
2024-06-26,469.0955200195313
2024-06-27,477.5111999511719
2024-06-28,482.6092834472656
2024-07-01,505.8027648925781
2024-07-02,495.2852478027344
2024-07-03,516.50390625
2024-07-04,528.7667236328125
2024-07-05,533.17578125
2024-07-08,558.114501953125
2024-07-09,562.1102905273438
2024-07-10,578.5524291992188
2024-07-11,593.203369140625
2024-07-12,585.4415283203125
2024-07-15,582.134765625
2024-07-16,567.3919067382812
2024-07-18,560.3649291992188
2024-07-19,549.663818359375
2024-07-22,568.4022827148438
2024-07-23,546.7703247070312
2024-07-24,555.3129272460938
2024-07-25,558.4819946289062
2024-07-26,574.924072265625
2024-07-29,592.1010131835938
2024-07-30,589.8966674804688
2024-07-31,591.7796020507812
2024-08-01,574.281005859375
2024-08-02,561.2835693359375
2024-08-05,531.9357299804688
2024-08-06,519.3973388671875
2024-08-07,542.3612670898438
2024-08-08,536.023193359375
2024-08-09,542.3533325195312
2024-08-12,534.8681030273438
2024-08-13,525.7658081054688
2024-08-14,520.914306640625
2024-08-16,535.6536254882812
2024-08-19,539.9507446289062
2024-08-20,554.3666381835938
2024-08-21,549.0991821289062
2024-08-22,550.1619262695312
2024-08-23,542.1685791015625
2024-08-26,545.0794067382812
2024-08-27,570.4921264648438
2024-08-28,571.6010131835938
2024-08-29,578.7166137695312
2024-08-30,572.7100219726562
2024-09-02,570.3073120117188
2024-09-03,581.6275634765625
2024-09-04,577.2380981445312
2024-09-05,582.7363891601562
2024-09-06,561.3435668945312
2024-09-09,545.2642211914062
2024-09-10,533.3433227539062
2024-09-11,520.0363159179688
2024-09-12,529.323486328125
2024-09-13,524.6107177734375
2024-09-16,518.1420288085938
2024-09-17,503.4949951171875
2024-09-18,504.6038513183594
2024-09-19,489.4949035644531
2024-09-20,498.9670104980469
2024-09-23,501.3233337402344
2024-09-24,506.7294006347656
2024-09-25,503.6798400878906
2024-09-26,502.8019409179688
2024-09-27,517.679931640625
2024-09-30,512.4124755859375
2024-10-01,514.5380249023438
2024-10-03,496.88763427734375
2024-10-04,484.2737731933594
2024-10-07,462.1877746582031
2024-10-08,484.4585571289063
2024-10-09,491.9900512695313
2024-10-10,502.9405212402344
2024-10-11,497.0724792480469
2024-10-14,499.3364868164063
2024-10-15,505.7589721679688
2024-10-16,510.1947021484375
2024-10-17,501.1847229003906
2024-10-18,504.7887268066406
2024-10-21,492.0823974609375
2024-10-22,469.4881286621094
2024-10-23,467.3165588378906
2024-10-24,481.7324523925781
2024-10-25,469.4419860839844
2024-10-28,483.9041442871094
2024-10-29,505.9438781738281
2024-10-30,493.6995544433594
2024-10-31,482.9338073730469
2024-11-01,486.8150024414063
2024-11-04,479.0063781738281
2024-11-05,486.07568359375
2024-11-06,492.3595886230469
2024-11-07,488.5246276855469
2024-11-08,479.12005615234375
2024-11-11,491.9698486328125
2024-11-12,479.0735168457031
2024-11-13,473.4400634765625
2024-11-14,467.7600708007813
2024-11-18,466.5030212402344
2024-11-19,481.0288391113281
2024-11-21,457.1450805664063
2024-11-22,471.39154052734375
2024-11-25,483.6361083984375
2024-11-26,484.2413635253906
2024-11-27,490.10748291015625
2024-11-28,491.876708984375
2024-11-29,495.9272155761719
2024-12-02,495.2754211425781
2024-12-03,502.5383605957031
2024-12-04,506.2164306640625
2024-12-05,507.4733276367188
2024-12-06,520.6024780273438
2024-12-09,524.8858642578125
2024-12-10,530.8916015625
2024-12-11,530.5192260742188
2024-12-12,521.021484375
2024-12-13,518.6006469726562
2024-12-16,521.2542724609375
2024-12-17,512.6412353515625
2024-12-18,500.2104797363281
2024-12-19,492.6681823730469
2024-12-20,477.9095764160156
2024-12-23,477.11810302734375
2024-12-24,472.4623718261719
2024-12-26,483.3567504882813
2024-12-27,472.5089416503906
2024-12-30,462.31292724609375
2024-12-31,466.2237243652344
2025-01-01,470.73974609375
2025-01-02,482.7515258789063
2025-01-03,501.00189208984375
2025-01-06,477.25775146484375
2025-01-07,479.9580993652344
2025-01-08,468.9240112304688
2025-01-09,457.37786865234375
2025-01-10,427.7209167480469
2025-01-13,415.9884948730469
2025-01-14,443.3641357421875
2025-01-15,445.6919250488281
2025-01-16,451.7444152832031
2025-01-17,449.1372375488281
2025-01-20,456.9588012695313
2025-01-21,443.64349365234375
2025-01-22,430.2350158691406
2025-01-23,431.8179626464844
2025-01-24,415.5229187011719
2025-01-27,398.9951477050781
2025-01-28,390.7545166015625
2025-01-29,404.9078979492188
2025-01-30,410.0291748046875
2025-01-31,418.87506103515625
2025-02-01,398.3899230957031
2025-02-03,377.5788269042969
2025-02-04,397.9242858886719
2025-02-05,409.9360656738281
2025-02-06,404.2560729980469
2025-02-07,410.8206787109375
2025-02-10,394.2928771972656
2025-02-11,381.7224426269531
2025-02-12,379.9532165527344
2025-02-13,381.443115234375
2025-02-14,368.5510864257813
2025-02-17,366.1514892578125
2025-02-18,362.5755920410156
2025-02-19,372.315185546875
2025-02-20,385.3013000488281
2025-02-21,379.7492065429688
2025-02-24,368.59814453125
2025-02-25,360.9758605957031
2025-02-27,356.1766357421875
2025-02-28,339.050048828125
2025-03-03,355.5179443359375
2025-03-04,364.0812072753906
2025-03-05,378.4788818359375
2025-03-06,388.7830200195313
2025-03-07,382.2429809570313
2025-03-10,370.95068359375
2025-03-11,378.8552856445313
2025-03-12,378.4788818359375
2025-03-13,382.6664123535156
2025-03-17,388.54779052734375
2025-03-18,388.54779052734375
2025-03-19,404.1687316894531
2025-03-20,403.7452697753906
2025-03-21,403.6511840820313
2025-03-24,418.2370300292969
2025-03-25,416.6372680664063
2025-03-26,403.7818908691406
2025-03-27,411.1820983886719
2025-03-28,407.1974182128906
2025-04-01,395.5279541015625
2025-04-02,402.7857360839844
2025-04-03,403.6396179199219
2025-04-04,382.719970703125
2025-04-07,364.6466064453125
2025-04-08,375.55706787109375
2025-04-09,369.4851379394531
2025-04-11,381.62896728515625
2025-04-15,401.599853515625
2025-04-16,403.02288818359375
2025-04-17,406.6281433105469
2025-04-21,419.9104309082031
2025-04-22,417.8232116699219
2025-04-23,418.2026672363281
2025-04-24,417.396240234375
2025-04-25,400.5562133789063
2025-04-28,410.8500061035156
2025-04-29,408.3358459472656
2025-04-30,398.56390380859375
2025-05-02,397.4728393554688
2025-05-05,401.599853515625
2025-05-06,383.953369140625
2025-05-07,389.8829650878906
2025-05-08,372.2838745117188
2025-05-09,364.55169677734375
2025-05-12,391.4957885742188
2025-05-13,381.1545715332031
2025-05-14,369.5325622558594
2025-05-15,374.1339416503906
2025-05-16,385.6136474609375
2025-05-19,386.182861328125
2025-05-20,373.4223937988281
2025-05-21,379.68402099609375
2025-05-22,381.2019958496094
2025-05-23,381.86614990234375
2025-05-26,385.9456787109375
2025-05-27,384.3802490234375
2025-05-28,382.5776672363281
2025-05-29,387.32135009765625
2025-05-30,381.6763610839844
2025-06-02,383.1943664550781
2025-06-03,379.9212341308594
2025-06-04,380.34814453125
2025-06-05,382.3404846191406
2025-06-06,393.725341796875
2025-06-09,404.3511657714844
2025-06-10,401.3626098632813
2025-06-11,397.8049011230469
2025-06-12,384.3328552246094
2025-06-13,382.0558776855469
2025-06-16,380.91741943359375
2025-06-17,378.6878356933594
2025-06-18,372.3787536621094
2025-06-19,363.9824523925781
2025-06-20,374.2288513183594
2025-06-23,376.9327392578125
2025-06-24,378.16607666015625
2025-06-25,378.0711975097656
2025-06-26,382.8623046875
2025-06-27,382.2456665039063
2025-06-30,381.7712097167969
2025-07-01,379.9212341308594
2025-07-02,375.2249755859375
2025-07-03,372.9954223632813
2025-07-04,373.4698181152344
2025-07-07,371.52490234375
2025-07-08,374.845458984375
2025-07-09,371.4774475097656
2025-07-10,377.1698303222656
2025-07-11,380.4904174804688
2025-07-14,378.4032287597656
2025-07-15,380.7750854492188
2025-07-16,379.873779296875
2025-07-17,380.6327819824219
2025-07-18,380.34814453125
2025-07-21,378.2135314941406
2025-07-22,373.1377258300781
2025-07-23,379.4942626953125
2025-07-24,384.1430969238281
2025-07-25,380.2058410644531
2025-07-28,372.4736633300781
2025-07-29,379.5892028808594
2025-07-30,379.06732177734375
2025-07-31,374.94036865234375
2025-08-01,373.1165161132813
2025-08-04,377.7720642089844
2025-08-05,378.68402099609375
2025-08-06,373.7884521484375
2025-08-07,369.5168762207031
2025-08-08,366.0612182617188
2025-08-11,371.7726440429688
2025-08-12,369.996826171875
2025-08-13,371.628662109375
2025-08-14,368.7294616699219
2025-08-18,365.636962890625
2025-08-19,369.4542236328125
2025-08-20,368.0530090332031
2025-08-21,367.8113708496094
2025-08-22,362.9794006347656
2025-08-25,362.4478454589844
2025-08-26,351.3342590332031
2025-08-28,342.9749450683594
2025-08-29,338.2395935058594
2025-09-01,348.7733154296875
2025-09-02,352.49395751953125
2025-09-03,355.4414367675781
2025-09-04,352.05908203125
2025-09-05,353.846923828125
2025-09-08,356.6011657714844
2025-09-09,355.7314147949219
2025-09-10,358.48565673828125
2025-09-11,362.0613098144531
2025-09-12,360.7566528320313
2025-09-15,365.733642578125
2025-09-16,367.7147216796875
2025-09-17,371.4837036132813
2025-09-18,371.4837036132813
2025-09-19,371.580322265625
2025-09-22,371.0971374511719
2025-09-23,373.7064208984375
2025-09-24,369.1643676757813
2025-09-25,362.6411437988281
2025-09-26,355.054931640625
2025-09-29,359.5003662109375
2025-09-30,360.3218078613281
2025-10-01,364.8638610839844
2025-10-03,367.5697937011719
2025-10-06,365.3470458984375
2025-10-07,365.0571594238281
2025-10-08,359.9835510253906
2025-10-09,359.1138000488281
2025-10-10,360.41845703125
2025-10-13,358.6305847167969
2025-10-14,357.85748291015625
2025-10-15,363.1726379394531
2025-10-16,364.8155212402344
2025-10-17,362.3512268066406
2025-10-20,362.1096496582031
2025-10-21,364.477294921875
2025-10-23,362.3029174804688
2025-10-24,360.0801696777344
2025-10-27,365.6575317382813
2025-10-28,361.009765625
2025-10-29,377.2524719238281
2025-10-30,370.1585083007813
2025-10-31,366.7827758789063
2025-11-03,371.0391540527344
2025-11-04,362.6731567382813
2025-11-06,354.8942565917969
2025-11-07,357.0958557128906
2025-11-10,354.6007080078125
2025-11-11,354.2582397460937
2025-11-12,354.4539489746094
2025-11-13,351.3227844238281
2025-11-14,350.3443298339844
2025-11-17,353.6222229003906
2025-11-18,351.3227844238281
2025-11-19,351.7142028808594
2025-11-20,353.6222229003906
2025-11-21,350.4911193847656
2025-11-24,348.1916809082031
2025-11-25,344.1799011230469
2025-11-26,348.7298278808594
2025-11-27,354.4539489746094
2025-11-28,353.1329650878906
2025-12-01,350.4911193847656
2025-12-02,349.7572326660156
2025-12-03,342.7610778808594
2025-12-04,345.15838623046875
2025-12-05,345.696533203125
2025-12-08,335.2268371582031
2025-12-09,335.471435546875
2025-12-10,335.2268371582031
2025-12-11,336.5967102050781
2025-12-12,336.98809814453125
2025-12-15,335.12896728515625
2025-12-16,328.1817626953125
2025-12-17,326.7629699707031
2025-12-18,329.7473449707031
2025-12-19,331.8999938964844
2025-12-22,336.8902282714844
2025-12-23,346.57720947265625
2025-12-24,347.1153564453125
2025-12-26,349.414794921875
2025-12-29,348.2895202636719
2025-12-30,343.8374328613281
2025-12-31,349.1212158203125
2026-01-01,359.7866516113281
2026-01-02,372.45794677734375
2026-01-05,372.8004150390625
2026-01-06,374.610595703125
2026-01-07,376.9589538574219
2026-01-08,363.4070129394531
2026-01-09,355.7748718261719
2026-01-12,362.5263671875
2026-01-13,359.0038452148437
2026-01-14,361.9393005371094
2026-01-15,361.9393005371094
2026-01-16,363.015625
2026-01-19,362.135009765625
2026-01-20,351.1759948730469
2026-01-21,348.1427307128906
2026-01-22,358.3189392089844
2026-01-23,353.57330322265625
2026-01-27,356.1173400878906
2026-01-28,369.375732421875
2026-01-29,367.2230529785156
2026-01-30,356.2641296386719
2026-02-02,355.2856750488281
2026-02-03,364.48333740234375
2026-02-04,373.3875122070313
2026-02-05,373.8767395019531
2026-02-06,368.9247131347656
2026-02-09,356.4456481933594
2026-02-10,352.3849792480469
2026-02-11,350.5527648925781
2026-02-12,347.3339538574219
2026-02-13,343.5704345703125
2026-02-16,350.1070861816406
2026-02-17,355.1581420898437
2026-02-18,360.8034057617188
2026-02-19,350.1565856933594
2026-02-20,350.8003845214844
2026-02-23,348.819580078125
2026-02-24,350.602294921875
2026-02-25,350.602294921875
2026-02-26,350.7013244628906
2026-02-27,346.44256591796875
2026-03-02,335.6967468261719
2026-03-04,325.5946350097656
2026-03-05,338.56890869140625
2026-03-06,335.8948059082031
2026-03-09,321.286376953125
2026-03-10,331.1903991699219
2026-03-11,329.8533630371094
2026-03-12,340.2030639648437
2026-03-13,328.3182373046875
2026-03-16,329.2591247558594
2026-03-17,334.458740234375
2026-03-18,344.7093811035156
2026-03-19,330.1999816894531
2026-03-20,330.5
2026-03-23,316.45001220703125
2026-03-24,320.79998779296875
2026-03-25,327.70001220703125
2026-03-27,318.45001220703125
2026-03-30,305.1000061035156
2026-04-01,322.1000061035156
2026-04-02,324.79998779296875
2026-04-06,327.54998779296875
2026-04-07,329.3500061035156
2026-04-08,342.6499938964844
2026-04-09,346.79998779296875
2026-04-10,349.79998779296875
2026-04-13,347.0
2026-04-15,352.6499938964844
2026-04-16,364.2000122070313
2026-04-17,373.2999877929688
2026-04-20,382.7000122070313
2026-04-21,383.3500061035156
2026-04-22,383.3500061035156
2026-04-23,376.4500122070313
2026-04-24,374.0
2026-04-27,378.0499877929688
2026-04-28,375.7999877929688
2026-04-29,363.5499877929688
2026-04-30,354.29998779296875
2026-05-01,354.29998779296875
2026-05-04,353.5
2026-05-05,356.3999938964844
2026-05-06,359.1000061035156
2026-05-07,359.75
2026-05-08,359.3999938964844
2026-05-11,351.54998779296875
2026-05-12,344.3500061035156
2026-05-13,346.54998779296875
2026-05-14,348.29998779296875
2026-05-15,345.8500061035156
2026-05-18,333.70001220703125
2026-05-19,334.25
2026-05-20,333.0
2026-05-21,333.70001220703125
2026-05-22,336.95001220703125
2026-05-25,342.20001220703125
2026-05-26,337.6000061035156
2026-05-27,339.70001220703125
2026-05-28,339.70001220703125
2026-05-29,337.6499938964844
2026-06-01,331.3999938964844
2026-06-02,325.04998779296875
2026-06-03,325.6499938964844
2026-06-04,335.20001220703125
2026-06-05,343.8999938964844
2026-06-08,343.3999938964844
2026-06-09,352.1000061035156
2026-06-10,348.79998779296875
2026-06-11,336.8500061035156
2026-06-12,348.04998779296875
2026-06-15,351.8500061035156
2026-06-16,356.54998779296875
2026-06-17,358.75
2026-06-18,358.70001220703125
2026-06-19,355.3500061035156
2026-06-22,369.8500061035156
2026-06-23,361.8999938964844
2026-06-24,363.6499938964844
2026-06-25,364.6499938964844
2026-06-26,364.6499938964844
2026-06-29,364.9500122070313
2026-06-30,363.7999877929688
2026-07-01,370.1000061035156
2026-07-02,369.6000061035156
2026-07-03,365.1499938964844
2026-07-06,364.75
2026-07-07,356.25
2026-07-08,348.75
2026-07-09,352.0
2026-07-10,351.95001220703125
2026-07-13,351.04998779296875
2026-07-14,352.45001220703125
2026-07-15,351.70001220703125
2026-07-16,349.6000061035156
2026-07-17,355.1000061035156
