Date,close
2005-01-03,47.114105224609375
2005-01-04,46.69380187988281
2005-01-05,44.36234664916992
2005-01-06,43.41755294799805
2005-01-07,44.23302459716797
2005-01-10,43.105010986328125
2005-01-11,42.26438903808594
2005-01-12,41.18309020996094
2005-01-13,42.60926055908203
2005-01-14,41.55668640136719
2005-01-17,42.31827926635742
2005-01-18,41.994964599609375
2005-01-19,41.75787353515625
2005-01-20,41.409400939941406
2005-01-24,41.03938674926758
2005-01-25,41.81175231933594
2005-01-27,41.73990249633789
2005-01-28,44.70361709594727
2005-01-31,46.19805145263672
2005-02-01,45.55501937866211
2005-02-02,46.61117935180664
2005-02-03,47.13926315307617
2005-02-04,46.56806182861328
2005-02-07,46.18727493286133
2005-02-08,45.637638092041016
2005-02-09,46.85905075073242
2005-02-10,46.59321212768555
2005-02-11,46.99195861816406
2005-02-14,47.81821823120117
2005-02-15,47.50209045410156
2005-02-16,47.64578628540039
2005-02-17,47.39790725708008
2005-02-18,47.29373550415039
2005-02-21,47.47334671020508
2005-02-22,48.88156127929688
2005-02-23,48.6408805847168
2005-02-24,49.64314270019531
2005-02-25,49.22283554077149
2005-02-28,51.34593963623047
2005-03-01,49.97724533081055
2005-03-02,50.75318908691406
2005-03-03,51.521968841552734
2005-03-04,51.25971603393555
2005-03-07,52.20452117919922
2005-03-08,52.02130889892578
2005-03-09,51.79139709472656
2005-03-10,53.31815719604492
2005-03-11,52.94455337524414
2005-03-14,52.74337768554688
2005-03-15,52.57453155517578
2005-03-16,52.30510711669922
2005-03-17,52.17578125
2005-03-18,52.29072570800781
2005-03-21,51.92431640625
2005-03-22,49.80840301513672
2005-03-23,47.25421524047852
2005-03-24,47.73558807373047
2005-03-28,47.82181167602539
2005-03-29,46.10464096069336
2005-03-30,47.49489974975586
2005-03-31,47.04585266113281
2005-04-01,48.14512634277344
2005-04-04,47.922393798828125
2005-04-05,46.370487213134766
2005-04-06,46.81234359741211
2005-04-07,47.06381988525391
2005-04-08,46.92730712890625
2005-04-11,46.15853118896485
2005-04-12,46.45670700073242
2005-04-13,46.39204788208008
2005-04-15,44.67127990722656
2005-04-18,44.5527458190918
2005-04-19,44.29049682617188
2005-04-20,44.59225463867188
2005-04-21,45.15625762939453
2005-04-22,44.57429504394531
2005-04-25,44.84372329711914
2005-04-26,44.89042663574219
2005-04-27,44.54196166992188
2005-04-28,43.41036224365234
2005-04-29,42.020111083984375
2005-05-02,42.34342193603516
2005-05-03,43.04753112792969
2005-05-04,43.633087158203125
2005-05-05,44.27254104614258
2005-05-06,44.33720016479492
2005-05-09,44.66769790649414
2005-05-10,44.34797668457031
2005-05-11,44.20069122314453
2005-05-12,44.462921142578125
2005-05-13,44.49885559082031
2005-05-16,45.50831604003906
2005-05-17,45.07723236083984
2005-05-18,46.07231903076172
2005-05-19,45.88191986083984
2005-05-20,46.6291389465332
2005-05-23,46.73331451416016
2005-05-24,47.61345291137695
2005-05-25,48.67321014404297
2005-05-26,49.11865615844727
2005-05-27,48.01580047607422
2005-05-30,47.58112335205078
2005-05-31,48.17027282714844
2005-06-01,47.43383026123047
2005-06-02,47.08177947998047
2005-06-03,47.59548568725586
2005-06-06,49.0252571105957
2005-06-07,49.28390884399414
2005-06-08,49.56769943237305
2005-06-09,49.531776428222656
2005-06-10,48.90312576293945
2005-06-13,48.98932647705078
2005-06-14,49.3018684387207
2005-06-15,49.50304412841797
2005-06-16,48.85282516479492
2005-06-17,48.84916305541992
2005-06-20,48.09162139892578
2005-06-21,48.73571395874024
2005-06-22,48.39902114868164
2005-06-23,50.00561141967773
2005-06-24,49.668922424316406
2005-06-27,49.16022872924805
2005-06-28,48.45758056640625
2005-06-29,49.25538635253906
2005-06-30,49.91046905517578
2005-07-01,51.69272613525391
2005-07-04,52.08795547485352
2005-07-05,51.549991607666016
2005-07-06,52.75768661499024
2005-07-07,51.98549270629883
2005-07-08,52.5307846069336
2005-07-11,52.31485748291016
2005-07-12,52.5454216003418
2005-07-13,53.167572021484375
2005-07-14,52.15018081665039
2005-07-15,52.64422225952149
2005-07-18,52.44661712646485
2005-07-19,52.80891036987305
2005-07-20,53.05411911010742
2005-07-21,51.952545166015625
2005-07-22,52.77964019775391
2005-07-25,54.3972053527832
2005-07-26,55.01568984985352
2005-07-27,56.73573303222656
2005-07-28,56.73573303222656
2005-07-29,58.572879791259766
2005-08-01,57.81900405883789
2005-08-02,58.81442260742188
2005-08-03,59.3267822265625
2005-08-04,59.17305755615234
2005-08-05,58.97544479370117
2005-08-08,57.01021194458008
2005-08-09,56.874794006347656
2005-08-10,59.08523178100586
2005-08-11,59.82815170288086
2005-08-12,59.36336135864258
2005-08-16,59.07060241699219
2005-08-17,59.79521560668945
2005-08-18,59.3267822265625
2005-08-19,58.9498291015625
2005-08-22,57.81900405883789
2005-08-23,56.96262741088867
2005-08-24,56.68815231323242
2005-08-25,57.21149063110352
2005-08-26,57.20782852172852
2005-08-29,56.4173469543457
2005-08-30,57.665283203125
2005-08-31,58.28376007080078
2005-09-01,58.52531814575195
2005-09-02,59.00106430053711
2005-09-05,59.80253982543945
2005-09-06,61.12733840942383
2005-09-08,61.36886978149414
2005-09-09,62.77783203125
2005-09-12,63.61224365234375
2005-09-13,64.58935546875
2005-09-14,65.76412200927734
2005-09-15,66.08251190185547
2005-09-16,65.96539306640625
2005-09-19,66.74490356445312
2005-09-20,66.82176208496094
2005-09-21,67.26092529296875
2005-09-22,65.26275634765625
2005-09-23,65.1383056640625
2005-09-26,66.94984436035156
2005-09-27,67.97821044921875
2005-09-28,68.57108306884766
2005-09-29,68.87117767333984
2005-09-30,68.66988372802734
2005-10-03,69.19322967529297
2005-10-04,70.15572357177734
2005-10-05,69.30667114257812
2005-10-06,67.73302459716797
2005-10-07,67.09989166259766
2005-10-10,66.1264419555664
2005-10-11,68.64793395996094
2005-10-13,67.57930755615234
2005-10-14,66.6424331665039
2005-10-17,67.64152526855469
2005-10-18,66.7705307006836
2005-10-19,65.08341979980469
2005-10-20,63.56098556518555
2005-10-21,64.89677429199219
2005-10-24,63.26090621948242
2005-10-25,64.77234649658203
2005-10-26,64.75770568847656
2005-10-27,60.819915771484375
2005-10-28,59.32311248779297
2005-10-31,61.41643524169922
2005-11-02,60.75769805908203
2005-11-04,60.75769805908203
2005-11-07,61.10903549194336
2005-11-08,60.97727966308594
2005-11-09,61.98002624511719
2005-11-10,62.17765045166016
2005-11-11,63.74764251708984
2005-11-14,64.5674057006836
2005-11-16,65.59212493896484
2005-11-17,66.74490356445312
2005-11-18,66.62047576904297
2005-11-21,65.339599609375
2005-11-22,64.0550537109375
2005-11-23,65.64701080322266
2005-11-24,65.96907043457031
2005-11-25,66.3972396850586
2005-11-28,68.33319854736328
2005-11-29,67.04866790771484
2005-11-30,65.62872314453125
2005-12-01,66.85104370117188
2005-12-02,66.6351089477539
2005-12-05,65.32495880126953
2005-12-06,64.41004943847656
2005-12-07,64.88578796386719
2005-12-08,64.89677429199219
2005-12-09,65.76044464111328
2005-12-12,66.55825805664062
2005-12-13,67.81353759765625
2005-12-14,68.0477523803711
2005-12-15,65.69091033935547
2005-12-16,67.49879455566406
2005-12-19,68.977294921875
2005-12-20,68.23072814941406
2005-12-21,66.44115447998047
2005-12-22,66.69734954833984
2005-12-23,65.34327697753906
2005-12-26,63.590274810791016
2005-12-27,65.21517944335938
2005-12-28,65.7348403930664
2005-12-29,65.2956771850586
2005-12-30,66.4704360961914
2006-01-02,66.2325439453125
2006-01-03,66.7558822631836
2006-01-04,67.18408966064453
2006-01-05,68.89678955078125
2006-01-06,68.8126220703125
2006-01-09,67.84648132324219
2006-01-10,66.68633270263672
2006-01-12,68.2856216430664
2006-01-13,67.61589813232422
2006-01-16,67.14747619628906
2006-01-17,66.448486328125
2006-01-18,65.36155700683594
2006-01-19,66.44481658935547
2006-01-20,66.37528228759766
2006-01-23,66.060546875
2006-01-24,66.01663208007812
2006-01-25,64.7906494140625
2006-01-27,66.88031768798828
2006-01-30,64.68451690673828
2006-01-31,64.87481689453125
2006-02-01,63.62321472167969
2006-02-02,63.3121452331543
2006-02-03,62.74125289916992
2006-02-06,63.34508514404297
2006-02-07,64.0660400390625
2006-02-08,64.32953643798828
2006-02-10,64.40271759033203
2006-02-13,64.71380615234375
2006-02-14,63.60491180419922
2006-02-15,63.48780059814453
2006-02-16,63.54637145996094
2006-02-17,62.78149032592773
2006-02-20,63.28287506103516
2006-02-21,63.56466293334961
2006-02-22,63.473182678222656
2006-02-23,62.36064147949219
2006-02-24,64.11360931396484
2006-02-27,65.23346710205078
2006-02-28,64.22706604003906
2006-03-01,64.49787902832031
2006-03-02,65.48233032226562
2006-03-03,65.51525115966797
2006-03-06,65.61772918701172
2006-03-07,66.17765808105469
2006-03-08,65.04315185546875
2006-03-09,66.30575561523438
2006-03-10,67.36338806152344
2006-03-13,67.93063354492188
2006-03-14,69.81903076171875
2006-03-16,70.45579528808594
2006-03-17,70.39359283447266
2006-03-20,71.03036499023438
2006-03-21,70.86566925048828
2006-03-22,69.43110656738281
2006-03-23,71.35242462158203
2006-03-24,71.87210845947266
2006-03-27,72.3002700805664
2006-03-28,71.9196548461914
2006-03-29,72.02212524414062
2006-03-30,70.67904663085938
2006-03-31,70.88764953613281
2006-04-03,71.97457122802734
2006-04-04,72.95536041259766
2006-04-05,73.70924377441406
2006-04-07,71.70375061035156
2006-04-10,70.58023071289062
2006-04-12,68.64427947998047
2006-04-13,67.21701049804688
2006-04-17,68.19047546386719
2006-04-18,69.03585052490234
2006-04-19,68.6589126586914
2006-04-20,68.61865234375
2006-04-21,67.45489501953125
2006-04-24,66.9754638671875
2006-04-25,65.93978881835938
2006-04-26,66.58389282226562
2006-04-27,65.24077606201172
2006-04-28,64.61865234375
2006-05-02,68.629638671875
2006-05-03,70.38993835449219
2006-05-04,70.18863677978516
2006-05-05,69.81535339355469
2006-05-08,70.03860473632812
2006-05-09,71.44026184082031
2006-05-10,73.35057830810547
2006-05-11,71.46952056884766
2006-05-12,70.16669464111328
2006-05-15,67.62322235107422
2006-05-16,67.62687683105469
2006-05-17,72.43933868408203
2006-05-18,66.33869171142578
2006-05-19,63.61224365234375
2006-05-22,62.93153762817383
2006-05-23,63.86474609375
2006-05-24,63.52072525024414
2006-05-25,63.71470260620117
2006-05-26,64.00382232666016
2006-05-29,64.5454330444336
2006-05-30,62.964481353759766
2006-05-31,60.9443588256836
2006-06-01,59.92695236206055
2006-06-02,61.39083099365234
2006-06-05,59.57563018798828
2006-06-06,61.489627838134766
2006-06-07,59.041316986083984
2006-06-08,56.24166870117188
2006-06-09,56.47590255737305
2006-06-12,54.63142395019531
2006-06-13,54.93518829345703
2006-06-14,54.25448226928711
2006-06-15,56.516151428222656
2006-06-16,56.128231048583984
2006-06-19,56.16176986694336
2006-06-20,54.92791748046875
2006-06-21,55.16275787353516
2006-06-22,57.66404724121094
2006-06-23,56.85886764526367
2006-06-26,54.32402038574219
2006-06-27,54.42840194702149
2006-06-28,53.27651977539063
2006-06-29,52.8366584777832
2006-06-30,54.25690460205078
2006-07-03,55.36405563354492
2006-07-04,56.34443664550781
2006-07-05,56.28852081298828
2006-07-06,55.78900146484375
2006-07-07,53.80958938598633
2006-07-10,54.38738250732422
2006-07-11,54.31655883789063
2006-07-12,54.87945175170898
2006-07-13,54.517860412597656
2006-07-14,54.97637176513672
2006-07-17,52.80683898925781
2006-07-18,52.27749633789063
2006-07-19,51.47977066040039
2006-07-20,54.12644577026367
2006-07-21,53.365989685058594
2006-07-24,55.21867752075195
2006-07-25,55.79273986816406
2006-07-26,56.232608795166016
2006-07-27,56.93341445922852
2006-07-28,59.37506484985352
2006-07-31,60.407657623291016
2006-08-01,60.51948547363281
2006-08-02,61.60797500610352
2006-08-03,61.92483901977539
2006-08-04,60.225006103515625
2006-08-07,60.43001937866211
2006-08-08,62.00683975219727
2006-08-09,64.49321746826172
2006-08-10,64.32921600341797
2006-08-11,64.07945251464844
2006-08-14,64.97036743164062
2006-08-16,66.24152374267578
2006-08-17,65.73081970214844
2006-08-18,65.54070281982422
2006-08-21,65.85755920410156
2006-08-22,65.49226379394531
2006-08-23,64.3515625
2006-08-24,65.20894622802734
2006-08-25,67.4791259765625
2006-08-28,68.50797271728516
2006-08-29,68.74281311035156
2006-08-30,69.39143371582031
2006-08-31,69.4287109375
2006-09-01,69.4287109375
2006-09-04,69.74185943603516
2006-09-05,70.46502685546875
2006-09-06,70.70733642578125
2006-09-07,70.01396942138672
2006-09-08,70.39793395996094
2006-09-11,68.4632339477539
2006-09-12,69.51073455810547
2006-09-13,72.29159545898438
2006-09-14,72.77249145507812
2006-09-15,73.01105499267578
2006-09-18,73.84606170654297
2006-09-19,72.8805923461914
2006-09-20,72.66065979003906
2006-09-21,73.41365051269531
2006-09-22,72.74639129638672
2006-09-25,72.36990356445312
2006-09-26,74.46114349365234
2006-09-27,74.6214370727539
2006-09-28,76.73877716064453
2006-09-29,76.6903076171875
2006-10-03,77.04070281982422
2006-10-04,75.69501495361328
2006-10-05,77.51415252685547
2006-10-06,77.02581024169922
2006-10-09,77.13390350341797
2006-10-10,76.49275207519531
2006-10-11,74.84883117675781
2006-10-12,76.70521545410156
2006-10-13,76.15351104736328
2006-10-16,76.5523910522461
2006-10-17,77.11155700683594
2006-10-18,77.86827087402344
2006-10-19,77.33521270751953
2006-10-20,77.58496856689453
2006-10-23,76.42936706542969
2006-10-26,79.50849151611328
2006-10-27,81.57735443115234
2006-10-30,81.8494873046875
2006-10-31,81.68545532226562
2006-11-01,83.03861999511719
2006-11-02,83.90345001220703
2006-11-03,83.80278778076172
2006-11-06,82.70685577392578
2006-11-07,82.28934478759766
2006-11-08,84.1382827758789
2006-11-09,84.28740692138672
2006-11-10,84.53715515136719
2006-11-13,84.73845672607422
2006-11-14,84.04136657714844
2006-11-15,87.85856628417969
2006-11-16,91.10166931152344
2006-11-17,91.43344116210938
2006-11-20,90.21818542480467
2006-11-21,91.91802978515624
2006-11-22,93.0587158203125
2006-11-23,93.4874038696289
2006-11-24,93.76325988769533
2006-11-27,95.10150146484376
2006-11-28,96.40248107910156
2006-11-29,96.97282409667967
2006-11-30,98.1917953491211
2006-12-01,101.59146118164062
2006-12-04,100.7005386352539
2006-12-05,99.7686004638672
2006-12-06,99.77232360839844
2006-12-07,100.4843292236328
2006-12-08,101.0472183227539
2006-12-11,92.92450714111328
2006-12-12,88.11203002929688
2006-12-13,91.35888671875
2006-12-14,91.23214721679688
2006-12-15,94.2702407836914
2006-12-18,94.63180541992188
2006-12-19,91.69063568115234
2006-12-20,90.70280456542967
2006-12-21,90.33375549316406
2006-12-22,90.5872573852539
2006-12-26,92.97297668457033
2006-12-27,93.26746368408205
2006-12-28,92.11560821533205
2006-12-29,92.86487579345705
2007-01-02,93.45758056640624
2007-01-03,94.30004119873048
2007-01-04,92.67102813720705
2007-01-05,92.75303649902344
2007-01-08,90.48656463623048
2007-01-09,87.59388732910156
2007-01-10,84.72354125976562
2007-01-11,85.54737854003906
2007-01-12,91.36260986328124
2007-01-15,91.12403106689452
2007-01-16,90.19583892822266
2007-01-17,91.14639282226562
2007-01-18,91.62727355957033
2007-01-19,90.97864532470705
2007-01-22,91.29550170898438
2007-01-23,87.530517578125
2007-01-24,87.4186782836914
2007-01-25,87.7094497680664
2007-01-29,86.19599151611328
2007-01-31,85.02548217773438
2007-02-01,89.6888656616211
2007-02-02,88.0523910522461
2007-02-05,89.24524688720703
2007-02-06,89.20425415039062
2007-02-07,89.09616088867188
2007-02-08,89.85662078857422
2007-02-09,89.43909454345703
2007-02-12,88.24996185302734
2007-02-13,87.48204803466797
2007-02-14,82.18123626708984
2007-02-15,83.6946792602539
2007-02-19,84.40296173095703
2007-02-20,82.58756256103516
2007-02-21,82.44963836669922
2007-02-22,80.37329864501953
2007-02-23,78.8934097290039
2007-02-26,81.14493560791016
2007-02-27,79.70977783203125
2007-02-28,77.67443084716797
2007-03-01,78.70328521728516
2007-03-02,74.91963958740234
2007-03-05,71.76226806640625
2007-03-06,73.66342163085938
2007-03-07,71.90019226074219
2007-03-08,74.50213623046875
2007-03-09,73.26083374023438
2007-03-12,72.6308364868164
2007-03-13,73.09306335449219
2007-03-14,70.67749786376953
2007-03-15,68.74654388427734
2007-03-16,68.11285400390625
2007-03-19,69.0746078491211
2007-03-20,71.00182342529297
2007-03-21,73.2831802368164
2007-03-22,76.7462387084961
2007-03-23,76.50765991210938
2007-03-26,75.57200622558594
2007-03-28,72.58981323242188
2007-03-29,73.48448944091797
2007-03-30,74.14054870605469
2007-04-02,69.37279510498047
2007-04-03,69.0932388305664
2007-04-04,69.77539825439453
2007-04-05,70.71104431152344
2007-04-09,73.72677612304688
2007-04-10,73.89826202392578
2007-04-11,73.1676254272461
2007-04-12,72.16860961914062
2007-04-13,74.4014892578125
2007-04-16,75.56454467773438
2007-04-17,75.31478118896484
2007-04-18,77.09290313720703
2007-04-19,78.52434539794922
2007-04-20,80.067626953125
2007-04-23,79.04996490478516
2007-04-24,84.49242401123047
2007-04-25,84.9844970703125
2007-04-26,85.38707733154297
2007-04-27,82.13278198242188
2007-04-30,82.15142059326172
2007-05-03,83.75806427001953
2007-05-04,84.1196517944336
2007-05-07,83.47474670410156
2007-05-08,80.64169311523438
2007-05-09,83.71705627441406
2007-05-10,83.74687957763672
2007-05-11,85.96114349365234
2007-05-14,89.89389038085938
2007-05-15,91.51170349121094
2007-05-16,95.73894500732422
2007-05-17,98.94478607177734
2007-05-18,98.96715545654295
2007-05-21,100.54769897460938
2007-05-22,98.85903930664062
2007-05-23,97.56925201416016
2007-05-24,95.88059997558594
2007-05-25,96.81997680664062
2007-05-28,97.5580596923828
2007-05-29,98.60182189941406
2007-05-30,98.93359375
2007-05-31,100.92046356201172
2007-06-01,102.8029556274414
2007-06-04,104.85321807861328
2007-06-05,107.0972900390625
2007-06-06,103.59324645996094
2007-06-07,101.4423370361328
2007-06-08,101.1404266357422
2007-06-11,99.8841552734375
2007-06-12,99.32875061035156
2007-06-13,97.2265853881836
2007-06-14,98.99343872070312
2007-06-15,99.76573181152344
2007-06-18,99.35133361816406
2007-06-19,103.36727142333984
2007-06-20,107.27776336669922
2007-06-21,108.99186706542967
2007-06-22,109.64363098144533
2007-06-25,109.2292022705078
2007-06-26,109.80184936523438
2007-06-27,108.9994125366211
2007-06-28,110.84159088134766
2007-06-29,114.96304321289062
2007-07-02,115.33601379394533
2007-07-03,119.18616485595705
2007-07-04,117.82996368408205
2007-07-05,116.56417083740234
2007-07-06,116.82410430908205
2007-07-09,118.36493682861328
2007-07-10,116.8429183959961
2007-07-11,116.13092041015624
2007-07-12,117.47962188720705
2007-07-13,117.5361099243164
2007-07-16,121.43902587890624
2007-07-17,119.28038024902344
2007-07-18,118.71527862548828
2007-07-19,120.2334976196289
2007-07-20,119.3670425415039
2007-07-23,119.44237518310548
2007-07-24,118.73033905029295
2007-07-25,118.24812316894533
2007-07-26,116.9220199584961
2007-07-27,112.92494201660156
2007-07-30,118.89989471435548
2007-07-31,122.35071563720705
2007-08-01,116.63949584960938
2007-08-02,120.01123046875
2007-08-03,123.2473602294922
2007-08-06,126.7245864868164
2007-08-07,126.73963928222656
2007-08-08,128.60446166992188
2007-08-09,124.36624145507812
2007-08-10,121.07737731933594
2007-08-13,121.5369873046875
2007-08-14,121.7065200805664
2007-08-16,114.59759521484376
2007-08-17,114.46578216552734
2007-08-20,116.76006317138672
2007-08-21,110.25390625
2007-08-22,109.91485595703124
2007-08-23,106.59585571289062
2007-08-24,110.46112823486328
2007-08-27,117.1443328857422
2007-08-28,116.83161163330078
2007-08-29,118.58344268798828
2007-08-30,118.3573989868164
2007-08-31,120.5801010131836
2007-09-03,121.0547866821289
2007-09-04,121.45409393310548
2007-09-05,120.1204833984375
2007-09-06,123.10794067382812
2007-09-07,122.08323669433594
2007-09-10,123.56755828857422
2007-09-11,122.26409149169922
2007-09-12,122.39593505859376
2007-09-13,126.1707763671875
2007-09-14,124.347412109375
2007-09-17,123.98951721191406
2007-09-18,127.70782470703124
2007-09-19,133.33990478515625
2007-09-20,132.57518005371094
2007-09-21,136.17298889160156
2007-09-24,138.1997528076172
2007-09-25,136.17298889160156
2007-09-26,139.32997131347656
2007-09-27,141.70338439941406
2007-09-28,146.61215209960938
2007-10-01,142.7506866455078
2007-10-03,143.72640991210938
2007-10-04,143.53428649902344
2007-10-05,139.84608459472656
2007-10-08,134.2592010498047
2007-10-09,142.40032958984375
2007-10-10,144.92819213867188
2007-10-11,146.54812622070312
2007-10-12,140.35092163085938
2007-10-15,147.16595458984375
2007-10-16,145.252197265625
2007-10-17,137.78915405273438
2007-10-18,126.20091247558594
2007-10-19,125.60944366455078
2007-10-22,129.2561798095703
2007-10-23,136.7794952392578
2007-10-24,143.88462829589844
2007-10-25,146.78546142578125
2007-10-26,156.7123565673828
2007-10-29,159.4850616455078
2007-10-30,154.86256408691406
2007-10-31,155.83074951171875
2007-11-01,156.3695068359375
2007-11-02,169.45335388183594
2007-11-05,168.68479919433594
2007-11-06,167.181640625
2007-11-07,170.49310302734375
2007-11-08,164.62738037109375
2007-11-12,169.15196228027344
2007-11-13,172.8665008544922
2007-11-14,177.3533935546875
2007-11-15,173.91758728027344
2007-11-16,175.3679962158203
2007-11-19,173.4692840576172
2007-11-20,171.70619201660156
2007-11-21,162.50265502929688
2007-11-22,169.47216796875
2007-11-23,169.4571075439453
2007-11-26,169.0238494873047
2007-11-27,171.37088012695312
2007-11-28,169.7095184326172
2007-11-29,170.87738037109375
2007-11-30,173.476806640625
2007-12-03,175.16079711914062
2007-12-04,174.4110870361328
2007-12-05,179.66273498535156
2007-12-06,180.49530029296875
2007-12-07,183.5279693603516
2007-12-10,182.78579711914065
2007-12-11,184.4283599853516
2007-12-12,183.7540435791016
2007-12-13,180.55935668945312
2007-12-14,181.3429412841797
2007-12-17,174.23028564453125
2007-12-18,173.25827026367188
2007-12-19,170.0221710205078
2007-12-20,170.0711669921875
2007-12-24,175.9142608642578
2007-12-26,180.8343505859375
2007-12-27,179.0335693359375
2007-12-28,179.13906860351562
2007-12-31,178.6568603515625
2008-01-01,179.58740234375
2008-01-02,182.5899200439453
2008-01-03,180.47265625
2008-01-04,179.98672485351562
2008-01-07,181.0491180419922
2008-01-08,185.6941375732422
2008-01-09,184.9369506835937
2008-01-10,181.55392456054688
2008-01-11,183.4526214599609
2008-01-14,185.58493041992188
2008-01-15,182.59744262695312
2008-01-16,182.002182006836
2008-01-17,182.0625
2008-01-18,177.9938201904297
2008-01-21,165.4713134765625
2008-01-22,161.04470825195312
2008-01-23,175.08546447753906
2008-01-24,176.54714965820312
2008-01-25,181.3881378173828
2008-01-28,184.735595703125
2008-01-29,178.1354522705078
2008-01-30,177.59640502929688
2008-01-31,173.0765380859375
2008-02-01,174.45408630371094
2008-02-04,181.5692443847656
2008-02-05,177.95977783203125
2008-02-06,174.28236389160156
2008-02-07,172.1142578125
2008-02-08,175.052978515625
2008-02-11,163.78524780273438
2008-02-12,163.86911010742188
2008-02-13,169.083740234375
2008-02-14,176.23483276367188
2008-02-15,183.3221130371093
2008-02-18,179.9681396484375
2008-02-19,180.8585205078125
2008-02-20,176.49838256835938
2008-02-21,174.0028839111328
2008-02-22,168.80023193359375
2008-02-25,169.76651000976562
2008-02-26,169.65469360351562
2008-02-27,166.73196411132812
2008-02-28,162.83497619628906
2008-02-29,168.62855529785156
2008-03-03,153.49978637695312
2008-03-04,149.7864532470703
2008-03-05,147.64231872558594
2008-03-07,146.9156494140625
2008-03-10,150.56105041503906
2008-03-11,151.28375244140625
2008-03-12,144.35223388671875
2008-03-13,135.43228149414062
2008-03-14,136.78189086914062
2008-03-17,130.6688690185547
2008-03-18,127.17512512207033
2008-03-19,128.17333984375
2008-03-24,131.29971313476562
2008-03-25,138.87010192871094
2008-03-26,136.84971618652344
2008-03-27,131.49134826660156
2008-03-28,133.98287963867188
2008-03-31,127.7900390625
2008-04-01,129.62274169921875
2008-04-02,132.25799560546875
2008-04-03,130.88845825195312
2008-04-04,127.90585327148438
2008-04-07,133.63150024414062
2008-04-08,133.703369140625
2008-04-09,135.24063110351562
2008-04-10,132.7052001953125
2008-04-11,133.12843322753906
2008-04-15,133.81918334960938
2008-04-16,132.96070861816406
2008-04-17,134.41810607910156
2008-04-21,139.02980041503906
2008-04-22,138.34703063964844
2008-04-23,135.43626403808594
2008-04-24,134.29429626464844
2008-04-25,139.624755859375
2008-04-28,138.6984100341797
2008-04-29,143.38595581054688
2008-04-30,141.7169647216797
2008-05-02,145.53012084960938
2008-05-05,142.13621520996094
2008-05-06,140.33547973632812
2008-05-07,141.225830078125
2008-05-08,138.41493225097656
2008-05-09,134.3262939453125
2008-05-12,132.77703857421875
2008-05-13,133.18429565429688
2008-05-14,132.62132263183594
2008-05-15,134.2464141845703
2008-05-16,136.25880432128906
2008-05-20,131.98646545410156
2008-05-21,132.72113037109375
2008-05-22,128.22926330566406
2008-05-23,125.63790130615234
2008-05-26,122.8149871826172
2008-05-27,117.74014282226562
2008-05-28,121.15396881103516
2008-05-29,118.3593521118164
2008-05-30,117.05108642578124
2008-06-02,112.9887466430664
2008-06-03,112.4419937133789
2008-06-04,107.83687591552734
2008-06-05,109.72833251953124
2008-06-06,108.15684509277344
2008-06-09,104.86808776855467
2008-06-10,103.60845947265624
2008-06-11,106.11553955078124
2008-06-12,108.5092315673828
2008-06-13,108.15684509277344
2008-06-16,107.4561767578125
2008-06-17,112.39337921142578
2008-06-18,109.40026092529295
2008-06-19,105.3459930419922
2008-06-20,101.17022705078124
2008-06-23,97.55340576171876
2008-06-24,97.75186157226562
2008-06-25,96.72715759277344
2008-06-26,99.11273956298828
2008-06-27,94.0621109008789
2008-06-30,90.0443115234375
2008-07-01,83.05364227294922
2008-07-02,87.35089874267578
2008-07-03,89.14110565185547
2008-07-04,91.11760711669922
2008-07-07,94.9167022705078
2008-07-08,97.8247528076172
2008-07-09,100.26702880859376
2008-07-10,100.16577911376952
2008-07-11,98.8940200805664
2008-07-14,101.89522552490234
2008-07-15,95.73080444335938
2008-07-16,92.0086669921875
2008-07-17,99.7607650756836
2008-07-18,105.27715301513672
2008-07-21,109.56226348876952
2008-07-22,113.68134307861328
2008-07-23,125.01384735107422
2008-07-24,119.78907012939452
2008-07-25,116.96604919433594
2008-07-28,114.81945037841795
2008-07-29,106.81623840332033
2008-07-30,112.42980194091795
2008-07-31,114.80325317382812
2008-08-01,121.87492370605467
2008-08-04,122.3569107055664
2008-08-05,127.8570785522461
2008-08-06,123.00495910644533
2008-08-07,123.38565063476562
2008-08-08,122.94822692871094
2008-08-11,129.4407196044922
2008-08-12,126.0466079711914
2008-08-13,125.83193969726562
2008-08-14,117.87733459472656
2008-08-18,117.8652114868164
2008-08-19,116.84455871582033
2008-08-20,116.92554473876952
2008-08-21,108.79679870605467
2008-08-22,108.87776947021484
2008-08-25,109.93488311767578
2008-08-26,111.03250122070312
2008-08-27,107.81661987304688
2008-08-28,106.0628890991211
2008-08-29,113.71778869628906
2008-09-01,114.66958618164062
2008-09-02,123.36944580078124
2008-09-04,124.3171844482422
2008-09-05,123.11427307128906
2008-09-08,128.93849182128906
2008-09-09,126.24107360839844
2008-09-10,126.9052734375
2008-09-11,124.66144561767578
2008-09-12,122.60393524169922
2008-09-15,120.70437622070312
2008-09-16,128.04742431640625
2008-09-17,124.00128173828124
2008-09-18,126.9012222290039
2008-09-19,126.8323745727539
2008-09-22,126.925537109375
2008-09-23,121.76959991455078
2008-09-24,122.96846771240234
2008-09-25,121.10132598876952
2008-09-26,116.22891998291016
2008-09-29,113.84740447998048
2008-09-30,118.53754425048828
2008-10-01,121.8668441772461
2008-10-03,120.18192291259766
2008-10-06,116.11553192138672
2008-10-07,113.92029571533205
2008-10-08,106.7878646850586
2008-10-10,109.55821228027344
2008-10-13,121.1580581665039
2008-10-14,123.80281829833984
2008-10-15,121.51850128173828
2008-10-16,124.79108428955078
2008-10-17,114.98146057128906
2008-10-20,116.28966522216795
2008-10-21,120.5019073486328
2008-10-22,112.7822036743164
2008-10-23,107.4318618774414
2008-10-24,94.34967041015624
2008-10-27,85.2771987915039
2008-10-29,89.06819915771484
2008-10-31,89.8904037475586
2008-11-03,100.4776382446289
2008-11-04,106.986328125
2008-11-05,103.07788848876952
2008-11-06,98.55785369873048
2008-11-07,101.15402221679688
2008-11-10,105.37435150146484
2008-11-11,99.01956176757812
2008-11-12,95.4837417602539
2008-11-14,94.9045639038086
2008-11-17,94.60482788085938
2008-11-18,89.78913116455078
2008-11-19,87.56961822509766
2008-11-20,88.0596923828125
2008-11-21,95.87257385253906
2008-11-24,92.94426727294922
2008-11-25,86.82437896728516
2008-11-26,89.50967407226562
2008-11-27,89.50967407226562
2008-11-28,88.17716217041016
2008-12-01,85.54452514648438
2008-12-02,84.00137329101562
2008-12-03,88.8738021850586
2008-12-04,94.6858367919922
2008-12-05,91.87094116210938
2008-12-08,94.67369842529295
2008-12-10,96.32213592529295
2008-12-11,97.1119155883789
2008-12-12,98.56998443603516
2008-12-15,97.58580017089844
2008-12-16,100.343994140625
2008-12-17,97.34278869628906
2008-12-18,104.97743225097656
2008-12-19,104.28890228271484
2008-12-22,103.11434173583984
2008-12-23,102.4055404663086
2008-12-24,104.15119171142578
2008-12-26,100.69635772705078
2008-12-29,103.02117156982422
2008-12-30,104.6331558227539
2008-12-31,104.39825439453124
2009-01-02,107.88549041748048
2009-01-05,110.23055267333984
2009-01-06,107.15643310546876
2009-01-07,100.44928741455078
2009-01-09,98.91426849365234
2009-01-12,93.87579345703124
2009-01-13,95.17186737060548
2009-01-14,96.95396423339844
2009-01-15,92.93209838867188
2009-01-16,94.3010711669922
2009-01-19,92.86324310302734
2009-01-20,90.14960479736328
2009-01-21,87.58177185058594
2009-01-22,88.31890869140625
2009-01-23,84.36590576171875
2009-01-27,88.104248046875
2009-01-28,90.11315155029295
2009-01-29,89.04389953613281
2009-01-30,93.2358627319336
2009-02-02,88.76444244384766
2009-02-03,88.4809341430664
2009-02-04,88.84545135498047
2009-02-05,88.67938232421875
2009-02-06,90.61133575439452
2009-02-09,92.95640563964844
2009-02-10,94.29702758789062
2009-02-11,93.87579345703124
2009-02-12,93.90010833740234
2009-02-13,96.87296295166016
2009-02-16,92.08966827392578
2009-02-17,89.0074462890625
2009-02-18,86.74742126464844
2009-02-19,85.7591781616211
2009-02-20,84.57246398925781
2009-02-24,83.25614929199219
2009-02-25,83.96898651123047
2009-02-26,82.87139892578125
2009-02-27,83.05364227294922
2009-03-02,80.5586929321289
2009-03-03,78.92644500732422
2009-03-04,77.51699829101562
2009-03-05,75.68629455566406
2009-03-06,76.23308563232422
2009-03-09,72.5230941772461
2009-03-12,73.81510925292969
2009-03-13,77.2010726928711
2009-03-16,79.95523071289062
2009-03-17,76.95806121826172
2009-03-18,77.7883529663086
2009-03-19,78.46879577636719
2009-03-20,77.33474731445312
2009-03-23,82.9118881225586
2009-03-24,83.61663055419922
2009-03-25,85.0503921508789
2009-03-26,88.74012756347656
2009-03-27,91.07305908203124
2009-03-30,82.81468963623047
2009-03-31,86.43961334228516
2009-04-01,87.27802276611328
2009-04-02,92.9158935546875
2009-04-06,91.10950469970705
2009-04-08,91.02852630615234
2009-04-09,92.36912536621094
2009-04-13,98.65504455566406
2009-04-15,104.88426971435548
2009-04-16,102.13418579101562
2009-04-17,105.6943130493164
2009-04-20,104.87212371826172
2009-04-21,101.56309509277344
2009-04-22,99.74456787109376
2009-04-23,102.54729461669922
2009-04-24,106.20870971679688
2009-04-27,103.53960418701172
2009-04-28,100.08882904052734
2009-04-29,103.57200622558594
2009-04-30,103.57200622558594
2009-05-04,110.67202758789062
2009-05-05,108.96688842773438
2009-05-06,107.12403106689452
2009-05-07,110.93529510498048
2009-05-08,107.29415130615234
2009-05-11,101.91952514648438
2009-05-12,104.91262817382812
2009-05-13,102.17872619628906
2009-05-14,102.66069793701172
2009-05-15,106.3990707397461
2009-05-18,127.70723724365234
2009-05-19,142.07736206054688
2009-05-20,144.28067016601562
2009-05-21,138.69544982910156
2009-05-22,140.29931640625
2009-05-25,139.51763916015625
2009-05-26,136.85260009765625
2009-05-27,145.23243713378906
2009-05-28,148.20130920410156
2009-05-29,151.38475036621094
2009-06-01,152.02471923828125
2009-06-02,154.4669647216797
2009-06-03,152.25148010253906
2009-06-04,152.52285766601562
2009-06-05,147.23731994628906
2009-06-08,137.37911987304688
2009-06-09,142.85906982421875
2009-06-10,144.6833038330078
2009-06-11,139.47409057617188
2009-06-12,134.6232147216797
2009-06-15,135.22442626953125
2009-06-16,141.1913299560547
2009-06-17,136.9086456298828
2009-06-18,140.28125
2009-06-19,142.03549194335938
2009-06-22,139.63059997558594
2009-06-23,140.6641845703125
2009-06-24,141.38893127441406
2009-06-25,140.3388671875
2009-06-26,144.0655975341797
2009-06-29,145.3751220703125
2009-06-30,143.74029541015625
2009-07-01,146.56105041503906
2009-07-02,144.90567016601562
2009-07-03,149.04006958007812
2009-07-06,136.1798095703125
2009-07-07,134.76734924316406
2009-07-08,130.18406677246094
2009-07-09,132.107177734375
2009-07-10,127.1326904296875
2009-07-13,127.37152862548828
2009-07-14,130.34056091308594
2009-07-15,134.82086181640625
2009-07-16,132.11949157714844
2009-07-17,137.864013671875
2009-07-20,141.8995361328125
2009-07-21,140.96070861816406
2009-07-22,139.507080078125
2009-07-23,142.2454833984375
2009-07-24,139.8941650390625
2009-07-27,140.94012451171875
2009-07-28,138.5064239501953
2009-07-29,136.44744873046875
2009-07-30,141.88722229003906
2009-07-31,149.2047576904297
2009-08-03,152.1202392578125
2009-08-04,152.976806640625
2009-08-05,151.83200073242188
2009-08-06,147.96937561035156
2009-08-07,143.57559204101562
2009-08-10,140.91127014160156
2009-08-11,142.41844177246094
2009-08-12,140.23594665527344
2009-08-13,148.04763793945312
2009-08-14,148.30706787109375
2009-08-17,141.1171875
2009-08-18,142.8467254638672
2009-08-19,139.27647399902344
2009-08-20,144.3867950439453
2009-08-21,146.25631713867188
2009-08-24,147.43820190429688
2009-08-25,143.92971801757812
2009-08-26,143.27908325195312
2009-08-27,144.44036865234375
2009-08-28,146.74227905273438
2009-08-31,143.54263305664062
2009-09-01,142.74375915527344
2009-09-02,142.84259033203125
2009-09-03,143.88027954101562
2009-09-04,145.1527099609375
2009-09-07,149.3448028564453
2009-09-08,155.99111938476562
2009-09-09,156.04876708984375
2009-09-10,154.9616241455078
2009-09-11,158.16949462890625
2009-09-14,161.1302947998047
2009-09-15,165.37998962402344
2009-09-16,171.8574676513672
2009-09-17,173.10108947753906
2009-09-18,176.88961791992188
2009-09-22,178.7797088623047
2009-09-23,176.38308715820312
2009-09-24,178.4955596923828
2009-09-25,176.1236572265625
2009-09-29,172.29396057128906
2009-09-30,180.7727966308593
2009-10-01,182.0740661621093
2009-10-05,175.68304443359375
2009-10-06,177.78317260742188
2009-10-07,173.09286499023438
2009-10-08,174.26649475097656
2009-10-09,170.28033447265625
2009-10-12,178.94033813476562
2009-10-13,178.94033813476562
2009-10-14,187.15557861328125
2009-10-15,191.78823852539065
2009-10-16,201.47772216796875
2009-10-20,203.4955291748047
2009-10-21,196.5156097412109
2009-10-22,191.4629364013672
2009-10-23,193.91720581054688
2009-10-26,189.8775329589844
2009-10-27,181.4151763916016
2009-10-28,182.2552490234375
2009-10-29,180.8798370361328
2009-10-30,180.4516143798828
2009-11-03,173.19992065429688
2009-11-04,178.8249969482422
2009-11-05,176.1854248046875
2009-11-06,181.6004943847656
2009-11-09,190.92349243164065
2009-11-10,195.0990600585937
2009-11-11,195.8691253662109
2009-11-12,188.90158081054688
2009-11-13,189.4163360595703
2009-11-16,193.171875
2009-11-17,193.604232788086
2009-11-18,191.714111328125
2009-11-19,187.88853454589844
2009-11-20,192.302978515625
2009-11-23,191.0717010498047
2009-11-24,189.88165283203125
2009-11-25,191.24468994140625
2009-11-26,185.6895904541016
2009-11-27,184.7218780517578
2009-11-30,184.4459991455078
2009-12-01,188.7327575683593
2009-12-02,190.1616668701172
2009-12-03,193.91720581054688
2009-12-04,191.7346954345703
2009-12-07,191.2158203125
2009-12-08,190.02577209472656
2009-12-09,188.9222106933593
2009-12-10,189.1733856201172
2009-12-11,186.66143798828125
2009-12-14,185.05133056640625
2009-12-15,179.5827178955078
2009-12-16,177.284912109375
2009-12-17,178.4049530029297
2009-12-18,176.68783569335938
2009-12-21,176.72073364257812
2009-12-22,178.38438415527344
2009-12-23,182.0122985839844
2009-12-24,182.75762939453125
2009-12-29,182.8440856933593
2009-12-30,183.19000244140625
2009-12-31,186.8714141845703
2010-01-04,188.6997985839844
2010-01-05,188.76980590820312
2010-01-06,189.9022521972656
2010-01-07,188.83981323242188
2010-01-08,188.27566528320312
2010-01-11,186.7231903076172
2010-01-12,181.4522247314453
2010-01-13,179.20382690429688
2010-01-14,177.67611694335938
2010-01-15,176.52310180664062
2010-01-18,177.5978546142578
2010-01-19,178.97323608398438
2010-01-20,177.8820037841797
2010-01-21,174.93772888183594
2010-01-22,171.91104125976562
2010-01-25,172.26104736328125
2010-01-27,163.69989013671875
2010-01-28,164.98468017578125
2010-01-29,169.37850952148438
2010-02-01,166.46713256835938
2010-02-02,162.9339599609375
2010-02-03,164.61817932128906
2010-02-04,160.42611694335938
2010-02-05,157.1065216064453
2010-02-08,160.3143768310547
2010-02-09,161.45263671875
2010-02-10,158.26959228515625
2010-02-11,158.749755859375
2010-02-15,156.87474060058594
2010-02-16,158.9939727783203
2010-02-17,161.99485778808594
2010-02-18,160.7986602783203
2010-02-19,157.72740173339844
2010-02-22,158.64212036132812
2010-02-23,158.27374267578125
2010-02-24,159.04779052734375
2010-02-25,158.41864013671875
2010-02-26,163.43943786621094
2010-03-02,164.46182250976562
2010-03-03,167.42135620117188
2010-03-04,168.2740020751953
2010-03-05,169.474365234375
2010-03-08,171.0265655517578
2010-03-09,169.2591094970703
2010-03-10,168.6506805419922
2010-03-11,169.35433959960938
2010-03-12,169.53233337402344
2010-03-15,166.81700134277344
2010-03-16,166.87911987304688
2010-03-17,167.82696533203125
2010-03-18,168.02151489257812
2010-03-19,170.40570068359375
2010-03-22,168.9569549560547
2010-03-23,169.5861358642578
2010-03-25,169.66891479492188
2010-03-26,171.5977783203125
2010-03-29,173.43557739257812
2010-03-30,172.4007568359375
2010-03-31,172.0406494140625
2010-04-01,174.06056213378906
2010-04-05,177.01182556152344
2010-04-06,175.7948760986328
2010-04-07,174.7476806640625
2010-04-08,173.50588989257812
2010-04-09,174.35032653808594
2010-04-12,173.1830291748047
2010-04-13,173.34449768066406
2010-04-15,170.04141235351562
2010-04-16,169.5157470703125
2010-04-19,168.25332641601562
2010-04-20,173.708740234375
2010-04-21,174.32546997070312
2010-04-22,184.0359802246093
2010-04-23,187.1403350830078
2010-04-26,186.3911590576172
2010-04-27,183.59722900390625
2010-04-28,184.789306640625
2010-04-29,188.2496337890625
2010-04-30,190.4600067138672
2010-05-03,190.1660919189453
2010-05-04,188.754623413086
2010-05-05,188.4317779541016
2010-05-06,191.36233520507807
2010-05-07,184.2884826660156
2010-05-10,191.0518798828125
2010-05-11,189.3961944580078
2010-05-12,192.40538024902344
2010-05-13,191.87144470214844
2010-05-14,184.1311950683593
2010-05-17,186.324935913086
2010-05-18,188.746337890625
2010-05-19,183.2950439453125
2010-05-20,187.7115631103516
2010-05-21,188.01785278320312
2010-05-24,184.7065277099609
2010-05-25,178.40673828125
2010-05-26,179.93821716308594
2010-05-27,183.7296600341797
2010-05-28,185.3853454589844
2010-05-31,187.8191680908203
2010-06-01,182.92254638671875
2010-06-02,186.94581604003903
2010-06-03,189.3506774902344
2010-06-04,193.7754821777344
2010-06-07,189.3051300048828
2010-06-08,189.06092834472656
2010-06-09,189.7875213623047
2010-06-10,194.32655334472656
2010-06-11,195.4164428710937
2010-06-14,195.84234619140625
2010-06-15,197.44581604003903
2010-06-16,197.237045288086
2010-06-17,196.33091735839844
2010-06-18,198.14735412597656
2010-06-21,199.41677856445312
2010-06-22,196.6399383544922
2010-06-23,196.2223358154297
2010-06-24,196.8904571533203
2010-06-25,192.15098571777344
2010-06-28,192.38902282714844
2010-06-29,191.3450622558593
2010-06-30,192.251205444336
2010-07-01,188.93150329589844
2010-07-02,189.16534423828125
2010-07-05,189.7875213623047
2010-07-06,193.1531524658203
2010-07-07,192.4266357421875
2010-07-08,196.82781982421875
2010-07-09,197.8383636474609
2010-07-12,200.4940948486328
2010-07-13,202.865966796875
2010-07-14,205.8223571777344
2010-07-15,203.7637176513672
2010-07-16,204.52789306640625
2010-07-19,205.0498809814453
2010-07-20,204.52789306640625
2010-07-21,203.5048217773437
2010-07-22,206.80368041992188
2010-07-23,208.51991271972656
2010-07-26,201.2833251953125
2010-07-27,203.37120056152344
2010-07-28,206.3902740478516
2010-07-29,206.53640747070312
2010-07-30,209.02932739257807
2010-08-02,215.9986572265625
2010-08-03,217.18458557128903
2010-08-04,216.73361206054688
2010-08-05,220.95526123046875
2010-08-06,218.7546844482422
2010-08-09,221.3853759765625
2010-08-10,219.6148376464844
2010-08-11,217.105224609375
2010-08-12,232.538803100586
2010-08-13,238.03823852539065
2010-08-16,235.6288452148437
2010-08-17,235.3824462890625
2010-08-18,235.0692596435547
2010-08-19,234.31765747070312
2010-08-20,232.7475433349609
2010-08-23,235.7833404541016
2010-08-24,237.66656494140625
2010-08-25,235.8084259033203
2010-08-26,239.36610412597656
2010-08-27,233.3739471435547
2010-08-30,233.84161376953125
2010-08-31,231.03550720214844
2010-09-01,231.87901306152344
2010-09-02,230.4258728027344
2010-09-03,231.6201629638672
2010-09-06,238.77731323242188
2010-09-07,236.93585205078125
2010-09-08,241.8507080078125
2010-09-09,249.2125396728516
2010-09-13,262.95074462890625
2010-09-14,259.6936340332031
2010-09-15,255.5805053710937
2010-09-16,258.4617919921875
2010-09-17,258.2905578613281
2010-09-20,259.6393737792969
2010-09-21,258.7916564941406
2010-09-22,262.9632263183594
2010-09-23,262.19073486328125
2010-09-24,262.35357666015625
2010-09-27,265.6315612792969
2010-09-28,266.4708251953125
2010-09-29,266.8884582519531
2010-09-30,270.6257629394531
2010-10-01,273.27313232421875
2010-10-04,272.2292175292969
2010-10-05,271.2562561035156
2010-10-06,270.0285339355469
2010-10-07,268.90948486328125
2010-10-08,271.2061462402344
2010-10-11,272.676025390625
2010-10-12,270.0578308105469
2010-10-13,276.0666809082031
2010-10-14,272.3795166015625
2010-10-15,264.3788146972656
2010-10-18,264.55419921875
2010-10-19,260.2823791503906
2010-10-20,258.4242248535156
2010-10-21,266.8382873535156
2010-10-22,267.76531982421875
2010-10-25,270.52130126953125
2010-10-26,265.6440734863281
2010-10-27,266.237060546875
2010-10-28,266.27459716796875
2010-10-29,263.1219177246094
2010-11-01,267.1181335449219
2010-11-02,267.4020690917969
2010-11-03,273.3107604980469
2010-11-04,286.7441101074219
2010-11-08,286.0509338378906
2010-11-09,273.3065795898437
2010-11-10,268.46685791015625
2010-11-11,265.2390441894531
2010-11-12,252.78274536132807
2010-11-15,264.1993103027344
2010-11-16,257.2759094238281
2010-11-18,255.9772186279297
2010-11-19,249.78872680664065
2010-11-22,253.8726348876953
2010-11-23,246.6528167724609
2010-11-24,238.10089111328125
2010-11-25,235.6705780029297
2010-11-26,239.0821533203125
2010-11-29,240.5019378662109
2010-11-30,249.8931579589844
2010-12-01,258.9085998535156
2010-12-02,258.8292541503906
2010-12-03,256.45330810546875
2010-12-06,246.56509399414065
2010-12-07,239.22833251953125
2010-12-08,234.25917053222656
2010-12-09,224.39610290527344
2010-12-10,228.20016479492188
2010-12-13,229.23573303222656
2010-12-14,233.23193359375
2010-12-15,225.32725524902344
2010-12-16,230.74742126464844
2010-12-20,225.52772521972656
2010-12-21,229.1438903808593
2010-12-22,229.244140625
2010-12-23,229.3527069091797
2010-12-24,230.1127166748047
2010-12-27,229.76608276367188
2010-12-28,227.87030029296875
2010-12-29,230.10011291503903
2010-12-30,229.6366424560547
2010-12-31,234.83544921875
2011-01-03,235.6873016357422
2011-01-04,228.4632568359375
2011-01-05,224.9222106933593
2011-01-06,219.0093688964844
2011-01-07,217.218002319336
2011-01-10,212.720703125
2011-01-11,218.2117919921875
2011-01-12,222.9595947265625
2011-01-13,213.85647583007807
2011-01-14,208.85397338867188
2011-01-17,210.14010620117188
2011-01-18,213.34288024902344
2011-01-19,208.93328857421875
2011-01-20,211.7143402099609
2011-01-21,216.87974548339844
2011-01-24,225.0767059326172
2011-01-25,223.64865112304688
2011-01-27,221.606674194336
2011-01-28,218.82147216796875
2011-01-31,220.67965698242188
2011-02-01,216.64175415039065
2011-02-02,214.9463653564453
2011-02-03,221.46047973632807
2011-02-04,220.96359252929688
2011-02-07,222.4376678466797
2011-02-08,220.3289337158203
2011-02-09,215.5518493652344
2011-02-10,208.29443359375
2011-02-11,216.5206298828125
2011-02-14,225.33981323242188
2011-02-15,228.5634765625
2011-02-16,229.75360107421875
2011-02-17,232.2172393798828
2011-02-18,230.58865356445312
2011-02-21,233.16099548339844
2011-02-22,227.7700958251953
2011-02-23,218.61268615722656
2011-02-24,211.1798553466797
2011-02-25,215.6896514892578
2011-02-28,219.6816864013672
2011-03-01,225.9369506835937
2011-03-03,224.02859497070312
2011-03-04,225.8784942626953
2011-03-07,219.155502319336
2011-03-08,220.6671142578125
2011-03-09,219.4227600097656
2011-03-10,216.2825927734375
2011-03-11,214.2281951904297
2011-03-14,217.309814453125
2011-03-15,214.0068359375
2011-03-16,220.80909729003903
2011-03-17,218.60012817382807
2011-03-18,216.3243408203125
2011-03-21,215.6855010986328
2011-03-22,218.85487365722656
2011-03-23,220.7005310058593
2011-03-24,221.3770446777344
2011-03-25,226.3962554931641
2011-03-28,229.6032257080078
2011-03-29,231.1607818603516
2011-03-30,238.52682495117188
2011-03-31,230.94363403320312
2011-04-01,227.1228179931641
2011-04-04,230.7766265869141
2011-04-05,233.5284423828125
2011-04-06,233.62026977539065
2011-04-07,234.9189453125
2011-04-08,232.0251922607422
2011-04-11,232.5220947265625
2011-04-13,235.4283599853516
2011-04-15,234.5223083496093
2011-04-18,229.79530334472656
2011-04-19,228.2753295898437
2011-04-20,233.43655395507807
2011-04-21,238.94851684570312
2011-04-25,243.76321411132807
2011-04-26,245.01174926757807
2011-04-27,243.0657958984375
2011-04-28,238.4976043701172
2011-04-29,234.22576904296875
2011-05-02,224.88047790527344
2011-05-03,215.77734375
2011-05-04,218.4581451416016
2011-05-05,217.3390655517578
2011-05-06,221.3059997558593
2011-05-09,219.0803985595703
2011-05-10,219.3935394287109
2011-05-11,223.4022827148437
2011-05-12,220.600341796875
2011-05-13,221.28512573242188
2011-05-16,218.4999389648437
2011-05-17,201.663330078125
2011-05-18,196.74012756347656
2011-05-19,193.94656372070312
2011-05-20,196.32830810546875
2011-05-23,190.3464813232422
2011-05-24,188.00711059570312
2011-05-25,184.27166748046875
2011-05-26,185.1473693847656
2011-05-27,189.0688934326172
2011-05-30,189.29312133789065
2011-05-31,194.4246063232422
2011-06-01,197.068588256836
2011-06-02,197.4916381835937
2011-06-03,195.6556396484375
2011-06-06,196.0490875244141
2011-06-07,196.2986602783203
2011-06-08,194.1665496826172
2011-06-09,191.5140838623047
2011-06-10,189.7669219970703
2011-06-13,187.8251800537109
2011-06-14,188.6966552734375
2011-06-15,184.6566162109375
2011-06-16,186.59835815429688
2011-06-17,187.24563598632807
2011-06-20,184.46202087402344
2011-06-21,181.7799835205078
2011-06-22,181.10313415527344
2011-06-23,182.86715698242188
2011-06-24,193.4220123291016
2011-06-27,196.7978515625
2011-06-28,198.075439453125
2011-06-29,201.3285980224609
2011-06-30,203.4522399902344
2011-07-01,204.7763519287109
2011-07-04,206.1131591796875
2011-07-05,209.26055908203125
2011-07-06,206.76885986328125
2011-07-07,210.068603515625
2011-07-08,209.69630432128903
2011-07-11,206.028564453125
2011-07-12,203.071533203125
2011-07-13,205.6901397705078
2011-07-14,208.7360076904297
2011-07-15,209.3959350585937
2011-07-18,209.552490234375
2011-07-19,212.5898895263672
2011-07-20,209.09982299804688
2011-07-21,207.71226501464844
2011-07-22,211.3842163085937
2011-07-25,212.59410095214844
2011-07-26,206.9550170898437
2011-07-27,203.4776153564453
2011-07-28,199.38682556152344
2011-07-29,198.38848876953125
2011-08-01,198.4138336181641
2011-08-02,192.6605224609375
2011-08-03,192.7958984375
2011-08-04,191.02333068847656
2011-08-05,189.0858154296875
2011-08-08,187.57557678222656
2011-08-09,188.0155334472656
2011-08-10,192.24171447753903
2011-08-11,190.05880737304688
2011-08-12,185.8834381103516
2011-08-16,185.8791961669922
2011-08-17,183.6201629638672
2011-08-18,175.8489532470703
2011-08-19,172.38848876953125
2011-08-22,174.45716857910156
2011-08-23,174.60519409179688
2011-08-24,168.3484344482422
2011-08-25,165.8102264404297
2011-08-26,159.7269287109375
2011-08-29,164.02076721191406
2011-08-30,166.9989471435547
2011-09-02,168.66151428222656
2011-09-05,169.76986694335938
2011-09-06,167.49815368652344
2011-09-07,171.56353759765625
2011-09-08,171.23358154296875
2011-09-09,165.21376037597656
2011-09-12,157.6582489013672
2011-09-13,155.073486328125
2011-09-14,154.55735778808594
2011-09-15,160.5899200439453
2011-09-16,164.61300659179688
2011-09-19,162.1890106201172
2011-09-20,168.4288330078125
2011-09-21,170.02792358398438
2011-09-22,163.93191528320312
2011-09-23,165.00643920898438
2011-09-26,165.09951782226562
2011-09-27,168.9872589111328
2011-09-28,166.62246704101562
2011-09-29,165.1841278076172
2011-09-30,161.6898193359375
2011-10-03,157.5059814453125
2011-10-04,151.2111358642578
2011-10-05,145.39012145996094
2011-10-07,148.25831604003906
2011-10-10,148.57559204101562
2011-10-11,149.29476928710938
2011-10-12,158.39013671875
2011-10-13,159.6846160888672
2011-10-14,159.5027313232422
2011-10-17,160.05264282226562
2011-10-18,157.92478942871094
2011-10-19,162.30747985839844
2011-10-20,163.7204132080078
2011-10-21,164.8372344970703
2011-10-24,161.49520874023438
2011-10-25,155.66151428222656
2011-10-28,161.58404541015625
2011-10-31,161.2879180908203
2011-11-01,160.87335205078125
2011-11-02,161.5502166748047
2011-11-03,163.6950225830078
2011-11-04,166.35171508789062
2011-11-08,168.9872589111328
2011-11-09,157.54405212402344
2011-11-11,152.154541015625
2011-11-14,148.3260040283203
2011-11-15,146.34194946289062
2011-11-16,149.41323852539062
2011-11-17,148.6940460205078
2011-11-18,146.088134765625
2011-11-21,141.4812774658203
2011-11-22,142.94493103027344
2011-11-23,140.0428924560547
2011-11-24,139.9329071044922
2011-11-25,143.03802490234375
2011-11-28,150.568115234375
2011-11-29,149.01133728027344
2011-11-30,149.11709594726562
2011-12-01,154.33741760253906
2011-12-02,159.64230346679688
2011-12-05,161.6898193359375
2011-12-07,164.59609985351562
2011-12-08,158.03900146484375
2011-12-09,157.8401641845703
2011-12-12,149.98858642578125
2011-12-13,151.26617431640625
2011-12-14,151.03768920898438
2011-12-15,146.94691467285156
2011-12-16,142.06503295898438
2011-12-19,137.75003051757812
2011-12-20,133.5535125732422
2011-12-21,137.36083984375
2011-12-22,141.38816833496094
2011-12-23,139.38720703125
2011-12-26,140.92703247070312
2011-12-27,139.065673828125
2011-12-28,136.2355499267578
2011-12-29,137.81346130371094
2011-12-30,136.98431396484375
2012-01-02,137.71197509765625
2012-01-03,144.31137084960938
2012-01-04,143.49916076660156
2012-01-05,143.19454956054688
2012-01-06,141.5277557373047
2012-01-09,138.52418518066406
2012-01-10,144.05331420898438
2012-01-11,146.11354064941406
2012-01-12,149.2820587158203
2012-01-13,150.27198791503906
2012-01-16,153.6816864013672
2012-01-17,156.01686096191406
2012-01-18,157.8232421875
2012-01-19,159.4265594482422
2012-01-20,163.53427124023438
2012-01-23,164.18150329589844
2012-01-24,172.66769409179688
2012-01-25,174.1229248046875
2012-01-27,172.6507568359375
2012-01-30,167.96771240234375
2012-01-31,174.4275360107422
2012-02-01,175.7854766845703
2012-02-02,175.3582305908203
2012-02-03,177.94300842285156
2012-02-06,182.9771881103516
2012-02-07,182.1691436767578
2012-02-08,184.2547149658203
2012-02-09,184.7835388183593
2012-02-10,183.759765625
2012-02-13,180.1512451171875
2012-02-14,186.14993286132807
2012-02-15,190.42263793945312
2012-02-16,198.8580322265625
2012-02-17,204.5013885498047
2012-02-21,207.4965209960937
2012-02-22,190.79067993164065
2012-02-23,191.25604248046875
2012-02-24,186.611068725586
2012-02-27,179.6097412109375
2012-02-28,188.78125
2012-02-29,190.16036987304688
2012-03-01,187.72364807128903
2012-03-02,190.0884552001953
2012-03-05,184.11087036132807
2012-03-06,181.72496032714844
2012-03-07,181.19192504882807
2012-03-09,188.37091064453125
2012-03-12,195.5117950439453
2012-03-13,196.9247589111328
2012-03-14,199.2345428466797
2012-03-15,194.538803100586
2012-03-16,188.497802734375
2012-03-19,182.5456695556641
2012-03-20,185.06695556640625
2012-03-21,188.9166259765625
2012-03-22,182.8037109375
2012-03-23,183.32403564453125
2012-03-26,179.15286254882812
2012-03-27,180.1427459716797
2012-03-28,175.9208526611328
2012-03-29,174.4063720703125
2012-03-30,177.36766052246094
2012-04-02,180.24855041503903
2012-04-03,183.8147888183593
2012-04-04,182.9687042236328
2012-04-09,177.71453857421875
2012-04-10,182.00840759277344
2012-04-11,182.63023376464844
2012-04-12,188.4682159423828
2012-04-13,187.17791748046875
2012-04-16,191.64520263671875
2012-04-17,194.9618377685547
2012-04-18,193.90005493164065
2012-04-19,191.9794158935547
2012-04-20,191.25177001953125
2012-04-23,185.5619354248047
2012-04-24,185.3504333496093
2012-04-25,183.74708557128903
2012-04-26,182.95176696777344
2012-04-27,179.83396911621094
2012-04-30,180.9000396728516
2012-05-02,181.111557006836
2012-05-03,176.33120727539062
2012-05-04,168.89840698242188
2012-05-07,171.6016387939453
2012-05-08,165.4379425048828
2012-05-09,159.3250274658203
2012-05-10,155.94496154785156
2012-05-11,156.82907104492188
2012-05-14,155.65731811523438
2012-05-15,157.40443420410156
2012-05-16,154.63775634765625
2012-05-17,156.38491821289062
2012-05-18,164.18572998046875
2012-05-21,170.0194854736328
2012-05-22,164.033447265625
2012-05-23,165.4083251953125
2012-05-24,169.38414001464844
2012-05-25,172.894775390625
2012-05-28,181.02735900878903
2012-05-29,182.6512756347656
2012-05-30,180.7602996826172
2012-05-31,177.12904357910156
2012-06-01,174.73406982421875
2012-06-04,176.25035095214844
2012-06-05,179.4292755126953
2012-06-06,185.93359375
2012-06-07,186.76925659179688
2012-06-08,187.759994506836
2012-06-11,186.4978942871093
2012-06-12,190.06021118164065
2012-06-13,191.7745819091797
2012-06-14,185.2444000244141
2012-06-15,188.074462890625
2012-06-18,179.87725830078125
2012-06-19,180.97137451171875
2012-06-20,182.3842163085937
2012-06-21,187.6652374267578
2012-06-22,185.8948516845703
2012-06-25,182.2076110839844
2012-06-26,182.0439453125
2012-06-27,182.0697631835937
2012-06-28,180.76890563964844
2012-06-29,185.99819946289065
2012-07-02,187.9753570556641
2012-07-03,188.4405670166016
2012-07-04,191.6669006347656
2012-07-05,192.4120941162109
2012-07-06,191.481674194336
2012-07-09,190.3445281982422
2012-07-10,192.0287322998047
2012-07-11,191.14138793945312
2012-07-12,191.3567657470703
2012-07-13,187.67385864257807
2012-07-16,189.4830017089844
2012-07-17,189.4528350830078
2012-07-18,188.2811889648437
2012-07-19,185.92068481445312
2012-07-20,183.6721649169922
2012-07-23,180.3252410888672
2012-07-24,180.484619140625
2012-07-25,178.3610076904297
2012-07-26,173.7993621826172
2012-07-27,167.21749877929688
2012-07-30,175.03562927246094
2012-07-31,172.7396697998047
2012-08-01,175.177734375
2012-08-02,173.2781524658203
2012-08-03,172.76126098632812
2012-08-06,173.87258911132812
2012-08-07,177.5770263671875
2012-08-08,177.53826904296875
2012-08-09,169.60813903808594
2012-08-10,162.62998962402344
2012-08-13,164.24960327148438
2012-08-14,164.57701110839844
2012-08-16,163.2071990966797
2012-08-17,163.4311981201172
2012-08-21,164.98617553710938
2012-08-22,164.7320556640625
2012-08-23,164.70620727539062
2012-08-24,163.15548706054688
2012-08-27,158.9039764404297
2012-08-28,158.87815856933594
2012-08-29,157.6461944580078
2012-08-30,158.490478515625
2012-08-31,158.2880401611328
2012-09-03,159.43812561035156
2012-09-04,161.5315704345703
2012-09-05,157.6763458251953
2012-09-06,159.7181396484375
2012-09-07,163.00045776367188
2012-09-10,160.33839416503906
2012-09-11,160.04119873046875
2012-09-12,160.18763732910156
2012-09-13,160.89405822753906
2012-09-14,169.84507751464844
2012-09-17,179.15359497070312
2012-09-18,185.17550659179688
2012-09-20,182.926986694336
2012-09-21,190.66758728027344
2012-09-24,189.3795928955078
2012-09-25,189.2288513183593
2012-09-26,192.0287322998047
2012-09-27,193.6009826660156
2012-09-28,193.028060913086
2012-10-01,195.5738220214844
2012-10-03,197.8783264160156
2012-10-04,202.0824737548828
2012-10-05,201.5440216064453
2012-10-08,195.51353454589844
2012-10-09,196.64210510253903
2012-10-10,191.5592041015625
2012-10-11,195.3153533935547
2012-10-12,193.9886474609375
2012-10-15,195.082763671875
2012-10-16,192.01580810546875
2012-10-17,190.7967834472656
2012-10-18,196.267333984375
2012-10-19,194.5055694580078
2012-10-22,193.0582275390625
2012-10-23,192.519775390625
2012-10-25,189.4744110107422
2012-10-29,186.74774169921875
2012-10-30,178.70127868652344
2012-10-31,181.79840087890625
2012-11-01,182.25067138671875
2012-11-02,185.4339294433593
2012-11-05,184.7705993652344
2012-11-06,187.2172393798828
2012-11-07,190.9949188232422
2012-11-08,193.1745147705078
2012-11-09,185.657943725586
2012-11-12,188.6947021484375
2012-11-15,185.5416412353516
2012-11-16,181.6433258056641
2012-11-19,180.3898468017578
2012-11-20,178.02932739257812
2012-11-21,177.55551147460938
2012-11-22,180.7818603515625
2012-11-23,180.01077270507812
2012-11-26,180.21755981445312
2012-11-27,182.22052001953125
2012-11-29,183.6592559814453
2012-11-30,186.97171020507807
2012-12-03,189.87928771972656
2012-12-04,192.9376220703125
2012-12-05,195.7159576416016
2012-12-06,198.7656707763672
2012-12-07,199.54104614257807
2012-12-10,199.88992309570312
2012-12-11,198.90353393554688
2012-12-12,197.7060394287109
2012-12-13,194.92335510253903
2012-12-14,199.88992309570312
2012-12-17,201.9618530273437
2012-12-18,204.40850830078125
2012-12-19,204.37403869628903
2012-12-20,205.14508056640625
2012-12-21,201.11328125
2012-12-24,200.8418884277344
2012-12-26,204.24913024902344
2012-12-27,205.7567596435547
2012-12-28,204.9943389892578
2012-12-31,205.51124572753903
2013-01-01,209.03909301757807
2013-01-02,211.11529541015625
2013-01-03,212.92877197265625
2013-01-04,214.22964477539065
2013-01-07,212.5841522216797
2013-01-08,214.802490234375
2013-01-09,217.3396453857422
2013-01-10,218.7439117431641
2013-01-11,214.60438537597656
2013-01-14,215.35389709472656
2013-01-15,214.50100708007807
2013-01-16,209.5516967773437
2013-01-17,212.7779998779297
2013-01-18,214.69053649902344
2013-01-21,215.3280639648437
2013-01-22,212.3127899169922
2013-01-23,213.6868896484375
2013-01-24,211.856201171875
2013-01-25,216.55569458007807
2013-01-28,214.64747619628903
2013-01-29,212.1405029296875
2013-01-30,209.8704376220703
2013-01-31,210.0341186523437
2013-02-01,207.8243865966797
2013-02-04,202.6768951416016
2013-02-05,204.3051147460937
2013-02-06,202.3409118652344
2013-02-07,200.4369659423828
2013-02-08,196.95220947265625
2013-02-11,197.6586456298828
2013-02-12,197.83526611328125
2013-02-13,194.2427978515625
2013-02-14,190.8872528076172
2013-02-15,192.4120941162109
2013-02-18,194.9320068359375
2013-02-19,195.86241149902344
2013-02-20,194.01451110839844
2013-02-21,190.4392852783203
2013-02-22,189.185775756836
2013-02-25,191.3309020996093
2013-02-26,189.3925323486328
2013-02-27,190.68478393554688
2013-02-28,179.26988220214844
2013-03-01,179.8513946533203
2013-03-04,180.87228393554688
2013-03-05,183.3749237060547
2013-03-06,186.82525634765625
2013-03-07,186.6141967773437
2013-03-08,190.34881591796875
2013-03-11,189.935302734375
2013-03-12,190.1205139160156
2013-03-13,187.7514038085937
2013-03-14,194.27294921875
2013-03-15,194.87168884277344
2013-03-18,193.8206481933593
2013-03-19,189.83621215820312
2013-03-20,182.6728057861328
2013-03-21,182.59100341796875
2013-03-22,179.5326385498047
2013-03-25,177.318603515625
2013-03-26,176.63369750976562
2013-03-28,178.5677490234375
2013-04-01,180.10552978515625
2013-04-02,184.400146484375
2013-04-03,181.3116455078125
2013-04-04,178.1240997314453
2013-04-05,177.18505859375
2013-04-08,175.20361328125
2013-04-09,171.28807067871094
2013-04-10,174.2947235107422
2013-04-11,175.9488067626953
2013-04-12,179.347412109375
2013-04-15,184.90411376953125
2013-04-16,188.074462890625
2013-04-17,193.4200592041016
2013-04-18,198.115234375
2013-04-22,200.4800720214844
2013-04-23,197.06851196289065
2013-04-25,201.1218719482422
2013-04-26,197.1072540283203
2013-04-29,195.86671447753903
2013-04-30,195.06983947753903
2013-05-02,198.0980224609375
2013-05-03,190.71925354003903
2013-05-06,191.7788848876953
2013-05-07,194.4237060546875
2013-05-08,194.2427978515625
2013-05-09,197.36573791503903
2013-05-10,197.5940399169922
2013-05-13,196.2242584228516
2013-05-14,197.5466766357422
2013-05-15,205.2742919921875
2013-05-16,208.42742919921875
2013-05-17,208.90126037597656
2013-05-20,207.7769775390625
2013-05-21,203.37472534179688
2013-05-22,203.57286071777344
2013-05-23,187.60061645507807
2013-05-24,185.3262481689453
2013-05-27,186.26528930664065
2013-05-28,187.0733795166016
2013-05-29,185.0092315673828
2013-05-30,183.4501342773437
2013-05-31,179.77859497070312
2013-06-03,181.8076019287109
2013-06-04,178.1492462158203
2013-06-05,178.4610595703125
2013-06-06,179.95864868164062
2013-06-07,177.79348754882812
2013-06-10,176.686767578125
2013-06-11,175.45266723632812
2013-06-12,176.20362854003906
2013-06-13,177.32357788085938
2013-06-14,179.69955444335938
2013-06-17,181.451889038086
2013-06-18,179.5019073486328
2013-06-19,179.69515991210938
2013-06-20,175.45706176757812
2013-06-21,174.71482849121094
2013-06-24,171.14431762695312
2013-06-25,167.57376098632812
2013-06-26,166.89303588867188
2013-06-27,167.986572265625
2013-06-28,171.6142120361328
2013-07-01,177.04248046875
2013-07-02,174.78509521484375
2013-07-03,166.77883911132812
2013-07-04,166.8842315673828
2013-07-05,166.40113830566406
2013-07-08,164.5346221923828
2013-07-09,166.41871643066406
2013-07-10,164.8069305419922
2013-07-11,167.88555908203125
2013-07-12,166.3089141845703
2013-07-15,167.96900939941406
2013-07-16,160.53367614746094
2013-07-17,158.69351196289062
2013-07-18,160.23504638671875
2013-07-19,159.09756469726562
2013-07-22,160.2745819091797
2013-07-23,163.45863342285156
2013-07-24,158.21482849121094
2013-07-25,157.94253540039062
2013-07-26,155.05274963378906
2013-07-29,152.83924865722656
2013-07-30,151.3679962158203
2013-07-31,150.05923461914062
2013-08-01,147.84576416015625
2013-08-02,147.6173858642578
2013-08-05,147.7623291015625
2013-08-06,144.1741943359375
2013-08-07,150.73558044433594
2013-08-08,146.17247009277344
2013-08-12,141.0077362060547
2013-08-13,142.29013061523438
2013-08-14,142.68101501464844
2013-08-16,137.95542907714844
2013-08-19,134.43316650390625
2013-08-20,136.50172424316406
2013-08-21,135.9703369140625
2013-08-22,137.44158935546875
2013-08-23,136.94529724121094
2013-08-26,136.78282165527344
2013-08-27,133.5109405517578
2013-08-28,131.56533813476562
2013-08-29,130.68255615234375
2013-08-30,133.41868591308594
2013-09-02,133.19029235839844
2013-09-03,129.61538696289062
2013-09-04,131.24472045898438
2013-09-05,143.8887481689453
2013-09-06,143.57254028320312
2013-09-10,143.48033142089844
2013-09-11,148.44744873046875
2013-09-12,145.6674346923828
2013-09-13,145.90460205078125
2013-09-16,144.60899353027344
2013-09-17,143.49351501464844
2013-09-18,147.00692749023438
2013-09-19,158.78575134277344
2013-09-20,153.49803161621094
2013-09-23,145.3380584716797
2013-09-24,144.48602294921875
2013-09-25,148.67581176757812
2013-09-26,147.2221221923828
2013-09-27,144.1127471923828
2013-09-30,141.8465576171875
2013-10-01,144.34547424316406
2013-10-03,145.82554626464844
2013-10-04,144.98670959472656
2013-10-07,143.44078063964844
2013-10-08,141.2009735107422
2013-10-09,141.3283233642578
2013-10-10,143.4320068359375
2013-10-11,145.175537109375
2013-10-14,145.56204223632812
2013-10-15,142.5404510498047
2013-10-17,142.40872192382812
2013-10-18,146.21200561523438
2013-10-21,146.822509765625
2013-10-22,147.14747619628906
2013-10-23,150.77511596679688
2013-10-24,150.9288330078125
2013-10-25,151.16160583496094
2013-10-28,147.16064453125
2013-10-29,152.8743896484375
2013-10-30,151.1703643798828
2013-10-31,157.81956481933594
2013-11-01,165.04409790039062
2013-11-05,164.77615356445312
2013-11-06,158.94386291503906
2013-11-07,153.9415740966797
2013-11-08,153.21255493164062
2013-11-11,149.7034912109375
2013-11-12,146.94544982910156
2013-11-13,149.0623016357422
2013-11-14,151.35043334960938
2013-11-18,155.25914001464844
2013-11-19,160.16038513183594
2013-11-20,157.72732543945312
2013-11-21,154.85069274902344
2013-11-22,152.65478515625
2013-11-25,158.68911743164062
2013-11-26,156.8094482421875
2013-11-27,154.91661071777344
2013-11-28,154.90777587890625
2013-11-29,159.8134307861328
2013-12-02,160.05056762695312
2013-12-03,159.29083251953125
2013-12-04,159.62901306152344
2013-12-05,163.01947021484375
2013-12-06,163.335693359375
2013-12-09,166.08497619628906
2013-12-10,161.90834045410156
2013-12-11,157.802001953125
2013-12-12,156.08477783203125
2013-12-13,153.1510467529297
2013-12-16,152.14096069335938
2013-12-17,150.9288330078125
2013-12-18,154.89022827148438
2013-12-19,152.04872131347656
2013-12-20,153.81861877441406
2013-12-23,154.45545959472656
2013-12-24,154.5257110595703
2013-12-26,154.01625061035156
2013-12-27,155.47872924804688
2013-12-30,154.99563598632812
2013-12-31,155.16250610351562
2014-01-01,155.03515625
2014-01-02,153.063232421875
2014-01-03,151.0474090576172
2014-01-06,148.2805633544922
2014-01-07,145.93092346191406
2014-01-08,145.55760192871094
2014-01-09,144.03367614746094
2014-01-10,141.253662109375
2014-01-13,144.16104125976562
2014-01-14,142.95330810546875
2014-01-15,144.1127471923828
2014-01-16,143.71746826171875
2014-01-17,142.43064880371094
2014-01-20,144.2137451171875
2014-01-21,145.7640380859375
2014-01-22,144.65292358398438
2014-01-23,145.65863037109375
2014-01-24,142.39993286132812
2014-01-27,140.0546875
2014-01-28,140.21278381347656
2014-01-29,138.2233123779297
2014-01-30,133.21224975585938
2014-01-31,133.8490753173828
2014-02-03,130.73089599609375
2014-02-04,133.1068572998047
2014-02-05,133.66024780273438
2014-02-06,132.18019104003906
2014-02-07,134.17845153808594
2014-02-10,132.99267578125
2014-02-11,133.48455810546875
2014-02-12,134.60885620117188
2014-02-13,131.802490234375
2014-02-14,129.56707763671875
2014-02-17,129.43531799316406
2014-02-18,131.83763122558594
2014-02-19,132.4612579345703
2014-02-20,130.05018615722656
2014-02-21,131.9386444091797
2014-02-24,132.6764678955078
2014-02-25,132.2812042236328
2014-02-26,133.5460205078125
2014-02-28,134.6747589111328
2014-03-03,133.36598205566406
2014-03-04,136.17672729492188
2014-03-05,138.48243713378906
2014-03-06,138.55270385742188
2014-03-07,144.89886474609375
2014-03-10,148.63189697265625
2014-03-11,148.42364501953125
2014-03-12,145.7915496826172
2014-03-13,146.41195678710938
2014-03-14,146.5935821533203
2014-03-18,150.77210998535156
2014-03-19,151.44117736816406
2014-03-20,148.70278930664062
2014-03-21,150.84744262695312
2014-03-24,152.92562866210938
2014-03-25,154.5030975341797
2014-03-26,156.63888549804688
2014-03-27,162.798095703125
2014-03-28,168.55406188964844
2014-03-31,169.94985961914062
2014-04-01,167.81849670410156
2014-04-02,171.47413635253906
2014-04-03,168.0444793701172
2014-04-04,168.62940979003906
2014-04-07,170.3663787841797
2014-04-09,175.91407775878906
2014-04-10,179.72923278808594
2014-04-11,176.72500610351562
2014-04-15,174.0574493408203
2014-04-16,173.64537048339844
2014-04-17,178.77659606933594
2014-04-21,183.6330718994141
2014-04-22,181.54600524902344
2014-04-23,183.0215759277344
2014-04-24,183.0215759277344
2014-04-25,184.79844665527344
2014-04-28,186.655029296875
2014-04-29,183.0747528076172
2014-04-30,184.2090606689453
2014-05-02,181.51499938964844
2014-05-05,181.1915283203125
2014-05-06,181.8694763183593
2014-05-07,183.96095275878903
2014-05-08,185.3744659423828
2014-05-09,192.5971221923828
2014-05-12,198.7519073486328
2014-05-13,201.71188354492188
2014-05-14,202.28350830078125
2014-05-15,201.9910430908203
2014-05-16,214.2163848876953
2014-05-19,227.5894012451172
2014-05-20,223.91604614257807
2014-05-21,217.94737243652344
2014-05-22,222.58670043945312
2014-05-23,244.01988220214844
2014-05-26,239.44696044921875
2014-05-27,233.0175170898437
2014-05-28,231.32037353515625
2014-05-29,231.87745666503903
2014-05-30,226.60073852539065
2014-06-02,235.7324981689453
2014-06-03,235.777084350586
2014-06-04,239.1151580810547
2014-06-05,240.4744415283203
2014-06-06,244.20916748046875
2014-06-09,241.3613128662109
2014-06-10,237.6132049560547
2014-06-11,240.4254302978516
2014-06-12,240.77749633789065
2014-06-13,232.452392578125
2014-06-16,230.02349853515625
2014-06-17,236.49905395507807
2014-06-18,235.4517517089844
2014-06-19,232.2340240478516
2014-06-20,230.24185180664065
2014-06-23,231.7660369873047
2014-06-24,237.38150024414065
2014-06-25,239.93963623046875
2014-06-26,236.43223571777344
2014-06-27,235.219955444336
2014-06-30,239.4360198974609
2014-07-01,238.89675903320312
2014-07-02,240.86216735839844
2014-07-03,240.32290649414065
2014-07-04,240.4922790527344
2014-07-07,239.2978515625
2014-07-08,229.5376892089844
2014-07-09,230.1661071777344
2014-07-10,226.9082794189453
2014-07-11,216.17205810546875
2014-07-14,214.9063720703125
2014-07-15,224.4035797119141
2014-07-16,229.390625
2014-07-17,231.94879150390625
2014-07-18,228.4057006835937
2014-07-21,224.90272521972656
2014-07-22,224.9918670654297
2014-07-23,226.431381225586
2014-07-24,227.9243927001953
2014-07-25,222.8838348388672
2014-07-28,221.9122772216797
2014-07-30,220.11624145507807
2014-07-31,217.41993713378903
2014-08-01,217.2372131347656
2014-08-04,219.39425659179688
2014-08-05,220.5084381103516
2014-08-06,216.2612152099609
2014-08-07,217.13916015625
2014-08-08,215.52137756347656
2014-08-11,215.2094268798828
2014-08-12,216.5196990966797
2014-08-13,211.15382385253903
2014-08-14,210.57891845703125
2014-08-18,215.81105041503903
2014-08-19,217.6873474121093
2014-08-20,215.2361755371093
2014-08-21,219.9424285888672
2014-08-22,225.03643798828125
2014-08-25,223.3830108642578
2014-08-26,222.47830200195312
2014-08-27,223.28048706054688
2014-08-28,219.3318786621093
2014-09-01,223.2225646972656
2014-09-02,224.7958068847656
2014-09-03,223.28048706054688
2014-09-04,221.600341796875
2014-09-05,224.2386932373047
2014-09-08,228.708724975586
2014-09-09,228.8379669189453
2014-09-10,227.2870635986328
2014-09-11,232.0245361328125
2014-09-12,234.4578857421875
2014-09-15,233.8206024169922
2014-09-16,228.4591827392578
2014-09-17,228.392318725586
2014-09-18,233.56658935546875
2014-09-19,228.8959350585937
2014-09-22,231.8863525390625
2014-09-23,227.8441619873047
2014-09-24,221.6181640625
2014-09-25,211.9337615966797
2014-09-26,217.95474243164065
2014-09-29,218.3513946533203
2014-09-30,217.994857788086
2014-10-01,216.0027008056641
2014-10-07,210.9265289306641
2014-10-08,214.9241943359375
2014-10-09,221.0120544433593
2014-10-10,218.485092163086
2014-10-13,221.53794860839844
2014-10-14,224.9339294433593
2014-10-15,224.9339294433593
2014-10-16,219.8399353027344
2014-10-17,224.786865234375
2014-10-20,229.02520751953125
2014-10-21,230.33546447753903
2014-10-22,229.54214477539065
2014-10-27,231.55210876464844
2014-10-28,236.8065490722656
2014-10-29,235.6478271484375
2014-10-30,235.13531494140625
2014-10-31,240.9112243652344
2014-11-03,242.7518005371093
2014-11-05,247.96170043945312
2014-11-07,244.4497985839844
2014-11-10,244.18243408203125
2014-11-11,244.25816345214844
2014-11-12,244.7662811279297
2014-11-13,242.38186645507807
2014-11-14,248.4920196533203
2014-11-17,262.1072082519531
2014-11-18,262.5663146972656
2014-11-19,259.4242858886719
2014-11-20,264.8169250488281
2014-11-21,272.3041687011719
2014-11-24,275.29010009765625
2014-11-25,271.3683166503906
2014-11-26,272.97265625
2014-11-27,272.6161193847656
2014-11-28,286.4764404296875
2014-12-01,284.8720092773437
2014-12-02,284.0698547363281
2014-12-03,283.4013061523437
2014-12-04,285.4959716796875
2014-12-05,283.0447998046875
2014-12-08,278.9000549316406
2014-12-09,273.24005126953125
2014-12-10,281.61865234375
2014-12-11,279.9250793457031
2014-12-12,277.5184936523437
2014-12-15,276.805419921875
2014-12-16,263.4799194335937
2014-12-17,268.9616394042969
2014-12-18,273.73028564453125
2014-12-19,271.1008605957031
2014-12-22,274.2651062011719
2014-12-23,273.8194274902344
2014-12-24,272.52703857421875
2014-12-26,274.22052001953125
2014-12-29,274.13140869140625
2014-12-30,276.09234619140625
2014-12-31,277.96417236328125
2015-01-01,279.88055419921875
2015-01-02,280.9947509765625
2015-01-05,278.76641845703125
2015-01-06,267.3126220703125
2015-01-07,267.5354919433594
2015-01-08,271.72479248046875
2015-01-09,270.2541198730469
2015-01-12,273.73028564453125
2015-01-13,271.9476623535156
2015-01-14,271.59112548828125
2015-01-15,285.4959716796875
2015-01-16,281.1730041503906
2015-01-19,279.1228942871094
2015-01-20,283.5796203613281
2015-01-21,290.7549133300781
2015-01-22,289.3733215332031
2015-01-23,291.8690795898437
2015-01-27,294.1865234375
2015-01-28,298.2421264648437
2015-01-29,291.46795654296875
2015-01-30,275.3793029785156
2015-02-02,274.0868530273437
2015-02-03,267.669189453125
2015-02-04,261.2069702148437
2015-02-05,259.2014465332031
2015-02-06,258.7557983398437
2015-02-09,249.1293334960937
2015-02-10,256.0817565917969
2015-02-11,254.8785095214844
2015-02-12,253.40773010253903
2015-02-13,273.5966186523437
2015-02-16,273.373779296875
2015-02-18,272.48248291015625
2015-02-19,269.4964294433594
2015-02-20,269.451904296875
2015-02-23,264.32666015625
2015-02-24,264.05926513671875
2015-02-25,263.4353332519531
2015-02-26,257.95361328125
2015-02-27,267.3126220703125
2015-03-02,269.1844482421875
2015-03-03,269.7192687988281
2015-03-04,261.9200439453125
2015-03-05,261.8754577636719
2015-03-09,259.0677795410156
2015-03-10,256.34918212890625
2015-03-11,254.1653747558593
2015-03-12,255.6807098388672
2015-03-13,250.2434997558593
2015-03-16,251.0457305908203
2015-03-17,252.3381805419922
2015-03-18,256.0817565917969
2015-03-19,251.0011749267578
2015-03-20,248.0151824951172
2015-03-23,244.8954467773437
2015-03-24,241.15182495117188
2015-03-25,236.5614318847656
2015-03-26,228.76222229003903
2015-03-27,234.95706176757807
2015-03-30,238.7898101806641
2015-03-31,238.0321502685547
2015-04-01,243.7367401123047
2015-04-06,244.80630493164065
2015-04-07,242.4888610839844
2015-04-08,244.1378631591797
2015-04-09,250.3326416015625
2015-04-10,254.70016479492188
2015-04-13,255.1904296875
2015-04-15,258.4884338378906
2015-04-16,260.6275939941406
2015-04-17,260.0482177734375
2015-04-20,256.3937072753906
2015-04-21,257.7753295898437
2015-04-22,253.0066375732422
2015-04-23,247.4803466796875
2015-04-24,245.6085662841797
2015-04-27,238.0321502685547
2015-04-28,242.88999938964844
2015-04-29,242.3551483154297
2015-04-30,240.43875122070312
2015-05-04,247.03468322753903
2015-05-05,242.4888610839844
2015-05-06,236.5614318847656
2015-05-07,232.5950164794922
2015-05-08,233.48635864257807
2015-05-11,246.0541839599609
2015-05-12,238.3441467285156
2015-05-13,244.494369506836
2015-05-14,250.4218139648437
2015-05-15,256.2154846191406
2015-05-18,258.2655334472656
2015-05-19,257.1068420410156
2015-05-20,260.805908203125
2015-05-21,258.7112731933594
2015-05-22,251.75880432128903
2015-05-25,247.4803466796875
2015-05-26,247.03468322753903
2015-05-27,250.2434997558593
2015-05-28,250.55943298339844
2015-05-29,251.0558319091797
2015-06-01,251.1009979248047
2015-06-02,240.3150177001953
2015-06-03,232.3270721435547
2015-06-04,232.5075836181641
2015-06-05,232.6881103515625
2015-06-08,230.11572265625
2015-06-09,232.5075836181641
2015-06-10,235.21536254882807
2015-06-11,229.2582550048828
2015-06-12,229.213134765625
2015-06-15,225.87353515625
2015-06-16,229.79981994628903
2015-06-17,230.25112915039065
2015-06-18,232.9589080810547
2015-06-19,234.80918884277344
2015-06-22,240.08937072753903
2015-06-23,241.66891479492188
2015-06-24,236.79493713378903
2015-06-25,239.00624084472656
2015-06-26,239.36729431152344
2015-06-29,234.35791015625
2015-06-30,237.1559295654297
2015-07-01,241.66891479492188
2015-07-02,241.75914001464844
2015-07-03,243.1581420898437
2015-07-06,244.42176818847656
2015-07-07,246.3172149658203
2015-07-08,241.307846069336
2015-07-09,241.66891479492188
2015-07-10,244.1961212158203
2015-07-13,247.0393218994141
2015-07-14,242.0751037597656
2015-07-15,241.93966674804688
2015-07-16,245.6854248046875
2015-07-17,244.69256591796875
2015-07-20,241.39810180664065
2015-07-21,238.55496215820312
2015-07-22,242.39097595214844
2015-07-23,243.744857788086
2015-07-24,237.6072235107422
2015-07-27,233.2748260498047
2015-07-28,233.9517364501953
2015-07-29,228.89724731445312
2015-07-30,231.78550720214844
2015-07-31,243.744857788086
2015-08-03,253.67337036132807
2015-08-04,260.4879150390625
2015-08-05,257.5996398925781
2015-08-06,260.8940734863281
2015-08-07,253.8990173339844
2015-08-10,255.2077789306641
2015-08-11,242.61659240722656
2015-08-12,231.3793487548828
2015-08-13,234.0419769287109
2015-08-14,242.3458251953125
2015-08-17,252.49996948242188
2015-08-18,257.0580749511719
2015-08-19,250.9205017089844
2015-08-20,244.1961212158203
2015-08-21,241.44325256347656
2015-08-24,221.49595642089844
2015-08-25,228.6715850830078
2015-08-26,221.7667388916016
2015-08-27,225.1514587402344
2015-08-28,224.70016479492188
2015-08-31,223.25604248046875
2015-09-01,215.8096618652344
2015-09-02,208.09249877929688
2015-09-03,209.6269073486328
2015-09-04,203.218490600586
2015-09-07,199.56300354003903
2015-09-08,206.1068115234375
2015-09-09,209.0853271484375
2015-09-10,205.29446411132807
2015-09-11,207.68634033203125
2015-09-14,212.3346710205078
2015-09-15,210.2135772705078
2015-09-16,213.7336883544922
2015-09-18,218.4271697998047
2015-09-21,221.36056518554688
2015-09-22,214.77166748046875
2015-09-23,216.48660278320312
2015-09-24,215.7645263671875
2015-09-28,216.12554931640625
2015-09-29,218.3368988037109
2015-09-30,214.04959106445312
2015-10-01,212.2444305419922
2015-10-05,216.62196350097656
2015-10-06,216.7122497558593
2015-10-07,219.826171875
2015-10-08,219.60055541992188
2015-10-09,219.7359161376953
2015-10-12,220.728759765625
2015-10-13,220.0518493652344
2015-10-14,220.4579925537109
2015-10-15,224.70016479492188
2015-10-16,231.78550720214844
2015-10-19,229.7095642089844
2015-10-20,230.0254669189453
2015-10-21,225.4673767089844
2015-10-23,228.7167053222656
2015-10-26,226.7761383056641
2015-10-27,224.5647888183593
2015-10-28,218.4723052978516
2015-10-29,213.8690643310547
2015-10-30,213.9593200683593
2015-11-02,213.8239288330078
2015-11-03,212.9665069580078
2015-11-04,215.7193756103516
2015-11-05,211.11618041992188
2015-11-06,219.32977294921875
2015-11-09,222.12779235839844
2015-11-10,217.705078125
2015-11-13,216.84762573242188
2015-11-16,224.11349487304688
2015-11-17,223.7073211669922
2015-11-18,217.52456665039065
2015-11-19,220.1420745849609
2015-11-20,219.2846221923828
2015-11-23,219.05897521972656
2015-11-24,217.8856201171875
2015-11-26,218.87844848632807
2015-11-27,225.3771209716797
2015-11-30,224.42938232421875
2015-12-01,225.8284149169922
2015-12-02,220.77389526367188
2015-12-03,217.6148376464844
2015-12-04,217.6148376464844
2015-12-07,215.40347290039065
2015-12-08,212.9665069580078
2015-12-09,211.5674591064453
2015-12-10,209.35610961914065
2015-12-11,205.15907287597656
2015-12-14,203.9405670166016
2015-12-15,204.34674072265625
2015-12-16,205.15907287597656
2015-12-17,208.4084014892578
2015-12-18,204.43698120117188
2015-12-21,208.0022125244141
2015-12-22,206.1068115234375
2015-12-23,207.28013610839844
2015-12-24,206.0616607666016
2015-12-28,206.6032257080078
2015-12-29,205.9713897705078
2015-12-30,203.80517578125
2015-12-31,202.586669921875
2016-01-01,205.6103515625
2016-01-04,199.2019500732422
2016-01-05,196.539306640625
2016-01-06,195.7270050048828
2016-01-07,189.1380615234375
2016-01-08,188.5965118408203
2016-01-11,184.39944458007807
2016-01-12,179.9767608642578
2016-01-13,181.3306427001953
2016-01-14,176.9530792236328
2016-01-15,166.3476104736328
2016-01-18,163.3690643310547
2016-01-19,165.12911987304688
2016-01-20,156.7350311279297
2016-01-21,158.49508666992188
2016-01-22,166.618408203125
2016-01-25,165.12911987304688
2016-01-27,166.43789672851562
2016-01-28,167.20509338378906
2016-01-29,162.37623596191406
2016-02-01,155.92269897460938
2016-02-02,152.8990020751953
2016-02-03,149.8753204345703
2016-02-04,146.987060546875
2016-02-05,151.81590270996094
2016-02-08,155.38111877441406
2016-02-09,150.77792358398438
2016-02-10,143.51206970214844
2016-02-11,139.22474670410156
2016-02-12,139.72117614746094
2016-02-15,151.5
2016-02-16,141.1653289794922
2016-02-17,143.46693420410156
2016-02-18,144.23411560058594
2016-02-19,148.65682983398438
2016-02-22,148.88247680664062
2016-02-23,143.06076049804688
2016-02-24,141.07505798339844
2016-02-25,137.0133819580078
2016-02-26,140.71400451660156
2016-02-29,143.28640747070312
2016-03-01,146.2649688720703
2016-03-02,163.5044708251953
2016-03-03,164.94859313964844
2016-03-04,170.04824829101562
2016-03-08,165.4901580810547
2016-03-09,165.5352783203125
2016-03-10,162.91778564453125
2016-03-11,162.55673217773438
2016-03-14,164.04603576660156
2016-03-15,167.25022888183594
2016-03-16,167.15994262695312
2016-03-17,168.19793701171875
2016-03-18,172.62062072753906
2016-03-21,177.63002014160156
2016-03-22,178.2618408203125
2016-03-23,177.44949340820312
2016-03-28,169.95797729492188
2016-03-29,171.04110717773438
2016-03-30,178.30697631835938
2016-03-31,175.32843017578125
2016-04-01,176.59202575683594
2016-04-04,175.7345733642578
2016-04-05,166.39276123046875
2016-04-06,165.9414520263672
2016-04-07,164.22653198242188
2016-04-08,165.26454162597656
2016-04-11,169.91287231445312
2016-04-12,169.50668334960938
2016-04-13,173.20730590820312
2016-04-18,168.55899047851562
2016-04-20,169.05540466308594
2016-04-21,175.41868591308594
2016-04-22,180.65370178222656
2016-04-25,177.85565185546875
2016-04-26,181.37576293945312
2016-04-27,177.04331970214844
2016-04-28,173.34271240234375
2016-04-29,170.58981323242188
2016-05-02,167.88201904296875
2016-05-03,166.1219940185547
2016-05-04,162.4213409423828
2016-05-05,162.7823944091797
2016-05-06,166.39276123046875
2016-05-09,170.31903076171875
2016-05-10,171.04110717773438
2016-05-11,166.97943115234375
2016-05-12,170.1385040283203
2016-05-13,166.84405517578125
2016-05-16,159.5781707763672
2016-05-17,159.6233367919922
2016-05-18,162.4213409423828
2016-05-19,155.8775634765625
2016-05-20,154.65907287597656
2016-05-23,151.99642944335938
2016-05-24,152.98927307128906
2016-05-25,158.0437774658203
2016-05-26,166.2122344970703
2016-05-27,176.81768798828125
2016-05-30,179.4803466796875
2016-05-31,184.98614501953125
2016-06-01,178.93878173828125
2016-06-02,181.01475524902344
2016-06-03,179.7802276611328
2016-06-06,181.88345336914065
2016-06-07,192.17100524902344
2016-06-08,192.67393493652344
2016-06-09,191.9881134033203
2016-06-10,188.330322265625
2016-06-13,184.5353546142578
2016-06-14,189.9306030273437
2016-06-15,197.5662384033203
2016-06-16,197.5205078125
2016-06-17,195.18865966796875
2016-06-20,197.4290466308593
2016-06-21,195.69161987304688
2016-06-22,194.68569946289065
2016-06-23,198.9379119873047
2016-06-24,193.1768951416016
2016-06-27,198.5721130371093
2016-06-28,197.4290466308593
2016-06-29,198.6178436279297
2016-06-30,200.0809783935547
2016-07-01,200.81253051757807
2016-07-04,203.9216461181641
2016-07-05,204.3788604736328
2016-07-07,201.2240295410156
2016-07-08,199.6237335205078
2016-07-11,205.4762115478516
2016-07-12,207.3050994873047
2016-07-13,208.2195281982422
2016-07-14,212.1516571044922
2016-07-15,211.6944122314453
2016-07-18,209.17970275878903
2016-07-19,209.9569854736328
2016-07-20,211.3743591308593
2016-07-21,206.3448944091797
2016-07-22,204.3788604736328
2016-07-25,210.23130798339844
2016-07-26,207.3050994873047
2016-07-27,209.636947631836
2016-07-28,211.2372131347656
2016-07-29,209.7740936279297
2016-08-01,207.853759765625
2016-08-02,208.53961181640625
2016-08-03,207.2593536376953
2016-08-04,206.3448944091797
2016-08-05,212.8374786376953
2016-08-08,213.2947235107422
2016-08-09,215.0321807861328
2016-08-10,211.6944122314453
2016-08-11,207.71658325195312
2016-08-12,222.48492431640625
2016-08-16,225.6397399902344
2016-08-17,225.1825408935547
2016-08-18,227.1485748291016
2016-08-19,236.3844757080078
2016-08-22,233.00103759765625
2016-08-23,232.955322265625
2016-08-24,232.63526916503903
2016-08-25,228.7488555908203
2016-08-26,225.5025634765625
2016-08-29,227.7429656982422
2016-08-30,230.66921997070312
2016-08-31,230.89781188964844
2016-09-01,230.44058227539065
2016-09-02,232.8181610107422
2016-09-06,237.8476104736328
2016-09-07,243.97439575195312
2016-09-08,245.3917999267578
2016-09-09,241.50543212890625
2016-09-12,231.1264190673828
2016-09-14,235.5157623291016
2016-09-15,234.098373413086
2016-09-16,232.54383850097656
2016-09-19,233.7783203125
2016-09-20,232.68096923828125
2016-09-21,229.66329956054688
2016-09-22,235.83583068847656
2016-09-23,232.7724609375
2016-09-26,230.1205291748047
2016-09-27,227.697265625
2016-09-28,232.04087829589844
2016-09-29,226.09695434570312
2016-09-30,229.7547607421875
2016-10-03,233.4582672119141
2016-10-04,237.52755737304688
2016-10-05,238.5334625244141
2016-10-06,234.8299255371093
2016-10-07,236.56741333007807
2016-10-10,234.6470642089844
2016-10-13,228.2916259765625
2016-10-14,230.5320587158203
2016-10-17,231.5379180908203
2016-10-18,234.9213714599609
2016-10-19,233.5497131347656
2016-10-20,237.93907165527344
2016-10-21,236.3844757080078
2016-10-24,240.4538116455078
2016-10-25,239.08213806152344
2016-10-26,236.6131134033203
2016-10-27,233.5497131347656
2016-10-28,235.92726135253903
2016-11-01,236.79600524902344
2016-11-02,229.5718536376953
2016-11-03,224.6338653564453
2016-11-04,222.0734100341797
2016-11-07,231.08071899414065
2016-11-08,231.0349884033203
2016-11-09,237.75616455078125
2016-11-10,257.23388671875
2016-11-11,249.64401245117188
2016-11-15,254.3991241455078
2016-11-16,253.4846343994141
2016-11-17,253.7132568359375
2016-11-18,252.2044219970703
2016-11-21,235.33287048339844
2016-11-22,235.33287048339844
2016-11-23,236.5216522216797
2016-11-24,239.35646057128903
2016-11-25,238.6249237060547
2016-11-28,231.8579864501953
2016-11-29,231.08071899414065
2016-11-30,236.2473297119141
2016-12-01,233.7783203125
2016-12-02,232.3609313964844
2016-12-05,234.9213714599609
2016-12-06,236.93316650390625
2016-12-07,233.73260498046875
2016-12-08,237.6647186279297
2016-12-09,243.8372497558593
2016-12-12,241.09390258789065
2016-12-13,243.38003540039065
2016-12-14,240.4080352783203
2016-12-15,242.69415283203125
2016-12-16,242.0997772216797
2016-12-19,238.9906616210937
2016-12-20,232.7724609375
2016-12-21,233.5039825439453
2016-12-22,228.42881774902344
2016-12-23,227.8344116210937
2016-12-26,223.3079071044922
2016-12-27,227.4686279296875
2016-12-28,226.55419921875
2016-12-29,226.46275329589844
2016-12-30,228.79458618164065
2017-01-02,222.7592315673828
2017-01-03,223.9480133056641
2017-01-04,222.11911010742188
2017-01-05,224.35952758789065
2017-01-06,224.86245727539065
2017-01-09,225.91407775878903
2017-01-10,227.05714416503903
2017-01-11,230.57774353027344
2017-01-12,229.7547607421875
2017-01-13,229.4346923828125
2017-01-16,233.86978149414065
2017-01-17,234.098373413086
2017-01-18,236.2473297119141
2017-01-19,236.29307556152344
2017-01-20,229.5718536376953
2017-01-23,232.4066467285156
2017-01-24,233.0924835205078
2017-01-25,237.0246124267578
2017-01-27,243.65435791015625
2017-01-30,241.36827087402344
2017-01-31,238.0762176513672
2017-02-01,247.540771484375
2017-02-02,249.9183044433593
2017-02-03,253.80471801757807
2017-02-06,253.3474884033203
2017-02-07,254.124755859375
2017-02-08,253.4846343994141
2017-02-09,252.2501678466797
2017-02-10,252.7073669433593
2017-02-13,248.40945434570312
2017-02-14,247.08352661132807
2017-02-15,245.94046020507807
2017-02-16,247.3578643798828
2017-02-17,246.30625915527344
2017-02-20,246.58058166503903
2017-02-21,247.540771484375
2017-02-22,249.0038299560547
2017-02-23,247.31216430664065
2017-02-27,245.30035400390625
2017-02-28,246.16909790039065
2017-03-01,248.5009155273437
2017-03-02,244.431640625
2017-03-03,242.37413024902344
2017-03-06,246.7634735107422
2017-03-07,244.88885498046875
2017-03-08,246.8091583251953
2017-03-09,249.87258911132807
2017-03-10,248.77525329589844
2017-03-14,251.1527862548828
2017-03-15,253.621826171875
2017-03-16,255.40496826171875
2017-03-17,250.69558715820312
2017-03-20,250.46701049804688
2017-03-21,249.04959106445312
2017-03-22,244.61453247070312
2017-03-23,245.5289459228516
2017-03-24,252.8445587158203
2017-03-27,255.5421600341797
2017-03-28,257.9654235839844
2017-03-29,263.772216796875
2017-03-30,266.14971923828125
2017-03-31,268.2986755371094
2017-04-03,268.0700378417969
2017-04-05,271.9107971191406
2017-04-06,267.79571533203125
2017-04-07,264.6866149902344
2017-04-10,264.5951843261719
2017-04-11,269.3045654296875
2017-04-12,265.32672119140625
2017-04-13,266.6069641113281
2017-04-17,265.09814453125
2017-04-18,265.4638977050781
2017-04-19,259.74859619140625
2017-04-20,260.4344482421875
2017-04-21,258.0569152832031
2017-04-24,261.5774841308594
2017-04-25,261.5774841308594
2017-04-26,261.9432983398437
2017-04-27,257.919677734375
2017-04-28,264.9609375
2017-05-02,263.635009765625
2017-05-03,265.00665283203125
2017-05-04,273.4653015136719
2017-05-05,270.67626953125
2017-05-08,273.7853698730469
2017-05-09,271.1334533691406
2017-05-10,269.25885009765625
2017-05-11,272.5965881347656
2017-05-12,272.4136657714844
2017-05-15,275.6142883300781
2017-05-16,281.1924133300781
2017-05-17,281.3295288085937
2017-05-18,277.0316467285156
2017-05-19,281.6496276855469
2017-05-22,269.1216735839844
2017-05-23,264.137939453125
2017-05-24,258.92559814453125
2017-05-25,265.281005859375
2017-05-26,266.1576232910156
2017-05-29,262.0515441894531
2017-05-30,266.52667236328125
2017-05-31,266.0191650390625
2017-06-01,265.2348937988281
2017-06-02,264.86578369140625
2017-06-05,265.05035400390625
2017-06-06,265.096435546875
2017-06-07,268.0953063964844
2017-06-08,266.2960205078125
2017-06-09,266.2498779296875
2017-06-12,262.9281005859375
2017-06-13,261.9131164550781
2017-06-14,262.2360534667969
2017-06-15,262.0515441894531
2017-06-16,263.850830078125
2017-06-19,266.52667236328125
2017-06-20,267.6801147460937
2017-06-21,268.41827392578125
2017-06-22,271.74005126953125
2017-06-23,266.61895751953125
2017-06-27,258.0377197265625
2017-06-28,255.03887939453125
2017-06-29,251.3941345214844
2017-06-30,252.5014190673828
2017-07-03,253.60867309570312
2017-07-04,251.90164184570312
2017-07-05,253.65480041503903
2017-07-06,259.28338623046875
2017-07-07,258.4529113769531
2017-07-10,263.4817199707031
2017-07-11,261.63629150390625
2017-07-12,265.41943359375
2017-07-13,266.4344177246094
2017-07-14,269.064208984375
2017-07-17,270.3559875488281
2017-07-18,268.5105285644531
2017-07-19,270.6327514648437
2017-07-20,268.4643859863281
2017-07-21,268.1875915527344
2017-07-24,271.78619384765625
2017-07-25,273.2164001464844
2017-07-26,272.9395446777344
2017-07-27,275.29254150390625
2017-07-28,275.9845275878906
2017-07-31,288.3489685058594
2017-08-01,285.11944580078125
2017-08-02,283.9198913574219
2017-08-03,277.3224792480469
2017-08-04,281.65924072265625
2017-08-07,287.1494140625
2017-08-08,280.18292236328125
2017-08-09,278.9371643066406
2017-08-10,273.77001953125
2017-08-11,258.4990234375
2017-08-14,256.69976806640625
2017-08-16,261.2210998535156
2017-08-17,259.1449584960937
2017-08-18,257.1611328125
2017-08-21,253.42410278320312
2017-08-22,252.7320709228516
2017-08-23,257.4379272460937
2017-08-24,258.637451171875
2017-08-28,257.7608947753906
2017-08-29,255.592514038086
2017-08-30,255.2234344482422
2017-08-31,256.2845153808594
2017-09-01,256.37677001953125
2017-09-04,256.2845153808594
2017-09-05,255.1772918701172
2017-09-06,253.0550537109375
2017-09-07,253.00889587402344
2017-09-08,250.7943572998047
2017-09-11,250.01007080078125
2017-09-12,252.3168792724609
2017-09-13,252.27069091796875
2017-09-14,253.00889587402344
2017-09-15,250.51754760742188
2017-09-18,249.5025787353516
2017-09-19,247.1035003662109
2017-09-20,249.1796112060547
2017-09-21,247.74940490722656
2017-09-22,241.61334228515625
2017-09-25,238.7529296875
2017-09-26,238.29156494140625
2017-09-27,231.04823303222656
2017-09-28,233.03208923339844
2017-09-29,234.2316131591797
2017-10-03,231.87869262695312
2017-10-04,233.6318359375
2017-10-05,232.155517578125
2017-10-06,236.9074859619141
2017-10-09,236.999755859375
2017-10-10,237.092025756836
2017-10-11,232.2938995361328
2017-10-12,231.78640747070312
2017-10-13,232.61685180664065
2017-10-16,232.5707244873047
2017-10-17,231.74024963378903
2017-10-18,224.9121551513672
2017-10-19,223.98947143554688
2017-10-23,226.942138671875
2017-10-24,234.7852325439453
2017-10-25,299.7906188964844
2017-10-26,295.73065185546875
2017-10-27,287.0109558105469
2017-10-30,287.8875732421875
2017-10-31,282.166748046875
2017-11-01,295.1309509277344
2017-11-02,290.05596923828125
2017-11-03,299.8829040527344
2017-11-06,303.57373046875
2017-11-07,292.68572998046875
2017-11-08,285.6269226074219
2017-11-09,289.4561767578125
2017-11-10,307.7720947265625
2017-11-13,305.46533203125
2017-11-14,303.6660461425781
2017-11-15,299.83673095703125
2017-11-16,307.6337280273437
2017-11-17,311.4168395996094
2017-11-20,307.2646179199219
2017-11-21,305.0962829589844
2017-11-22,309.3868713378906
2017-11-23,309.0639343261719
2017-11-24,306.7109680175781
2017-11-27,309.7098388671875
2017-11-28,306.3419189453125
2017-11-29,303.48150634765625
2017-11-30,295.5922546386719
2017-12-01,288.5796203613281
2017-12-04,289.3639221191406
2017-12-05,294.4388732910156
2017-12-06,288.2566833496094
2017-12-07,291.9475402832031
2017-12-08,288.902587890625
2017-12-11,293.7929382324219
2017-12-12,293.839111328125
2017-12-13,289.08709716796875
2017-12-14,289.7330322265625
2017-12-15,288.1182861328125
2017-12-18,294.2543029785156
2017-12-19,295.08477783203125
2017-12-20,292.9625244140625
2017-12-21,292.2705078125
2017-12-22,295.1309509277344
2017-12-26,292.6395874023437
2017-12-27,290.517333984375
2017-12-28,284.5657958984375
2017-12-29,285.9498291015625
2018-01-01,283.36627197265625
2018-01-02,279.8138122558594
2018-01-03,279.4447631835937
2018-01-04,284.6580505371094
2018-01-05,282.6742553710937
2018-01-08,282.166748046875
2018-01-09,280.7826232910156
2018-01-10,277.8299865722656
2018-01-11,278.844970703125
2018-01-12,278.89111328125
2018-01-15,279.21405029296875
2018-01-16,273.26251220703125
2018-01-17,283.36627197265625
2018-01-18,279.8138122558594
2018-01-19,285.35009765625
2018-01-22,282.81268310546875
2018-01-23,293.5161437988281
2018-01-24,304.4042053222656
2018-01-25,288.9486999511719
2018-01-29,287.9798583984375
2018-01-30,289.3177490234375
2018-01-31,289.0409851074219
2018-02-01,282.3973999023437
2018-02-02,274.36981201171875
2018-02-05,275.0156555175781
2018-02-06,269.2025756835937
2018-02-07,270.1714172363281
2018-02-08,278.1067810058594
2018-02-09,273.4931640625
2018-02-12,266.4344177246094
2018-02-14,254.8543395996093
2018-02-15,257.1611328125
2018-02-16,250.65594482421875
2018-02-19,247.74940490722656
2018-02-20,248.810546875
2018-02-21,252.17843627929688
2018-02-22,251.5325622558593
2018-02-23,254.7158966064453
2018-02-26,253.23960876464844
2018-02-27,246.91897583007807
2018-02-28,247.2880401611328
2018-03-01,241.89013671875
2018-03-05,243.1358184814453
2018-03-06,236.72293090820312
2018-03-07,227.5880279541016
2018-03-08,236.95361328125
2018-03-09,233.677978515625
2018-03-12,233.3089141845703
2018-03-13,235.0159149169922
2018-03-14,237.18429565429688
2018-03-15,234.0932159423828
2018-03-16,232.8013916015625
2018-03-19,228.7875823974609
2018-03-20,229.8487091064453
2018-03-21,228.83370971679688
2018-03-22,222.88221740722656
2018-03-23,216.65386962890625
2018-03-26,227.4496307373047
2018-03-27,234.6929626464844
2018-03-28,230.5868682861328
2018-04-02,227.126693725586
2018-04-03,231.1405029296875
2018-04-04,228.1878204345703
2018-04-05,239.2604217529297
2018-04-06,239.6295318603516
2018-04-09,240.506088256836
2018-04-10,242.95127868652344
2018-04-11,237.18429565429688
2018-04-12,234.1854705810547
2018-04-13,231.5557403564453
2018-04-16,229.7564392089844
2018-04-17,228.9721221923828
2018-04-18,227.40350341796875
2018-04-19,227.126693725586
2018-04-20,222.5592498779297
2018-04-23,223.712646484375
2018-04-24,222.0056304931641
2018-04-25,218.868392944336
2018-04-26,215.1775054931641
2018-04-27,223.8510589599609
2018-04-30,227.3573760986328
2018-05-02,222.37469482421875
2018-05-03,223.2051544189453
2018-05-04,223.2512969970703
2018-05-07,227.4496307373047
2018-05-08,230.7252960205078
2018-05-09,228.83370971679688
2018-05-10,228.7875823974609
2018-05-11,231.00210571289065
2018-05-14,234.0009307861328
2018-05-15,228.83370971679688
2018-05-16,224.3124237060547
2018-05-17,223.94332885742188
2018-05-18,220.390869140625
2018-05-21,225.5580596923828
2018-05-22,234.2777557373047
2018-05-23,242.8590087890625
2018-05-24,247.74940490722656
2018-05-25,246.31919860839844
2018-05-28,251.0250396728516
2018-05-29,243.8739776611328
2018-05-30,246.5037384033203
2018-05-31,248.7182464599609
2018-06-01,246.0885467529297
2018-06-04,242.6744537353516
2018-06-05,243.18194580078125
2018-06-06,249.2718811035156
2018-06-07,248.810546875
2018-06-08,251.90164184570312
2018-06-11,252.8243408203125
2018-06-12,260.9903869628906
2018-06-13,265.465576171875
2018-06-14,260.7597351074219
2018-06-15,256.0077209472656
2018-06-18,255.4540863037109
2018-06-19,251.5325622558593
2018-06-20,252.17843627929688
2018-06-21,247.88780212402344
2018-06-22,251.94776916503903
2018-06-25,247.70327758789065
2018-06-26,246.7344207763672
2018-06-27,241.4749298095703
2018-06-28,237.13818359375
2018-06-29,239.3065643310547
2018-07-02,238.84518432617188
2018-07-03,237.5995330810547
2018-07-04,237.55340576171875
2018-07-05,236.6306915283203
2018-07-06,237.32272338867188
2018-07-09,241.33653259277344
2018-07-10,243.36651611328125
2018-07-11,239.07586669921875
2018-07-12,242.4437866210937
2018-07-13,237.8302001953125
2018-07-16,232.155517578125
2018-07-17,239.0297241210937
2018-07-18,239.49107360839844
2018-07-19,240.0908660888672
2018-07-20,241.2904052734375
2018-07-23,245.7655792236328
2018-07-24,246.22691345214844
2018-07-25,250.84051513671875
2018-07-26,265.465576171875
2018-07-27,264.5889587402344
2018-07-30,274.4159240722656
2018-07-31,270.8172912597656
2018-08-01,272.293701171875
2018-08-02,271.1864318847656
2018-08-03,276.1229553222656
2018-08-06,284.6580505371094
2018-08-07,280.5519714355469
2018-08-08,284.8426513671875
2018-08-09,292.8702392578125
2018-08-10,280.92108154296875
2018-08-13,271.41705322265625
2018-08-14,272.109130859375
2018-08-16,270.07916259765625
2018-08-17,278.752685546875
2018-08-20,283.8737487792969
2018-08-21,283.27398681640625
2018-08-23,279.0756225585937
2018-08-24,277.230224609375
2018-08-27,284.1967468261719
2018-08-28,281.75152587890625
2018-08-29,285.7653503417969
2018-08-30,284.7503967285156
2018-08-31,285.6730651855469
2018-09-03,282.6742553710937
2018-09-04,273.4931640625
2018-09-05,273.631591796875
2018-09-06,273.5393371582031
2018-09-07,269.1102905273437
2018-09-10,262.8358459472656
2018-09-11,260.7597351074219
2018-09-12,263.2510070800781
2018-09-14,268.1875915527344
2018-09-17,263.2510070800781
2018-09-18,252.6398162841797
2018-09-19,250.51754760742188
2018-09-21,249.6871032714844
2018-09-24,243.9201202392578
2018-09-25,249.9639129638672
2018-09-26,243.45880126953125
2018-09-27,244.84288024902344
2018-09-28,244.98126220703125
2018-10-01,252.6859436035156
2018-10-03,250.7021026611328
2018-10-04,250.3791656494141
2018-10-05,238.3838348388672
2018-10-08,245.21194458007807
2018-10-09,242.6283416748047
2018-10-10,257.114990234375
2018-10-11,241.89013671875
2018-10-12,243.36651611328125
2018-10-15,242.8590087890625
2018-10-16,249.4102783203125
2018-10-17,240.9674530029297
2018-10-19,240.9213104248047
2018-10-22,240.2292633056641
2018-10-23,235.8924865722656
2018-10-24,235.9386138916016
2018-10-25,230.26394653320312
2018-10-26,228.92599487304688
2018-10-29,247.19580078125
2018-10-30,252.04000854492188
2018-10-31,259.6524353027344
2018-11-01,263.8046569824219
2018-11-02,263.29718017578125
2018-11-05,272.1552734375
2018-11-06,264.3121643066406
2018-11-07,264.4044189453125
2018-11-09,261.3594665527344
2018-11-12,256.4690856933594
2018-11-13,256.56134033203125
2018-11-14,261.68243408203125
2018-11-15,263.34332275390625
2018-11-16,268.41827392578125
2018-11-19,265.8807983398437
2018-11-20,261.5440673828125
2018-11-21,264.86578369140625
2018-11-22,260.8519897460937
2018-11-26,264.2660522460937
2018-11-27,267.0341796875
2018-11-28,262.5589904785156
2018-11-29,264.2660522460937
2018-11-30,262.6512756347656
2018-12-03,264.6351013183594
2018-12-04,260.71356201171875
2018-12-05,258.4990234375
2018-12-06,254.3468017578125
2018-12-07,254.1161499023437
2018-12-10,253.00889587402344
2018-12-11,259.5140686035156
2018-12-12,263.2049255371094
2018-12-13,266.6650695800781
2018-12-14,266.8496398925781
2018-12-17,267.1264953613281
2018-12-18,270.12530517578125
2018-12-19,277.4609069824219
2018-12-20,271.32476806640625
2018-12-21,269.3409423828125
2018-12-24,270.402099609375
2018-12-26,271.41705322265625
2018-12-27,269.5716552734375
2018-12-28,272.016845703125
2018-12-31,273.0318298339844
2019-01-01,276.4459228515625
2019-01-02,271.1864318847656
2019-01-03,268.602783203125
2019-01-04,274.6466064453125
2019-01-07,273.4009094238281
2019-01-08,281.7053527832031
2019-01-09,281.7053527832031
2019-01-10,281.93603515625
2019-01-11,279.3524475097656
2019-01-14,277.1840515136719
2019-01-15,278.33746337890625
2019-01-16,279.72149658203125
2019-01-17,274.4159240722656
2019-01-18,272.1552734375
2019-01-21,269.8485107421875
2019-01-22,267.8185119628906
2019-01-23,264.4967041015625
2019-01-24,265.7885131835937
2019-01-25,263.34332275390625
2019-01-28,259.8370361328125
2019-01-29,258.9142761230469
2019-01-30,265.2348937988281
2019-01-31,270.9557189941406
2019-02-01,262.4205627441406
2019-02-04,262.0054016113281
2019-02-05,262.6512756347656
2019-02-06,266.7112121582031
2019-02-07,265.188720703125
2019-02-08,263.8969421386719
2019-02-11,258.822021484375
2019-02-12,254.1161499023437
2019-02-14,246.45762634277344
2019-02-15,242.6283416748047
2019-02-18,239.8601837158203
2019-02-19,242.5821990966797
2019-02-20,247.01124572753903
2019-02-21,247.2880401611328
2019-02-22,250.01007080078125
2019-02-25,249.2718811035156
2019-02-26,245.7655792236328
2019-02-27,246.9651031494141
2019-02-28,248.25689697265625
2019-03-01,251.8555145263672
2019-03-05,255.0850067138672
2019-03-06,256.6075134277344
2019-03-07,259.9754333496094
2019-03-08,259.46795654296875
2019-03-11,265.14263916015625
2019-03-12,264.7273864746094
2019-03-13,270.494384765625
2019-03-14,269.3409423828125
2019-03-15,275.338623046875
2019-03-18,275.8461608886719
2019-03-19,279.6292419433594
2019-03-20,280.3212890625
2019-03-22,275.0156555175781
2019-03-25,271.2786865234375
2019-03-26,280.04449462890625
2019-03-27,284.93487548828125
2019-03-28,294.3466186523437
2019-04-01,297.8067626953125
2019-04-02,303.57373046875
2019-04-03,295.73065185546875
2019-04-04,296.9302062988281
2019-04-05,292.5472717285156
2019-04-08,288.625732421875
2019-04-09,290.4250793457031
2019-04-10,286.87261962890625
2019-04-11,290.5634765625
2019-04-12,290.88641357421875
2019-04-15,291.2093811035156
2019-04-16,291.3477783203125
2019-04-18,286.7803039550781
2019-04-22,286.0882568359375
2019-04-23,281.65924072265625
2019-04-24,286.73419189453125
2019-04-25,282.5358581542969
2019-04-26,288.3489685058594
2019-04-30,285.9960327148437
2019-05-02,284.33514404296875
2019-05-03,286.0421447753906
2019-05-06,284.8887634277344
2019-05-07,281.8437805175781
2019-05-08,275.2002258300781
2019-05-09,276.1690673828125
2019-05-10,284.24285888671875
2019-05-13,283.18170166015625
2019-05-14,290.3327941894531
2019-05-15,287.9798583984375
2019-05-16,291.3477783203125
2019-05-17,294.5773010253906
2019-05-20,318.0604248046875
2019-05-21,311.4630126953125
2019-05-22,314.7386474609375
2019-05-23,315.7536315917969
2019-05-24,327.88739013671875
2019-05-27,333.7466125488281
2019-05-28,332.2240905761719
2019-05-29,321.7051696777344
2019-05-30,326.2264709472656
2019-05-31,325.257568359375
2019-06-03,327.9796142578125
2019-06-04,325.16534423828125
2019-06-06,310.8631896972656
2019-06-07,315.6152038574219
2019-06-10,317.6913452148437
2019-06-11,320.2749328613281
2019-06-12,317.4145202636719
2019-06-13,319.7213134765625
2019-06-14,317.2299499511719
2019-06-17,311.73980712890625
2019-06-18,313.7698059082031
2019-06-19,312.6625061035156
2019-06-20,318.4755859375
2019-06-21,322.39715576171875
2019-06-24,325.90350341796875
2019-06-25,328.9945678710937
2019-06-26,330.470947265625
2019-06-27,334.16180419921875
2019-06-28,333.33135986328125
2019-07-01,333.6081848144531
2019-07-02,336.3302001953125
2019-07-03,337.8526916503906
2019-07-04,339.0060729980469
2019-07-05,342.0048828125
2019-07-08,327.8412170410156
2019-07-09,331.71661376953125
2019-07-10,326.82623291015625
2019-07-11,335.13067626953125
2019-07-12,335.4997863769531
2019-07-15,332.2240905761719
2019-07-16,336.1918029785156
2019-07-17,343.6196594238281
2019-07-18,335.5458984375
2019-07-19,328.4870910644531
2019-07-22,323.73516845703125
2019-07-23,315.7536315917969
2019-07-24,313.3545837402344
2019-07-25,314.92315673828125
2019-07-26,316.12274169921875
2019-07-29,317.2299499511719
2019-07-30,302.23583984375
2019-07-31,306.5264892578125
2019-08-01,292.6395874023437
2019-08-02,284.6119689941406
2019-08-05,277.0456237792969
2019-08-06,278.1067810058594
2019-08-07,267.4955444335937
2019-08-08,271.6016540527344
2019-08-09,268.8334655761719
2019-08-13,261.4517517089844
2019-08-14,267.3571472167969
2019-08-16,268.41827392578125
2019-08-19,264.6812438964844
2019-08-20,261.77471923828125
2019-08-21,255.9615631103516
2019-08-22,247.7955017089844
2019-08-23,250.14845275878903
2019-08-26,258.54522705078125
2019-08-27,263.62017822265625
2019-08-28,262.8819580078125
2019-08-29,253.2857208251953
2019-08-30,252.6859436035156
2019-09-03,247.6571044921875
2019-09-04,253.83932495117188
2019-09-05,252.17843627929688
2019-09-06,252.7781982421875
2019-09-09,256.51519775390625
2019-09-11,263.2049255371094
2019-09-12,264.86578369140625
2019-09-13,269.1564636230469
2019-09-16,262.69744873046875
2019-09-17,252.7781982421875
2019-09-18,258.729736328125
2019-09-19,252.87046813964844
2019-09-20,278.3836364746094
2019-09-23,289.5023193359375
2019-09-24,279.21405029296875
2019-09-25,258.59130859375
2019-09-26,260.0676574707031
2019-09-27,259.46795654296875
2019-09-30,249.87164306640625
2019-10-01,236.16932678222656
2019-10-03,234.50840759277344
2019-10-04,230.6330108642578
2019-10-07,229.8487091064453
2019-10-09,240.7829132080078
2019-10-10,234.50840759277344
2019-10-11,234.87750244140625
2019-10-14,235.7079620361328
2019-10-15,238.4761199951172
2019-10-16,236.2615661621093
2019-10-17,244.93511962890625
2019-10-18,248.810546875
2019-10-22,249.5948486328125
2019-10-23,254.1622772216797
2019-10-24,242.21310424804688
2019-10-25,259.7908630371094
2019-10-27,260.02154541015625
2019-10-29,258.9604187011719
2019-10-30,267.4955444335937
2019-10-31,288.2566833496094
2019-11-01,289.3177490234375
2019-11-04,290.0097961425781
2019-11-05,294.5311584472656
2019-11-06,293.0086669921875
2019-11-07,293.5622863769531
2019-11-08,291.57843017578125
2019-11-11,293.6545715332031
2019-11-13,283.0893859863281
2019-11-14,282.3512878417969
2019-11-15,297.0224914550781
2019-11-18,299.97515869140625
2019-11-19,304.8655700683594
2019-11-20,303.38922119140625
2019-11-21,305.7421875
2019-11-22,303.8505249023437
2019-11-25,310.1250305175781
2019-11-26,309.5714111328125
2019-11-27,316.999267578125
2019-11-28,322.3049011230469
2019-11-29,315.4306945800781
2019-12-02,312.3395690917969
2019-12-03,310.2634582519531
2019-12-04,315.4306945800781
2019-12-05,310.2173156738281
2019-12-06,295.2693176269531
2019-12-09,292.224365234375
2019-12-10,289.17938232421875
2019-12-11,288.625732421875
2019-12-12,296.976318359375
2019-12-13,306.8493957519531
2019-12-16,306.2034912109375
2019-12-17,307.1723937988281
2019-12-18,301.6822204589844
2019-12-19,302.7894287109375
2019-12-20,311.73980712890625
2019-12-23,306.7109680175781
2019-12-24,305.8344421386719
2019-12-26,304.35809326171875
2019-12-27,311.1861877441406
2019-12-30,308.5564270019531
2019-12-31,307.9566650390625
2020-01-01,308.6026306152344
2020-01-02,313.0777282714844
2020-01-03,307.9105529785156
2020-01-06,294.3466186523437
2020-01-07,293.7929382324219
2020-01-08,295.08477783203125
2020-01-09,304.6810607910156
2020-01-10,306.57257080078125
2020-01-13,305.1885070800781
2020-01-14,302.65106201171875
2020-01-15,299.1908569335937
2020-01-16,298.31427001953125
2020-01-17,293.4238586425781
2020-01-20,289.7330322265625
2020-01-21,289.4561767578125
2020-01-22,291.71685791015625
2020-01-23,298.2220458984375
2020-01-24,299.0063171386719
2020-01-27,291.76300048828125
2020-01-28,290.7479858398437
2020-01-29,291.9936828613281
2020-01-30,286.6880798339844
2020-01-31,293.839111328125
2020-02-03,275.0617980957031
2020-02-04,282.5819396972656
2020-02-05,286.9648742675781
2020-02-06,297.0686340332031
2020-02-07,295.7768249511719
2020-02-10,293.8852233886719
2020-02-11,299.2831420898437
2020-02-12,295.4538879394531
2020-02-13,302.1435546875
2020-02-14,294.7157287597656
2020-02-17,289.9176025390625
2020-02-18,293.0086669921875
2020-02-19,295.5922546386719
2020-02-20,302.3280944824219
2020-02-24,297.9913330078125
2020-02-25,301.54376220703125
2020-02-26,302.8356018066406
2020-02-27,297.0686340332031
2020-02-28,279.5831298828125
2020-03-02,265.188720703125
2020-03-03,267.4494323730469
2020-03-04,263.2510070800781
2020-03-05,266.20379638671875
2020-03-06,249.5948486328125
2020-03-09,233.8625030517578
2020-03-11,226.1578521728516
2020-03-12,196.1695709228516
2020-03-13,223.2974090576172
2020-03-16,206.08876037597656
2020-03-17,198.5224609375
2020-03-18,198.568603515625
2020-03-19,187.9112243652344
2020-03-20,193.632080078125
2020-03-23,167.56533813476562
2020-03-24,169.0416717529297
2020-03-25,175.22389221191406
2020-03-26,177.85360717773438
2020-03-27,180.8063201904297
2020-03-30,172.4557342529297
2020-03-31,181.6367645263672
2020-04-01,172.13279724121094
2020-04-03,161.936767578125
2020-04-07,171.99436950683594
2020-04-08,168.8571319580078
2020-04-09,173.2400360107422
2020-04-13,169.31849670410156
2020-04-15,168.2573699951172
2020-04-16,173.9320831298828
2020-04-17,178.3149871826172
2020-04-20,177.62295532226562
2020-04-21,170.4718780517578
2020-04-22,174.1166229248047
2020-04-23,172.2711944580078
2020-04-24,165.85830688476562
2020-04-27,166.91943359375
2020-04-28,170.05667114257812
2020-04-29,175.40843200683594
2020-04-30,175.77749633789062
2020-05-04,165.02786254882812
2020-05-05,157.2308807373047
2020-05-06,157.87681579589844
2020-05-07,157.55384826660156
2020-05-08,153.77073669433594
2020-05-11,152.66346740722656
2020-05-12,154.00137329101562
2020-05-13,160.6449737548828
2020-05-14,154.97024536132812
2020-05-15,153.5400390625
2020-05-18,143.29788208007812
2020-05-19,140.99110412597656
2020-05-20,141.54469299316406
2020-05-21,140.206787109375
2020-05-22,139.1918182373047
2020-05-26,139.6992950439453
2020-05-27,146.34286499023438
2020-05-28,145.97377014160156
2020-05-29,148.8341827392578
2020-06-01,156.907958984375
2020-06-02,157.09249877929688
2020-06-03,161.38311767578125
2020-06-04,160.59881591796875
2020-06-05,173.28619384765625
2020-06-08,172.36346435546875
2020-06-09,170.19508361816406
2020-06-10,173.19390869140625
2020-06-11,163.459228515625
2020-06-12,165.30467224121094
2020-06-15,160.27586364746094
2020-06-16,159.53768920898438
2020-06-17,159.58383178710938
2020-06-18,165.76602172851562
2020-06-19,170.24122619628906
2020-06-22,173.19390869140625
2020-06-23,177.57681274414062
2020-06-24,170.33349609375
2020-06-25,170.93324279785156
2020-06-26,170.33349609375
2020-06-29,165.3969268798828
2020-06-30,164.65878295898438
2020-07-01,170.51803588867188
2020-07-02,171.11778259277344
2020-07-03,170.42576599121094
2020-07-06,173.51686096191406
2020-07-07,174.0243377685547
2020-07-08,177.06930541992188
2020-07-09,183.712890625
2020-07-10,180.4833984375
2020-07-13,177.8074951171875
2020-07-14,171.6714324951172
2020-07-15,169.59530639648438
2020-07-16,171.85597229003906
2020-07-17,173.65525817871094
2020-07-20,176.00819396972656
2020-07-21,179.3760986328125
2020-07-22,177.1615753173828
2020-07-23,182.9285583496093
2020-07-24,177.11546325683594
2020-07-27,172.6864013671875
2020-07-28,174.80865478515625
2020-07-29,176.4234161376953
2020-07-30,172.13279724121094
2020-07-31,176.6540985107422
2020-08-03,177.39227294921875
2020-08-04,176.79249572753906
2020-08-05,176.6540985107422
2020-08-06,176.19273376464844
2020-08-07,175.91590881347656
2020-08-10,178.82247924804688
2020-08-11,179.9758758544922
2020-08-12,187.5882873535156
2020-08-13,186.2964782714844
2020-08-14,181.3138122558593
2020-08-17,178.17657470703125
2020-08-18,180.02200317382812
2020-08-19,181.82130432128903
2020-08-20,179.69906616210938
2020-08-21,183.0669708251953
2020-08-24,185.8812561035156
2020-08-25,191.87893676757807
2020-08-26,193.632080078125
2020-08-27,198.9838256835937
2020-08-28,207.47283935546875
2020-08-31,195.61590576171875
2020-09-01,201.2445068359375
2020-09-02,199.5374755859375
2020-09-03,196.67703247070312
2020-09-04,190.6332550048828
2020-09-07,191.8327789306641
2020-09-08,188.28030395507807
2020-09-09,179.7913360595703
2020-09-10,182.83628845214844
2020-09-11,187.0346527099609
2020-09-14,183.15924072265625
2020-09-15,184.6817321777344
2020-09-16,182.8824157714844
2020-09-17,180.344955444336
2020-09-18,177.7152099609375
2020-09-21,171.4407501220703
2020-09-22,171.80982971191406
2020-09-23,169.59530639648438
2020-09-24,162.72108459472656
2020-09-25,168.1189727783203
2020-09-28,172.7786865234375
2020-09-29,170.7487030029297
2020-09-30,171.0716552734375
2020-10-01,175.59298706054688
2020-10-05,174.1627655029297
2020-10-06,176.79249572753906
2020-10-07,175.96205139160156
2020-10-08,176.70022583007812
2020-10-09,182.97471618652344
2020-10-12,183.3437957763672
2020-10-13,180.5756378173828
2020-10-14,184.58946228027344
2020-10-15,177.94589233398438
2020-10-16,180.8063201904297
2020-10-19,188.2341766357422
2020-10-20,187.3576202392578
2020-10-21,188.00352478027344
2020-10-22,187.5882873535156
2020-10-23,187.12692260742188
2020-10-26,181.49835205078125
2020-10-27,179.60678100585938
2020-10-28,175.7313690185547
2020-10-29,174.1166229248047
2020-10-30,174.62411499023438
2020-11-02,180.89859008789065
2020-11-03,188.9262084960937
2020-11-04,191.00233459472656
2020-11-05,201.75196838378903
2020-11-06,202.25949096679688
2020-11-09,202.5363006591797
2020-11-10,213.7934417724609
2020-11-11,216.1002197265625
2020-11-12,209.27212524414065
2020-11-13,211.71731567382807
2020-11-14,211.90185546875
2020-11-17,221.63653564453125
2020-11-18,232.52459716796875
2020-11-19,221.22129821777344
2020-11-20,223.98947143554688
2020-11-23,220.25244140625
2020-11-24,225.00445556640625
2020-11-25,224.2201385498047
2020-11-26,226.4807891845703
2020-11-27,225.37353515625
2020-12-01,228.87985229492188
2020-12-02,227.8648834228516
2020-12-03,236.4922637939453
2020-12-04,243.1358184814453
2020-12-07,248.764404296875
2020-12-08,250.8866577148437
2020-12-09,249.4564819335937
2020-12-10,248.7182464599609
2020-12-11,251.3941345214844
2020-12-14,253.00889587402344
2020-12-15,249.73321533203125
2020-12-16,248.57986450195312
2020-12-17,247.01124572753903
2020-12-18,250.471420288086
2020-12-21,235.0159149169922
2020-12-22,237.55340576171875
2020-12-23,242.6744537353516
2020-12-24,246.22691345214844
2020-12-28,253.9316253662109
2020-12-29,256.4229431152344
2020-12-30,255.50021362304688
2020-12-31,253.70095825195312
2021-01-01,257.8070068359375
2021-01-04,259.3294982910156
2021-01-05,259.9754333496094
2021-01-06,263.0203552246094
2021-01-07,265.465576171875
2021-01-08,263.8969421386719
2021-01-11,260.6674194335937
2021-01-12,269.8946228027344
2021-01-13,283.0893859863281
2021-01-14,283.5046691894531
2021-01-15,280.367431640625
2021-01-18,271.69390869140625
2021-01-19,275.523193359375
2021-01-20,279.1678771972656
2021-01-21,272.0629577636719
2021-01-22,261.77471923828125
2021-01-25,259.2372131347656
2021-01-27,254.3468017578125
2021-01-28,260.5290222167969
2021-01-29,260.2983093261719
2021-02-01,286.6880798339844
2021-02-02,307.3569030761719
2021-02-03,309.9866638183594
2021-02-04,327.6567077636719
2021-02-05,362.7198791503906
2021-02-08,366.3646240234375
2021-02-09,364.2884826660156
2021-02-10,361.935546875
2021-02-11,359.99786376953125
2021-02-12,362.76605224609375
2021-02-15,375.4995422363281
2021-02-16,371.2550354003906
2021-02-17,379.9285583496094
2021-02-18,383.1119689941406
2021-02-19,368.6714172363281
2021-02-22,359.39813232421875
2021-02-23,365.0266723632813
2021-02-24,374.8536682128906
2021-02-25,375.7763366699219
2021-02-26,359.99786376953125
2021-03-01,364.4269409179688
2021-03-02,363.73486328125
2021-03-03,373.746337890625
2021-03-04,365.0728454589844
2021-03-05,354.00018310546875
2021-03-08,359.49041748046875
2021-03-09,357.6449584960937
2021-03-10,357.7372131347656
2021-03-12,351.6473083496094
2021-03-15,354.2309265136719
2021-03-16,349.2943725585937
2021-03-17,339.6981201171875
2021-03-18,338.7292785644531
2021-03-19,342.4662780761719
2021-03-22,338.6369934082031
2021-03-23,343.896484375
2021-03-24,332.0395812988281
2021-03-25,327.7489624023437
2021-03-26,329.5943908691406
2021-03-30,332.9161071777344
2021-03-31,336.1456604003906
2021-04-01,342.0048828125
2021-04-05,326.2264709472656
2021-04-06,323.4582824707031
2021-04-07,330.8399963378906
2021-04-08,328.1180114746094
2021-04-09,325.718994140625
2021-04-12,303.43536376953125
2021-04-13,314.6463928222656
2021-04-15,316.2149963378906
2021-04-16,313.6313781738281
2021-04-19,305.5575866699219
2021-04-20,304.0351257324219
2021-04-22,310.6325378417969
2021-04-23,310.447998046875
2021-04-26,317.6913452148437
2021-04-27,325.7651062011719
2021-04-28,335.31524658203125
2021-04-29,331.62432861328125
2021-04-30,326.1803283691406
2021-05-03,323.50445556640625
2021-05-04,324.3348693847656
2021-05-05,327.9335021972656
2021-05-06,328.0718688964844
2021-05-07,330.5632019042969
2021-05-10,333.7466125488281
2021-05-11,336.4686279296875
2021-05-12,339.28289794921875
2021-05-14,332.5932006835937
2021-05-17,353.49273681640625
2021-05-18,352.7084045410156
2021-05-19,354.6922607421875
2021-05-20,354.8306579589844
2021-05-21,370.1939086914063
2021-05-24,380.2053833007813
2021-05-25,380.482177734375
2021-05-26,381.5894470214844
2021-05-27,392.3391418457031
2021-05-28,389.4325256347656
2021-05-31,391.5548095703125
2021-06-01,399.1210632324219
2021-06-02,403.4578247070313
2021-06-03,409.417724609375
2021-06-04,403.7837829589844
2021-06-07,402.526611328125
2021-06-08,397.8238525390625
2021-06-09,392.46923828125
2021-06-10,402.526611328125
2021-06-11,400.0588073730469
2021-06-14,400.7572326660156
2021-06-15,399.9656982421875
2021-06-16,396.6597900390625
2021-06-17,391.3517456054688
2021-06-18,384.5071716308594
2021-06-21,390.8861389160156
2021-06-22,389.86181640625
2021-06-23,390.0480346679688
2021-06-24,388.5115051269531
2021-06-25,399.3138122558594
2021-06-28,397.4048156738281
2021-06-29,392.5157775878906
2021-06-30,390.37396240234375
2021-07-01,391.491455078125
2021-07-02,395.2164001464844
2021-07-05,402.8990783691406
2021-07-06,400.1985168457031
2021-07-07,403.0853271484375
2021-07-08,395.2629699707031
2021-07-09,394.611083984375
2021-07-12,398.05670166015625
2021-07-13,399.59320068359375
2021-07-14,401.4090881347656
2021-07-15,402.0144348144531
2021-07-16,400.4313049316406
2021-07-19,398.4756774902344
2021-07-20,391.95709228515625
2021-07-22,393.0279541015625
2021-07-23,399.4069213867188
2021-07-26,394.1920471191406
2021-07-27,400.384765625
2021-07-28,396.2407836914063
2021-07-29,411.1870422363281
2021-07-30,402.1075134277344
2021-08-02,404.9943542480469
2021-08-03,415.7966918945313
2021-08-04,425.5281066894531
2021-08-05,411.4664916992188
2021-08-06,405.6927490234375
2021-08-09,403.5975036621094
2021-08-10,397.12542724609375
2021-08-11,398.6153564453125
2021-08-12,397.7773132324219
2021-08-13,401.5487976074219
2021-08-16,395.6354675292969
2021-08-17,392.5157775878906
2021-08-18,390.839599609375
2021-08-20,378.7335510253906
2021-08-23,381.3410034179688
2021-08-24,388.8840026855469
2021-08-25,387.6268310546875
2021-08-26,382.5050048828125
2021-08-27,384.088134765625
2021-08-30,393.63330078125
2021-08-31,396.7529296875
2021-09-01,400.3382263183594
2021-09-02,400.1985168457031
2021-09-03,401.7350463867188
2021-09-06,401.4090881347656
2021-09-07,399.59320068359375
2021-09-08,401.6884765625
2021-09-09,402.5731201171875
2021-09-13,403.0853271484375
2021-09-14,403.2250061035156
2021-09-15,413.3289184570313
2021-09-16,431.8139953613281
2021-09-17,422.8741149902344
2021-09-20,407.3690490722656
2021-09-21,408.6261596679688
2021-09-22,408.6727600097656
2021-09-23,418.8697814941406
2021-09-24,410.4421081542969
2021-09-27,415.8898010253906
2021-09-28,414.3067321777344
2021-09-29,428.368408203125
2021-09-30,421.8497314453125
2021-10-01,420.5925598144531
2021-10-04,431.3017883300781
2021-10-05,432.7452087402344
2021-10-06,425.7609252929688
2021-10-07,426.4127807617188
2021-10-08,426.5058898925781
2021-10-11,436.9822998046875
2021-10-12,449.7868041992188
2021-10-13,448.5762023925781
2021-10-14,456.86419677734375
2021-10-18,463.7087707519531
2021-10-19,454.6292724609375
2021-10-20,465.524658203125
2021-10-21,468.3649597167969
2021-10-22,468.3649597167969
2021-10-25,471.6708068847656
2021-10-26,477.3048095703125
2021-10-27,483.4509887695313
2021-10-28,466.875
2021-10-29,467.6199340820313
2021-11-01,480.23822021484375
2021-11-02,485.8256530761719
2021-11-03,491.3664855957031
2021-11-04,493.9739074707031
2021-11-08,487.2690124511719
2021-11-09,492.7633666992188
2021-11-10,488.3399658203125
2021-11-11,474.55767822265625
2021-11-12,476.1873168945313
2021-11-15,471.7173767089844
2021-11-16,461.0547790527344
2021-11-17,463.8949890136719
2021-11-18,469.156494140625
2021-11-22,452.9529724121094
2021-11-23,459.1456909179688
2021-11-24,459.2388305664063
2021-11-25,456.817626953125
2021-11-26,438.1463317871094
2021-11-29,433.11767578125
2021-11-30,428.8805847167969
2021-12-01,442.6162414550781
2021-12-02,444.1993713378906
2021-12-03,440.6141052246094
2021-12-06,433.3039245605469
2021-12-07,443.9200134277344
2021-12-08,457.7488403320313
2021-12-09,455.0482482910156
2021-12-10,460.6822509765625
2021-12-13,454.2567138671875
2021-12-14,454.95513916015625
2021-12-15,451.4629821777344
2021-12-16,448.0640258789063
2021-12-17,435.6320190429688
2021-12-20,418.31103515625
2021-12-21,415.3310852050781
2021-12-22,424.5037536621094
2021-12-23,430.0445861816406
2021-12-24,425.5281066894531
2021-12-27,426.5524291992188
2021-12-28,429.4858703613281
2021-12-29,423.1534729003906
2021-12-30,420.6391296386719
2021-12-31,428.7874450683594
2022-01-03,438.4256896972656
2022-01-04,450.25244140625
2022-01-05,458.5403747558594
2022-01-06,457.8885498046875
2022-01-07,457.469482421875
2022-01-10,469.0167846679688
2022-01-11,471.1586608886719
2022-01-12,475.1629638671875
2022-01-13,476.1873168945313
2022-01-14,473.39361572265625
2022-01-17,478.6551208496094
2022-01-18,471.9501647949219
2022-01-19,480.331298828125
2022-01-20,476.23388671875
2022-01-21,468.1321411132813
2022-01-24,460.1700439453125
2022-01-25,479.2604370117188
2022-01-27,492.57708740234375
2022-01-28,487.4552917480469
2022-01-31,501.2840576171875
2022-02-01,495.6966552734375
2022-02-02,502.6809692382813
2022-02-03,502.9603576660156
2022-02-04,493.8341979980469
2022-02-07,496.5814208984375
2022-02-08,494.8119812011719
2022-02-09,498.4438171386719
2022-02-10,503.3793640136719
2022-02-11,493.182373046875
2022-02-14,466.9215087890625
2022-02-15,488.71240234375
2022-02-16,481.16943359375
2022-02-17,477.6773376464844
2022-02-18,479.8656921386719
2022-02-21,476.6529541015625
2022-02-22,464.1278076171875
2022-02-23,464.4071960449219
2022-02-24,440.1485290527344
2022-02-25,449.7402648925781
2022-02-28,449.9730529785156
2022-03-02,441.6384582519531
2022-03-03,435.259521484375
2022-03-04,430.1842956542969
2022-03-07,410.0230407714844
2022-03-08,410.0230407714844
2022-03-09,420.6391296386719
2022-03-10,436.4701232910156
2022-03-11,438.0066833496094
2022-03-14,451.7889404296875
2022-03-15,452.4408264160156
2022-03-16,458.8663330078125
2022-03-17,467.3871765136719
2022-03-21,456.86419677734375
2022-03-22,459.75103759765625
2022-03-23,456.9107666015625
2022-03-24,453.6048583984375
2022-03-25,456.9573059082031
2022-03-28,463.2897033691406
2022-03-29,460.9616088867188
2022-03-30,460.3097534179688
2022-03-31,459.611328125
2022-04-01,473.2539367675781
2022-04-04,477.1651611328125
2022-04-05,474.3713989257813
2022-04-06,478.6085510253906
2022-04-07,479.539794921875
2022-04-08,480.6106872558594
2022-04-11,479.49322509765625
2022-04-12,477.5841369628906
2022-04-13,482.1006774902344
2022-04-18,474.4645385742188
2022-04-19,476.60638427734375
2022-04-20,474.27825927734375
2022-04-21,480.7969055175781
2022-04-22,466.1765441894531
2022-04-25,460.7288513183594
2022-04-26,470.7396240234375
2022-04-27,463.0569152832031
2022-04-28,472.60205078125
2022-04-29,462.1722412109375
2022-05-02,457.2366638183594
2022-05-04,446.6671447753906
2022-05-05,446.9930725097656
2022-05-06,450.6714477539063
2022-05-09,443.1750183105469
2022-05-10,442.5231628417969
2022-05-11,443.7803039550781
2022-05-12,430.8361511230469
2022-05-13,414.0738830566406
2022-05-16,423.7121887207031
2022-05-17,435.1664123535156
2022-05-18,426.5058898925781
2022-05-19,416.72796630859375
2022-05-20,430.6033325195313
2022-05-23,429.2065124511719
2022-05-24,430.27740478515625
2022-05-25,429.4735107421875
2022-05-26,443.4708862304688
2022-05-27,443.5181884765625
2022-05-30,448.8617858886719
2022-05-31,442.7142639160156
2022-06-01,442.9034118652344
2022-06-02,444.369384765625
2022-06-03,439.30950927734375
2022-06-06,438.5529479980469
2022-06-07,438.2691650390625
2022-06-08,445.74072265625
2022-06-09,441.6266479492188
2022-06-10,436.80322265625
2022-06-13,421.6708984375
2022-06-14,423.79888916015625
2022-06-15,426.8726501464844
2022-06-16,417.6513977050781
2022-06-17,417.0839538574219
2022-06-20,411.1256103515625
2022-06-21,426.30517578125
2022-06-22,423.373291015625
2022-06-23,426.9199523925781
2022-06-24,429.6153869628906
2022-06-27,436.1884765625
2022-06-28,439.0730590820313
2022-06-29,434.2023620605469
2022-06-30,440.6336059570313
2022-07-01,441.5320434570313
2022-07-04,447.7741394042969
2022-07-05,446.5446166992188
2022-07-06,453.921630859375
2022-07-07,460.3528442382813
2022-07-08,462.0552368164063
2022-07-11,461.7242736816406
2022-07-12,458.6504821777344
2022-07-13,460.1163940429688
2022-07-14,453.3541870117188
2022-07-15,453.1177368164063
2022-07-18,463.7103271484375
2022-07-19,470.9454650878906
2022-07-20,481.0179138183594
2022-07-21,484.2807922363281
2022-07-22,485.84130859375
2022-07-25,489.7189636230469
2022-07-26,486.314208984375
2022-07-27,499.5549621582031
2022-07-28,503.574462890625
2022-07-29,499.6968078613281
2022-08-01,504.8039855957031
2022-08-02,512.7011108398438
2022-08-03,511.5188903808594
2022-08-04,504.3311462402344
2022-08-05,502.2503662109375
2022-08-08,492.177978515625
2022-08-10,486.787109375
2022-08-11,496.2920837402344
2022-08-12,501.9194030761719
2022-08-16,497.4269714355469
2022-08-17,499.5076904296875
2022-08-18,503.4798889160156
2022-08-19,492.1306457519531
2022-08-22,483.5714721679688
2022-08-23,493.5966796875
2022-08-24,491.13763427734375
2022-08-25,492.177978515625
2022-08-26,495.3935546875
2022-08-29,486.928955078125
2022-08-30,502.4395446777344
2022-09-01,504.37835693359375
2022-09-02,507.593994140625
2022-09-05,509.6747131347656
2022-09-06,508.6343078613281
2022-09-07,503.9527587890625
2022-09-08,515.1128540039062
2022-09-09,523.3410034179688
2022-09-12,524.8070068359375
2022-09-13,527.7388916015625
2022-09-14,540.7431640625
2022-09-15,541.1215209960938
2022-09-16,531.332763671875
2022-09-19,541.216064453125
2022-09-20,542.91845703125
2022-09-21,538.8043823242188
2022-09-22,536.5345458984375
2022-09-23,520.7401123046875
2022-09-26,513.8360595703125
2022-09-27,507.4048461914063
2022-09-28,496.38665771484375
2022-09-29,493.4547424316406
2022-09-30,501.8247985839844
2022-10-03,491.563232421875
2022-10-04,503.8109436035156
2022-10-06,508.1614379882813
2022-10-07,501.446533203125
2022-10-10,501.9666748046875
2022-10-11,498.7984008789063
2022-10-12,504.8512573242188
2022-10-13,493.1710205078125
2022-10-14,498.6092224121094
2022-10-17,514.1670532226562
2022-10-18,531.947509765625
2022-10-19,523.3883666992188
2022-10-20,525.2799072265625
2022-10-21,530.434326171875
2022-10-24,539.5609741210938
2022-10-25,547.1744384765625
2022-10-27,548.2147216796875
2022-10-28,539.79736328125
2022-10-31,542.6820068359375
2022-11-01,545.6139526367188
2022-11-02,542.7293090820312
2022-11-03,553.1801147460938
2022-11-04,561.7392578125
2022-11-07,580.8438110351562
2022-11-09,582.1677856445312
2022-11-10,572.8993530273438
2022-11-11,568.6906127929688
2022-11-14,560.4152221679688
2022-11-15,568.2650146484375
2022-11-16,567.2246704101562
2022-11-17,566.5626220703125
2022-11-18,570.0147094726562
2022-11-21,565.6641845703125
2022-11-22,566.6099853515625
2022-11-23,574.6962890625
2022-11-24,576.3040771484375
2022-11-25,574.4598999023438
2022-11-28,575.5947265625
2022-11-29,575.5474243164062
2022-11-30,569.7782592773438
2022-12-01,575.1218872070312
2022-12-02,574.6016235351562
2022-12-05,583.822998046875
2022-12-06,575.92578125
2022-12-07,574.1287841796875
2022-12-08,578.4793701171875
2022-12-09,583.0663452148438
2022-12-12,579.8034057617188
2022-12-13,583.3027954101562
2022-12-14,591.5782470703125
2022-12-15,582.546142578125
2022-12-16,570.6294555664062
2022-12-19,571.6698608398438
2022-12-20,571.6698608398438
2022-12-21,561.2191162109375
2022-12-22,561.2191162109375
2022-12-23,542.8711547851562
2022-12-26,564.7183837890625
2022-12-27,569.2581176757812
2022-12-28,568.4542236328125
2022-12-29,578.6212158203125
2022-12-30,580.4181518554688
2023-01-02,578.9995727539062
2023-01-03,579.188720703125
2023-01-04,572.379150390625
2023-01-05,572.2845458984375
2023-01-06,568.075927734375
2023-01-09,574.7435913085938
2023-01-10,562.8742065429688
2023-01-11,564.340087890625
2023-01-12,562.6377563476562
2023-01-13,567.5556640625
2023-01-16,570.2984619140625
2023-01-17,560.79345703125
2023-01-18,559.3748779296875
2023-01-19,557.861572265625
2023-01-20,560.0841064453125
2023-01-23,567.8867797851562
2023-01-24,562.1175537109375
2023-01-25,537.8585815429688
2023-01-27,510.6677551269531
2023-01-30,509.01263427734375
2023-01-31,523.4829711914062
2023-02-01,498.75103759765625
2023-02-02,499.4603271484375
2023-02-03,514.687255859375
2023-02-06,515.822265625
2023-02-07,517.429931640625
2023-02-08,519.9362182617188
2023-02-09,520.9293212890625
2023-02-10,523.0573120117188
2023-02-13,508.3505859375
2023-02-14,511.5188903808594
2023-02-15,512.843017578125
2023-02-16,510.80963134765625
2023-02-17,502.2031555175781
2023-02-20,496.67041015625
2023-02-21,495.0625915527344
2023-02-22,488.3475646972656
2023-02-23,492.7454528808594
2023-02-24,492.7926940917969
2023-02-27,499.0821228027344
2023-02-28,494.4478454589844
2023-03-01,507.593994140625
2023-03-02,504.8039855957031
2023-03-03,530.7653198242188
2023-03-06,531.2382202148438
2023-03-08,534.1701049804688
2023-03-09,528.5901489257812
2023-03-10,517.6664428710938
2023-03-13,501.2573547363281
2023-03-14,496.9068603515625
2023-03-15,489.4825439453125
2023-03-16,496.0556335449219
2023-03-17,501.0682067871094
2023-03-20,491.0430603027344
2023-03-21,493.54931640625
2023-03-22,493.26556396484375
2023-03-23,484.9428405761719
2023-03-24,477.9441528320313
2023-03-27,482.48382568359375
2023-03-28,480.5450134277344
2023-03-29,488.4894714355469
2023-03-31,495.3462829589844
2023-04-03,498.18359375
2023-04-05,494.6369934082031
2023-04-06,499.0347900390625
2023-04-10,497.7580261230469
2023-04-11,503.2434692382813
2023-04-12,499.5549621582031
2023-04-13,504.0473937988281
2023-04-17,514.4981689453125
2023-04-18,516.2477416992188
2023-04-19,510.998779296875
2023-04-20,515.2547607421875
2023-04-21,513.6942749023438
2023-04-24,524.5232543945312
2023-04-25,531.332763671875
2023-04-26,535.6360473632812
2023-04-27,534.122802734375
2023-04-28,546.9379272460938
2023-05-02,544.1006469726562
2023-05-03,539.5609741210938
2023-05-04,548.5457763671875
2023-05-05,545.235595703125
2023-05-08,551.9505004882812
2023-05-09,542.3982543945312
2023-05-10,541.1688232421875
2023-05-11,542.3510131835938
2023-05-12,546.796142578125
2023-05-15,550.3427124023438
2023-05-16,554.5040893554688
2023-05-17,554.5040893554688
2023-05-18,543.060302734375
2023-05-19,543.9588012695312
2023-05-22,545.850341796875
2023-05-23,550.0590209960938
2023-05-24,551.0993041992188
2023-05-25,549.7279663085938
2023-05-26,554.220458984375
2023-05-29,562.7322998046875
2023-05-30,560.651611328125
2023-05-31,559.0607299804688
2023-06-01,561.8568115234375
2023-06-02,566.1472778320312
2023-06-05,566.1472778320312
2023-06-06,564.3635864257812
2023-06-07,568.0755615234375
2023-06-08,567.400634765625
2023-06-09,557.9520263671875
2023-06-12,557.9038696289062
2023-06-13,555.7344970703125
2023-06-14,555.8790893554688
2023-06-15,546.189453125
2023-06-16,550.7691040039062
2023-06-19,548.4551391601562
2023-06-20,547.0571899414062
2023-06-21,546.0447387695312
2023-06-22,542.7667236328125
2023-06-23,534.716064453125
2023-06-26,537.0781860351562
2023-06-27,545.8037719726562
2023-06-28,549.37109375
2023-06-30,552.3117065429688
2023-07-03,564.4600219726562
2023-07-04,568.123779296875
2023-07-05,569.4253540039062
2023-07-06,571.2572631835938
2023-07-07,572.3178100585938
2023-07-10,571.3536376953125
2023-07-11,567.4488525390625
2023-07-12,568.123779296875
2023-07-13,564.65283203125
2023-07-14,563.4476928710938
2023-07-17,579.5488891601562
2023-07-18,571.1126098632812
2023-07-19,579.8864135742188
2023-07-20,588.1780395507812
2023-07-21,593.0469360351562
2023-07-24,595.5055541992188
2023-07-25,587.744140625
2023-07-26,593.09521484375
2023-07-27,594.4449462890625
2023-07-28,593.962890625
2023-07-31,597.9641723632812
2023-08-01,589.9134521484375
2023-08-02,576.993896484375
2023-08-03,569.3289794921875
2023-08-04,552.74560546875
2023-08-07,547.539306640625
2023-08-08,552.552734375
2023-08-09,553.1795043945312
2023-08-10,553.0831298828125
2023-08-11,553.565185546875
2023-08-14,540.6937866210938
2023-08-16,545.0806274414062
2023-08-17,551.6368408203125
2023-08-18,552.408203125
2023-08-21,551.2030029296875
2023-08-22,548.11767578125
2023-08-23,556.2166137695312
2023-08-24,556.2647705078125
2023-08-25,549.5157470703125
2023-08-28,552.3117065429688
2023-08-29,554.2400512695312
2023-08-30,547.0571899414062
2023-08-31,541.2240600585938
2023-09-01,549.1300659179688
2023-09-04,554.9149169921875
2023-09-05,552.4563598632812
2023-09-06,550.0460205078125
2023-09-07,558.2894897460938
2023-09-08,562.53173828125
2023-09-11,570.4859008789062
2023-09-12,567.2560424804688
2023-09-13,575.065673828125
2023-09-14,575.8851318359375
2023-09-15,577.3313598632812
2023-09-18,582.2967529296875
2023-09-20,579.5488891601562
2023-09-21,567.063232421875
2023-09-22,576.7047119140625
2023-09-25,572.7516479492188
2023-09-26,573.0891723632812
2023-09-27,568.6058349609375
2023-09-28,568.7987060546875
2023-09-29,577.09033203125
2023-10-03,581.3325805664062
2023-10-04,565.2313232421875
2023-10-05,570.9198608398438
2023-10-06,572.9445190429688
2023-10-09,564.12255859375
2023-10-10,570.437744140625
2023-10-11,567.2560424804688
2023-10-12,565.0385131835938
2023-10-13,555.4934692382812
2023-10-16,555.0113525390625
2023-10-17,555.78271484375
2023-10-18,552.1189575195312
2023-10-19,550.720947265625
2023-10-20,542.9113159179688
2023-10-23,533.125244140625
2023-10-25,536.2587280273438
2023-10-26,527.3885498046875
2023-10-27,541.0313110351562
2023-10-30,544.93603515625
2023-10-31,545.2734985351562
2023-11-01,546.093017578125
2023-11-02,551.588623046875
2023-11-03,557.4217529296875
2023-11-06,553.7579956054688
2023-11-07,558.96435546875
2023-11-08,559.49462890625
2023-11-09,557.6145629882812
2023-11-10,558.7233276367188
2023-11-13,560.5069580078125
2023-11-15,563.7369384765625
2023-11-16,563.688720703125
2023-11-17,542.8630981445312
2023-11-20,543.5380249023438
2023-11-21,541.3687133789062
2023-11-22,538.9100952148438
2023-11-23,539.874267578125
2023-11-24,540.2598876953125
2023-11-28,544.2129516601562
2023-11-29,548.214111328125
2023-11-30,544.502197265625
2023-12-01,551.2511596679688
2023-12-04,573.37841796875
2023-12-05,586.4425659179688
2023-12-06,586.6354370117188
2023-12-07,589.7689208984375
2023-12-08,592.131103515625
2023-12-11,592.2274780273438
2023-12-12,590.44384765625
2023-12-13,597.6266479492188
2023-12-14,601.2904663085938
2023-12-15,625.0084228515625
2023-12-18,625.24951171875
2023-12-19,631.9021606445312
2023-12-20,613.6315307617188
2023-12-21,620.6697998046875
2023-12-22,613.9207763671875
2023-12-26,615.1741333007812
2023-12-27,625.2976684570312
2023-12-28,628.0455322265625
2023-12-29,619.03076171875
2024-01-01,618.3558349609375
2024-01-02,616.5239868164062
2024-01-03,620.3805541992188
2024-01-04,619.7056274414062
2024-01-05,618.9343872070312
2024-01-08,604.5203247070312
2024-01-09,602.9777221679688
2024-01-10,599.4585571289062
2024-01-11,597.9641723632812
2024-01-12,610.8836669921875
2024-01-15,617.150634765625
2024-01-16,614.0654296875
2024-01-17,603.5562133789062
2024-01-18,605.773681640625
2024-01-19,605.2434692382812
2024-01-23,583.4054565429688
2024-01-24,596.1322021484375
2024-01-25,590.78125
2024-01-29,600.6155395507812
2024-01-30,604.279296875
2024-01-31,617.5363159179688
2024-02-01,624.4299926757812
2024-02-02,626.3582763671875
2024-02-05,619.8984985351562
2024-02-06,626.936767578125
2024-02-07,651.0404052734375
2024-02-08,674.46923828125
2024-02-09,699.247802734375
2024-02-12,682.5198364257812
2024-02-13,687.8709106445312
2024-02-14,716.7470703125
2024-02-15,734.3909301757812
2024-02-16,727.6419677734375
2024-02-19,732.02880859375
2024-02-20,732.8483276367188
2024-02-21,743.839599609375
2024-02-22,738.4403686523438
2024-02-23,731.8359375
2024-02-26,731.69140625
2024-02-27,722.9658203125
2024-02-28,715.8793334960938
2024-02-29,721.2785034179688
2024-03-01,741.5738525390625
2024-03-04,744.369873046875
2024-03-05,755.84326171875
2024-03-06,755.7950439453125
2024-03-07,759.7962036132812
2024-03-11,745.9607543945312
2024-03-12,732.4627075195312
2024-03-13,720.4590454101562
2024-03-14,714.4813232421875
2024-03-15,705.659423828125
2024-03-18,704.7434692382812
2024-03-19,697.8497924804688
2024-03-20,709.8534545898438
2024-03-21,717.61474609375
2024-03-22,719.9287719726562
2024-03-26,713.5172119140625
2024-03-27,707.0092163085938
2024-03-28,725.3761596679688
2024-04-01,731.1128540039062
2024-04-02,738.9224853515625
2024-04-03,743.40576171875
2024-04-04,732.0770263671875
2024-04-05,737.3316040039062
2024-04-08,740.7543334960938
2024-04-09,736.8013305664062
2024-04-10,751.118896484375
2024-04-12,738.8259887695312
2024-04-15,730.341552734375
2024-04-16,724.74951171875
2024-04-18,718.0968627929688
2024-04-19,723.5443115234375
2024-04-22,738.6331787109375
2024-04-23,745.2858276367188
2024-04-24,745.3822021484375
2024-04-25,783.5625
2024-04-26,772.5712280273438
2024-04-29,796.8677368164062
2024-04-30,796.626708984375
2024-05-02,800.2904663085938
2024-05-03,801.6401977539062
2024-05-06,778.838134765625
2024-05-07,773.149658203125
2024-05-08,781.7305297851562
2024-05-09,790.4078979492188
2024-05-10,788.0457763671875
2024-05-13,779.8023071289062
2024-05-14,788.8652954101562
2024-05-15,790.8899536132812
2024-05-16,782.8394165039062
2024-05-17,788.5277709960938
2024-05-21,800.8689575195312
2024-05-22,802.6334838867188
2024-05-23,815.7206420898438
2024-05-24,812.28955078125
2024-05-27,817.2891845703125
2024-05-28,814.7894287109375
2024-05-29,806.4567260742188
2024-05-30,809.5936889648438
2024-05-31,814.005126953125
2024-06-03,887.8229370117188
2024-06-04,759.9407348632812
2024-06-05,774.2042846679688
2024-06-06,800.868896484375
2024-06-07,813.613037109375
2024-06-10,815.4265747070312
2024-06-11,819.102783203125
2024-06-12,822.5828857421875
2024-06-13,827.2884521484375
2024-06-14,822.680908203125
2024-06-18,828.2687377929688
2024-06-19,835.817138671875
2024-06-20,827.141357421875
2024-06-21,819.8380126953125
2024-06-24,816.3088989257812
2024-06-25,825.6708984375
2024-06-26,828.7098388671875
2024-06-27,827.3864135742188
2024-06-28,832.239013671875
2024-07-01,825.3768310546875
2024-07-02,809.8878173828125
2024-07-03,823.4161987304688
2024-07-04,822.7789306640625
2024-07-05,842.826416015625
2024-07-08,839.3953247070312
2024-07-09,844.3458862304688
2024-07-10,832.2880249023438
2024-07-11,839.8364868164062
2024-07-12,842.7774047851562
2024-07-15,864.001220703125
2024-07-16,863.364013671875
2024-07-18,875.9610595703125
2024-07-19,871.84375
2024-07-22,859.540771484375
2024-07-23,846.8947143554688
2024-07-24,835.2289428710938
2024-07-25,831.7978515625
2024-07-26,845.4732666015625
2024-07-29,854.443115234375
2024-07-30,855.6195068359375
2024-07-31,855.2274169921875
2024-08-01,845.6693725585938
2024-08-02,831.16064453125
2024-08-05,795.6732788085938
2024-08-06,781.9978637695312
2024-08-07,792.7322998046875
2024-08-08,792.1441040039062
2024-08-09,808.07421875
2024-08-12,796.6044921875
2024-08-13,781.8507690429688
2024-08-14,787.1934814453125
2024-08-16,796.1143188476562
2024-08-19,797.682861328125
2024-08-20,804.1529541015625
2024-08-21,799.4964599609375
2024-08-22,804.1529541015625
2024-08-23,799.3003540039062
2024-08-26,799.0062866210938
2024-08-27,799.839599609375
2024-08-28,793.467529296875
2024-08-29,798.4671020507812
2024-08-30,799.5454711914062
2024-09-02,805.966552734375
2024-09-03,808.5643920898438
2024-09-04,800.427734375
2024-09-05,802.6334838867188
2024-09-06,767.0970458984375
2024-09-09,768.8125610351562
2024-09-10,767.2440795898438
2024-09-11,753.4706420898438
2024-09-12,772.24365234375
2024-09-13,775.2826538085938
2024-09-16,770.0869750976562
2024-09-17,767.4891967773438
2024-09-18,777.145263671875
2024-09-19,774.400390625
2024-09-20,766.3128051757812
2024-09-23,786.0661010742188
2024-09-24,782.5369873046875
2024-09-25,777.4883422851562
2024-09-26,786.0661010742188
2024-09-27,786.8504028320312
2024-09-30,772.3907470703125
2024-10-01,781.2625732421875
2024-10-03,778.4686889648438
2024-10-04,780.968505859375
2024-10-07,755.4802856445312
2024-10-08,766.0676879882812
2024-10-09,781.7037353515625
2024-10-10,781.4096069335938
2024-10-11,784.0074462890625
2024-10-14,789.3012084960938
2024-10-15,788.81103515625
2024-10-16,789.5952758789062
2024-10-17,795.0850219726562
2024-10-18,804.2510375976562
2024-10-21,797.927978515625
2024-10-22,774.841552734375
2024-10-23,770.5281372070312
2024-10-24,778.9097900390625
2024-10-25,765.5775756835938
2024-10-28,776.4590454101562
2024-10-29,816.3088989257812
2024-10-30,806.2606201171875
2024-10-31,804.054931640625
2024-11-01,805.0352783203125
2024-11-04,813.5149536132812
2024-11-05,832.4840698242188
2024-11-06,837.9738159179688
2024-11-07,842.6793212890625
2024-11-08,826.55322265625
2024-11-11,830.964599609375
2024-11-12,810.427001953125
2024-11-13,792.7322998046875
2024-11-14,788.4188842773438
2024-11-18,798.2710571289062
2024-11-19,787.1934814453125
2024-11-21,765.3814697265625
2024-11-22,799.9866333007812
2024-11-25,827.8275756835938
2024-11-26,822.8770141601562
2024-11-27,817.6812744140625
2024-11-28,822.3377685546875
2024-11-29,822.4358520507812
2024-12-02,819.93603515625
2024-12-03,837.1405639648438
2024-12-04,842.7774047851562
2024-12-05,848.4142456054688
2024-12-06,846.649658203125
2024-12-09,841.1598510742188
2024-12-10,850.423828125
2024-12-11,844.6399536132812
2024-12-12,836.8955078125
2024-12-13,844.5909423828125
2024-12-16,844.0028076171875
2024-12-17,833.8074951171875
2024-12-18,821.651611328125
2024-12-19,816.4068603515625
2024-12-20,796.016357421875
2024-12-23,804.9862670898438
2024-12-24,796.0653686523438
2024-12-26,796.45751953125
2024-12-27,783.9094848632812
2024-12-30,772.7828369140625
2024-12-31,779.3019409179688
2025-01-01,777.58642578125
2025-01-02,785.428955078125
2025-01-03,777.782470703125
2025-01-06,761.1171264648438
2025-01-07,763.4208374023438
2025-01-08,755.970458984375
2025-01-09,745.4810791015625
2025-01-10,728.61962890625
2025-01-13,715.1403198242188
2025-01-14,733.4232177734375
2025-01-15,738.8639526367188
2025-01-16,751.2158813476562
2025-01-17,749.0592041015625
2025-01-20,763.9110107421875
2025-01-21,744.1085815429688
2025-01-22,738.6188354492188
2025-01-23,731.2174682617188
2025-01-24,729.501953125
2025-01-27,734.4525146484375
2025-01-28,737.5895385742188
2025-01-29,743.5204467773438
2025-01-30,747.5887451171875
2025-01-31,757.68603515625
2025-02-01,750.9218139648438
2025-02-03,745.9712524414062
2025-02-04,763.8619995117188
2025-02-05,750.9708251953125
2025-02-06,737.4424438476562
2025-02-07,722.688720703125
2025-02-10,722.2965698242188
2025-02-11,716.7088012695312
2025-02-12,718.7184448242188
2025-02-13,713.3267211914062
2025-02-14,707.9349975585938
2025-02-17,713.375732421875
2025-02-18,711.5131225585938
2025-02-19,712.9835815429688
2025-02-20,715.3363647460938
2025-02-21,707.7879028320312
2025-02-24,702.2981567382812
2025-02-25,696.9064331054688
2025-02-27,690.0442504882812
2025-02-28,675.241455078125
2025-03-03,681.6134643554688
2025-03-04,701.9550170898438
2025-03-05,715.9735107421875
2025-03-06,717.6400756835938
2025-03-07,718.3262939453125
2025-03-10,714.5521240234375
2025-03-11,715.4833984375
2025-03-12,708.8172607421875
2025-03-13,713.5227661132812
2025-03-17,708.915283203125
2025-03-18,708.915283203125
2025-03-19,730.4331665039062
2025-03-20,734.7955932617188
2025-03-21,738.373779296875
2025-03-24,765.4304809570312
2025-03-25,757.636962890625
2025-03-26,748.961181640625
2025-03-27,757.0977783203125
2025-03-28,756.3135375976562
2025-04-01,756.5096435546875
2025-04-02,760.6759643554688
2025-04-03,763.8619995117188
2025-04-04,752.34326171875
2025-04-07,732.1978149414062
2025-04-08,753.4706420898438
2025-04-09,727.59033203125
2025-04-11,739.0109252929688
2025-04-15,748.4710083007812
2025-04-16,756.5586547851562
2025-04-17,781.7527465820312
2025-04-21,800.6238403320312
2025-04-22,806.211669921875
2025-04-23,797.4378051757812
2025-04-24,797.3887939453125
2025-04-25,782.9291381835938
2025-04-28,801.260986328125
2025-04-29,796.5554809570312
2025-04-30,773.1259765625
2025-05-02,781.0175170898438
2025-05-05,774.4494018554688
2025-05-06,758.8623657226562
2025-05-07,760.822998046875
2025-05-08,753.8627319335938
2025-05-09,763.9110107421875
2025-05-12,785.8701171875
2025-05-13,785.9680786132812
2025-05-14,784.9387817382812
2025-05-15,791.8499755859375
2025-05-16,792.0999755859375
2025-05-19,795.0
2025-05-20,785.6500244140625
2025-05-21,787.0999755859375
2025-05-22,785.25
2025-05-23,790.5
2025-05-26,794.4000244140625
2025-05-27,793.7000122070312
2025-05-28,796.5499877929688
2025-05-29,797.3499755859375
2025-05-30,812.2999877929688
2025-06-02,813.6500244140625
2025-06-03,809.7999877929688
2025-06-04,806.5
2025-06-05,806.0
2025-06-06,813.0499877929688
2025-06-09,820.0499877929688
2025-06-10,817.0499877929688
2025-06-11,815.0499877929688
2025-06-12,805.9500122070312
2025-06-13,792.3499755859375
2025-06-16,792.5
2025-06-17,792.2999877929688
2025-06-18,791.9000244140625
2025-06-19,785.0999755859375
2025-06-20,796.1500244140625
2025-06-23,790.2000122070312
2025-06-24,795.4000244140625
2025-06-25,800.0499877929688
2025-06-26,797.0499877929688
2025-06-27,805.4000244140625
2025-06-30,820.3499755859375
2025-07-01,820.2999877929688
2025-07-02,812.9000244140625
2025-07-03,807.0999755859375
2025-07-04,811.8499755859375
2025-07-07,806.8499755859375
2025-07-08,812.6500244140625
2025-07-09,810.9500122070312
2025-07-10,808.0
2025-07-11,808.6500244140625
2025-07-14,808.8499755859375
2025-07-15,816.4500122070312
2025-07-16,831.7000122070312
2025-07-17,829.0
2025-07-18,823.3499755859375
2025-07-21,824.2000122070312
2025-07-22,815.0
2025-07-23,820.6500244140625
2025-07-24,815.7000122070312
2025-07-25,806.5499877929688
2025-07-28,797.1500244140625
2025-07-29,799.2000122070312
2025-07-30,801.6500244140625
2025-07-31,796.5499877929688
2025-08-01,794.0
2025-08-04,795.7000122070312
2025-08-05,800.5999755859375
2025-08-06,805.1500244140625
2025-08-07,805.1500244140625
2025-08-08,804.2999877929688
2025-08-11,823.4500122070312
2025-08-12,820.5999755859375
2025-08-13,821.8499755859375
2025-08-14,826.5499877929688
2025-08-18,827.6500244140625
2025-08-19,830.4000244140625
2025-08-20,828.9500122070312
2025-08-21,825.7000122070312
2025-08-22,816.25
2025-08-25,816.4500122070312
2025-08-26,807.8499755859375
2025-08-28,801.9500122070312
2025-08-29,802.5
2025-09-01,806.0499877929688
2025-09-02,803.9000244140625
2025-09-03,812.1500244140625
2025-09-04,809.4000244140625
2025-09-05,806.5999755859375
2025-09-08,808.7999877929688
2025-09-09,808.8499755859375
2025-09-10,818.2000122070312
2025-09-11,823.6500244140625
2025-09-12,823.5499877929688
2025-09-15,824.75
2025-09-16,831.5499877929688
2025-09-17,857.1500244140625
2025-09-18,854.3499755859375
2025-09-19,862.3499755859375
2025-09-22,855.25
2025-09-23,870.5999755859375
2025-09-24,866.2000122070312
2025-09-25,861.1500244140625
2025-09-26,856.9500122070312
2025-09-29,870.75
2025-09-30,872.4500122070312
2025-10-01,864.0999755859375
2025-10-03,867.2999877929688
2025-10-06,874.0499877929688
2025-10-07,864.7000122070312
2025-10-08,858.25
2025-10-09,862.0999755859375
2025-10-10,880.6500244140625
2025-10-13,882.9500122070312
2025-10-14,876.9500122070312
2025-10-15,886.0999755859375
2025-10-16,886.9500122070312
2025-10-17,889.1500244140625
2025-10-20,907.5
2025-10-21,907.8499755859376
2025-10-23,911.5499877929688
2025-10-24,904.5
2025-10-27,922.75
2025-10-28,930.25
2025-10-29,939.75
2025-10-30,934.3499755859376
2025-10-31,937.0
2025-11-03,949.7000122070312
2025-11-04,957.5999755859376
2025-11-06,960.75
2025-11-07,955.8499755859376
2025-11-10,951.1500244140624
2025-11-11,953.2999877929688
2025-11-12,957.1500244140624
2025-11-13,954.0
2025-11-14,967.8499755859376
2025-11-17,973.3499755859376
2025-11-18,972.4500122070312
2025-11-19,982.75
2025-11-20,981.5499877929688
2025-11-21,972.5999755859376
2025-11-24,970.5999755859376
2025-11-25,983.5999755859376
2025-11-26,983.9000244140624
2025-11-27,972.8499755859376
2025-11-28,979.0
2025-12-01,973.0999755859376
2025-12-02,967.2999877929688
2025-12-03,951.0499877929688
2025-12-04,948.0999755859376
2025-12-05,971.5
2025-12-08,956.4000244140624
2025-12-09,959.3499755859376
2025-12-10,959.75
2025-12-11,963.25
2025-12-12,963.1500244140624
2025-12-15,967.25
2025-12-16,961.1500244140624
2025-12-17,975.8499755859376
2025-12-18,977.5499877929688
2025-12-19,980.2999877929688
2025-12-22,974.2999877929688
2025-12-23,971.9000244140624
2025-12-24,968.9500122070312
2025-12-26,966.2999877929688
2025-12-29,965.0499877929688
2025-12-30,973.4500122070312
2025-12-31,982.2000122070312
2026-01-01,984.75
2026-01-02,998.9500122070312
2026-01-05,1005.5499877929688
2026-01-06,1018.9000244140624
2026-01-07,1007.1500244140624
2026-01-08,998.0
2026-01-09,1000.5
2026-01-12,1015.1500244140624
2026-01-13,1028.449951171875
2026-01-14,1028.3499755859375
2026-01-15,1028.3499755859375
2026-01-16,1042.300048828125
2026-01-19,1038.4000244140625
2026-01-20,1036.4000244140625
2026-01-21,1028.6500244140625
2026-01-22,1048.3499755859375
2026-01-23,1029.5
2026-01-27,1053.1500244140625
2026-01-28,1063.5
2026-01-29,1066.199951171875
2026-01-30,1077.1500244140625
2026-02-02,1028.699951171875
2026-02-03,1064.199951171875
2026-02-04,1068.199951171875
2026-02-05,1073.5
2026-02-06,1066.4000244140625
2026-02-09,1146.0
2026-02-10,1144.0999755859375
2026-02-11,1182.9000244140625
2026-02-12,1192.4000244140625
2026-02-13,1198.5999755859375
2026-02-16,1208.0999755859375
2026-02-17,1213.4000244140625
2026-02-18,1218.9000244140625
2026-02-19,1205.699951171875
2026-02-20,1216.0999755859375
2026-02-23,1227.800048828125
2026-02-24,1223.300048828125
2026-02-25,1200.0999755859375
2026-02-26,1209.5
2026-02-27,1201.699951171875
2026-03-02,1189.9000244140625
2026-03-04,1174.5
2026-03-05,1169.5
2026-03-06,1143.0
2026-03-09,1098.5
2026-03-10,1112.199951171875
2026-03-11,1091.0999755859375
2026-03-12,1085.199951171875
2026-03-13,1047.0
2026-03-16,1066.699951171875
2026-03-17,1064.699951171875
2026-03-18,1069.800048828125
2026-03-19,1048.9000244140625
2026-03-20,1058.0
2026-03-23,1031.9000244140625
2026-03-24,1030.800048828125
2026-03-25,1060.5999755859375
2026-03-27,1019.5
2026-03-30,979.4000244140624
2026-04-01,1017.7999877929688
2026-04-02,1018.4000244140624
2026-04-06,1032.75
2026-04-07,1030.4000244140625
2026-04-08,1061.449951171875
2026-04-09,1040.949951171875
2026-04-10,1066.699951171875
2026-04-13,1063.550048828125
2026-04-15,1071.5
2026-04-16,1067.1500244140625
2026-04-17,1080.25
2026-04-20,1107.8499755859375
2026-04-21,1111.8499755859375
2026-04-22,1103.300048828125
2026-04-23,1094.25
2026-04-24,1101.0999755859375
2026-04-27,1111.8499755859375
2026-04-28,1091.300048828125
2026-04-29,1086.9000244140625
2026-04-30,1068.449951171875
2026-05-01,1068.449951171875
2026-05-04,1049.4830322265625
2026-05-05,1041.133544921875
2026-05-06,1076.5943603515625
2026-05-07,1072.6651611328125
2026-05-08,1001.2523193359376
2026-05-11,956.3615112304688
2026-05-12,957.3438110351562
2026-05-13,952.9234619140625
2026-05-14,962.5499877929688
2026-05-15,963.2000122070312
2026-05-18,939.4000244140625
2026-05-19,948.7999877929688
2026-05-20,950.9000244140625
