,close
2006-04-24,226.3783416748047
2006-04-25,202.5681304931641
2006-04-26,201.0225372314453
2006-04-27,205.2729339599609
2006-04-28,196.8416748046875
2006-05-02,201.9112701416016
2006-05-03,200.89117431640625
2006-05-04,196.73350524902344
2006-05-05,195.1646270751953
2006-05-08,198.68865966796875
2006-05-09,214.1138458251953
2006-05-10,228.9517517089844
2006-05-11,220.9918212890625
2006-05-12,213.3873443603516
2006-05-15,198.866455078125
2006-05-16,205.52801513671875
2006-05-17,198.8817901611328
2006-05-18,189.3067779541016
2006-05-19,184.5462646484375
2006-05-22,178.44888305664062
2006-05-23,179.19068908691406
2006-05-24,177.68374633789062
2006-05-25,181.00685119628903
2006-05-26,187.5370178222656
2006-05-29,189.21401977539065
2006-05-30,184.7704925537109
2006-05-31,187.11196899414065
2006-06-01,189.77818298339844
2006-06-02,181.9496459960937
2006-06-05,178.8197784423828
2006-06-06,180.8213806152344
2006-06-07,168.44869995117188
2006-06-08,136.9954376220703
2006-06-09,158.53358459472656
2006-06-12,146.8101043701172
2006-06-13,139.32162475585938
2006-06-14,139.54574584960938
2006-06-15,144.65402221679688
2006-06-16,154.57679748535156
2006-06-19,150.26458740234375
2006-06-20,146.3077850341797
2006-06-21,148.47938537597656
2006-06-22,148.61077880859375
2006-06-23,150.9446563720703
2006-06-26,151.18417358398438
2006-06-27,151.261474609375
2006-06-28,149.7622528076172
2006-06-29,154.3913116455078
2006-06-30,154.27536010742188
2006-07-03,161.03749084472656
2006-07-04,175.30352783203125
2006-07-05,170.98358154296875
2006-07-06,166.65582275390625
2006-07-07,165.25701904296875
2006-07-10,167.26632690429688
2006-07-11,164.7237548828125
2006-07-12,167.9617919921875
2006-07-13,162.42083740234375
2006-07-14,164.62330627441406
2006-07-17,165.21066284179688
2006-07-18,167.81504821777344
2006-07-19,162.32032775878906
2006-07-20,167.7763214111328
2006-07-21,165.2183837890625
2006-07-24,166.90306091308594
2006-07-25,166.5862274169922
2006-07-26,169.49974060058594
2006-07-27,169.63111877441406
2006-07-28,171.2462615966797
2006-07-31,179.09800720214844
2006-08-01,182.28201293945312
2006-08-02,180.73634338378903
2006-08-03,178.3329315185547
2006-08-04,177.16592407226562
2006-08-07,177.861572265625
2006-08-08,178.5415802001953
2006-08-09,178.50296020507812
2006-08-10,179.76260375976562
2006-08-11,180.42724609375
2006-08-14,182.1119842529297
2006-08-16,207.3440856933593
2006-08-17,202.9004669189453
2006-08-18,197.4134979248047
2006-08-21,198.67312622070312
2006-08-22,197.2821655273437
2006-08-23,190.643783569336
2006-08-24,185.62049865722656
2006-08-25,187.7689514160156
2006-08-28,184.8013458251953
2006-08-29,185.7055053710937
2006-08-30,189.3840789794922
2006-08-31,185.13360595703125
2006-09-01,184.45361328125
2006-09-04,186.57882690429688
2006-09-05,192.4134063720703
2006-09-06,190.94509887695312
2006-09-07,193.4799652099609
2006-09-08,202.10446166992188
2006-09-11,189.76275634765625
2006-09-12,189.63134765625
2006-09-13,197.7512969970703
2006-09-14,199.0673065185547
2006-09-15,197.61203002929688
2006-09-18,201.768783569336
2006-09-19,194.12869262695312
2006-09-20,195.9477386474609
2006-09-21,196.5979919433593
2006-09-22,194.9104766845703
2006-09-25,193.1842803955078
2006-09-26,193.029525756836
2006-09-27,192.7508544921875
2006-09-28,193.7107086181641
2006-09-29,198.6957550048828
2006-10-03,196.6830902099609
2006-10-04,192.82052612304688
2006-10-05,193.2849884033203
2006-10-06,194.972412109375
2006-10-09,194.2603302001953
2006-10-10,193.2307891845703
2006-10-11,190.5988922119141
2006-10-12,192.24774169921875
2006-10-13,193.4939880371093
2006-10-16,192.657943725586
2006-10-17,191.1640014648437
2006-10-18,191.396224975586
2006-10-19,189.6700439453125
2006-10-20,190.24282836914065
2006-10-23,188.1684112548828
2006-10-26,184.46832275390625
2006-10-27,186.821517944336
2006-10-30,186.3725433349609
2006-10-31,187.3632659912109
2006-11-01,188.6095733642578
2006-11-02,194.67059326171875
2006-11-03,192.52639770507807
2006-11-06,195.78526306152344
2006-11-07,200.630859375
2006-11-08,196.5128173828125
2006-11-09,203.1310577392578
2006-11-10,220.22262573242188
2006-11-13,221.25205993652344
2006-11-14,219.131088256836
2006-11-15,219.80458068847656
2006-11-16,216.12001037597656
2006-11-17,211.297592163086
2006-11-20,211.23565673828125
2006-11-21,221.49200439453125
2006-11-22,218.6434631347656
2006-11-23,217.65272521972656
2006-11-24,234.0938873291016
2006-11-27,236.88052368164065
2006-11-28,229.3488311767578
2006-11-29,234.7364044189453
2006-11-30,236.1684112548828
2006-12-01,239.04019165039065
2006-12-04,233.73780822753903
2006-12-05,226.8020935058593
2006-12-06,217.76873779296875
2006-12-07,216.49923706054688
2006-12-08,215.77940368652344
2006-12-11,200.81668090820312
2006-12-12,185.3739318847656
2006-12-13,195.1581878662109
2006-12-14,205.37600708007807
2006-12-15,206.1190490722656
2006-12-18,203.3478546142578
2006-12-19,201.45909118652344
2006-12-20,193.9893951416016
2006-12-21,197.15530395507807
2006-12-22,209.37013244628903
2006-12-26,217.9623107910156
2006-12-27,222.2893524169922
2006-12-28,228.8920440673828
2006-12-29,222.0260772705078
2007-01-02,222.2428741455078
2007-01-03,222.96270751953125
2007-01-04,229.83645629882807
2007-01-05,239.1639862060547
2007-01-08,237.7630157470703
2007-01-09,231.9884490966797
2007-01-10,231.01307678222656
2007-01-11,238.5370483398437
2007-01-12,235.8664703369141
2007-01-15,238.3744201660156
2007-01-16,237.8094787597656
2007-01-17,237.70884704589844
2007-01-18,249.3817443847656
2007-01-19,247.84909057617188
2007-01-22,246.31637573242188
2007-01-23,249.4978179931641
2007-01-24,252.6793365478516
2007-01-25,261.3565979003906
2007-01-29,257.14569091796875
2007-01-31,261.6817321777344
2007-02-01,262.1615905761719
2007-02-02,268.1683349609375
2007-02-05,265.8152770996094
2007-02-06,270.6918334960937
2007-02-07,279.4078369140625
2007-02-08,282.5350341796875
2007-02-09,275.00341796875
2007-02-12,255.5433349609375
2007-02-13,261.73162841796875
2007-02-14,265.4151916503906
2007-02-15,270.0137634277344
2007-02-19,270.6340637207031
2007-02-20,261.2741394042969
2007-02-21,260.83203125
2007-02-22,260.2504577636719
2007-02-23,243.50018310546875
2007-02-26,237.451416015625
2007-02-27,240.3827362060547
2007-02-28,233.60501098632807
2007-03-01,236.56744384765625
2007-03-02,233.96177673339844
2007-03-05,223.3299865722656
2007-03-06,231.9764099121093
2007-03-07,222.53126525878903
2007-03-08,229.66555786132807
2007-03-09,224.67153930664065
2007-03-12,235.9624938964844
2007-03-13,235.16378784179688
2007-03-14,229.14610290527344
2007-03-15,229.59576416015625
2007-03-16,224.1519470214844
2007-03-19,226.4163818359375
2007-03-20,233.07769775390625
2007-03-21,239.8243560791016
2007-03-22,243.6707305908203
2007-03-23,246.60191345214844
2007-03-26,242.7478790283203
2007-03-28,239.0799102783203
2007-03-29,233.7833251953125
2007-03-30,234.8767852783203
2007-04-02,225.70285034179688
2007-04-03,230.3479766845703
2007-04-04,232.5814208984375
2007-04-05,236.75338745117188
2007-04-09,239.6925048828125
2007-04-10,246.43142700195312
2007-04-11,255.5433349609375
2007-04-12,254.06985473632807
2007-04-13,256.97021484375
2007-04-16,266.182861328125
2007-04-17,264.2054138183594
2007-04-18,257.66815185546875
2007-04-19,252.5499267578125
2007-04-20,254.58941650390625
2007-04-23,255.8458251953125
2007-04-24,253.40301513671875
2007-04-25,254.5817108154297
2007-04-26,250.32437133789065
2007-04-27,246.1600952148437
2007-04-30,249.35494995117188
2007-05-03,248.7656707763672
2007-05-04,253.3641052246093
2007-05-07,251.14637756347656
2007-05-08,248.62608337402344
2007-05-09,250.74313354492188
2007-05-10,250.81288146972656
2007-05-11,248.8587646484375
2007-05-14,237.53668212890625
2007-05-15,229.0452423095703
2007-05-16,228.64190673828125
2007-05-17,229.07623291015625
2007-05-18,235.97804260253903
2007-05-21,228.6109161376953
2007-05-22,210.2941131591797
2007-05-23,211.19366455078125
2007-05-24,219.0415496826172
2007-05-25,217.7464599609375
2007-05-28,219.7162322998047
2007-05-29,218.8632202148437
2007-05-30,217.1106109619141
2007-05-31,214.7609100341797
2007-06-01,221.29820251464844
2007-06-04,215.5209197998047
2007-06-05,220.0574493408203
2007-06-06,212.7757873535156
2007-06-07,210.89898681640625
2007-06-08,204.2996826171875
2007-06-11,208.98358154296875
2007-06-12,208.68898010253903
2007-06-13,211.5581970214844
2007-06-14,225.19107055664065
2007-06-15,228.1921844482422
2007-06-18,220.8251342773437
2007-06-19,228.04489135742188
2007-06-20,238.41305541992188
2007-06-21,242.3058319091797
2007-06-22,253.75192260742188
2007-06-25,248.57174682617188
2007-06-26,251.53407287597656
2007-06-27,246.97427368164065
2007-06-28,238.2500762939453
2007-06-29,247.2224884033203
2007-07-02,244.9969024658203
2007-07-03,253.4727020263672
2007-07-04,250.40969848632807
2007-07-05,251.8598480224609
2007-07-06,249.53341674804688
2007-07-09,251.154037475586
2007-07-10,247.63351440429688
2007-07-11,247.20692443847656
2007-07-12,248.1917724609375
2007-07-13,247.06748962402344
2007-07-16,267.5555114746094
2007-07-17,262.96466064453125
2007-07-18,259.94805908203125
2007-07-19,264.48468017578125
2007-07-20,272.7744140625
2007-07-23,270.85894775390625
2007-07-24,263.84869384765625
2007-07-25,264.8101806640625
2007-07-26,275.20172119140625
2007-07-27,268.9048156738281
2007-07-30,267.6020202636719
2007-07-31,264.344970703125
2007-08-01,248.8044586181641
2007-08-02,240.73944091796875
2007-08-03,235.00086975097656
2007-08-06,229.1072692871093
2007-08-07,231.712890625
2007-08-08,233.5119781494141
2007-08-09,228.6109161376953
2007-08-10,222.28309631347656
2007-08-13,218.31253051757807
2007-08-14,212.6670837402344
2007-08-16,204.2918701171875
2007-08-17,205.00540161132807
2007-08-20,209.5652313232422
2007-08-21,185.432357788086
2007-08-22,185.7735290527344
2007-08-23,179.13543701171875
2007-08-24,184.0675048828125
2007-08-27,191.6981658935547
2007-08-28,194.7691650390625
2007-08-29,193.559326171875
2007-08-30,204.912353515625
2007-08-31,207.3008270263672
2007-09-03,211.2712554931641
2007-09-04,212.63612365722656
2007-09-05,212.0157012939453
2007-09-06,211.5194549560547
2007-09-07,210.89898681640625
2007-09-10,206.3082427978516
2007-09-11,204.69520568847656
2007-09-12,204.69520568847656
2007-09-13,203.95068359375
2007-09-14,204.7882843017578
2007-09-17,204.44705200195312
2007-09-18,204.2918701171875
2007-09-19,207.6110076904297
2007-09-20,219.3982391357422
2007-09-21,220.98025512695312
2007-09-24,223.30661010742188
2007-09-25,216.7615966796875
2007-09-26,213.4116058349609
2007-09-27,209.16192626953125
2007-09-28,209.59619140625
2007-10-01,208.3554077148437
2007-10-03,203.7335662841797
2007-10-04,202.77198791503903
2007-10-05,197.1886138916016
2007-10-08,183.94346618652344
2007-10-09,192.1324920654297
2007-10-10,202.52394104003903
2007-10-11,206.4942779541016
2007-10-12,199.51499938964844
2007-10-15,211.1781616210937
2007-10-16,209.99952697753903
2007-10-17,195.60655212402344
2007-10-18,198.33631896972656
2007-10-19,196.84735107421875
2007-10-22,195.29641723632807
2007-10-23,207.1146240234375
2007-10-24,201.84146118164065
2007-10-25,194.8622283935547
2007-10-26,197.71592712402344
2007-10-29,197.622802734375
2007-10-30,198.3672637939453
2007-10-31,202.5548248291016
2007-11-01,196.8163909912109
2007-11-02,197.25059509277344
2007-11-05,193.0940093994141
2007-11-06,192.8768768310547
2007-11-07,192.34957885742188
2007-11-08,192.53575134277344
2007-11-12,192.6597900390625
2007-11-13,192.25656127929688
2007-11-14,202.0585327148437
2007-11-15,195.4204864501953
2007-11-16,192.504623413086
2007-11-19,195.35850524902344
2007-11-20,196.444091796875
2007-11-21,193.9005584716797
2007-11-22,193.6834259033203
2007-11-23,191.01580810546875
2007-11-26,194.4588623046875
2007-11-27,195.5135498046875
2007-11-28,213.4425811767578
2007-11-29,223.21356201171875
2007-11-30,235.77638244628903
2007-12-03,235.807373046875
2007-12-04,230.8133087158203
2007-12-05,233.8841552734375
2007-12-06,229.4175262451172
2007-12-07,230.161865234375
2007-12-10,240.36721801757807
2007-12-11,247.2224884033203
2007-12-12,253.0850524902344
2007-12-13,251.72018432617188
2007-12-14,254.3567352294922
2007-12-17,241.1737365722656
2007-12-18,253.053955078125
2007-12-19,244.6168365478516
2007-12-20,235.2800445556641
2007-12-24,237.07920837402344
2007-12-26,250.7896270751953
2007-12-27,253.7365264892578
2007-12-28,251.93728637695312
2007-12-31,251.751220703125
2008-01-01,253.9846649169922
2008-01-02,252.0924530029297
2008-01-03,248.7113494873047
2008-01-04,261.2741394042969
2008-01-07,260.6536865234375
2008-01-08,261.86346435546875
2008-01-09,259.0097045898437
2008-01-10,258.110107421875
2008-01-11,256.6522827148437
2008-01-14,252.1544952392578
2008-01-15,241.54592895507807
2008-01-16,250.2934112548828
2008-01-17,239.4366607666016
2008-01-18,227.1840057373047
2008-01-21,223.4927673339844
2008-01-22,185.21519470214844
2008-01-23,230.13087463378903
2008-01-24,218.7779083251953
2008-01-25,217.8473052978516
2008-01-28,206.68045043945312
2008-01-29,218.4366607666016
2008-01-30,212.3259429931641
2008-01-31,221.1043243408203
2008-02-01,213.2254638671875
2008-02-04,215.95509338378903
2008-02-05,214.9625244140625
2008-02-06,208.60372924804688
2008-02-07,205.3776092529297
2008-02-08,201.0349578857422
2008-02-11,190.11622619628903
2008-02-12,200.9418792724609
2008-02-13,201.4381866455078
2008-02-14,201.0349578857422
2008-02-15,200.9729766845703
2008-02-18,200.0423583984375
2008-02-19,199.1117553710937
2008-02-20,192.8768768310547
2008-02-21,194.024658203125
2008-02-22,192.4427032470703
2008-02-25,198.86355590820312
2008-02-26,197.436767578125
2008-02-27,197.96405029296875
2008-02-28,192.4116058349609
2008-02-29,195.76174926757807
2008-03-03,197.9330902099609
2008-03-04,191.48106384277344
2008-03-05,191.3570098876953
2008-03-07,184.7808990478516
2008-03-10,183.3230438232422
2008-03-11,192.81494140625
2008-03-12,188.59625244140625
2008-03-13,185.2461395263672
2008-03-14,187.2624664306641
2008-03-17,180.03504943847656
2008-03-18,179.56971740722656
2008-03-19,184.34664916992188
2008-03-24,175.81643676757812
2008-03-25,185.2772216796875
2008-03-26,182.6406097412109
2008-03-27,179.8179168701172
2008-03-28,180.6243896484375
2008-03-31,187.60366821289065
2008-04-01,187.5726776123047
2008-04-02,185.86666870117188
2008-04-03,185.432357788086
2008-04-04,183.94346618652344
2008-04-07,182.48550415039065
2008-04-08,184.16050720214844
2008-04-09,183.35401916503903
2008-04-10,182.76470947265625
2008-04-11,183.47817993164065
2008-04-15,184.6258544921875
2008-04-16,184.9049224853516
2008-04-17,184.0675048828125
2008-04-21,184.0054473876953
2008-04-22,183.1989898681641
2008-04-23,190.2403106689453
2008-04-24,190.3643951416016
2008-04-25,190.55047607421875
2008-04-28,192.19448852539065
2008-04-29,193.9315490722656
2008-04-30,198.18118286132807
2008-05-02,214.71437072753903
2008-05-05,213.96994018554688
2008-05-06,206.7424468994141
2008-05-07,206.153060913086
2008-05-08,207.0215759277344
2008-05-09,198.5844268798828
2008-05-12,205.93600463867188
2008-05-13,204.44705200195312
2008-05-14,209.31704711914065
2008-05-15,217.32003784179688
2008-05-16,220.5770721435547
2008-05-20,216.11016845703125
2008-05-21,224.17532348632807
2008-05-22,223.36871337890625
2008-05-23,220.17379760742188
2008-05-26,210.5888671875
2008-05-27,199.45301818847656
2008-05-28,195.141342163086
2008-05-29,203.45445251464844
2008-05-30,224.1442108154297
2008-06-02,214.40415954589844
2008-06-03,213.56661987304688
2008-06-04,206.6494140625
2008-06-05,220.85610961914065
2008-06-06,218.49868774414065
2008-06-09,208.54156494140625
2008-06-10,213.7838134765625
2008-06-11,212.85324096679688
2008-06-12,212.7291259765625
2008-06-13,209.2860107421875
2008-06-16,210.8370361328125
2008-06-17,215.83108520507807
2008-06-18,203.76461791992188
2008-06-19,205.6257781982422
2008-06-20,212.1087341308593
2008-06-23,193.2801818847656
2008-06-24,178.98037719726562
2008-06-25,196.8163909912109
2008-06-26,195.29641723632807
2008-06-27,190.6125946044922
2008-06-30,176.12657165527344
2008-07-01,163.99810791015625
2008-07-02,160.83421325683594
2008-07-03,149.20199584960938
2008-07-04,157.29798889160156
2008-07-07,167.8755340576172
2008-07-08,166.69676208496094
2008-07-09,183.5091552734375
2008-07-10,177.4293975830078
2008-07-11,177.5845184326172
2008-07-14,177.36734008789062
2008-07-15,164.92868041992188
2008-07-16,159.56231689453125
2008-07-17,162.8504638671875
2008-07-18,169.45750427246094
2008-07-21,171.84593200683594
2008-07-22,172.4973602294922
2008-07-23,175.13400268554688
2008-07-24,171.62879943847656
2008-07-25,166.076416015625
2008-07-28,168.1857147216797
2008-07-29,143.74261474609375
2008-07-30,144.4560546875
2008-07-31,146.10008239746094
2008-08-01,147.4649200439453
2008-08-04,152.36590576171875
2008-08-05,154.0719757080078
2008-08-06,154.35118103027344
2008-08-07,154.35118103027344
2008-08-08,155.00254821777344
2008-08-11,156.64659118652344
2008-08-12,157.93112182617188
2008-08-13,157.58642578125
2008-08-14,154.51620483398438
2008-08-18,150.25538635253906
2008-08-19,150.75668334960938
2008-08-20,151.41458129882812
2008-08-21,148.53233337402344
2008-08-22,151.47726440429688
2008-08-25,151.0072784423828
2008-08-26,151.3206787109375
2008-08-27,152.51104736328125
2008-08-28,149.50350952148438
2008-08-29,149.22152709960938
2008-09-01,147.99964904785156
2008-09-02,148.2816162109375
2008-09-04,148.40699768066406
2008-09-05,147.12249755859375
2008-09-08,145.74398803710938
2008-09-09,146.08859252929688
2008-09-10,145.5873260498047
2008-09-11,144.17752075195312
2008-09-12,144.30279541015625
2008-09-15,139.57211303710938
2008-09-16,139.63478088378906
2008-09-17,139.10214233398438
2008-09-18,133.8388671875
2008-09-19,140.69996643066406
2008-09-22,142.57972717285156
2008-09-23,137.44171142578125
2008-09-24,136.84642028808594
2008-09-25,128.26223754882812
2008-09-26,125.00399017333984
2008-09-29,121.05647277832033
2008-09-30,125.28592681884766
2008-10-01,125.09789276123048
2008-10-03,127.22835540771484
2008-10-06,118.36213684082033
2008-10-07,118.39346313476562
2008-10-08,110.71783447265624
2008-10-10,100.379150390625
2008-10-13,105.57980346679688
2008-10-14,113.882080078125
2008-10-15,113.1614990234375
2008-10-16,105.76776123046876
2008-10-17,104.76524353027344
2008-10-20,106.0497589111328
2008-10-21,109.43331909179688
2008-10-22,108.55606079101562
2008-10-23,105.76776123046876
2008-10-24,100.2224578857422
2008-10-27,87.00151062011719
2008-10-29,84.65180969238281
2008-10-31,93.39270782470705
2008-11-03,93.01675415039062
2008-11-04,96.68225860595705
2008-11-05,95.89905548095705
2008-11-06,90.82367706298828
2008-11-07,98.18610382080078
2008-11-10,100.56712341308594
2008-11-11,104.04467010498048
2008-11-12,101.94558715820312
2008-11-14,100.974365234375
2008-11-17,99.87784576416016
2008-11-18,88.41133117675781
2008-11-19,85.62303161621094
2008-11-20,85.27840423583984
2008-11-21,89.06925964355469
2008-11-24,84.40116882324219
2008-11-25,82.45877838134766
2008-11-26,80.73566436767578
2008-11-27,80.73566436767578
2008-11-28,79.60781860351562
2008-12-01,79.01252746582031
2008-12-02,89.1632308959961
2008-12-03,108.11746215820312
2008-12-04,107.55358123779295
2008-12-05,104.01327514648438
2008-12-08,103.5433578491211
2008-12-10,107.08355712890624
2008-12-11,104.2326431274414
2008-12-12,104.04467010498048
2008-12-15,100.94304656982422
2008-12-16,98.4993667602539
2008-12-17,96.68225860595705
2008-12-18,101.63230895996094
2008-12-19,104.07600402832033
2008-12-22,101.72630310058594
2008-12-23,100.44180297851562
2008-12-24,102.22759246826172
2008-12-26,103.10475158691406
2008-12-29,106.01842498779295
2008-12-30,115.32322692871094
2008-12-31,113.06747436523438
2009-01-02,116.16908264160156
2009-01-05,115.63654327392578
2009-01-06,114.69664001464844
2009-01-07,103.26143646240234
2009-01-09,106.70767211914062
2009-01-12,102.88544464111328
2009-01-13,103.29276275634766
2009-01-14,104.20130157470705
2009-01-15,107.71018981933594
2009-01-16,104.51461029052734
2009-01-19,105.36044311523438
2009-01-20,105.89307403564452
2009-01-21,101.1310043334961
2009-01-22,94.89652252197266
2009-01-23,93.2046890258789
2009-01-27,97.21484375
2009-01-28,94.67718505859376
2009-01-29,101.75760650634766
2009-01-30,102.9481430053711
2009-02-02,104.27606201171876
2009-02-03,102.31578063964844
2009-02-04,106.5209732055664
2009-02-05,106.10992431640624
2009-02-06,105.73052215576172
2009-02-09,104.71878814697266
2009-02-10,104.1812515258789
2009-02-11,104.0231475830078
2009-02-12,105.09817504882812
2009-02-13,108.82906341552734
2009-02-16,110.8526611328125
2009-02-17,107.50116729736328
2009-02-18,107.62757110595705
2009-02-19,107.21656036376952
2009-02-20,102.7900619506836
2009-02-24,102.3473663330078
2009-02-25,102.7584457397461
2009-02-26,104.40255737304688
2009-02-27,101.96795654296876
2009-03-02,101.2723388671875
2009-03-03,100.45030975341795
2009-03-04,100.22896575927734
2009-03-05,100.16571807861328
2009-03-06,98.49000549316406
2009-03-09,92.64063262939452
2009-03-12,87.0759048461914
2009-03-13,94.98038482666016
2009-03-16,106.93201446533205
2009-03-17,103.42243194580078
2009-03-18,107.56434631347656
2009-03-19,105.19303131103516
2009-03-20,103.54886627197266
2009-03-23,106.04672241210938
2009-03-24,109.84087371826172
2009-03-25,109.5879135131836
2009-03-26,107.34302520751952
2009-03-27,107.81727600097656
2009-03-30,104.97166442871094
2009-03-31,105.66732025146484
2009-04-01,107.50116729736328
2009-04-02,108.51293182373048
2009-04-06,110.31513214111328
2009-04-08,120.2115249633789
2009-04-09,121.66594696044922
2009-04-13,128.24252319335938
2009-04-15,128.0211639404297
2009-04-16,118.53582763671876
2009-04-17,124.32188415527344
2009-04-20,126.40867614746094
2009-04-21,127.23069763183594
2009-04-22,123.18360900878906
2009-04-23,119.16819763183594
2009-04-24,121.4447021484375
2009-04-27,117.65049743652344
2009-04-28,116.06961822509766
2009-04-29,116.54383087158205
2009-04-30,117.93506622314452
2009-05-04,123.18360900878906
2009-05-05,126.63004302978516
2009-05-06,129.00135803222656
2009-05-07,139.87794494628906
2009-05-08,137.38009643554688
2009-05-11,129.57046508789062
2009-05-12,128.74839782714844
2009-05-13,130.04469299316406
2009-05-14,127.98959350585938
2009-05-15,127.73662567138672
2009-05-18,152.52513122558594
2009-05-19,162.7693328857422
2009-05-20,169.85179138183594
2009-05-21,172.2863311767578
2009-05-22,163.49655151367188
2009-05-25,166.626708984375
2009-05-26,159.449462890625
2009-05-27,165.2039337158203
2009-05-28,160.80905151367188
2009-05-29,159.51266479492188
2009-06-01,160.7457275390625
2009-06-02,156.3508758544922
2009-06-03,172.1598663330078
2009-06-04,173.83560180664062
2009-06-05,170.1363067626953
2009-06-08,163.46487426757812
2009-06-09,170.76866149902344
2009-06-10,166.9113006591797
2009-06-11,161.6943359375
2009-06-12,160.96707153320312
2009-06-15,158.6590118408203
2009-06-16,159.1016845703125
2009-06-17,157.71051025390625
2009-06-18,149.42657470703125
2009-06-19,153.031005859375
2009-06-22,149.71109008789062
2009-06-23,148.5096435546875
2009-06-24,154.16928100585938
2009-06-25,147.6243133544922
2009-06-26,150.1537628173828
2009-06-29,154.99131774902344
2009-06-30,148.0669403076172
2009-07-01,147.5610809326172
2009-07-02,145.6324005126953
2009-07-03,149.9957275390625
2009-07-06,142.4073944091797
2009-07-07,144.05149841308594
2009-07-08,143.76698303222656
2009-07-09,143.76698303222656
2009-07-10,142.47061157226562
2009-07-13,137.38009643554688
2009-07-14,139.1507110595703
2009-07-15,141.6168975830078
2009-07-16,146.86550903320312
2009-07-17,154.23243713378906
2009-07-20,149.9324951171875
2009-07-21,153.9795684814453
2009-07-22,155.68692016601562
2009-07-23,154.2008514404297
2009-07-24,154.6435089111328
2009-07-27,159.70240783691406
2009-07-28,160.4612274169922
2009-07-29,165.67816162109375
2009-07-30,165.52011108398438
2009-07-31,170.00985717773438
2009-08-03,171.65402221679688
2009-08-04,167.1009979248047
2009-08-05,172.0966796875
2009-08-06,172.60256958007812
2009-08-07,168.30247497558594
2009-08-10,167.4804229736328
2009-08-11,170.29437255859375
2009-08-12,171.1165008544922
2009-08-13,177.9143829345703
2009-08-14,177.25038146972656
2009-08-17,173.77235412597656
2009-08-18,174.18345642089844
2009-08-19,173.61431884765625
2009-08-20,170.85342407226562
2009-08-21,167.39451599121094
2009-08-24,170.9169158935547
2009-08-25,170.0918426513672
2009-08-26,174.66151428222656
2009-08-27,173.9316864013672
2009-08-28,171.1390838623047
2009-08-31,172.50360107421875
2009-09-01,173.07489013671875
2009-09-02,176.24819946289062
2009-09-03,176.5655517578125
2009-09-04,174.21725463867188
2009-09-07,188.37042236328125
2009-09-08,187.7992248535156
2009-09-09,183.29307556152344
2009-09-10,178.31082153320312
2009-09-11,176.53378295898438
2009-09-14,177.26365661621094
2009-09-15,185.70474243164065
2009-09-16,194.6219482421875
2009-09-17,196.68458557128903
2009-09-18,195.9229736328125
2009-09-22,195.25665283203125
2009-09-23,194.9075927734375
2009-09-24,204.68145751953125
2009-09-25,207.9818420410156
2009-09-29,209.3780670166016
2009-09-30,208.045150756836
2009-10-01,208.55294799804688
2009-10-05,202.3331756591797
2009-10-06,205.91909790039065
2009-10-07,201.8889312744141
2009-10-08,202.90435791015625
2009-10-09,201.666732788086
2009-10-12,204.30067443847656
2009-10-13,203.7294921875
2009-10-14,206.61720275878903
2009-10-15,228.8941650390625
2009-10-16,219.91357421875
2009-10-20,211.88494873046875
2009-10-21,208.2991180419922
2009-10-22,207.09323120117188
2009-10-23,209.02896118164065
2009-10-26,209.34634399414065
2009-10-27,204.7766571044922
2009-10-28,211.3455047607422
2009-10-29,203.06309509277344
2009-10-30,199.6993408203125
2009-11-03,199.35025024414065
2009-11-04,199.9214324951172
2009-11-05,205.91909790039065
2009-11-06,206.8392944335937
2009-11-09,208.14041137695312
2009-11-10,201.8889312744141
2009-11-11,196.90679931640625
2009-11-12,199.8262939453125
2009-11-13,198.0173797607422
2009-11-16,197.8904266357422
2009-11-17,196.55767822265625
2009-11-18,202.7140045166016
2009-11-19,201.1273193359375
2009-11-20,207.8230438232422
2009-11-23,211.47247314453125
2009-11-24,213.82077026367188
2009-11-25,211.47247314453125
2009-11-26,207.3788452148437
2009-11-27,204.8401031494141
2009-11-30,211.18682861328125
2009-12-01,218.3904571533203
2009-12-02,212.7417449951172
2009-12-03,214.2650146484375
2009-12-04,209.66357421875
2009-12-07,206.0142364501953
2009-12-08,207.79136657714844
2009-12-09,208.87026977539065
2009-12-10,207.949951171875
2009-12-11,208.14041137695312
2009-12-14,208.23570251464844
2009-12-15,207.3470916748047
2009-12-16,205.030502319336
2009-12-17,205.062255859375
2009-12-18,207.79136657714844
2009-12-21,208.90206909179688
2009-12-22,211.0599670410156
2009-12-23,211.948486328125
2009-12-24,213.40823364257807
2009-12-29,212.9639129638672
2009-12-30,214.7727203369141
2009-12-31,218.1999664306641
2010-01-04,221.722396850586
2010-01-05,222.10321044921875
2010-01-06,220.51649475097656
2010-01-07,220.99246215820312
2010-01-08,227.8152618408203
2010-01-11,235.30441284179688
2010-01-12,233.4003295898437
2010-01-13,234.16189575195312
2010-01-14,231.8454742431641
2010-01-15,234.86001586914065
2010-01-18,236.224609375
2010-01-19,235.2091522216797
2010-01-20,259.3265686035156
2010-01-21,249.1720123291016
2010-01-22,241.333740234375
2010-01-25,241.1751403808593
2010-01-27,234.89175415039065
2010-01-28,246.3304901123047
2010-01-29,246.2986602783203
2010-02-01,255.18829345703125
2010-02-02,247.4456481933593
2010-02-03,252.76675415039065
2010-02-04,248.5927124023437
2010-02-05,244.4506378173828
2010-02-08,251.8427124023437
2010-02-09,257.7055053710937
2010-02-10,236.1981811523437
2010-02-11,241.837890625
2010-02-15,237.85498046875
2010-02-16,238.2055206298828
2010-02-17,240.5951995849609
2010-02-18,236.6123504638672
2010-02-19,237.15402221679688
2010-02-22,235.81578063964844
2010-02-23,234.5731658935547
2010-02-24,232.4383850097656
2010-02-25,227.08546447753903
2010-02-26,235.2742462158203
2010-03-02,239.6392822265625
2010-03-03,245.27896118164065
2010-03-04,246.0437164306641
2010-03-05,266.9775390625
2010-03-08,260.66876220703125
2010-03-09,261.1148986816406
2010-03-10,260.9554748535156
2010-03-11,263.34521484375
2010-03-12,260.5732116699219
2010-03-15,263.37713623046875
2010-03-16,272.4261474609375
2010-03-17,266.9138488769531
2010-03-18,264.7152404785156
2010-03-19,267.4873352050781
2010-03-22,264.014404296875
2010-03-23,264.6515197753906
2010-03-25,262.1343994140625
2010-03-26,272.9676513671875
2010-03-29,271.1196594238281
2010-03-30,268.2838439941406
2010-03-31,272.7446594238281
2010-04-01,273.92352294921875
2010-04-05,273.7324523925781
2010-04-06,276.3451538085937
2010-04-07,274.0828857421875
2010-04-08,273.0951538085937
2010-04-09,271.62945556640625
2010-04-12,270.38671875
2010-04-13,270.3549194335937
2010-04-15,269.7177124023437
2010-04-16,269.52655029296875
2010-04-19,266.27667236328125
2010-04-20,267.8059997558594
2010-04-21,270.5143127441406
2010-04-22,274.5609741210937
2010-04-23,276.2177734375
2010-04-26,272.0756225585937
2010-04-27,271.4064636230469
2010-04-28,267.9972229003906
2010-04-29,266.7544250488281
2010-04-30,268.8256530761719
2010-05-03,270.6416931152344
2010-05-04,268.2201843261719
2010-05-05,263.5362854003906
2010-05-06,263.4407653808594
2010-05-07,260.85992431640625
2010-05-10,269.2715759277344
2010-05-11,271.0878601074219
2010-05-12,270.8010559082031
2010-05-13,270.92840576171875
2010-05-14,280.2961730957031
2010-05-17,278.67108154296875
2010-05-18,270.6098937988281
2010-05-19,264.3648376464844
2010-05-20,264.6833190917969
2010-05-21,259.4898986816406
2010-05-24,259.13934326171875
2010-05-25,257.3231811523437
2010-05-26,254.51919555664065
2010-05-27,256.1123046875
2010-05-28,260.8280334472656
2010-05-31,258.4702453613281
2010-06-01,256.9408264160156
2010-06-02,254.67852783203125
2010-06-03,256.90887451171875
2010-06-04,253.3722076416016
2010-06-07,251.5560302734375
2010-06-08,247.8599090576172
2010-06-09,250.4408264160156
2010-06-10,265.416259765625
2010-06-11,260.0950927734375
2010-06-14,259.9996337890625
2010-06-15,262.6761779785156
2010-06-16,256.52655029296875
2010-06-17,256.43096923828125
2010-06-18,256.8451843261719
2010-06-21,257.4505920410156
2010-06-22,256.52655029296875
2010-06-23,257.9923095703125
2010-06-24,258.72515869140625
2010-06-25,262.2618713378906
2010-06-28,268.1564636230469
2010-06-29,269.2715759277344
2010-06-30,278.48004150390625
2010-07-01,274.6882629394531
2010-07-02,273.8598937988281
2010-07-05,274.1147155761719
2010-07-06,272.5852966308594
2010-07-07,273.22265625
2010-07-08,274.6246337890625
2010-07-09,274.0828857421875
2010-07-12,273.0951538085937
2010-07-13,277.8746032714844
2010-07-14,281.37945556640625
2010-07-15,281.0290222167969
2010-07-16,286.2225952148437
2010-07-19,290.7152709960937
2010-07-20,296.546142578125
2010-07-21,287.8794860839844
2010-07-22,285.9097595214844
2010-07-23,280.87225341796875
2010-07-26,282.6806030273437
2010-07-27,288.6545104980469
2010-07-28,297.14715576171875
2010-07-29,294.30548095703125
2010-07-30,293.53045654296875
2010-08-02,293.59521484375
2010-08-03,305.7367553710937
2010-08-04,303.7669372558594
2010-08-05,297.63153076171875
2010-08-06,299.5690002441406
2010-08-09,304.4451599121094
2010-08-10,304.2189636230469
2010-08-11,307.867919921875
2010-08-12,315.1335144042969
2010-08-13,328.9866027832031
2010-08-16,315.1982421875
2010-08-17,312.09820556640625
2010-08-18,311.8399353027344
2010-08-19,313.3252258300781
2010-08-20,312.743896484375
2010-08-23,309.70855712890625
2010-08-24,305.7690124511719
2010-08-25,301.2159118652344
2010-08-26,301.2481689453125
2010-08-27,301.1190795898437
2010-08-30,304.99395751953125
2010-08-31,308.51385498046875
2010-09-01,311.2908020019531
2010-09-02,317.264892578125
2010-09-03,317.97528076171875
2010-09-06,318.9762878417969
2010-09-07,327.5657653808594
2010-09-08,329.08355712890625
2010-09-09,328.4053649902344
2010-09-13,328.47003173828125
2010-09-14,324.4657287597656
2010-09-15,318.7501525878906
2010-09-16,320.6555480957031
2010-09-17,327.21063232421875
2010-09-20,334.9606628417969
2010-09-21,331.50543212890625
2010-09-22,328.2763366699219
2010-09-23,327.5982971191406
2010-09-24,334.9283447265625
2010-09-27,342.9366149902344
2010-09-28,340.0626525878906
2010-09-29,331.634521484375
2010-09-30,335.1866760253906
2010-10-01,342.0324401855469
2010-10-04,340.2887878417969
2010-10-05,334.4440612792969
2010-10-06,336.73663330078125
2010-10-07,336.2200012207031
2010-10-08,337.9959716796875
2010-10-11,340.5146789550781
2010-10-12,336.96270751953125
2010-10-13,335.7679443359375
2010-10-14,331.5377502441406
2010-10-15,331.11785888671875
2010-10-18,329.7294311523437
2010-10-19,329.5678405761719
2010-10-20,325.7252502441406
2010-10-21,328.4053649902344
2010-10-22,333.3460388183594
2010-10-25,334.1856384277344
2010-10-26,331.3116760253906
2010-10-27,332.9263000488281
2010-10-28,320.8169250488281
2010-10-29,322.4637451171875
2010-11-01,324.3691101074219
2010-11-02,333.73345947265625
2010-11-03,337.0272216796875
2010-11-04,336.8012390136719
2010-11-08,334.4440612792969
2010-11-09,332.571044921875
2010-11-10,346.9408569335937
2010-11-11,342.8397521972656
2010-11-12,335.0897827148437
2010-11-15,334.9283447265625
2010-11-16,330.3106994628906
2010-11-18,328.3085327148437
2010-11-19,325.8544616699219
2010-11-22,321.5595703125
2010-11-23,313.4867248535156
2010-11-24,316.4574279785156
2010-11-25,315.9085388183594
2010-11-26,316.9095458984375
2010-11-29,319.68670654296875
2010-11-30,326.0803527832031
2010-12-01,335.6064758300781
2010-12-02,337.8022155761719
2010-12-03,335.86474609375
2010-12-06,340.3855895996094
2010-12-07,340.4500732421875
2010-12-08,339.06170654296875
2010-12-09,333.8304138183594
2010-12-10,341.3220520019531
2010-12-13,337.7054443359375
2010-12-14,347.4574890136719
2010-12-15,346.13360595703125
2010-12-16,343.7762145996094
2010-12-20,349.1688842773437
2010-12-21,341.6450500488281
2010-12-22,341.7418518066406
2010-12-23,340.9022216796875
2010-12-24,341.48345947265625
2010-12-27,339.0938720703125
2010-12-28,340.3210754394531
2010-12-29,337.8345947265625
2010-12-30,338.6741638183594
2010-12-31,339.642822265625
2011-01-03,348.5230712890625
2011-01-04,348.4585266113281
2011-01-05,352.6240539550781
2011-01-06,351.9460144042969
2011-01-07,340.7731018066406
2011-01-10,327.4366149902344
2011-01-11,320.0418701171875
2011-01-12,325.7252502441406
2011-01-13,324.0137939453125
2011-01-14,325.11181640625
2011-01-17,326.62939453125
2011-01-18,334.669921875
2011-01-19,327.1137390136719
2011-01-20,323.8523864746094
2011-01-21,321.8179016113281
2011-01-24,323.9814758300781
2011-01-25,325.6284484863281
2011-01-27,321.6565246582031
2011-01-28,311.6461181640625
2011-01-31,315.29498291015625
2011-02-01,319.39605712890625
2011-02-02,322.85400390625
2011-02-03,326.57281494140625
2011-02-04,302.7264709472656
2011-02-07,268.6371459960937
2011-02-08,267.5933532714844
2011-02-09,267.9521484375
2011-02-10,265.5707397460937
2011-02-11,273.4324951171875
2011-02-14,275.1940002441406
2011-02-15,264.52691650390625
2011-02-16,277.5428466796875
2011-02-17,268.9959716796875
2011-02-18,265.01617431640625
2011-02-21,265.668701171875
2011-02-22,255.75181579589844
2011-02-23,255.75181579589844
2011-02-24,249.2599639892578
2011-02-25,258.06787109375
2011-02-28,264.7225952148437
2011-03-01,269.48541259765625
2011-03-03,273.2041320800781
2011-03-04,273.7261047363281
2011-03-07,269.71368408203125
2011-03-08,273.2041320800781
2011-03-09,278.4888000488281
2011-03-10,279.4349365234375
2011-03-11,278.423583984375
2011-03-14,281.000732421875
2011-03-15,282.5013732910156
2011-03-16,286.2853698730469
2011-03-17,283.8387145996094
2011-03-18,287.2640380859375
2011-03-21,287.2966003417969
2011-03-22,283.904052734375
2011-03-23,290.5587158203125
2011-03-24,286.7745666503906
2011-03-25,282.9905700683594
2011-03-28,281.6531677246094
2011-03-29,282.6969299316406
2011-03-30,283.61041259765625
2011-03-31,293.1032409667969
2011-04-01,290.5912475585937
2011-04-04,286.7419738769531
2011-04-05,289.0583801269531
2011-04-06,288.04693603515625
2011-04-07,292.80963134765625
2011-04-08,287.4597473144531
2011-04-11,282.3055114746094
2011-04-13,279.3370666503906
2011-04-15,276.53155517578125
2011-04-18,274.8678283691406
2011-04-19,274.150146484375
2011-04-20,275.8790283203125
2011-04-21,282.89276123046875
2011-04-25,275.8790283203125
2011-04-26,281.22906494140625
2011-04-27,279.4675598144531
2011-04-28,277.1840209960937
2011-04-29,278.3257141113281
2011-05-02,279.5000915527344
2011-05-03,274.5415954589844
2011-05-04,272.1276550292969
2011-05-05,264.29852294921875
2011-05-06,265.3750305175781
2011-05-09,263.3525085449219
2011-05-10,262.9610900878906
2011-05-11,262.243408203125
2011-05-12,257.3175354003906
2011-05-13,267.10406494140625
2011-05-16,257.2523498535156
2011-05-17,257.64373779296875
2011-05-18,258.9811706542969
2011-05-19,259.34002685546875
2011-05-20,252.42431640625
2011-05-23,247.92263793945312
2011-05-24,250.85850524902344
2011-05-25,252.8158416748047
2011-05-26,248.7056121826172
2011-05-27,253.3702850341797
2011-05-30,255.6212615966797
2011-05-31,254.4795837402344
2011-06-01,246.4545745849609
2011-06-02,177.8191680908203
2011-06-03,185.1264190673828
2011-06-06,198.82742309570312
2011-06-07,204.5687866210937
2011-06-08,200.06704711914065
2011-06-09,199.2188415527344
2011-06-10,200.6868133544922
2011-06-13,200.52374267578125
2011-06-14,200.8173065185547
2011-06-15,210.99514770507807
2011-06-16,233.8953552246093
2011-06-17,224.2394561767578
2011-06-20,224.076400756836
2011-06-21,226.588134765625
2011-06-22,226.0009765625
2011-06-23,230.01333618164065
2011-06-24,236.7660980224609
2011-06-27,234.15640258789065
2011-06-28,227.5994567871093
2011-06-29,223.6197052001953
2011-06-30,226.4577789306641
2011-07-01,233.96063232421875
2011-07-04,222.77145385742188
2011-07-05,216.4755706787109
2011-07-06,217.48684692382807
2011-07-07,210.0491180419922
2011-07-08,206.8196258544922
2011-07-11,201.567626953125
2011-07-12,200.0997009277344
2011-07-13,205.7431030273437
2011-07-14,216.3777313232422
2011-07-15,221.30357360839844
2011-07-18,225.8378753662109
2011-07-19,214.4204559326172
2011-07-20,213.4091186523437
2011-07-21,211.0930328369141
2011-07-22,211.84332275390625
2011-07-25,209.8208770751953
2011-07-26,206.5912322998047
2011-07-27,207.8309326171875
2011-07-28,222.05389404296875
2011-07-29,209.8860015869141
2011-08-01,202.0569610595703
2011-08-02,198.69688415527344
2011-08-03,199.93653869628903
2011-08-04,200.0997009277344
2011-08-05,199.211654663086
2011-08-08,198.488037109375
2011-08-09,198.0605010986328
2011-08-10,197.69869995117188
2011-08-11,194.7715301513672
2011-08-12,193.88357543945312
2011-08-16,197.6000213623047
2011-08-17,199.7049255371093
2011-08-18,200.3627471923828
2011-08-19,197.5671844482422
2011-08-22,198.88270568847656
2011-08-23,197.83026123046875
2011-08-24,197.5014190673828
2011-08-25,200.00086975097656
2011-08-26,194.27821350097656
2011-08-29,197.9946746826172
2011-08-30,198.22491455078125
2011-09-02,199.63922119140625
2011-09-05,199.3102569580078
2011-09-06,197.5014190673828
2011-09-07,198.1920928955078
2011-09-08,197.426025390625
2011-09-09,198.6916046142578
2011-09-12,192.1973876953125
2011-09-13,194.1288909912109
2011-09-14,193.52951049804688
2011-09-15,187.101791381836
2011-09-16,196.92648315429688
2011-09-19,200.95626831054688
2011-09-20,200.78973388671875
2011-09-21,199.35763549804688
2011-09-22,195.22799682617188
2011-09-23,193.16310119628903
2011-09-26,189.7328186035156
2011-09-27,183.73814392089844
2011-09-28,174.87928771972656
2011-09-29,162.78988647460938
2011-09-30,154.63046264648438
2011-10-03,149.9345245361328
2011-10-04,146.37103271484375
2011-10-05,154.06430053710938
2011-10-07,175.1123046875
2011-10-10,191.8310089111328
2011-10-11,189.56629943847656
2011-10-12,183.67156982421875
2011-10-13,181.1737060546875
2011-10-14,184.3043365478516
2011-10-17,185.8362731933593
2011-10-18,180.5076141357422
2011-10-19,179.3086395263672
2011-10-20,180.57424926757807
2011-10-21,176.37794494628906
2011-10-24,172.31483459472656
2011-10-25,166.78636169433594
2011-10-28,169.0177459716797
2011-10-31,173.28065490722656
2011-11-01,170.4498291015625
2011-11-02,172.5812530517578
2011-11-03,182.3726348876953
2011-11-04,192.1973876953125
2011-11-08,195.6390686035156
2011-11-09,189.93658447265625
2011-11-11,186.0223846435547
2011-11-14,193.24331665039065
2011-11-15,183.9978790283203
2011-11-16,183.2218170166016
2011-11-17,180.3199920654297
2011-11-18,177.99176025390625
2011-11-21,167.29531860351562
2011-11-22,166.2830352783203
2011-11-23,168.27389526367188
2011-11-24,182.14208984375
2011-11-25,184.40284729003903
2011-11-28,181.2310028076172
2011-11-29,183.89663696289065
2011-11-30,178.70037841796875
2011-12-01,179.07147216796875
2011-12-02,190.0377960205078
2011-12-05,197.6973571777344
2011-12-07,197.5623779296875
2011-12-08,188.8567657470703
2011-12-09,190.3752593994141
2011-12-12,178.9365234375
2011-12-13,177.11447143554688
2011-12-14,186.4948272705078
2011-12-15,186.69732666015625
2011-12-16,180.1849822998047
2011-12-19,179.5101776123047
2011-12-20,174.27999877929688
2011-12-21,177.55308532714844
2011-12-22,186.22496032714844
2011-12-23,196.88751220703125
2011-12-26,198.1359405517578
2011-12-27,193.61447143554688
2011-12-28,190.00408935546875
2011-12-29,179.2064208984375
2011-12-30,185.07766723632807
2012-01-02,189.70037841796875
2012-01-03,193.7156982421875
2012-01-04,189.39666748046875
2012-01-05,190.3077545166016
2012-01-06,186.69732666015625
2012-01-09,185.34762573242188
2012-01-10,188.62063598632807
2012-01-11,188.8905487060547
2012-01-12,200.9366455078125
2012-01-13,194.28933715820312
2012-01-16,194.28933715820312
2012-01-17,196.7188262939453
2012-01-18,193.3783264160156
2012-01-19,200.3630523681641
2012-01-20,188.5531463623047
2012-01-23,187.9120483398437
2012-01-24,192.83839416503903
2012-01-25,191.1850128173828
2012-01-27,200.3967437744141
2012-01-30,196.48260498046875
2012-01-31,205.86300659179688
2012-02-01,216.0870361328125
2012-02-02,203.66973876953125
2012-02-03,207.9550323486328
2012-02-06,217.2005310058593
2012-02-07,217.40293884277344
2012-02-08,213.3538513183593
2012-02-09,222.7005615234375
2012-02-10,229.98887634277344
2012-02-13,215.54718017578125
2012-02-14,213.55633544921875
2012-02-15,221.10671997070312
2012-02-16,220.8668975830078
2012-02-17,221.72373962402344
2012-02-21,220.9011383056641
2012-02-22,227.00201416015625
2012-02-23,215.5200042724609
2012-02-24,218.19346618652344
2012-02-27,208.5964508056641
2012-02-28,212.05831909179688
2012-02-29,213.1550750732422
2012-03-01,212.0924835205078
2012-03-02,220.83253479003903
2012-03-05,217.6107788085937
2012-03-06,210.99571228027344
2012-03-07,213.840576171875
2012-03-09,217.33663940429688
2012-03-12,214.01187133789065
2012-03-13,215.4514617919922
2012-03-14,223.1290435791016
2012-03-15,217.16514587402344
2012-03-16,216.6510772705078
2012-03-19,215.31434631347656
2012-03-20,215.7256774902344
2012-03-21,220.2157440185547
2012-03-22,214.66311645507807
2012-03-23,215.245834350586
2012-03-26,209.11062622070312
2012-03-27,211.8525848388672
2012-03-28,206.74566650390625
2012-03-29,207.91102600097656
2012-03-30,208.49371337890625
2012-04-02,209.2134704589844
2012-04-03,209.07638549804688
2012-04-04,208.562255859375
2012-04-09,204.3121795654297
2012-04-10,198.17691040039065
2012-04-11,198.58827209472656
2012-04-12,200.06207275390625
2012-04-13,196.4974822998047
2012-04-16,195.0579528808593
2012-04-17,193.9954376220703
2012-04-18,207.876693725586
2012-04-19,207.7738800048828
2012-04-20,207.08843994140625
2012-04-23,197.6970672607422
2012-04-24,194.8523101806641
2012-04-25,190.3966064453125
2012-04-26,190.0880584716797
2012-04-27,193.41275024414065
2012-04-30,196.3261108398437
2012-05-02,206.5400848388672
2012-05-03,200.850326538086
2012-05-04,197.8000030517578
2012-05-07,203.28390502929688
2012-05-08,203.0097503662109
2012-05-09,199.7536163330078
2012-05-10,201.5701446533203
2012-05-11,202.3927764892578
2012-05-14,197.7314300537109
2012-05-15,197.2172241210937
2012-05-16,187.9287567138672
2012-05-17,180.7310943603516
2012-05-18,182.85614013671875
2012-05-21,176.58384704589844
2012-05-22,173.63616943359375
2012-05-23,171.61399841308594
2012-05-24,171.27122497558594
2012-05-25,172.02528381347656
2012-05-28,169.4546356201172
2012-05-29,169.42037963867188
2012-05-30,167.22683715820312
2012-05-31,163.83363342285156
2012-06-01,155.64190673828125
2012-06-04,153.85963439941406
2012-06-05,155.8133087158203
2012-06-06,160.9202423095703
2012-06-07,162.1884307861328
2012-06-08,176.7209014892578
2012-06-11,169.90029907226562
2012-06-12,174.76727294921875
2012-06-13,174.52731323242188
2012-06-14,179.73715209960938
2012-06-15,181.1424102783203
2012-06-18,181.6907653808593
2012-06-19,184.2613983154297
2012-06-20,191.0820770263672
2012-06-21,191.0820770263672
2012-06-22,192.8643798828125
2012-06-25,200.816146850586
2012-06-26,206.3000640869141
2012-06-27,207.4654083251953
2012-06-28,204.5178375244141
2012-06-29,206.8827667236328
2012-07-02,208.5279998779297
2012-07-03,222.4092254638672
2012-07-04,215.4514617919922
2012-07-05,217.884994506836
2012-07-06,215.2801208496093
2012-07-09,209.7275390625
2012-07-10,207.53404235839844
2012-07-11,204.17501831054688
2012-07-12,206.5400848388672
2012-07-13,203.455322265625
2012-07-16,206.12869262695312
2012-07-17,205.34043884277344
2012-07-18,201.29591369628903
2012-07-19,203.04396057128903
2012-07-20,197.7314300537109
2012-07-23,192.384506225586
2012-07-24,196.87452697753903
2012-07-25,196.12046813964844
2012-07-26,202.8383178710937
2012-07-27,179.15438842773438
2012-07-30,175.86404418945312
2012-07-31,180.9367218017578
2012-08-01,186.5235290527344
2012-08-02,186.2835998535156
2012-08-03,185.872299194336
2012-08-06,193.3785095214844
2012-08-07,198.7939453125
2012-08-08,203.5924224853516
2012-08-09,209.1229248046875
2012-08-10,214.8608245849609
2012-08-13,208.74270629882807
2012-08-14,212.71774291992188
2012-08-16,210.8512420654297
2012-08-17,208.60438537597656
2012-08-21,208.5352935791016
2012-08-22,210.64385986328125
2012-08-23,207.04893493652344
2012-08-24,206.2884826660156
2012-08-27,203.7997283935547
2012-08-28,198.82228088378903
2012-08-29,196.7483673095703
2012-08-30,204.21453857421875
2012-08-31,200.896224975586
2012-09-03,202.4862518310547
2012-09-04,204.1454467773437
2012-09-05,205.70089721679688
2012-09-06,210.12530517578125
2012-09-07,212.959716796875
2012-09-10,212.130111694336
2012-09-11,210.78201293945312
2012-09-12,214.3768310546875
2012-09-13,212.4018402099609
2012-09-14,213.37210083007807
2012-09-17,224.66786193847656
2012-09-18,228.5831451416016
2012-09-20,221.0643310546875
2012-09-21,225.3260955810547
2012-09-24,227.23194885253903
2012-09-25,223.7322692871093
2012-09-26,226.8506774902344
2012-09-27,234.4043884277344
2012-09-28,241.8885955810547
2012-10-01,248.714584350586
2012-10-03,252.8726806640625
2012-10-04,252.8379364013672
2012-10-05,245.6654052734375
2012-10-08,242.96278381347656
2012-10-09,244.0370178222656
2012-10-10,235.9982147216797
2012-10-11,242.6854858398437
2012-10-12,243.7944183349609
2012-10-15,252.5260467529297
2012-10-16,251.6598052978516
2012-10-17,249.7889099121093
2012-10-18,250.8975982666016
2012-10-19,251.2786560058593
2012-10-22,248.99180603027344
2012-10-23,247.12066650390625
2012-10-25,238.0079345703125
2012-10-29,218.39620971679688
2012-10-30,220.8563537597656
2012-10-31,228.2019958496093
2012-11-01,228.6525115966797
2012-11-02,237.76541137695312
2012-11-05,234.68153381347656
2012-11-06,237.696029663086
2012-11-07,236.864501953125
2012-11-08,230.1077880859375
2012-11-09,227.47447204589844
2012-11-12,233.6074066162109
2012-11-15,255.67921447753903
2012-11-16,247.50192260742188
2012-11-19,254.50115966796875
2012-11-20,260.8420104980469
2012-11-21,267.01593017578125
2012-11-22,263.77203369140625
2012-11-23,267.7136535644531
2012-11-26,264.7836608886719
2012-11-27,270.9924011230469
2012-11-29,283.9332275390625
2012-11-30,285.1890563964844
2012-12-03,285.991455078125
2012-12-04,288.04931640625
2012-12-05,292.5839233398437
2012-12-06,296.1767272949219
2012-12-07,292.61883544921875
2012-12-10,287.9447937011719
2012-12-11,282.7125549316406
2012-12-12,282.2590026855469
2012-12-13,279.468505859375
2012-12-14,281.4915771484375
2012-12-17,284.4566345214844
2012-12-18,288.8865966796875
2012-12-19,288.5028076171875
2012-12-20,296.0371398925781
2012-12-21,285.7820129394531
2012-12-24,292.0607604980469
2012-12-26,300.11834716796875
2012-12-27,294.3280029296875
2012-12-28,293.4908142089844
2012-12-31,297.95556640625
2013-01-01,300.57183837890625
2013-01-02,306.9550476074219
2013-01-03,308.8037414550781
2013-01-04,306.3619689941406
2013-01-07,304.7574768066406
2013-01-08,308.4548645019531
2013-01-09,304.0947570800781
2013-01-10,299.83917236328125
2013-01-11,295.58367919921875
2013-01-14,305.0365295410156
2013-01-15,303.6413269042969
2013-01-16,291.1537780761719
2013-01-17,297.4672546386719
2013-01-18,292.5839233398437
2013-01-21,295.75811767578125
2013-01-22,295.8627624511719
2013-01-23,306.3968200683594
2013-01-24,300.9205322265625
2013-01-25,310.3733215332031
2013-01-28,319.87957763671875
2013-01-29,329.4909973144531
2013-01-30,329.35076904296875
2013-01-31,331.2099304199219
2013-02-01,336.7173767089844
2013-02-04,345.1711120605469
2013-02-05,333.2444152832031
2013-02-06,336.5767822265625
2013-02-07,327.8072814941406
2013-02-08,328.6491394042969
2013-02-11,326.86016845703125
2013-02-12,319.5989685058594
2013-02-13,307.6021423339844
2013-02-14,313.77593994140625
2013-02-15,310.618896484375
2013-02-18,308.7246398925781
2013-02-19,312.1973571777344
2013-02-20,311.25030517578125
2013-02-21,288.5545959472656
2013-02-22,287.92315673828125
2013-02-25,299.6044616699219
2013-02-26,296.762939453125
2013-02-27,297.6397705078125
2013-02-28,288.3792724609375
2013-03-01,307.777587890625
2013-03-04,302.9367370605469
2013-03-05,302.4455871582031
2013-03-06,295.675537109375
2013-03-07,300.937255859375
2013-03-08,301.7791748046875
2013-03-11,297.3593444824219
2013-03-12,299.35870361328125
2013-03-13,302.2702941894531
2013-03-14,315.3544921875
2013-03-15,312.8289489746094
2013-03-18,306.9356689453125
2013-03-19,289.3263854980469
2013-03-20,293.3252868652344
2013-03-21,269.5421447753906
2013-03-22,271.9625549316406
2013-03-25,277.15411376953125
2013-03-26,265.4730529785156
2013-03-28,273.9620666503906
2013-04-01,273.190185546875
2013-04-02,275.8562316894531
2013-04-03,267.19189453125
2013-04-04,260.77252197265625
2013-04-05,263.7191772460937
2013-04-08,254.3883819580078
2013-04-09,253.3710021972656
2013-04-10,257.5453491210937
2013-04-11,254.5987548828125
2013-04-12,253.47622680664065
2013-04-15,246.7762756347656
2013-04-16,259.0536499023437
2013-04-17,265.2275085449219
2013-04-18,274.3128662109375
2013-04-22,287.6425476074219
2013-04-23,282.9069519042969
2013-04-25,291.3958740234375
2013-04-26,295.32476806640625
2013-04-29,296.72784423828125
2013-04-30,292.4833984375
2013-05-02,301.4635009765625
2013-05-03,296.86822509765625
2013-05-06,299.3236694335937
2013-05-07,304.0943298339844
2013-05-08,308.5844116210937
2013-05-09,296.4471435546875
2013-05-10,296.3770446777344
2013-05-13,291.5362243652344
2013-05-14,296.8331298828125
2013-05-15,306.69024658203125
2013-05-16,310.79425048828125
2013-05-17,300.16558837890625
2013-05-20,296.4120788574219
2013-05-21,297.3242492675781
2013-05-22,293.57086181640625
2013-05-23,287.4671936035156
2013-05-24,288.9404602050781
2013-05-27,293.7813720703125
2013-05-28,288.3792724609375
2013-05-29,300.48126220703125
2013-05-30,295.3949890136719
2013-05-31,292.0274658203125
2013-06-03,296.5875244140625
2013-06-04,300.0603332519531
2013-06-05,304.7257385253906
2013-06-06,305.14666748046875
2013-06-07,299.183349609375
2013-06-10,296.6226501464844
2013-06-11,292.79913330078125
2013-06-12,280.591796875
2013-06-13,244.846923828125
2013-06-14,243.4789276123047
2013-06-17,245.8992462158203
2013-06-18,253.61656188964844
2013-06-19,252.0380096435547
2013-06-20,252.7045135498047
2013-06-21,257.2648010253906
2013-06-24,248.63546752929688
2013-06-25,253.7919921875
2013-06-26,258.738037109375
2013-06-27,258.7731018066406
2013-06-28,266.3148498535156
2013-07-01,274.3128662109375
2013-07-02,268.24420166015625
2013-07-03,266.7007751464844
2013-07-04,270.4891967773437
2013-07-05,270.9803466796875
2013-07-08,275.01434326171875
2013-07-09,275.1897277832031
2013-07-10,273.7515869140625
2013-07-11,280.7320556640625
2013-07-12,290.06298828125
2013-07-15,293.6760559082031
2013-07-16,278.1713562011719
2013-07-17,278.5923156738281
2013-07-18,283.7138671875
2013-07-19,280.9777526855469
2013-07-22,277.75048828125
2013-07-23,287.99334716796875
2013-07-24,268.419677734375
2013-07-25,271.08563232421875
2013-07-26,264.9117736816406
2013-07-29,264.9117736816406
2013-07-30,262.1054382324219
2013-07-31,284.0295715332031
2013-08-01,287.6425476074219
2013-08-02,298.2713317871094
2013-08-05,301.0775146484375
2013-08-06,290.37872314453125
2013-08-07,294.3289794921875
2013-08-08,290.5550842285156
2013-08-12,285.7935485839844
2013-08-13,299.584228515625
2013-08-14,299.584228515625
2013-08-16,271.6855773925781
2013-08-19,268.8992004394531
2013-08-20,267.91168212890625
2013-08-21,269.181396484375
2013-08-22,263.3265075683594
2013-08-23,262.0568542480469
2013-08-26,265.3721923828125
2013-08-27,265.1606140136719
2013-08-28,256.44879150390625
2013-08-29,274.5071716308594
2013-08-30,275.0360717773437
2013-09-02,295.5986328125
2013-09-03,278.2457275390625
2013-09-04,275.14208984375
2013-09-05,283.1130065917969
2013-09-06,274.1544494628906
2013-09-10,284.0300598144531
2013-09-11,278.4925842285156
2013-09-12,276.5428771972656
2013-09-13,277.1100769042969
2013-09-16,281.0450439453125
2013-09-17,288.6312561035156
2013-09-18,287.4968566894531
2013-09-19,285.51171875
2013-09-20,284.0581970214844
2013-09-23,283.6329345703125
2013-09-24,282.9594421386719
2013-09-25,282.25030517578125
2013-09-26,282.8883972167969
2013-09-27,283.4910583496094
2013-09-30,278.7762451171875
2013-10-01,285.9725952148437
2013-10-03,290.6164245605469
2013-10-04,289.7301940917969
2013-10-07,306.1788635253906
2013-10-08,302.5630798339844
2013-10-09,301.71221923828125
2013-10-10,300.3652038574219
2013-10-11,303.59100341796875
2013-10-14,299.1952819824219
2013-10-15,296.8200988769531
2013-10-17,298.20263671875
2013-10-18,299.3016662597656
2013-10-21,296.7847900390625
2013-10-22,301.35772705078125
2013-10-23,302.4566345214844
2013-10-24,300.7196350097656
2013-10-25,301.35772705078125
2013-10-28,298.5926208496094
2013-10-29,300.2587585449219
2013-10-30,300.0815124511719
2013-10-31,297.8835754394531
2013-11-01,305.2926025390625
2013-11-05,318.7634582519531
2013-11-06,318.8343505859375
2013-11-07,312.1343994140625
2013-11-08,293.1333312988281
2013-11-11,281.293212890625
2013-11-12,273.6006774902344
2013-11-13,271.9344787597656
2013-11-14,278.4218139648437
2013-11-18,271.119140625
2013-11-19,273.8310241699219
2013-11-20,272.7962341308594
2013-11-21,266.8371887207031
2013-11-22,269.54913330078125
2013-11-25,273.4743347167969
2013-11-26,268.0146484375
2013-11-27,261.4490661621094
2013-11-28,264.0895690917969
2013-11-29,264.0539855957031
2013-12-02,262.1983947753906
2013-12-03,275.0799865722656
2013-12-04,270.2270812988281
2013-12-05,266.6229858398437
2013-12-06,265.2314453125
2013-12-09,270.1200866699219
2013-12-10,268.47869873046875
2013-12-11,265.05303955078125
2013-12-12,260.7710266113281
2013-12-13,259.9504699707031
2013-12-16,259.34375
2013-12-17,257.2740783691406
2013-12-18,257.95220947265625
2013-12-19,261.984375
2013-12-20,266.2305908203125
2013-12-23,264.01824951171875
2013-12-24,268.157470703125
2013-12-26,267.0869445800781
2013-12-27,268.58563232421875
2013-12-30,266.801513671875
2013-12-31,271.40460205078125
2014-01-01,274.47332763671875
2014-01-02,262.09136962890625
2014-01-03,264.2322998046875
2014-01-06,269.12091064453125
2014-01-07,267.0155029296875
2014-01-08,265.6595764160156
2014-01-09,265.16021728515625
2014-01-10,260.5213317871094
2014-01-13,260.5926818847656
2014-01-14,258.63006591796875
2014-01-15,257.4883728027344
2014-01-16,259.91473388671875
2014-01-17,255.3472137451172
2014-01-20,258.66583251953125
2014-01-21,260.9851989746094
2014-01-22,261.5203857421875
2014-01-23,258.66583251953125
2014-01-24,254.56222534179688
2014-01-27,250.92254638671875
2014-01-28,249.8877410888672
2014-01-29,253.9556579589844
2014-01-30,253.1349029541016
2014-01-31,257.2740783691406
2014-02-03,257.4525146484375
2014-02-04,253.88427734375
2014-02-05,259.6649780273437
2014-02-06,259.37939453125
2014-02-07,258.91558837890625
2014-02-10,255.91818237304688
2014-02-11,251.6718597412109
2014-02-12,250.42303466796875
2014-02-13,241.54600524902344
2014-02-14,236.6224822998047
2014-02-17,237.9162139892578
2014-02-18,234.3583221435547
2014-02-19,242.26480102539065
2014-02-20,244.4571075439453
2014-02-21,253.87306213378903
2014-02-24,262.2829284667969
2014-02-25,265.3017883300781
2014-02-26,257.46710205078125
2014-02-28,266.3799743652344
2014-03-03,262.4266357421875
2014-03-04,265.98455810546875
2014-03-05,269.83013916015625
2014-03-06,277.4851379394531
2014-03-07,280.8992614746094
2014-03-10,278.74298095703125
2014-03-11,281.5103759765625
2014-03-12,283.84637451171875
2014-03-13,273.7473449707031
2014-03-14,270.8722839355469
2014-03-18,278.9945678710937
2014-03-19,272.3099365234375
2014-03-20,277.5209045410156
2014-03-21,273.0645751953125
2014-03-24,272.0583801269531
2014-03-25,280.7914123535156
2014-03-26,281.0071716308594
2014-03-27,285.8589172363281
2014-03-28,280.6117858886719
2014-03-31,288.7698669433594
2014-04-01,291.3934020996094
2014-04-02,291.7528686523437
2014-04-03,285.2480163574219
2014-04-04,291.070068359375
2014-04-07,288.15899658203125
2014-04-09,290.06365966796875
2014-04-10,287.3683776855469
2014-04-11,284.6010131835937
2014-04-15,287.11676025390625
2014-04-16,283.7744140625
2014-04-17,287.619873046875
2014-04-21,281.94158935546875
2014-04-22,279.3539123535156
2014-04-23,283.8822021484375
2014-04-24,283.8822021484375
2014-04-25,285.8589172363281
2014-04-28,282.4805603027344
2014-04-29,271.91455078125
2014-04-30,270.26141357421875
2014-05-02,271.3394775390625
2014-05-05,264.8345642089844
2014-05-06,263.5407409667969
2014-05-07,261.5282592773437
2014-05-08,261.456298828125
2014-05-09,261.34844970703125
2014-05-12,258.832763671875
2014-05-13,272.3817749023437
2014-05-14,266.77520751953125
2014-05-15,266.4158630371094
2014-05-16,279.0303955078125
2014-05-19,289.6324768066406
2014-05-20,306.1284484863281
2014-05-21,296.317138671875
2014-05-22,312.3818664550781
2014-05-23,306.2722473144531
2014-05-26,297.503173828125
2014-05-27,297.323486328125
2014-05-28,294.91558837890625
2014-05-29,298.9047241210937
2014-05-30,297.03594970703125
2014-06-02,301.204833984375
2014-06-03,305.4456787109375
2014-06-04,306.0924987792969
2014-06-05,310.0818176269531
2014-06-06,307.0988464355469
2014-06-09,334.0171813964844
2014-06-10,330.53106689453125
2014-06-11,320.14471435546875
2014-06-12,322.0853881835937
2014-06-13,318.95867919921875
2014-06-16,318.9947204589844
2014-06-17,312.3818664550781
2014-06-18,302.9659118652344
2014-06-19,301.8517761230469
2014-06-20,309.0035705566406
2014-06-23,317.9883117675781
2014-06-24,316.3351745605469
2014-06-25,317.26953125
2014-06-26,325.283935546875
2014-06-27,325.5355529785156
2014-06-30,329.8841857910156
2014-07-01,331.6092529296875
2014-07-02,333.8015441894531
2014-07-03,332.6515197753906
2014-07-04,337.0719909667969
2014-07-07,338.07830810546875
2014-07-08,334.7718811035156
2014-07-09,327.6199951171875
2014-07-10,323.2713928222656
2014-07-11,318.2039794921875
2014-07-14,310.4771423339844
2014-07-15,315.8321228027344
2014-07-16,322.44482421875
2014-07-17,325.1402587890625
2014-07-18,321.65411376953125
2014-07-21,333.3343505859375
2014-07-22,331.5732727050781
2014-07-23,306.5238037109375
2014-07-24,292.57958984375
2014-07-25,295.0233154296875
2014-07-28,288.6980285644531
2014-07-30,291.6809997558594
2014-07-31,305.3018493652344
2014-08-01,291.7528686523437
2014-08-04,293.4419250488281
2014-08-05,299.7672424316406
2014-08-06,301.1687927246094
2014-08-07,303.6127319335937
2014-08-08,301.31268310546875
2014-08-11,285.8948669433594
2014-08-12,284.52911376953125
2014-08-13,270.1796569824219
2014-08-14,266.9991149902344
2014-08-18,267.4328308105469
2014-08-19,263.9991760253906
2014-08-20,269.6015625
2014-08-21,266.4569396972656
2014-08-22,263.6736755371094
2014-08-25,261.75811767578125
2014-08-26,259.8786315917969
2014-08-27,256.30035400390625
2014-08-28,254.60157775878903
2014-09-01,266.05938720703125
2014-09-02,263.4207763671875
2014-09-03,268.4447937011719
2014-09-04,264.1797790527344
2014-09-05,261.8304443359375
2014-09-08,255.32432556152344
2014-09-09,253.01119995117188
2014-09-10,254.059326171875
2014-09-11,250.7341461181641
2014-09-12,251.99905395507807
2014-09-15,259.9147644042969
2014-09-16,251.5653381347656
2014-09-17,248.0365447998047
2014-09-18,248.727783203125
2014-09-19,250.0011138916016
2014-09-22,242.1430511474609
2014-09-23,241.2699584960937
2014-09-24,234.32144165039065
2014-09-25,234.0304107666016
2014-09-26,234.83074951171875
2014-09-29,242.106689453125
2014-09-30,246.03570556640625
2014-10-01,249.3826141357422
2014-10-07,244.10757446289065
2014-10-08,248.655014038086
2014-10-09,247.45448303222656
2014-10-10,243.5254821777344
2014-10-13,237.3408966064453
2014-10-14,223.9168395996093
2014-10-15,223.9168395996093
2014-10-16,222.7162628173828
2014-10-17,223.9532165527344
2014-10-20,225.66310119628903
2014-10-21,225.5175628662109
2014-10-22,224.93544006347656
2014-10-27,228.97360229492188
2014-10-28,225.3719940185547
2014-10-29,232.4297332763672
2014-10-30,232.28424072265625
2014-10-31,237.5956573486328
2014-11-03,240.2876892089844
2014-11-05,240.9062042236328
2014-11-07,236.213119506836
2014-11-10,235.77671813964844
2014-11-11,235.74012756347656
2014-11-12,238.54153442382807
2014-11-13,238.6880340576172
2014-11-14,231.91128540039065
2014-11-17,231.83799743652344
2014-11-18,234.402084350586
2014-11-19,231.4716796875
2014-11-20,227.2591094970703
2014-11-21,233.15663146972656
2014-11-24,238.3217010498047
2014-11-25,233.88937377929688
2014-11-26,235.2812347412109
2014-11-27,233.26663208007807
2014-11-28,235.1714324951172
2014-12-01,228.02838134765625
2014-12-02,233.04684448242188
2014-12-03,262.35162353515625
2014-12-04,274.6231384277344
2014-12-05,273.7806091308594
2014-12-08,278.24957275390625
2014-12-09,271.0332946777344
2014-12-10,275.685302734375
2014-12-11,275.7220153808594
2014-12-12,252.5345764160156
2014-12-15,256.1609802246094
2014-12-16,246.89334106445312
2014-12-17,251.4722442626953
2014-12-18,262.20513916015625
2014-12-19,254.36610412597656
2014-12-22,263.0843200683594
2014-12-23,266.564208984375
2014-12-24,273.5974426269531
2014-12-26,281.4364929199219
2014-12-29,284.8065490722656
2014-12-30,282.7551574707031
2014-12-31,279.1286926269531
2015-01-01,277.3703918457031
2015-01-02,275.24578857421875
2015-01-05,271.0698547363281
2015-01-06,256.4540405273437
2015-01-07,250.8128662109375
2015-01-08,254.76907348632807
2015-01-09,259.09149169921875
2015-01-12,276.60113525390625
2015-01-13,271.8023986816406
2015-01-14,267.883056640625
2015-01-15,274.98944091796875
2015-01-16,306.34552001953125
2015-01-19,296.6382751464844
2015-01-20,300.1549072265625
2015-01-21,302.0964050292969
2015-01-22,286.82110595703125
2015-01-23,291.54669189453125
2015-01-27,294.6602783203125
2015-01-28,296.3452453613281
2015-01-29,303.927978515625
2015-01-30,298.5065612792969
2015-02-02,300.3014221191406
2015-02-03,304.147705078125
2015-02-04,303.2684631347656
2015-02-05,296.4918212890625
2015-02-06,279.1651916503906
2015-02-09,305.4298095703125
2015-02-10,308.7633056640625
2015-02-11,322.4628295898437
2015-02-12,322.31396484375
2015-02-13,325.8876953125
2015-02-16,320.8248291015625
2015-02-18,321.1226501464844
2015-02-19,324.398681640625
2015-02-20,320.2292175292969
2015-02-23,320.9364624023437
2015-02-24,331.88140869140625
2015-02-25,325.8132629394531
2015-02-26,320.3782043457031
2015-02-27,318.1073303222656
2015-03-02,311.9647521972656
2015-03-03,315.0173645019531
2015-03-04,313.9750366210937
2015-03-05,322.98406982421875
2015-03-09,324.6592712402344
2015-03-10,325.4037780761719
2015-03-11,301.9133605957031
2015-03-12,310.3639831542969
2015-03-13,310.99676513671875
2015-03-16,310.6617126464844
2015-03-17,324.8082275390625
2015-03-18,325.4782409667969
2015-03-19,326.2972717285156
2015-03-20,317.4372253417969
2015-03-23,307.0137023925781
2015-03-24,308.46533203125
2015-03-25,312.001953125
2015-03-26,320.8620910644531
2015-03-27,314.1984558105469
2015-03-30,316.3948974609375
2015-03-31,328.97760009765625
2015-04-01,339.5130310058594
2015-04-06,306.0455322265625
2015-04-07,302.2485046386719
2015-04-08,287.0224914550781
2015-04-09,288.02752685546875
2015-04-10,291.3037109375
2015-04-13,292.2342834472656
2015-04-15,284.60272216796875
2015-04-16,275.7797546386719
2015-04-17,277.4177551269531
2015-04-20,267.6271057128906
2015-04-21,267.7015075683594
2015-04-22,267.85040283203125
2015-04-23,265.0211181640625
2015-04-24,264.27667236328125
2015-04-27,263.6436767578125
2015-04-28,260.3676452636719
2015-04-29,259.2881164550781
2015-04-30,258.431884765625
2015-05-04,275.0352478027344
2015-05-05,270.4186706542969
2015-05-06,259.5579528808594
2015-05-07,268.07244873046875
2015-05-08,274.08917236328125
2015-05-11,277.7976379394531
2015-05-12,270.9482727050781
2015-05-13,265.3099365234375
2015-05-14,269.0562438964844
2015-05-15,262.88800048828125
2015-05-18,274.6568298339844
2015-05-19,265.42333984375
2015-05-20,268.1858825683594
2015-05-21,272.1593017578125
2015-05-22,270.7212829589844
2015-05-25,274.9974365234375
2015-05-26,280.9007568359375
2015-05-27,287.4473571777344
2015-05-28,292.9344787597656
2015-05-29,286.99334716796875
2015-06-01,274.6568298339844
2015-06-02,269.13189697265625
2015-06-03,264.47735595703125
2015-06-04,272.0079040527344
2015-06-05,269.73736572265625
2015-06-08,210.8931427001953
2015-06-09,220.2400817871093
2015-06-10,223.4945068359375
2015-06-11,217.8560485839844
2015-06-12,217.2127685546875
2015-06-15,229.88983154296875
2015-06-16,234.7714385986328
2015-06-17,236.2094573974609
2015-06-18,234.24171447753903
2015-06-19,252.7085876464844
2015-06-22,252.14089965820312
2015-06-23,243.7020874023437
2015-06-24,221.8673248291016
2015-06-25,220.1266632080078
2015-06-26,219.0291748046875
2015-06-29,211.9148864746093
2015-06-30,213.80702209472656
2015-07-01,212.06626892089844
2015-07-02,214.26112365722656
2015-07-03,213.92051696777344
2015-07-06,217.5155334472656
2015-07-07,217.13710021972656
2015-07-08,211.3094482421875
2015-07-09,210.5525665283203
2015-07-10,208.31988525390625
2015-07-13,210.1363525390625
2015-07-14,211.1959381103516
2015-07-15,202.2651824951172
2015-07-16,204.2330017089844
2015-07-17,202.6436309814453
2015-07-20,200.3352966308593
2015-07-21,198.5945281982422
2015-07-22,195.30227661132807
2015-07-23,207.48736572265625
2015-07-24,211.6878662109375
2015-07-27,221.2618865966797
2015-07-28,208.1307373046875
2015-07-29,229.8140869140625
2015-07-30,234.05242919921875
2015-07-31,254.9033203125
2015-08-03,283.0578308105469
2015-08-04,267.1263427734375
2015-08-05,267.2020263671875
2015-08-06,263.9855041503906
2015-08-07,255.31964111328125
2015-08-10,258.2335205078125
2015-08-11,259.1416931152344
2015-08-12,247.5242462158203
2015-08-13,251.3462829589844
2015-08-14,265.0450439453125
2015-08-17,275.3759155273437
2015-08-18,262.81231689453125
2015-08-19,266.63433837890625
2015-08-20,261.0715637207031
2015-08-21,255.8494110107422
2015-08-24,225.9921264648437
2015-08-25,243.92916870117188
2015-08-26,246.4645538330078
2015-08-27,257.62799072265625
2015-08-28,253.2762451171875
2015-08-31,259.4444274902344
2015-09-01,262.0555114746094
2015-09-02,281.3927307128906
2015-09-03,281.99822998046875
2015-09-04,293.3885803222656
2015-09-07,279.7276916503906
2015-09-08,284.7606506347656
2015-09-09,280.5601806640625
2015-09-10,260.6174621582031
2015-09-11,258.6875305175781
2015-09-14,260.768798828125
2015-09-15,259.1794128417969
2015-09-16,260.8445129394531
2015-09-18,263.4178161621094
2015-09-21,269.3590393066406
2015-09-22,272.9540100097656
2015-09-23,276.9651794433594
2015-09-24,284.6849670410156
2015-09-28,270.2293395996094
2015-09-29,270.9104919433594
2015-09-30,271.8943176269531
2015-10-01,277.3435974121094
2015-10-05,277.2679443359375
2015-10-06,270.87255859375
2015-10-07,266.5208740234375
2015-10-08,269.6238708496094
2015-10-09,266.8614501953125
2015-10-12,268.2615966796875
2015-10-13,277.1922302246094
2015-10-14,272.6512145996094
2015-10-15,279.0465393066406
2015-10-16,279.27349853515625
2015-10-19,281.7332763671875
2015-10-20,284.6849670410156
2015-10-21,291.685791015625
2015-10-23,285.6688842773437
2015-10-26,288.9989624023437
2015-10-27,291.5343933105469
2015-10-28,288.0150756835937
2015-10-29,285.32830810546875
2015-10-30,300.35162353515625
2015-11-02,292.89666748046875
2015-11-03,289.339599609375
2015-11-04,290.626220703125
2015-11-05,289.3016967773437
2015-11-06,275.3759155273437
2015-11-09,281.61981201171875
2015-11-10,280.5980529785156
2015-11-13,284.4200744628906
2015-11-16,287.2960205078125
2015-11-17,290.8153381347656
2015-11-18,284.2686767578125
2015-11-19,288.5826416015625
2015-11-20,288.3934936523437
2015-11-23,290.8531494140625
2015-11-24,289.5287780761719
2015-11-26,295.0157470703125
2015-11-27,298.45947265625
2015-11-30,305.1953125
2015-12-01,302.73553466796875
2015-12-02,302.65997314453125
2015-12-03,299.21636962890625
2015-12-04,296.7565612792969
2015-12-07,286.5013122558594
2015-12-08,289.9071960449219
2015-12-09,285.4797058105469
2015-12-10,292.8588562011719
2015-12-11,287.37176513671875
2015-12-14,287.67449951171875
2015-12-15,289.8693542480469
2015-12-16,294.9022521972656
2015-12-17,299.254150390625
2015-12-18,293.3507995605469
2015-12-21,291.5721435546875
2015-12-22,293.4264831542969
2015-12-23,297.89178466796875
2015-12-24,313.25567626953125
2015-12-28,316.0937805175781
2015-12-29,313.3690795898437
2015-12-30,313.29351806640625
2015-12-31,322.71612548828125
2016-01-01,326.1597595214844
2016-01-04,318.780517578125
2016-01-05,322.37554931640625
2016-01-06,319.1589660644531
2016-01-07,310.11480712890625
2016-01-08,320.7862243652344
2016-01-11,308.4498291015625
2016-01-12,312.5745544433594
2016-01-13,305.80084228515625
2016-01-14,297.51336669921875
2016-01-15,285.9336853027344
2016-01-18,277.1166381835937
2016-01-19,279.8412170410156
2016-01-20,258.8768005371094
2016-01-21,263.1150207519531
2016-01-22,264.8936462402344
2016-01-25,268.75360107421875
2016-01-27,267.1640930175781
2016-01-28,267.9209289550781
2016-01-29,286.99334716796875
2016-02-01,284.3065795898437
2016-02-02,270.7212829589844
2016-02-03,265.9532165527344
2016-02-04,255.96295166015625
2016-02-05,265.6127014160156
2016-02-08,264.1746520996094
2016-02-09,263.0015869140625
2016-02-10,258.8388671875
2016-02-11,247.2971649169922
2016-02-12,249.7567596435547
2016-02-15,261.94207763671875
2016-02-16,256.03863525390625
2016-02-17,253.6403045654297
2016-02-18,254.17333984375
2016-02-19,249.87176513671875
2016-02-22,250.51885986328125
2016-02-23,249.7575225830078
2016-02-24,246.6360778808593
2016-02-25,241.53515625
2016-02-26,243.32423400878903
2016-02-29,244.1617584228516
2016-03-01,257.3709411621094
2016-03-02,270.0852355957031
2016-03-03,264.6798095703125
2016-03-04,264.2992248535156
2016-03-08,258.7794494628906
2016-03-09,263.0047912597656
2016-03-10,260.2259521484375
2016-03-11,261.9009094238281
2016-03-14,280.8582763671875
2016-03-15,276.8993225097656
2016-03-16,276.176025390625
2016-03-17,278.3458251953125
2016-03-18,281.4673156738281
2016-03-21,283.2159423828125
2016-03-22,283.9929504394531
2016-03-23,287.8785705566406
2016-03-28,282.71075439453125
2016-03-29,285.0809631347656
2016-03-30,288.3058776855469
2016-03-31,293.3182067871094
2016-04-01,293.4736633300781
2016-04-04,291.2977294921875
2016-04-05,279.52459716796875
2016-04-06,279.44696044921875
2016-04-07,274.9008483886719
2016-04-08,276.6493225097656
2016-04-11,276.0277099609375
2016-04-12,279.6412048339844
2016-04-13,278.9029235839844
2016-04-18,280.806884765625
2016-04-20,277.1544189453125
2016-04-21,274.5122985839844
2016-04-22,277.698486328125
2016-04-25,276.8436584472656
2016-04-26,277.1544189453125
2016-04-27,276.9990539550781
2016-04-28,275.9499816894531
2016-04-29,289.4327087402344
2016-05-02,287.25689697265625
2016-05-03,283.25469970703125
2016-05-04,273.8517761230469
2016-05-05,276.144287109375
2016-05-06,273.0746765136719
2016-05-09,282.7496337890625
2016-05-10,280.2628479003906
2016-05-11,287.4511413574219
2016-05-12,296.6986389160156
2016-05-13,303.9645690917969
2016-05-16,306.2182006835937
2016-05-17,336.4864501953125
2016-05-18,332.1734619140625
2016-05-19,288.3058776855469
2016-05-20,291.18121337890625
2016-05-23,284.3814697265625
2016-05-24,279.6412048339844
2016-05-25,287.0236511230469
2016-05-26,293.8232727050781
2016-05-27,297.0871887207031
2016-05-30,294.36724853515625
2016-05-31,291.37554931640625
2016-06-01,282.94384765625
2016-06-02,286.7517395019531
2016-06-03,281.93365478515625
2016-06-06,281.8948059082031
2016-06-07,280.0297546386719
2016-06-08,278.7864074707031
2016-06-09,278.4366760253906
2016-06-10,287.10137939453125
2016-06-13,283.5655822753906
2016-06-14,290.2875671386719
2016-06-15,295.6884155273437
2016-06-16,291.18121337890625
2016-06-17,287.60650634765625
2016-06-20,288.2670593261719
2016-06-21,283.7598876953125
2016-06-22,284.5758361816406
2016-06-23,281.8948059082031
2016-06-24,271.5981750488281
2016-06-27,275.716796875
2016-06-28,276.144287109375
2016-06-29,276.8047180175781
2016-06-30,282.82733154296875
2016-07-01,287.6453552246094
2016-07-04,289.8213195800781
2016-07-05,288.1116027832031
2016-07-07,296.5431823730469
2016-07-08,294.5227966308594
2016-07-11,298.0196533203125
2016-07-12,292.73541259765625
2016-07-13,290.1321105957031
2016-07-14,303.3816833496094
2016-07-15,303.4593811035156
2016-07-18,296.6209411621094
2016-07-19,297.5146484375
2016-07-20,311.26934814453125
2016-07-21,316.67022705078125
2016-07-22,330.6969299316406
2016-07-25,337.2635498046875
2016-07-26,334.5436706542969
2016-07-27,335.3207702636719
2016-07-28,347.5213623046875
2016-07-29,348.9200744628906
2016-08-01,367.7260437011719
2016-08-02,355.2534484863281
2016-08-03,350.008056640625
2016-08-04,358.32305908203125
2016-08-05,359.1001892089844
2016-08-08,362.0531311035156
2016-08-09,358.32305908203125
2016-08-10,358.0509948730469
2016-08-11,356.4579467773437
2016-08-12,356.34136962890625
2016-08-16,355.6809387207031
2016-08-17,358.8281555175781
2016-08-18,376.1575622558594
2016-08-19,374.4868469238281
2016-08-22,356.5745849609375
2016-08-23,361.1205749511719
2016-08-24,360.3436279296875
2016-08-25,363.3353576660156
2016-08-26,364.9671936035156
2016-08-29,362.9857177734375
2016-08-30,368.6585998535156
2016-08-31,367.104248046875
2016-09-01,362.7524719238281
2016-09-02,365.3169555664063
2016-09-06,373.0879821777344
2016-09-07,379.88775634765625
2016-09-08,376.1575622558594
2016-09-09,369.6687927246094
2016-09-12,351.7177124023437
2016-09-14,374.3703308105469
2016-09-15,395.2743225097656
2016-09-16,385.0166931152344
2016-09-19,381.2088623046875
2016-09-20,378.8387145996094
2016-09-21,379.7322082519531
2016-09-22,394.9636535644531
2016-09-23,385.6771240234375
2016-09-26,386.2599792480469
2016-09-27,384.3948974609375
2016-09-28,391.2723083496094
2016-09-29,373.904052734375
2016-09-30,392.5545349121094
2016-10-03,412.83697509765625
2016-10-04,407.125244140625
2016-10-05,409.8450317382813
2016-10-06,407.3973083496094
2016-10-07,437.3933410644531
2016-10-10,433.27484130859375
2016-10-13,416.7613830566406
2016-10-14,421.1520690917969
2016-10-17,408.17425537109375
2016-10-18,422.2010192871094
2016-10-19,414.3524169921875
2016-10-20,417.5385437011719
2016-10-21,413.2643127441406
2016-10-24,415.0516052246094
2016-10-25,413.6917724609375
2016-10-26,419.4422912597656
2016-10-27,415.5957336425781
2016-10-28,425.0763549804688
2016-11-01,421.9679260253906
2016-11-02,415.284912109375
2016-11-03,411.0108337402344
2016-11-04,404.9104919433594
2016-11-07,410.6222229003906
2016-11-08,408.5240173339844
2016-11-09,391.6608581542969
2016-11-10,413.9248962402344
2016-11-11,388.7467346191406
2016-11-15,379.8488464355469
2016-11-16,381.4807739257813
2016-11-17,372.5828552246094
2016-11-18,356.5745849609375
2016-11-21,340.9935607910156
2016-11-22,350.78515625
2016-11-23,347.8320617675781
2016-11-24,345.34539794921875
2016-11-25,357.3517150878906
2016-11-28,358.01226806640625
2016-11-29,361.1595153808594
2016-11-30,365.8609924316406
2016-12-01,358.86700439453125
2016-12-02,339.3616943359375
2016-12-05,382.8018798828125
2016-12-06,368.4253234863281
2016-12-07,365.278076171875
2016-12-08,373.9428405761719
2016-12-09,402.0741271972656
2016-12-12,387.85302734375
2016-12-13,386.1434326171875
2016-12-14,387.8919067382813
2016-12-15,385.4051513671875
2016-12-16,384.1229553222656
2016-12-19,377.2066955566406
2016-12-20,383.0349731445313
2016-12-21,380.1985168457031
2016-12-22,379.304931640625
2016-12-23,380.1208190917969
2016-12-26,366.3660888671875
2016-12-27,374.75872802734375
2016-12-28,372.3886413574219
2016-12-29,379.926513671875
2016-12-30,382.6463623046875
2017-01-02,389.79583740234375
2017-01-03,406.8532409667969
2017-01-04,407.125244140625
2017-01-05,413.6139831542969
2017-01-06,413.4586791992188
2017-01-09,418.97607421875
2017-01-10,414.9351196289063
2017-01-11,416.7225036621094
2017-01-12,419.0538330078125
2017-01-13,412.7203979492188
2017-01-16,409.6119384765625
2017-01-17,408.2132263183594
2017-01-18,409.068115234375
2017-01-19,411.74908447265625
2017-01-20,402.3848571777344
2017-01-23,403.6283264160156
2017-01-24,407.8246154785156
2017-01-25,418.3543395996094
2017-01-27,417.8492431640625
2017-01-30,414.4690246582031
2017-01-31,411.5546875
2017-02-01,427.7185363769531
2017-02-02,428.6900024414063
2017-02-03,531.0346069335938
2017-02-06,535.61962890625
2017-02-07,538.572509765625
2017-02-08,547.8198852539062
2017-02-09,573.2314453125
2017-02-10,562.8959350585938
2017-02-13,553.8427734375
2017-02-14,569.8121948242188
2017-02-15,560.21484375
2017-02-16,562.235107421875
2017-02-17,550.1065063476562
2017-02-20,546.4286499023438
2017-02-21,549.9888916015625
2017-02-22,545.5286865234375
2017-02-23,551.7105102539062
2017-02-27,554.7233276367188
2017-02-28,558.088134765625
2017-03-01,566.5391845703125
2017-03-02,553.7449951171875
2017-03-03,568.260498046875
2017-03-06,575.8511352539062
2017-03-07,581.6417236328125
2017-03-08,577.7290649414062
2017-03-09,580.5460815429688
2017-03-10,583.4415283203125
2017-03-14,579.4895629882812
2017-03-15,586.4148559570312
2017-03-16,597.5660400390625
2017-03-17,587.823486328125
2017-03-20,595.4530029296875
2017-03-21,592.6751708984375
2017-03-22,585.0343017578125
2017-03-23,591.2573852539062
2017-03-24,595.43212890625
2017-03-27,598.9374389648438
2017-03-28,615.5187377929688
2017-03-29,621.820556640625
2017-03-30,620.914794921875
2017-03-31,622.8051147460938
2017-04-03,626.4286499023438
2017-04-05,626.822509765625
2017-04-06,619.733154296875
2017-04-07,609.3746337890625
2017-04-10,619.3391723632812
2017-04-11,625.0501098632812
2017-04-12,618.0394897460938
2017-04-13,615.7944946289062
2017-04-17,621.662841796875
2017-04-18,630.682373046875
2017-04-19,664.3963623046875
2017-04-20,706.7360229492188
2017-04-21,737.8898315429688
2017-04-24,732.178955078125
2017-04-25,730.1312255859375
2017-04-26,728.1223754882812
2017-04-27,727.7283935546875
2017-04-28,726.0741577148438
2017-05-02,727.8072509765625
2017-05-03,693.7385864257812
2017-05-04,700.985595703125
2017-05-05,671.72216796875
2017-05-08,674.7152099609375
2017-05-09,676.56640625
2017-05-10,679.40234375
2017-05-11,715.4005737304688
2017-05-12,696.1019287109375
2017-05-15,718.5515747070312
2017-05-16,704.7666625976562
2017-05-17,698.7406616210938
2017-05-18,686.3735961914062
2017-05-19,671.4464111328125
2017-05-22,665.4990844726562
2017-05-23,640.8043823242188
2017-05-24,617.0154418945312
2017-05-25,624.3016967773438
2017-05-26,637.1807861328125
2017-05-29,615.55810546875
2017-05-30,628.4371948242188
2017-05-31,628.5947265625
2017-06-01,633.0848999023438
2017-06-02,657.2280883789062
2017-06-05,661.6393432617188
2017-06-06,641.119384765625
2017-06-07,650.0994873046875
2017-06-08,644.8610229492188
2017-06-09,626.782958984375
2017-06-12,636.944580078125
2017-06-13,640.4103393554688
2017-06-14,651.3990478515625
2017-06-15,649.6660766601562
2017-06-16,660.8909301757812
2017-06-19,676.9996948242188
2017-06-20,665.9323120117188
2017-06-21,668.2166748046875
2017-06-22,655.8496704101562
2017-06-23,637.4564819335938
2017-06-27,624.0261840820312
2017-06-28,636.5112915039062
2017-06-29,635.526611328125
2017-06-30,643.0885620117188
2017-07-03,651.0444946289062
2017-07-04,642.3797607421875
2017-07-05,649.8236694335938
2017-07-06,650.2568359375
2017-07-07,652.2261962890625
2017-07-10,653.8016357421875
2017-07-11,645.1762084960938
2017-07-12,650.9658813476562
2017-07-13,653.1714477539062
2017-07-14,654.5498657226562
2017-07-17,655.337646484375
2017-07-18,651.8323974609375
2017-07-19,659.0005493164062
2017-07-20,650.453857421875
2017-07-21,635.1328125
2017-07-24,638.52001953125
2017-07-25,640.8043823242188
2017-07-26,633.5966796875
2017-07-27,625.955810546875
2017-07-28,627.885986328125
2017-07-31,614.691650390625
2017-08-01,616.3458862304688
2017-08-02,628.98876953125
2017-08-03,627.413330078125
2017-08-04,619.3785400390625
2017-08-07,594.4080810546875
2017-08-08,571.5643310546875
2017-08-09,555.770751953125
2017-08-10,536.2749633789062
2017-08-11,556.8341674804688
2017-08-14,591.3360595703125
2017-08-16,589.5635986328125
2017-08-17,592.990234375
2017-08-18,584.798095703125
2017-08-21,568.4766845703125
2017-08-22,551.7999267578125
2017-08-23,564.8408813476562
2017-08-24,563.1021728515625
2017-08-28,565.5126953125
2017-08-29,554.3685913085938
2017-08-30,556.5422973632812
2017-08-31,550.4562377929688
2017-09-01,607.2445678710938
2017-09-04,638.1483764648438
2017-09-05,653.00732421875
2017-09-06,658.0261840820312
2017-09-07,658.5005493164062
2017-09-08,637.7925415039062
2017-09-11,654.7462158203125
2017-09-12,653.0468139648438
2017-09-13,642.1790771484375
2017-09-14,661.0692749023438
2017-09-15,651.3475341796875
2017-09-18,671.5811157226562
2017-09-19,672.0949096679688
2017-09-20,665.2185668945312
2017-09-21,655.655029296875
2017-09-22,647.9093017578125
2017-09-25,619.2188720703125
2017-09-26,609.7738647460938
2017-09-27,587.9198608398438
2017-09-28,579.8976440429688
2017-09-29,602.3048095703125
2017-10-03,605.901123046875
2017-10-04,607.3236694335938
2017-10-05,617.084716796875
2017-10-06,620.3253173828125
2017-10-09,627.3203125
2017-10-10,646.2891235351562
2017-10-11,619.297607421875
2017-10-12,627.5968627929688
2017-10-13,632.1414794921875
2017-10-16,645.7359008789062
2017-10-17,644.787353515625
2017-10-18,643.167236328125
2017-10-19,638.8595581054688
2017-10-23,635.3424682617188
2017-10-24,636.2117919921875
2017-10-25,638.4644165039062
2017-10-26,644.8663940429688
2017-10-27,666.6412963867188
2017-10-30,659.2908935546875
2017-10-31,676.95556640625
2017-11-01,674.426513671875
2017-11-02,675.5725708007812
2017-11-03,696.7545776367188
2017-11-06,714.3798217773438
2017-11-07,694.5414428710938
2017-11-08,689.3250122070312
2017-11-09,697.4263916015625
2017-11-10,689.5621337890625
2017-11-13,677.1135864257812
2017-11-14,673.2410278320312
2017-11-15,657.1964111328125
2017-11-16,668.3010864257812
2017-11-17,667.9047241210938
2017-11-20,662.3954467773438
2017-11-21,672.8988037109375
2017-11-22,693.2319946289062
2017-11-23,696.9180908203125
2017-11-24,695.4911499023438
2017-11-27,700.8421630859375
2017-11-28,703.4185180664062
2017-11-29,699.4945678710938
2017-11-30,689.34765625
2017-12-01,677.3381958007812
2017-12-04,675.1578979492188
2017-12-05,679.99365234375
2017-12-06,667.666748046875
2017-12-07,679.8349609375
2017-12-08,714.8336791992188
2017-12-11,718.3612060546875
2017-12-12,706.7479248046875
2017-12-13,726.3279418945312
2017-12-14,723.751708984375
2017-12-15,740.795166015625
2017-12-18,754.0730590820312
2017-12-19,746.106201171875
2017-12-20,742.3804931640625
2017-12-21,779.1627197265625
2017-12-22,792.3218994140625
2017-12-26,792.2822875976562
2017-12-27,796.8798828125
2017-12-28,792.4010620117188
2017-12-29,784.9099731445312
2018-01-01,791.1327514648438
2018-01-02,788.9130859375
2018-01-03,796.4439086914062
2018-01-04,815.0726318359375
2018-01-05,822.8017578125
2018-01-08,827.954345703125
2018-01-09,818.6796264648438
2018-01-10,810.2769165039062
2018-01-11,827.2803955078125
2018-01-12,853.8367309570312
2018-01-15,850.9829711914062
2018-01-16,855.4617309570312
2018-01-17,838.8145751953125
2018-01-18,823.6341552734375
2018-01-19,832.5125732421875
2018-01-22,819.3931884765625
2018-01-23,824.7439575195312
2018-01-24,819.3533325195312
2018-01-25,819.4327392578125
2018-01-29,809.4444580078125
2018-01-30,814.5575561523438
2018-01-31,812.0604248046875
2018-02-01,802.5479125976562
2018-02-02,755.5792846679688
2018-02-05,755.9359130859375
2018-02-06,741.7859497070312
2018-02-07,739.6853637695312
2018-02-08,797.9104614257812
2018-02-09,771.750732421875
2018-02-12,780.9066162109375
2018-02-14,791.449951171875
2018-02-15,776.507080078125
2018-02-16,735.2198486328125
2018-02-19,705.5759887695312
2018-02-20,722.46435546875
2018-02-21,741.3790893554688
2018-02-22,721.8681030273438
2018-02-23,737.9618530273438
2018-02-26,753.4990234375
2018-02-27,755.40673828125
2018-02-28,737.365966796875
2018-03-01,728.504638671875
2018-03-05,725.0075073242188
2018-03-06,736.571044921875
2018-03-07,707.761474609375
2018-03-08,714.000244140625
2018-03-09,698.8204956054688
2018-03-12,709.7085571289062
2018-03-13,715.4705200195312
2018-03-14,740.3858032226562
2018-03-15,731.72314453125
2018-03-16,717.775390625
2018-03-19,721.0734252929688
2018-03-20,709.0726928710938
2018-03-21,693.6945190429688
2018-03-22,676.080078125
2018-03-23,662.5305786132812
2018-03-26,689.3506469726562
2018-03-27,687.8363647460938
2018-03-28,676.3590087890625
2018-04-02,685.4452514648438
2018-04-03,712.544189453125
2018-04-04,686.2023315429688
2018-04-05,695.846435546875
2018-04-06,709.1965942382812
2018-04-09,700.4693603515625
2018-04-10,699.8316040039062
2018-04-11,696.4840087890625
2018-04-12,687.19873046875
2018-04-13,701.2265625
2018-04-16,708.479248046875
2018-04-17,700.7083129882812
2018-04-18,716.9676513671875
2018-04-19,729.5608520507812
2018-04-20,705.6897583007812
2018-04-23,700.9075317382812
2018-04-24,691.9807739257812
2018-04-25,688.9920654296875
2018-04-26,697.6796264648438
2018-04-27,694.7307739257812
2018-04-30,701.2265625
2018-05-02,694.8501586914062
2018-05-03,684.528564453125
2018-05-04,688.23486328125
2018-05-07,703.896484375
2018-05-08,696.72314453125
2018-05-09,693.455322265625
2018-05-10,681.6195068359375
2018-05-11,692.2199096679688
2018-05-14,767.7383422851562
2018-05-15,770.8468627929688
2018-05-16,779.6939697265625
2018-05-17,776.9840087890625
2018-05-18,759.0111694335938
2018-05-21,749.0878295898438
2018-05-22,754.746826171875
2018-05-23,746.6969604492188
2018-05-24,745.26220703125
2018-05-25,757.2175903320312
2018-05-28,750.9213256835938
2018-05-29,749.3668212890625
2018-05-30,746.2186889648438
2018-05-31,731.3539428710938
2018-06-01,706.6063232421875
2018-06-04,733.6656494140625
2018-06-05,719.3189697265625
2018-06-06,718.4823608398438
2018-06-07,740.3604125976562
2018-06-08,734.1834106445312
2018-06-11,731.752685546875
2018-06-12,747.6931762695312
2018-06-13,743.42919921875
2018-06-14,727.090087890625
2018-06-15,723.9017944335938
2018-06-18,703.816650390625
2018-06-19,686.9595947265625
2018-06-20,669.0264282226562
2018-06-21,669.6640625
2018-06-22,666.396240234375
2018-06-25,641.3295288085938
2018-06-26,646.31103515625
2018-06-27,638.4603271484375
2018-06-28,620.9256591796875
2018-06-29,623.5160522460938
2018-07-02,623.2369995117188
2018-07-03,632.1239624023438
2018-07-04,631.9247436523438
2018-07-05,614.3502197265625
2018-07-06,632.9210205078125
2018-07-09,647.9053344726562
2018-07-10,645.0755615234375
2018-07-11,637.8626098632812
2018-07-12,627.8997192382812
2018-07-13,626.2659301757812
2018-07-16,592.9898071289062
2018-07-17,609.0899047851562
2018-07-18,620.9256591796875
2018-07-19,601.1595458984375
2018-07-20,606.8580932617188
2018-07-23,622.7987060546875
2018-07-24,627.7401733398438
2018-07-25,610.086181640625
2018-07-26,611.1222534179688
2018-07-27,616.7811279296875
2018-07-30,617.2991943359375
2018-07-31,615.545654296875
2018-08-01,631.7252807617188
2018-08-02,637.0654907226562
2018-08-03,642.007080078125
2018-08-06,643.800537109375
2018-08-07,648.6224365234375
2018-08-08,652.8865966796875
2018-08-09,661.9725952148438
2018-08-10,658.5056762695312
2018-08-13,607.894287109375
2018-08-14,620.8460083007812
2018-08-16,625.867431640625
2018-08-17,628.8162841796875
2018-08-20,635.7944946289062
2018-08-21,640.9683837890625
2018-08-23,638.6019287109375
2018-08-24,616.82470703125
2018-08-27,616.7042846679688
2018-08-28,619.0706787109375
2018-08-29,616.0626831054688
2018-08-30,613.6162719726562
2018-08-31,614.5787963867188
2018-09-03,624.1640014648438
2018-09-04,580.3684692382812
2018-09-05,577.7617797851562
2018-09-06,559.7142944335938
2018-09-07,557.4283447265625
2018-09-10,554.5405883789062
2018-09-11,534.7686157226562
2018-09-12,545.71728515625
2018-09-14,551.8134155273438
2018-09-17,541.3057250976562
2018-09-18,539.4208374023438
2018-09-19,525.5040893554688
2018-09-21,532.6830444335938
2018-09-24,507.3763732910156
2018-09-25,513.2717895507812
2018-09-26,509.3415222167969
2018-09-27,497.3099060058594
2018-09-28,492.6978759765625
2018-10-01,524.301025390625
2018-10-03,504.1277465820313
2018-10-04,512.2291259765625
2018-10-05,489.7298278808594
2018-10-08,497.0293273925781
2018-10-09,489.8501892089844
2018-10-10,516.19970703125
2018-10-11,510.5447998046875
2018-10-12,524.5418701171875
2018-10-15,520.9321899414062
2018-10-16,537.7765502929688
2018-10-17,524.6619873046875
2018-10-19,514.0740356445312
2018-10-22,514.3948974609375
2018-10-23,507.0955200195313
2018-10-24,520.0497436523438
2018-10-25,493.6201477050781
2018-10-26,497.39007568359375
2018-10-29,520.8518676757812
2018-10-30,522.5364379882812
2018-10-31,521.9749145507812
2018-11-01,539.2603149414062
2018-11-02,531.9610595703125
2018-11-05,495.7056579589844
2018-11-06,487.3234558105469
2018-11-07,489.1282348632813
2018-11-09,500.35791015625
2018-11-12,495.7457275390625
2018-11-13,490.33148193359375
2018-11-14,494.3183898925781
2018-11-15,480.505615234375
2018-11-16,489.8080749511719
2018-11-19,496.97601318359375
2018-11-20,490.5327453613281
2018-11-21,500.4392700195313
2018-11-22,483.28411865234375
2018-11-26,485.177001953125
2018-11-27,492.7477111816406
2018-11-28,491.8214721679688
2018-11-29,496.331787109375
2018-11-30,476.438232421875
2018-12-03,479.3377075195313
2018-12-04,475.2301330566406
2018-12-05,462.18255615234375
2018-12-06,475.7537536621094
2018-12-07,478.7740478515625
2018-12-10,463.1489562988281
2018-12-11,450.826171875
2018-12-12,456.5043640136719
2018-12-13,451.5914916992188
2018-12-14,463.5517578125
2018-12-17,462.6256103515625
2018-12-18,474.26361083984375
2018-12-19,480.7471618652344
2018-12-20,480.7068786621094
2018-12-21,475.9148254394531
2018-12-24,464.6793823242188
2018-12-26,463.3503723144531
2018-12-27,472.1294250488281
2018-12-28,495.5666809082031
2018-12-31,489.48577880859375
2019-01-01,489.5664367675781
2019-01-02,486.94866943359375
2019-01-03,471.2433166503906
2019-01-04,476.9617309570313
2019-01-07,479.4987487792969
2019-01-08,483.1230163574219
2019-01-09,474.3040161132813
2019-01-10,475.2301330566406
2019-01-11,474.3040161132813
2019-01-14,466.33050537109375
2019-01-15,466.7734375
2019-01-16,461.8604431152344
2019-01-17,455.0143432617188
2019-01-18,422.9995727539063
2019-01-21,412.44873046875
2019-01-22,418.2073669433594
2019-01-23,426.4225158691406
2019-01-24,424.44921875
2019-01-25,407.4148559570313
2019-01-28,428.7582702636719
2019-01-29,429.64404296875
2019-01-30,429.8052673339844
2019-01-31,426.9459533691406
2019-02-01,428.5971374511719
2019-02-04,422.1135559082031
2019-02-05,420.4221801757813
2019-02-06,437.7787780761719
2019-02-07,428.7582702636719
2019-02-08,419.6168212890625
2019-02-11,462.34368896484375
2019-02-12,451.6720581054688
2019-02-14,466.4109191894531
2019-02-15,442.467529296875
2019-02-18,441.2541809082031
2019-02-19,451.0823974609375
2019-02-20,458.84771728515625
2019-02-21,475.3088073730469
2019-02-22,473.9338073730469
2019-02-25,474.8638305664063
2019-02-26,489.5455017089844
2019-02-27,480.2431640625
2019-02-28,492.0126647949219
2019-03-01,498.2006530761719
2019-03-05,506.2088012695313
2019-03-06,502.9327087402344
2019-03-07,496.4210510253906
2019-03-08,481.8204345703125
2019-03-11,498.9690856933594
2019-03-12,499.5352478027344
2019-03-13,495.4908447265625
2019-03-14,497.189697265625
2019-03-15,499.494873046875
2019-03-18,501.8812561035156
2019-03-19,502.7709045410156
2019-03-20,500.7405090332031
2019-03-22,484.0910949707031
2019-03-25,470.9340515136719
2019-03-26,474.9542236328125
2019-03-27,478.56829833984375
2019-03-28,492.2127990722656
2019-04-01,511.2581176757813
2019-04-02,521.2476196289062
2019-04-03,512.0701904296875
2019-04-04,509.5525512695313
2019-04-05,518.608154296875
2019-04-08,509.18701171875
2019-04-09,495.907958984375
2019-04-10,484.3753967285156
2019-04-11,486.6899719238281
2019-04-12,489.28900146484375
2019-04-15,482.5481262207031
2019-04-16,484.7814636230469
2019-04-18,477.7562255859375
2019-04-22,488.2738037109375
2019-04-23,471.4214782714844
2019-04-24,477.55322265625
2019-04-25,467.6041870117188
2019-04-26,466.8325500488281
2019-04-30,466.385986328125
2019-05-02,453.3101501464844
2019-05-03,450.8330078125
2019-05-06,449.1680603027344
2019-05-07,447.5842895507813
2019-05-08,429.5542907714844
2019-05-09,439.1377868652344
2019-05-10,439.5032043457031
2019-05-13,435.0362854003906
2019-05-14,436.6607055664063
2019-05-15,426.7928771972656
2019-05-16,431.01611328125
2019-05-17,433.77740478515625
2019-05-20,457.5332336425781
2019-05-21,442.3458251953125
2019-05-22,450.1831970214844
2019-05-23,444.9447021484375
2019-05-24,430.8943176269531
2019-05-27,436.8230590820313
2019-05-28,436.2952270507813
2019-05-29,438.0412902832031
2019-05-30,442.914306640625
2019-05-31,446.0006408691406
2019-06-03,440.9244995117188
2019-06-04,436.0516052246094
2019-06-06,439.4220581054688
2019-06-07,438.6911926269531
2019-06-10,428.8232421875
2019-06-11,426.83343505859375
2019-06-12,425.006103515625
2019-06-13,430.00091552734375
2019-06-14,425.615234375
2019-06-17,420.6609497070313
2019-06-18,425.8995056152344
2019-06-19,422.1636047363281
2019-06-20,440.8432922363281
2019-06-21,424.518798828125
2019-06-24,421.2701721191406
2019-06-25,422.3665466308594
2019-06-26,424.9655151367188
2019-06-27,412.6611022949219
2019-06-28,410.0622863769531
2019-07-01,415.3006896972656
2019-07-02,413.473388671875
2019-07-03,417.0875244140625
2019-07-04,414.9353332519531
2019-07-05,391.6666564941406
2019-07-08,383.2201843261719
2019-07-09,380.98675537109375
2019-07-10,372.6620178222656
2019-07-11,379.28118896484375
2019-07-12,388.7428283691406
2019-07-15,385.0881652832031
2019-07-16,390.204833984375
2019-07-17,390.0830383300781
2019-07-18,378.2254028320313
2019-07-19,373.88031005859375
2019-07-22,384.7633056640625
2019-07-23,382.5298767089844
2019-07-24,382.8546752929688
2019-07-25,387.768310546875
2019-07-26,398.8136901855469
2019-07-29,380.4994812011719
2019-07-30,379.2406311035156
2019-07-31,383.7886962890625
2019-08-01,371.7687072753906
2019-08-02,370.5098876953125
2019-08-05,366.0835266113281
2019-08-06,358.1649169921875
2019-08-07,360.560791015625
2019-08-08,367.5860595703125
2019-08-09,365.1089477539063
2019-08-13,343.05865478515625
2019-08-14,357.19024658203125
2019-08-16,361.1292724609375
2019-08-19,359.9110107421875
2019-08-20,354.88787841796875
2019-08-21,345.2090759277344
2019-08-22,339.04254150390625
2019-08-23,354.56121826171875
2019-08-26,361.9122009277344
2019-08-27,368.4463195800781
2019-08-28,360.850341796875
2019-08-29,359.216796875
2019-08-30,358.1141662597656
2019-09-03,350.9673767089844
2019-09-04,350.7631225585937
2019-09-05,354.9696655273437
2019-09-06,355.8681030273437
2019-09-09,359.4209899902344
2019-09-11,363.0556640625
2019-09-12,363.0964050292969
2019-09-13,365.3834228515625
2019-09-16,362.48388671875
2019-09-17,356.7665100097656
2019-09-18,351.8658447265625
2019-09-19,341.247802734375
2019-09-20,373.7962341308594
2019-09-23,407.8148193359375
2019-09-24,386.3744812011719
2019-09-25,378.7377014160156
2019-09-26,384.2509765625
2019-09-27,394.4605712890625
2019-09-30,386.0887145996094
2019-10-01,390.33587646484375
2019-10-03,396.216552734375
2019-10-04,378.1251220703125
2019-10-07,375.5523071289063
2019-10-09,385.3126831054688
2019-10-10,382.3723449707031
2019-10-11,381.5147399902344
2019-10-14,392.2960205078125
2019-10-15,400.3004760742188
2019-10-16,394.6647338867188
2019-10-17,410.4693298339844
2019-10-18,422.23089599609375
2019-10-22,424.7220153808594
2019-10-23,422.7617492675781
2019-10-24,424.9670104980469
2019-10-25,434.1965942382813
2019-10-27,433.9107360839844
2019-10-29,431.4195251464844
2019-10-30,424.02777099609375
2019-10-31,430.7252502441406
2019-11-01,443.2220153808594
2019-11-04,426.35552978515625
2019-11-05,424.7220153808594
2019-11-06,428.3566589355469
2019-11-07,430.84771728515625
2019-11-08,416.7584838867188
2019-11-11,432.1954956054688
2019-11-13,383.9650268554688
2019-11-14,400.8721618652344
2019-11-15,399.5654296875
2019-11-18,406.2220458984375
2019-11-19,400.7088928222656
2019-11-20,406.87548828125
2019-11-21,393.8232727050781
2019-11-22,397.2301025390625
2019-11-25,403.9203186035156
2019-11-26,400.267333984375
2019-11-27,394.3158264160156
2019-11-28,399.6927185058594
2019-11-29,396.4912414550781
2019-12-02,386.3942260742188
2019-12-03,381.3868103027344
2019-12-04,384.2599182128906
2019-12-05,386.5994567871094
2019-12-06,381.0173950195313
2019-12-09,385.1629638671875
2019-12-10,379.7450256347656
2019-12-11,378.0211486816406
2019-12-12,381.0584411621094
2019-12-13,378.2263793945313
2019-12-16,372.4391479492188
2019-12-17,375.1069946289063
2019-12-18,364.55853271484375
2019-12-19,364.1891479492188
2019-12-20,369.52490234375
2019-12-23,368.0472717285156
2019-12-24,368.17041015625
2019-12-26,365.4615173339844
2019-12-27,368.0472717285156
2019-12-30,368.0883483886719
2019-12-31,362.6704406738281
2020-01-01,360.8234252929688
2020-01-02,356.431640625
2020-01-03,353.0659484863281
2020-01-06,348.1406555175781
2020-01-07,347.2376708984375
2020-01-08,349.2077941894531
2020-01-09,354.09210205078125
2020-01-10,380.4017333984375
2020-01-13,375.2711791992188
2020-01-14,380.6480102539063
2020-01-15,381.1405334472656
2020-01-16,396.0807495117188
2020-01-17,398.46136474609375
2020-01-20,391.1964721679688
2020-01-21,394.6852416992188
2020-01-22,400.2263488769531
2020-01-23,407.3680725097656
2020-01-24,408.5994262695313
2020-01-27,406.13671875
2020-01-28,404.9053955078125
2020-01-29,403.9613342285156
2020-01-30,398.9128723144531
2020-01-31,389.5546569824219
2020-02-03,378.3084411621094
2020-02-04,391.60687255859375
2020-02-05,395.0547180175781
2020-02-06,402.03228759765625
2020-02-07,397.8046875
2020-02-10,394.6032409667969
2020-02-11,413.8530578613281
2020-02-12,414.46881103515625
2020-02-13,409.6665344238281
2020-02-14,407.9837036132813
2020-02-17,388.7748107910156
2020-02-18,387.2561645507813
2020-02-19,406.4240417480469
2020-02-20,402.8941345214844
2020-02-24,390.1396179199219
2020-02-25,389.55609130859375
2020-02-26,385.1377868652344
2020-02-27,375.3843383789063
2020-02-28,346.3740539550781
2020-03-02,343.41455078125
2020-03-03,360.0037536621094
2020-03-04,356.2108154296875
2020-03-05,353.543212890625
2020-03-06,346.4156494140625
2020-03-09,334.869873046875
2020-03-11,342.7059936523437
2020-03-12,300.7326354980469
2020-03-13,315.2378234863281
2020-03-16,296.6895751953125
2020-03-17,303.3169250488281
2020-03-18,280.14190673828125
2020-03-19,273.6812438964844
2020-03-20,271.7222900390625
2020-03-23,236.2929229736328
2020-03-24,245.6295623779297
2020-03-25,254.6744842529297
2020-03-26,263.6272277832031
2020-03-27,249.37237548828125
2020-03-30,235.33482360839844
2020-03-31,248.5466766357422
2020-04-01,236.8124847412109
2020-04-03,231.7277374267578
2020-04-07,258.9769592285156
2020-04-08,280.7937927246094
2020-04-09,294.04901123046875
2020-04-13,301.5241394042969
2020-04-15,303.4798278808594
2020-04-16,314.6489562988281
2020-04-17,319.6903686523437
2020-04-20,325.51397705078125
2020-04-21,311.7372131347656
2020-04-22,326.3831481933594
2020-04-23,324.557861328125
2020-04-24,327.6000671386719
2020-04-27,328.6864929199219
2020-04-28,328.5561828613281
2020-04-29,341.8548278808594
2020-04-30,333.8582763671875
2020-05-04,331.381103515625
2020-05-05,328.1650085449219
2020-05-06,327.6435546875
2020-05-07,332.2502136230469
2020-05-08,329.2080383300781
2020-05-11,341.1595153808594
2020-05-12,354.8927917480469
2020-05-13,340.203369140625
2020-05-14,335.1185913085937
2020-05-15,335.81396484375
2020-05-18,311.21563720703125
2020-05-19,321.5591735839844
2020-05-20,329.81646728515625
2020-05-21,335.5966491699219
2020-05-22,342.4198608398437
2020-05-26,341.63751220703125
2020-05-27,342.2460021972656
2020-05-28,338.8996276855469
2020-05-29,334.5970458984375
2020-06-01,353.4586181640625
2020-06-02,360.5426635742188
2020-06-03,349.89483642578125
2020-06-04,352.4156188964844
2020-06-05,349.5472717285156
2020-06-08,340.59454345703125
2020-06-09,338.37811279296875
2020-06-10,335.509765625
2020-06-11,333.9017639160156
2020-06-12,330.9899597167969
2020-06-15,324.601318359375
2020-06-16,325.7312927246094
2020-06-17,335.1185913085937
2020-06-18,343.6366271972656
2020-06-19,346.15740966796875
2020-06-22,350.89453125
2020-06-23,352.50250244140625
2020-06-24,345.0274658203125
2020-06-25,359.58642578125
2020-06-26,366.10552978515625
2020-06-29,345.4185485839844
2020-06-30,350.5902404785156
2020-07-01,349.4603271484375
2020-07-02,348.63458251953125
2020-07-03,347.46112060546875
2020-07-06,346.8092346191406
2020-07-07,338.6387939453125
2020-07-08,339.42108154296875
2020-07-09,348.4172668457031
2020-07-10,338.3346252441406
2020-07-13,339.2037658691406
2020-07-14,339.8557434082031
2020-07-15,329.5557556152344
2020-07-16,330.5552978515625
2020-07-17,332.5109558105469
2020-07-20,332.641357421875
2020-07-21,331.7721862792969
2020-07-22,330.25103759765625
2020-07-23,328.12158203125
2020-07-24,326.5135192871094
2020-07-27,329.6426696777344
2020-07-28,337.72613525390625
2020-07-29,336.5092468261719
2020-07-30,335.90087890625
2020-07-31,336.2919311523437
2020-08-03,335.0316772460937
2020-08-04,338.50848388671875
2020-08-05,343.76708984375
2020-08-06,344.5058898925781
2020-08-07,342.767578125
2020-08-10,345.9835205078125
2020-08-11,345.0708923339844
2020-08-12,349.3299255371094
2020-08-13,352.58941650390625
2020-08-14,347.8088073730469
2020-08-17,370.494873046875
2020-08-18,377.4484558105469
2020-08-19,380.5774841308594
2020-08-20,409.4348449707031
2020-08-21,412.4771423339844
2020-08-24,408.0876159667969
2020-08-25,416.953369140625
2020-08-26,421.6470336914063
2020-08-27,418.6917724609375
2020-08-28,414.3023986816406
2020-08-31,393.3982543945313
2020-09-01,405.3061828613281
2020-09-02,416.5188293457031
2020-09-03,414.6499938964844
2020-09-04,414.1719665527344
2020-09-07,418.3875732421875
2020-09-08,412.2596740722656
2020-09-09,403.69818115234375
2020-09-10,417.6921691894531
2020-09-11,423.2116088867188
2020-09-14,434.0330810546875
2020-09-15,430.9909362792969
2020-09-16,416.3883972167969
2020-09-17,412.04241943359375
2020-09-18,421.1255187988281
2020-09-21,412.5205078125
2020-09-22,417.1271667480469
2020-09-23,400.438720703125
2020-09-24,384.7931213378906
2020-09-25,398.0919189453125
2020-09-28,406.4795837402344
2020-09-29,409.3044128417969
2020-09-30,404.7412109375
2020-10-01,405.26263427734375
2020-10-05,400.2213745117188
2020-10-06,405.95806884765625
2020-10-07,402.8289794921875
2020-10-08,405.5669860839844
2020-10-09,399.8736877441406
2020-10-12,390.7905883789063
2020-10-13,384.7062683105469
2020-10-14,381.9682312011719
2020-10-15,375.1015319824219
2020-10-16,377.9264526367188
2020-10-19,371.1467590332031
2020-10-20,372.6678466796875
2020-10-21,371.0598754882813
2020-10-22,373.9716491699219
2020-10-23,372.3636169433594
2020-10-26,363.3674926757813
2020-10-27,371.3640747070313
2020-10-28,367.2788696289063
2020-10-29,365.2362976074219
2020-10-30,366.80072021484375
2020-11-02,367.93072509765625
2020-11-03,362.5851745605469
2020-11-04,363.2805480957031
2020-11-05,381.8813781738281
2020-11-06,378.491455078125
2020-11-09,383.4024353027344
2020-11-10,382.4463195800781
2020-11-11,384.6627197265625
2020-11-12,384.2281799316406
2020-11-13,369.2345275878906
2020-11-14,370.7991027832031
2020-11-17,361.8028869628906
2020-11-18,362.8459777832031
2020-11-19,366.5400085449219
2020-11-20,372.7547607421875
2020-11-23,373.1458740234375
2020-11-24,370.494873046875
2020-11-25,361.6725158691406
2020-11-26,365.3666076660156
2020-11-27,382.4028015136719
2020-12-01,386.8357543945313
2020-12-02,375.3623962402344
2020-12-03,385.2712097167969
2020-12-04,385.7492370605469
2020-12-07,403.1331176757813
2020-12-08,398.3091735839844
2020-12-09,412.7812805175781
2020-12-10,412.3466796875
2020-12-11,408.3918151855469
2020-12-14,428.8179016113281
2020-12-15,437.0752868652344
2020-12-16,439.943603515625
2020-12-17,433.4246520996094
2020-12-18,420.6040649414063
2020-12-21,396.57073974609375
2020-12-22,414.3458251953125
2020-12-23,424.254638671875
2020-12-24,421.0821228027344
2020-12-28,426.47113037109375
2020-12-29,422.1250915527344
2020-12-30,417.6487426757813
2020-12-31,417.8661193847656
2021-01-01,415.8234558105469
2021-01-04,430.7735595703125
2021-01-05,427.60107421875
2021-01-06,423.2985534667969
2021-01-07,450.2870788574219
2021-01-08,458.8486633300781
2021-01-11,453.4597473144531
2021-01-12,458.6313171386719
2021-01-13,464.97650146484375
2021-01-14,462.6730651855469
2021-01-15,450.4174499511719
2021-01-18,436.37994384765625
2021-01-19,449.54827880859375
2021-01-20,456.58880615234375
2021-01-21,437.8141784667969
2021-01-22,441.4212951660156
2021-01-25,427.25335693359375
2021-01-27,423.8635559082031
2021-01-28,428.4702758789063
2021-01-29,415.2584838867188
2021-02-01,437.1622619628906
2021-02-02,452.50341796875
2021-02-03,448.4183349609375
2021-02-04,476.797607421875
2021-02-05,480.9261474609375
2021-02-08,479.31829833984375
2021-02-09,459.1094055175781
2021-02-10,457.1971740722656
2021-02-11,449.2005004882813
2021-02-12,444.8981323242188
2021-02-15,451.0693359375
2021-02-16,448.76605224609375
2021-02-17,461.009765625
2021-02-18,452.3645629882813
2021-02-19,442.4465942382813
2021-02-22,434.4155883789063
2021-02-23,437.3120727539063
2021-02-24,436.9610290527344
2021-02-25,448.94146728515625
2021-02-26,432.8796997070313
2021-03-01,443.1487426757813
2021-03-02,450.5212707519531
2021-03-03,444.4653015136719
2021-03-04,448.7659912109375
2021-03-05,444.2019653320313
2021-03-08,440.6033935546875
2021-03-09,430.99267578125
2021-03-10,429.1933898925781
2021-03-12,426.7796630859375
2021-03-15,423.3127746582031
2021-03-16,418.8803405761719
2021-03-17,400.8437805175781
2021-03-18,407.6897277832031
2021-03-19,419.9337158203125
2021-03-22,425.0242614746094
2021-03-23,422.3034057617188
2021-03-24,411.85888671875
2021-03-25,396.36761474609375
2021-03-26,398.5617980957031
2021-03-30,407.1631774902344
2021-03-31,412.7804565429688
2021-04-01,419.8458862304688
2021-04-05,411.7711486816406
2021-04-06,419.3193664550781
2021-04-07,418.6170959472656
2021-04-08,421.8206481933594
2021-04-09,433.0991821289063
2021-04-12,398.38623046875
2021-04-13,408.2164306640625
2021-04-15,407.5142822265625
2021-04-16,417.8272399902344
2021-04-19,402.2041931152344
2021-04-20,409.5768432617188
2021-04-22,400.010009765625
2021-04-23,399.5271911621094
2021-04-26,409.5329895019531
2021-04-27,428.8861999511719
2021-04-28,442.0954895019531
2021-04-29,455.9191284179688
2021-04-30,476.8960571289063
2021-05-03,443.3681640625
2021-05-04,430.114990234375
2021-05-05,439.4184875488281
2021-05-06,430.3782348632813
2021-05-07,434.3717041015625
2021-05-10,443.4559326171875
2021-05-11,455.173095703125
2021-05-12,462.1947021484375
2021-05-14,457.7184753417969
2021-05-17,460.527099609375
2021-05-18,459.3421630859375
2021-05-19,467.5486450195313
2021-05-20,459.9127807617188
2021-05-21,460.527099609375
2021-05-24,456.1824951171875
2021-05-25,454.6465759277344
2021-05-26,473.2536926269531
2021-05-27,475.6673583984375
2021-05-28,479.2219848632813
2021-05-31,475.404052734375
2021-06-01,461.3609313964844
2021-06-02,460.0882873535156
2021-06-03,461.6681213378906
2021-06-04,457.9378967285156
2021-06-07,459.4738464355469
2021-06-08,463.9500122070313
2021-06-09,455.173095703125
2021-06-10,466.4516296386719
2021-06-11,466.10052490234375
2021-06-14,451.7501220703125
2021-06-15,457.6307067871094
2021-06-16,464.8717651367188
2021-06-17,467.1975708007813
2021-06-18,482.3377990722656
2021-06-21,483.6544494628906
2021-06-22,483.1278076171875
2021-06-23,472.5954284667969
2021-06-24,469.6112365722656
2021-06-25,476.501220703125
2021-06-28,472.507568359375
2021-06-29,470.7961730957031
2021-06-30,464.95941162109375
2021-07-01,460.922119140625
2021-07-02,463.774658203125
2021-07-05,461.6242980957031
2021-07-06,462.8090515136719
2021-07-07,459.4299621582031
2021-07-08,458.2012023925781
2021-07-09,458.069580078125
2021-07-12,459.8687744140625
2021-07-13,457.4990234375
2021-07-14,463.686767578125
2021-07-15,466.4076843261719
2021-07-16,468.51409912109375
2021-07-19,472.9464416503906
2021-07-20,465.0911254882813
2021-07-22,469.1284790039063
2021-07-23,467.1536865234375
2021-07-26,480.4508361816406
2021-07-27,472.5954284667969
2021-07-28,471.8932495117188
2021-07-29,478.47601318359375
2021-07-30,508.7126159667969
2021-08-02,502.8760070800781
2021-08-03,499.0579528808594
2021-08-04,491.37799072265625
2021-08-05,483.1278076171875
2021-08-06,475.8428955078125
2021-08-09,474.0875854492188
2021-08-10,459.4738464355469
2021-08-11,461.0537414550781
2021-08-12,462.85296630859375
2021-08-13,461.09759521484375
2021-08-16,450.8286743164063
2021-08-17,447.0105895996094
2021-08-18,442.22705078125
2021-08-20,423.83935546875
2021-08-23,419.7703247070313
2021-08-24,439.894287109375
2021-08-25,428.0852355957031
2021-08-26,420.6549072265625
2021-08-27,426.9353637695313
2021-08-30,429.1025390625
2021-08-31,426.846923828125
2021-09-01,430.4736022949219
2021-09-02,431.0928955078125
2021-09-03,433.9677429199219
2021-09-06,434.27728271484375
2021-09-07,428.6160888671875
2021-09-08,427.0680541992188
2021-09-09,434.7195739746094
2021-09-13,432.2427673339844
2021-09-14,453.0301208496094
2021-09-15,449.6244812011719
2021-09-16,444.6266784667969
2021-09-17,436.2233276367188
2021-09-20,431.7562255859375
2021-09-21,428.35064697265625
2021-09-22,447.988037109375
2021-09-23,467.5811462402344
2021-09-24,451.9685668945313
2021-09-27,446.0861206054688
2021-09-28,441.044189453125
2021-09-29,442.90179443359375
2021-09-30,447.0149841308594
2021-10-01,460.8142395019531
2021-10-04,469.0848388671875
2021-10-05,472.7116394042969
2021-10-06,475.6749267578125
2021-10-07,480.3631286621094
2021-10-08,476.6036682128906
2021-10-11,473.6846008300781
2021-10-12,473.9941711425781
2021-10-13,479.8323059082031
2021-10-14,490.44720458984375
2021-10-18,486.6435546875
2021-10-19,485.2282104492188
2021-10-20,480.40728759765625
2021-10-21,486.4223937988281
2021-10-22,486.953125
2021-10-25,495.2681274414063
2021-10-26,502.6099243164063
2021-10-27,499.64654541015625
2021-10-28,482.0880126953125
2021-10-29,496.2410888671875
2021-11-01,522.0704956054688
2021-11-02,519.7706909179688
2021-11-03,525.077880859375
2021-11-04,537.4176635742188
2021-11-08,510.1286926269531
2021-11-09,514.020751953125
2021-11-10,506.5019836425781
2021-11-11,501.81390380859375
2021-11-12,499.636962890625
2021-11-15,494.30609130859375
2021-11-16,486.2654113769531
2021-11-17,492.3515930175781
2021-11-18,478.66888427734375
2021-11-22,480.2237243652344
2021-11-23,476.0478820800781
2021-11-24,476.6697692871094
2021-11-25,477.3806457519531
2021-11-26,464.9418640136719
2021-11-29,464.0533142089844
2021-11-30,462.8539733886719
2021-12-01,465.608154296875
2021-12-02,474.1377258300781
2021-12-03,469.1177368164063
2021-12-06,468.6290893554688
2021-12-07,471.9609069824219
2021-12-08,483.91107177734375
2021-12-09,481.6898193359375
2021-12-10,489.1085205078125
2021-12-13,480.66796875
2021-12-14,485.5546875
2021-12-15,476.7142333984375
2021-12-16,465.0752258300781
2021-12-17,458.6781005859375
2021-12-20,435.0445556640625
2021-12-21,439.9755554199219
2021-12-22,446.4170837402344
2021-12-23,445.572998046875
2021-12-24,436.9103088378906
2021-12-27,434.5558471679688
2021-12-28,437.0435180664063
2021-12-29,435.4443664550781
2021-12-30,433.4452819824219
2021-12-31,444.3291015625
2022-01-03,448.1495666503906
2022-01-04,447.2166442871094
2022-01-05,450.1931762695313
2022-01-06,455.0353088378906
2022-01-07,449.9710388183594
2022-01-10,456.8123168945313
2022-01-11,459.8330993652344
2022-01-12,456.0570068359375
2022-01-13,462.1432189941406
2022-01-14,459.5665588378906
2022-01-17,458.8558044433594
2022-01-18,450.7705993652344
2022-01-19,453.4360046386719
2022-01-20,451.7479248046875
2022-01-21,439.8422546386719
2022-01-24,423.1388244628906
2022-01-25,423.0499267578125
2022-01-27,422.02825927734375
2022-01-28,437.97650146484375
2022-01-31,442.2855529785156
2022-02-01,448.2384948730469
2022-02-02,458.6336975097656
2022-02-03,457.1231994628906
2022-02-04,449.08245849609375
2022-02-07,448.5494079589844
2022-02-08,447.438720703125
2022-02-09,459.5665588378906
2022-02-10,463.4314880371094
2022-02-11,460.0996398925781
2022-02-14,459.0779724121094
2022-02-15,453.658203125
2022-02-16,446.4170837402344
2022-02-17,440.8362426757813
2022-02-18,433.46966552734375
2022-02-21,422.08489990234375
2022-02-22,413.1109924316406
2022-02-23,414.2718200683594
2022-02-24,381.4569091796875
2022-02-25,397.2616271972656
2022-02-28,399.6278991699219
2022-03-02,405.0301513671875
2022-03-03,401.547607421875
2022-03-04,390.43072509765625
2022-03-07,391.1897583007813
2022-03-08,397.3955078125
2022-03-09,413.2449340820313
2022-03-10,406.8605041503906
2022-03-11,406.2801513671875
2022-03-14,414.048583984375
2022-03-15,401.9494934082031
2022-03-16,408.95892333984375
2022-03-17,423.7193603515625
2022-03-21,420.5596008300781
2022-03-22,415.1429748535156
2022-03-23,413.9692687988281
2022-03-24,420.695068359375
2022-03-25,422.2297973632813
2022-03-28,419.3860168457031
2022-03-29,430.6256103515625
2022-03-30,440.9172668457031
2022-03-31,442.226318359375
2022-04-01,449.945068359375
2022-04-04,449.7193298339844
2022-04-05,449.80963134765625
2022-04-06,450.1257019042969
2022-04-07,449.132568359375
2022-04-08,462.8548278808594
2022-04-11,478.2020263671875
2022-04-12,468.0006713867188
2022-04-13,459.9208068847656
2022-04-18,456.4902038574219
2022-04-19,450.351318359375
2022-04-20,449.0874328613281
2022-04-21,454.5943603515625
2022-04-22,449.4485473632813
2022-04-25,442.27142333984375
2022-04-26,452.6082763671875
2022-04-27,448.2298278808594
2022-04-28,443.5353393554688
2022-04-29,435.5457153320313
2022-05-02,434.5978088378906
2022-05-04,415.729736328125
2022-05-05,417.9415893554688
2022-05-06,408.9588928222656
2022-05-09,403.3616638183594
2022-05-10,394.1082153320313
2022-05-11,389.233154296875
2022-05-12,373.4345397949219
2022-05-13,370.0942687988281
2022-05-16,371.1776123046875
2022-05-17,382.326904296875
2022-05-18,381.1081237792969
2022-05-19,365.0838012695313
2022-05-20,395.7332153320313
2022-05-23,385.9380493164063
2022-05-24,378.80609130859375
2022-05-25,374.6983947753906
2022-05-26,379.1220703125
2022-05-27,383.4102478027344
2022-05-30,391.3095703125
2022-05-31,402.1881103515625
2022-06-01,399.7054138183594
2022-06-02,399.1637573242188
2022-06-03,389.4137573242188
2022-06-06,382.5526123046875
2022-06-07,379.7991027832031
2022-06-08,387.33740234375
2022-06-09,396.9971008300781
2022-06-10,393.1603088378906
2022-06-13,378.670654296875
2022-06-14,378.9414978027344
2022-06-15,371.4483947753906
2022-06-16,369.59771728515625
2022-06-17,390.9484252929688
2022-06-20,386.6602478027344
2022-06-21,404.0838928222656
2022-06-22,368.8755187988281
2022-06-23,372.7574462890625
2022-06-24,374.608154296875
2022-06-27,374.5630493164063
2022-06-28,377.58734130859375
2022-06-29,379.8442993164063
2022-06-30,372.4414978027344
2022-07-01,381.64984130859375
2022-07-04,381.1985168457031
2022-07-05,375.6463623046875
2022-07-06,386.2991333007813
2022-07-07,387.6532897949219
2022-07-08,387.7887268066406
2022-07-11,394.5595703125
2022-07-12,389.2783508300781
2022-07-13,383.5005798339844
2022-07-14,377.1810302734375
2022-07-15,377.58734130859375
2022-07-18,382.823486328125
2022-07-19,382.1915283203125
2022-07-20,383.5457153320313
2022-07-21,394.6950073242188
2022-07-22,398.4414978027344
2022-07-25,399.6602783203125
2022-07-26,420.5144958496094
2022-07-27,427.0144348144531
2022-07-28,427.9172973632813
2022-07-29,426.2922973632813
2022-08-01,426.6985168457031
2022-08-02,424.9381103515625
2022-08-03,420.6498718261719
2022-08-04,424.5318603515625
2022-08-05,425.7506103515625
2022-08-08,423.89984130859375
2022-08-10,419.5665893554688
2022-08-11,428.4588928222656
2022-08-12,430.80615234375
2022-08-16,439.02142333984375
2022-08-17,434.6429748535156
2022-08-18,432.9277038574219
2022-08-19,438.7054748535156
2022-08-22,451.3894958496094
2022-08-23,443.045654296875
2022-08-24,466.3902893066406
2022-08-25,464.3840942382813
2022-08-26,462.37786865234375
2022-08-29,460.00689697265625
2022-08-30,457.7728271484375
2022-09-01,457.3624572753906
2022-09-02,472.9559326171875
2022-09-05,465.61517333984375
2022-09-06,467.5757141113281
2022-09-07,469.6275024414063
2022-09-08,465.4327392578125
2022-09-09,465.52392578125
2022-09-12,474.3694152832031
2022-09-13,486.3151550292969
2022-09-14,480.5246887207031
2022-09-15,474.5060424804688
2022-09-16,462.5602722167969
2022-09-19,467.3932800292969
2022-09-20,476.28424072265625
2022-09-21,463.9281005859375
2022-09-22,475.6004028320313
2022-09-23,462.8338317871094
2022-09-26,446.4197082519531
2022-09-27,453.9884338378906
2022-09-28,451.5262756347656
2022-09-29,456.5417175292969
2022-09-30,464.0193176269531
2022-10-03,460.00689697265625
2022-10-04,474.77972412109375
2022-10-06,480.3878173828125
2022-10-07,492.88079833984375
2022-10-10,487.5462951660156
2022-10-11,484.126708984375
2022-10-12,491.33056640625
2022-10-13,490.0083618164063
2022-10-14,488.7317199707031
2022-10-17,483.5339050292969
2022-10-18,487.6375122070313
2022-10-19,482.8955078125
2022-10-20,492.8352661132813
2022-10-21,480.11431884765625
2022-10-24,479.8863525390625
2022-10-25,479.0655822753906
2022-10-27,481.6645202636719
2022-10-28,472.3175964355469
2022-10-31,476.7857666015625
2022-11-01,476.5578002929688
2022-11-02,496.1637573242188
2022-11-03,496.7108154296875
2022-11-04,504.0972290039063
2022-11-07,503.5956115722656
2022-11-09,505.1003112792969
2022-11-10,511.1644287109375
2022-11-11,502.5469055175781
2022-11-14,458.0919494628906
2022-11-15,453.3045043945313
2022-11-16,440.67474365234375
2022-11-17,440.1731567382813
2022-11-18,440.3569641113281
2022-11-21,443.4816589355469
2022-11-22,447.38763427734375
2022-11-23,453.2235107421875
2022-11-24,443.1141052246094
2022-11-25,446.6983642578125
2022-11-28,448.6742858886719
2022-11-29,449.777099609375
2022-11-30,451.9827270507813
2022-12-01,454.6020812988281
2022-12-02,451.8448791503906
2022-12-05,456.21038818359375
2022-12-06,456.3482055664063
2022-12-07,453.2235107421875
2022-12-08,456.7618408203125
2022-12-09,456.1644287109375
2022-12-12,458.1402893066406
2022-12-13,463.7005310058594
2022-12-14,465.90625
2022-12-15,463.3788757324219
2022-12-16,459.1513366699219
2022-12-19,466.0900268554688
2022-12-20,470.8230895996094
2022-12-21,464.3439025878906
2022-12-22,464.20599365234375
2022-12-23,444.49267578125
2022-12-26,454.0506896972656
2022-12-27,448.9959716796875
2022-12-28,445.5955505371094
2022-12-29,445.8712463378906
2022-12-30,447.2497253417969
2023-01-02,448.9040832519531
2023-01-03,447.4336242675781
2023-01-04,439.713623046875
2023-01-05,442.8843078613281
2023-01-06,441.0921630859375
2023-01-09,440.67864990234375
2023-01-10,435.30218505859375
2023-01-11,430.2015686035156
2023-01-12,434.0156555175781
2023-01-13,442.0112609863281
2023-01-16,443.3898620605469
2023-01-17,444.1709899902344
2023-01-18,446.3766784667969
2023-01-19,447.709228515625
2023-01-20,445.36572265625
2023-01-23,450.1447143554688
2023-01-24,435.1643676757813
2023-01-25,428.54730224609375
2023-01-27,415.7727661132813
2023-01-30,413.7048034667969
2023-01-31,424.5954895019531
2023-02-01,418.1162414550781
2023-02-02,419.0353393554688
2023-02-03,410.2584228515625
2023-02-06,422.9871520996094
2023-02-07,420.59765625
2023-02-08,422.16009521484375
2023-02-09,421.83837890625
2023-02-10,423.99810791015625
2023-02-13,415.3346252441406
2023-02-14,416.4002685546875
2023-02-15,419.5506591796875
2023-02-16,423.3494873046875
2023-02-17,420.98681640625
2023-02-20,417.3267822265625
2023-02-21,410.88714599609375
2023-02-22,406.0689697265625
2023-02-23,405.9300537109375
2023-02-24,401.2971801757813
2023-02-27,395.7377624511719
2023-02-28,397.2203369140625
2023-03-01,407.0419006347656
2023-03-02,409.5436096191406
2023-03-03,407.2272033691406
2023-03-06,407.36614990234375
2023-03-08,411.396728515625
2023-03-09,409.4510192871094
2023-03-10,404.8181457519531
2023-03-13,397.8225402832031
2023-03-14,398.9807434082031
2023-03-15,391.7998962402344
2023-03-16,403.1039733886719
2023-03-17,399.9535827636719
2023-03-20,402.6407470703125
2023-03-21,400.3108825683594
2023-03-22,402.454345703125
2023-03-23,398.1674499511719
2023-03-24,390.15283203125
2023-03-27,381.6722412109375
2023-03-28,370.8619079589844
2023-03-29,378.5036926269531
2023-03-31,387.54345703125
2023-04-03,390.3857727050781
2023-04-05,392.5758361816406
2023-04-06,393.8340148925781
2023-04-10,396.21038818359375
2023-04-11,400.1710815429688
2023-04-12,404.4580078125
2023-04-13,399.8448791503906
2023-04-17,393.787353515625
2023-04-18,395.23187255859375
2023-04-19,391.5041198730469
2023-04-20,388.5220031738281
2023-04-21,389.9664611816406
2023-04-24,391.7371520996094
2023-04-25,391.36431884765625
2023-04-26,391.6438598632813
2023-04-27,398.8663940429688
2023-04-28,402.4077453613281
2023-05-02,405.2967224121094
2023-05-03,404.36474609375
2023-05-04,407.8594970703125
2023-05-05,400.6370544433594
2023-05-08,405.3898620605469
2023-05-09,403.8522338867188
2023-05-10,405.1569213867188
2023-05-11,406.3218383789063
2023-05-12,405.3898620605469
2023-05-15,418.2505493164063
2023-05-16,415.22174072265625
2023-05-17,410.6553039550781
2023-05-18,397.4219055175781
2023-05-19,396.9093322753906
2023-05-22,410.4689636230469
2023-05-23,416.3400573730469
2023-05-24,409.1176452636719
2023-05-25,410.701904296875
2023-05-26,415.1752014160156
2023-05-29,416.7594604492188
2023-05-30,417.365234375
2023-05-31,413.9636535644531
2023-06-01,422.25787353515625
2023-06-02,424.96044921875
2023-06-05,428.5484008789063
2023-06-06,432.0896911621094
2023-06-07,428.73480224609375
2023-06-08,418.4369201660156
2023-06-09,413.35791015625
2023-06-12,414.3829956054688
2023-06-13,417.365234375
2023-06-14,416.6663208007813
2023-06-15,412.4259338378906
2023-06-16,414.5694274902344
2023-06-19,412.8919677734375
2023-06-20,413.0782775878906
2023-06-21,412.47259521484375
2023-06-22,409.8166198730469
2023-06-23,398.6333618164063
2023-06-26,399.3789978027344
2023-06-27,408.0924377441406
2023-06-28,405.4830932617188
2023-06-30,409.3505859375
2023-07-03,410.0961608886719
2023-07-04,415.2683715820313
2023-07-05,413.2647399902344
2023-07-06,432.1828918457031
2023-07-07,430.8316345214844
2023-07-10,429.2473449707031
2023-07-11,443.8320007324219
2023-07-12,455.6209411621094
2023-07-13,448.864501953125
2023-07-14,460.8863830566406
2023-07-17,467.9224853515625
2023-07-18,473.32763671875
2023-07-19,482.74017333984375
2023-07-20,478.73284912109375
2023-07-21,490.8946533203125
2023-07-24,504.4540710449219
2023-07-25,501.7516174316406
2023-07-26,503.9881286621094
2023-07-27,493.8767395019531
2023-07-28,506.0850524902344
2023-07-31,504.7337646484375
2023-08-01,497.2783203125
2023-08-02,488.4715576171875
2023-08-03,488.0987854003906
2023-08-04,496.9055480957031
2023-08-07,498.3034057617188
2023-08-08,506.2248229980469
2023-08-09,497.8839416503906
2023-08-10,512.608642578125
2023-08-11,507.9489135742188
2023-08-14,513.0278930664062
2023-08-16,511.7698059082031
2023-08-17,514.9383544921875
2023-08-18,511.9095153808594
2023-08-21,515.870361328125
2023-08-22,510.874755859375
2023-08-23,535.6170654296875
2023-08-24,549.095947265625
2023-08-25,569.5498046875
2023-08-28,567.8062133789062
2023-08-29,569.5028076171875
2023-08-30,578.221435546875
2023-08-31,581.567626953125
2023-09-01,585.1493530273438
2023-09-04,575.111083984375
2023-09-05,579.9181518554688
2023-09-06,580.0123291015625
2023-09-07,581.8975219726562
2023-09-08,584.3482666015625
2023-09-11,579.8709716796875
2023-09-12,565.0726318359375
2023-09-13,568.0888671875
2023-09-14,570.6809692382812
2023-09-15,561.962158203125
2023-09-18,559.511474609375
2023-09-20,559.605712890625
2023-09-21,553.5260620117188
2023-09-22,559.9356689453125
2023-09-25,565.2140502929688
2023-09-26,557.7677001953125
2023-09-27,555.788330078125
2023-09-28,546.50390625
2023-09-29,576.9962158203125
2023-10-03,586.4219970703125
2023-10-04,576.0536499023438
2023-10-05,597.7327270507812
2023-10-06,593.8682250976562
2023-10-09,576.3363037109375
2023-10-10,580.3895263671875
2023-10-11,586.7518310546875
2023-10-12,603.38818359375
2023-10-13,597.1200561523438
2023-10-16,607.5355224609375
2023-10-17,605.5562744140625
2023-10-18,623.794921875
2023-10-19,622.61669921875
2023-10-20,612.8140869140625
2023-10-23,595.3292236328125
2023-10-25,598.1098022460938
2023-10-26,587.6943969726562
2023-10-27,597.0259399414062
2023-10-30,594.7637329101562
2023-10-31,597.5443115234375
2023-11-01,605.3675537109375
2023-11-02,603.152587890625
2023-11-03,615.2645874023438
2023-11-06,614.039306640625
2023-11-07,614.8404541015625
2023-11-08,619.8833618164062
2023-11-09,618.2338256835938
2023-11-10,609.7506103515625
2023-11-13,633.6448364257812
2023-11-15,627.7066650390625
2023-11-16,631.2884521484375
2023-11-17,635.7184448242188
2023-11-20,641.0911865234375
2023-11-21,629.1268310546875
2023-11-22,629.6489868164062
2023-11-23,629.9813842773438
2023-11-24,636.1060180664062
2023-11-28,640.6639404296875
2023-11-29,636.7706909179688
2023-11-30,640.3790283203125
2023-12-01,639.7618408203125
2023-12-04,642.5155029296875
2023-12-05,631.2632446289062
2023-12-06,632.26025390625
2023-12-07,645.2216796875
2023-12-08,637.72021484375
2023-12-11,639.192138671875
2023-12-12,639.4769287109375
2023-12-13,649.5896606445312
2023-12-14,654.1475219726562
2023-12-15,660.6044311523438
2023-12-18,657.18603515625
2023-12-19,657.6608276367188
2023-12-20,643.7498779296875
2023-12-21,658.8478393554688
2023-12-22,688.94873046875
2023-12-26,674.9427490234375
2023-12-27,669.4353637695312
2023-12-28,679.4531860351562
2023-12-29,676.272216796875
2024-01-01,674.468017578125
2024-01-02,671.33447265625
2024-01-03,682.6342163085938
2024-01-04,692.9368286132812
2024-01-05,684.9130249023438
2024-01-08,683.5838012695312
2024-01-09,685.4827880859375
2024-01-10,681.969482421875
2024-01-11,674.8477783203125
2024-01-12,673.5183715820312
2024-01-15,652.7706298828125
2024-01-16,639.8092041015625
2024-01-17,632.1178588867188
2024-01-18,637.2930297851562
2024-01-19,635.6312255859375
2024-01-23,588.4859008789062
2024-01-24,611.465087890625
2024-01-25,616.9724731445312
2024-01-29,629.2218017578125
2024-01-30,622.4324340820312
2024-01-31,625.3759765625
2024-02-01,621.7203979492188
2024-02-02,617.7320556640625
2024-02-05,612.462158203125
2024-02-06,608.806396484375
2024-02-07,608.2840576171875
2024-02-08,607.002197265625
2024-02-09,591.3345947265625
2024-02-12,575.9993286132812
2024-02-13,582.4561767578125
2024-02-14,594.7529907226562
2024-02-15,589.9102172851562
2024-02-16,593.09130859375
2024-02-19,588.8181762695312
2024-02-20,589.9576416015625
2024-02-21,579.7025146484375
2024-02-22,593.1387329101562
2024-02-23,604.8175048828125
2024-02-26,603.4827880859375
2024-02-27,590.9459228515625
2024-02-28,578.9811401367188
2024-02-29,587.084716796875
2024-03-01,585.2733764648438
2024-03-04,609.2506103515625
2024-03-05,613.7791137695312
2024-03-06,587.18017578125
2024-03-07,593.4247436523438
2024-03-11,586.8941650390625
2024-03-12,580.0775756835938
2024-03-13,558.4360961914062
2024-03-14,566.0154418945312
2024-03-15,562.6785888671875
2024-03-18,563.5842895507812
2024-03-19,547.853759765625
2024-03-20,548.7117309570312
2024-03-21,565.7770385742188
2024-03-22,559.0079956054688
2024-03-26,558.1024169921875
2024-03-27,568.3988037109375
2024-03-28,572.2598266601562
2024-04-01,582.6993408203125
2024-04-02,587.1323852539062
2024-04-03,591.947021484375
2024-04-04,589.5635375976562
2024-04-05,593.9014282226562
2024-04-08,583.2677001953125
2024-04-09,570.7183227539062
2024-04-10,604.19970703125
2024-04-12,593.0392456054688
2024-04-15,582.0702514648438
2024-04-16,580.298095703125
2024-04-18,582.2619018554688
2024-04-19,572.1550903320312
2024-04-22,584.2256469726562
2024-04-23,590.9796142578125
2024-04-24,593.661865234375
2024-04-25,608.2711181640625
2024-04-26,636.5316772460938
2024-04-29,628.3408203125
2024-04-30,627.8619384765625
2024-05-02,630.1610107421875
2024-05-03,628.3887329101562
2024-05-06,625.7064819335938
2024-05-07,606.9779052734375
2024-05-08,622.257568359375
2024-05-09,629.2030029296875
2024-05-10,641.3694458007812
2024-05-13,641.8964233398438
2024-05-14,640.6030883789062
2024-05-15,633.0828857421875
2024-05-16,641.848388671875
2024-05-17,646.1593627929688
2024-05-21,639.5013427734375
2024-05-22,646.734130859375
2024-05-23,639.4056396484375
2024-05-24,637.345947265625
2024-05-27,609.8998413085938
2024-05-28,632.9392700195312
2024-05-29,626.2813110351562
2024-05-30,642.0879516601562
2024-05-31,628.8677368164062
2024-06-03,644.3392333984375
2024-06-04,663.0198974609375
2024-06-05,716.8106079101562
2024-06-06,688.7417602539062
2024-06-07,690.0828247070312
2024-06-10,694.872802734375
2024-06-11,721.4568481445312
2024-06-12,746.2206420898438
2024-06-13,727.396240234375
2024-06-14,725.7198486328125
2024-06-18,725.2408447265625
2024-06-19,734.6290283203125
2024-06-20,738.5568237304688
2024-06-21,743.5382080078125
2024-06-24,724.13916015625
2024-06-25,718.966064453125
2024-06-26,730.7970581054688
2024-06-27,723.03759765625
2024-06-28,720.5946655273438
2024-07-01,745.4542846679688
2024-07-02,751.1063842773438
2024-07-03,762.1710205078125
2024-07-04,748.232421875
2024-07-05,751.5853881835938
2024-07-08,751.154296875
2024-07-09,759.0097045898438
2024-07-10,747.8013305664062
2024-07-11,777.642578125
2024-07-12,774.33740234375
2024-07-15,781.0911865234375
2024-07-16,772.9004516601562
2024-07-18,767.535888671875
2024-07-19,752.3037719726562
2024-07-22,748.6156005859375
2024-07-23,754.0281982421875
2024-07-24,773.1879272460938
2024-07-25,781.953369140625
2024-07-26,795.5088500976562
2024-07-29,830.28369140625
2024-07-30,842.402099609375
2024-07-31,863.3341064453125
2024-08-01,852.7003784179688
2024-08-02,854.99951171875
2024-08-05,850.736572265625
2024-08-06,834.0198364257812
2024-08-07,850.9281005859375
2024-08-08,847.1441040039062
2024-08-09,878.326416015625
2024-08-12,784.396240234375
2024-08-13,785.2584838867188
2024-08-14,778.9358520507812
2024-08-16,787.2224731445312
2024-08-19,779.9896240234375
2024-08-20,763.121337890625
2024-08-21,763.6513671875
2024-08-22,761.5791015625
2024-08-23,741.5780639648438
2024-08-26,763.5550537109375
2024-08-27,783.7006225585938
2024-08-28,785.8211059570312
2024-08-29,780.6642456054688
2024-08-30,792.2310791015625
2024-09-02,781.24267578125
2024-09-03,770.2542114257812
2024-09-04,777.4352416992188
2024-09-05,767.651611328125
2024-09-06,771.8445434570312
2024-09-09,781.5317993164062
2024-09-10,781.0015869140625
2024-09-11,778.688232421875
2024-09-12,779.7485961914062
2024-09-13,795.4601440429688
2024-09-16,813.2924194335938
2024-09-17,793.6287841796875
2024-09-18,795.2673950195312
2024-09-19,780.23046875
2024-09-20,778.0618286132812
2024-09-23,790.49609375
2024-09-24,799.6531372070312
2024-09-25,803.5087890625
2024-09-26,803.4605102539062
2024-09-27,804.9064331054688
2024-09-30,803.0267333984375
2024-10-01,818.9793701171875
2024-10-03,791.4118041992188
2024-10-04,782.5438232421875
2024-10-07,766.205810546875
2024-10-08,770.2059936523438
2024-10-09,780.1822509765625
2024-10-10,762.1092529296875
2024-10-11,755.5545654296875
2024-10-14,758.8800659179688
2024-10-15,750.7833862304688
2024-10-16,748.4699096679688
2024-10-17,737.4814453125
2024-10-18,732.517333984375
2024-10-21,727.6978759765625
2024-10-22,722.5409545898438
2024-10-23,713.2393798828125
2024-10-24,711.4560546875
2024-10-25,697.4312744140625
2024-10-28,705.3353881835938
2024-10-29,714.9744873046875
2024-10-30,718.7818603515625
2024-10-31,725.0471801757812
2024-11-01,726.5411987304688
2024-11-04,717.094970703125
2024-11-05,718.0588989257812
2024-11-06,732.3245849609375
2024-11-07,733.5775756835938
2024-11-08,727.9389038085938
2024-11-11,717.81787109375
2024-11-12,704.2268676757812
2024-11-13,698.5399169921875
2024-11-14,704.3714599609375
2024-11-18,699.0218505859375
2024-11-19,713.8659057617188
2024-11-21,701.7689819335938
2024-11-22,714.8779907226562
2024-11-25,731.9872436523438
2024-11-26,728.9793090820312
2024-11-27,729.7069702148438
2024-11-28,724.0309448242188
2024-11-29,735.868408203125
2024-12-02,734.5100708007812
2024-12-03,751.4901123046875
2024-12-04,746.7356567382812
2024-12-05,743.339599609375
2024-12-06,743.0971069335938
2024-12-09,732.5209350585938
2024-12-10,725.0982055664062
2024-12-11,727.329833984375
2024-12-12,701.2290649414062
2024-12-13,701.4716186523438
2024-12-16,717.2388305664062
2024-12-17,711.5625610351562
2024-12-18,699.0458374023438
2024-12-19,689.4400024414062
2024-12-20,676.1470336914062
2024-12-23,685.1221313476562
2024-12-24,671.3441772460938
2024-12-26,666.0559692382812
2024-12-27,666.0559692382812
2024-12-30,662.0777587890625
2024-12-31,663.048095703125
2025-01-01,669.5490112304688
2025-01-02,672.8965454101562
2025-01-03,666.9778442382812
2025-01-06,648.736328125
2025-01-07,646.2620239257812
2025-01-08,649.3184814453125
2025-01-09,649.3184814453125
2025-01-10,650.2888793945312
2025-01-13,625.7890014648438
2025-01-14,638.4512329101562
2025-01-15,633.890869140625
2025-01-16,633.5028076171875
2025-01-17,630.0581665039062
2025-01-20,627.3414306640625
2025-01-21,625.2067260742188
2025-01-22,626.37109375
2025-01-23,633.3572387695312
2025-01-24,621.422607421875
2025-01-27,613.4177856445312
2025-01-28,608.1781616210938
2025-01-29,617.0078125
2025-01-30,612.6414794921875
2025-01-31,600.46435546875
2025-02-01,606.6257934570312
2025-02-03,599.1058959960938
2025-02-04,611.8652954101562
2025-02-05,617.0078125
2025-02-06,619.8701782226562
2025-02-07,612.8841552734375
2025-02-10,587.6079711914062
2025-02-11,592.5079345703125
2025-02-12,589.3059692382812
2025-02-13,582.5346069335938
2025-02-14,569.576416015625
2025-02-17,570.2583618164062
2025-02-18,564.6074829101562
2025-02-19,561.2948608398438
2025-02-20,564.41259765625
2025-02-21,561.148681640625
2025-02-24,564.8024291992188
2025-02-25,587.2600708007812
2025-02-27,566.1663208007812
2025-02-28,547.0700073242188
2025-03-03,547.8981323242188
2025-03-04,547.0214233398438
2025-03-05,553.792724609375
2025-03-06,550.0416870117188
2025-03-07,555.254150390625
2025-03-10,546.5342407226562
2025-03-11,564.3152465820312
2025-03-12,559.8822021484375
2025-03-13,558.169677734375
2025-03-17,557.9739990234375
2025-03-18,557.9739990234375
2025-03-19,599.1712036132812
2025-03-20,608.5653686523438
2025-03-21,621.384521484375
2025-03-24,636.5521240234375
2025-03-25,650.6923828125
2025-03-26,630.5829467773438
2025-03-27,651.1815795898438
2025-03-28,636.0139770507812
2025-04-01,625.34765625
2025-04-02,630.7786254882812
2025-04-03,634.8396606445312
2025-04-04,618.9381103515625
2025-04-07,617.6171264648438
2025-04-08,638.8027954101562
2025-04-09,634.0568237304688
2025-04-11,645.9463500976562
2025-04-15,671.2421264648438
2025-04-16,668.2575073242188
2025-04-17,653.33447265625
2025-04-21,641.493896484375
2025-04-22,638.8027954101562
2025-04-23,642.3745727539062
2025-04-24,644.3317260742188
2025-04-25,625.34765625
2025-04-28,629.9957885742188
2025-04-29,630.485107421875
2025-04-30,607.5868530273438
2025-05-02,607.4401245117188
2025-05-05,609.397216796875
2025-05-06,599.366943359375
2025-05-07,584.3460693359375
2025-05-08,582.8292846679688
2025-05-09,586.1074829101562
2025-05-12,604.06396484375
2025-05-13,606.9996337890625
2025-05-14,609.8375244140625
2025-05-15,616.7852172851562
2025-05-16,615.7089233398438
2025-05-19,622.4609375
2025-05-20,618.1552734375
2025-05-21,627.843017578125
2025-05-22,621.7759399414062
2025-05-23,619.81884765625
2025-05-26,619.965576171875
2025-05-27,617.7638549804688
2025-05-28,618.0084838867188
2025-05-29,627.9898071289062
2025-05-30,616.1492919921875
2025-06-02,624.6137084960938
2025-06-03,619.0850219726562
2025-06-04,617.078857421875
2025-06-05,606.41259765625
2025-06-06,601.66650390625
2025-06-09,612.62646484375
2025-06-10,613.6049194335938
2025-06-11,611.2564697265625
2025-06-12,617.4702758789062
2025-06-13,606.0211791992188
2025-06-16,609.2993774414062
2025-06-17,612.62646484375
2025-06-18,605.8253784179688
2025-06-19,599.0244750976562
2025-06-20,594.7677001953125
2025-06-23,587.037109375
2025-06-24,584.7864379882812
2025-06-25,580.8232421875
2025-06-26,577.2025756835938
2025-06-27,585.7161254882812
2025-06-30,585.5693359375
2025-07-01,581.99755859375
2025-07-02,577.3494262695312
2025-07-03,577.8386840820312
2025-07-04,577.3494262695312
2025-07-07,567.6127319335938
2025-07-08,560.95849609375
2025-07-09,557.5335693359375
2025-07-10,554.7936401367188
2025-07-11,554.353271484375
2025-07-14,560.42041015625
2025-07-15,556.9464721679688
2025-07-16,563.4049682617188
2025-07-17,564.0899047851562
2025-07-18,563.4049682617188
2025-07-21,579.0130004882812
2025-07-22,573.8265991210938
2025-07-23,579.453369140625
2025-07-24,573.7286987304688
2025-07-25,563.5027465820312
2025-07-28,555.3807983398438
2025-07-29,561.88818359375
2025-07-30,555.6742553710938
2025-07-31,550.781494140625
2025-08-01,548.9223022460938
2025-08-04,553.3746948242188
2025-08-05,551.0751342773438
2025-08-06,545.8397827148438
2025-08-07,548.5797729492188
2025-08-08,537.8155517578125
2025-08-11,555.7233276367188
2025-08-12,564.5303344726562
2025-08-13,578.64599609375
2025-08-14,567.4421997070312
2025-08-18,573.06884765625
2025-08-19,574.99365234375
2025-08-20,572.6245727539062
2025-08-21,568.9229125976562
2025-08-22,565.7147827148438
2025-08-25,561.2728271484375
2025-08-26,547.99609375
2025-08-28,545.5283203125
2025-08-29,536.4962158203125
2025-09-01,537.828857421875
2025-09-02,560.0883178710938
2025-09-03,554.0668334960938
2025-09-04,552.586181640625
2025-09-05,549.13134765625
2025-09-08,544.9854125976562
2025-09-09,551.8458251953125
2025-09-10,548.5390625
2025-09-11,552.9810180664062
2025-09-12,548.933837890625
2025-09-15,546.2192993164062
2025-09-16,549.5261840820312
2025-09-17,552.7835693359375
2025-09-18,552.4874877929688
2025-09-19,550.3157958984375
2025-09-22,546.367431640625
2025-09-23,540.9382934570312
2025-09-24,536.0520629882812
2025-09-25,528.5006103515625
2025-09-26,517.0007934570312
2025-09-29,520.4063720703125
2025-09-30,516.70458984375
2025-10-01,595.1307983398438
2025-10-03,570.3541870117188
2025-10-06,571.24267578125
2025-10-07,576.2275390625
2025-10-08,563.1483154296875
2025-10-09,570.8478393554688
2025-10-10,570.1567993164062
2025-10-13,574.2039794921875
2025-10-14,563.592529296875
2025-10-15,555.6956176757812
2025-10-16,562.7534790039062
2025-10-17,560.4337158203125
2025-10-20,557.3243408203125
2025-10-21,560.1869506835938
2025-10-23,561.3715209960938
2025-10-24,551.8458251953125
2025-10-27,548.8844604492188
2025-10-28,552.7835693359375
2025-10-29,569.3178100585938
2025-10-30,560.1376342773438
2025-10-31,554.5604248046875
2025-11-03,556.7320556640625
2025-11-04,554.412353515625
2025-11-06,541.82666015625
2025-11-07,547.1077880859375
2025-11-10,547.7493896484375
2025-11-11,551.5990600585938
2025-11-12,556.8307495117188
2025-11-13,556.8307495117188
2025-11-14,555.7943115234375
2025-11-17,563.7899780273438
2025-11-18,551.8458251953125
2025-11-19,552.7343139648438
2025-11-20,533.7532348632812
2025-11-21,533.3060913085938
2025-11-24,538.7718505859375
2025-11-25,539.5171508789062
2025-11-26,544.635009765625
2025-11-27,563.31787109375
2025-11-28,552.1876831054688
2025-12-01,550.1007080078125
2025-12-02,559.2930908203125
2025-12-03,548.1629028320312
2025-12-04,550.2994995117188
2025-12-05,545.1815795898438
2025-12-08,543.1443481445312
2025-12-09,553.7777099609375
2025-12-10,549.4050903320312
2025-12-11,555.5664672851562
2025-12-12,558.9949340820312
2025-12-15,572.6593017578125
2025-12-16,553.7777099609375
2025-12-17,548.4113159179688
2025-12-18,544.7344360351562
2025-12-19,539.6165161132812
2025-12-22,553.529296875
2025-12-23,562.7216186523438
2025-12-24,572.410888671875
2025-12-26,568.53515625
2025-12-29,573.7523803710938
2025-12-30,571.6158447265625
2025-12-31,583.8888549804688
2026-01-01,583.491455078125
2026-01-02,579.2181396484375
2026-01-05,581.5535278320312
2026-01-06,575.1934204101562
2026-01-07,555.4174194335938
2026-01-08,563.5166625976562
2026-01-09,553.429931640625
2026-01-12,554.8211669921875
2026-01-13,553.529296875
2026-01-14,550.0510864257812
2026-01-15,550.0510864257812
2026-01-16,544.635009765625
2026-01-19,538.7220458984375
2026-01-20,548.0138549804688
2026-01-21,540.9580688476562
2026-01-22,548.4113159179688
2026-01-23,560.4359741210938
2026-01-27,526.59814453125
2026-01-28,536.9829711914062
2026-01-29,535.3930053710938
2026-01-30,552.2870483398438
2026-02-02,546.62255859375
2026-02-03,541.8524780273438
2026-02-04,539.5667724609375
2026-02-05,536.9829711914062
2026-02-06,533.6538696289062
2026-02-09,566.348876953125
2026-02-10,610.5219116210938
2026-02-11,609.3294067382812
2026-02-12,600.5983276367188
2026-02-13,575.1535034179688
2026-02-16,576.2510986328125
2026-02-17,588.474609375
2026-02-18,587.7261962890625
2026-02-19,577.3486938476562
2026-02-20,583.3856201171875
2026-02-23,585.3313598632812
2026-02-24,587.3770141601562
2026-02-25,602.5440673828125
2026-02-26,610.0777587890625
2026-02-27,646.2493896484375
2026-03-02,624.1971435546875
2026-03-04,591.8173217773438
2026-03-05,594.0125732421875
2026-03-06,598.7523193359375
2026-03-09,576.9495849609375
2026-03-10,578.1968994140625
2026-03-11,576.75
2026-03-12,593.2999877929688
2026-03-13,562.7999877929688
2026-03-16,556.75
2026-03-17,567.5
2026-03-18,598.3499755859375
2026-03-19,599.3499755859375
2026-03-20,592.9500122070312
2026-03-23,599.0999755859375
2026-03-24,616.2999877929688
2026-03-25,609.2999877929688
2026-03-27,586.0
2026-03-30,566.9500122070312
2026-04-01,582.4000244140625
2026-04-02,595.3499755859375
2026-04-06,588.25
2026-04-07,589.9500122070312
2026-04-08,600.7000122070312
2026-04-09,590.7000122070312
2026-04-10,598.0999755859375
2026-04-13,617.5999755859375
2026-04-15,620.5499877929688
2026-04-16,632.2000122070312
2026-04-17,643.25
2026-04-20,648.4500122070312
2026-04-21,645.0499877929688
2026-04-22,652.4500122070312
2026-04-23,625.8499755859375
2026-04-24,600.1500244140625
2026-04-27,611.0
2026-04-28,595.0499877929688
2026-04-29,586.25
2026-04-30,605.5999755859375
2026-05-01,605.5999755859375
2026-05-04,575.8499755859375
2026-05-05,580.0999755859375
2026-05-06,570.75
2026-05-07,571.0999755859375
2026-05-08,573.5499877929688
2026-05-11,567.75
2026-05-12,560.2000122070312
2026-05-13,532.9500122070312
2026-05-14,523.25
2026-05-15,535.1500244140625
2026-05-18,521.0999755859375
2026-05-19,525.1500244140625
2026-05-20,517.4500122070312
2026-05-21,518.75
2026-05-22,486.7000122070313
2026-05-25,494.2999877929688
2026-05-26,493.2000122070313
2026-05-27,512.9000244140625
2026-05-28,512.9000244140625
2026-05-29,502.1499938964844
2026-06-01,516.6500244140625
2026-06-02,517.9000244140625
2026-06-03,515.25
2026-06-04,511.8999938964844
2026-06-05,516.5499877929688
2026-06-08,507.5
2026-06-09,513.9500122070312
2026-06-10,506.04998779296875
2026-06-11,501.3999938964844
2026-06-12,514.7000122070312
2026-06-15,517.75
2026-06-16,519.8499755859375
2026-06-17,519.3499755859375
2026-06-18,521.9000244140625
