,close
2005-01-03,35.037681579589844
2005-01-04,36.028564453125
2005-01-05,35.03408432006836
2005-01-06,34.691776275634766
2005-01-07,35.56375503540039
2005-01-10,35.65024185180664
2005-01-11,35.01246643066406
2005-01-12,33.816200256347656
2005-01-13,34.09724807739258
2005-01-14,33.78376770019531
2005-01-17,32.95862579345703
2005-01-18,33.495506286621094
2005-01-19,33.51353073120117
2005-01-20,33.185630798339844
2005-01-24,33.250484466552734
2005-01-25,34.6845703125
2005-01-27,34.24138641357422
2005-01-28,34.90436935424805
2005-01-31,35.27549743652344
2005-02-01,34.96922302246094
2005-02-02,34.86473083496094
2005-02-03,35.441246032714844
2005-02-04,36.42491912841797
2005-02-07,36.385284423828125
2005-02-08,37.42301177978516
2005-02-09,38.49676513671875
2005-02-10,38.12564468383789
2005-02-11,39.37596130371094
2005-02-14,40.29478073120117
2005-02-15,39.563323974609375
2005-02-16,39.055274963378906
2005-02-17,38.60847473144531
2005-02-18,39.148956298828125
2005-02-21,38.770626068115234
2005-02-22,39.10932159423828
2005-02-23,38.82466125488281
2005-02-24,38.60126876831055
2005-02-25,38.17969131469727
2005-02-28,39.31110000610352
2005-03-01,39.78312301635742
2005-03-02,40.16867446899414
2005-03-03,40.17587661743164
2005-03-04,40.20469665527344
2005-03-07,39.75790023803711
2005-03-08,39.39757537841797
2005-03-09,38.91474914550781
2005-03-10,39.105712890625
2005-03-11,38.87150573730469
2005-03-14,38.47514724731445
2005-03-15,37.82657241821289
2005-03-16,37.81576919555664
2005-03-17,37.51309585571289
2005-03-18,37.595970153808594
2005-03-21,37.68244934082031
2005-03-22,37.336544036865234
2005-03-23,36.990631103515625
2005-03-24,36.66634750366211
2005-03-28,37.408599853515625
2005-03-29,36.95459747314453
2005-03-30,37.21402359008789
2005-03-31,37.65362548828125
2005-04-01,38.86070251464844
2005-04-04,38.30940246582031
2005-04-05,38.15446853637695
2005-04-06,38.42831802368164
2005-04-07,38.1508674621582
2005-04-08,38.10762405395508
2005-04-11,37.79775238037109
2005-04-12,37.75090408325195
2005-04-13,37.49508285522461
2005-04-15,36.76362991333008
2005-04-18,37.15277099609375
2005-04-19,37.09872055053711
2005-04-20,37.54191970825195
2005-04-21,37.76172256469727
2005-04-22,38.078800201416016
2005-04-25,37.9418830871582
2005-04-26,38.42831802368164
2005-04-27,37.75090408325195
2005-04-28,37.51670837402344
2005-04-29,36.93658447265625
2005-05-02,37.61759185791016
2005-05-03,38.30220413208008
2005-05-04,38.867919921875
2005-05-05,39.06968688964844
2005-05-06,39.40117645263672
2005-05-09,39.8443717956543
2005-05-10,39.92003631591797
2005-05-11,39.47324752807617
2005-05-12,39.35433578491211
2005-05-13,39.30029296875
2005-05-16,39.210208892822266
2005-05-17,38.43912506103516
2005-05-18,38.19049835205078
2005-05-19,38.183292388916016
2005-05-20,38.74899291992188
2005-05-23,38.705753326416016
2005-05-24,39.23183059692383
2005-05-25,39.45883941650391
2005-05-26,40.0461540222168
2005-05-27,40.247928619384766
2005-05-30,40.20469665527344
2005-05-31,41.26404571533203
2005-06-01,41.79012298583984
2005-06-02,42.61525344848633
2005-06-03,42.20448303222656
2005-06-06,42.33420181274414
2005-06-07,43.469215393066406
2005-06-08,43.12691116333008
2005-06-09,42.45670700073242
2005-06-10,41.9810905456543
2005-06-13,41.930641174316406
2005-06-14,42.30897903442383
2005-06-15,42.3558235168457
2005-06-16,42.19728088378906
2005-06-17,41.973880767822266
2005-06-20,41.50185775756836
2005-06-21,41.86938095092773
2005-06-22,42.35222244262695
2005-06-23,42.78460311889648
2005-06-24,45.007789611816406
2005-06-27,46.03831100463867
2005-06-28,44.40965270996094
2005-06-29,44.4528923034668
2005-06-30,44.68709945678711
2005-07-01,45.930213928222656
2005-07-04,46.06713485717773
2005-07-05,45.52666091918945
2005-07-06,45.47259521484375
2005-07-07,45.37532043457031
2005-07-08,45.30685424804688
2005-07-11,46.65807342529297
2005-07-12,46.4995231628418
2005-07-13,46.03110885620117
2005-07-14,45.984256744384766
2005-07-15,46.55356979370117
2005-07-18,48.43444061279297
2005-07-19,47.31745910644531
2005-07-20,46.9931640625
2005-07-21,46.84149169921875
2005-07-22,48.835445404052734
2005-07-25,48.9708251953125
2005-07-26,49.35496520996094
2005-07-27,49.04033279418945
2005-07-28,49.04033279418945
2005-07-29,49.713523864746094
2005-08-01,50.086708068847656
2005-08-02,50.6391487121582
2005-08-03,51.04891586303711
2005-08-04,51.74407196044922
2005-08-05,52.47578811645508
2005-08-08,53.463626861572266
2005-08-09,53.19654083251953
2005-08-10,55.14658737182617
2005-08-11,58.80522155761719
2005-08-12,57.75519561767578
2005-08-16,58.95523452758789
2005-08-17,60.10403823852539
2005-08-18,61.08455276489258
2005-08-19,60.27599334716797
2005-08-22,59.59914016723633
2005-08-23,58.55644226074219
2005-08-24,58.647891998291016
2005-08-25,60.2503776550293
2005-08-26,59.97597503662109
2005-08-29,59.1345100402832
2005-08-30,59.1235237121582
2005-08-31,59.95768737792969
2005-09-01,60.012577056884766
2005-09-02,60.87966537475586
2005-09-05,60.6454963684082
2005-09-06,60.82112884521485
2005-09-08,61.951656341552734
2005-09-09,61.35529327392578
2005-09-12,61.55286407470703
2005-09-13,61.42115020751953
2005-09-14,61.84920501708984
2005-09-15,62.73826217651367
2005-09-16,62.661434173583984
2005-09-19,62.44922256469727
2005-09-20,62.15287399291992
2005-09-21,63.14435195922852
2005-09-22,62.13822937011719
2005-09-23,61.91141128540039
2005-09-26,63.345584869384766
2005-09-27,62.77849960327149
2005-09-28,62.38703536987305
2005-09-29,62.4199447631836
2005-09-30,61.53822326660156
2005-10-03,61.75774765014648
2005-10-04,62.34677505493164
2005-10-05,62.05044555664063
2005-10-06,61.2967529296875
2005-10-07,60.923583984375
2005-10-10,60.14794921875
2005-10-11,59.46378326416016
2005-10-13,59.93574905395508
2005-10-14,58.39544677734375
2005-10-17,56.69052505493164
2005-10-18,56.17100143432617
2005-10-19,54.66364288330078
2005-10-20,54.2172966003418
2005-10-21,54.199005126953125
2005-10-24,54.001441955566406
2005-10-25,54.03802490234375
2005-10-26,54.90146255493164
2005-10-27,52.81603240966797
2005-10-28,52.67700958251953
2005-10-31,54.652679443359375
2005-11-02,57.00151062011719
2005-11-04,57.00151062011719
2005-11-07,57.360050201416016
2005-11-08,58.15032958984375
2005-11-09,58.563758850097656
2005-11-10,58.70644760131836
2005-11-11,59.8772087097168
2005-11-14,59.59550094604492
2005-11-16,59.79671478271485
2005-11-17,59.997928619384766
2005-11-18,60.704044342041016
2005-11-21,60.90161895751953
2005-11-22,61.3077278137207
2005-11-23,62.71996688842773
2005-11-24,63.93463134765625
2005-11-25,63.55413055419922
2005-11-28,64.60047912597656
2005-11-29,64.73588562011719
2005-11-30,63.7370719909668
2005-12-01,64.42853546142578
2005-12-02,64.74686431884766
2005-12-05,64.46512603759766
2005-12-06,66.1883544921875
2005-12-07,66.9566650390625
2005-12-08,66.55054473876953
2005-12-09,67.15055084228516
2005-12-12,67.14691925048828
2005-12-13,67.79450988769531
2005-12-14,68.70914459228516
2005-12-15,67.73595428466797
2005-12-16,69.30915069580078
2005-12-19,69.45916748046875
2005-12-20,68.95426177978516
2005-12-21,68.625
2005-12-22,67.94449615478516
2005-12-23,68.29207611083984
2005-12-26,67.1798324584961
2005-12-27,68.83354949951172
2005-12-28,67.73595428466797
2005-12-29,68.49330139160156
2005-12-30,69.45550537109375
2006-01-02,69.1481704711914
2006-01-03,69.905517578125
2006-01-04,70.0116195678711
2006-01-05,69.59088134765625
2006-01-06,69.16647338867188
2006-01-09,69.79209899902344
2006-01-10,69.45916748046875
2006-01-12,69.133544921875
2006-01-13,69.140869140625
2006-01-16,69.16647338867188
2006-01-17,68.06156158447266
2006-01-18,68.01766967773438
2006-01-19,68.84085845947266
2006-01-20,68.58841705322266
2006-01-23,68.26280975341797
2006-01-24,69.02012634277344
2006-01-25,68.09449005126953
2006-01-27,69.5250244140625
2006-01-30,69.15550231933594
2006-01-31,68.2042465209961
2006-02-01,66.71519470214844
2006-02-02,65.21514892578125
2006-02-03,64.31146240234375
2006-02-06,64.37733459472656
2006-02-07,66.21395874023438
2006-02-08,67.98838806152344
2006-02-10,67.59325408935547
2006-02-13,72.39337921142578
2006-02-14,73.16902923583984
2006-02-15,73.76905059814453
2006-02-16,69.69698333740234
2006-02-17,67.47252655029297
2006-02-20,68.80428314208984
2006-02-21,67.8164291381836
2006-02-22,66.94568634033203
2006-02-23,67.03715515136719
2006-02-24,67.79083251953125
2006-02-27,67.69206237792969
2006-02-28,68.0103530883789
2006-03-01,67.88229370117188
2006-03-02,66.91641235351562
2006-03-03,66.72616577148438
2006-03-06,67.65178680419922
2006-03-07,67.30790710449219
2006-03-08,66.6676254272461
2006-03-09,65.0651626586914
2006-03-10,65.96150207519531
2006-03-13,65.16027069091797
2006-03-14,64.5346450805664
2006-03-16,63.73339080810547
2006-03-17,63.53218460083008
2006-03-20,63.83951187133789
2006-03-21,63.66754913330078
2006-03-22,63.53218460083008
2006-03-23,63.729740142822266
2006-03-24,64.72122955322266
2006-03-27,64.69562530517578
2006-03-28,64.58586883544922
2006-03-29,63.82120513916016
2006-03-30,62.782169342041016
2006-03-31,63.43339920043945
2006-04-03,63.66022872924805
2006-04-04,63.41145706176758
2006-04-05,66.21395874023438
2006-04-07,64.16146087646484
2006-04-10,63.97854232788086
2006-04-12,63.04192352294922
2006-04-13,61.3077278137207
2006-04-17,61.87847137451172
2006-04-18,63.04192352294922
2006-04-19,63.0785026550293
2006-04-20,63.15533065795898
2006-04-21,62.39799880981445
2006-04-24,62.03214645385742
2006-04-25,60.15525817871094
2006-04-26,61.25649642944336
2006-04-27,60.16989135742188
2006-04-28,60.97845077514648
2006-05-02,63.37119674682617
2006-05-03,62.9431266784668
2006-05-04,61.84920501708984
2006-05-05,61.31138229370117
2006-05-08,61.72114562988281
2006-05-09,63.40046691894531
2006-05-10,63.1187744140625
2006-05-11,62.35409164428711
2006-05-12,61.69187927246094
2006-05-15,60.47722244262695
2006-05-16,59.73085021972656
2006-05-17,60.73698043823242
2006-05-18,56.4197998046875
2006-05-19,51.3781852722168
2006-05-22,47.317115783691406
2006-05-23,49.77204895019531
2006-05-24,51.34527587890625
2006-05-25,52.34407424926758
2006-05-26,54.740478515625
2006-05-29,55.00025177001953
2006-05-30,53.26239013671875
2006-05-31,52.409934997558594
2006-06-01,50.276947021484375
2006-06-02,52.42822647094727
2006-06-05,49.212284088134766
2006-06-06,46.52318572998047
2006-06-07,47.50370407104492
2006-06-08,46.83783721923828
2006-06-09,50.39402770996094
2006-06-12,47.76346969604492
2006-06-13,45.79512023925781
2006-06-14,42.24259185791016
2006-06-15,46.21586227416992
2006-06-16,48.70738983154297
2006-06-19,51.19526290893555
2006-06-20,50.72330474853516
2006-06-21,51.4111328125
2006-06-22,52.45384979248047
2006-06-23,55.23073196411133
2006-06-26,55.11365509033203
2006-06-27,54.88315963745117
2006-06-28,54.7295036315918
2006-06-29,54.51364517211914
2006-06-30,56.04296112060547
2006-07-03,55.41001892089844
2006-07-04,55.83806610107422
2006-07-05,56.1490592956543
2006-07-06,55.21244812011719
2006-07-07,55.75757598876953
2006-07-10,55.62586212158203
2006-07-11,54.43316650390625
2006-07-12,54.11484146118164
2006-07-13,52.72822952270508
2006-07-14,53.18922805786133
2006-07-17,51.66357803344727
2006-07-18,53.05019378662109
2006-07-19,51.64527130126953
2006-07-20,54.58315658569336
2006-07-21,53.955074310302734
2006-07-24,55.018341064453125
2006-07-25,54.62425994873047
2006-07-26,56.02955627441406
2006-07-27,58.866153717041016
2006-07-28,60.28260803222656
2006-07-31,61.936988830566406
2006-08-01,61.49828338623047
2006-08-02,63.0485725402832
2006-08-03,62.141448974609375
2006-08-04,60.61346435546875
2006-08-07,61.98159408569336
2006-08-08,61.76225280761719
2006-08-09,63.0485725402832
2006-08-10,64.93717193603516
2006-08-11,64.54680633544922
2006-08-14,64.63232421875
2006-08-16,63.67316055297852
2006-08-17,62.55039596557617
2006-08-18,62.81435775756836
2006-08-21,62.88501739501953
2006-08-22,62.903587341308594
2006-08-23,61.57636260986328
2006-08-24,61.87750244140625
2006-08-25,61.66930389404297
2006-08-28,62.2567024230957
2006-08-29,61.65443420410156
2006-08-30,61.07818603515625
2006-08-31,59.4238166809082
2006-09-01,60.87372970581055
2006-09-04,59.27882766723633
2006-09-05,59.260231018066406
2006-09-06,60.80680465698242
2006-09-07,59.88109970092773
2006-09-08,59.82160949707031
2006-09-11,56.2488899230957
2006-09-12,56.129920959472656
2006-09-13,56.583492279052734
2006-09-14,57.03334426879883
2006-09-15,56.795387268066406
2006-09-18,56.38273239135742
2006-09-19,55.62432098388672
2006-09-20,55.89200973510742
2006-09-21,55.77674865722656
2006-09-22,55.19306945800781
2006-09-25,55.442161560058594
2006-09-26,55.21537399291992
2006-09-27,54.98859786987305
2006-09-28,54.76925277709961
2006-09-29,55.78789520263672
2006-10-03,55.6949462890625
2006-10-04,54.82130432128906
2006-10-05,54.7952766418457
2006-10-06,54.64656829833984
2006-10-09,54.430931091308594
2006-10-10,54.90679550170898
2006-10-11,54.267356872558594
2006-10-12,55.38638305664063
2006-10-13,55.73213958740234
2006-10-16,56.22658920288086
2006-10-17,56.38273239135742
2006-10-18,56.61322784423828
2006-10-19,55.66893005371094
2006-10-20,55.86968612670898
2006-10-23,56.06300354003906
2006-10-26,55.27485656738281
2006-10-27,55.89571380615234
2006-10-30,55.94403839111328
2006-10-31,56.93666076660156
2006-11-01,56.4868278503418
2006-11-02,56.33440780639648
2006-11-03,55.50905990600586
2006-11-06,55.1558837890625
2006-11-07,54.60194396972656
2006-11-08,54.527591705322266
2006-11-09,54.86219024658203
2006-11-10,54.761810302734375
2006-11-13,54.77667999267578
2006-11-14,55.30831146240234
2006-11-15,54.78782653808594
2006-11-16,54.241329193115234
2006-11-17,52.72451019287109
2006-11-20,52.09992980957031
2006-11-21,52.33414459228516
2006-11-22,53.29330825805664
2006-11-23,54.43465805053711
2006-11-24,54.7729721069336
2006-11-27,54.82130432128906
2006-11-28,55.02948760986328
2006-11-29,54.70232391357422
2006-11-30,53.3527946472168
2006-12-01,54.014556884765625
2006-12-04,56.06672286987305
2006-12-05,55.68008804321289
2006-12-06,55.87712860107422
2006-12-07,56.2340202331543
2006-12-08,55.74699783325195
2006-12-11,54.1446647644043
2006-12-12,51.683555603027344
2006-12-13,51.76161956787109
2006-12-14,52.81745147705078
2006-12-15,53.28587341308594
2006-12-18,52.943843841552734
2006-12-19,52.9847526550293
2006-12-20,52.3973503112793
2006-12-21,53.26729965209961
2006-12-22,53.06654357910156
2006-12-26,53.15576553344727
2006-12-27,53.18922805786133
2006-12-28,54.15954208374024
2006-12-29,53.62791442871094
2007-01-02,53.341644287109375
2007-01-03,53.26729965209961
2007-01-04,53.25242233276367
2007-01-05,53.746883392333984
2007-01-08,53.31562423706055
2007-01-09,53.97737884521485
2007-01-10,53.8175048828125
2007-01-11,53.83610153198242
2007-01-12,54.04802322387695
2007-01-15,54.20042419433594
2007-01-16,54.2078742980957
2007-01-17,54.12607955932617
2007-01-18,54.27107620239258
2007-01-19,53.88814926147461
2007-01-22,54.21529769897461
2007-01-23,53.929046630859375
2007-01-24,54.18556594848633
2007-01-25,53.29330825805664
2007-01-29,53.21524429321289
2007-01-31,53.05538940429688
2007-02-01,53.951358795166016
2007-02-02,53.702266693115234
2007-02-05,53.62420272827149
2007-02-06,53.19293975830078
2007-02-07,52.42708969116211
2007-02-08,51.683555603027344
2007-02-09,50.78014373779297
2007-02-12,49.61650466918945
2007-02-13,50.43439483642578
2007-02-14,49.86186981201172
2007-02-15,50.2671012878418
2007-02-19,50.10351943969727
2007-02-20,49.44178771972656
2007-02-21,50.2076301574707
2007-02-22,48.94359970092773
2007-02-23,48.33017349243164
2007-02-26,48.839500427246094
2007-02-27,47.33754348754883
2007-02-28,45.95085144042969
2007-03-01,45.35229110717773
2007-03-02,44.39684677124024
2007-03-05,42.285186767578125
2007-03-06,42.790794372558594
2007-03-07,42.53055191040039
2007-03-08,43.6718978881836
2007-03-09,43.846622467041016
2007-03-12,44.56414794921875
2007-03-13,45.69432830810547
2007-03-14,45.43408966064453
2007-03-15,45.92110061645508
2007-03-16,45.05116653442383
2007-03-19,46.62747573852539
2007-03-20,46.99924087524414
2007-03-21,46.82822799682617
2007-03-22,46.61631393432617
2007-03-23,46.54196166992188
2007-03-26,46.30403518676758
2007-03-28,45.727783203125
2007-03-29,44.668235778808594
2007-03-30,45.158973693847656
2007-04-02,44.13660430908203
2007-04-03,44.54555130004883
2007-04-04,45.05487823486328
2007-04-05,45.70919036865234
2007-04-09,46.27800750732422
2007-04-10,46.09955596923828
2007-04-11,47.12936019897461
2007-04-12,47.01782989501953
2007-04-13,47.627540588378906
2007-04-16,49.34883499145508
2007-04-17,50.22991943359375
2007-04-18,50.41581726074219
2007-04-19,50.96232223510742
2007-04-20,50.27825164794922
2007-04-23,50.46042251586914
2007-04-24,50.14070892333984
2007-04-25,57.46458435058594
2007-04-26,58.84012985229492
2007-04-27,57.27869415283203
2007-04-30,57.70621871948242
2007-05-03,57.73225784301758
2007-05-04,56.4868278503418
2007-05-07,56.68014907836914
2007-05-08,56.62811279296875
2007-05-09,57.58356475830078
2007-05-10,57.75083923339844
2007-05-11,57.981353759765625
2007-05-14,59.19331741333008
2007-05-15,61.20459365844727
2007-05-16,60.59490203857422
2007-05-17,62.15633773803711
2007-05-18,62.59874725341797
2007-05-21,62.561561584472656
2007-05-22,65.34612274169922
2007-05-23,65.0487060546875
2007-05-24,65.61751556396484
2007-05-25,68.04517364501953
2007-05-28,69.5210952758789
2007-05-29,67.75147247314453
2007-05-30,65.19369506835938
2007-05-31,68.4281005859375
2007-06-01,70.81858825683594
2007-06-04,67.83698272705078
2007-06-05,66.4465560913086
2007-06-06,63.31625747680664
2007-06-07,62.62474822998047
2007-06-08,61.739933013916016
2007-06-11,60.39784240722656
2007-06-12,61.76596450805664
2007-06-13,60.24543380737305
2007-06-14,60.72874069213867
2007-06-15,60.66923904418945
2007-06-18,59.7584114074707
2007-06-19,60.48336791992188
2007-06-20,61.364444732666016
2007-06-21,62.53553771972656
2007-06-22,61.79571533203125
2007-06-25,61.07447052001953
2007-06-26,60.84770202636719
2007-06-27,61.27522659301758
2007-06-28,62.1265869140625
2007-06-29,63.73263168334961
2007-07-02,63.53929901123047
2007-07-03,64.31632232666016
2007-07-04,63.9482536315918
2007-07-05,62.8106689453125
2007-07-06,62.76230239868164
2007-07-09,63.3608512878418
2007-07-10,63.21215057373047
2007-07-11,63.01139831542969
2007-07-12,63.75865173339844
2007-07-13,64.28284454345703
2007-07-16,63.51700592041016
2007-07-17,61.1711311340332
2007-07-18,58.3047981262207
2007-07-19,57.951602935791016
2007-07-20,57.56867980957031
2007-07-23,57.45996475219727
2007-07-24,58.38856506347656
2007-07-25,58.05881118774414
2007-07-26,57.13401412963867
2007-07-27,57.54714584350586
2007-07-30,58.358245849609375
2007-07-31,58.44164657592773
2007-08-01,55.14033508300781
2007-08-02,55.36017990112305
2007-08-03,55.242671966552734
2007-08-06,54.12076187133789
2007-08-07,54.42397689819336
2007-08-08,54.20414733886719
2007-08-09,54.06770324707031
2007-08-10,52.70699691772461
2007-08-13,54.11318206787109
2007-08-14,53.50294494628906
2007-08-16,51.39558792114258
2007-08-17,50.39875411987305
2007-08-20,50.89906311035156
2007-08-21,50.61480331420898
2007-08-22,50.83462524414063
2007-08-23,51.30461120605469
2007-08-24,54.68172073364258
2007-08-27,55.68234634399414
2007-08-28,56.58442306518555
2007-08-29,55.530738830566406
2007-08-30,55.12895584106445
2007-08-31,57.08850860595703
2007-09-03,58.25971221923828
2007-09-04,57.78592300415039
2007-09-05,57.47890090942383
2007-09-06,57.28939437866211
2007-09-07,57.6911735534668
2007-09-10,58.82444381713867
2007-09-11,59.537017822265625
2007-09-12,60.2154655456543
2007-09-13,60.01078414916992
2007-09-14,58.29003143310547
2007-09-17,58.75623321533203
2007-09-18,60.15862655639648
2007-09-19,61.43590927124024
2007-09-20,60.78020477294922
2007-09-21,59.77580642700195
2007-09-24,59.97288131713867
2007-09-25,59.6620979309082
2007-09-26,59.04806900024414
2007-09-27,59.85540771484375
2007-09-28,61.08723068237305
2007-10-01,62.16364288330078
2007-10-03,63.92988967895508
2007-10-04,63.937477111816406
2007-10-05,63.90715026855469
2007-10-08,63.75933074951172
2007-10-09,63.96400833129883
2007-10-10,65.58621978759766
2007-10-11,64.71066284179688
2007-10-12,62.67911529541016
2007-10-15,63.1945915222168
2007-10-16,64.4036636352539
2007-10-17,62.17500686645508
2007-10-18,62.59572982788086
2007-10-19,60.64754867553711
2007-10-22,59.32475280761719
2007-10-23,60.7536735534668
2007-10-24,59.62797927856445
2007-10-25,59.57111358642578
2007-10-26,61.20093536376953
2007-10-29,62.15985107421875
2007-10-30,61.63678741455078
2007-10-31,62.23186874389648
2007-11-01,61.38665008544922
2007-11-02,60.48077774047852
2007-11-05,60.65891647338867
2007-11-06,58.96090316772461
2007-11-07,60.00700759887695
2007-11-08,59.69620513916016
2007-11-12,58.49468612670898
2007-11-13,58.2407455444336
2007-11-14,58.66903305053711
2007-11-15,57.793487548828125
2007-11-16,60.32916641235352
2007-11-19,62.51613235473633
2007-11-20,60.36328125
2007-11-21,59.95014953613281
2007-11-22,58.55912399291992
2007-11-23,58.661468505859375
2007-11-26,58.77896499633789
2007-11-27,59.142826080322266
2007-11-28,58.10430145263672
2007-11-29,56.14096832275391
2007-11-30,57.57746124267578
2007-12-03,60.18134689331055
2007-12-04,64.36577606201172
2007-12-05,64.17626190185547
2007-12-06,63.910945892333984
2007-12-07,62.406211853027344
2007-12-10,62.33042907714844
2007-12-11,63.20595932006836
2007-12-12,67.84520721435547
2007-12-13,70.8357162475586
2007-12-14,70.99869537353516
2007-12-17,66.04106140136719
2007-12-18,66.76498413085938
2007-12-19,68.17875671386719
2007-12-20,67.8376235961914
2007-12-24,68.27349853515625
2007-12-26,68.11430358886719
2007-12-27,67.30322265625
2007-12-28,68.26212310791016
2007-12-31,68.7889633178711
2008-01-01,70.32022094726562
2008-01-02,74.90641021728516
2008-01-03,73.4964599609375
2008-01-04,75.5545425415039
2008-01-07,74.24691009521484
2008-01-08,71.36254119873047
2008-01-09,71.00625610351562
2008-01-10,67.0795669555664
2008-01-11,65.80985260009766
2008-01-14,66.42008209228516
2008-01-15,62.698055267333984
2008-01-16,62.61847305297852
2008-01-17,62.891357421875
2008-01-18,59.01776123046875
2008-01-21,53.99570083618164
2008-01-22,47.24148941040039
2008-01-23,51.4259033203125
2008-01-24,55.25027084350586
2008-01-25,60.16619491577149
2008-01-28,60.029747009277344
2008-01-29,64.37334442138672
2008-01-30,63.8692512512207
2008-01-31,62.61847305297852
2008-02-01,62.49718475341797
2008-02-04,62.98232269287109
2008-02-05,62.70942687988281
2008-02-06,61.59889221191406
2008-02-07,60.96971130371094
2008-02-08,59.46499633789063
2008-02-11,56.62611389160156
2008-02-12,57.57746124267578
2008-02-13,56.84594345092773
2008-02-14,59.688621520996094
2008-02-15,59.8212776184082
2008-02-18,58.57807922363281
2008-02-19,62.48581314086914
2008-02-20,60.818115234375
2008-02-21,59.68104553222656
2008-02-22,59.37782287597656
2008-02-25,61.041725158691406
2008-02-26,62.45170211791992
2008-02-27,63.710060119628906
2008-02-28,61.99686813354492
2008-02-29,62.28114700317383
2008-03-03,61.87556838989258
2008-03-04,60.35569763183594
2008-03-05,61.58753204345703
2008-03-07,61.56098556518555
2008-03-10,63.70248794555664
2008-03-11,64.54390716552734
2008-03-12,61.507930755615234
2008-03-13,59.27169036865234
2008-03-14,61.496559143066406
2008-03-17,58.10050582885742
2008-03-18,59.92361831665039
2008-03-19,59.71135711669922
2008-03-24,59.23378753662109
2008-03-25,60.31401824951172
2008-03-26,61.53446578979492
2008-03-27,61.34496307373047
2008-03-28,63.22111511230469
2008-03-31,62.67152404785156
2008-04-01,63.34999465942383
2008-04-02,63.35757446289063
2008-04-03,64.86229705810547
2008-04-04,63.20595932006836
2008-04-07,64.4226303100586
2008-04-08,67.65948486328125
2008-04-09,67.17813110351562
2008-04-10,66.1017074584961
2008-04-11,67.31077575683594
2008-04-15,67.14022827148438
2008-04-16,67.88311767578125
2008-04-17,68.12568664550781
2008-04-21,67.3941650390625
2008-04-22,65.82501983642578
2008-04-23,66.6891860961914
2008-04-24,64.79405212402344
2008-04-25,65.2489013671875
2008-04-28,66.31394958496094
2008-04-29,66.62096405029297
2008-04-30,69.25517272949219
2008-05-02,70.58174896240234
2008-05-05,69.02017974853516
2008-05-06,68.33794403076172
2008-05-07,69.3575210571289
2008-05-08,69.00502014160156
2008-05-09,68.66767883300781
2008-05-12,69.01260375976562
2008-05-13,70.47943878173828
2008-05-14,69.52806091308594
2008-05-15,70.03215789794922
2008-05-16,71.84770202636719
2008-05-20,69.88436126708984
2008-05-21,71.95381927490234
2008-05-22,69.6607437133789
2008-05-23,67.84520721435547
2008-05-26,66.75740814208984
2008-05-27,63.937477111816406
2008-05-28,63.16805267333984
2008-05-29,65.27922058105469
2008-05-30,65.38155364990234
2008-06-02,64.28997039794922
2008-06-03,62.05751037597656
2008-06-04,59.04427719116211
2008-06-05,61.86421203613281
2008-06-06,60.71577453613281
2008-06-09,59.537017822265625
2008-06-10,58.53639602661133
2008-06-11,59.41191482543945
2008-06-12,59.71135711669922
2008-06-13,58.78274917602539
2008-06-16,59.1504135131836
2008-06-17,60.81053161621094
2008-06-18,59.03670120239258
2008-06-19,56.58063125610352
2008-06-20,56.75117874145508
2008-06-23,57.16431427001953
2008-06-24,57.89204406738281
2008-06-25,59.87434005737305
2008-06-26,60.32159423828125
2008-06-27,57.077144622802734
2008-06-30,56.58442306518555
2008-07-01,54.41640090942383
2008-07-02,55.35258865356445
2008-07-03,53.76828384399414
2008-07-04,54.26857376098633
2008-07-07,55.22372055053711
2008-07-08,53.70762634277344
2008-07-09,54.408817291259766
2008-07-10,55.74299621582031
2008-07-11,54.079063415527344
2008-07-14,54.42020034790039
2008-07-15,53.718997955322266
2008-07-16,54.42397689819336
2008-07-17,55.705074310302734
2008-07-18,55.59516525268555
2008-07-21,55.73540496826172
2008-07-22,57.365211486816406
2008-07-23,58.69179153442383
2008-07-24,58.19526290893555
2008-07-25,58.926795959472656
2008-07-28,59.65071487426758
2008-07-29,57.293190002441406
2008-07-30,57.95647048950195
2008-07-31,57.603981018066406
2008-08-01,57.52619171142578
2008-08-04,57.546043395996094
2008-08-05,57.51824188232422
2008-08-06,57.4547119140625
2008-08-07,57.184688568115234
2008-08-08,57.33558654785156
2008-08-11,58.29654693603516
2008-08-12,58.56655883789063
2008-08-13,59.0907096862793
2008-08-14,59.17012023925781
2008-08-18,57.99872589111328
2008-08-19,57.72871398925781
2008-08-20,58.05034637451172
2008-08-21,56.9384994506836
2008-08-22,57.4110221862793
2008-08-25,57.62545776367188
2008-08-26,56.66849136352539
2008-08-27,56.56126403808594
2008-08-28,55.17542266845703
2008-08-29,56.29521942138672
2008-09-01,56.5255241394043
2008-09-02,57.041725158691406
2008-09-04,57.76840591430664
2008-09-05,57.10527801513672
2008-09-08,57.3792610168457
2008-09-09,56.9901123046875
2008-09-10,56.68436050415039
2008-09-11,56.120487213134766
2008-09-12,55.59634780883789
2008-09-15,54.694950103759766
2008-09-16,53.73796463012695
2008-09-17,55.29057693481445
2008-09-18,55.65192031860352
2008-09-19,56.77965927124024
2008-09-22,55.6995849609375
2008-09-23,54.70686721801758
2008-09-24,54.61552810668945
2008-09-25,55.04042434692383
2008-09-26,53.68634414672852
2008-09-29,53.861061096191406
2008-09-30,53.12247848510742
2008-10-01,53.94842529296875
2008-10-03,54.57185363769531
2008-10-06,54.13903045654297
2008-10-07,53.24557876586914
2008-10-08,49.24292755126953
2008-10-10,45.569862365722656
2008-10-13,48.087398529052734
2008-10-14,48.798187255859375
2008-10-15,48.055625915527344
2008-10-16,46.50300979614258
2008-10-17,45.96694946289063
2008-10-20,45.2760124206543
2008-10-21,45.55794143676758
2008-10-22,44.49374008178711
2008-10-23,44.07282638549805
2008-10-24,42.3733024597168
2008-10-27,40.852447509765625
2008-10-29,40.72538375854492
2008-10-31,40.320350646972656
2008-11-03,42.09930038452149
2008-11-04,41.00731658935547
2008-11-05,42.67111587524414
2008-11-06,40.27269744873047
2008-11-07,40.896121978759766
2008-11-10,42.08738708496094
2008-11-11,41.97223663330078
2008-11-12,41.03113555908203
2008-11-14,41.15026473999024
2008-11-17,40.44741821289063
2008-11-18,39.133056640625
2008-11-19,38.59698867797852
2008-11-20,36.667137145996094
2008-11-21,36.52021789550781
2008-11-24,35.92061233520508
2008-11-25,39.03776168823242
2008-11-26,38.74390411376953
2008-11-27,38.74390411376953
2008-11-28,42.02386474609375
2008-12-01,40.72934722900391
2008-12-02,41.225711822509766
2008-12-03,42.50035858154297
2008-12-04,43.58044052124024
2008-12-05,43.14762496948242
2008-12-08,42.47653579711914
2008-12-10,42.49242401123047
2008-12-11,44.47785949707031
2008-12-12,43.67574691772461
2008-12-15,44.0370979309082
2008-12-16,43.51691055297852
2008-12-17,42.198577880859375
2008-12-18,43.35410690307617
2008-12-19,46.7611198425293
2008-12-22,48.33358383178711
2008-12-23,47.217769622802734
2008-12-24,47.09070587158203
2008-12-26,45.843841552734375
2008-12-29,47.07482147216797
2008-12-30,47.63869094848633
2008-12-31,47.654563903808594
2009-01-02,50.144317626953125
2009-01-05,49.88620376586914
2009-01-06,49.61221694946289
2009-01-07,49.18733215332031
2009-01-09,48.74259185791016
2009-01-12,48.55993270874024
2009-01-13,49.40573120117188
2009-01-14,49.72737503051758
2009-01-15,50.025184631347656
2009-01-16,50.05298614501953
2009-01-19,50.01723861694336
2009-01-20,49.469268798828125
2009-01-21,48.35344696044922
2009-01-22,48.44478225708008
2009-01-23,49.40573120117188
2009-01-27,49.32234954833984
2009-01-28,49.35808181762695
2009-01-29,49.77103805541992
2009-01-30,48.1191635131836
2009-02-02,47.17012405395508
2009-02-03,44.684349060058594
2009-02-04,45.228363037109375
2009-02-05,43.92194747924805
2009-02-06,43.7313346862793
2009-02-09,43.70353698730469
2009-02-10,43.945762634277344
2009-02-11,43.70353698730469
2009-02-12,43.326297760009766
2009-02-13,43.50896835327149
2009-02-16,43.43352127075195
2009-02-17,42.86172103881836
2009-02-18,42.07548141479492
2009-02-19,41.3686637878418
2009-02-20,43.29056930541992
2009-02-24,43.39778137207031
2009-02-25,44.50169372558594
2009-02-26,45.9510612487793
2009-02-27,46.05033493041992
2009-03-02,44.69625854492188
2009-03-03,43.7313346862793
2009-03-04,43.71942138671875
2009-03-05,42.94113540649414
2009-03-06,43.512939453125
2009-03-09,43.08409118652344
2009-03-12,43.03246307373047
2009-03-13,43.38587951660156
2009-03-16,42.004005432128906
2009-03-17,41.86900329589844
2009-03-18,41.34086227416992
2009-03-19,41.31307220458984
2009-03-20,42.53212356567383
2009-03-23,43.65986633300781
2009-03-24,42.38520812988281
2009-03-25,43.26276779174805
2009-03-26,44.48183059692383
2009-03-27,44.92259979248047
2009-03-30,46.04240036010742
2009-03-31,46.42359161376953
2009-04-01,46.37197494506836
2009-04-02,46.90010070800781
2009-04-06,46.86833572387695
2009-04-08,46.9636344909668
2009-04-09,47.4202880859375
2009-04-13,49.34220123291016
2009-04-15,51.494415283203125
2009-04-16,53.55133056640625
2009-04-17,53.96034240722656
2009-04-20,54.77436447143555
2009-04-21,54.88951110839844
2009-04-22,54.694950103759766
2009-04-23,54.8299560546875
2009-04-24,55.16350936889648
2009-04-27,55.413673400878906
2009-04-28,54.11916732788086
2009-04-29,53.884883880615234
2009-04-30,55.036434173583984
2009-05-04,55.2508659362793
2009-05-05,55.032474517822266
2009-05-06,55.54072952270508
2009-05-07,56.195945739746094
2009-05-08,57.39117050170898
2009-05-11,56.4659538269043
2009-05-12,55.55265426635742
2009-05-13,54.1628532409668
2009-05-14,53.452056884765625
2009-05-15,54.222412109375
2009-05-18,57.827972412109375
2009-05-19,54.79024887084961
2009-05-20,55.42558670043945
2009-05-21,55.33426284790039
2009-05-22,54.70288848876953
2009-05-25,55.56854248046875
2009-05-26,55.13572692871094
2009-05-27,55.62810897827149
2009-05-28,54.59169387817383
2009-05-29,55.04835510253906
2009-06-01,54.9570198059082
2009-06-02,57.355430603027344
2009-06-03,62.57317352294922
2009-06-04,63.76047897338867
2009-06-05,63.049686431884766
2009-06-08,61.52487564086914
2009-06-09,64.62216186523438
2009-06-10,64.7452621459961
2009-06-11,62.40243148803711
2009-06-12,60.46066284179688
2009-06-15,60.583778381347656
2009-06-16,60.95305252075195
2009-06-17,59.249549865722656
2009-06-18,57.85974884033203
2009-06-19,57.62545776367188
2009-06-22,57.895484924316406
2009-06-23,57.67311096191406
2009-06-24,57.48646926879883
2009-06-25,55.89812088012695
2009-06-26,57.86767959594727
2009-06-29,58.76113128662109
2009-06-30,57.27204513549805
2009-07-01,58.3402099609375
2009-07-02,58.38389587402344
2009-07-03,58.71744537353516
2009-07-06,56.21580123901367
2009-07-07,56.863059997558594
2009-07-08,56.54140472412109
2009-07-09,57.669132232666016
2009-07-10,57.82002258300781
2009-07-13,57.013938903808594
2009-07-14,57.87165451049805
2009-07-15,59.0907096862793
2009-07-16,59.87297439575195
2009-07-17,59.76974487304688
2009-07-20,60.01593780517578
2009-07-21,60.17080307006836
2009-07-22,61.016597747802734
2009-07-23,62.36668014526367
2009-07-24,62.33492660522461
2009-07-27,64.04638671875
2009-07-28,63.77238845825195
2009-07-29,63.76443099975586
2009-07-30,65.31707000732422
2009-07-31,67.58045959472656
2009-08-03,72.20652770996094
2009-08-04,71.81737518310547
2009-08-05,71.38062286376953
2009-08-06,69.46266174316406
2009-08-07,67.44943237304688
2009-08-10,67.11587524414062
2009-08-11,68.58906555175781
2009-08-12,71.11852264404297
2009-08-13,73.63581848144531
2009-08-14,75.83039855957031
2009-08-17,72.36845397949219
2009-08-18,72.36441040039062
2009-08-19,72.10932922363281
2009-08-20,71.77731323242188
2009-08-21,75.98829650878906
2009-08-24,78.86314392089844
2009-08-25,77.74964904785156
2009-08-26,78.78620147705078
2009-08-27,77.80632019042969
2009-08-28,76.72119140625
2009-08-31,76.51467895507812
2009-09-01,75.43358612060547
2009-09-02,75.72917175292969
2009-09-03,76.63616943359375
2009-09-04,76.18671417236328
2009-09-07,76.44585418701172
2009-09-08,75.4538345336914
2009-09-09,76.60376739501953
2009-09-10,75.40525817871094
2009-09-11,74.4132308959961
2009-09-14,73.7167739868164
2009-09-15,74.82624053955078
2009-09-16,74.55496215820312
2009-09-17,73.9597396850586
2009-09-18,74.11360168457031
2009-09-22,74.1217269897461
2009-09-23,73.8423080444336
2009-09-24,73.50220489501953
2009-09-25,73.80182647705078
2009-09-29,73.95166015625
2009-09-30,72.63976287841797
2009-10-01,72.38871765136719
2009-10-05,71.03632354736328
2009-10-06,70.50996398925781
2009-10-07,70.38444519042969
2009-10-08,71.5424575805664
2009-10-09,71.12944793701172
2009-10-12,70.81768798828125
2009-10-13,70.7771987915039
2009-10-14,71.08086395263672
2009-10-15,71.28738403320312
2009-10-16,71.23880004882812
2009-10-20,70.50592041015625
2009-10-21,69.67183685302734
2009-10-22,69.2992935180664
2009-10-23,70.25081634521484
2009-10-26,68.8458023071289
2009-10-27,67.35980987548828
2009-10-28,68.12507629394531
2009-10-29,69.24261474609375
2009-10-30,69.37217712402344
2009-11-03,67.79710388183594
2009-11-04,68.58263397216797
2009-11-05,69.69205474853516
2009-11-06,72.42921447753906
2009-11-09,73.09324645996094
2009-11-10,73.91521453857422
2009-11-11,74.89911651611328
2009-11-12,74.0771713256836
2009-11-13,73.50624084472656
2009-11-16,72.4251480102539
2009-11-17,71.15374755859375
2009-11-18,71.2630844116211
2009-11-19,69.53414916992188
2009-11-20,70.41278839111328
2009-11-23,71.11328887939453
2009-11-24,73.31595611572266
2009-11-25,73.03656005859375
2009-11-26,72.86246490478516
2009-11-27,71.97976684570312
2009-11-30,73.02847290039062
2009-12-01,73.27141571044922
2009-12-02,72.49398040771484
2009-12-03,72.00808715820312
2009-12-04,74.58734893798828
2009-12-07,74.71287536621094
2009-12-08,77.41761779785156
2009-12-09,77.19898986816406
2009-12-10,77.51885986328125
2009-12-11,76.5268325805664
2009-12-14,75.64415740966797
2009-12-15,74.92747497558594
2009-12-16,75.72917175292969
2009-12-17,75.25543975830078
2009-12-18,74.86671447753906
2009-12-21,75.14207458496094
2009-12-22,75.29188537597656
2009-12-23,76.74141693115234
2009-12-24,76.92770385742188
2009-12-29,77.51480865478516
2009-12-30,77.21111297607422
2009-12-31,76.20697784423828
2010-01-04,76.87100219726562
2010-01-05,82.83119201660156
2010-01-06,84.12687683105469
2010-01-07,84.42244720458984
2010-01-08,84.84356689453125
2010-01-11,85.32135772705078
2010-01-12,83.36971282958984
2010-01-13,84.45889282226562
2010-01-14,84.15928649902344
2010-01-15,84.10260009765625
2010-01-18,83.49117279052734
2010-01-19,82.16309356689453
2010-01-20,81.1144027709961
2010-01-21,79.62840270996094
2010-01-22,79.02507781982422
2010-01-25,78.04524230957031
2010-01-27,75.72513580322266
2010-01-28,73.89900207519531
2010-01-29,74.10955047607422
2010-02-01,76.10978698730469
2010-02-02,74.87077331542969
2010-02-03,77.19898986816406
2010-02-04,76.04499816894531
2010-02-05,75.23519897460938
2010-02-08,76.09764099121094
2010-02-09,76.40535736083984
2010-02-10,75.62793731689453
2010-02-11,77.29615783691406
2010-02-15,76.9600830078125
2010-02-16,76.64021301269531
2010-02-17,76.12193298339844
2010-02-18,76.18267059326172
2010-02-19,75.06108093261719
2010-02-22,75.3445053100586
2010-02-23,75.32832336425781
2010-02-24,75.76155090332031
2010-02-25,74.74120330810547
2010-02-26,75.92353057861328
2010-03-02,77.28401947021484
2010-03-03,79.10607147216797
2010-03-04,79.2923355102539
2010-03-05,78.51895141601562
2010-03-08,77.78203582763672
2010-03-09,76.4175033569336
2010-03-10,77.50265502929688
2010-03-11,78.03306579589844
2010-03-12,77.74964904785156
2010-03-15,77.83062744140625
2010-03-16,77.34878540039062
2010-03-17,77.61602020263672
2010-03-18,76.87505340576172
2010-03-19,76.91148376464844
2010-03-22,77.18278503417969
2010-03-23,76.04095458984375
2010-03-25,76.10978698730469
2010-03-26,75.75752258300781
2010-03-29,78.30435180664062
2010-03-30,80.04949951171875
2010-03-31,79.26802825927734
2010-04-01,78.5877914428711
2010-04-05,78.25982666015625
2010-04-06,78.54732513427734
2010-04-07,79.0574722290039
2010-04-08,78.83477783203125
2010-04-09,81.08604431152344
2010-04-12,82.61254119873047
2010-04-13,82.2116928100586
2010-04-15,81.47476196289062
2010-04-16,79.6850814819336
2010-04-19,80.33697509765625
2010-04-20,80.59611511230469
2010-04-21,81.82298278808594
2010-04-22,82.72590637207031
2010-04-23,84.05400085449219
2010-04-26,84.93668365478516
2010-04-27,83.96492004394531
2010-04-28,81.62863159179688
2010-04-29,82.89192199707031
2010-04-30,85.27680969238281
2010-05-03,84.56824493408203
2010-05-04,82.4020004272461
2010-05-05,83.5640640258789
2010-05-06,83.4304428100586
2010-05-07,83.041748046875
2010-05-10,83.81510925292969
2010-05-11,83.41018676757812
2010-05-12,83.60050201416016
2010-05-13,84.16735076904297
2010-05-14,86.68992614746094
2010-05-17,89.5566177368164
2010-05-18,90.33406829833984
2010-05-19,89.16389465332031
2010-05-20,89.56068420410156
2010-05-21,88.92904663085938
2010-05-24,86.65348052978516
2010-05-25,85.58452606201172
2010-05-26,83.4304428100586
2010-05-27,81.60028076171875
2010-05-28,85.79914093017578
2010-05-31,87.77506256103516
2010-06-01,86.64539337158203
2010-06-02,86.55630493164062
2010-06-03,88.14351654052734
2010-06-04,88.14351654052734
2010-06-07,86.89643096923828
2010-06-08,86.39434051513672
2010-06-09,85.45901489257812
2010-06-10,86.74659729003906
2010-06-11,89.37442779541016
2010-06-14,90.02227020263672
2010-06-15,90.75111389160156
2010-06-16,90.83209991455078
2010-06-17,92.67440032958984
2010-06-18,91.6621322631836
2010-06-21,95.87313079833984
2010-06-22,95.5411148071289
2010-06-23,96.3995132446289
2010-06-24,95.25768280029295
2010-06-25,95.447998046875
2010-06-28,97.14859008789062
2010-06-29,96.71128845214844
2010-06-30,98.43214416503906
2010-07-01,98.06771850585938
2010-07-02,97.82477569580078
2010-07-05,97.50086975097656
2010-07-06,97.4603500366211
2010-07-07,97.62232971191406
2010-07-08,97.66281127929688
2010-07-09,98.14869689941406
2010-07-12,97.01497650146484
2010-07-13,97.0554656982422
2010-07-14,94.74752807617188
2010-07-15,93.65426635742188
2010-07-16,97.58184814453124
2010-07-19,98.27017974853516
2010-07-20,98.71556854248048
2010-07-21,98.43214416503906
2010-07-22,97.90575408935548
2010-07-23,97.70330047607422
2010-07-26,95.2333984375
2010-07-27,96.08370208740234
2010-07-28,95.759765625
2010-07-29,94.42359161376952
2010-07-30,93.97820281982422
2010-08-02,94.9904556274414
2010-08-03,95.8002700805664
2010-08-04,94.34260559082033
2010-08-05,93.95167541503906
2010-08-06,92.3453140258789
2010-08-09,92.96314239501952
2010-08-10,92.51006317138672
2010-08-11,93.828125
2010-08-12,92.71602630615234
2010-08-13,94.0340576171875
2010-08-16,91.64510345458984
2010-08-17,90.69776153564452
2010-08-18,89.66802215576172
2010-08-19,93.12789916992188
2010-08-20,91.8510513305664
2010-08-23,96.13469696044922
2010-08-24,95.92874908447266
2010-08-25,96.3818359375
2010-08-26,97.32916259765624
2010-08-27,96.99964904785156
2010-08-30,96.87608337402344
2010-08-31,99.26505279541016
2010-09-01,101.32447052001952
2010-09-02,100.83020782470705
2010-09-03,100.6242904663086
2010-09-06,101.44803619384766
2010-09-07,105.19622039794922
2010-09-08,104.82553100585938
2010-09-09,105.27861785888672
2010-09-13,103.75462341308594
2010-09-14,102.0658721923828
2010-09-15,101.53041076660156
2010-09-16,100.6242904663086
2010-09-17,101.0361557006836
2010-09-20,102.60132598876952
2010-09-21,100.91259002685548
2010-09-22,99.51216888427734
2010-09-23,101.77757263183594
2010-09-24,103.0543975830078
2010-09-27,101.81873321533205
2010-09-28,101.20091247558594
2010-09-29,100.0888214111328
2010-09-30,99.01789855957033
2010-10-01,101.7363739013672
2010-10-04,102.68370056152344
2010-10-05,104.61957550048828
2010-10-06,106.5142822265625
2010-10-07,109.89175415039062
2010-10-08,109.23274230957033
2010-10-11,110.59196472167967
2010-10-12,107.9146957397461
2010-10-13,110.18008422851562
2010-10-14,109.60343933105467
2010-10-15,106.96733856201172
2010-10-18,106.76140594482422
2010-10-19,106.88497924804688
2010-10-20,106.55545043945312
2010-10-21,107.42042541503906
2010-10-22,105.89644622802734
2010-10-25,105.81404876708984
2010-10-26,104.9079132080078
2010-10-27,104.82553100585938
2010-10-28,106.22594451904295
2010-10-29,102.68370056152344
2010-11-01,102.60132598876952
2010-11-02,103.09558868408205
2010-11-03,102.60132598876952
2010-11-04,102.39539337158205
2010-11-08,103.09558868408205
2010-11-09,104.94908905029295
2010-11-10,108.65608978271484
2010-11-11,105.5257568359375
2010-11-12,102.84846496582033
2010-11-15,102.76608276367188
2010-11-16,99.84165954589844
2010-11-18,98.52364349365234
2010-11-19,98.9355239868164
2010-11-22,98.7707748413086
2010-11-23,96.5465850830078
2010-11-24,96.2170639038086
2010-11-25,90.57420349121094
2010-11-26,92.6336441040039
2010-11-29,93.0455322265625
2010-11-30,93.0455322265625
2010-12-01,94.52833557128906
2010-12-02,94.94022369384766
2010-12-03,93.99285125732422
2010-12-06,94.69305419921876
2010-12-07,94.94022369384766
2010-12-08,94.61068725585938
2010-12-09,91.8510513305664
2010-12-10,91.39797973632812
2010-12-13,92.92196655273438
2010-12-14,93.99285125732422
2010-12-15,94.56951904296876
2010-12-16,94.85782623291016
2010-12-20,95.10494995117188
2010-12-21,95.39329528808594
2010-12-22,93.58097076416016
2010-12-23,92.59243774414062
2010-12-24,92.67481994628906
2010-12-27,90.40943908691406
2010-12-28,90.24468231201172
2010-12-29,90.12113189697266
2010-12-30,88.35001373291016
2010-12-31,89.05021667480469
2011-01-03,91.8510513305664
2011-01-04,93.16909790039062
2011-01-05,92.51006317138672
2011-01-06,91.43915557861328
2011-01-07,89.21497344970703
2011-01-10,85.87866973876953
2011-01-11,83.94281005859375
2011-01-12,85.46680450439453
2011-01-13,85.05490112304688
2011-01-14,86.00224304199219
2011-01-17,86.41413879394531
2011-01-18,86.29055786132812
2011-01-19,86.455322265625
2011-01-20,87.73217010498047
2011-01-21,87.03196716308594
2011-01-24,87.52622985839844
2011-01-25,87.48502349853516
2011-01-27,87.60861206054688
2011-01-28,82.21285247802734
2011-01-31,81.92455291748047
2011-02-01,80.97721862792969
2011-02-02,80.19461059570312
2011-02-03,79.12370300292969
2011-02-04,78.50586700439453
2011-02-07,78.87657928466797
2011-02-08,76.19929504394531
2011-02-09,72.36874389648438
2011-02-10,72.57467651367188
2011-02-11,75.54029083251953
2011-02-14,77.92923736572266
2011-02-15,78.87657928466797
2011-02-16,77.8056640625
2011-02-17,83.73686218261719
2011-02-18,77.84684753417969
2011-02-21,79.20608520507812
2011-02-22,79.41203308105469
2011-02-23,78.50586700439453
2011-02-24,71.99803924560547
2011-02-25,72.98656463623047
2011-02-28,73.52203369140625
2011-03-01,74.9636459350586
2011-03-03,74.4693832397461
2011-03-04,74.75768280029297
2011-03-07,73.11014556884766
2011-03-08,77.10545349121094
2011-03-09,79.37084197998047
2011-03-10,79.41203308105469
2011-03-11,83.44853973388672
2011-03-14,84.1075439453125
2011-03-15,81.14195251464844
2011-03-16,81.63622283935547
2011-03-17,80.15343475341797
2011-03-18,80.40055847167969
2011-03-21,80.93601989746094
2011-03-22,80.64768981933594
2011-03-23,80.44175720214844
2011-03-24,81.7597885131836
2011-03-25,80.85364532470703
2011-03-28,81.14195251464844
2011-03-29,79.08251953125
2011-03-30,79.9474868774414
2011-03-31,80.52412414550781
2011-04-01,82.91307830810547
2011-04-04,83.90161895751953
2011-04-05,86.8260269165039
2011-04-06,87.85572052001953
2011-04-07,89.709228515625
2011-04-08,86.20818328857422
2011-04-11,84.43707275390625
2011-04-13,85.0960922241211
2011-04-15,85.05490112304688
2011-04-18,82.7071304321289
2011-04-19,83.57209014892578
2011-04-20,83.86042022705078
2011-04-21,84.89015197753906
2011-04-25,84.14875030517578
2011-04-26,86.04342651367188
2011-04-27,85.63155364990234
2011-04-28,84.51944732666016
2011-04-29,82.99544525146484
2011-05-02,82.37761688232422
2011-05-03,81.92455291748047
2011-05-04,80.64768981933594
2011-05-05,79.37084197998047
2011-05-06,80.359375
2011-05-09,80.48292541503906
2011-05-10,82.21285247802734
2011-05-11,82.99544525146484
2011-05-12,80.6888656616211
2011-05-13,81.67739868164062
2011-05-16,80.11223602294922
2011-05-17,79.37084197998047
2011-05-18,79.41203308105469
2011-05-19,79.24727630615234
2011-05-20,80.15343475341797
2011-05-23,78.62944793701172
2011-05-24,75.91098022460938
2011-05-25,72.65706634521484
2011-05-26,70.63880920410156
2011-05-27,72.65706634521484
2011-05-30,71.54497528076172
2011-05-31,71.99803924560547
2011-06-01,75.45790100097656
2011-06-02,77.43496704101562
2011-06-03,77.10545349121094
2011-06-06,76.73473358154297
2011-06-07,77.59972381591797
2011-06-08,80.89483642578125
2011-06-09,79.61798095703125
2011-06-10,78.95893859863281
2011-06-13,82.29524993896484
2011-06-14,82.4188232421875
2011-06-15,81.26554107666016
2011-06-16,79.86510467529297
2011-06-17,81.2243423461914
2011-06-20,76.94071197509766
2011-06-21,76.07573699951172
2011-06-22,74.34579467773438
2011-06-23,74.63412475585938
2011-06-24,75.62266540527344
2011-06-27,75.82861328125
2011-06-28,76.36405944824219
2011-06-29,76.65238189697266
2011-06-30,79.53559875488281
2011-07-01,80.52412414550781
2011-07-04,85.9610595703125
2011-07-05,84.84893798828125
2011-07-06,85.01370239257812
2011-07-07,86.49649810791016
2011-07-08,82.37761688232422
2011-07-11,83.57209014892578
2011-07-12,82.7071304321289
2011-07-13,83.73686218261719
2011-07-14,84.47825622558594
2011-07-15,83.07783508300781
2011-07-18,84.97251892089844
2011-07-19,84.68418884277344
2011-07-20,83.16021728515625
2011-07-21,81.7597885131836
2011-07-22,84.68418884277344
2011-07-25,86.8260269165039
2011-07-26,86.455322265625
2011-07-27,89.4209213256836
2011-07-28,88.96782684326172
2011-07-29,87.77336120605469
2011-08-01,88.14405822753906
2011-08-02,86.16699981689453
2011-08-03,88.67952728271484
2011-08-04,91.43915557861328
2011-08-05,87.60861206054688
2011-08-08,87.56742095947266
2011-08-09,84.64301300048828
2011-08-10,89.57793426513672
2011-08-11,86.47021484375
2011-08-12,85.92427062988281
2011-08-16,82.69055938720703
2011-08-17,80.08678436279297
2011-08-18,74.41729736328125
2011-08-19,73.57738494873047
2011-08-22,76.09715270996094
2011-08-23,77.35702514648438
2011-08-24,76.60111236572266
2011-08-25,77.3990478515625
2011-08-26,75.04725646972656
2011-08-29,78.40695190429688
2011-08-30,78.57494354248047
2011-09-02,77.86100006103516
2011-09-05,76.93707275390625
2011-09-06,79.12088775634766
2011-09-07,79.28887939453125
2011-09-08,79.41486358642578
2011-09-09,78.36495208740234
2011-09-12,76.47513580322266
2011-09-13,76.55913543701172
2011-09-14,77.2730484008789
2011-09-15,77.77700805664062
2011-09-16,76.05516815185547
2011-09-19,76.13916015625
2011-09-20,77.3990478515625
2011-09-21,77.94499969482422
2011-09-22,72.40148162841797
2011-09-23,73.11540985107422
2011-09-26,72.82145690917969
2011-09-27,74.41729736328125
2011-09-28,72.61145782470703
2011-09-29,71.98151397705078
2011-09-30,72.0655288696289
2011-10-03,70.55364990234375
2011-10-04,69.6297378540039
2011-10-05,68.11788177490234
2011-10-07,69.33576965332031
2011-10-10,71.93952178955078
2011-10-11,72.77945709228516
2011-10-12,73.99732971191406
2011-10-13,72.86344909667969
2011-10-14,73.829345703125
2011-10-17,75.84518432617188
2011-10-18,73.5353775024414
2011-10-19,73.5353775024414
2011-10-20,71.60356140136719
2011-10-21,71.1416015625
2011-10-24,71.51956939697266
2011-10-25,72.94744873046875
2011-10-28,75.38320922851562
2011-10-31,77.77700805664062
2011-11-01,76.97908020019531
2011-11-02,76.55913543701172
2011-11-03,76.18113708496094
2011-11-04,76.39111328125
2011-11-08,76.22312927246094
2011-11-09,74.8792724609375
2011-11-11,74.16532135009766
2011-11-14,73.661376953125
2011-11-15,72.02351379394531
2011-11-16,70.30167388916016
2011-11-17,69.29376220703125
2011-11-18,69.37776184082031
2011-11-21,68.87379455566406
2011-11-22,69.46174621582031
2011-11-23,67.99188995361328
2011-11-24,69.20977020263672
2011-11-25,68.495849609375
2011-11-28,70.34367370605469
2011-11-29,70.63764953613281
2011-11-30,70.51166534423828
2011-12-01,74.12332916259766
2011-12-02,77.06307983398438
2011-12-05,76.05516815185547
2011-12-07,76.30713653564453
2011-12-08,75.38320922851562
2011-12-09,75.34122467041016
2011-12-12,73.5353775024414
2011-12-13,74.5853042602539
2011-12-14,73.49339294433594
2011-12-15,75.42521667480469
2011-12-16,72.56946563720703
2011-12-19,70.97361755371094
2011-12-20,71.43557739257812
2011-12-21,72.52745056152344
2011-12-22,75.46720886230469
2011-12-23,74.50129699707031
2011-12-26,74.50129699707031
2011-12-27,73.91334533691406
2011-12-28,73.4513931274414
2011-12-29,75.67717742919922
2011-12-30,75.67717742919922
2012-01-02,76.39111328125
2012-01-03,79.41486358642578
2012-01-04,80.12879180908203
2012-01-05,78.19696807861328
2012-01-06,78.53292083740234
2012-01-09,78.19696807861328
2012-01-10,78.910888671875
2012-01-11,78.02897644042969
2012-01-12,78.02897644042969
2012-01-13,79.0788803100586
2012-01-16,82.73255157470703
2012-01-17,81.64065551757812
2012-01-18,78.11296844482422
2012-01-19,78.86891174316406
2012-01-20,77.81900024414062
2012-01-23,77.31505584716797
2012-01-24,78.36495208740234
2012-01-25,80.00279235839844
2012-01-27,81.5566635131836
2012-01-30,82.22860717773438
2012-01-31,90.50186920166016
2012-02-01,91.67777252197266
2012-02-02,92.39169311523438
2012-02-03,100.5809555053711
2012-02-06,97.47322845458984
2012-02-07,95.24742889404295
2012-02-08,98.90110778808594
2012-02-09,103.35271453857422
2012-02-10,99.90901184082033
2012-02-13,102.0088348388672
2012-02-14,101.46287536621094
2012-02-15,101.630859375
2012-02-16,101.5468521118164
2012-02-17,100.1189956665039
2012-02-21,101.46287536621094
2012-02-22,98.43915557861328
2012-02-23,100.79093933105467
2012-02-24,100.74894714355467
2012-02-27,94.95346069335938
2012-02-28,101.37887573242188
2012-02-29,105.45252227783205
2012-03-01,103.60468292236328
2012-03-02,101.25289154052734
2012-03-05,97.43124389648438
2012-03-06,95.58341217041016
2012-03-07,97.51522827148438
2012-03-09,99.2790756225586
2012-03-12,98.10316467285156
2012-03-13,99.19507598876952
2012-03-14,101.12689971923828
2012-03-15,97.43124389648438
2012-03-16,94.86946105957033
2012-03-19,92.13970184326172
2012-03-20,94.99545288085938
2012-03-21,96.33932495117188
2012-03-22,93.18961334228516
2012-03-23,94.65947723388672
2012-03-26,91.67777252197266
2012-03-27,92.43368530273438
2012-03-28,92.26570129394533
2012-03-29,90.96381378173828
2012-03-30,94.36551666259766
2012-04-02,96.88528442382812
2012-04-03,99.90901184082033
2012-04-04,98.85911560058594
2012-04-09,98.22916412353516
2012-04-10,98.6071319580078
2012-04-11,99.3210678100586
2012-04-12,101.798828125
2012-04-13,98.10316467285156
2012-04-16,99.53103637695312
2012-04-17,99.90901184082033
2012-04-18,100.0770034790039
2012-04-19,104.15062713623048
2012-04-20,102.21881866455078
2012-04-23,98.6071319580078
2012-04-24,99.53103637695312
2012-04-25,97.97718048095705
2012-04-26,96.96926879882812
2012-04-27,97.17926025390624
2012-04-30,98.18716430664062
2012-05-02,100.24497985839844
2012-05-03,98.64913940429688
2012-05-04,96.08734893798828
2012-05-07,97.5992202758789
2012-05-08,94.78546905517578
2012-05-09,92.8116455078125
2012-05-10,94.44950103759766
2012-05-11,91.08980560302734
2012-05-14,86.55422973632812
2012-05-15,88.0660629272461
2012-05-16,90.58585357666016
2012-05-17,90.16587829589844
2012-05-18,88.65402221679688
2012-05-21,89.70391845703125
2012-05-22,89.8719253540039
2012-05-23,90.62784576416016
2012-05-24,92.05572509765624
2012-05-25,90.66984558105467
2012-05-28,93.31561279296876
2012-05-29,92.39169311523438
2012-05-30,90.3338623046875
2012-05-31,90.3758773803711
2012-06-01,88.7380142211914
2012-06-04,87.81409454345703
2012-06-05,88.48603820800781
2012-06-06,90.62784576416016
2012-06-07,91.67777252197266
2012-06-08,94.11353302001952
2012-06-11,93.10562133789062
2012-06-12,94.11353302001952
2012-06-13,91.1318130493164
2012-06-14,88.90599060058594
2012-06-15,90.4178695678711
2012-06-18,88.7380142211914
2012-06-19,88.10807800292969
2012-06-20,89.24197387695312
2012-06-21,90.4598617553711
2012-06-22,90.87982177734376
2012-06-25,91.9297332763672
2012-06-26,96.71727752685548
2012-06-27,98.39715576171876
2012-06-28,97.22125244140624
2012-06-29,97.38924407958984
2012-07-02,99.06908416748048
2012-07-03,100.41294860839844
2012-07-04,99.78301239013672
2012-07-05,100.32896423339844
2012-07-06,98.94310760498048
2012-07-09,95.87737274169922
2012-07-10,97.17926025390624
2012-07-11,97.8092041015625
2012-07-12,96.92728424072266
2012-07-13,95.91937255859376
2012-07-16,96.12936401367188
2012-07-17,97.7251968383789
2012-07-18,99.99301147460938
2012-07-19,101.92483520507812
2012-07-20,99.74102783203124
2012-07-23,97.13726806640624
2012-07-24,103.64667510986328
2012-07-25,101.46287536621094
2012-07-26,100.83292388916016
2012-07-27,101.33687591552734
2012-07-30,103.01671600341795
2012-07-31,106.67039489746094
2012-08-01,106.71240997314452
2012-08-02,109.23216247558594
2012-08-03,110.15608215332033
2012-08-06,109.14817810058594
2012-08-07,109.0641860961914
2012-08-08,109.2741928100586
2012-08-09,112.06936645507812
2012-08-10,113.43556213378906
2012-08-13,115.39944458007812
2012-08-14,114.33209991455078
2012-08-16,114.33209991455078
2012-08-17,115.01520538330078
2012-08-21,113.4782257080078
2012-08-22,112.53898620605467
2012-08-23,111.8559112548828
2012-08-24,110.02010345458984
2012-08-27,109.67855072021484
2012-08-28,109.2089385986328
2012-08-29,106.90349578857422
2012-08-30,111.2582015991211
2012-08-31,110.83128356933594
2012-09-03,111.34358978271484
2012-09-04,112.36822509765624
2012-09-05,114.11863708496094
2012-09-06,115.78368377685548
2012-09-07,116.63753509521484
2012-09-10,115.5702133178711
2012-09-11,115.10059356689452
2012-09-12,114.75902557373048
2012-09-13,114.33209991455078
2012-09-14,114.11863708496094
2012-09-17,109.72126007080078
2012-09-18,110.78858184814452
2012-09-20,108.7820053100586
2012-09-21,111.89859771728516
2012-09-24,109.97740936279295
2012-09-25,110.02010345458984
2012-09-26,111.47167205810548
2012-09-27,112.41090393066406
2012-09-28,121.97417449951172
2012-10-01,124.36498260498048
2012-10-03,132.69015502929688
2012-10-04,129.7016143798828
2012-10-05,128.25006103515625
2012-10-08,132.81822204589844
2012-10-09,130.98239135742188
2012-10-10,133.33053588867188
2012-10-11,136.66061401367188
2012-10-12,137.68524169921875
2012-10-15,136.617919921875
2012-10-16,137.68524169921875
2012-10-17,138.7098846435547
2012-10-18,138.36831665039062
2012-10-19,134.86746215820312
2012-10-22,136.2763671875
2012-10-23,134.0136260986328
2012-10-25,132.22052001953125
2012-10-29,126.37158203125
2012-10-30,128.67697143554688
2012-10-31,128.20736694335938
2012-11-01,136.44715881347656
2012-11-02,135.16632080078125
2012-11-05,135.4651641845703
2012-11-06,134.7821044921875
2012-11-07,136.23367309570312
2012-11-08,142.893798828125
2012-11-09,144.21726989746094
2012-11-12,144.1318817138672
2012-11-15,152.7132110595703
2012-11-16,148.05967712402344
2012-11-19,140.16139221191406
2012-11-20,135.76405334472656
2012-11-21,137.34368896484375
2012-11-22,136.5751953125
2012-11-23,139.5210418701172
2012-11-26,139.5210418701172
2012-11-27,139.22216796875
2012-11-29,138.83795166015625
2012-11-30,141.6983642578125
2012-12-03,143.91839599609375
2012-12-04,141.9545440673828
2012-12-05,141.39955139160156
2012-12-06,141.52760314941406
2012-12-07,145.02845764160156
2012-12-10,147.5900421142578
2012-12-11,144.9857635498047
2012-12-12,146.90696716308594
2012-12-13,143.49151611328125
2012-12-14,144.08920288085938
2012-12-17,141.44224548339844
2012-12-18,141.05799865722656
2012-12-19,141.0153350830078
2012-12-20,139.13677978515625
2012-12-21,137.34368896484375
2012-12-24,137.1729278564453
2012-12-26,136.74598693847656
2012-12-27,136.31907653808594
2012-12-28,137.0021514892578
2012-12-31,136.5751953125
2013-01-01,137.30101013183594
2013-01-02,142.2960968017578
2013-01-03,141.61302185058594
2013-01-04,140.16139221191406
2013-01-07,138.96604919433594
2013-01-08,139.81988525390625
2013-01-09,138.7098846435547
2013-01-10,137.47178649902344
2013-01-11,135.4651641845703
2013-01-14,136.14828491210938
2013-01-15,135.37982177734375
2013-01-16,133.62940979003906
2013-01-17,132.30587768554688
2013-01-18,130.64088439941406
2013-01-21,131.49472045898438
2013-01-22,129.65895080566406
2013-01-23,127.22543334960938
2013-01-24,124.23690032958984
2013-01-25,126.37158203125
2013-01-28,126.07271575927734
2013-01-29,126.1581039428711
2013-01-30,122.87069702148438
2013-01-31,127.52427673339844
2013-02-01,125.34691619873048
2013-02-04,123.93804931640624
2013-02-05,120.82144165039062
2013-02-06,121.46186065673828
2013-02-07,123.6819076538086
2013-02-08,121.67532348632812
2013-02-11,120.22376251220705
2013-02-12,121.2910614013672
2013-02-13,120.86416625976562
2013-02-14,118.72949981689452
2013-02-15,120.43721771240234
2013-02-18,121.16299438476562
2013-02-19,124.96269989013672
2013-02-20,123.85270690917967
2013-02-21,117.83294677734376
2013-02-22,117.96102142333984
2013-02-25,113.9051742553711
2013-02-26,112.5816879272461
2013-02-27,112.88053894042967
2013-02-28,106.90349578857422
2013-03-01,109.25163269042967
2013-03-04,108.0989227294922
2013-03-05,112.7524642944336
2013-03-06,111.0447235107422
2013-03-07,112.41090393066406
2013-03-08,114.5028839111328
2013-03-11,113.35016632080078
2013-03-12,113.73440551757812
2013-03-13,113.9905776977539
2013-03-14,114.71633911132812
2013-03-15,113.9051742553711
2013-03-18,111.94129943847656
2013-03-19,111.13011169433594
2013-03-20,109.59318542480467
2013-03-21,106.39118957519533
2013-03-22,107.501220703125
2013-03-25,105.49463653564452
2013-03-26,105.4519500732422
2013-03-28,109.1662368774414
2013-04-01,112.2401351928711
2013-04-02,114.58824920654295
2013-04-03,111.55704498291016
2013-04-04,108.7820053100586
2013-04-05,109.46510314941406
2013-04-08,113.39286041259766
2013-04-09,111.13011169433594
2013-04-10,111.8559112548828
2013-04-11,112.19744110107422
2013-04-12,112.4962921142578
2013-04-15,112.96592712402344
2013-04-16,114.11863708496094
2013-04-17,117.06446075439452
2013-04-18,118.47335052490234
2013-04-22,120.0102996826172
2013-04-23,118.13178253173828
2013-04-25,116.1679229736328
2013-04-26,119.88218688964844
2013-04-29,123.16958618164062
2013-04-30,125.73117065429688
2013-05-02,127.22543334960938
2013-05-03,125.81655883789062
2013-05-06,125.98731231689452
2013-05-07,127.2681121826172
2013-05-08,128.93313598632812
2013-05-09,126.41423797607422
2013-05-10,124.79191589355467
2013-05-13,125.0480728149414
2013-05-14,120.39453887939452
2013-05-15,125.77387237548828
2013-05-16,122.31570434570312
2013-05-17,125.1761474609375
2013-05-20,122.9988250732422
2013-05-21,123.29769134521484
2013-05-22,121.80340576171876
2013-05-23,118.47335052490234
2013-05-24,120.65067291259766
2013-05-27,122.69993591308594
2013-05-28,123.55381774902344
2013-05-29,122.1022491455078
2013-05-30,126.37158203125
2013-05-31,124.57843780517578
2013-06-03,125.5604019165039
2013-06-04,127.99386596679688
2013-06-05,128.25006103515625
2013-06-06,127.73776245117188
2013-06-07,127.3108367919922
2013-06-10,124.6638412475586
2013-06-11,121.7606964111328
2013-06-12,120.9068603515625
2013-06-13,118.77220153808594
2013-06-14,119.49797058105467
2013-06-17,119.88218688964844
2013-06-18,122.0168685913086
2013-06-19,122.52916717529295
2013-06-20,120.22376251220705
2013-06-21,116.4667510986328
2013-06-24,113.8625030517578
2013-06-25,114.33209991455078
2013-06-26,113.94786071777344
2013-06-27,112.18963623046876
2013-06-28,116.61473846435548
2013-07-01,122.77520751953124
2013-07-02,121.56046295166016
2013-07-03,122.86196899414062
2013-07-04,124.51053619384766
2013-07-05,125.94216918945312
2013-07-08,127.9378433227539
2013-07-09,125.89881134033205
2013-07-10,129.3695068359375
2013-07-11,128.1113739013672
2013-07-12,128.0679931640625
2013-07-15,133.66445922851562
2013-07-16,133.40414428710938
2013-07-17,136.2674560546875
2013-07-18,134.44534301757812
2013-07-19,135.0961151123047
2013-07-22,134.1416778564453
2013-07-23,134.27183532714844
2013-07-24,133.23062133789062
2013-07-25,131.66880798339844
2013-07-26,135.96377563476562
2013-07-29,138.30645751953125
2013-07-30,137.82923889160156
2013-07-31,138.5667724609375
2013-08-01,127.5907745361328
2013-08-02,127.02678680419922
2013-08-05,123.9031753540039
2013-08-06,119.6949691772461
2013-08-07,123.12225341796876
2013-08-08,127.11358642578124
2013-08-12,126.24588012695312
2013-08-13,127.15692138671876
2013-08-14,128.1113739013672
2013-08-16,121.8641357421875
2013-08-19,122.9053726196289
2013-08-20,122.2545928955078
2013-08-21,123.12225341796876
2013-08-22,126.8966293334961
2013-08-23,127.33045196533205
2013-08-26,124.9877700805664
2013-08-27,122.6016616821289
2013-08-28,118.04642486572266
2013-08-29,119.6949691772461
2013-08-30,120.60604095458984
2013-09-02,124.77083587646484
2013-09-03,122.81859588623048
2013-09-04,124.81424713134766
2013-09-05,127.72088623046876
2013-09-06,127.54736328125
2013-09-10,127.24368286132812
2013-09-11,130.75775146484375
2013-09-12,130.8011474609375
2013-09-13,132.01585388183594
2013-09-16,130.19375610351562
2013-09-17,128.4584197998047
2013-09-18,128.1113739013672
2013-09-19,130.6276092529297
2013-09-20,129.28273010253906
2013-09-23,125.72523498535156
2013-09-24,124.20684814453124
2013-09-25,126.59293365478516
2013-09-26,126.63634490966795
2013-09-27,126.85324096679688
2013-09-30,124.81424713134766
2013-10-01,129.9768524169922
2013-10-03,134.66224670410156
2013-10-04,132.75340270996094
2013-10-07,135.5299530029297
2013-10-08,135.18287658691406
2013-10-09,134.96592712402344
2013-10-10,138.9571990966797
2013-10-11,138.87045288085938
2013-10-14,138.34988403320312
2013-10-15,137.1351318359375
2013-10-17,140.5624237060547
2013-10-18,142.47128295898438
2013-10-21,138.47999572753906
2013-10-22,140.43228149414062
2013-10-23,137.7424774169922
2013-10-24,143.55587768554688
2013-10-25,142.1676025390625
2013-10-28,141.6470184326172
2013-10-29,140.90948486328125
2013-10-30,143.16542053222656
2013-10-31,142.29776000976562
2013-11-01,145.50816345214844
2013-11-05,145.42135620117188
2013-11-06,141.9073028564453
2013-11-07,139.13076782226562
2013-11-08,138.91384887695312
2013-11-11,135.8336181640625
2013-11-12,134.09829711914062
2013-11-13,125.20468139648438
2013-11-14,124.90098571777344
2013-11-18,128.15476989746094
2013-11-19,125.42156219482422
2013-11-20,126.11570739746094
2013-11-21,124.64065551757812
2013-11-22,123.0354995727539
2013-11-25,123.55609893798828
2013-11-26,126.24588012695312
2013-11-27,125.85543823242188
2013-11-28,128.1113739013672
2013-11-29,129.19595336914062
2013-12-02,129.54302978515625
2013-12-03,127.37384796142578
2013-12-04,126.28924560546876
2013-12-05,127.24368286132812
2013-12-06,126.85324096679688
2013-12-09,127.28709411621094
2013-12-10,127.9378433227539
2013-12-11,127.54736328125
2013-12-12,127.33045196533205
2013-12-13,125.94216918945312
2013-12-16,124.4671630859375
2013-12-17,125.59513092041016
2013-12-18,128.5885772705078
2013-12-19,127.98121643066406
2013-12-20,132.84019470214844
2013-12-23,134.22845458984375
2013-12-24,136.4409942626953
2013-12-26,139.73812866210938
2013-12-27,137.1351318359375
2013-12-30,138.65354919433594
2013-12-31,139.21754455566406
2014-01-01,139.26089477539062
2014-01-02,134.44534301757812
2014-01-03,135.66012573242188
2014-01-06,136.05056762695312
2014-01-07,135.79025268554688
2014-01-08,136.3108367919922
2014-01-09,136.4409942626953
2014-01-10,135.31301879882812
2014-01-13,132.66661071777344
2014-01-14,131.92913818359375
2014-01-15,131.92913818359375
2014-01-16,129.3260955810547
2014-01-17,126.85324096679688
2014-01-20,128.6753387451172
2014-01-21,128.28488159179688
2014-01-22,130.02023315429688
2014-01-23,128.5885772705078
2014-01-24,125.16127014160156
2014-01-27,122.64505004882812
2014-01-28,120.56262969970705
2014-01-29,123.33916473388672
2014-01-30,121.8641357421875
2014-01-31,122.34136199951172
2014-02-03,122.08104705810548
2014-02-04,124.20684814453124
2014-02-05,124.1200942993164
2014-02-06,122.47151947021484
2014-02-07,124.38037109375
2014-02-10,124.5973129272461
2014-02-11,125.681884765625
2014-02-12,124.9877700805664
2014-02-13,122.99211120605467
2014-02-14,121.95094299316406
2014-02-17,120.51927185058594
2014-02-18,121.64723205566406
2014-02-19,121.77737426757812
2014-02-20,122.42813873291016
2014-02-21,123.20903778076172
2014-02-24,123.81640625
2014-02-25,122.51490020751952
2014-02-26,121.30016326904295
2014-02-28,121.21337127685548
2014-03-03,117.95963287353516
2014-03-04,121.82073974609376
2014-03-05,122.2545928955078
2014-03-06,123.68628692626952
2014-03-07,124.33702087402344
2014-03-10,124.77083587646484
2014-03-11,125.94216918945312
2014-03-12,126.37600708007812
2014-03-13,123.68628692626952
2014-03-14,123.81640625
2014-03-18,124.20684814453124
2014-03-19,122.6016616821289
2014-03-20,122.68841552734376
2014-03-21,124.42375183105467
2014-03-24,123.94657135009766
2014-03-25,123.98989868164062
2014-03-26,123.85977935791016
2014-03-27,123.0354995727539
2014-03-28,128.4150848388672
2014-03-31,130.19375610351562
2014-04-01,133.8379669189453
2014-04-02,133.18722534179688
2014-04-03,131.49530029296875
2014-04-04,132.05926513671875
2014-04-07,131.4085235595703
2014-04-09,133.9681396484375
2014-04-10,132.84019470214844
2014-04-11,132.53646850585938
2014-04-15,132.79676818847656
2014-04-16,130.584228515625
2014-04-17,136.61453247070312
2014-04-21,135.4865264892578
2014-04-22,136.96160888671875
2014-04-23,135.4431610107422
2014-04-24,135.4431610107422
2014-04-25,132.71002197265625
2014-04-28,132.6232452392578
2014-04-29,131.27833557128906
2014-04-30,129.67318725585938
2014-05-02,128.7187042236328
2014-05-05,127.28709411621094
2014-05-06,125.89881134033205
2014-05-07,125.4649658203125
2014-05-08,123.59949493408205
2014-05-09,125.8120574951172
2014-05-12,125.42156219482422
2014-05-13,127.02678680419922
2014-05-14,127.80767822265624
2014-05-15,125.11791229248048
2014-05-16,125.59513092041016
2014-05-19,130.75775146484375
2014-05-20,133.14385986328125
2014-05-21,132.84019470214844
2014-05-22,134.96592712402344
2014-05-23,136.7012939453125
2014-05-26,135.74684143066406
2014-05-27,135.7034454345703
2014-05-28,135.5733184814453
2014-05-29,129.19595336914062
2014-05-30,129.3695068359375
2014-06-02,127.98121643066406
2014-06-03,130.4106903076172
2014-06-04,132.75340270996094
2014-06-05,133.66445922851562
2014-06-06,148.45822143554688
2014-06-09,148.5449981689453
2014-06-10,151.71197509765625
2014-06-11,146.93980407714844
2014-06-12,146.33241271972656
2014-06-13,142.03746032714844
2014-06-16,144.03309631347656
2014-06-17,144.9441375732422
2014-06-18,141.9073028564453
2014-06-19,141.34326171875
2014-06-20,140.86610412597656
2014-06-23,145.7250518798828
2014-06-24,145.1610565185547
2014-06-25,147.06991577148438
2014-06-26,145.5949249267578
2014-06-27,148.45822143554688
2014-06-30,149.8898468017578
2014-07-01,151.66856384277344
2014-07-02,151.2781219482422
2014-07-03,146.8096466064453
2014-07-04,145.63829040527344
2014-07-07,144.9441375732422
2014-07-08,137.69911193847656
2014-07-09,134.44534301757812
2014-07-10,134.87918090820312
2014-07-11,129.9768524169922
2014-07-14,131.71221923828125
2014-07-15,133.40414428710938
2014-07-16,136.39759826660156
2014-07-17,139.13076782226562
2014-07-18,139.3910675048828
2014-07-21,138.1329345703125
2014-07-22,137.69911193847656
2014-07-23,136.05056762695312
2014-07-24,135.8336181640625
2014-07-25,133.18722534179688
2014-07-28,134.66224670410156
2014-07-30,132.66661071777344
2014-07-31,133.18722534179688
2014-08-01,133.88137817382812
2014-08-04,134.92257690429688
2014-08-05,136.35064697265625
2014-08-06,135.38241577148438
2014-08-07,135.69049072265625
2014-08-08,132.60958862304688
2014-08-11,133.70993041992188
2014-08-12,135.95455932617188
2014-08-13,133.04974365234375
2014-08-14,133.88600158691406
2014-08-18,135.91050720214844
2014-08-19,137.7590789794922
2014-08-20,139.51956176757812
2014-08-21,138.28721618652344
2014-08-22,136.83480834960938
2014-08-25,136.83480834960938
2014-08-26,134.63418579101562
2014-08-27,134.76622009277344
2014-08-28,132.4775390625
2014-09-01,135.4703826904297
2014-09-02,136.79078674316406
2014-09-03,135.77850341796875
2014-09-04,142.77650451660156
2014-09-05,142.8205108642578
2014-09-08,144.8890838623047
2014-09-09,145.41722106933594
2014-09-10,143.08456420898438
2014-09-11,147.35377502441406
2014-09-12,149.24630737304688
2014-09-15,147.17774963378906
2014-09-16,140.35580444335938
2014-09-17,142.2483367919922
2014-09-18,145.109130859375
2014-09-19,148.4100799560547
2014-09-22,150.17056274414062
2014-09-23,144.75704956054688
2014-09-24,145.0211181640625
2014-09-25,141.10401916503906
2014-09-26,140.5318603515625
2014-09-29,139.9596710205078
2014-09-30,140.2677764892578
2014-10-01,139.82765197753906
2014-10-07,139.78363037109375
2014-10-08,141.05999755859375
2014-10-09,141.9402313232422
2014-10-10,141.05999755859375
2014-10-13,138.6393280029297
2014-10-14,137.67103576660156
2014-10-15,137.67103576660156
2014-10-16,134.10604858398438
2014-10-17,134.9862823486328
2014-10-20,136.17462158203125
2014-10-21,136.9228515625
2014-10-22,137.7590789794922
2014-10-27,137.5830078125
2014-10-28,137.62704467773438
2014-10-29,138.4632568359375
2014-10-30,138.59527587890625
2014-10-31,140.927978515625
2014-11-03,144.14089965820312
2014-11-05,142.29237365722656
2014-11-07,141.6321258544922
2014-11-10,138.85939025878906
2014-11-11,139.2994842529297
2014-11-12,137.18692016601562
2014-11-13,135.7344970703125
2014-11-14,136.65875244140625
2014-11-17,140.7519073486328
2014-11-18,140.31178283691406
2014-11-19,138.94741821289062
2014-11-20,138.15516662597656
2014-11-21,137.97911071777344
2014-11-24,138.15516662597656
2014-11-25,135.7344970703125
2014-11-26,136.70274353027344
2014-11-27,141.72018432617188
2014-11-28,141.9842529296875
2014-12-01,140.4438018798828
2014-12-02,143.78878784179688
2014-12-03,143.70074462890625
2014-12-04,143.83277893066406
2014-12-05,141.80821228027344
2014-12-08,139.34352111816406
2014-12-09,136.306640625
2014-12-10,137.3189697265625
2014-12-11,137.0108184814453
2014-12-12,134.63418579101562
2014-12-15,133.44583129882812
2014-12-16,126.97600555419922
2014-12-17,127.6362075805664
2014-12-18,129.83680725097656
2014-12-19,129.748779296875
2014-12-22,129.83680725097656
2014-12-23,130.54103088378906
2014-12-24,129.3086700439453
2014-12-26,129.26466369628906
2014-12-29,130.84910583496094
2014-12-30,131.2012176513672
2014-12-31,132.87367248535156
2015-01-01,132.6536102294922
2015-01-02,134.2380828857422
2015-01-05,134.63418579101562
2015-01-06,130.40896606445312
2015-01-07,130.6730499267578
2015-01-08,135.29434204101562
2015-01-09,136.96685791015625
2015-01-12,138.50729370117188
2015-01-13,136.65875244140625
2015-01-14,136.306640625
2015-01-15,137.0108184814453
2015-01-16,135.8225555419922
2015-01-19,137.8030548095703
2015-01-20,137.62704467773438
2015-01-21,139.07945251464844
2015-01-22,139.82765197753906
2015-01-23,141.85220336914062
2015-01-27,140.31178283691406
2015-01-28,139.73960876464844
2015-01-29,139.2994842529297
2015-01-30,139.69557189941406
2015-02-02,144.0088653564453
2015-02-03,141.23602294921875
2015-02-04,139.56356811523438
2015-02-05,136.21864318847656
2015-02-06,134.1500701904297
2015-02-09,131.6412811279297
2015-02-10,133.40182495117188
2015-02-11,135.8665313720703
2015-02-12,136.61471557617188
2015-02-13,138.55126953125
2015-02-16,136.57070922851562
2015-02-18,138.06716918945312
2015-02-19,138.19918823242188
2015-02-20,140.57586669921875
2015-02-23,137.2749481201172
2015-02-24,136.9228515625
2015-02-25,135.11830139160156
2015-02-26,134.28211975097656
2015-02-27,137.36294555664062
2015-03-02,139.38751220703125
2015-03-03,143.96482849121094
2015-03-04,139.38751220703125
2015-03-05,140.22378540039062
2015-03-09,140.00369262695312
2015-03-10,138.4192352294922
2015-03-11,138.94741821289062
2015-03-12,140.8399200439453
2015-03-13,136.306640625
2015-03-16,136.21864318847656
2015-03-17,137.9351043701172
2015-03-18,137.18692016601562
2015-03-19,135.42640686035156
2015-03-20,131.99343872070312
2015-03-23,129.57272338867188
2015-03-24,130.23292541503906
2015-03-25,131.1571807861328
2015-03-26,129.66078186035156
2015-03-27,128.29638671875
2015-03-30,131.8173828125
2015-03-31,130.98114013671875
2015-04-01,133.00570678710938
2015-04-06,133.3137969970703
2015-04-07,133.00570678710938
2015-04-08,133.44583129882812
2015-04-09,133.84197998046875
2015-04-10,141.89625549316406
2015-04-13,142.1603240966797
2015-04-15,139.9156494140625
2015-04-16,140.22378540039062
2015-04-17,138.68331909179688
2015-04-20,134.8982391357422
2015-04-21,132.21347045898438
2015-04-22,131.72933959960938
2015-04-23,132.21347045898438
2015-04-24,129.61676025390625
2015-04-27,125.12745666503906
2015-04-28,124.95142364501952
2015-04-29,125.4795913696289
2015-04-30,125.08348083496094
2015-05-04,126.3598175048828
2015-05-05,127.24007415771484
2015-05-06,123.05889892578124
2015-05-07,121.25438690185548
2015-05-08,124.15921020507812
2015-05-11,126.18379974365234
2015-05-12,125.74365997314452
2015-05-13,127.24007415771484
2015-05-14,128.780517578125
2015-05-15,129.748779296875
2015-05-18,130.23292541503906
2015-05-19,129.88084411621094
2015-05-20,128.472412109375
2015-05-21,129.08859252929688
2015-05-22,130.23292541503906
2015-05-25,129.79278564453125
2015-05-26,130.98114013671875
2015-05-27,130.89312744140625
2015-05-28,127.54817199707033
2015-05-29,128.73651123046875
2015-06-01,127.76824188232422
2015-06-02,123.93917846679688
2015-06-03,120.90228271484376
2015-06-04,121.25438690185548
2015-06-05,121.9145965576172
2015-06-08,118.70167541503906
2015-06-09,121.07833862304688
2015-06-10,120.24209594726562
2015-06-11,118.3055419921875
2015-06-12,112.80399322509766
2015-06-15,113.64024353027344
2015-06-16,113.28812408447266
2015-06-17,116.50104522705078
2015-06-18,116.7210922241211
2015-06-19,117.73339080810548
2015-06-22,118.83370208740234
2015-06-23,117.82142639160156
2015-06-24,117.24925994873048
2015-06-25,119.44985961914062
2015-06-26,117.82142639160156
2015-06-29,114.03633880615234
2015-06-30,116.36898040771484
2015-07-01,119.31783294677734
2015-07-02,120.68224334716795
2015-07-03,119.80196380615234
2015-07-06,118.83370208740234
2015-07-07,121.6504898071289
2015-07-08,118.74567413330078
2015-07-09,117.90943145751952
2015-07-10,118.43757629394533
2015-07-13,120.41815185546876
2015-07-14,120.6382064819336
2015-07-15,121.6064682006836
2015-07-16,121.47444915771484
2015-07-17,122.3547134399414
2015-07-20,124.77537536621094
2015-07-21,121.03431701660156
2015-07-22,122.7948226928711
2015-07-23,123.9831771850586
2015-07-24,123.93917846679688
2015-07-27,121.07833862304688
2015-07-28,120.99031829833984
2015-07-29,122.046630859375
2015-07-30,122.6928253173828
2015-07-31,125.42131805419922
2015-08-03,126.00281524658205
2015-08-04,128.19456481933594
2015-08-05,127.1657485961914
2015-08-06,128.59713745117188
2015-08-07,126.98685455322266
2015-08-10,124.30308532714844
2015-08-11,123.18486785888672
2015-08-12,119.02503204345705
2015-08-13,116.2965316772461
2015-08-14,118.17518615722656
2015-08-17,117.19112396240234
2015-08-18,120.0090560913086
2015-08-19,119.69596862792967
2015-08-20,118.89083862304688
2015-08-21,116.6543426513672
2015-08-24,102.74351501464844
2015-08-25,105.15889739990234
2015-08-26,104.93526458740234
2015-08-27,104.0854034423828
2015-08-28,105.6956558227539
2015-08-31,106.9927978515625
2015-09-01,103.0566177368164
2015-09-02,106.32186889648438
2015-09-03,111.06319427490234
2015-09-04,107.52957153320312
2015-09-07,107.75320434570312
2015-09-08,108.20050048828124
2015-09-09,110.61589050292967
2015-09-10,110.7053451538086
2015-09-11,110.258056640625
2015-09-14,110.97373962402344
2015-09-15,112.18142700195312
2015-09-16,110.12386322021484
2015-09-18,112.22615051269533
2015-09-21,112.27088165283205
2015-09-22,110.83956146240234
2015-09-23,111.82359313964844
2015-09-24,111.10791778564452
2015-09-28,113.70223236083984
2015-09-29,113.25492095947266
2015-09-30,114.32844543457033
2015-10-01,116.3412628173828
2015-10-05,117.95153045654295
2015-10-06,116.78856658935548
2015-10-07,119.02503204345705
2015-10-08,119.29341888427734
2015-10-09,120.5010986328125
2015-10-12,120.36691284179688
2015-10-13,118.35409545898438
2015-10-14,119.8748779296875
2015-10-15,120.5010986328125
2015-10-16,119.8748779296875
2015-10-19,120.5010986328125
2015-10-20,124.70565795898438
2015-10-21,123.0506820678711
2015-10-23,123.27433013916016
2015-10-26,124.25836944580078
2015-10-27,121.48514556884766
2015-10-28,121.30623626708984
2015-10-29,121.57459259033205
2015-10-30,119.38285064697266
2015-11-02,118.66718292236328
2015-11-03,117.862060546875
2015-11-04,117.862060546875
2015-11-05,114.50735473632812
2015-11-06,112.583984375
2015-11-09,115.22303771972656
2015-11-10,112.44979095458984
2015-11-13,114.50735473632812
2015-11-16,114.64154815673828
2015-11-17,118.5330047607422
2015-11-18,115.17830657958984
2015-11-19,117.10164642333984
2015-11-20,119.69596862792967
2015-11-23,118.93557739257812
2015-11-24,120.18799591064452
2015-11-26,120.7247543334961
2015-11-27,122.513916015625
2015-11-30,123.0506820678711
2015-12-01,121.88771057128906
2015-12-02,121.84297943115234
2015-12-03,120.68002319335938
2015-12-04,119.56177520751952
2015-12-07,121.08259582519533
2015-12-08,120.76947784423828
2015-12-09,118.21988677978516
2015-12-10,121.03785705566406
2015-12-11,119.15921783447266
2015-12-14,120.18799591064452
2015-12-15,119.74070739746094
2015-12-16,122.15608978271484
2015-12-17,127.21050262451172
2015-12-18,126.94213104248048
2015-12-21,127.83672332763672
2015-12-22,126.3159408569336
2015-12-23,127.0315933227539
2015-12-24,129.53643798828125
2015-12-28,128.86549377441406
2015-12-29,126.94213104248048
2015-12-30,130.9230499267578
2015-12-31,130.7888641357422
2016-01-01,130.96780395507812
2016-01-04,128.55238342285156
2016-01-05,132.71226501464844
2016-01-06,129.93899536132812
2016-01-07,125.28716278076172
2016-01-08,129.2233428955078
2016-01-11,126.94213104248048
2016-01-12,124.7951202392578
2016-01-13,121.30623626708984
2016-01-14,119.9196319580078
2016-01-15,114.95465087890624
2016-01-18,109.00563049316406
2016-01-19,113.0760269165039
2016-01-20,109.63185119628906
2016-01-21,108.91616821289062
2016-01-22,112.31560516357422
2016-01-25,111.19738006591795
2016-01-27,111.3315658569336
2016-01-28,110.1686019897461
2016-01-29,113.16546630859376
2016-02-01,113.25492095947266
2016-02-02,111.15264892578124
2016-02-03,108.91616821289062
2016-02-04,108.78197479248048
2016-02-05,109.58712768554688
2016-02-08,110.83956146240234
2016-02-09,108.0215835571289
2016-02-10,105.87457275390624
2016-02-11,94.15546417236328
2016-02-12,93.3056182861328
2016-02-15,94.82640075683594
2016-02-16,91.82952880859376
2016-02-17,93.0372085571289
2016-02-18,93.5292510986328
2016-02-19,95.98937225341795
2016-02-22,97.59961700439452
2016-02-23,95.40788269042967
2016-02-24,95.45260620117188
2016-02-25,95.00531768798828
2016-02-26,93.70816040039062
2016-02-29,92.6346664428711
2016-03-01,97.42070770263672
2016-03-02,98.31529998779295
2016-03-03,97.95746612548828
2016-03-04,101.31216430664062
2016-03-08,103.45919036865234
2016-03-09,104.53269958496094
2016-03-10,104.1748504638672
2016-03-11,103.63810729980467
2016-03-14,103.45919036865234
2016-03-15,103.28025817871094
2016-03-16,102.96715545654295
2016-03-17,103.59339141845705
2016-03-18,106.3666000366211
2016-03-21,107.2611846923828
2016-03-22,108.60305786132812
2016-03-23,106.85861206054688
2016-03-28,106.81389617919922
2016-03-29,106.72442626953124
2016-03-30,108.60305786132812
2016-03-31,108.46886444091795
2016-04-01,109.63185119628906
2016-04-04,108.42414855957033
2016-04-05,105.78511810302734
2016-04-06,106.32186889648438
2016-04-07,106.18767547607422
2016-04-08,105.29309844970705
2016-04-11,106.90335845947266
2016-04-12,105.87457275390624
2016-04-13,107.93213653564452
2016-04-18,107.35063934326172
2016-04-20,109.00563049316406
2016-04-21,107.44010925292967
2016-04-22,107.57429504394533
2016-04-25,108.42414855957033
2016-04-26,108.96090698242188
2016-04-27,109.4976577758789
2016-04-28,107.61903381347656
2016-04-29,107.39537811279295
2016-05-02,108.33470153808594
2016-05-03,106.85861206054688
2016-05-04,104.62213897705078
2016-05-05,104.0854034423828
2016-05-06,105.65093231201172
2016-05-09,106.23241424560548
2016-05-10,105.7403793334961
2016-05-11,104.93526458740234
2016-05-12,106.41131591796876
2016-05-13,106.94808959960938
2016-05-16,107.93213653564452
2016-05-17,107.66374206542967
2016-05-18,108.20050048828124
2016-05-19,107.30592346191406
2016-05-20,107.39537811279295
2016-05-23,107.70848846435548
2016-05-24,108.91616821289062
2016-05-25,106.90335845947266
2016-05-26,106.09821319580078
2016-05-27,104.93526458740234
2016-05-30,105.51673889160156
2016-05-31,105.33782958984376
2016-06-01,105.606201171875
2016-06-02,106.6797103881836
2016-06-03,107.52957153320312
2016-06-06,106.72442626953124
2016-06-07,106.7691650390625
2016-06-08,111.2868423461914
2016-06-09,111.7788543701172
2016-06-10,110.61589050292967
2016-06-13,114.64154815673828
2016-06-14,113.16546630859376
2016-06-15,113.61276245117188
2016-06-16,112.80763244628906
2016-06-17,112.44979095458984
2016-06-20,112.85237121582033
2016-06-21,112.22615051269533
2016-06-22,113.83642578125
2016-06-23,113.3891143798828
2016-06-24,111.15264892578124
2016-06-27,112.67344665527344
2016-06-28,114.37316131591795
2016-06-29,116.02815246582033
2016-06-30,117.37004089355467
2016-07-01,120.68002319335938
2016-07-04,119.9643325805664
2016-07-05,119.78540802001952
2016-07-07,120.27743530273438
2016-07-08,118.6224594116211
2016-07-11,119.06977081298828
2016-07-12,118.89083862304688
2016-07-13,118.21988677978516
2016-07-14,118.6224594116211
2016-07-15,118.6224594116211
2016-07-18,116.2518081665039
2016-07-19,116.3412628173828
2016-07-20,119.74070739746094
2016-07-21,117.9067840576172
2016-07-22,117.6384048461914
2016-07-25,119.38285064697266
2016-07-26,117.32530975341795
2016-07-27,122.96121978759766
2016-07-28,125.37663269042967
2016-07-29,127.1657485961914
2016-08-01,126.13700103759766
2016-08-02,123.8110580444336
2016-08-03,121.44041442871094
2016-08-04,123.72161102294922
2016-08-05,124.43729400634766
2016-08-08,129.9122772216797
2016-08-09,130.23048400878906
2016-08-10,125.23038482666016
2016-08-11,124.8212890625
2016-08-12,124.5030746459961
2016-08-16,125.50310516357422
2016-08-17,125.13945770263672
2016-08-18,126.23043060302734
2016-08-19,128.4122772216797
2016-08-22,125.82128143310548
2016-08-23,126.91223907470705
2016-08-24,127.50316619873048
2016-08-25,127.68497467041016
2016-08-26,127.18498229980467
2016-08-29,126.36679077148438
2016-08-30,127.45771026611328
2016-08-31,127.50316619873048
2016-09-01,128.27590942382812
2016-09-02,128.73043823242188
2016-09-06,128.8668212890625
2016-09-07,129.27590942382812
2016-09-08,129.27590942382812
2016-09-09,127.00314331054688
2016-09-12,123.00306701660156
2016-09-14,124.95764923095705
2016-09-15,124.5485382080078
2016-09-16,127.1395263671875
2016-09-19,127.18498229980467
2016-09-20,125.4576644897461
2016-09-21,125.50310516357422
2016-09-22,126.2758560180664
2016-09-23,129.45774841308594
2016-09-26,127.86679077148438
2016-09-27,131.41236877441406
2016-09-28,133.41241455078125
2016-09-29,124.5485382080078
2016-09-30,126.91223907470705
2016-10-03,129.41233825683594
2016-10-04,128.91229248046875
2016-10-05,139.36708068847656
2016-10-06,137.18521118164062
2016-10-07,137.50343322753906
2016-10-10,137.86705017089844
2016-10-13,134.41241455078125
2016-10-14,139.2761688232422
2016-10-17,136.5943145751953
2016-10-18,138.09432983398438
2016-10-19,140.54896545410156
2016-10-20,138.5034637451172
2016-10-21,138.63978576660156
2016-10-24,140.04891967773438
2016-10-25,136.36705017089844
2016-10-26,132.1851043701172
2016-10-27,125.23038482666016
2016-10-28,127.2304229736328
2016-11-01,126.0031509399414
2016-11-02,122.68488311767578
2016-11-03,119.41205596923828
2016-11-04,115.321044921875
2016-11-07,116.36652374267578
2016-11-08,115.8665008544922
2016-11-09,110.82093048095705
2016-11-10,114.00283813476562
2016-11-11,107.8663101196289
2016-11-15,106.36627197265624
2016-11-16,110.27546691894533
2016-11-17,107.82085418701172
2016-11-18,109.18453979492188
2016-11-21,105.13896942138672
2016-11-22,106.6390151977539
2016-11-23,106.95719909667967
2016-11-24,104.6389617919922
2016-11-25,107.72994995117188
2016-11-28,109.95726013183594
2016-11-29,110.86639404296876
2016-11-30,112.59369659423828
2016-12-01,110.82093048095705
2016-12-02,110.50273895263672
2016-12-05,112.41187286376952
2016-12-06,112.18460083007812
2016-12-07,111.18458557128906
2016-12-08,112.59369659423828
2016-12-09,112.63916015625
2016-12-12,112.13914489746094
2016-12-13,112.13914489746094
2016-12-14,111.59367370605467
2016-12-15,113.13916015625
2016-12-16,113.00279998779295
2016-12-19,113.00279998779295
2016-12-20,110.23001098632812
2016-12-21,110.54818725585938
2016-12-22,108.54814910888672
2016-12-23,108.04812622070312
2016-12-26,106.36627197265624
2016-12-27,109.59364318847656
2016-12-28,108.72997283935548
2016-12-29,110.09363555908205
2016-12-30,110.91184997558594
2017-01-02,112.32097625732422
2017-01-03,113.13916015625
2017-01-04,113.13916015625
2017-01-05,113.82100677490234
2017-01-06,113.32099151611328
2017-01-09,113.41190338134766
2017-01-10,113.13916015625
2017-01-11,115.95742797851562
2017-01-12,113.77555847167967
2017-01-13,116.6847152709961
2017-01-16,116.04834747314452
2017-01-17,116.0028839111328
2017-01-18,116.95744323730467
2017-01-19,118.63932037353516
2017-01-20,114.91194152832033
2017-01-23,116.2756118774414
2017-01-24,116.77561950683594
2017-01-25,116.6847152709961
2017-01-27,117.45745849609376
2017-01-30,118.59384155273438
2017-01-31,117.13927459716795
2017-02-01,118.27566528320312
2017-02-02,125.13945770263672
2017-02-03,128.95774841308594
2017-02-06,129.77593994140625
2017-02-07,128.7759246826172
2017-02-08,132.86691284179688
2017-02-09,130.8214111328125
2017-02-10,130.8668670654297
2017-02-13,129.04864501953125
2017-02-14,128.36685180664062
2017-02-15,126.13948059082033
2017-02-16,127.36680603027344
2017-02-17,127.41227722167967
2017-02-20,128.73043823242188
2017-02-21,128.73043823242188
2017-02-22,127.27588653564452
2017-02-23,126.59405517578124
2017-02-27,126.2758560180664
2017-02-28,125.50310516357422
2017-03-01,130.54872131347656
2017-03-02,128.27590942382812
2017-03-03,130.3214111328125
2017-03-06,130.23048400878906
2017-03-07,129.77593994140625
2017-03-08,128.54864501953125
2017-03-09,128.00320434570312
2017-03-10,124.63948059082033
2017-03-14,126.82135009765624
2017-03-15,128.0940704345703
2017-03-16,131.54873657226562
2017-03-17,131.63963317871094
2017-03-20,133.13967895507812
2017-03-21,132.63966369628906
2017-03-22,130.09413146972656
2017-03-23,137.82162475585938
2017-03-24,137.41250610351562
2017-03-27,135.09425354003906
2017-03-28,136.86703491210938
2017-03-29,136.9125213623047
2017-03-30,136.50338745117188
2017-03-31,136.86703491210938
2017-04-03,138.09432983398438
2017-04-05,138.77615356445312
2017-04-06,139.13983154296875
2017-04-07,136.9125213623047
2017-04-10,137.23068237304688
2017-04-11,139.45799255371094
2017-04-12,137.9579620361328
2017-04-13,136.82159423828125
2017-04-17,135.86697387695312
2017-04-18,134.68516540527344
2017-04-19,136.54885864257812
2017-04-20,138.3216094970703
2017-04-21,137.5488739013672
2017-04-24,138.13978576660156
2017-04-25,137.91250610351562
2017-04-26,139.77621459960938
2017-04-27,138.27618408203125
2017-04-28,139.18527221679688
2017-05-02,143.3671875
2017-05-03,142.00352478027344
2017-05-04,141.2307891845703
2017-05-05,138.45799255371094
2017-05-08,138.73072814941406
2017-05-09,140.04891967773438
2017-05-10,140.77622985839844
2017-05-11,140.00347900390625
2017-05-12,138.77615356445312
2017-05-15,140.54896545410156
2017-05-16,140.41256713867188
2017-05-17,138.95797729492188
2017-05-18,134.09423828125
2017-05-19,135.91246032714844
2017-05-22,134.366943359375
2017-05-23,131.59417724609375
2017-05-24,128.82138061523438
2017-05-25,130.04867553710938
2017-05-26,133.54876708984375
2017-05-29,132.1851043701172
2017-05-30,132.3214874267578
2017-05-31,135.82154846191406
2017-06-01,138.5489044189453
2017-06-02,140.77622985839844
2017-06-05,140.8671417236328
2017-06-06,139.0943603515625
2017-06-07,141.41262817382812
2017-06-08,140.54896545410156
2017-06-09,140.3671112060547
2017-06-12,138.27618408203125
2017-06-13,142.2307891845703
2017-06-14,144.0490264892578
2017-06-15,144.63995361328125
2017-06-16,143.82174682617188
2017-06-19,142.18533325195312
2017-06-20,142.59445190429688
2017-06-21,142.5489959716797
2017-06-22,140.68533325195312
2017-06-23,137.41250610351562
2017-06-27,133.9578857421875
2017-06-28,135.59426879882812
2017-06-29,135.00332641601562
2017-06-30,136.9579315185547
2017-07-03,137.82162475585938
2017-07-04,136.4124755859375
2017-07-05,141.95806884765625
2017-07-06,139.41253662109375
2017-07-07,145.61676025390625
2017-07-10,153.73989868164062
2017-07-11,156.4630126953125
2017-07-12,160.38609313964844
2017-07-13,161.90919494628906
2017-07-14,160.80149841308594
2017-07-17,163.3861541748047
2017-07-18,160.38609313964844
2017-07-19,161.67845153808594
2017-07-20,158.1245574951172
2017-07-21,158.95533752441406
2017-07-24,156.92453002929688
2017-07-25,157.986083984375
2017-07-26,158.95533752441406
2017-07-27,155.44760131835938
2017-07-28,156.13992309570312
2017-07-31,156.50914001464844
2017-08-01,154.61685180664062
2017-08-02,152.40145874023438
2017-08-03,153.83221435546875
2017-08-04,155.81787109375
2017-08-07,159.56234741210938
2017-08-08,155.39662170410156
2017-08-09,151.74574279785156
2017-08-10,146.03536987304688
2017-08-11,153.7115936279297
2017-08-14,167.33221435546875
2017-08-16,181.4676818847656
2017-08-17,178.42526245117188
2017-08-18,181.9825439453125
2017-08-21,183.6207427978516
2017-08-22,177.7231903076172
2017-08-23,183.99522399902344
2017-08-24,181.8421173095703
2017-08-28,180.9528045654297
2017-08-29,178.19122314453125
2017-08-30,184.46327209472656
2017-08-31,185.35260009765625
2017-09-01,184.97813415527344
2017-09-04,180.9528045654297
2017-09-05,184.13563537597656
2017-09-06,192.7947692871093
2017-09-07,192.6075439453125
2017-09-08,193.68411254882807
2017-09-11,195.8839874267578
2017-09-12,198.5051422119141
2017-09-13,194.05856323242188
2017-09-14,198.5051422119141
2017-09-15,197.10096740722656
2017-09-18,199.67529296875
2017-09-19,202.3900451660156
2017-09-20,200.0497436523437
2017-09-21,198.64553833007807
2017-09-22,188.3013610839844
2017-09-25,184.0888214111328
2017-09-26,191.5778045654297
2017-09-27,185.91427612304688
2017-09-28,190.1736297607422
2017-09-29,192.6543426513672
2017-10-03,193.26284790039065
2017-10-04,191.8586578369141
2017-10-05,196.0711975097656
2017-10-06,196.2116241455078
2017-10-09,194.9946746826172
2017-10-10,195.1351013183593
2017-10-11,196.0244140625
2017-10-12,198.4583282470703
2017-10-13,196.8201141357422
2017-10-16,196.2116241455078
2017-10-17,196.866928100586
2017-10-18,193.59048461914065
2017-10-19,191.531005859375
2017-10-23,190.12684631347656
2017-10-24,196.2584381103516
2017-10-25,192.1862945556641
2017-10-26,196.3988494873047
2017-10-27,206.41539001464844
2017-10-30,212.3129730224609
2017-10-31,212.4533843994141
2017-11-01,213.2490692138672
2017-11-02,211.8916931152344
2017-11-03,210.90879821777344
2017-11-06,219.7083435058593
2017-11-07,210.62794494628903
2017-11-08,210.1598663330078
2017-11-09,225.091064453125
2017-11-10,221.0657196044922
2017-11-13,219.4275054931641
2017-11-14,230.9418487548828
2017-11-15,234.87355041503903
2017-11-16,235.85647583007807
2017-11-17,243.2986755371093
2017-11-20,257.34051513671875
2017-11-21,255.70230102539065
2017-11-22,256.5448303222656
2017-11-23,257.24688720703125
2017-11-24,260.8978576660156
2017-11-27,259.7276611328125
2017-11-28,269.3697204589844
2017-11-29,262.302001953125
2017-11-30,268.7612609863281
2017-12-01,265.43798828125
2017-12-04,261.2254638671875
2017-12-05,262.0679931640625
2017-12-06,257.3873291015625
2017-12-07,265.8592224121094
2017-12-08,270.0249938964844
2017-12-11,279.29266357421875
2017-12-12,269.41650390625
2017-12-13,266.280517578125
2017-12-14,266.1400451660156
2017-12-15,268.5272216796875
2017-12-18,272.2717590332031
2017-12-19,281.4457397460937
2017-12-20,281.63299560546875
2017-12-21,280.9776916503906
2017-12-22,283.4115905761719
2017-12-26,286.4071960449219
2017-12-27,286.0327453613281
2017-12-28,287.015625
2017-12-29,296.189697265625
2018-01-01,292.91326904296875
2018-01-02,291.2750244140625
2018-01-03,291.3218994140625
2018-01-04,292.3048095703125
2018-01-05,292.9600830078125
2018-01-08,297.31304931640625
2018-01-09,295.1599426269531
2018-01-10,294.03662109375
2018-01-11,293.2876892089844
2018-01-12,304.94244384765625
2018-01-15,302.3681030273437
2018-01-16,296.189697265625
2018-01-17,293.521728515625
2018-01-18,285.93914794921875
2018-01-19,288.6539001464844
2018-01-22,289.1219482421875
2018-01-23,287.5773620605469
2018-01-24,284.8157958984375
2018-01-25,284.8157958984375
2018-01-29,282.52227783203125
2018-01-30,284.5817565917969
2018-01-31,272.0845031738281
2018-02-01,269.93145751953125
2018-02-02,257.2937316894531
2018-02-05,255.65548706054688
2018-02-06,249.6643218994141
2018-02-07,262.25518798828125
2018-02-08,262.5360717773437
2018-02-09,260.4765625
2018-02-12,266.8890075683594
2018-02-14,263.9402160644531
2018-02-15,261.2254638671875
2018-02-16,257.99578857421875
2018-02-19,250.83450317382807
2018-02-20,246.06024169921875
2018-02-21,249.57069396972656
2018-02-22,245.4049530029297
2018-02-23,253.4088287353516
2018-02-26,256.02996826171875
2018-02-27,257.4341125488281
2018-02-28,257.9021911621094
2018-03-01,257.2937316894531
2018-03-05,258.0426025390625
2018-03-06,256.638427734375
2018-03-07,251.7238006591797
2018-03-08,255.9364013671875
2018-03-09,251.2089385986328
2018-03-12,258.41705322265625
2018-03-13,260.4297790527344
2018-03-14,260.7106018066406
2018-03-15,261.74029541015625
2018-03-16,255.00021362304688
2018-03-19,243.95396423339844
2018-03-20,245.3113250732422
2018-03-21,246.38790893554688
2018-03-22,242.3157196044922
2018-03-23,241.4264373779297
2018-03-26,245.4517822265625
2018-03-27,246.9495544433593
2018-03-28,242.2221069335937
2018-04-02,259.25958251953125
2018-04-03,257.24688720703125
2018-04-04,252.98757934570312
2018-04-05,255.56187438964844
2018-04-06,255.2810516357422
2018-04-09,260.0552673339844
2018-04-10,257.9021911621094
2018-04-11,256.3576354980469
2018-04-12,256.3576354980469
2018-04-13,257.9021911621094
2018-04-16,261.7871398925781
2018-04-17,263.004150390625
2018-04-18,265.952880859375
2018-04-19,267.9187316894531
2018-04-20,268.0123291015625
2018-04-23,265.4848327636719
2018-04-24,265.0635681152344
2018-04-25,270.6335144042969
2018-04-26,272.599365234375
2018-04-27,273.4419250488281
2018-04-30,278.5437316894531
2018-05-02,274.05035400390625
2018-05-03,268.3399963378906
2018-05-04,269.41650390625
2018-05-07,275.4077453613281
2018-05-08,271.1951904296875
2018-05-09,273.3482666015625
2018-05-10,267.0294494628906
2018-05-11,269.1357116699219
2018-05-14,239.55416870117188
2018-05-15,227.1505279541016
2018-05-16,225.6995544433593
2018-05-17,231.6907196044922
2018-05-18,229.06961059570312
2018-05-21,227.9930419921875
2018-05-22,231.36309814453125
2018-05-23,234.21827697753903
2018-05-24,238.24362182617188
2018-05-25,241.379623413086
2018-05-28,244.0007476806641
2018-05-29,241.051986694336
2018-05-30,247.6048278808593
2018-05-31,252.004638671875
2018-06-01,246.43467712402344
2018-06-04,238.94569396972656
2018-06-05,246.9027404785156
2018-06-06,248.7750244140625
2018-06-07,250.0387725830078
2018-06-08,249.8983612060547
2018-06-11,246.85595703125
2018-06-12,250.50685119628903
2018-06-13,252.37911987304688
2018-06-14,260.0552673339844
2018-06-15,254.7662048339844
2018-06-18,257.76177978515625
2018-06-19,249.9919586181641
2018-06-20,246.4669952392578
2018-06-21,243.96310424804688
2018-06-22,247.6480407714844
2018-06-25,249.91571044921875
2018-06-26,252.6085662841797
2018-06-27,250.9550628662109
2018-06-28,249.39605712890625
2018-06-29,254.498291015625
2018-07-02,249.8684844970703
2018-07-03,265.5058898925781
2018-07-04,262.0099182128906
2018-07-05,256.29351806640625
2018-07-06,251.61648559570312
2018-07-09,260.0729675292969
2018-07-10,259.6005249023437
2018-07-11,254.9234619140625
2018-07-12,250.5771331787109
2018-07-13,244.62448120117188
2018-07-16,229.83741760253903
2018-07-17,234.23101806640625
2018-07-18,225.4910583496093
2018-07-19,220.24708557128903
2018-07-20,225.44381713867188
2018-07-23,229.8846740722656
2018-07-24,232.71925354003903
2018-07-25,223.83755493164065
2018-07-26,225.916259765625
2018-07-27,228.8925628662109
2018-07-30,228.8453063964844
2018-07-31,233.28614807128903
2018-08-01,222.656478881836
2018-08-02,222.46749877929688
2018-08-03,221.71160888671875
2018-08-06,226.2942047119141
2018-08-07,224.4989776611328
2018-08-08,223.31788635253903
2018-08-09,224.21548461914065
2018-08-10,220.6722717285156
2018-08-13,221.6171264648437
2018-08-14,224.4517059326172
2018-08-16,226.1524810791016
2018-08-17,229.6012115478516
2018-08-20,231.63267517089844
2018-08-21,227.2863006591797
2018-08-23,222.46749877929688
2018-08-24,218.26287841796875
2018-08-27,223.97927856445312
2018-08-28,220.48329162597656
2018-08-29,221.6171264648437
2018-08-30,222.98716735839844
2018-08-31,221.3809051513672
2018-09-03,223.64859008789065
2018-09-04,211.3654022216797
2018-09-05,210.13706970214844
2018-09-06,208.8615264892578
2018-09-07,210.6567230224609
2018-09-10,209.7591094970703
2018-09-11,204.0899658203125
2018-09-12,210.373291015625
2018-09-14,221.0502166748047
2018-09-17,223.55409240722656
2018-09-18,222.0895538330078
2018-09-19,221.9478454589844
2018-09-21,221.66436767578125
2018-09-24,220.43606567382807
2018-09-25,223.0816650390625
2018-09-26,221.33364868164065
2018-09-27,220.3888092041016
2018-09-28,220.8612365722656
2018-10-01,218.1683654785156
2018-10-03,215.0503692626953
2018-10-04,206.1686553955078
2018-10-05,197.66490173339844
2018-10-08,203.28683471679688
2018-10-09,204.5624084472656
2018-10-10,215.8062438964844
2018-10-11,212.2157745361328
2018-10-12,216.4676513671875
2018-10-15,221.9478454589844
2018-10-16,222.46749877929688
2018-10-17,218.3573608398437
2018-10-19,214.67239379882807
2018-10-22,210.94021606445312
2018-10-23,206.2631378173828
2018-10-24,207.6804351806641
2018-10-25,209.85362243652344
2018-10-26,205.6017608642578
2018-10-29,207.86941528320312
2018-10-30,214.76687622070312
2018-10-31,205.83795166015625
2018-11-01,205.74346923828125
2018-11-02,205.6489715576172
2018-11-05,207.7276763916016
2018-11-06,202.01126098632807
2018-11-07,203.3340759277344
2018-11-09,197.9483642578125
2018-11-12,202.86163330078125
2018-11-13,207.82215881347656
2018-11-14,205.41275024414065
2018-11-15,209.23944091796875
2018-11-16,209.5701446533203
2018-11-19,211.7905731201172
2018-11-20,204.042724609375
2018-11-21,206.924545288086
2018-11-22,203.9954528808593
2018-11-26,205.6489715576172
2018-11-27,205.74346923828125
2018-11-28,204.0899658203125
2018-11-29,206.6883239746093
2018-11-30,206.5938262939453
2018-12-03,202.908920288086
2018-12-04,197.9483642578125
2018-12-05,200.02706909179688
2018-12-06,196.6727905273437
2018-12-07,195.16102600097656
2018-12-10,187.2714233398437
2018-12-11,191.6650390625
2018-12-12,201.2081298828125
2018-12-13,200.68844604492188
2018-12-14,200.6412353515625
2018-12-17,198.4680328369141
2018-12-18,198.51528930664065
2018-12-19,198.56253051757807
2018-12-20,198.6097717285156
2018-12-21,203.5230407714844
2018-12-24,206.97178649902344
2018-12-26,206.4993591308593
2018-12-27,207.9166412353516
2018-12-28,208.62530517578125
2018-12-31,207.30245971679688
2019-01-01,207.01904296875
2019-01-02,202.76715087890625
2019-01-03,198.4680328369141
2019-01-04,202.01126098632807
2019-01-07,203.0978546142578
2019-01-08,203.28683471679688
2019-01-09,200.87745666503903
2019-01-10,202.34194946289065
2019-01-11,200.216049194336
2019-01-14,201.727783203125
2019-01-15,202.48370361328125
2019-01-16,204.51515197753903
2019-01-17,206.1214141845703
2019-01-18,204.32618713378903
2019-01-21,198.89321899414065
2019-01-22,200.405014038086
2019-01-23,198.9877319335937
2019-01-24,199.1766967773437
2019-01-25,195.63345336914065
2019-01-28,197.712142944336
2019-01-29,193.5547637939453
2019-01-30,193.2240600585937
2019-01-31,192.5626678466797
2019-02-01,192.8461456298828
2019-02-04,188.83045959472656
2019-02-05,175.69688415527344
2019-02-06,178.05902099609375
2019-02-07,180.5629119873047
2019-02-08,175.46066284179688
2019-02-11,169.8387451171875
2019-02-12,176.26380920410156
2019-02-14,178.48422241210938
2019-02-15,175.88584899902344
2019-02-18,172.67335510253906
2019-02-19,174.32684326171875
2019-02-20,178.2952423095703
2019-02-21,180.13772583007812
2019-02-22,178.81492614746094
2019-02-25,180.5629119873047
2019-02-26,181.0825958251953
2019-02-27,182.07470703125
2019-02-28,183.01954650878903
2019-03-01,186.42108154296875
2019-03-05,186.65728759765625
2019-03-06,187.0352020263672
2019-03-07,185.75965881347656
2019-03-08,182.5471343994141
2019-03-11,191.33433532714844
2019-03-12,193.6019897460937
2019-03-13,191.6650390625
2019-03-14,194.830322265625
2019-03-15,191.9957427978516
2019-03-18,189.2083740234375
2019-03-19,192.09022521972656
2019-03-20,187.17694091796875
2019-03-22,184.9565277099609
2019-03-25,185.8069000244141
2019-03-26,185.2400054931641
2019-03-27,185.75965881347656
2019-03-28,187.9800720214844
2019-04-01,196.62554931640625
2019-04-02,200.216049194336
2019-04-03,196.8617706298828
2019-04-04,199.69635009765625
2019-04-05,199.6491241455078
2019-04-08,200.02706909179688
2019-04-09,198.6569976806641
2019-04-10,197.2869873046875
2019-04-11,202.76715087890625
2019-04-12,203.28683471679688
2019-04-15,204.70411682128903
2019-04-16,203.8064880371093
2019-04-18,197.334213256836
2019-04-22,197.80665588378903
2019-04-23,198.04286193847656
2019-04-24,197.3814392089844
2019-04-25,199.5546112060547
2019-04-26,201.44435119628903
2019-04-30,197.66490173339844
2019-05-02,194.92483520507807
2019-05-03,192.7516326904297
2019-05-06,191.4760589599609
2019-05-07,188.73599243164065
2019-05-08,188.45249938964844
2019-05-09,187.6493988037109
2019-05-10,187.55487060546875
2019-05-13,188.83045959472656
2019-05-14,189.2083740234375
2019-05-15,188.26353454589844
2019-05-16,208.62530517578125
2019-05-17,222.4202575683593
2019-05-20,222.845458984375
2019-05-21,219.6801605224609
2019-05-22,221.1446990966797
2019-05-23,217.60145568847656
2019-05-24,224.3533935546875
2019-05-27,222.9207305908203
2019-05-28,226.6456298828125
2019-05-29,223.82809448242188
2019-05-30,226.21583557128903
2019-05-31,233.0447998046875
2019-06-03,233.9521484375
2019-06-04,242.07052612304688
2019-06-06,241.16319274902344
2019-06-07,245.4611358642578
2019-06-10,241.35418701171875
2019-06-11,243.88522338867188
2019-06-12,243.6941833496093
2019-06-13,242.4525756835937
2019-06-14,235.9578857421875
2019-06-17,234.66848754882807
2019-06-18,236.67420959472656
2019-06-19,234.2864532470703
2019-06-20,244.3627777099609
2019-06-21,250.0456085205078
2019-06-24,248.2786865234375
2019-06-25,247.5145874023437
2019-06-26,260.408447265625
2019-06-27,261.5068359375
2019-06-28,257.5909423828125
2019-07-01,259.3578491210937
2019-07-02,259.5966491699219
2019-07-03,259.4533386230469
2019-07-04,257.54315185546875
2019-07-05,254.6300811767578
2019-07-08,251.7170562744141
2019-07-09,251.7170562744141
2019-07-10,240.351318359375
2019-07-11,244.45828247070312
2019-07-12,246.3684844970703
2019-07-15,242.8823699951172
2019-07-16,247.8966217041016
2019-07-17,245.4611358642578
2019-07-18,243.64645385742188
2019-07-19,237.67706298828125
2019-07-22,240.3035888671875
2019-07-23,239.157455444336
2019-07-24,238.67990112304688
2019-07-25,240.3035888671875
2019-07-26,246.75051879882807
2019-07-29,244.50601196289065
2019-07-30,238.48887634277344
2019-07-31,240.3035888671875
2019-08-01,247.132553100586
2019-08-02,253.6750030517578
2019-08-05,249.18600463867188
2019-08-06,258.4027709960937
2019-08-07,257.3044128417969
2019-08-08,258.737060546875
2019-08-09,253.5794982910156
2019-08-13,251.76480102539065
2019-08-14,255.01217651367188
2019-08-16,254.86886596679688
2019-08-19,256.15826416015625
2019-08-20,253.96153259277344
2019-08-21,249.71131896972656
2019-08-22,247.0848388671875
2019-08-23,254.00927734375
2019-08-26,256.9700927734375
2019-08-27,254.4390869140625
2019-08-28,267.4762268066406
2019-08-29,262.2231750488281
2019-08-30,265.9958190917969
2019-09-03,259.0235900878906
2019-09-04,255.01217651367188
2019-09-05,252.5766448974609
2019-09-06,250.9529724121093
2019-09-09,251.95584106445312
2019-09-11,247.70562744140625
2019-09-12,250.52316284179688
2019-09-13,247.371337890625
2019-09-16,245.93869018554688
2019-09-17,244.7447967529297
2019-09-18,248.087646484375
2019-09-19,243.025619506836
2019-09-20,255.346420288086
2019-09-23,261.3635559082031
2019-09-24,262.6529541015625
2019-09-25,266.90313720703125
2019-09-26,267.3329772949219
2019-09-27,269.2909545898437
2019-09-30,263.60809326171875
2019-10-01,258.49822998046875
2019-10-03,260.50396728515625
2019-10-04,254.24807739257807
2019-10-07,253.77052307128903
2019-10-09,257.8297119140625
2019-10-10,254.67788696289065
2019-10-11,259.8354187011719
2019-10-14,263.3692626953125
2019-10-15,265.27947998046875
2019-10-16,263.1782531738281
2019-10-17,266.90313720703125
2019-10-18,269.33868408203125
2019-10-22,269.09991455078125
2019-10-23,266.3301086425781
2019-10-24,268.47906494140625
2019-10-25,267.04644775390625
2019-10-27,267.2852478027344
2019-10-29,270.67584228515625
2019-10-30,278.6509094238281
2019-10-31,302.7672424316406
2019-11-01,291.2582397460937
2019-11-04,292.8341979980469
2019-11-05,287.008056640625
2019-11-06,286.4349975585937
2019-11-07,287.34234619140625
2019-11-08,281.9460144042969
2019-11-11,281.7072448730469
2019-11-13,276.5018920898437
2019-11-14,282.2325744628906
2019-11-15,284.3815002441406
2019-11-18,291.592529296875
2019-11-19,288.9182434082031
2019-11-20,293.02520751953125
2019-11-21,288.24969482421875
2019-11-22,286.1484680175781
2019-11-25,288.583984375
2019-11-26,286.0529479980469
2019-11-27,293.5505065917969
2019-11-28,304.390869140625
2019-11-29,308.64111328125
2019-12-02,302.5762023925781
2019-12-03,300.28399658203125
2019-12-04,304.5819091796875
2019-12-05,301.4300537109375
2019-12-06,299.66314697265625
2019-12-09,301.2868347167969
2019-12-10,298.8035888671875
2019-12-11,300.2362060546875
2019-12-12,309.0231628417969
2019-12-13,313.3210754394531
2019-12-16,307.781494140625
2019-12-17,310.5513000488281
2019-12-18,298.3260192871094
2019-12-19,299.8542175292969
2019-12-20,298.6125183105469
2019-12-23,300.76153564453125
2019-12-24,301.1913452148437
2019-12-26,298.851318359375
2019-12-27,304.1521301269531
2019-12-30,306.9696655273437
2019-12-31,306.9219055175781
2020-01-01,309.3096923828125
2020-01-02,308.8321228027344
2020-01-03,303.9133605957031
2020-01-06,298.0872497558594
2020-01-07,300.76153564453125
2020-01-08,302.0508728027344
2020-01-09,313.7986755371094
2020-01-10,326.0239562988281
2020-01-13,337.1031494140625
2020-01-14,372.1076049804688
2020-01-15,373.8746032714844
2020-01-16,366.997802734375
2020-01-17,363.2251586914063
2020-01-20,365.94720458984375
2020-01-21,368.4782104492188
2020-01-22,367.7619018554688
2020-01-23,375.59368896484375
2020-01-24,367.3321228027344
2020-01-27,365.2309265136719
2020-01-28,363.6072387695313
2020-01-29,366.2337646484375
2020-01-30,364.4668273925781
2020-01-31,366.1860046386719
2020-02-03,361.84027099609375
2020-02-04,362.8431701660156
2020-02-05,376.8831481933594
2020-02-06,374.4475708007813
2020-02-07,378.8888244628906
2020-02-10,374.6863708496094
2020-02-11,373.0627136230469
2020-02-12,377.4084167480469
2020-02-13,374.9251403808594
2020-02-14,379.0798645019531
2020-02-17,363.94146728515625
2020-02-18,364.8488464355469
2020-02-19,365.94720458984375
2020-02-20,363.4161682128906
2020-02-24,352.5280456542969
2020-02-25,352.4325256347656
2020-02-26,349.2329406738281
2020-02-27,346.9884338378906
2020-02-28,330.60845947265625
2020-03-02,323.58843994140625
2020-03-03,339.3476257324219
2020-03-04,333.5215148925781
2020-03-05,332.8529663085937
2020-03-06,329.03253173828125
2020-03-09,315.2790832519531
2020-03-11,313.13006591796875
2020-03-12,289.8256225585937
2020-03-13,309.69171142578125
2020-03-16,286.8170166015625
2020-03-17,271.1056213378906
2020-03-18,255.4419860839844
2020-03-19,239.4917449951172
2020-03-20,252.33790588378903
2020-03-23,216.33053588867188
2020-03-24,237.8680725097656
2020-03-25,264.7064514160156
2020-03-26,266.5211181640625
2020-03-27,271.9652099609375
2020-03-30,268.7655944824219
2020-03-31,281.6117553710937
2020-04-01,267.4284362792969
2020-04-03,255.1554107666016
2020-04-07,271.774169921875
2020-04-08,281.18194580078125
2020-04-09,295.1741943359375
2020-04-13,291.353759765625
2020-04-15,301.4778137207031
2020-04-16,309.5007019042969
2020-04-17,309.93048095703125
2020-04-20,310.1215515136719
2020-04-21,298.3737487792969
2020-04-22,315.3268127441406
2020-04-23,315.13580322265625
2020-04-24,311.4586486816406
2020-04-27,333.6647644042969
2020-04-28,327.5043640136719
2020-04-29,338.10595703125
2020-04-30,335.81378173828125
2020-05-04,319.91131591796875
2020-05-05,314.7059936523437
2020-05-06,320.4843444824219
2020-05-07,325.9761657714844
2020-05-08,333.0917053222656
2020-05-11,339.06109619140625
2020-05-12,342.594970703125
2020-05-13,340.3504943847656
2020-05-14,346.5108642578125
2020-05-15,336.3868103027344
2020-05-18,331.51580810546875
2020-05-19,341.97412109375
2020-05-20,344.55291748046875
2020-05-21,344.12310791015625
2020-05-22,346.1766357421875
2020-05-26,355.25006103515625
2020-05-27,352.0027160644531
2020-05-28,354.4859924316406
2020-05-29,350.4267883300781
2020-06-01,346.5586242675781
2020-06-02,350.9521484375
2020-06-03,350.18804931640625
2020-06-04,364.3713073730469
2020-06-05,362.6998596191406
2020-06-08,362.4132995605469
2020-06-09,366.997802734375
2020-06-10,367.37982177734375
2020-06-11,358.9272155761719
2020-06-12,354.3427429199219
2020-06-15,353.3876037597656
2020-06-16,352.4802551269531
2020-06-17,353.00555419921875
2020-06-18,358.0244140625
2020-06-19,362.9789733886719
2020-06-22,366.63470458984375
2020-06-23,376.0146484375
2020-06-24,368.5587768554688
2020-06-25,369.4246215820313
2020-06-26,371.0119934082031
2020-06-29,371.8778381347656
2020-06-30,372.7436828613281
2020-07-01,369.9056396484375
2020-07-02,375.9665222167969
2020-07-03,381.4020690917969
2020-07-06,390.3009643554688
2020-07-07,397.0352478027344
2020-07-08,415.987548828125
2020-07-09,416.9014587402344
2020-07-10,413.7747802734375
2020-07-13,408.3392639160156
2020-07-14,403.4328308105469
2020-07-15,397.3719787597656
2020-07-16,394.7263488769531
2020-07-17,406.9443359375
2020-07-20,407.04052734375
2020-07-21,393.9086608886719
2020-07-22,391.5516052246094
2020-07-23,389.05029296875
2020-07-24,392.9466247558594
2020-07-27,392.9466247558594
2020-07-28,397.3719787597656
2020-07-29,411.4659423828125
2020-07-30,408.7721862792969
2020-07-31,411.8026123046875
2020-08-03,417.6230163574219
2020-08-04,432.6790161132813
2020-08-05,430.610595703125
2020-08-06,466.3504638671875
2020-08-07,498.9156188964844
2020-08-10,500.5511169433594
2020-08-11,496.3181457519531
2020-08-12,497.9054870605469
2020-08-13,518.5894775390625
2020-08-14,517.0983276367188
2020-08-17,523.1110229492188
2020-08-18,525.03515625
2020-08-19,527.3921508789062
2020-08-20,528.4022216796875
2020-08-21,525.083251953125
2020-08-24,524.8427124023438
2020-08-25,524.8427124023438
2020-08-26,528.3060913085938
2020-08-27,523.9768676757812
2020-08-28,526.2857666015625
2020-08-31,512.1437377929688
2020-09-01,527.6807861328125
2020-09-02,528.9794921875
2020-09-03,556.5420532226562
2020-09-04,547.4507446289062
2020-09-07,524.6022338867188
2020-09-08,517.916015625
2020-09-09,514.45263671875
2020-09-10,525.8047485351562
2020-09-11,527.5845947265625
2020-09-14,525.756591796875
2020-09-15,521.76416015625
2020-09-16,521.8123168945312
2020-09-17,527.4883422851562
2020-09-18,520.08056640625
2020-09-21,488.4774475097656
2020-09-22,485.2546081542969
2020-09-23,474.8164367675781
2020-09-24,470.1024475097656
2020-09-25,490.44964599609375
2020-09-28,497.37640380859375
2020-09-29,484.1483154296875
2020-09-30,480.9735412597656
2020-10-01,489.7762756347656
2020-10-05,484.4369201660156
2020-10-06,486.40911865234375
2020-10-07,485.87994384765625
2020-10-08,469.7176513671875
2020-10-09,453.3629150390625
2020-10-12,456.6819763183594
2020-10-13,451.1502075195313
2020-10-14,471.2088012695313
2020-10-15,456.104736328125
2020-10-16,458.9908447265625
2020-10-19,457.7882995605469
2020-10-20,459.760498046875
2020-10-21,447.6387023925781
2020-10-22,448.5045776367188
2020-10-23,454.8540649414063
2020-10-26,458.8465576171875
2020-10-27,479.819091796875
2020-10-28,474.14306640625
2020-10-29,473.3252868652344
2020-10-30,474.14306640625
2020-11-02,475.00885009765625
2020-11-03,470.9201965332031
2020-11-04,474.046875
2020-11-05,487.226806640625
2020-11-06,485.062255859375
2020-11-09,490.4977722167969
2020-11-10,479.48236083984375
2020-11-11,484.3407287597656
2020-11-12,489.4395446777344
2020-11-13,493.7687377929688
2020-11-14,496.5586853027344
2020-11-17,498.6270751953125
2020-11-18,497.28021240234375
2020-11-19,496.0295104980469
2020-11-20,499.3486022949219
2020-11-23,501.8499450683594
2020-11-24,506.85247802734375
2020-11-25,495.2598876953125
2020-11-26,500.11822509765625
2020-11-27,517.579345703125
2020-12-01,509.2095336914063
2020-12-02,518.7817993164062
2020-12-03,529.5086059570312
2020-12-04,542.1114501953125
2020-12-07,546.2962646484375
2020-12-08,541.389892578125
2020-12-09,544.0355224609375
2020-12-10,557.888916015625
2020-12-11,554.5217895507812
2020-12-14,555.0989990234375
2020-12-15,549.6153564453125
2020-12-16,561.4484252929688
2020-12-17,555.3875732421875
2020-12-18,551.7799682617188
2020-12-21,541.389892578125
2020-12-22,554.1369018554688
2020-12-23,582.3248291015625
2020-12-24,578.1880493164062
2020-12-28,579.5830078125
2020-12-29,575.8790893554688
2020-12-30,571.7904052734375
2020-12-31,567.5093383789062
2021-01-01,578.6690063476562
2021-01-04,581.0741577148438
2021-01-05,586.4134521484375
2021-01-06,581.9880981445312
2021-01-07,578.0437622070312
2021-01-08,586.4134521484375
2021-01-11,605.1253051757812
2021-01-12,600.6035766601562
2021-01-13,596.8517456054688
2021-01-14,590.6945190429688
2021-01-15,579.5349731445312
2021-01-18,562.5548095703125
2021-01-19,560.5826416015625
2021-01-20,574.0031127929688
2021-01-21,572.6563110351562
2021-01-22,562.5548095703125
2021-01-25,551.8280029296875
2021-01-27,550.9140625
2021-01-28,543.169677734375
2021-01-29,538.5518188476562
2021-02-01,561.9776000976562
2021-02-02,553.5115966796875
2021-02-03,558.1294555664062
2021-02-04,565.7294921875
2021-02-05,570.0106201171875
2021-02-08,574.43603515625
2021-02-09,575.975341796875
2021-02-10,577.947509765625
2021-02-11,587.1830444335938
2021-02-12,584.4413452148438
2021-02-15,599.4490966796875
2021-02-16,604.4999389648438
2021-02-17,608.1557006835938
2021-02-18,600.3150634765625
2021-02-19,593.53271484375
2021-02-22,594.8313598632812
2021-02-23,603.6821899414062
2021-02-24,602.1909790039062
2021-02-25,604.6441650390625
2021-02-26,586.0286865234375
2021-03-01,600.8441162109375
2021-03-02,608.34814453125
2021-03-03,612.7254028320312
2021-03-04,607.1455078125
2021-03-05,599.0162963867188
2021-03-08,592.666748046875
2021-03-09,588.4818725585938
2021-03-10,597.3807983398438
2021-03-12,591.8971557617188
2021-03-15,584.585693359375
2021-03-16,587.4718017578125
2021-03-17,580.4487915039062
2021-03-18,572.319580078125
2021-03-19,577.4664916992188
2021-03-22,596.9959106445312
2021-03-23,610.0316162109375
2021-03-24,605.2213745117188
2021-03-25,591.5123291015625
2021-03-26,604.4517211914062
2021-03-30,605.0291137695312
2021-03-31,614.6494750976562
2021-04-01,625.4724731445312
2021-04-05,620.4697875976562
2021-04-06,648.9462890625
2021-04-07,640.4804077148438
2021-04-08,645.2424926757812
2021-04-09,653.9970703125
2021-04-12,630.715576171875
2021-04-13,638.7487182617188
2021-04-15,634.275146484375
2021-04-16,645.8196411132812
2021-04-19,638.8928833007812
2021-04-20,654.28564453125
2021-04-22,640.2398681640625
2021-04-23,639.3739624023438
2021-04-26,644.761474609375
2021-04-27,648.1286010742188
2021-04-28,651.4475708007812
2021-04-29,646.3487548828125
2021-04-30,644.0879516601562
2021-05-03,651.3994750976562
2021-05-04,620.7584838867188
2021-05-05,624.4141845703125
2021-05-06,628.3104858398438
2021-05-07,605.1253051757812
2021-05-10,609.11767578125
2021-05-11,617.2469482421875
2021-05-12,615.7557983398438
2021-05-14,620.6622314453125
2021-05-17,628.5029296875
2021-05-18,628.2142333984375
2021-05-19,628.4066772460938
2021-05-20,620.4217529296875
2021-05-21,625.03955078125
2021-05-24,615.803955078125
2021-05-25,625.2800903320312
2021-05-26,617.53564453125
2021-05-27,623.9331665039062
2021-05-28,630.0902709960938
2021-05-31,638.6524047851562
2021-06-01,640.5284423828125
2021-06-02,647.9842529296875
2021-06-03,654.189453125
2021-06-04,660.8756103515625
2021-06-07,673.3822631835938
2021-06-08,683.4837036132812
2021-06-09,676.172119140625
2021-06-10,684.7352294921875
2021-06-11,692.1853637695312
2021-06-14,691.556396484375
2021-06-15,696.1522827148438
2021-06-16,712.0202026367188
2021-06-17,720.8248901367188
2021-06-18,715.7935791015625
2021-06-21,718.454345703125
2021-06-22,732.1452026367188
2021-06-23,733.2578125
2021-06-24,732.8709106445312
2021-06-25,733.0159912109375
2021-06-28,740.8048095703125
2021-06-29,733.451416015625
2021-06-30,729.9198608398438
2021-07-01,731.5162353515625
2021-07-02,738.8212280273438
2021-07-05,741.4337158203125
2021-07-06,737.8536987304688
2021-07-07,738.2890625
2021-07-08,738.531005859375
2021-07-09,741.0950317382812
2021-07-12,750.7222290039062
2021-07-13,747.7711181640625
2021-07-14,743.2720336914062
2021-07-15,747.287353515625
2021-07-16,738.24072265625
2021-07-19,740.7079467773438
2021-07-20,732.5321655273438
2021-07-22,739.4017944335938
2021-07-23,749.99658203125
2021-07-26,751.157470703125
2021-07-27,744.7716674804688
2021-07-28,730.4036254882812
2021-07-29,726.82373046875
2021-07-30,731.7098388671875
2021-08-02,734.9027099609375
2021-08-03,742.7398681640625
2021-08-04,734.1287231445312
2021-08-05,743.4171752929688
2021-08-06,755.9953002929688
2021-08-09,740.0306396484375
2021-08-10,746.8519287109375
2021-08-11,740.1759033203125
2021-08-12,749.1256713867188
2021-08-13,781.2483520507812
2021-08-16,776.1204223632812
2021-08-17,805.7757568359375
2021-08-18,814.0967407226562
2021-08-20,819.8052368164062
2021-08-23,805.4854736328125
2021-08-24,809.7427368164062
2021-08-25,808.8719482421875
2021-08-26,825.6105346679688
2021-08-27,820.4341430664062
2021-08-30,832.5768432617188
2021-08-31,836.8825073242188
2021-09-01,839.3013916015625
2021-09-02,843.1715698242188
2021-09-03,841.6234130859375
2021-09-06,841.8169555664062
2021-09-07,840.1237182617188
2021-09-08,851.2506103515625
2021-09-09,847.1868896484375
2021-09-13,853.4759521484375
2021-09-14,852.7019653320312
2021-09-15,843.2683715820312
2021-09-16,845.6387939453125
2021-09-17,845.7839965820312
2021-09-20,829.1904907226562
2021-09-21,831.0288696289062
2021-09-22,826.4329833984375
2021-09-23,823.0465087890625
2021-09-24,809.5975952148438
2021-09-27,807.9526977539062
2021-09-28,796.0035400390625
2021-09-29,796.7291870117188
2021-09-30,787.1987915039062
2021-10-01,775.2495727539062
2021-10-04,787.8760375976562
2021-10-05,775.4430541992188
2021-10-06,794.0200805664062
2021-10-07,797.79345703125
2021-10-08,792.181640625
2021-10-11,789.7627563476562
2021-10-12,789.6660766601562
2021-10-13,820.6277465820312
2021-10-14,822.0305786132812
2021-10-18,816.56396484375
2021-10-19,815.9349975585938
2021-10-20,800.1155395507812
2021-10-21,788.3598022460938
2021-10-22,769.4442138671875
2021-10-25,763.3486938476562
2021-10-26,782.6513671875
2021-10-27,792.181640625
2021-10-28,783.4253540039062
2021-10-29,783.2318725585938
2021-11-01,798.1321411132812
2021-11-02,806.7432861328125
2021-11-03,800.0671997070312
2021-11-04,800.5509643554688
2021-11-08,809.2105102539062
2021-11-09,808.5333251953125
2021-11-10,815.0643310546875
2021-11-11,810.4683837890625
2021-11-12,820.3857421875
2021-11-15,824.8848876953125
2021-11-16,806.3563232421875
2021-11-17,809.2589721679688
2021-11-18,805.050048828125
2021-11-22,786.3764038085938
2021-11-23,794.310302734375
2021-11-24,773.024169921875
2021-11-25,781.5870361328125
2021-11-26,741.8206787109375
2021-11-29,741.1434326171875
2021-11-30,753.33447265625
2021-12-01,747.7227783203125
2021-12-02,748.1581420898438
2021-12-03,749.174072265625
2021-12-06,723.3405151367188
2021-12-07,736.0154418945312
2021-12-08,747.0938720703125
2021-12-09,752.2702026367188
2021-12-10,744.6749877929688
2021-12-13,729.6295166015625
2021-12-14,715.5032958984375
2021-12-15,722.0827026367188
2021-12-16,716.22900390625
2021-12-17,702.7800903320312
2021-12-20,686.525146484375
2021-12-21,682.8001708984375
2021-12-22,691.75
2021-12-23,703.1669921875
2021-12-24,695.6201782226562
2021-12-27,695.184814453125
2021-12-28,703.360595703125
2021-12-29,703.0703735351562
2021-12-30,704.37646484375
2021-12-31,719.3251953125
2022-01-03,723.7274780273438
2022-01-04,714.8743896484375
2022-01-05,709.7947387695312
2022-01-06,701.9092407226562
2022-01-07,712.213623046875
2022-01-10,708.1499633789062
2022-01-11,714.680908203125
2022-01-12,712.213623046875
2022-01-13,706.5051879882812
2022-01-14,737.7570190429688
2022-01-17,740.2725830078125
2022-01-18,707.714599609375
2022-01-19,694.3623657226562
2022-01-20,699.9741821289062
2022-01-21,702.9735717773438
2022-01-24,669.0125732421875
2022-01-25,684.7835693359375
2022-01-27,683.0419921875
2022-01-28,694.604248046875
2022-01-31,703.69921875
2022-02-01,712.213623046875
2022-02-02,718.3576049804688
2022-02-03,714.1487426757812
2022-02-04,709.98828125
2022-02-07,681.9293212890625
2022-02-08,674.4791259765625
2022-02-09,677.4785766601562
2022-02-10,683.7677612304688
2022-02-11,678.2526245117188
2022-02-14,671.77001953125
2022-02-15,679.2201538085938
2022-02-16,678.2526245117188
2022-02-17,696.9747314453125
2022-02-18,694.21728515625
2022-02-21,690.0567626953125
2022-02-22,691.9918823242188
2022-02-23,699.7807006835938
2022-02-24,655.7088012695312
2022-02-25,686.476806640625
2022-02-28,695.281494140625
2022-03-02,687.9281005859375
2022-03-03,664.75537109375
2022-03-04,648.2102661132812
2022-03-07,638.43798828125
2022-03-08,661.5140380859375
2022-03-09,676.4627075195312
2022-03-10,700.6998291015625
2022-03-11,693.2012939453125
2022-03-14,698.8131103515625
2022-03-15,724.30810546875
2022-03-16,723.5823974609375
2022-03-17,747.2389526367188
2022-03-21,723.533935546875
2022-03-22,728.4684448242188
2022-03-23,724.50146484375
2022-03-24,716.4708251953125
2022-03-25,709.5529174804688
2022-03-28,717.196533203125
2022-03-29,719.0833129882812
2022-03-30,740.9982299804688
2022-03-31,752.1734619140625
2022-04-01,764.1710815429688
2022-04-04,762.5262451171875
2022-04-05,780.4743041992188
2022-04-06,782.9899291992188
2022-04-07,778.7810668945312
2022-04-08,791.1658325195312
2022-04-11,794.8424072265625
2022-04-12,785.7474365234375
2022-04-13,791.0689697265625
2022-04-18,795.616455078125
2022-04-19,765.6707763671875
2022-04-20,784.1510620117188
2022-04-21,793.439453125
2022-04-22,789.1338500976562
2022-04-25,767.025390625
2022-04-26,795.3745727539062
2022-04-27,772.685546875
2022-04-28,785.3120727539062
2022-04-29,797.0194702148438
2022-05-02,797.6483154296875
2022-05-04,777.2330322265625
2022-05-05,751.157470703125
2022-05-06,740.1275024414062
2022-05-09,733.6449584960938
2022-05-10,721.598876953125
2022-05-11,719.9540405273438
2022-05-12,714.100341796875
2022-05-13,713.6649169921875
2022-05-16,711.6331176757812
2022-05-17,710.4236450195312
2022-05-18,729.8230590820312
2022-05-19,697.8938598632812
2022-05-20,715.60009765625
2022-05-23,706.0213623046875
2022-05-24,691.9435424804688
2022-05-25,692.95947265625
2022-05-26,698.8131103515625
2022-05-27,701.9092407226562
2022-05-30,725.8078002929688
2022-05-31,735.09619140625
2022-06-01,736.40234375
2022-06-02,733.6449584960938
2022-06-03,729.43603515625
2022-06-06,738.86962890625
2022-06-07,732.0484008789062
2022-06-08,732.58056640625
2022-06-09,735.7265014648438
2022-06-10,737.8719482421875
2022-06-13,717.733154296875
2022-06-14,717.6356201171875
2022-06-15,719.4886474609375
2022-06-16,707.00537109375
2022-06-17,694.0346069335938
2022-06-20,699.1058959960938
2022-06-21,709.2484741210938
2022-06-22,691.4014892578125
2022-06-23,700.6663208007812
2022-06-24,710.9552001953125
2022-06-27,711.3452758789062
2022-06-28,718.61083984375
2022-06-29,702.177978515625
2022-06-30,688.8657836914062
2022-07-01,701.7390747070312
2022-07-04,712.0767822265625
2022-07-05,711.00390625
2022-07-06,731.3866577148438
2022-07-07,736.1653442382812
2022-07-08,742.55322265625
2022-07-11,746.9418334960938
2022-07-12,737.7257080078125
2022-07-13,743.6746826171875
2022-07-14,746.8930053710938
2022-07-15,770.9816284179688
2022-07-18,774.6875610351562
2022-07-19,767.7633056640625
2022-07-20,775.3214721679688
2022-07-21,798.0447387695312
2022-07-22,784.1474609375
2022-07-25,787.950927734375
2022-07-26,771.274169921875
2022-07-27,781.7581176757812
2022-07-28,786.6343383789062
2022-07-29,791.559326171875
2022-08-01,791.0228881835938
2022-08-02,791.5105590820312
2022-08-03,792.6321411132812
2022-08-04,769.7138061523438
2022-08-05,765.3739624023438
2022-08-08,769.1774291992188
2022-08-10,770.9816284179688
2022-08-11,754.304931640625
2022-08-12,744.552490234375
2022-08-16,760.2051391601562
2022-08-17,773.858642578125
2022-08-18,787.8533935546875
2022-08-19,767.4707641601562
2022-08-22,774.2974853515625
2022-08-23,789.3162841796875
2022-08-24,785.7566528320312
2022-08-25,782.001953125
2022-08-26,782.0994873046875
2022-08-29,786.1954956054688
2022-08-30,789.60888671875
2022-09-01,817.647216796875
2022-09-02,813.0635375976562
2022-09-05,816.7207641601562
2022-09-06,797.9960327148438
2022-09-07,804.6763916015625
2022-09-08,798.824951171875
2022-09-09,796.0941772460938
2022-09-12,805.0665283203125
2022-09-13,827.9848022460938
2022-09-14,819.4513549804688
2022-09-15,816.6719970703125
2022-09-16,775.5165405273438
2022-09-19,773.3710327148438
2022-09-20,784.2937622070312
2022-09-21,784.2937622070312
2022-09-22,783.3185424804688
2022-09-23,762.2044067382812
2022-09-26,761.521728515625
2022-09-27,778.1008911132812
2022-09-28,774.0049438476562
2022-09-29,772.9808349609375
2022-09-30,782.9771118164062
2022-10-03,758.6935424804688
2022-10-04,765.7152709960938
2022-10-06,774.6388549804688
2022-10-07,761.570556640625
2022-10-10,738.4083862304688
2022-10-11,724.2184448242188
2022-10-12,738.6033935546875
2022-10-13,738.6522216796875
2022-10-14,742.4069213867188
2022-10-17,744.2599487304688
2022-10-18,755.1826171875
2022-10-19,745.6251831054688
2022-10-20,751.623046875
2022-10-21,742.7969970703125
2022-10-24,751.8668212890625
2022-10-25,747.9658203125
2022-10-27,750.9890747070312
2022-10-28,742.5044555664062
2022-10-31,751.086669921875
2022-11-01,755.6702270507812
2022-11-02,749.0385131835938
2022-11-03,743.8697509765625
2022-11-04,745.38134765625
2022-11-07,753.037109375
2022-11-09,751.086669921875
2022-11-10,749.6724853515625
2022-11-11,754.0610961914062
2022-11-14,748.7459716796875
2022-11-15,753.6222534179688
2022-11-16,750.50146484375
2022-11-17,766.5443115234375
2022-11-18,756.4992065429688
2022-11-21,751.8668212890625
2022-11-22,752.2081298828125
2022-11-23,751.086669921875
2022-11-24,773.127197265625
2022-11-25,769.6163330078125
2022-11-28,784.3912963867188
2022-11-29,785.1227416992188
2022-11-30,797.8009033203125
2022-12-01,793.0709838867188
2022-12-02,775.8578491210938
2022-12-05,780.6853637695312
2022-12-06,777.9058837890625
2022-12-07,779.5637817382812
2022-12-08,784.2937622070312
2022-12-09,783.416015625
2022-12-12,789.9989624023438
2022-12-13,787.609619140625
2022-12-14,795.2653198242188
2022-12-15,784.9763793945312
2022-12-16,781.7092895507812
2022-12-19,788.8286743164062
2022-12-20,788.292236328125
2022-12-21,782.7333374023438
2022-12-22,778.8811645507812
2022-12-23,759.7175903320312
2022-12-26,756.1090698242188
2022-12-27,758.595947265625
2022-12-28,760.8390502929688
2022-12-29,756.8892822265625
2022-12-30,747.9658203125
2023-01-02,743.4308471679688
2023-01-03,748.160888671875
2023-01-04,743.3821411132812
2023-01-05,744.9425048828125
2023-01-06,742.5044555664062
2023-01-09,747.9658203125
2023-01-10,750.2088623046875
2023-01-11,740.5051879882812
2023-01-12,735.5802001953125
2023-01-13,734.2635498046875
2023-01-16,728.75341796875
2023-01-17,731.484130859375
2023-01-18,731.9230346679688
2023-01-19,720.2200317382812
2023-01-20,720.1712646484375
2023-01-23,724.072265625
2023-01-24,722.5606689453125
2023-01-25,721.7316284179688
2023-01-27,717.0504760742188
2023-01-30,717.4406127929688
2023-01-31,711.4428100585938
2023-02-01,722.4630737304688
2023-02-02,718.9034423828125
2023-02-03,708.6145629882812
2023-02-06,711.6865844726562
2023-02-07,710.1749877929688
2023-02-08,706.4690551757812
2023-02-09,704.0797119140625
2023-02-10,708.6145629882812
2023-02-13,700.0324096679688
2023-02-14,703.1531982421875
2023-02-15,710.0774536132812
2023-02-16,714.4660034179688
2023-02-17,708.273193359375
2023-02-20,703.933349609375
2023-02-21,708.2244262695312
2023-02-22,703.5921020507812
2023-02-23,698.3743896484375
2023-02-24,698.42333984375
2023-02-27,692.718017578125
2023-02-28,697.59423828125
2023-03-01,697.5455322265625
2023-03-02,689.841064453125
2023-03-03,692.2791748046875
2023-03-06,695.9363403320312
2023-03-08,702.66552734375
2023-03-09,691.694091796875
2023-03-10,686.964111328125
2023-03-13,676.9678344726562
2023-03-14,676.1388549804688
2023-03-15,670.5311279296875
2023-03-16,676.821533203125
2023-03-17,688.7195434570312
2023-03-20,685.2086181640625
2023-03-21,683.5507202148438
2023-03-22,693.3031616210938
2023-03-23,689.6460571289062
2023-03-24,684.9647827148438
2023-03-27,682.0390625
2023-03-28,678.8207397460938
2023-03-29,680.2836303710938
2023-03-31,691.3038940429688
2023-04-03,699.3009643554688
2023-04-05,709.394775390625
2023-04-06,712.4180297851562
2023-04-10,702.8118896484375
2023-04-11,699.5447387695312
2023-04-12,700.6175537109375
2023-04-13,701.787841796875
2023-04-17,695.5462646484375
2023-04-18,689.5485229492188
2023-04-19,683.501953125
2023-04-20,685.9888305664062
2023-04-21,683.0631713867188
2023-04-24,714.4172973632812
2023-04-25,716.270263671875
2023-04-26,728.217041015625
2023-04-27,735.3363037109375
2023-04-28,744.9425048828125
2023-05-02,760.3026733398438
2023-05-03,762.05810546875
2023-05-04,756.3041381835938
2023-05-05,757.0355834960938
2023-05-08,769.3724975585938
2023-05-09,769.469970703125
2023-05-10,771.5667724609375
2023-05-11,769.9088745117188
2023-05-12,769.5187377929688
2023-05-15,767.4707641601562
2023-05-16,766.7880859375
2023-05-17,758.986083984375
2023-05-18,757.0842895507812
2023-05-19,754.6160278320312
2023-05-22,755.2567749023438
2023-05-23,759.15087890625
2023-05-24,760.2354125976562
2023-05-25,769.2557983398438
2023-05-26,778.5228271484375
2023-05-29,783.0083618164062
2023-05-30,779.705810546875
2023-05-31,787.34619140625
2023-06-01,782.4169311523438
2023-06-02,784.7828979492188
2023-06-05,781.23388671875
2023-06-06,780.8888549804688
2023-06-07,811.4500732421875
2023-06-08,795.676513671875
2023-06-09,789.662841796875
2023-06-12,789.4163818359375
2023-06-13,808.29541015625
2023-06-14,850.2924194335938
2023-06-15,852.7570190429688
2023-06-16,850.5388793945312
2023-06-19,844.8703002929688
2023-06-20,846.743408203125
2023-06-21,847.9757080078125
2023-06-22,829.9840087890625
2023-06-23,828.9488525390625
2023-06-26,850.3416748046875
2023-06-27,842.1099243164062
2023-06-28,842.8493041992188
2023-06-30,848.715087890625
2023-07-03,846.6940307617188
2023-07-04,843.4407348632812
2023-07-05,833.9273681640625
2023-07-06,833.08935546875
2023-07-07,821.4564208984375
2023-07-10,813.9640502929688
2023-07-11,828.4066162109375
2023-07-12,831.3148803710938
2023-07-13,825.4983520507812
2023-07-14,839.4481201171875
2023-07-17,840.532470703125
2023-07-18,846.5462036132812
2023-07-19,848.271484375
2023-07-20,860.7423706054688
2023-07-21,840.2860107421875
2023-07-24,850.8839111328125
2023-07-25,856.2567749023438
2023-07-26,861.5311279296875
2023-07-27,838.0186767578125
2023-07-28,847.1869506835938
2023-07-31,847.1376953125
2023-08-01,844.6238403320312
2023-08-02,831.1177368164062
2023-08-03,823.5759887695312
2023-08-04,822.9844360351562
2023-08-07,825.9420166015625
2023-08-08,835.4554443359375
2023-08-09,848.0250244140625
2023-08-10,838.5115356445312
2023-08-11,825.0548095703125
2023-08-14,832.744384765625
2023-08-16,828.8009643554688
2023-08-17,832.3007202148438
2023-08-18,830.624755859375
2023-08-21,836.4905395507812
2023-08-22,836.7863159179688
2023-08-23,832.5964965820312
2023-08-24,832.25146484375
2023-08-25,820.766357421875
2023-08-28,829.8853759765625
2023-08-29,826.3856201171875
2023-08-30,836.3426513671875
2023-08-31,822.5408325195312
2023-09-01,832.2021484375
2023-09-04,834.0752563476562
2023-09-05,834.3217163085938
2023-09-06,866.4603271484375
2023-09-07,846.5462036132812
2023-09-08,841.0254516601562
2023-09-11,850.3909912109375
2023-09-12,852.5105590820312
2023-09-13,876.7130737304688
2023-09-14,872.0303344726562
2023-09-15,863.5028076171875
2023-09-18,868.4813232421875
2023-09-20,857.3905029296875
2023-09-21,858.672119140625
2023-09-22,865.3265991210938
2023-09-25,887.8531494140625
2023-09-26,882.5296020507812
2023-09-27,876.2694702148438
2023-09-28,864.09423828125
2023-09-29,864.4885864257812
2023-10-03,859.5593872070312
2023-10-04,852.5105590820312
2023-10-05,848.0250244140625
2023-10-06,862.3690795898438
2023-10-09,868.1856079101562
2023-10-10,876.1708984375
2023-10-11,875.8258666992188
2023-10-12,879.7199096679688
2023-10-13,900.4226684570312
2023-10-16,895.7399291992188
2023-10-17,895.00048828125
2023-10-18,883.0225219726562
2023-10-19,882.726806640625
2023-10-20,886.2265625
2023-10-23,870.600830078125
2023-10-25,877.4031982421875
2023-10-26,867.8897094726562
2023-10-27,878.4876098632812
2023-10-30,880.9028930664062
2023-10-31,887.7545776367188
2023-11-01,890.3671264648438
2023-11-02,898.3524169921875
2023-11-03,900.7677612304688
2023-11-06,905.6477661132812
2023-11-07,908.9995727539062
2023-11-08,903.3309326171876
2023-11-09,890.0712890625
2023-11-10,899.7819213867188
2023-11-13,903.577392578125
2023-11-15,916.4426879882812
2023-11-16,907.0278930664062
2023-11-17,917.6749877929688
2023-11-20,917.6749877929688
2023-11-21,914.569580078125
2023-11-22,915.11181640625
2023-11-23,919.7946166992188
2023-11-24,913.7809448242188
2023-11-28,918.6608276367188
2023-11-29,920.3367919921876
2023-11-30,927.4348754882812
2023-12-01,929.5051879882812
2023-12-04,933.2514038085938
2023-12-05,936.603271484375
2023-12-06,938.2299194335938
2023-12-07,943.3563842773438
2023-12-08,933.2020874023438
2023-12-11,936.9976196289062
2023-12-12,935.3216552734376
2023-12-13,943.7506713867188
2023-12-14,936.9976196289062
2023-12-15,941.1874389648438
2023-12-18,936.2582397460938
2023-12-19,952.4754028320312
2023-12-20,962.481689453125
2023-12-21,965.4392700195312
2023-12-22,978.7481689453124
2023-12-26,993.0922241210938
2023-12-27,1012.2176513671876
2023-12-28,1026.2659912109375
2023-12-29,1071.4178466796875
2024-01-01,1064.8126220703125
2024-01-02,1082.2127685546875
2024-01-03,1069.5938720703125
2024-01-04,1109.6192626953125
2024-01-05,1107.0560302734375
2024-01-08,1089.310791015625
2024-01-09,1095.916015625
2024-01-10,1098.1834716796875
2024-01-11,1103.408447265625
2024-01-12,1142.5958251953125
2024-01-15,1134.511962890625
2024-01-16,1127.5123291015625
2024-01-17,1122.4844970703125
2024-01-18,1130.5684814453125
2024-01-19,1145.2576904296875
2024-01-23,1129.434814453125
2024-01-24,1142.5958251953125
2024-01-25,1120.6607666015625
2024-01-29,1124.9000244140625
2024-01-30,1107.0068359375
2024-01-31,1102.1761474609375
2024-02-01,1113.6612548828125
2024-02-02,1146.2928466796875
2024-02-05,1134.462646484375
2024-02-06,1147.08154296875
2024-02-07,1149.69384765625
2024-02-08,1121.7945556640625
2024-02-09,1113.2669677734375
2024-02-12,1106.316650390625
2024-02-13,1121.6959228515625
2024-02-14,1119.527099609375
2024-02-15,1115.386474609375
2024-02-16,1131.209228515625
2024-02-19,1138.6524658203125
2024-02-20,1138.0609130859375
2024-02-21,1144.321044921875
2024-02-22,1143.0887451171875
2024-02-23,1143.87744140625
2024-02-26,1160.439697265625
2024-02-27,1166.84765625
2024-02-28,1151.4190673828125
2024-02-29,1173.2064208984375
2024-03-01,1184.0013427734375
2024-03-04,1186.2196044921875
2024-03-05,1183.6070556640625
2024-03-06,1202.7818603515625
2024-03-07,1243.6944580078125
2024-03-11,1203.373291015625
2024-03-12,1198.0003662109375
2024-03-13,1162.263427734375
2024-03-14,1181.388916015625
2024-03-15,1194.99365234375
2024-03-18,1170.150146484375
2024-03-19,1130.0262451171875
2024-03-20,1108.1405029296875
2024-03-21,1117.900390625
2024-03-22,1106.85888671875
2024-03-26,1096.8033447265625
2024-03-27,1075.607666015625
2024-03-28,1080.6846923828125
2024-04-01,1071.516357421875
2024-04-02,1115.1400146484375
2024-04-03,1103.6549072265625
2024-04-04,1102.1268310546875
2024-04-05,1099.7608642578125
2024-04-08,1121.252197265625
2024-04-09,1109.6685791015625
2024-04-10,1129.08984375
2024-04-12,1133.1810302734375
2024-04-15,1114.6470947265625
2024-04-16,1119.576416015625
2024-04-18,1118.491943359375
2024-04-19,1121.9915771484375
2024-04-22,1154.376708984375
2024-04-23,1156.74267578125
2024-04-24,1094.437255859375
2024-04-25,1090.592529296875
2024-04-26,1087.04345703125
2024-04-29,1082.9521484375
2024-04-30,1092.6627197265625
2024-05-02,1075.7061767578125
2024-05-03,1078.8116455078125
2024-05-06,1082.6070556640625
2024-05-07,1083.8394775390625
2024-05-08,1099.2679443359375
2024-05-09,1069.6925048828125
2024-05-10,1075.5089111328125
2024-05-13,1081.424072265625
2024-05-14,1070.0867919921875
2024-05-15,1053.7711181640625
2024-05-16,1084.1845703125
2024-05-17,1079.6988525390625
2024-05-21,1078.466552734375
2024-05-22,1104.492919921875
2024-05-23,1102.1268310546875
2024-05-24,1090.1702880859375
2024-05-27,1079.896484375
2024-05-28,1087.490234375
2024-05-29,1063.4185791015625
2024-05-30,1059.3486328125
2024-05-31,1052.4498291015625
2024-06-03,1061.284423828125
2024-06-04,1079.0030517578125
2024-06-05,1133.9954833984375
2024-06-06,1131.513916015625
2024-06-07,1127.295166015625
2024-06-10,1124.71435546875
2024-06-11,1127.2454833984375
2024-06-12,1116.3760986328125
2024-06-13,1106.4000244140625
2024-06-14,1104.2657470703125
2024-06-18,1118.6094970703125
2024-06-19,1097.4661865234375
2024-06-20,1095.133544921875
2024-06-21,1076.9185791015625
2024-06-24,1093.843017578125
2024-06-25,1086.547119140625
2024-06-26,1078.90380859375
2024-06-27,1077.6134033203125
2024-06-28,1089.3760986328125
2024-07-01,1086.49755859375
2024-07-02,1096.87060546875
2024-07-03,1137.9163818359375
2024-07-04,1126.848388671875
2024-07-05,1129.0323486328125
2024-07-08,1142.333740234375
2024-07-09,1133.796875
2024-07-10,1142.333740234375
2024-07-11,1123.076416015625
2024-07-12,1143.7730712890625
2024-07-15,1140.3485107421875
2024-07-16,1167.596435546875
2024-07-18,1170.07666015625
2024-07-19,1164.7821044921875
2024-07-22,1181.2537841796875
2024-07-23,1232.335693359375
2024-07-24,1207.18701171875
2024-07-25,1199.6864013671875
2024-07-26,1204.7213134765625
2024-07-29,1192.5615234375
2024-07-30,1186.1092529296875
2024-07-31,1180.2030029296875
2024-08-01,1199.4603271484375
2024-08-02,1184.8685302734375
2024-08-05,1190.576171875
2024-08-06,1176.877685546875
2024-08-07,1190.774658203125
2024-08-08,1169.6314697265625
2024-08-09,1177.4237060546875
2024-08-12,1162.1866455078125
2024-08-13,1170.1278076171875
2024-08-14,1158.9605712890625
2024-08-16,1179.0118408203125
2024-08-19,1168.738037109375
2024-08-20,1162.5836181640625
2024-08-21,1168.886962890625
2024-08-22,1196.9290771484375
2024-08-23,1187.995361328125
2024-08-26,1211.0743408203125
2024-08-27,1200.7010498046875
2024-08-28,1192.3133544921875
2024-08-29,1189.633056640625
2024-08-30,1191.3206787109375
2024-09-02,1190.8739013671875
2024-09-03,1190.1790771484375
2024-09-04,1186.1588134765625
2024-09-05,1179.9052734375
2024-09-06,1165.214111328125
2024-09-09,1183.2802734375
2024-09-10,1195.291259765625
2024-09-11,1195.5394287109375
2024-09-12,1213.75439453125
2024-09-13,1201.39599609375
2024-09-16,1209.53564453125
2024-09-17,1211.272705078125
2024-09-18,1192.0155029296875
2024-09-19,1206.3095703125
2024-09-20,1207.897705078125
2024-09-23,1202.6368408203125
2024-09-24,1202.736083984375
2024-09-25,1180.8482666015625
2024-09-26,1204.522705078125
2024-09-27,1192.7103271484375
2024-09-30,1188.1441650390625
2024-10-01,1187.4493408203125
2024-10-03,1144.2694091796875
2024-10-04,1122.0838623046875
2024-10-07,1103.2236328125
2024-10-08,1110.8173828125
2024-10-09,1109.5765380859375
2024-10-10,1105.953369140625
2024-10-11,1104.9110107421875
2024-10-14,1105.3577880859375
2024-10-15,1107.0452880859375
2024-10-16,1105.7547607421875
2024-10-17,1082.1298828125
2024-10-18,1085.20703125
2024-10-21,1009.5676879882812
2024-10-22,990.906005859375
2024-10-23,1007.0860595703124
2024-10-24,989.1192626953124
2024-10-25,965.891357421875
2024-10-28,968.720458984375
2024-10-29,984.7515869140624
2024-10-30,1015.1761474609376
2024-10-31,995.17431640625
2024-11-01,996.7129516601562
2024-11-04,987.2828369140624
2024-11-05,993.3875732421876
2024-11-06,999.6412353515624
2024-11-07,977.6045532226562
2024-11-08,985.64501953125
2024-11-11,968.7700805664062
2024-11-12,960.4318237304688
2024-11-13,945.74072265625
2024-11-14,918.1948852539062
2024-11-18,923.902587890625
2024-11-19,910.4026489257812
2024-11-21,904.9927368164062
2024-11-22,938.2462768554688
2024-11-25,948.6690673828124
2024-11-26,956.4612426757812
2024-11-27,952.9869995117188
2024-11-28,934.1267700195312
2024-11-29,951.5973510742188
2024-12-02,949.95947265625
2024-12-03,947.9741821289062
2024-12-04,954.1286010742188
2024-12-05,959.3399658203124
2024-12-06,967.2811279296876
2024-12-09,927.0790405273438
2024-12-10,919.9320068359376
2024-12-11,928.1709594726562
2024-12-12,914.4724731445312
2024-12-13,922.8602905273438
2024-12-16,913.5790405273438
2024-12-17,898.2427978515625
2024-12-18,902.6599731445312
2024-12-19,900.4265747070312
2024-12-20,882.9064331054688
2024-12-23,896.1085815429688
2024-12-24,900.6250610351562
2024-12-26,894.3218383789062
2024-12-27,901.2703247070312
2024-12-30,896.85302734375
2024-12-31,907.9706420898438
2025-01-01,913.5294189453124
2025-01-02,922.8106689453124
2025-01-03,932.53857421875
2025-01-06,939.9337768554688
2025-01-07,947.9741821289062
2025-01-08,954.5255737304688
2025-01-09,962.9630737304688
2025-01-10,965.6431884765624
2025-01-13,958.3472900390624
2025-01-14,956.0642700195312
2025-01-15,948.5201416015624
2025-01-16,930.8014526367188
2025-01-17,947.42822265625
2025-01-20,953.2351684570312
2025-01-21,964.9483642578124
2025-01-22,960.282958984375
2025-01-23,976.6615600585938
2025-01-24,985.0493774414062
2025-01-27,958.6947021484376
2025-01-28,954.17822265625
2025-01-29,953.4337158203124
2025-01-30,959.588134765625
2025-01-31,1017.11181640625
2025-02-01,1061.979248046875
2025-02-03,1028.6761474609375
2025-02-04,1026.5914306640625
2025-02-05,1007.83056640625
2025-02-06,1015.8212890625
2025-02-07,1013.6871337890624
2025-02-10,1019.9407958984376
2025-02-11,1006.341552734375
2025-02-12,1022.1742553710938
2025-02-13,1015.275390625
2025-02-14,1015.0272216796876
2025-02-17,1015.7220458984376
2025-02-18,1019.394775390625
2025-02-19,1017.7570190429688
2025-02-20,1001.4776611328124
2025-02-21,996.6137084960938
2025-02-24,995.0255126953124
2025-02-25,997.4573974609376
2025-02-27,1000.5842895507812
2025-02-28,956.6101684570312
2025-03-03,946.88232421875
2025-03-04,947.5274658203124
2025-03-05,949.7609252929688
2025-03-06,951.1010131835938
2025-03-07,954.9722900390624
2025-03-10,950.2572631835938
2025-03-11,952.7884521484376
2025-03-12,938.4944458007812
2025-03-13,939.1396484375
2025-03-17,933.53125
2025-03-18,933.53125
2025-03-19,942.862060546875
2025-03-20,958.7443237304688
2025-03-21,954.1286010742188
2025-03-24,963.310546875
2025-03-25,963.5587158203124
2025-03-26,952.5899658203124
2025-03-27,966.3876953125
2025-03-28,994.5291748046876
2025-04-01,984.9501342773438
2025-04-02,1054.8818359375
2025-04-03,1063.1207275390625
2025-04-04,1079.8468017578125
2025-04-07,1039.644775390625
2025-04-08,1061.8800048828125
2025-04-09,1081.7327880859375
2025-04-11,1089.8228759765625
2025-04-15,1095.282470703125
2025-04-16,1097.7640380859375
2025-04-17,1111.958740234375
2025-04-21,1112.7529296875
2025-04-22,1128.33740234375
2025-04-23,1141.6387939453125
2025-04-24,1152.7564697265625
2025-04-25,1147.1976318359375
2025-04-28,1146.7012939453125
2025-04-29,1160.300537109375
2025-04-30,1157.223388671875
2025-05-02,1146.2049560546875
2025-05-05,1152.9549560546875
2025-05-06,1146.8006591796875
2025-05-07,1137.5689697265625
2025-05-08,1107.7896728515625
2025-05-09,1105.506591796875
2025-05-12,1137.171875
2025-05-13,1110.37060546875
2025-05-14,1112.1573486328125
2025-05-15,1138.7601318359375
2025-05-16,1159.4071044921875
2025-05-19,1140.8447265625
2025-05-20,1120.19775390625
2025-05-21,1130.4219970703125
2025-05-22,1118.4110107421875
2025-05-23,1132.4073486328125
2025-05-26,1137.8668212890625
2025-05-27,1130.02490234375
2025-05-28,1113.1500244140625
2025-05-29,1109.800048828125
2025-05-30,1106.300048828125
2025-06-02,1120.4000244140625
2025-06-03,1114.5999755859375
2025-06-04,1124.4000244140625
2025-06-05,1111.9000244140625
2025-06-06,1115.5999755859375
2025-06-09,1121.199951171875
2025-06-10,1115.0999755859375
2025-06-11,1104.300048828125
2025-06-12,1085.0999755859375
2025-06-13,1078.4000244140625
2025-06-16,1083.4000244140625
2025-06-17,1071.5999755859375
2025-06-18,1065.199951171875
2025-06-19,1088.300048828125
2025-06-20,1100.199951171875
2025-06-23,1109.4000244140625
2025-06-24,1107.699951171875
2025-06-25,1126.5
2025-06-26,1145.4000244140625
2025-06-27,1124.300048828125
2025-06-30,1098.9000244140625
2025-07-01,1095.5999755859375
2025-07-02,1095.800048828125
2025-07-03,1089.4000244140625
2025-07-04,1089.699951171875
2025-07-07,1101.9000244140625
2025-07-08,1099.9000244140625
2025-07-09,1097.9000244140625
2025-07-10,1088.9000244140625
2025-07-11,1076.800048828125
2025-07-14,1071.800048828125
2025-07-15,1081.800048828125
2025-07-16,1081.5
2025-07-17,1105.800048828125
2025-07-18,1095.9000244140625
2025-07-21,1090.300048828125
2025-07-22,1084.800048828125
2025-07-23,1062.5999755859375
2025-07-24,1072.800048828125
2025-07-25,1054.4000244140625
2025-07-28,1059.9000244140625
2025-07-29,1061.5999755859375
2025-07-30,1073.0999755859375
2025-07-31,1073.199951171875
2025-08-01,1070.4000244140625
2025-08-04,1072.5999755859375
2025-08-05,1064.5999755859375
2025-08-06,1052.800048828125
2025-08-07,1052.800048828125
2025-08-08,1051.0
2025-08-11,1059.0999755859375
2025-08-12,1046.800048828125
2025-08-13,1056.0999755859375
2025-08-14,1051.199951171875
2025-08-18,1071.300048828125
2025-08-19,1085.800048828125
2025-08-20,1105.300048828125
2025-08-21,1088.0999755859375
2025-08-22,1084.0999755859375
2025-08-25,1081.5999755859375
2025-08-26,1079.9000244140625
2025-08-28,1062.4000244140625
2025-08-29,1065.4000244140625
2025-09-01,1075.699951171875
2025-09-02,1100.800048828125
2025-09-03,1104.4000244140625
2025-09-04,1071.0999755859375
2025-09-05,1072.4000244140625
2025-09-08,1074.199951171875
2025-09-09,1083.5
2025-09-10,1101.0
2025-09-11,1105.300048828125
2025-09-12,1103.9000244140625
2025-09-15,1102.5999755859375
2025-09-16,1092.0999755859375
2025-09-17,1136.300048828125
2025-09-18,1129.300048828125
2025-09-19,1126.800048828125
2025-09-22,1130.0999755859375
2025-09-23,1128.5
2025-09-24,1140.0999755859375
2025-09-25,1134.199951171875
2025-09-26,1119.0
2025-09-29,1123.0999755859375
2025-09-30,1129.300048828125
2025-10-01,1144.800048828125
2025-10-03,1137.5
2025-10-06,1142.0999755859375
2025-10-07,1120.0
2025-10-08,1120.199951171875
2025-10-09,1118.0
2025-10-10,1126.5
2025-10-13,1117.0
2025-10-14,1118.9000244140625
2025-10-15,1114.199951171875
2025-10-16,1149.300048828125
2025-10-17,1166.0
2025-10-20,1176.4000244140625
2025-10-21,1174.5999755859375
2025-10-23,1161.0
2025-10-24,1155.300048828125
2025-10-27,1169.9000244140625
2025-10-28,1168.9000244140625
2025-10-29,1177.0999755859375
2025-10-30,1176.5999755859375
2025-10-31,1165.0
2025-11-03,1197.5
2025-11-04,1179.300048828125
2025-11-06,1190.4000244140625
2025-11-07,1167.199951171875
2025-11-10,1142.699951171875
2025-11-11,1156.199951171875
2025-11-12,1162.0
2025-11-13,1154.800048828125
2025-11-14,1157.800048828125
2025-11-17,1178.9000244140625
2025-11-18,1154.0999755859375
2025-11-19,1162.0999755859375
2025-11-20,1173.9000244140625
2025-11-21,1183.0999755859375
2025-11-24,1186.0
2025-11-25,1177.699951171875
2025-11-26,1185.300048828125
2025-11-27,1177.699951171875
2025-11-28,1172.4000244140625
2025-12-01,1163.800048828125
2025-12-02,1162.199951171875
2025-12-03,1140.0
2025-12-04,1148.4000244140625
2025-12-05,1162.9000244140625
2025-12-08,1145.800048828125
2025-12-09,1146.699951171875
2025-12-10,1140.0999755859375
2025-12-11,1142.0999755859375
2025-12-12,1149.300048828125
2025-12-15,1157.4000244140625
2025-12-16,1169.9000244140625
2025-12-17,1179.800048828125
2025-12-18,1171.5
2025-12-19,1184.0
2025-12-22,1178.800048828125
2025-12-23,1185.5999755859375
2025-12-24,1179.199951171875
2025-12-26,1175.699951171875
2025-12-29,1195.199951171875
2025-12-30,1179.0
2025-12-31,1192.0
2026-01-01,1176.9000244140625
2026-01-02,1170.699951171875
2026-01-05,1182.0999755859375
2026-01-06,1210.4000244140625
2026-01-07,1212.5999755859375
2026-01-08,1197.4000244140625
2026-01-09,1175.9000244140625
2026-01-12,1192.300048828125
2026-01-13,1189.4000244140625
2026-01-14,1171.4000244140625
2026-01-15,1171.4000244140625
2026-01-16,1189.0999755859375
2026-01-19,1180.199951171875
2026-01-20,1185.0
2026-01-21,1163.5999755859375
2026-01-22,1175.199951171875
2026-01-23,1153.5
2026-01-27,1187.4000244140625
2026-01-28,1131.800048828125
2026-01-29,1107.199951171875
2026-01-30,1133.9000244140625
2026-02-02,1125.4000244140625
2026-02-03,1155.4000244140625
2026-02-04,1153.0
2026-02-05,1155.9000244140625
2026-02-06,1159.300048828125
2026-02-09,1167.199951171875
2026-02-10,1152.199951171875
2026-02-11,1152.5999755859375
2026-02-12,1149.300048828125
2026-02-13,1132.199951171875
2026-02-16,1139.199951171875
2026-02-17,1148.5
2026-02-18,1169.699951171875
2026-02-19,1160.5
2026-02-20,1156.199951171875
2026-02-23,1171.800048828125
2026-02-24,1178.0
2026-02-25,1172.300048828125
2026-02-26,1159.5
2026-02-27,1141.0
2026-03-02,1125.199951171875
2026-03-04,1110.5999755859375
2026-03-05,1119.0999755859375
2026-03-06,1116.699951171875
2026-03-09,1102.5
2026-03-10,1099.5
2026-03-11,1073.4000244140625
2026-03-12,1057.800048828125
2026-03-13,1083.5999755859375
2026-03-16,1092.699951171875
2026-03-17,1078.0
2026-03-18,1075.0999755859375
2026-03-19,1044.5999755859375
2026-03-20,1050.199951171875
2026-03-23,1023.5999755859376
2026-03-24,1053.0999755859375
2026-03-25,1056.0999755859375
2026-03-27,1048.5
2026-03-30,1014.7999877929688
2026-04-01,1023.7999877929688
2026-04-02,1042.0
2026-04-06,1055.199951171875
2026-04-07,1062.0
2026-04-08,1068.5
2026-04-09,1078.0
2026-04-10,1093.699951171875
2026-04-13,1090.300048828125
2026-04-15,1094.199951171875
2026-04-16,1102.5999755859375
2026-04-17,1113.199951171875
2026-04-20,1120.4000244140625
2026-04-21,1142.0
2026-04-22,1178.5999755859375
2026-04-23,1184.4000244140625
2026-04-24,1174.0
2026-04-27,1160.5
2026-04-28,1147.699951171875
2026-04-29,1168.0
2026-04-30,1144.5999755859375
2026-05-01,1144.5999755859375
2026-05-04,1160.4000244140625
2026-05-05,1153.5
2026-05-06,1152.199951171875
2026-05-07,1151.699951171875
2026-05-08,1176.199951171875
2026-05-11,1271.0
2026-05-12,1242.4864501953125
2026-05-13,1224.6375732421875
2026-05-14,1217.9937744140625
2026-05-15,1223.6458740234375
2026-05-18,1220.671142578125
2026-05-19,1200.73974609375
2026-05-20,1198.55810546875
2026-05-21,1184.8740234375
2026-05-22,1181.800048828125
2026-05-25,1187.199951171875
2026-05-26,1187.5999755859375
2026-05-27,1204.5999755859375
2026-05-28,1204.5999755859375
2026-05-29,1178.4000244140625
2026-06-01,1143.300048828125
2026-06-02,1154.699951171875
2026-06-03,1144.0
2026-06-04,1149.300048828125
2026-06-05,1130.9000244140625
2026-06-08,1107.0
2026-06-09,1106.5
2026-06-10,1108.0
2026-06-11,1108.5999755859375
2026-06-12,1100.699951171875
2026-06-15,1100.4000244140625
2026-06-16,1130.9000244140625
2026-06-17,1124.5
2026-06-18,1111.4000244140625
2026-06-19,1111.5
2026-06-22,1112.9000244140625
2026-06-23,1103.800048828125
2026-06-24,1098.0999755859375
2026-06-25,1131.300048828125
2026-06-26,1131.300048828125
2026-06-29,1112.800048828125
2026-06-30,1075.5999755859375
2026-07-01,1090.9000244140625
2026-07-02,1107.199951171875
2026-07-03,1116.699951171875
2026-07-06,1117.9000244140625
2026-07-07,1125.0
2026-07-08,1089.800048828125
2026-07-09,1106.699951171875
2026-07-10,1111.9000244140625
2026-07-13,1098.5999755859375
2026-07-14,1097.5999755859375
2026-07-15,1085.5
2026-07-16,1088.5
2026-07-17,1088.5999755859375
2026-07-20,1091.9000244140625
2026-07-21,1081.5
2026-07-22,1094.9000244140625
2026-07-23,1107.699951171875
2026-07-24,1088.0
2026-07-27,1107.4000244140625
2026-07-28,1082.0999755859375
2026-07-29,1096.0999755859375
2026-07-30,1094.199951171875
2026-07-31,1083.0999755859375
2026-08-03,1110.0
2026-08-04,1092.0
2026-08-05,1096.300048828125
2026-08-06,1090.0
2026-08-07,1082.300048828125
2026-08-10,1108.699951171875
2026-08-11,1078.0
2026-08-12,1061.9000244140625
2026-08-13,1090.5
