,close
2008-07-28,148.34222412109375
2008-07-29,145.458984375
2008-07-30,150.6968231201172
2008-07-31,147.8136444091797
2008-08-01,147.52532958984375
2008-08-04,155.31002807617188
2008-08-05,186.4008636474609
2008-08-06,183.565673828125
2008-08-07,175.06015014648438
2008-08-08,173.18605041503906
2008-08-11,174.05101013183594
2008-08-12,171.2638702392578
2008-08-13,171.98472595214844
2008-08-14,172.8016357421875
2008-08-18,172.94581604003906
2008-08-19,171.74444580078125
2008-08-20,172.6094512939453
2008-08-21,171.4080810546875
2008-08-22,173.3302459716797
2008-08-25,172.2730712890625
2008-08-26,162.08563232421875
2008-08-27,157.76077270507812
2008-08-28,157.37635803222656
2008-08-29,165.73773193359375
2008-09-01,168.42872619628906
2008-09-02,166.41043090820312
2008-09-04,168.18844604492188
2008-09-05,163.1908416748047
2008-09-08,167.90016174316406
2008-09-09,163.09475708007812
2008-09-10,165.6896514892578
2008-09-11,161.3647918701172
2008-09-12,158.62576293945312
2008-09-15,157.80880737304688
2008-09-16,147.66949462890625
2008-09-17,143.48878479003906
2008-09-18,131.76365661621094
2008-09-19,140.84584045410156
2008-09-22,140.2211151123047
2008-09-23,142.5277099609375
2008-09-24,139.2600555419922
2008-09-25,138.8275604248047
2008-09-26,130.03370666503906
2008-09-29,128.5921173095703
2008-09-30,124.94000244140624
2008-10-01,123.59294891357422
2008-10-03,124.3145751953125
2008-10-06,117.7717056274414
2008-10-07,124.36267852783205
2008-10-08,121.331787109375
2008-10-10,105.79246520996094
2008-10-13,109.20824432373048
2008-10-14,112.43156433105467
2008-10-15,106.56221771240234
2008-10-16,102.61726379394533
2008-10-17,101.6069564819336
2008-10-20,82.21887969970703
2008-10-21,88.13634490966797
2008-10-22,84.38379669189453
2008-10-23,78.89935302734375
2008-10-24,93.90946197509766
2008-10-27,85.00921630859375
2008-10-29,81.49723815917969
2008-10-31,88.85797882080078
2008-11-03,91.26343536376952
2008-11-04,96.60359191894533
2008-11-05,90.44558715820312
2008-11-06,89.96448516845703
2008-11-07,89.48340606689453
2008-11-10,95.0159912109375
2008-11-11,90.49370574951172
2008-11-12,89.86827850341797
2008-11-14,91.69642639160156
2008-11-17,87.94390869140625
2008-11-18,89.67584228515625
2008-11-19,88.08824157714844
2008-11-20,88.08824157714844
2008-11-21,88.71363830566406
2008-11-24,84.7205810546875
2008-11-25,84.28758239746094
2008-11-26,83.71026611328125
2008-11-27,83.71026611328125
2008-11-28,81.2566909790039
2008-12-01,82.74810028076172
2008-12-02,78.37014770507812
2008-12-03,76.2052230834961
2008-12-04,76.9749755859375
2008-12-05,76.68632507324219
2008-12-08,75.19491577148438
2008-12-10,75.82036590576172
2008-12-11,83.80648803710938
2008-12-12,79.71720123291016
2008-12-15,76.5901107788086
2008-12-16,77.88907623291016
2008-12-17,78.12960815429688
2008-12-18,77.98529815673828
2008-12-19,77.50416564941406
2008-12-22,78.51446533203125
2008-12-23,77.84093475341797
2008-12-24,75.67601776123047
2008-12-26,75.09870910644531
2008-12-29,74.81004333496094
2008-12-30,74.4251708984375
2008-12-31,75.05058288574219
2009-01-02,75.09870910644531
2009-01-05,77.31172943115234
2009-01-06,77.60038757324219
2009-01-07,73.60731506347656
2009-01-09,70.33587646484375
2009-01-12,70.6245346069336
2009-01-13,69.27747344970703
2009-01-14,69.22936248779297
2009-01-15,68.41150665283203
2009-01-16,67.978515625
2009-01-19,69.80667877197266
2009-01-20,72.35648345947266
2009-01-21,72.21214294433594
2009-01-22,67.4974365234375
2009-01-23,67.35309600830078
2009-01-27,67.64176177978516
2009-01-28,71.05752563476562
2009-01-29,71.05752563476562
2009-01-30,69.80667877197266
2009-02-02,68.0266342163086
2009-02-03,70.28778076171875
2009-02-04,71.97160339355469
2009-02-05,72.06781768798828
2009-02-06,73.5111083984375
2009-02-09,77.69659423828125
2009-02-10,75.62791442871094
2009-02-11,76.78253173828125
2009-02-12,75.72412872314453
2009-02-13,74.85816192626953
2009-02-16,75.00247955322266
2009-02-17,72.16401672363281
2009-02-18,77.84093475341797
2009-02-19,77.0230712890625
2009-02-20,76.73442840576172
2009-02-24,74.81004333496094
2009-02-25,74.95439147949219
2009-02-26,76.63821411132812
2009-02-27,88.08824157714844
2009-03-02,83.61404418945312
2009-03-03,77.79283142089844
2009-03-04,80.15019226074219
2009-03-05,79.9096450805664
2009-03-06,81.97833251953125
2009-03-09,79.47665405273438
2009-03-12,77.50416564941406
2009-03-13,79.81342315673828
2009-03-16,82.74810028076172
2009-03-17,81.11237335205078
2009-03-18,85.87521362304688
2009-03-19,85.00921630859375
2009-03-20,84.38379669189453
2009-03-23,84.67247009277344
2009-03-24,83.61404418945312
2009-03-25,85.82707214355469
2009-03-26,84.67247009277344
2009-03-27,84.09515380859375
2009-03-30,84.7686767578125
2009-03-31,85.34600067138672
2009-04-01,93.13970184326172
2009-04-02,94.87165069580078
2009-04-06,96.89225006103516
2009-04-08,105.11892700195312
2009-04-09,107.86117553710938
2009-04-13,106.99519348144533
2009-04-15,109.16012573242188
2009-04-16,97.51765441894533
2009-04-17,97.51765441894533
2009-04-20,95.78573608398438
2009-04-21,93.76512908935548
2009-04-22,89.72393798828125
2009-04-23,93.4764633178711
2009-04-24,97.61387634277344
2009-04-27,110.98827362060548
2009-04-28,105.50382232666016
2009-04-29,105.9367904663086
2009-04-30,105.9367904663086
2009-05-04,104.30108642578124
2009-05-05,108.29415130615234
2009-05-06,109.49689483642578
2009-05-07,119.74417877197266
2009-05-08,118.10846710205078
2009-05-11,113.20132446289062
2009-05-12,117.67548370361328
2009-05-13,113.1531982421875
2009-05-14,113.73050689697266
2009-05-15,111.56558227539062
2009-05-18,129.70278930664062
2009-05-19,129.17364501953125
2009-05-20,120.75447845458984
2009-05-21,114.64459228515624
2009-05-22,118.92632293701172
2009-05-25,142.74041748046875
2009-05-26,133.21478271484375
2009-05-27,136.72679138183594
2009-05-28,134.46568298339844
2009-05-29,137.8814239501953
2009-06-01,137.20790100097656
2009-06-02,129.55850219726562
2009-06-03,145.482666015625
2009-06-04,141.87448120117188
2009-06-05,138.21817016601562
2009-06-08,134.6580810546875
2009-06-09,133.26290893554688
2009-06-10,130.5206756591797
2009-06-11,124.98812866210938
2009-06-12,123.1599578857422
2009-06-15,119.16688537597656
2009-06-16,117.9641342163086
2009-06-17,111.46936798095705
2009-06-18,104.8302764892578
2009-06-19,106.03299713134766
2009-06-22,108.63092803955078
2009-06-23,107.33197784423828
2009-06-24,111.99857330322266
2009-06-25,117.09818267822266
2009-06-26,117.29061126708984
2009-06-29,118.6376953125
2009-06-30,111.5174789428711
2009-07-01,114.54837799072266
2009-07-02,112.76831817626952
2009-07-03,115.94354248046876
2009-07-06,111.70992279052734
2009-07-07,111.5174789428711
2009-07-08,116.32843780517578
2009-07-09,112.1910171508789
2009-07-10,107.4281997680664
2009-07-13,108.390380859375
2009-07-14,107.33197784423828
2009-07-15,113.39374542236328
2009-07-16,117.7717056274414
2009-07-17,122.29398345947266
2009-07-20,140.62362670898438
2009-07-21,138.36253356933594
2009-07-22,132.39697265625
2009-07-23,147.3108673095703
2009-07-24,140.52745056152344
2009-07-27,140.19064331054688
2009-07-28,140.47933959960938
2009-07-29,135.2353973388672
2009-07-30,139.32467651367188
2009-07-31,141.4415283203125
2009-08-03,153.90184020996094
2009-08-04,155.53753662109375
2009-08-05,151.44825744628906
2009-08-06,143.70263671875
2009-08-07,136.10137939453125
2009-08-10,138.45872497558594
2009-08-11,144.18374633789062
2009-08-12,145.72323608398438
2009-08-13,149.62008666992188
2009-08-14,145.9156494140625
2009-08-17,139.0360565185547
2009-08-18,143.41397094726562
2009-08-19,143.2215118408203
2009-08-20,144.61672973632812
2009-08-21,146.0119171142578
2009-08-24,155.72996520996094
2009-08-25,158.4241180419922
2009-08-26,160.4447021484375
2009-08-27,157.4138641357422
2009-08-28,154.9602508544922
2009-08-31,153.1802215576172
2009-09-01,147.022216796875
2009-09-02,147.936279296875
2009-09-03,145.43460083007812
2009-09-04,143.07723999023438
2009-09-07,150.4453887939453
2009-09-08,148.90435791015625
2009-09-09,145.82223510742188
2009-09-10,145.5332794189453
2009-09-11,144.6182861328125
2009-09-14,147.07432556152344
2009-09-15,146.8335418701172
2009-09-16,145.58143615722656
2009-09-17,144.71458435058594
2009-09-18,144.13670349121094
2009-09-22,143.99221801757812
2009-09-23,139.60984802246094
2009-09-24,135.90171813964844
2009-09-25,144.9553985595703
2009-09-29,140.47669982910156
2009-09-30,142.59567260742188
2009-10-01,138.5022430419922
2009-10-05,134.69773864746094
2009-10-06,133.8790740966797
2009-10-07,134.2161865234375
2009-10-08,145.19613647460938
2009-10-09,139.3209228515625
2009-10-12,139.51351928710938
2009-10-13,139.51351928710938
2009-10-14,139.41720581054688
2009-10-15,141.48800659179688
2009-10-16,142.25856018066406
2009-10-20,146.3519744873047
2009-10-21,143.8959503173828
2009-10-22,140.38038635253906
2009-10-23,140.33221435546875
2009-10-26,143.36614990234375
2009-10-27,133.25299072265625
2009-10-28,132.5788116455078
2009-10-29,130.31536865234375
2009-10-30,127.95563507080078
2009-11-03,119.62429809570312
2009-11-04,125.11432647705078
2009-11-05,126.75167846679688
2009-11-06,128.67803955078125
2009-11-09,131.76014709472656
2009-11-10,133.3974609375
2009-11-11,140.66932678222656
2009-11-12,142.0177459716797
2009-11-13,147.07432556152344
2009-11-16,145.3406524658203
2009-11-17,142.54747009277344
2009-11-18,143.6551055908203
2009-11-19,140.47669982910156
2009-11-20,139.89878845214844
2009-11-23,140.66932678222656
2009-11-24,141.343505859375
2009-11-25,142.3066864013672
2009-11-26,143.36614990234375
2009-11-27,142.54747009277344
2009-11-30,143.26986694335938
2009-12-01,143.5587921142578
2009-12-02,147.7003936767578
2009-12-03,155.9354248046875
2009-12-04,176.45068359375
2009-12-07,183.00018310546875
2009-12-08,177.79908752441406
2009-12-09,181.3146514892578
2009-12-10,179.6290740966797
2009-12-11,172.54989624023438
2009-12-14,164.31484985351562
2009-12-15,162.09959411621094
2009-12-16,163.83328247070312
2009-12-17,163.64064025878906
2009-12-18,158.92117309570312
2009-12-21,154.3943634033203
2009-12-22,155.02037048339844
2009-12-23,155.40565490722656
2009-12-24,159.6435546875
2009-12-29,164.07412719726562
2009-12-30,162.09959411621094
2009-12-31,162.14776611328125
2010-01-04,161.32908630371094
2010-01-05,165.42251586914062
2010-01-06,165.85592651367188
2010-01-07,162.62936401367188
2010-01-08,160.8475341796875
2010-01-11,162.1959228515625
2010-01-12,162.00328063964844
2010-01-13,161.71434020996094
2010-01-14,161.56991577148438
2010-01-15,163.8814697265625
2010-01-18,166.4820098876953
2010-01-19,161.52166748046875
2010-01-20,163.0146026611328
2010-01-21,156.70590209960938
2010-01-22,157.86166381835938
2010-01-25,152.08277893066406
2010-01-27,145.099853515625
2010-01-28,142.83644104003906
2010-01-29,143.26986694335938
2010-02-01,149.48220825195312
2010-02-02,147.60403442382812
2010-02-03,155.59828186035156
2010-02-04,165.51881408691406
2010-02-05,173.03146362304688
2010-02-08,161.0883026123047
2010-02-09,160.46226501464844
2010-02-10,166.433837890625
2010-02-11,168.69725036621094
2010-02-15,162.8701171875
2010-02-16,161.71434020996094
2010-02-17,163.0146026611328
2010-02-18,169.46780395507812
2010-02-19,167.8303680419922
2010-02-22,165.42251586914062
2010-02-23,163.73695373535156
2010-02-24,163.1590576171875
2010-02-25,173.22410583496094
2010-02-26,173.5130157470703
2010-03-02,173.7538299560547
2010-03-03,174.6206817626953
2010-03-04,177.1248779296875
2010-03-05,177.75096130371094
2010-03-08,178.18435668945312
2010-03-09,179.2919921875
2010-03-10,178.56961059570312
2010-03-11,176.35438537597656
2010-03-12,177.94357299804688
2010-03-15,178.52149963378906
2010-03-16,179.00303649902344
2010-03-17,179.72543334960938
2010-03-18,178.3769989013672
2010-03-19,178.32884216308594
2010-03-22,178.4732666015625
2010-03-23,177.8954315185547
2010-03-25,183.28909301757807
2010-03-26,185.79335021972656
2010-03-29,186.9491424560547
2010-03-30,187.47882080078125
2010-03-31,184.83013916015625
2010-04-01,185.50436401367188
2010-04-05,190.65728759765625
2010-04-06,193.5948944091797
2010-04-07,189.16436767578125
2010-04-08,193.6430511474609
2010-04-09,198.8441162109375
2010-04-12,197.54383850097656
2010-04-13,194.89517211914065
2010-04-15,193.1133575439453
2010-04-16,191.28330993652344
2010-04-19,189.83859252929688
2010-04-20,193.7393798828125
2010-04-21,191.37960815429688
2010-04-22,190.8980407714844
2010-04-23,189.16436767578125
2010-04-26,192.9207000732422
2010-04-27,189.5496520996093
2010-04-28,187.09356689453125
2010-04-29,186.32302856445312
2010-04-30,193.1133575439453
2010-05-03,193.7875366210937
2010-05-04,193.6912078857422
2010-05-05,195.76202392578125
2010-05-06,193.7393798828125
2010-05-07,194.41358947753903
2010-05-10,195.7138214111328
2010-05-11,204.1414794921875
2010-05-12,203.3709716796875
2010-05-13,204.3341217041016
2010-05-14,203.94883728027344
2010-05-17,200.09620666503903
2010-05-18,202.6004333496093
2010-05-19,194.1728363037109
2010-05-20,186.61199951171875
2010-05-21,186.8046264648437
2010-05-24,188.4419708251953
2010-05-25,182.6630706787109
2010-05-26,196.0991058349609
2010-05-27,193.5467529296875
2010-05-28,189.21255493164065
2010-05-31,190.84988403320312
2010-06-01,188.7309417724609
2010-06-02,188.39385986328125
2010-06-03,193.3541259765625
2010-06-04,191.4278106689453
2010-06-07,190.994369506836
2010-06-08,191.47596740722656
2010-06-09,192.679916381836
2010-06-10,198.79592895507807
2010-06-11,199.9517517089844
2010-06-14,204.5267791748047
2010-06-15,203.659912109375
2010-06-16,199.27752685546875
2010-06-17,199.9517517089844
2010-06-18,227.3536071777344
2010-06-21,232.9880828857422
2010-06-22,235.44412231445312
2010-06-23,229.61705017089844
2010-06-24,226.2941436767578
2010-06-25,222.4896697998047
2010-06-28,218.2999420166016
2010-06-29,216.7107086181641
2010-06-30,214.3509826660156
2010-07-01,212.13571166992188
2010-07-02,208.2830810546875
2010-07-05,222.3451995849609
2010-07-06,218.68521118164065
2010-07-07,218.39620971679688
2010-07-08,219.8891448974609
2010-07-09,210.4983367919922
2010-07-12,214.9288482666016
2010-07-13,213.14703369140625
2010-07-14,213.7730712890625
2010-07-15,217.240463256836
2010-07-16,224.22332763671875
2010-07-19,224.8975372314453
2010-07-20,226.00518798828125
2010-07-21,226.00518798828125
2010-07-22,271.2254943847656
2010-07-23,310.6668701171875
2010-07-26,312.5931396484375
2010-07-27,313.5563049316406
2010-07-28,303.29864501953125
2010-07-29,304.50262451171875
2010-07-30,307.4402770996094
2010-08-02,308.6441955566406
2010-08-03,302.86529541015625
2010-08-04,302.2873840332031
2010-08-05,302.3355407714844
2010-08-06,305.1286926269531
2010-08-09,303.3949584960937
2010-08-10,302.0947265625
2010-08-11,326.0292053222656
2010-08-12,330.3634338378906
2010-08-13,326.8479309082031
2010-08-16,313.652587890625
2010-08-17,342.9264831542969
2010-08-18,337.2375183105469
2010-08-19,331.83795166015625
2010-08-20,336.6108703613281
2010-08-23,340.2749328613281
2010-08-24,338.0572204589844
2010-08-25,332.6575012207031
2010-08-26,334.3930969238281
2010-08-27,339.8409729003906
2010-08-30,351.21881103515625
2010-08-31,384.5810241699219
2010-09-01,406.51708984375
2010-09-02,420.5948181152344
2010-09-03,440.7953186035156
2010-09-06,441.4220275878906
2010-09-07,418.81097412109375
2010-09-08,418.9073486328125
2010-09-09,418.4253234863281
2010-09-13,419.72698974609375
2010-09-14,421.8482971191406
2010-09-15,421.0768432617188
2010-09-16,414.2309265136719
2010-09-17,425.22308349609375
2010-09-20,426.0426635742188
2010-09-21,418.5216979980469
2010-09-22,413.8452453613281
2010-09-23,407.4331359863281
2010-09-24,416.4004211425781
2010-09-27,410.2293395996094
2010-09-28,408.0598754882813
2010-09-29,407.5778198242188
2010-09-30,397.839111328125
2010-10-01,403.7208557128906
2010-10-04,405.4564514160156
2010-10-05,424.1623229980469
2010-10-06,428.3568420410156
2010-10-07,432.2137145996094
2010-10-08,433.7565002441406
2010-10-11,443.49505615234375
2010-10-12,444.0736083984375
2010-10-13,455.8372192382813
2010-10-14,436.8419799804688
2010-10-15,434.0457763671875
2010-10-18,434.2385864257813
2010-10-19,431.9726257324219
2010-10-20,432.8404235839844
2010-10-21,433.1296997070313
2010-10-22,429.5138854980469
2010-10-25,429.8995666503906
2010-10-26,427.7301025390625
2010-10-27,428.935302734375
2010-10-28,426.7175903320313
2010-10-29,431.2976379394531
2010-11-01,429.3210144042969
2010-11-02,423.2946472167969
2010-11-03,412.5917053222656
2010-11-04,411.0007629394531
2010-11-08,411.6275329589844
2010-11-09,437.1313171386719
2010-11-10,424.64453125
2010-11-11,412.302490234375
2010-11-12,404.8296813964844
2010-11-15,402.4673767089844
2010-11-16,403.4797668457031
2010-11-18,399.76751708984375
2010-11-19,416.4968566894531
2010-11-22,413.4113159179688
2010-11-23,399.2854309082031
2010-11-24,403.7690734863281
2010-11-25,392.7769470214844
2010-11-26,382.7489929199219
2010-11-29,375.7101135253906
2010-11-30,364.6697692871094
2010-12-01,391.9573669433594
2010-12-02,400.2978515625
2010-12-03,389.1128845214844
2010-12-06,387.7147216796875
2010-12-07,383.7614135742188
2010-12-08,389.2093505859375
2010-12-09,379.7116394042969
2010-12-10,392.3911743164063
2010-12-13,388.3414306640625
2010-12-14,397.1159057617188
2010-12-15,412.0132141113281
2010-12-16,428.5978698730469
2010-12-20,464.9491271972656
2010-12-21,464.8526611328125
2010-12-22,463.5027160644531
2010-12-23,449.9072265625
2010-12-24,456.849609375
2010-12-27,440.9880981445313
2010-12-28,499.275634765625
2010-12-29,482.5943908691406
2010-12-30,485.3425598144531
2010-12-31,486.3067626953125
2011-01-03,498.8415832519531
2011-01-04,492.7669677734375
2011-01-05,478.351806640625
2011-01-06,473.7717895507813
2011-01-07,456.0782775878906
2011-01-10,478.1589660644531
2011-01-11,460.75482177734375
2011-01-12,474.3020629882813
2011-01-13,466.3472290039063
2011-01-14,456.9460754394531
2011-01-17,455.017578125
2011-01-18,451.9803161621094
2011-01-19,453.6676940917969
2011-01-20,451.3053283691406
2011-01-21,452.1731262207031
2011-01-24,465.8169250488281
2011-01-25,459.4530944824219
2011-01-27,433.8528747558594
2011-01-28,427.77825927734375
2011-01-31,457.04248046875
2011-02-01,436.0705871582031
2011-02-02,439.1561279296875
2011-02-03,429.41748046875
2011-02-04,421.1733093261719
2011-02-07,409.2170104980469
2011-02-08,381.97760009765625
2011-02-09,353.4365539550781
2011-02-10,365.2965087890625
2011-02-11,388.05218505859375
2011-02-14,429.41748046875
2011-02-15,415.0022888183594
2011-02-16,411.3382873535156
2011-02-17,407.4331359863281
2011-02-18,409.6990966796875
2011-02-21,403.4797668457031
2011-02-22,397.6945190429688
2011-02-23,392.6804504394531
2011-02-24,390.6074523925781
2011-02-25,387.6665344238281
2011-02-28,391.2823791503906
2011-03-01,454.2462768554688
2011-03-03,458.29595947265625
2011-03-04,452.4623718261719
2011-03-07,469.7703247070313
2011-03-08,471.4576721191406
2011-03-09,459.4530944824219
2011-03-10,455.9818420410156
2011-03-11,453.4747924804688
2011-03-14,467.31146240234375
2011-03-15,456.8014526367188
2011-03-16,464.4188232421875
2011-03-17,458.7298583984375
2011-03-18,453.76409912109375
2011-03-21,450.533935546875
2011-03-22,452.31781005859375
2011-03-23,453.76409912109375
2011-03-24,453.1373596191406
2011-03-25,452.9445190429688
2011-03-28,452.12493896484375
2011-03-29,453.041015625
2011-03-30,458.7298583984375
2011-03-31,462.8760986328125
2011-04-01,470.8308715820313
2011-04-04,464.5152282714844
2011-04-05,463.5992126464844
2011-04-06,466.4436340332031
2011-04-07,460.2244262695313
2011-04-08,457.1870727539063
2011-04-11,449.6661071777344
2011-04-13,454.2944641113281
2011-04-15,447.2555541992188
2011-04-18,441.3738098144531
2011-04-19,436.6491088867188
2011-04-20,443.4468994140625
2011-04-21,444.5558166503906
2011-04-25,443.10943603515625
2011-04-26,448.5573425292969
2011-04-27,448.3162536621094
2011-04-28,452.8963928222656
2011-04-29,446.725341796875
2011-05-02,453.4266357421875
2011-05-03,456.849609375
2011-05-04,495.4668273925781
2011-05-05,475.7002868652344
2011-05-06,481.58203125
2011-05-09,484.8603515625
2011-05-10,518.3189697265625
2011-05-11,574.1957397460938
2011-05-12,538.615966796875
2011-05-13,540.399658203125
2011-05-16,538.9534301757812
2011-05-17,530.61279296875
2011-05-18,526.1774291992188
2011-05-19,517.6921997070312
2011-05-20,518.9939575195312
2011-05-23,487.6083984375
2011-05-24,481.3409118652344
2011-05-25,482.2569885253906
2011-05-26,502.93951416015625
2011-05-27,525.0203857421875
2011-05-30,527.961181640625
2011-05-31,541.4603271484375
2011-06-01,543.4852294921875
2011-06-02,525.213134765625
2011-06-03,527.5272216796875
2011-06-06,521.6455078125
2011-06-07,530.3235473632812
2011-06-08,566.048095703125
2011-06-09,581.0900268554688
2011-06-10,585.236083984375
2011-06-13,564.6499633789062
2011-06-14,554.95947265625
2011-06-15,552.2596435546875
2011-06-16,538.615966796875
2011-06-17,541.508544921875
2011-06-20,503.3252868652344
2011-06-21,483.510498046875
2011-06-22,489.0547180175781
2011-06-23,480.8588562011719
2011-06-24,491.0313415527344
2011-06-27,493.3937377929688
2011-06-28,503.3252868652344
2011-06-29,514.0281372070312
2011-06-30,511.2319946289063
2011-07-01,510.7015380859375
2011-07-04,499.4684143066406
2011-07-05,499.0344848632813
2011-07-06,489.4885864257813
2011-07-07,484.5228271484375
2011-07-08,477.8697509765625
2011-07-11,478.9786376953125
2011-07-12,483.7033386230469
2011-07-13,479.0267639160156
2011-07-14,480.0392456054688
2011-07-15,481.7748718261719
2011-07-18,479.7017517089844
2011-07-19,478.7375793457031
2011-07-20,476.6161804199219
2011-07-21,468.6131896972656
2011-07-22,463.6474609375
2011-07-25,461.09222412109375
2011-07-26,458.15130615234375
2011-07-27,453.71588134765625
2011-07-28,451.9320983886719
2011-07-29,483.94439697265625
2011-08-01,478.7375793457031
2011-08-02,467.31146240234375
2011-08-03,453.8123474121094
2011-08-04,458.3924560546875
2011-08-05,456.7050476074219
2011-08-08,455.5479736328125
2011-08-09,458.8262939453125
2011-08-10,457.8138732910156
2011-08-11,451.6910705566406
2011-08-12,430.3817138671875
2011-08-16,426.3801574707031
2011-08-17,421.992919921875
2011-08-18,421.992919921875
2011-08-19,400.4907531738281
2011-08-22,414.9540710449219
2011-08-23,415.484375
2011-08-24,422.66790771484375
2011-08-25,419.3894958496094
2011-08-26,399.092529296875
2011-08-29,403.6244812011719
2011-08-30,407.8189086914063
2011-09-02,413.8934326171875
2011-09-05,408.8794250488281
2011-09-06,414.5201416015625
2011-09-07,416.1111450195313
2011-09-08,417.50927734375
2011-09-09,414.42376708984375
2011-09-12,393.9339294433594
2011-09-13,380.00091552734375
2011-09-14,378.5546569824219
2011-09-15,378.0724487304688
2011-09-16,389.0164794921875
2011-09-19,385.25592041015625
2011-09-20,385.8827209472656
2011-09-21,388.148681640625
2011-09-22,376.240478515625
2011-09-23,376.240478515625
2011-09-26,373.4441833496094
2011-09-27,379.6633911132813
2011-09-28,380.3384399414063
2011-09-29,365.2965087890625
2011-09-30,361.1022033691406
2011-10-03,359.4147033691406
2011-10-04,349.53143310546875
2011-10-05,342.2032775878906
2011-10-07,354.97930908203125
2011-10-10,359.0773010253906
2011-10-11,364.7179870605469
2011-10-12,411.9649353027344
2011-10-13,409.8919067382813
2011-10-14,405.3118591308594
2011-10-17,418.4253234863281
2011-10-18,402.66021728515625
2011-10-19,404.1547546386719
2011-10-20,393.5965270996094
2011-10-21,404.1547546386719
2011-10-24,405.1189880371094
2011-10-25,404.1547546386719
2011-10-28,404.588623046875
2011-10-31,401.5995788574219
2011-11-01,389.8842468261719
2011-11-02,388.1968688964844
2011-11-03,385.5934143066406
2011-11-04,387.5700988769531
2011-11-08,386.7505187988281
2011-11-09,384.77386474609375
2011-11-11,378.0724487304688
2011-11-14,376.14404296875
2011-11-15,381.1098327636719
2011-11-16,384.0025024414063
2011-11-17,384.8702697753906
2011-11-18,386.2684020996094
2011-11-21,381.1098327636719
2011-11-22,381.1579284667969
2011-11-23,380.7723388671875
2011-11-24,376.2886962890625
2011-11-25,379.1331176757813
2011-11-28,380.3865966796875
2011-11-29,383.42388916015625
2011-11-30,381.68841552734375
2011-12-01,386.2201232910156
2011-12-02,385.6416320800781
2011-12-05,390.4145202636719
2011-12-07,420.8358459472656
2011-12-08,460.9958801269531
2011-12-09,440.4578247070313
2011-12-12,395.5249328613281
2011-12-13,411.4828186035156
2011-12-14,390.0771484375
2011-12-15,399.9603576660156
2011-12-16,387.697021484375
2011-12-19,379.1995544433594
2011-12-20,365.7290954589844
2011-12-21,367.4671630859375
2011-12-22,383.1102600097656
2011-12-23,382.1447143554688
2011-12-26,383.5930480957031
2011-12-27,375.1439514160156
2011-12-28,374.3713989257813
2011-12-29,371.81256103515625
2011-12-30,370.7020263671875
2012-01-02,374.6611633300781
2012-01-03,374.8059387207031
2012-01-04,378.475341796875
2012-01-05,412.1755065917969
2012-01-06,398.4637145996094
2012-01-09,400.1535034179688
2012-01-10,403.43658447265625
2012-01-11,404.9333190917969
2012-01-12,457.076904296875
2012-01-13,428.7359008789063
2012-01-16,446.8413391113281
2012-01-17,449.496826171875
2012-01-18,429.1705017089844
2012-01-19,429.7014770507813
2012-01-20,426.9011535644531
2012-01-23,403.96771240234375
2012-01-24,393.8287353515625
2012-01-25,398.1256408691406
2012-01-27,401.4571228027344
2012-01-30,396.4358520507813
2012-01-31,395.6151123046875
2012-02-01,413.4790954589844
2012-02-02,424.82513427734375
2012-02-03,427.6737060546875
2012-02-06,438.8749694824219
2012-02-07,440.46820068359375
2012-02-08,439.5025634765625
2012-02-09,444.3306579589844
2012-02-10,442.8822326660156
2012-02-13,439.1646118164063
2012-02-14,439.5025634765625
2012-02-15,440.9993286132813
2012-02-16,439.0197448730469
2012-02-17,439.3095397949219
2012-02-21,436.50921630859375
2012-02-22,446.5032958984375
2012-02-23,438.4886779785156
2012-02-24,427.5288696289063
2012-02-27,425.6941528320313
2012-02-28,434.2882385253906
2012-02-29,442.7373962402344
2012-03-01,451.5245666503906
2012-03-02,442.01318359375
2012-03-05,441.0475463867188
2012-03-06,442.2545776367188
2012-03-07,439.4542846679688
2012-03-09,442.3994445800781
2012-03-12,523.2220458984375
2012-03-13,592.7466430664062
2012-03-14,525.7325439453125
2012-03-15,535.3887329101562
2012-03-16,528.1947631835938
2012-03-19,522.1115112304688
2012-03-20,528.098388671875
2012-03-21,531.2848510742188
2012-03-22,525.5393676757812
2012-03-23,523.4151000976562
2012-03-26,521.6770629882812
2012-03-27,520.3734741210938
2012-03-28,526.74658203125
2012-03-29,529.83642578125
2012-03-30,520.6630249023438
2012-04-02,527.4224243164062
2012-04-03,524.0427856445312
2012-04-04,529.5468139648438
2012-04-09,523.4151000976562
2012-04-10,520.6630249023438
2012-04-11,494.3981018066406
2012-04-12,477.40325927734375
2012-04-13,477.40325927734375
2012-04-16,484.64544677734375
2012-04-17,496.9087524414063
2012-04-18,498.1157531738281
2012-04-19,508.4479064941406
2012-04-20,500.4332275390625
2012-04-23,497.584716796875
2012-04-24,509.0272521972656
2012-04-25,514.8211059570312
2012-04-26,504.4407043457031
2012-04-27,509.0272521972656
2012-04-30,517.8626708984375
2012-05-02,537.7545776367188
2012-05-03,543.5482788085938
2012-05-04,534.1817626953125
2012-05-07,509.6067810058594
2012-05-08,514.3382568359375
2012-05-09,505.45458984375
2012-05-10,502.65423583984375
2012-05-11,494.15673828125
2012-05-14,481.8450927734375
2012-05-15,476.0996398925781
2012-05-16,466.0089416503906
2012-05-17,465.4777526855469
2012-05-18,465.1881103515625
2012-05-21,463.4017639160156
2012-05-22,456.2078552246094
2012-05-23,459.8288879394531
2012-05-24,464.4638671875
2012-05-25,462.2430114746094
2012-05-28,464.8984375
2012-05-29,463.9810180664063
2012-05-30,453.8420104980469
2012-05-31,465.1398620605469
2012-06-01,467.7469787597656
2012-06-04,467.0227355957031
2012-06-05,463.4017639160156
2012-06-06,475.4719543457031
2012-06-07,477.2101135253906
2012-06-08,468.4229431152344
2012-06-11,465.5743408203125
2012-06-12,465.1881103515625
2012-06-13,497.77783203125
2012-06-14,496.9087524414063
2012-06-15,495.2189636230469
2012-06-18,481.8450927734375
2012-06-19,476.0031127929688
2012-06-20,483.534912109375
2012-06-21,484.8384704589844
2012-06-22,481.2174377441406
2012-06-25,480.2518310546875
2012-06-26,481.6519165039063
2012-06-27,511.68267822265625
2012-06-28,526.4569091796875
2012-06-29,525.8290405273438
2012-07-02,527.95361328125
2012-07-03,536.5475463867188
2012-07-04,524.9117431640625
2012-07-05,526.070556640625
2012-07-06,516.8006591796875
2012-07-09,515.3040161132812
2012-07-10,525.7325439453125
2012-07-11,518.5869750976562
2012-07-12,525.8290405273438
2012-07-13,518.5869750976562
2012-07-16,499.7573852539063
2012-07-17,482.5693054199219
2012-07-18,482.4244384765625
2012-07-19,477.5964050292969
2012-07-20,486.721435546875
2012-07-23,459.3943481445313
2012-07-24,485.562744140625
2012-07-25,530.2709350585938
2012-07-26,519.7940063476562
2012-07-27,526.2155151367188
2012-07-30,534.3264770507812
2012-07-31,537.7545776367188
2012-08-01,558.7567749023438
2012-08-02,559.336181640625
2012-08-03,556.487548828125
2012-08-06,547.4591064453125
2012-08-07,538.9132080078125
2012-08-08,521.04931640625
2012-08-09,515.9797973632812
2012-08-10,500.96435546875
2012-08-13,547.4107666015625
2012-08-14,537.126953125
2012-08-16,550.2111206054688
2012-08-17,557.5014038085938
2012-08-21,544.0794067382812
2012-08-22,527.615478515625
2012-08-23,528.6777954101562
2012-08-24,543.5000610351562
2012-08-27,557.4049682617188
2012-08-28,608.1965942382812
2012-08-29,609.065673828125
2012-08-30,597.33349609375
2012-08-31,602.8857421875
2012-09-03,630.0197143554688
2012-09-04,620.8946533203125
2012-09-05,615.3905639648438
2012-09-06,607.1343383789062
2012-09-07,597.0919799804688
2012-09-10,575.3655395507812
2012-09-11,549.8248291015625
2012-09-12,532.491943359375
2012-09-13,601.3408203125
2012-09-14,586.421875
2012-09-17,605.9275512695312
2012-09-18,615.8733520507812
2012-09-20,598.3955688476562
2012-09-21,624.1585083007812
2012-09-24,643.4443969726562
2012-09-25,681.3878784179688
2012-09-26,679.4545288085938
2012-09-27,686.173095703125
2012-09-28,631.7954711914062
2012-10-01,626.7686157226562
2012-10-03,630.3936767578125
2012-10-04,634.3089599609375
2012-10-05,654.2715454101562
2012-10-08,646.0545654296875
2012-10-09,674.959228515625
2012-10-10,650.50146484375
2012-10-11,663.1654052734375
2012-10-12,654.7548828125
2012-10-15,658.718505859375
2012-10-16,657.8001098632812
2012-10-17,652.1930541992188
2012-10-18,642.2360229492188
2012-10-19,645.7161254882812
2012-10-22,652.966552734375
2012-10-23,651.4197387695312
2012-10-25,680.1312866210938
2012-10-29,750.2179565429688
2012-10-30,721.6514892578125
2012-10-31,745.8193359375
2012-11-01,747.3177490234375
2012-11-02,747.8494262695312
2012-11-05,753.26318359375
2012-11-06,757.4199829101562
2012-11-07,748.912841796875
2012-11-08,762.0119018554688
2012-11-09,765.3470458984375
2012-11-12,731.3187255859375
2012-11-15,762.5918579101562
2012-11-16,736.10400390625
2012-11-19,747.5593872070312
2012-11-20,727.6934814453125
2012-11-21,729.5302734375
2012-11-22,728.2250366210938
2012-11-23,742.290771484375
2012-11-26,730.9802856445312
2012-11-27,731.8985595703125
2012-11-29,735.7654418945312
2012-11-30,772.0172119140625
2012-12-03,814.6494140625
2012-12-04,967.3418579101562
2012-12-05,855.4930419921875
2012-12-06,882.2709350585938
2012-12-07,887.1529541015625
2012-12-10,890.681396484375
2012-12-11,921.85791015625
2012-12-12,924.564697265625
2012-12-13,905.3270263671876
2012-12-14,891.9381103515625
2012-12-17,886.4278564453125
2012-12-18,900.8318481445312
2012-12-19,920.6011352539062
2012-12-20,929.8816528320312
2012-12-21,902.2819213867188
2012-12-24,919.6827392578124
2012-12-26,919.1511840820312
2012-12-27,919.4410400390624
2012-12-28,920.7462158203124
2012-12-31,897.0617065429688
2013-01-01,907.405517578125
2013-01-02,913.8340454101562
2013-01-03,910.1605834960938
2013-01-04,897.5451049804688
2013-01-07,874.0540161132812
2013-01-08,866.9968872070312
2013-01-09,824.36474609375
2013-01-10,827.844970703125
2013-01-11,786.1796875
2013-01-14,785.1647338867188
2013-01-15,753.4080200195312
2013-01-16,747.6077270507812
2013-01-17,707.0057983398438
2013-01-18,661.6669311523438
2013-01-21,717.5913696289062
2013-01-22,704.1541137695312
2013-01-23,720.7815551757812
2013-01-24,692.553466796875
2013-01-25,698.4020385742188
2013-01-28,715.4645385742188
2013-01-29,707.4891357421875
2013-01-30,705.4591064453125
2013-01-31,706.37744140625
2013-02-01,721.7481689453125
2013-02-04,740.8892211914062
2013-02-05,751.2330322265625
2013-02-06,757.2265625
2013-02-07,741.0340576171875
2013-02-08,722.9564819335938
2013-02-11,697.6287841796875
2013-02-12,683.3697509765625
2013-02-13,617.2465209960938
2013-02-14,629.3303833007812
2013-02-15,656.1084594726562
2013-02-18,657.6068115234375
2013-02-19,676.119384765625
2013-02-20,663.2137451171875
2013-02-21,625.8018798828125
2013-02-22,596.9938354492188
2013-02-25,596.800537109375
2013-02-26,580.4147338867188
2013-02-27,580.3663330078125
2013-02-28,593.17529296875
2013-03-01,604.8242797851562
2013-03-04,584.3298950195312
2013-03-05,608.0144653320312
2013-03-06,624.980224609375
2013-03-07,652.4832763671875
2013-03-08,680.517822265625
2013-03-11,675.249267578125
2013-03-12,673.3157958984375
2013-03-13,671.7207641601562
2013-03-14,671.6724853515625
2013-03-15,645.2328491210938
2013-03-18,662.5369262695312
2013-03-19,670.8991088867188
2013-03-20,662.6820068359375
2013-03-21,658.0418701171875
2013-03-22,640.4476318359375
2013-03-25,660.9903564453125
2013-03-26,667.7572631835938
2013-03-28,676.3126831054688
2013-04-01,689.7017211914062
2013-04-02,696.613525390625
2013-04-03,735.0888671875
2013-04-04,714.7395629882812
2013-04-05,744.4176635742188
2013-04-08,761.5767822265625
2013-04-09,765.5404052734375
2013-04-10,760.851806640625
2013-04-11,737.2156372070312
2013-04-12,723.681640625
2013-04-15,740.3091430664062
2013-04-16,740.2124633789062
2013-04-17,731.0769653320312
2013-04-18,727.9835815429688
2013-04-22,721.6998291015625
2013-04-23,735.0404663085938
2013-04-25,728.70849609375
2013-04-26,709.4225463867188
2013-04-29,706.8125610351562
2013-04-30,710.3409423828125
2013-05-02,737.1189575195312
2013-05-03,742.4358520507812
2013-05-06,742.4358520507812
2013-05-07,746.6409301757812
2013-05-08,743.644287109375
2013-05-09,735.0888671875
2013-05-10,732.7687377929688
2013-05-13,722.908203125
2013-05-14,717.5913696289062
2013-05-15,741.6624755859375
2013-05-16,738.6656494140625
2013-05-17,742.1942749023438
2013-05-20,734.3154296875
2013-05-21,726.4368286132812
2013-05-22,721.6998291015625
2013-05-23,690.0883178710938
2013-05-24,705.9423828125
2013-05-27,710.7276611328125
2013-05-28,711.404296875
2013-05-29,723.681640625
2013-05-30,711.0177001953125
2013-05-31,739.8257446289062
2013-06-03,718.0263671875
2013-06-04,715.3197021484375
2013-06-05,723.05322265625
2013-06-06,710.7760009765625
2013-06-07,686.1248168945312
2013-06-10,622.4667358398438
2013-06-11,597.3804931640625
2013-06-12,630.8771362304688
2013-06-13,647.311279296875
2013-06-14,619.1317138671875
2013-06-17,624.545166015625
2013-06-18,624.6901245117188
2013-06-19,626.2852172851562
2013-06-20,627.9769897460938
2013-06-21,612.5094604492188
2013-06-24,618.5999145507812
2013-06-25,609.3193359375
2013-06-26,634.8889770507812
2013-06-27,660.7003784179688
2013-06-28,700.287109375
2013-07-01,799.7135620117188
2013-07-02,839.0105590820312
2013-07-03,812.8125610351562
2013-07-04,811.749267578125
2013-07-05,827.844970703125
2013-07-08,809.6224365234375
2013-07-09,814.89111328125
2013-07-10,814.5526733398438
2013-07-11,794.8800659179688
2013-07-12,790.0465087890625
2013-07-15,780.08935546875
2013-07-16,780.1376953125
2013-07-17,793.9133911132812
2013-07-18,792.0281982421875
2013-07-19,801.888916015625
2013-07-22,777.0925903320312
2013-07-23,768.4404907226562
2013-07-24,730.1102905273438
2013-07-25,707.34423828125
2013-07-26,681.5813598632812
2013-07-29,654.46484375
2013-07-30,647.1179809570312
2013-07-31,667.2255859375
2013-08-01,651.2747802734375
2013-08-02,665.5822143554688
2013-08-05,686.173095703125
2013-08-06,705.4107666015625
2013-08-07,735.7654418945312
2013-08-08,735.5238037109375
2013-08-12,722.0865478515625
2013-08-13,742.6775512695312
2013-08-14,733.5421142578125
2013-08-16,697.6771240234375
2013-08-19,650.8397827148438
2013-08-20,629.9104614257812
2013-08-21,623.771728515625
2013-08-22,642.0427856445312
2013-08-23,731.1254272460938
2013-08-26,717.10791015625
2013-08-27,709.0360107421875
2013-08-28,685.979736328125
2013-08-29,695.5502319335938
2013-08-30,691.731689453125
2013-09-02,756.5014038085938
2013-09-03,732.2369995117188
2013-09-04,774.1925048828125
2013-09-05,773.515625
2013-09-06,770.0323486328125
2013-09-10,829.0535278320312
2013-09-11,825.42529296875
2013-09-12,788.4161376953125
2013-09-13,835.633056640625
2013-09-16,820.7325439453125
2013-09-17,795.8179321289062
2013-09-18,833.5528564453125
2013-09-19,844.921630859375
2013-09-20,801.7200317382812
2013-09-23,799.6398315429688
2013-09-24,804.6227416992188
2013-09-25,809.121826171875
2013-09-26,794.9470825195312
2013-09-27,845.7925415039062
2013-09-30,832.5851440429688
2013-10-01,814.8305053710938
2013-10-03,830.1179809570312
2013-10-04,824.7963256835938
2013-10-07,817.104248046875
2013-10-08,821.7003173828125
2013-10-09,823.8771362304688
2013-10-10,833.4559936523438
2013-10-11,834.181640625
2013-10-14,833.3108520507812
2013-10-15,816.9591674804688
2013-10-17,802.54248046875
2013-10-18,815.894775390625
2013-10-21,828.1828002929688
2013-10-22,850.0496826171875
2013-10-23,854.6939086914062
2013-10-24,932.3890991210938
2013-10-25,928.18017578125
2013-10-28,939.4522094726562
2013-10-29,924.6486206054688
2013-10-30,917.5853271484376
2013-10-31,895.1864013671875
2013-11-01,864.4179077148438
2013-11-05,866.691650390625
2013-11-06,840.95458984375
2013-11-07,796.2050170898438
2013-11-08,757.3574829101562
2013-11-11,714.5429077148438
2013-11-12,727.556640625
2013-11-13,712.6077270507812
2013-11-14,737.1354370117188
2013-11-18,741.24755859375
2013-11-19,739.022216796875
2013-11-20,727.50830078125
2013-11-21,699.7877197265625
2013-11-22,697.1266479492188
2013-11-25,721.1707153320312
2013-11-26,751.7454833984375
2013-11-27,767.7103271484375
2013-11-28,770.758056640625
2013-11-29,767.3233032226562
2013-12-02,759.6311645507812
2013-12-03,763.5498046875
2013-12-04,761.9532470703125
2013-12-05,756.5350952148438
2013-12-06,745.8919067382812
2013-12-09,747.5367431640625
2013-12-10,750.6329956054688
2013-12-11,765.8719482421875
2013-12-12,787.303466796875
2013-12-13,776.2249145507812
2013-12-16,770.41943359375
2013-12-17,757.8895874023438
2013-12-18,759.7763671875
2013-12-19,758.8087158203125
2013-12-20,743.5213623046875
2013-12-23,704.4803466796875
2013-12-24,715.8490600585938
2013-12-26,714.252685546875
2013-12-27,727.1696166992188
2013-12-30,741.24755859375
2013-12-31,748.5526733398438
2014-01-01,743.8600463867188
2014-01-02,718.606689453125
2014-01-03,729.6851196289062
2014-01-06,747.8270263671875
2014-01-07,730.2174682617188
2014-01-08,762.0016479492188
2014-01-09,748.1173095703125
2014-01-10,755.7608642578125
2014-01-13,752.9066162109375
2014-01-14,760.743896484375
2014-01-15,760.55029296875
2014-01-16,748.1657104492188
2014-01-17,753.1486206054688
2014-01-20,766.6459350585938
2014-01-21,767.9522094726562
2014-01-22,773.080322265625
2014-01-23,796.3018188476562
2014-01-24,776.757080078125
2014-01-27,763.7918090820312
2014-01-28,775.7894287109375
2014-01-29,791.8510131835938
2014-01-30,766.2106323242188
2014-01-31,807.1868286132812
2014-02-03,797.317626953125
2014-02-04,796.3018188476562
2014-02-05,798.3335571289062
2014-02-06,796.1082153320312
2014-02-07,794.3665771484375
2014-02-10,788.3192749023438
2014-02-11,787.8356323242188
2014-02-12,762.7756958007812
2014-02-13,777.6277465820312
2014-02-14,773.6124877929688
2014-02-17,765.8719482421875
2014-02-18,761.9532470703125
2014-02-19,761.9532470703125
2014-02-20,754.5030517578125
2014-02-21,754.3579711914062
2014-02-24,754.7932739257812
2014-02-25,748.9397583007812
2014-02-26,756.4383544921875
2014-02-28,776.4667358398438
2014-03-03,771.6773071289062
2014-03-04,771.1935424804688
2014-03-05,780.6756591796875
2014-03-06,786.7227783203125
2014-03-07,787.1583251953125
2014-03-10,786.7227783203125
2014-03-11,782.2720947265625
2014-03-12,778.3051147460938
2014-03-13,774.0479125976562
2014-03-14,755.3739624023438
2014-03-18,763.066162109375
2014-03-19,776.321533203125
2014-03-20,772.7901611328125
2014-03-21,793.8828735351562
2014-03-24,794.3665771484375
2014-03-25,798.6721801757812
2014-03-26,798.2369384765625
2014-03-27,781.4981079101562
2014-03-28,796.5919799804688
2014-03-31,797.269287109375
2014-04-01,798.1885375976562
2014-04-02,796.3984375
2014-04-03,784.158935546875
2014-04-04,777.4342651367188
2014-04-07,781.9818115234375
2014-04-09,788.077392578125
2014-04-10,793.6409912109375
2014-04-11,793.8828735351562
2014-04-15,797.6563720703125
2014-04-16,785.2232055664062
2014-04-17,790.4480590820312
2014-04-21,785.8037719726562
2014-04-22,782.5139770507812
2014-04-23,774.0479125976562
2014-04-24,774.0479125976562
2014-04-25,777.8698120117188
2014-04-28,776.757080078125
2014-04-29,777.2891235351562
2014-04-30,764.0819091796875
2014-05-02,756.7769165039062
2014-05-05,746.7142333984375
2014-05-06,747.5367431640625
2014-05-07,748.407470703125
2014-05-08,739.8446044921875
2014-05-09,747.8270263671875
2014-05-12,764.8077392578125
2014-05-13,772.1127319335938
2014-05-14,773.9511108398438
2014-05-15,766.7427368164062
2014-05-16,770.129150390625
2014-05-19,773.6124877929688
2014-05-20,770.6614379882812
2014-05-21,769.5487060546875
2014-05-22,773.128662109375
2014-05-23,774.7735595703125
2014-05-26,755.7125854492188
2014-05-27,748.1173095703125
2014-05-28,755.132080078125
2014-05-29,738.8285522460938
2014-05-30,730.2658081054688
2014-06-02,724.799072265625
2014-06-03,735.0068969726562
2014-06-04,732.200927734375
2014-06-05,728.040283203125
2014-06-06,733.7974853515625
2014-06-09,718.8968505859375
2014-06-10,722.04150390625
2014-06-11,716.57470703125
2014-06-12,709.3181762695312
2014-06-13,697.5623168945312
2014-06-16,691.4666748046875
2014-06-17,691.61181640625
2014-06-18,687.8382568359375
2014-06-19,694.6112670898438
2014-06-20,662.0528564453125
2014-06-23,653.7801513671875
2014-06-24,673.6635131835938
2014-06-25,674.7278442382812
2014-06-26,672.4541625976562
2014-06-27,677.3885498046875
2014-06-30,675.7921142578125
2014-07-01,678.0175170898438
2014-07-02,688.7575073242188
2014-07-03,688.7575073242188
2014-07-04,690.3055419921875
2014-07-07,700.3681030273438
2014-07-08,682.3232421875
2014-07-09,674.0021362304688
2014-07-10,677.823974609375
2014-07-11,679.033447265625
2014-07-14,689.7733764648438
2014-07-15,701.9646606445312
2014-07-16,696.5947265625
2014-07-17,698.5782470703125
2014-07-18,700.0780029296875
2014-07-21,696.9817504882812
2014-07-22,699.7392578125
2014-07-23,695.046630859375
2014-07-24,690.4990844726562
2014-07-25,685.5161743164062
2014-07-28,683.00048828125
2014-07-30,683.435791015625
2014-07-31,682.2263793945312
2014-08-01,687.9833374023438
2014-08-04,712.3660888671875
2014-08-05,712.0272216796875
2014-08-06,715.6556396484375
2014-08-07,718.4132080078125
2014-08-08,701.8195190429688
2014-08-11,697.0301513671875
2014-08-12,695.046630859375
2014-08-13,684.5001831054688
2014-08-14,688.6123046875
2014-08-18,688.2736206054688
2014-08-19,711.4950561523438
2014-08-20,711.9789428710938
2014-08-21,712.8981323242188
2014-08-22,709.995361328125
2014-08-25,702.6419677734375
2014-08-26,702.9320678710938
2014-08-27,697.1266479492188
2014-08-28,684.3065795898438
2014-09-01,686.6317749023438
2014-09-02,691.6696166992188
2014-09-03,690.3616943359375
2014-09-04,684.4036865234375
2014-09-05,704.5059814453125
2014-09-08,713.5642700195312
2014-09-09,711.5297241210938
2014-09-10,696.4651489257812
2014-09-11,690.3616943359375
2014-09-12,690.8945922851562
2014-09-15,689.3928833007812
2014-09-16,667.69189453125
2014-09-17,676.1688842773438
2014-09-18,689.97412109375
2014-09-19,703.7310180664062
2014-09-22,703.7794189453125
2014-09-23,680.72216796875
2014-09-24,684.5973510742188
2014-09-25,692.0086059570312
2014-09-26,695.3509521484375
2014-09-29,683.4832153320312
2014-09-30,690.0225219726562
2014-10-01,689.5381469726562
2014-10-07,683.7738037109375
2014-10-08,680.1893310546875
2014-10-09,692.880615234375
2014-10-10,680.576904296875
2014-10-13,682.9020385742188
2014-10-14,680.1408081054688
2014-10-15,680.1408081054688
2014-10-16,616.2489013671875
2014-10-17,640.6626586914062
2014-10-20,659.7477416992188
2014-10-21,655.2429809570312
2014-10-22,659.1181640625
2014-10-27,676.21728515625
2014-10-28,669.3389282226562
2014-10-29,678.7360229492188
2014-10-30,680.0924072265625
2014-10-31,676.5563354492188
2014-11-03,678.3485717773438
2014-11-05,684.4521484375
2014-11-07,676.4110107421875
2014-11-10,664.8339233398438
2014-11-11,668.5637817382812
2014-11-12,665.899658203125
2014-11-13,673.4076538085938
2014-11-14,681.2550048828125
2014-11-17,678.1065063476562
2014-11-18,686.5833740234375
2014-11-19,701.4059448242188
2014-11-20,737.929443359375
2014-11-21,751.2017822265625
2014-11-24,746.6001586914062
2014-11-25,736.8636474609375
2014-11-26,739.0919189453125
2014-11-27,722.1865234375
2014-11-28,759.3396606445312
2014-12-01,740.2544555664062
2014-12-02,797.7523803710938
2014-12-03,818.1937255859375
2014-12-04,807.5372314453125
2014-12-05,790.6801147460938
2014-12-08,781.6218872070312
2014-12-09,798.4788818359375
2014-12-10,798.2850952148438
2014-12-11,769.1728515625
2014-12-12,773.5325317382812
2014-12-15,768.0103149414062
2014-12-16,722.816162109375
2014-12-17,746.745361328125
2014-12-18,775.80908203125
2014-12-19,784.5765991210938
2014-12-22,789.033203125
2014-12-23,792.5208129882812
2014-12-24,782.9298095703125
2014-12-26,799.01171875
2014-12-29,802.5962524414062
2014-12-30,807.1495971679688
2014-12-31,809.3295288085938
2015-01-01,808.5543823242188
2015-01-02,809.5231323242188
2015-01-05,806.9073486328125
2015-01-06,806.4713745117188
2015-01-07,869.1039428710938
2015-01-08,865.470947265625
2015-01-09,875.7401123046875
2015-01-12,884.459228515625
2015-01-13,897.1988525390625
2015-01-14,902.0911865234376
2015-01-15,915.6544799804688
2015-01-16,912.9417114257812
2015-01-19,920.4015502929688
2015-01-20,913.474609375
2015-01-21,906.9837646484376
2015-01-22,961.768798828125
2015-01-23,1007.7864379882812
2015-01-27,1005.8973999023438
2015-01-28,968.3082885742188
2015-01-29,957.2639770507812
2015-01-30,944.6212158203124
2015-02-02,945.9776611328124
2015-02-03,952.4201049804688
2015-02-04,961.187744140625
2015-02-05,923.6953125
2015-02-06,924.4703979492188
2015-02-09,899.2333374023438
2015-02-10,905.3851928710938
2015-02-11,933.044189453125
2015-02-12,943.7978515625
2015-02-13,978.771240234375
2015-02-16,937.16162109375
2015-02-18,939.82568359375
2015-02-19,928.2001953125
2015-02-20,944.0401000976562
2015-02-23,940.0679931640624
2015-02-24,931.1066284179688
2015-02-25,942.6353149414062
2015-02-26,927.0861206054688
2015-02-27,977.1727294921876
2015-03-02,965.837890625
2015-03-03,967.9691772460938
2015-03-04,969.470947265625
2015-03-05,994.6109619140624
2015-03-09,987.3450927734376
2015-03-10,989.3795776367188
2015-03-11,987.9263305664062
2015-03-12,986.8606567382812
2015-03-13,962.5924072265624
2015-03-16,948.0603637695312
2015-03-17,959.2985229492188
2015-03-18,955.0842895507812
2015-03-19,963.125244140625
2015-03-20,950.43408203125
2015-03-23,936.5802612304688
2015-03-24,928.3456420898438
2015-03-25,936.5802612304688
2015-03-26,934.933349609375
2015-03-27,949.8043212890624
2015-03-30,961.0906982421876
2015-03-31,969.0833129882812
2015-04-01,965.0142822265624
2015-04-06,972.813232421875
2015-04-07,1078.0723876953125
2015-04-08,1087.3243408203125
2015-04-09,1070.03173828125
2015-04-10,1106.6519775390625
2015-04-13,1128.4495849609375
2015-04-15,1125.591796875
2015-04-16,1133.9232177734375
2015-04-17,1126.75439453125
2015-04-20,1073.3253173828125
2015-04-21,1037.2861328125
2015-04-22,1045.181884765625
2015-04-23,1038.20654296875
2015-04-24,1034.7674560546875
2015-04-27,911.58544921875
2015-04-28,901.5100708007812
2015-04-29,927.9096069335938
2015-04-30,903.3023071289062
2015-05-04,930.428466796875
2015-05-05,947.285400390625
2015-05-06,925.245361328125
2015-05-07,896.7628784179688
2015-05-08,897.3926391601562
2015-05-11,914.7339477539062
2015-05-12,892.6939697265625
2015-05-13,877.3386840820312
2015-05-14,904.7069702148438
2015-05-15,924.37353515625
2015-05-18,935.8052368164062
2015-05-19,936.0474853515624
2015-05-20,975.8648071289062
2015-05-21,982.0166015625
2015-05-22,965.3049926757812
2015-05-25,951.499755859375
2015-05-26,954.9871826171876
2015-05-27,931.0581665039062
2015-05-28,922.4843139648438
2015-05-29,923.5015258789062
2015-06-01,924.2766723632812
2015-06-02,905.91796875
2015-06-03,893.8081665039062
2015-06-04,889.5939331054688
2015-06-05,895.4549560546875
2015-06-08,872.3978271484375
2015-06-09,870.6539306640625
2015-06-10,881.0200805664062
2015-06-11,866.633544921875
2015-06-12,863.5332641601562
2015-06-15,867.21484375
2015-06-16,849.582763671875
2015-06-17,867.50537109375
2015-06-18,873.3181762695312
2015-06-19,866.5850219726562
2015-06-22,881.0685424804688
2015-06-23,870.2180786132812
2015-06-24,873.3181762695312
2015-06-25,879.9542846679688
2015-06-26,867.6990966796875
2015-06-29,851.7140502929688
2015-06-30,905.0946044921876
2015-07-01,893.6626586914062
2015-07-02,906.2088012695312
2015-07-03,987.4419555664062
2015-07-06,993.2062377929688
2015-07-07,982.0651245117188
2015-07-08,978.4805908203124
2015-07-09,951.88720703125
2015-07-10,956.828125
2015-07-13,967.5817260742188
2015-07-14,978.8681030273438
2015-07-15,981.0478515625
2015-07-16,991.3655395507812
2015-07-17,982.9369506835938
2015-07-20,996.4515991210938
2015-07-21,961.0906982421876
2015-07-22,977.802490234375
2015-07-23,967.0972900390624
2015-07-24,979.3524780273438
2015-07-27,993.1093139648438
2015-07-28,982.791748046875
2015-07-29,1001.0535888671876
2015-07-30,997.5656127929688
2015-07-31,1023.2388305664062
2015-08-03,1018.8307495117188
2015-08-04,1001.1019287109376
2015-08-05,1008.8036499023438
2015-08-06,1006.3817749023438
2015-08-07,997.7595825195312
2015-08-10,977.46337890625
2015-08-11,962.3016967773438
2015-08-12,962.3016967773438
2015-08-13,944.136962890625
2015-08-14,931.736328125
2015-08-17,921.2733764648438
2015-08-18,911.58544921875
2015-08-19,932.8505249023438
2015-08-20,888.8187866210938
2015-08-21,900.3474731445312
2015-08-24,798.0430297851562
2015-08-25,827.251953125
2015-08-26,813.7374267578125
2015-08-27,848.75927734375
2015-08-28,837.4243774414062
2015-08-31,828.1723022460938
2015-09-01,858.3502807617188
2015-09-02,820.8096313476562
2015-09-03,846.91845703125
2015-09-04,820.3253173828125
2015-09-07,807.294921875
2015-09-08,806.0355834960938
2015-09-09,817.7095336914062
2015-09-10,837.4243774414062
2015-09-11,834.905517578125
2015-09-14,830.2984008789062
2015-09-15,830.2984008789062
2015-09-16,826.418701171875
2015-09-18,848.1934204101562
2015-09-21,843.0528564453125
2015-09-22,823.7030029296875
2015-09-23,815.167724609375
2015-09-24,830.6378784179688
2015-09-28,815.0221557617188
2015-09-29,827.2916259765625
2015-09-30,855.1283569335938
2015-10-01,846.7384643554688
2015-10-05,886.505126953125
2015-10-06,907.7947998046876
2015-10-07,890.9667358398438
2015-10-08,905.8065795898438
2015-10-09,893.6340942382812
2015-10-12,900.0840454101562
2015-10-13,907.7947998046876
2015-10-14,892.4701538085938
2015-10-15,873.8963623046875
2015-10-16,873.8963623046875
2015-10-19,891.8397827148438
2015-10-20,908.86181640625
2015-10-21,922.2467651367188
2015-10-23,914.4872436523438
2015-10-26,926.611328125
2015-10-27,926.611328125
2015-10-28,927.5811767578124
2015-10-29,926.0293579101562
2015-10-30,910.3165893554688
2015-11-02,933.5462036132812
2015-11-03,924.2833862304688
2015-11-04,966.3779296875
2015-11-05,925.3988037109376
2015-11-06,930.054443359375
2015-11-09,943.5847778320312
2015-11-10,926.611328125
2015-11-13,954.5449829101562
2015-11-16,935.2435913085938
2015-11-17,963.8077392578124
2015-11-18,933.6917114257812
2015-11-19,939.123291015625
2015-11-20,949.3558349609376
2015-11-23,934.6616821289062
2015-11-24,927.5326538085938
2015-11-26,930.7819213867188
2015-11-27,946.155029296875
2015-11-30,946.155029296875
2015-12-01,948.6768798828124
2015-12-02,935.6800537109376
2015-12-03,919.6763305664062
2015-12-04,905.2245483398438
2015-12-07,894.16748046875
2015-12-08,898.4835815429688
2015-12-09,866.37939453125
2015-12-10,863.9061279296875
2015-12-11,866.7188720703125
2015-12-14,887.9599609375
2015-12-15,888.1055908203125
2015-12-16,874.4296875
2015-12-17,879.3277587890625
2015-12-18,894.89501953125
2015-12-21,904.3516845703124
2015-12-22,895.0888671875
2015-12-23,895.7678833007812
2015-12-24,906.970458984375
2015-12-28,920.40380859375
2015-12-29,915.40869140625
2015-12-30,908.473876953125
2015-12-31,919.0459594726562
2016-01-01,915.3118286132812
2016-01-04,911.674560546875
2016-01-05,921.5192260742188
2016-01-06,913.5173950195312
2016-01-07,896.931884765625
2016-01-08,885.5352172851562
2016-01-11,869.7739868164062
2016-01-12,851.9761352539062
2016-01-13,844.84716796875
2016-01-14,847.078125
2016-01-15,835.58447265625
2016-01-18,804.3531494140625
2016-01-19,815.65283203125
2016-01-20,776.952880859375
2016-01-21,764.8289794921875
2016-01-22,765.0714721679688
2016-01-25,760.8038330078125
2016-01-27,750.668212890625
2016-01-28,753.7719116210938
2016-01-29,749.455810546875
2016-02-01,752.7049560546875
2016-02-02,781.5115966796875
2016-02-03,772.976318359375
2016-02-04,786.8946533203125
2016-02-05,790.9197387695312
2016-02-08,790.4832763671875
2016-02-09,787.4279174804688
2016-02-10,785.5852661132812
2016-02-11,773.2672119140625
2016-02-12,773.2672119140625
2016-02-15,778.2623291015625
2016-02-16,762.30712890625
2016-02-17,784.6152954101562
2016-02-18,777.534912109375
2016-02-19,790.3862915039062
2016-02-22,788.4464111328125
2016-02-23,774.528076171875
2016-02-24,764.7804565429688
2016-02-25,777.14697265625
2016-02-26,776.4679565429688
2016-02-29,778.7957153320312
2016-03-01,783.83935546875
2016-03-02,781.1235961914062
2016-03-03,780.056640625
2016-03-04,781.3660278320312
2016-03-08,782.4330444335938
2016-03-09,780.3961181640625
2016-03-10,778.69873046875
2016-03-11,770.890869140625
2016-03-14,768.8056030273438
2016-03-15,763.51953125
2016-03-16,778.84423828125
2016-03-17,780.590087890625
2016-03-18,788.3494873046875
2016-03-21,787.7191162109375
2016-03-22,818.9989013671875
2016-03-23,809.9301147460938
2016-03-28,805.274658203125
2016-03-29,799.843017578125
2016-03-30,800.5219116210938
2016-03-31,802.4618530273438
2016-04-01,800.5704956054688
2016-04-04,799.93994140625
2016-04-05,803.9166259765625
2016-04-06,797.6121215820312
2016-04-07,795.914794921875
2016-04-08,796.4967041015625
2016-04-11,758.6699829101562
2016-04-12,772.2972412109375
2016-04-13,773.6552734375
2016-04-18,761.1433715820312
2016-04-20,743.9756469726562
2016-04-21,747.6128540039062
2016-04-22,732.1427001953125
2016-04-25,751.2500610351562
2016-04-26,734.2765502929688
2016-04-27,735.10107421875
2016-04-28,741.0659790039062
2016-04-29,739.22314453125
2016-05-02,747.5159301757812
2016-05-03,752.4140014648438
2016-05-04,715.2661743164062
2016-05-05,735.343505859375
2016-05-06,740.1444091796875
2016-05-09,764.9745483398438
2016-05-10,752.995849609375
2016-05-11,767.5446166992188
2016-05-12,772.200439453125
2016-05-13,741.1144409179688
2016-05-16,728.8450927734375
2016-05-17,722.9284057617188
2016-05-18,713.7141723632812
2016-05-19,716.672607421875
2016-05-20,709.8831787109375
2016-05-23,693.9765014648438
2016-05-24,688.7388305664062
2016-05-25,692.3275756835938
2016-05-26,694.6553344726562
2016-05-27,700.5718994140625
2016-05-30,695.6737670898438
2016-05-31,703.772705078125
2016-06-01,716.9635009765625
2016-06-02,720.7947998046875
2016-06-03,704.7425537109375
2016-06-06,703.9180908203125
2016-06-07,714.78125
2016-06-08,710.0770874023438
2016-06-09,720.8432006835938
2016-06-10,715.314697265625
2016-06-13,719.9217529296875
2016-06-14,714.3932495117188
2016-06-15,739.174560546875
2016-06-16,721.0856323242188
2016-06-17,730.4453125
2016-06-20,729.37841796875
2016-06-21,723.5589599609375
2016-06-22,719.2913208007812
2016-06-23,714.0053100585938
2016-06-24,697.03173828125
2016-06-27,700.4264526367188
2016-06-28,710.6104736328125
2016-06-29,726.177734375
2016-06-30,728.166015625
2016-07-01,735.5374145507812
2016-07-04,748.9707641601562
2016-07-05,766.0413818359375
2016-07-07,766.7202758789062
2016-07-08,766.2352905273438
2016-07-11,766.4779052734375
2016-07-12,756.5846557617188
2016-07-13,756.9241333007812
2016-07-14,766.2838134765625
2016-07-15,759.7368774414062
2016-07-18,766.4779052734375
2016-07-19,764.0045166015625
2016-07-20,759.8339233398438
2016-07-21,754.4993286132812
2016-07-22,754.5478515625
2016-07-25,755.2267456054688
2016-07-26,760.1732788085938
2016-07-27,792.2291870117188
2016-07-28,797.5151977539062
2016-07-29,787.7191162109375
2016-08-01,773.1702880859375
2016-08-02,761.240234375
2016-08-03,751.4926147460938
2016-08-04,759.6399536132812
2016-08-05,776.2739868164062
2016-08-08,792.0838012695312
2016-08-09,810.8515625
2016-08-10,802.2192993164062
2016-08-11,798.8245239257812
2016-08-12,766.57470703125
2016-08-16,771.472900390625
2016-08-17,775.5950927734375
2016-08-18,775.4495849609375
2016-08-19,777.1953125
2016-08-22,776.8074340820312
2016-08-23,771.2303466796875
2016-08-24,778.1653442382812
2016-08-25,780.4931030273438
2016-08-26,796.8362426757812
2016-08-29,791.9381713867188
2016-08-30,805.1962280273438
2016-08-31,789.8985595703125
2016-09-01,790.578369140625
2016-09-02,791.646728515625
2016-09-06,795.9690551757812
2016-09-07,799.4656372070312
2016-09-08,802.088134765625
2016-09-09,793.58935546875
2016-09-12,791.1611328125
2016-09-14,801.6510009765625
2016-09-15,795.4833374023438
2016-09-16,804.953369140625
2016-09-19,851.332275390625
2016-09-20,857.9370727539062
2016-09-21,865.1732788085938
2016-09-22,850.3124389648438
2016-09-23,863.3276977539062
2016-09-26,879.8394775390625
2016-09-27,887.6585083007812
2016-09-28,876.29443359375
2016-09-29,852.157958984375
2016-09-30,878.0426025390625
2016-10-03,881.7820434570312
2016-10-04,934.6687622070312
2016-10-05,924.4701538085938
2016-10-06,921.2649536132812
2016-10-07,918.3995361328124
2016-10-10,923.1104125976562
2016-10-13,917.3797607421876
2016-10-14,921.4105834960938
2016-10-17,903.1990356445312
2016-10-18,903.0533447265624
2016-10-19,903.3446044921876
2016-10-20,891.883544921875
2016-10-21,891.4949340820312
2016-10-24,864.8331909179688
2016-10-25,860.1224975585938
2016-10-26,848.2241821289062
2016-10-27,846.3788452148438
2016-10-28,845.0189208984375
2016-11-01,856.1401977539062
2016-11-02,843.610595703125
2016-11-03,847.204345703125
2016-11-04,851.47802734375
2016-11-07,866.435791015625
2016-11-08,877.5084228515625
2016-11-09,863.0362548828125
2016-11-10,877.89697265625
2016-11-11,846.9129028320312
2016-11-15,816.9002075195312
2016-11-16,813.6950073242188
2016-11-17,829.9639892578125
2016-11-18,831.0810546875
2016-11-21,824.7677612304688
2016-11-22,827.9728393554688
2016-11-23,832.635009765625
2016-11-24,837.3457641601562
2016-11-25,829.6240844726562
2016-11-28,844.63037109375
2016-11-29,841.4251708984375
2016-11-30,853.954833984375
2016-12-01,840.3568115234375
2016-12-02,828.8469848632812
2016-12-05,829.6726684570312
2016-12-06,830.1097412109375
2016-12-07,821.173828125
2016-12-08,829.3326416015625
2016-12-09,816.2202758789062
2016-12-12,809.1299438476562
2016-12-13,809.8583374023438
2016-12-14,805.5361328125
2016-12-15,793.5407104492188
2016-12-16,802.913818359375
2016-12-19,794.5606689453125
2016-12-20,772.7553100585938
2016-12-21,760.468505859375
2016-12-22,735.5549926757812
2016-12-23,740.945556640625
2016-12-26,738.0317993164062
2016-12-27,742.5482177734375
2016-12-28,744.005126953125
2016-12-29,762.702392578125
2016-12-30,757.1661987304688
2017-01-02,752.7952880859375
2017-01-03,764.8392944335938
2017-01-04,774.6006469726562
2017-01-05,785.527587890625
2017-01-06,778.3401489257812
2017-01-09,781.9824829101562
2017-01-10,783.7308959960938
2017-01-11,795.7261352539062
2017-01-12,789.3642578125
2017-01-13,803.205078125
2017-01-16,787.9072875976562
2017-01-17,803.4478759765625
2017-01-18,797.2801513671875
2017-01-19,784.2164916992188
2017-01-20,784.6048583984375
2017-01-23,784.5079345703125
2017-01-24,794.366455078125
2017-01-25,799.22265625
2017-01-27,789.2670288085938
2017-01-30,780.331298828125
2017-01-31,776.640380859375
2017-02-01,793.9779052734375
2017-02-02,790.2870483398438
2017-02-03,798.7857666015625
2017-02-06,815.54052734375
2017-02-07,792.2781372070312
2017-02-08,778.5829467773438
2017-02-09,781.8367919921875
2017-02-10,769.015869140625
2017-02-13,762.5568237304688
2017-02-14,758.1858520507812
2017-02-15,762.6053466796875
2017-02-16,761.8768920898438
2017-02-17,767.3646240234375
2017-02-20,769.8414306640625
2017-02-21,783.7308959960938
2017-02-22,768.5302734375
2017-02-23,763.4794921875
2017-02-27,759.5457763671875
2017-02-28,755.2720336914062
2017-03-01,760.0313720703125
2017-03-02,755.0778198242188
2017-03-03,757.8945922851562
2017-03-06,756.146240234375
2017-03-07,757.5547485351562
2017-03-08,756.0492553710938
2017-03-09,748.1817016601562
2017-03-10,746.28759765625
2017-03-14,752.2611083984375
2017-03-15,754.0579833984375
2017-03-16,749.5416259765625
2017-03-17,755.9519653320312
2017-03-20,752.5525512695312
2017-03-21,751.0955810546875
2017-03-22,748.0845947265625
2017-03-23,747.4046630859375
2017-03-24,752.4068603515625
2017-03-27,747.8903198242188
2017-03-28,757.3118286132812
2017-03-29,754.9806518554688
2017-03-30,756.7776489257812
2017-03-31,748.6672973632812
2017-04-03,742.7425537109375
2017-04-05,740.508544921875
2017-04-06,745.1707153320312
2017-04-07,747.8903198242188
2017-04-10,723.2196655273438
2017-04-11,731.4755859375
2017-04-12,724.0452270507812
2017-04-13,732.058349609375
2017-04-17,729.4844970703125
2017-04-18,710.7387084960938
2017-04-19,718.8974609375
2017-04-20,728.464599609375
2017-04-21,730.3099975585938
2017-04-24,741.237060546875
2017-04-25,738.1289672851562
2017-04-26,744.6365966796875
2017-04-27,755.6121215820312
2017-04-28,746.9190673828125
2017-05-02,749.1529541015625
2017-05-03,755.7576904296875
2017-05-04,763.0423583984375
2017-05-05,755.709228515625
2017-05-08,759.7886352539062
2017-05-09,774.212158203125
2017-05-10,780.7684326171875
2017-05-11,826.1759643554688
2017-05-12,803.5449829101562
2017-05-15,804.322021484375
2017-05-16,782.1281127929688
2017-05-17,788.8300170898438
2017-05-18,771.4925537109375
2017-05-19,752.6981201171875
2017-05-22,753.9607543945312
2017-05-23,755.32080078125
2017-05-24,749.8815307617188
2017-05-25,757.0689697265625
2017-05-26,764.159423828125
2017-05-29,771.0555419921875
2017-05-30,767.218994140625
2017-05-31,778.0487670898438
2017-06-01,783.7794189453125
2017-06-02,785.916259765625
2017-06-05,802.8165283203125
2017-06-06,787.9559326171875
2017-06-07,778.4859008789062
2017-06-08,797.3287963867188
2017-06-09,767.5589599609375
2017-06-12,769.4530029296875
2017-06-13,769.1614990234375
2017-06-14,769.4530029296875
2017-06-15,770.2299194335938
2017-06-16,760.371337890625
2017-06-19,762.4595947265625
2017-06-20,758.72021484375
2017-06-21,760.7113037109375
2017-06-22,759.108642578125
2017-06-23,758.4287719726562
2017-06-27,763.8679809570312
2017-06-28,763.2852172851562
2017-06-29,758.7687377929688
2017-06-30,759.205810546875
2017-07-03,761.1969604492188
2017-07-04,781.73974609375
2017-07-05,783.099365234375
2017-07-06,779.74853515625
2017-07-07,783.390869140625
2017-07-10,784.7991333007812
2017-07-11,779.1172485351562
2017-07-12,794.0750122070312
2017-07-13,788.7814331054688
2017-07-14,787.66455078125
2017-07-17,797.1345825195312
2017-07-18,799.9512329101562
2017-07-19,809.8098754882812
2017-07-20,794.8034057617188
2017-07-21,791.3068237304688
2017-07-24,791.7439575195312
2017-07-25,788.1014404296875
2017-07-26,793.9779052734375
2017-07-27,787.5187377929688
2017-07-28,793.7349853515625
2017-07-31,797.037353515625
2017-08-01,793.2493896484375
2017-08-02,786.2561645507812
2017-08-03,778.7772827148438
2017-08-04,792.2781372070312
2017-08-07,799.4170532226562
2017-08-08,797.3773803710938
2017-08-09,808.449951171875
2017-08-10,800.5339965820312
2017-08-11,764.9849243164062
2017-08-14,774.55224609375
2017-08-16,785.4306030273438
2017-08-17,782.7596435546875
2017-08-18,779.3599853515625
2017-08-21,780.1856689453125
2017-08-22,782.3223266601562
2017-08-23,781.73974609375
2017-08-24,789.3642578125
2017-08-28,796.64892578125
2017-08-29,779.068603515625
2017-08-30,778.6314697265625
2017-08-31,765.4219970703125
2017-09-01,781.0596923828125
2017-09-04,777.7088623046875
2017-09-05,778.8744506835938
2017-09-06,774.212158203125
2017-09-07,761.3427124023438
2017-09-08,762.6053466796875
2017-09-11,756.7776489257812
2017-09-12,757.9917602539062
2017-09-13,758.7687377929688
2017-09-14,762.6109619140625
2017-09-15,769.7118530273438
2017-09-18,776.180419921875
2017-09-19,778.3690795898438
2017-09-20,781.0927124023438
2017-09-21,781.4817504882812
2017-09-22,786.928955078125
2017-09-25,834.4461059570312
2017-09-26,825.88623046875
2017-09-27,801.7142944335938
2017-09-28,827.9290771484375
2017-09-29,799.039306640625
2017-10-03,814.4082641601562
2017-10-04,819.320556640625
2017-10-05,816.4508056640625
2017-10-06,833.2789916992188
2017-10-09,819.1744995117188
2017-10-10,827.8316650390625
2017-10-11,820.8768310546875
2017-10-12,827.1021118164062
2017-10-13,821.1686401367188
2017-10-16,816.4022827148438
2017-10-17,808.4259643554688
2017-10-18,817.083251953125
2017-10-19,809.3987426757812
2017-10-23,814.9431762695312
2017-10-24,833.1331176757812
2017-10-25,895.532958984375
2017-10-26,915.9599609375
2017-10-27,959.6837158203124
2017-10-30,1013.4263916015624
2017-10-31,999.3218994140624
2017-11-01,1025.3421630859375
2017-11-02,1050.633056640625
2017-11-03,1091.4384765625
2017-11-06,1110.5037841796875
2017-11-07,1116.5345458984375
2017-11-08,1106.12646484375
2017-11-09,1070.8653564453125
2017-11-10,1083.9483642578125
2017-11-13,1075.6318359375
2017-11-14,1083.5107421875
2017-11-15,1056.8095703125
2017-11-16,1094.551025390625
2017-11-17,1071.78955078125
2017-11-20,1046.3529052734375
2017-11-21,1041.9755859375
2017-11-22,1080.3006591796875
2017-11-23,1050.195068359375
2017-11-24,1056.858154296875
2017-11-27,1060.895263671875
2017-11-28,1091.04931640625
2017-11-29,1077.43115234375
2017-11-30,1053.8427734375
2017-12-01,1031.713623046875
2017-12-04,1022.0836791992188
2017-12-05,1032.0052490234375
2017-12-06,993.8261108398438
2017-12-07,1002.0941772460938
2017-12-08,1029.28173828125
2017-12-11,1028.843994140625
2017-12-12,985.0228881835938
2017-12-13,997.0360717773438
2017-12-14,990.71337890625
2017-12-15,993.4369506835938
2017-12-18,1010.7514038085938
2017-12-19,1051.1190185546875
2017-12-20,1043.775146484375
2017-12-21,1033.9993896484375
2017-12-22,1032.686279296875
2017-12-26,1030.740966796875
2017-12-27,1041.14892578125
2017-12-28,1043.7264404296875
2017-12-29,1049.5628662109375
2018-01-01,1031.3731689453125
2018-01-02,1002.5805053710938
2018-01-03,1048.1524658203125
2018-01-04,1049.4168701171875
2018-01-05,1119.9388427734375
2018-01-08,1124.0245361328125
2018-01-09,1109.0445556640625
2018-01-10,1099.560546875
2018-01-11,1145.959228515625
2018-01-12,1128.255859375
2018-01-15,1115.658935546875
2018-01-16,1057.3931884765625
2018-01-17,1100.2901611328125
2018-01-18,1051.654052734375
2018-01-19,1066.147705078125
2018-01-22,1124.0245361328125
2018-01-23,1128.4990234375
2018-01-24,1113.1787109375
2018-01-25,1111.57373046875
2018-01-29,1126.89404296875
2018-01-30,1106.8560791015625
2018-01-31,1115.27001953125
2018-02-01,1160.98779296875
2018-02-02,1108.7528076171875
2018-02-05,1148.0018310546875
2018-02-06,1096.20458984375
2018-02-07,1064.5914306640625
2018-02-08,1030.49755859375
2018-02-09,1034.3397216796875
2018-02-12,1048.054931640625
2018-02-14,1027.2874755859375
2018-02-15,1011.772705078125
2018-02-16,982.8343505859376
2018-02-19,1023.7371826171876
2018-02-20,1022.6671752929688
2018-02-21,1007.9306030273438
2018-02-22,1027.53076171875
2018-02-23,1050.8272705078125
2018-02-26,1052.092041015625
2018-02-27,1036.0908203125
2018-02-28,1030.49755859375
2018-03-01,1025.4393310546875
2018-03-05,1010.0217895507812
2018-03-06,1002.2401733398438
2018-03-07,993.7774658203124
2018-03-08,997.3279418945312
2018-03-09,989.0597534179688
2018-03-12,1005.0123291015624
2018-03-13,992.999267578125
2018-03-14,990.2269897460938
2018-03-15,995.6256713867188
2018-03-16,977.6303100585938
2018-03-19,968.09765625
2018-03-20,976.0253295898438
2018-03-21,933.0798950195312
2018-03-22,937.5543212890624
2018-03-23,916.1544799804688
2018-03-26,936.63037109375
2018-03-27,938.527099609375
2018-03-28,921.9908447265624
2018-04-02,945.5792236328124
2018-04-03,952.7774658203124
2018-04-04,937.8948364257812
2018-04-05,964.5958862304688
2018-04-06,974.225830078125
2018-04-09,976.4144897460938
2018-04-10,967.7086181640624
2018-04-11,991.005126953125
2018-04-12,1008.708740234375
2018-04-13,1011.5296020507812
2018-04-16,1018.4359741210938
2018-04-17,1054.66943359375
2018-04-18,1062.062255859375
2018-04-19,1082.6351318359375
2018-04-20,1096.8369140625
2018-04-23,1086.7208251953125
2018-04-24,1083.267578125
2018-04-25,1083.60791015625
2018-04-26,1105.8345947265625
2018-04-27,1154.1788330078125
2018-04-30,1167.796630859375
2018-05-02,1130.395751953125
2018-05-03,1102.4786376953125
2018-05-04,1097.615234375
2018-05-07,1099.70654296875
2018-05-08,1098.7337646484375
2018-05-09,1089.638916015625
2018-05-10,1066.780029296875
2018-05-11,1081.90576171875
2018-05-14,1075.0966796875
2018-05-15,1090.8060302734375
2018-05-16,1084.677978515625
2018-05-17,1090.125
2018-05-18,1102.91650390625
2018-05-21,1113.421875
2018-05-22,1142.1168212890625
2018-05-23,1145.521484375
2018-05-24,1147.8072509765625
2018-05-25,1151.06591796875
2018-05-28,1119.550048828125
2018-05-29,1165.5595703125
2018-05-30,1152.0872802734375
2018-05-31,1138.56640625
2018-06-01,1133.0220947265625
2018-06-04,1140.0255126953125
2018-06-05,1126.261474609375
2018-06-06,1154.03271484375
2018-06-07,1192.989990234375
2018-06-08,1194.06005859375
2018-06-11,1236.13037109375
2018-06-12,1254.6119384765625
2018-06-13,1244.0577392578125
2018-06-14,1255.146728515625
2018-06-15,1236.13037109375
2018-06-18,1249.213134765625
2018-06-19,1243.717529296875
2018-06-20,1228.2509765625
2018-06-21,1241.2855224609375
2018-06-22,1233.1146240234375
2018-06-25,1185.0137939453125
2018-06-26,1184.138427734375
2018-06-27,1124.754150390625
2018-06-28,1092.4112548828125
2018-06-29,1119.987548828125
2018-07-02,1085.7481689453125
2018-07-03,1136.2806396484375
2018-07-04,1146.202392578125
2018-07-05,1112.4976806640625
2018-07-06,1138.4693603515625
2018-07-09,1143.43017578125
2018-07-10,1170.5689697265625
2018-07-11,1154.76220703125
2018-07-12,1151.3577880859375
2018-07-13,1161.376708984375
2018-07-16,1115.46435546875
2018-07-17,1136.134765625
2018-07-18,1079.4251708984375
2018-07-19,1090.076416015625
2018-07-20,1041.683837890625
2018-07-23,1042.21875
2018-07-24,1076.896240234375
2018-07-25,1080.2520751953125
2018-07-26,1064.931884765625
2018-07-27,1086.526123046875
2018-07-30,1088.8121337890625
2018-07-31,1061.0894775390625
2018-08-01,1086.4775390625
2018-08-02,1070.4764404296875
2018-08-03,1101.8951416015625
2018-08-06,1130.249755859375
2018-08-07,1122.0791015625
2018-08-08,1129.228515625
2018-08-09,1166.9212646484375
2018-08-10,1171.88232421875
2018-08-13,1262.3936767578125
2018-08-14,1299.60009765625
2018-08-16,1357.2821044921875
2018-08-17,1347.9442138671875
2018-08-20,1347.3118896484375
2018-08-21,1336.806640625
2018-08-23,1405.4317626953125
2018-08-24,1357.62255859375
2018-08-27,1349.695068359375
2018-08-28,1336.41748046875
2018-08-29,1349.8409423828125
2018-08-30,1382.1837158203125
2018-08-31,1365.793212890625
2018-09-03,1343.7125244140625
2018-09-04,1276.8385009765625
2018-09-05,1279.6107177734375
2018-09-06,1303.8800048828125
2018-09-07,1303.8798828125
2018-09-10,1261.649658203125
2018-09-11,1247.9625244140625
2018-09-12,1281.47412109375
2018-09-14,1282.009765625
2018-09-17,1288.24462890625
2018-09-18,1272.4141845703125
2018-09-19,1273.8756103515625
2018-09-21,1278.0157470703125
2018-09-24,1282.9840087890625
2018-09-25,1349.373779296875
2018-09-26,1381.5701904296875
2018-09-27,1380.401123046875
2018-09-28,1322.291748046875
2018-10-01,1293.699951171875
2018-10-03,1254.2459716796875
2018-10-04,1208.313720703125
2018-10-05,1105.9283447265625
2018-10-08,1102.3240966796875
2018-10-09,1133.5460205078125
2018-10-10,1164.8170166015625
2018-10-11,1157.218505859375
2018-10-12,1142.3135986328125
2018-10-15,1149.035400390625
2018-10-16,1129.113525390625
2018-10-17,1178.504150390625
2018-10-19,1154.588134765625
2018-10-22,1161.9918212890625
2018-10-23,1143.726318359375
2018-10-24,1136.7608642578125
2018-10-25,1133.692138671875
2018-10-26,1085.957763671875
2018-10-29,1125.2655029296875
2018-10-30,1140.706298828125
2018-10-31,1188.39208984375
2018-11-01,1204.22216796875
2018-11-02,1226.1409912109375
2018-11-05,1229.843017578125
2018-11-06,1216.3992919921875
2018-11-07,1216.3992919921875
2018-11-09,1228.3330078125
2018-11-12,1243.6761474609375
2018-11-13,1266.423095703125
2018-11-14,1267.8355712890625
2018-11-15,1278.5513916015625
2018-11-16,1281.6202392578125
2018-11-19,1283.6173095703125
2018-11-20,1259.2628173828125
2018-11-21,1285.857666015625
2018-11-22,1267.592041015625
2018-11-26,1258.142578125
2018-11-27,1232.326904296875
2018-11-28,1210.5543212890625
2018-11-29,1204.5145263671875
2018-11-30,1207.87548828125
2018-12-03,1205.3912353515625
2018-12-04,1204.076171875
2018-12-05,1176.6043701171875
2018-12-06,1194.626708984375
2018-12-07,1198.8155517578125
2018-12-10,1175.9224853515625
2018-12-11,1203.1019287109375
2018-12-12,1204.66064453125
2018-12-13,1225.7025146484375
2018-12-14,1224.9234619140625
2018-12-17,1269.4429931640625
2018-12-18,1340.36279296875
2018-12-19,1332.8614501953125
2018-12-20,1334.468994140625
2018-12-21,1311.6246337890625
2018-12-24,1315.47265625
2018-12-26,1323.0711669921875
2018-12-27,1329.695556640625
2018-12-28,1341.9700927734375
2018-12-31,1341.434326171875
2019-01-01,1327.50341796875
2019-01-02,1320.44091796875
2019-01-03,1333.1539306640625
2019-01-04,1335.7354736328125
2019-01-07,1353.9036865234375
2019-01-08,1374.4097900390625
2019-01-09,1349.519775390625
2019-01-10,1342.8466796875
2019-01-11,1341.434326171875
2019-01-14,1344.4053955078125
2019-01-15,1382.5443115234375
2019-01-16,1380.060302734375
2019-01-17,1374.117919921875
2019-01-18,1378.2579345703125
2019-01-21,1447.37548828125
2019-01-22,1421.7060546875
2019-01-23,1407.580322265625
2019-01-24,1410.892822265625
2019-01-25,1390.9222412109375
2019-01-28,1368.077880859375
2019-01-29,1399.933349609375
2019-01-30,1391.5552978515625
2019-01-31,1391.8963623046875
2019-02-01,1409.7724609375
2019-02-04,1401.6866455078125
2019-02-05,1382.8365478515625
2019-02-06,1365.7398681640625
2019-02-07,1353.3192138671875
2019-02-08,1344.8438720703125
2019-02-11,1339.680908203125
2019-02-12,1353.367919921875
2019-02-14,1367.4447021484375
2019-02-15,1303.1981201171875
2019-02-18,1309.432861328125
2019-02-19,1311.5272216796875
2019-02-20,1324.8734130859375
2019-02-21,1324.1915283203125
2019-02-22,1331.4976806640625
2019-02-25,1322.291748046875
2019-02-26,1299.1551513671875
2019-02-27,1301.200927734375
2019-02-28,1308.994140625
2019-03-01,1342.35986328125
2019-03-05,1342.2137451171875
2019-03-06,1356.4365234375
2019-03-07,1352.4423828125
2019-03-08,1346.1103515625
2019-03-11,1345.4283447265625
2019-03-12,1363.060791015625
2019-03-13,1337.781005859375
2019-03-14,1342.5548095703125
2019-03-15,1352.2476806640625
2019-03-18,1353.8548583984375
2019-03-19,1345.9154052734375
2019-03-20,1348.88671875
2019-03-22,1332.76416015625
2019-03-25,1285.1759033203125
2019-03-26,1312.7935791015625
2019-03-27,1319.4666748046875
2019-03-28,1339.3885498046875
2019-04-01,1376.4071044921875
2019-04-02,1370.6107177734375
2019-04-03,1364.814208984375
2019-04-04,1385.174560546875
2019-04-05,1385.22314453125
2019-04-08,1376.650634765625
2019-04-09,1388.1458740234375
2019-04-10,1369.685302734375
2019-04-11,1382.1060791015625
2019-04-12,1386.10009765625
2019-04-15,1372.9486083984375
2019-04-16,1405.2425537109375
2019-04-18,1383.372314453125
2019-04-22,1382.5443115234375
2019-04-23,1382.8853759765625
2019-04-24,1391.9453125
2019-04-25,1412.9871826171875
2019-04-26,1398.569580078125
2019-04-30,1382.30078125
2019-05-02,1374.94580078125
2019-05-03,1350.201904296875
2019-05-06,1338.70654296875
2019-05-07,1344.69775390625
2019-05-08,1326.3348388671875
2019-05-09,1336.5634765625
2019-05-10,1316.544189453125
2019-05-13,1318.83349609375
2019-05-14,1333.0078125
2019-05-15,1316.9825439453125
2019-05-16,1314.64453125
2019-05-17,1326.2860107421875
2019-05-20,1338.75537109375
2019-05-21,1389.3634033203125
2019-05-22,1388.2918701171875
2019-05-23,1351.1273193359375
2019-05-24,1385.61279296875
2019-05-27,1334.71240234375
2019-05-28,1340.8984375
2019-05-29,1325.945068359375
2019-05-30,1319.66162109375
2019-05-31,1309.8712158203125
2019-06-03,1299.0577392578125
2019-06-04,1305.0489501953125
2019-06-06,1281.7662353515625
2019-06-07,1275.8238525390625
2019-06-10,1304.95166015625
2019-06-11,1312.6962890625
2019-06-12,1322.4869384765625
2019-06-13,1316.300537109375
2019-06-14,1313.28076171875
2019-06-17,1310.017333984375
2019-06-18,1308.4583740234375
2019-06-19,1314.011474609375
2019-06-20,1312.6962890625
2019-06-21,1315.7647705078125
2019-06-24,1324.8245849609375
2019-06-25,1305.000244140625
2019-06-26,1300.0321044921875
2019-06-27,1287.513916015625
2019-06-28,1304.415771484375
2019-07-01,1320.1971435546875
2019-07-02,1317.518310546875
2019-07-03,1350.7862548828125
2019-07-04,1332.5206298828125
2019-07-05,1345.1361083984375
2019-07-08,1339.9730224609375
2019-07-09,1316.008544921875
2019-07-10,1317.7618408203125
2019-07-11,1330.0853271484375
2019-07-12,1350.201904296875
2019-07-15,1327.4063720703125
2019-07-16,1334.858642578125
2019-07-17,1356.9237060546875
2019-07-18,1362.4278564453125
2019-07-19,1337.14794921875
2019-07-22,1343.4315185546875
2019-07-23,1356.4365234375
2019-07-24,1340.1192626953125
2019-07-25,1366.1783447265625
2019-07-26,1368.22412109375
2019-07-29,1384.7362060546875
2019-07-30,1364.0836181640625
2019-07-31,1378.8912353515625
2019-08-01,1366.3731689453125
2019-08-02,1375.23779296875
2019-08-05,1372.7052001953125
2019-08-06,1363.548095703125
2019-08-07,1356.6800537109375
2019-08-08,1330.426025390625
2019-08-09,1343.4315185546875
2019-08-13,1328.206298828125
2019-08-14,1341.723388671875
2019-08-16,1306.3944091796875
2019-08-19,1295.0733642578125
2019-08-20,1287.363525390625
2019-08-21,1255.0599365234375
2019-08-22,1260.3787841796875
2019-08-23,1273.8465576171875
2019-08-26,1317.959228515625
2019-08-27,1315.0313720703125
2019-08-28,1297.415771484375
2019-08-29,1331.085693359375
2019-08-30,1339.0396728515625
2019-09-03,1282.43505859375
2019-09-04,1297.8060302734375
2019-09-05,1289.5106201171875
2019-09-06,1267.7958984375
2019-09-09,1257.89013671875
2019-09-11,1274.57861328125
2019-09-12,1239.39599609375
2019-09-13,1245.934814453125
2019-09-16,1243.1044921875
2019-09-17,1225.147216796875
2019-09-18,1220.5604248046875
2019-09-19,1198.455322265625
2019-09-20,1245.49560546875
2019-09-23,1348.506103515625
2019-09-24,1339.8203125
2019-09-25,1323.1806640625
2019-09-26,1322.10693359375
2019-09-27,1318.6912841796875
2019-09-30,1314.73876953125
2019-10-01,1292.9263916015625
2019-10-03,1294.6343994140625
2019-10-04,1239.1519775390625
2019-10-07,1223.585693359375
2019-10-09,1250.7171630859375
2019-10-10,1250.570556640625
2019-10-11,1232.954833984375
2019-10-14,1245.64208984375
2019-10-15,1255.1573486328125
2019-10-16,1267.1614990234375
2019-10-17,1290.779296875
2019-10-18,1298.001220703125
2019-10-22,1287.1683349609375
2019-10-23,1300.92919921875
2019-10-24,1318.1544189453125
2019-10-25,1305.5648193359375
2019-10-27,1292.3895263671875
2019-10-29,1259.7933349609375
2019-10-30,1235.10205078125
2019-10-31,1245.4468994140625
2019-11-01,1219.0965576171875
2019-11-04,1204.01806640625
2019-11-05,1188.549560546875
2019-11-06,1227.1966552734375
2019-11-07,1206.848388671875
2019-11-08,1225.196044921875
2019-11-11,1216.4127197265625
2019-11-13,1212.3624267578125
2019-11-14,1220.1700439453125
2019-11-15,1217.9251708984375
2019-11-18,1216.705322265625
2019-11-19,1201.0416259765625
2019-11-20,1192.6485595703125
2019-11-21,1197.772216796875
2019-11-22,1192.35546875
2019-11-25,1192.8438720703125
2019-11-26,1196.3570556640625
2019-11-27,1225.0496826171875
2019-11-28,1247.05712890625
2019-11-29,1227.3431396484375
2019-12-02,1227.3431396484375
2019-12-03,1215.290283203125
2019-12-04,1206.848388671875
2019-12-05,1200.7486572265625
2019-12-06,1190.15966796875
2019-12-09,1194.1611328125
2019-12-10,1172.15380859375
2019-12-11,1173.0318603515625
2019-12-12,1181.473876953125
2019-12-13,1191.91650390625
2019-12-16,1182.8890380859375
2019-12-17,1180.64453125
2019-12-18,1188.061279296875
2019-12-19,1192.892578125
2019-12-20,1199.4801025390625
2019-12-23,1210.41064453125
2019-12-24,1268.1375732421875
2019-12-26,1243.2509765625
2019-12-27,1245.30029296875
2019-12-30,1247.935546875
2019-12-31,1239.4937744140625
2020-01-01,1243.1044921875
2020-01-02,1250.570556640625
2020-01-03,1250.03369140625
2020-01-06,1246.3739013671875
2020-01-07,1237.0050048828125
2020-01-08,1218.266845703125
2020-01-09,1233.1988525390625
2020-01-10,1238.859375
2020-01-13,1262.28173828125
2020-01-14,1272.3341064453125
2020-01-15,1278.970458984375
2020-01-16,1264.428955078125
2020-01-17,1268.8695068359375
2020-01-20,1272.0899658203125
2020-01-21,1241.2503662109375
2020-01-22,1237.59033203125
2020-01-23,1230.6611328125
2020-01-24,1244.4219970703125
2020-01-27,1230.9052734375
2020-01-28,1245.885986328125
2020-01-29,1243.3974609375
2020-01-30,1225.83056640625
2020-01-31,1233.589111328125
2020-02-03,1233.6868896484375
2020-02-04,1256.9140625
2020-02-05,1281.4591064453125
2020-02-06,1310.6884765625
2020-02-07,1289.0714111328125
2020-02-10,1264.428955078125
2020-02-11,1258.8662109375
2020-02-12,1252.4735107421875
2020-02-13,1257.9388427734375
2020-02-14,1255.4501953125
2020-02-17,1242.9581298828125
2020-02-18,1238.907958984375
2020-02-19,1255.4501953125
2020-02-20,1236.5172119140625
2020-02-24,1210.8985595703125
2020-02-25,1209.9224853515625
2020-02-26,1205.72607421875
2020-02-27,1219.681884765625
2020-02-28,1215.6807861328125
2020-03-02,1187.7686767578125
2020-03-03,1203.871826171875
2020-03-04,1197.9183349609375
2020-03-05,1217.9739990234375
2020-03-06,1197.2353515625
2020-03-09,1159.66162109375
2020-03-11,1144.7298583984375
2020-03-12,1055.9190673828125
2020-03-13,1023.4691162109376
2020-03-16,951.8350219726562
2020-03-17,932.0722045898438
2020-03-18,869.5144653320312
2020-03-19,857.8519287109375
2020-03-20,870.9783325195312
2020-03-23,783.1925048828125
2020-03-24,812.4708251953125
2020-03-25,861.170166015625
2020-03-26,873.12548828125
2020-03-27,883.372802734375
2020-03-30,884.2999877929688
2020-03-31,896.7431640625
2020-04-01,868.2944946289062
2020-04-03,865.6106567382812
2020-04-07,904.892333984375
2020-04-08,895.1817016601562
2020-04-09,921.8248901367188
2020-04-13,926.997314453125
2020-04-15,891.961181640625
2020-04-16,898.646240234375
2020-04-17,909.2352905273438
2020-04-20,902.1109008789062
2020-04-21,905.5266723632812
2020-04-22,902.0133056640624
2020-04-23,897.8655395507812
2020-04-24,859.5598754882812
2020-04-27,886.447021484375
2020-04-28,908.6008911132812
2020-04-29,921.1416625976562
2020-04-30,916.0180053710938
2020-05-04,946.4185791015624
2020-05-05,886.495849609375
2020-05-06,875.0772705078125
2020-05-07,853.1674194335938
2020-05-08,868.6849365234375
2020-05-11,864.293212890625
2020-05-12,873.0278930664062
2020-05-13,893.2298583984375
2020-05-14,916.5059204101562
2020-05-15,892.4490356445312
2020-05-18,859.706298828125
2020-05-19,853.2650756835938
2020-05-20,853.8506469726562
2020-05-21,904.7459106445312
2020-05-22,891.3267211914062
2020-05-26,903.5259399414062
2020-05-27,908.9913330078124
2020-05-28,920.4097290039062
2020-05-29,933.975341796875
2020-06-01,941.9780883789062
2020-06-02,942.6611938476562
2020-06-03,913.1390991210938
2020-06-04,924.850341796875
2020-06-05,992.5806274414062
2020-06-08,994.0932006835938
2020-06-09,985.8953857421876
2020-06-10,985.358642578125
2020-06-11,975.111328125
2020-06-12,989.2135009765624
2020-06-15,982.5283813476562
2020-06-16,980.2837524414062
2020-06-17,978.3318481445312
2020-06-18,987.603271484375
2020-06-19,995.50830078125
2020-06-22,1010.5379028320312
2020-06-23,1017.80859375
2020-06-24,1025.5186767578125
2020-06-25,1023.8594970703124
2020-06-26,993.4589233398438
2020-06-29,981.6012573242188
2020-06-30,1012.782470703125
2020-07-01,998.9730224609376
2020-07-02,1030.3006591796875
2020-07-03,1012.2945556640624
2020-07-06,1034.8388671875
2020-07-07,1024.542724609375
2020-07-08,1037.0345458984375
2020-07-09,1044.4031982421875
2020-07-10,1006.5853271484376
2020-07-13,983.6995849609376
2020-07-14,980.38134765625
2020-07-15,975.452880859375
2020-07-16,953.591796875
2020-07-17,960.6185302734376
2020-07-20,961.3992919921876
2020-07-21,960.8136596679688
2020-07-22,965.9862060546876
2020-07-23,978.2342529296876
2020-07-24,974.3304443359376
2020-07-27,958.5690307617188
2020-07-28,946.7113647460938
2020-07-29,937.7815551757812
2020-07-30,941.8316650390624
2020-07-31,928.7540893554688
2020-08-03,923.4351806640624
2020-08-04,917.6283569335938
2020-08-05,933.4385986328124
2020-08-06,934.8536987304688
2020-08-07,942.2708129882812
2020-08-10,944.95458984375
2020-08-11,945.8330078125
2020-08-12,940.9533081054688
2020-08-13,962.2776489257812
2020-08-14,940.41650390625
2020-08-17,949.0048828125
2020-08-18,982.5170288085938
2020-08-19,993.2310791015624
2020-08-20,1003.1134033203124
2020-08-21,1017.6436157226562
2020-08-24,1031.488525390625
2020-08-25,1037.06591796875
2020-08-26,1032.6629638671875
2020-08-27,1022.6336669921876
2020-08-28,1018.6220092773438
2020-08-31,988.8770141601562
2020-09-01,981.3428344726562
2020-09-02,1061.1361083984375
2020-09-03,1130.3616943359375
2020-09-04,1095.920166015625
2020-09-07,1087.7010498046875
2020-09-08,1061.52734375
2020-09-09,1056.1947021484375
2020-09-10,1043.3282470703125
2020-09-11,1036.8214111328125
2020-09-14,1029.7274169921875
2020-09-15,1026.1561279296875
2020-09-16,1009.1309814453124
2020-09-17,1015.980224609375
2020-09-18,996.802490234375
2020-09-21,961.4312133789062
2020-09-22,943.4276733398438
2020-09-23,942.6448974609376
2020-09-24,900.6691284179688
2020-09-25,931.6372680664062
2020-09-28,948.7113647460938
2020-09-29,933.6919555664062
2020-09-30,935.6978149414062
2020-10-01,941.4217529296876
2020-10-05,937.8504638671876
2020-10-06,954.3864135742188
2020-10-07,937.3123168945312
2020-10-08,940.0519409179688
2020-10-09,969.2099609375
2020-10-12,949.9833374023438
2020-10-13,949.8364868164062
2020-10-14,950.1788940429688
2020-10-15,946.901123046875
2020-10-16,952.7719116210938
2020-10-19,944.8953857421876
2020-10-20,944.3082275390624
2020-10-21,940.7368774414062
2020-10-22,935.8935546875
2020-10-23,939.3670654296876
2020-10-26,922.8800659179688
2020-10-27,899.0546875
2020-10-28,887.851318359375
2020-10-29,888.8297729492188
2020-10-30,906.2463989257812
2020-11-02,906.2463989257812
2020-11-03,912.6062622070312
2020-11-04,906.3441772460938
2020-11-05,932.8114013671876
2020-11-06,930.12060546875
2020-11-09,954.4841918945312
2020-11-10,1031.2440185546875
2020-11-11,1016.9098510742188
2020-11-12,1001.4501342773438
2020-11-13,1001.352294921875
2020-11-14,1004.0919189453124
2020-11-17,1016.3716430664062
2020-11-18,1007.3697509765624
2020-11-19,1029.48291015625
2020-11-20,1070.676025390625
2020-11-23,1062.897216796875
2020-11-24,1048.9052734375
2020-11-25,1023.6123046875
2020-11-26,1023.220703125
2020-11-27,1016.5671997070312
2020-12-01,1064.951904296875
2020-12-02,1045.774169921875
2020-12-03,1046.9483642578125
2020-12-04,1068.1319580078125
2020-12-07,1071.1650390625
2020-12-08,1088.679443359375
2020-12-09,1115.3912353515625
2020-12-10,1113.28759765625
2020-12-11,1132.46533203125
2020-12-14,1133.150390625
2020-12-15,1133.5908203125
2020-12-16,1132.220703125
2020-12-17,1119.5498046875
2020-12-18,1113.0430908203125
2020-12-21,1066.419677734375
2020-12-22,1071.703369140625
2020-12-23,1106.9765625
2020-12-24,1102.13330078125
2020-12-28,1138.7275390625
2020-12-29,1122.4849853515625
2020-12-30,1134.91162109375
2020-12-31,1160.7916259765625
2021-01-01,1157.6607666015625
2021-01-04,1159.12841796875
2021-01-05,1157.5628662109375
2021-01-06,1194.744140625
2021-01-07,1220.624267578125
2021-01-08,1223.021484375
2021-01-11,1213.09033203125
2021-01-12,1228.79443359375
2021-01-13,1263.62744140625
2021-01-14,1253.20703125
2021-01-15,1267.2476806640625
2021-01-18,1251.98388671875
2021-01-19,1254.8212890625
2021-01-20,1232.4637451171875
2021-01-21,1220.4774169921875
2021-01-22,1219.4012451171875
2021-01-25,1221.7005615234375
2021-01-27,1273.265380859375
2021-01-28,1256.093505859375
2021-01-29,1271.69970703125
2021-02-01,1255.6531982421875
2021-02-02,1261.2791748046875
2021-02-03,1264.9486083984375
2021-02-04,1261.5726318359375
2021-02-05,1251.103271484375
2021-02-08,1242.3460693359375
2021-02-09,1249.3909912109375
2021-02-10,1228.8922119140625
2021-02-11,1237.8941650390625
2021-02-12,1226.2994384765625
2021-02-15,1248.16796875
2021-02-16,1249.1951904296875
2021-02-17,1242.3951416015625
2021-02-18,1225.5655517578125
2021-02-19,1191.1728515625
2021-02-22,1178.159423828125
2021-02-23,1155.41015625
2021-02-24,1150.56689453125
2021-02-25,1172.8267822265625
2021-02-26,1136.330322265625
2021-03-01,1163.1400146484375
2021-03-02,1182.2689208984375
2021-03-03,1197.0924072265625
2021-03-04,1207.8065185546875
2021-03-05,1177.9637451171875
2021-03-08,1186.818603515625
2021-03-09,1201.9359130859375
2021-03-10,1204.03955078125
2021-03-12,1187.8460693359375
2021-03-15,1180.2139892578125
2021-03-16,1191.857666015625
2021-03-17,1161.7701416015625
2021-03-18,1163.1400146484375
2021-03-19,1191.613037109375
2021-03-22,1224.7828369140625
2021-03-23,1246.308837890625
2021-03-24,1217.64013671875
2021-03-25,1190.781494140625
2021-03-26,1209.665771484375
2021-03-30,1200.9573974609375
2021-03-31,1214.7047119140625
2021-04-01,1215.3896484375
2021-04-05,1125.2738037109375
2021-04-06,1086.03759765625
2021-04-07,1107.5635986328125
2021-04-08,1105.606689453125
2021-04-09,1083.542724609375
2021-04-12,1060.7935791015625
2021-04-13,1077.280517578125
2021-04-15,1078.014404296875
2021-04-16,1076.302001953125
2021-04-19,1089.0709228515625
2021-04-20,1105.9981689453125
2021-04-22,1098.07275390625
2021-04-23,1116.27197265625
2021-04-26,1118.6202392578125
2021-04-27,1139.16796875
2021-04-28,1180.6544189453125
2021-04-29,1170.918701171875
2021-04-30,1185.7913818359375
2021-05-03,1184.030029296875
2021-05-04,1175.8109130859375
2021-05-05,1179.431396484375
2021-05-06,1178.89306640625
2021-05-07,1189.313720703125
2021-05-10,1181.5838623046875
2021-05-11,1180.507568359375
2021-05-12,1180.9969482421875
2021-05-14,1183.6876220703125
2021-05-17,1203.4525146484375
2021-05-18,1222.777099609375
2021-05-19,1255.55517578125
2021-05-20,1258.0992431640625
2021-05-21,1251.885986328125
2021-05-24,1243.1287841796875
2021-05-25,1269.791748046875
2021-05-26,1271.16162109375
2021-05-27,1270.67236328125
2021-05-28,1248.314697265625
2021-05-31,1226.3482666015625
2021-06-01,1223.7064208984375
2021-06-02,1216.5147705078125
2021-06-03,1239.9488525390625
2021-06-04,1308.2939453125
2021-06-07,1317.0513916015625
2021-06-08,1349.5361328125
2021-06-09,1346.649658203125
2021-06-10,1361.081787109375
2021-06-11,1343.714111328125
2021-06-14,1339.4578857421875
2021-06-15,1342.2952880859375
2021-06-16,1340.680908203125
2021-06-17,1371.746826171875
2021-06-18,1337.3052978515625
2021-06-21,1388.9677734375
2021-06-22,1425.1217041015625
2021-06-23,1373.6060791015625
2021-06-24,1350.3675537109375
2021-06-25,1351.93310546875
2021-06-28,1398.947998046875
2021-06-29,1418.0279541015625
2021-06-30,1415.1416015625
2021-07-01,1406.968505859375
2021-07-02,1415.9244384765625
2021-07-05,1417.735107421875
2021-07-06,1399.57861328125
2021-07-07,1402.074462890625
2021-07-08,1390.084228515625
2021-07-09,1400.9979248046875
2021-07-12,1406.5770263671875
2021-07-13,1398.404052734375
2021-07-14,1390.7694091796875
2021-07-15,1366.59326171875
2021-07-16,1417.1968994140625
2021-07-19,1389.203369140625
2021-07-20,1381.666748046875
2021-07-22,1399.480712890625
2021-07-23,1413.820068359375
2021-07-26,1405.6961669921875
2021-07-27,1391.2099609375
2021-07-28,1412.9393310546875
2021-07-29,1388.2735595703125
2021-07-30,1398.30615234375
2021-08-02,1410.149658203125
2021-08-03,1425.076171875
2021-08-04,1414.75
2021-08-05,1403.8853759765625
2021-08-06,1399.4317626953125
2021-08-09,1384.3583984375
2021-08-10,1364.0975341796875
2021-08-11,1359.839599609375
2021-08-12,1360.18212890625
2021-08-13,1366.9359130859375
2021-08-16,1357.050048828125
2021-08-17,1377.2132568359375
2021-08-18,1463.6898193359375
2021-08-20,1421.40576171875
2021-08-23,1428.6978759765625
2021-08-24,1423.2655029296875
2021-08-25,1401.829833984375
2021-08-26,1405.304443359375
2021-08-27,1417.8819580078125
2021-08-30,1437.9964599609375
2021-08-31,1443.72216796875
2021-09-01,1510.573974609375
2021-09-02,1530.100830078125
2021-09-03,1538.3717041015625
2021-09-06,1547.572265625
2021-09-07,1541.9443359375
2021-09-08,1558.82861328125
2021-09-09,1566.022705078125
2021-09-13,1565.190673828125
2021-09-14,1552.9556884765625
2021-09-15,1558.4371337890625
2021-09-16,1567.9803466796875
2021-09-17,1560.8350830078125
2021-09-20,1522.2215576171875
2021-09-21,1567.3441162109375
2021-09-22,1604.1956787109375
2021-09-23,1619.2691650390625
2021-09-24,1571.7974853515625
2021-09-27,1522.564208984375
2021-09-28,1531.5201416015625
2021-09-29,1524.032470703125
2021-09-30,1538.1759033203125
2021-10-01,1543.999755859375
2021-10-04,1568.22509765625
2021-10-05,1579.1385498046875
2021-10-06,1555.45166015625
2021-10-07,1608.8448486328125
2021-10-08,1615.060302734375
2021-10-11,1664.244873046875
2021-10-12,1681.71630859375
2021-10-13,1686.8548583984375
2021-10-14,1673.102783203125
2021-10-18,1641.1451416015625
2021-10-19,1636.6917724609375
2021-10-20,1624.5546875
2021-10-21,1619.8563232421875
2021-10-22,1595.8270263671875
2021-10-25,1592.0587158203125
2021-10-26,1628.6656494140625
2021-10-27,1657.3931884765625
2021-10-28,1596.365234375
2021-10-29,1623.380126953125
2021-11-01,1636.6427001953125
2021-11-02,1650.1500244140625
2021-11-03,1632.1893310546875
2021-11-04,1632.1893310546875
2021-11-08,1695.321533203125
2021-11-09,1740.8843994140625
2021-11-10,1704.4241943359375
2021-11-11,1677.801025390625
2021-11-12,1698.0133056640625
2021-11-15,1680.541748046875
2021-11-16,1641.6346435546875
2021-11-17,1620.6395263671875
2021-11-18,1593.4779052734375
2021-11-22,1553.1517333984375
2021-11-23,1560.2967529296875
2021-11-24,1538.029052734375
2021-11-25,1533.3309326171875
2021-11-26,1469.9051513671875
2021-11-29,1472.009521484375
2021-11-30,1472.4498291015625
2021-12-01,1473.037109375
2021-12-02,1482.923095703125
2021-12-03,1480.4271240234375
2021-12-06,1467.849609375
2021-12-07,1498.2900390625
2021-12-08,1519.383056640625
2021-12-09,1535.4351806640625
2021-12-10,1562.0096435546875
2021-12-13,1582.466552734375
2021-12-14,1558.1923828125
2021-12-15,1566.9525146484375
2021-12-16,1570.867919921875
2021-12-17,1526.430419921875
2021-12-20,1506.16943359375
2021-12-21,1522.7110595703125
2021-12-22,1551.242919921875
2021-12-23,1556.381591796875
2021-12-24,1535.4842529296875
2021-12-27,1501.5689697265625
2021-12-28,1514.39111328125
2021-12-29,1535.778076171875
2021-12-30,1514.8807373046875
2021-12-31,1552.41748046875
2022-01-03,1529.171142578125
2022-01-04,1538.812255859375
2022-01-05,1544.0977783203125
2022-01-06,1549.970703125
2022-01-07,1552.2216796875
2022-01-10,1565.533203125
2022-01-11,1571.0634765625
2022-01-12,1611.78125
2022-01-13,1618.82861328125
2022-01-14,1620.93310546875
2022-01-17,1628.4207763671875
2022-01-18,1590.5904541015625
2022-01-19,1578.208740234375
2022-01-20,1568.3228759765625
2022-01-21,1533.13525390625
2022-01-24,1491.487548828125
2022-01-25,1524.9132080078125
2022-01-27,1475.239501953125
2022-01-28,1516.9849853515625
2022-01-31,1584.8643798828125
2022-02-01,1615.4029541015625
2022-02-02,1635.419189453125
2022-02-03,1621.7650146484375
2022-02-04,1624.35888671875
2022-02-07,1573.314697265625
2022-02-08,1563.57568359375
2022-02-09,1564.8970947265625
2022-02-10,1590.639404296875
2022-02-11,1559.562744140625
2022-02-14,1494.8154296875
2022-02-15,1536.5609130859375
2022-02-16,1526.13671875
2022-02-17,1518.1107177734375
2022-02-18,1512.4825439453125
2022-02-21,1493.0045166015625
2022-02-22,1483.852783203125
2022-02-23,1499.31787109375
2022-02-24,1433.493896484375
2022-02-25,1469.75830078125
2022-02-28,1469.1219482421875
2022-03-02,1466.479248046875
2022-03-03,1365.614501953125
2022-03-04,1310.8509521484375
2022-03-07,1273.7056884765625
2022-03-08,1319.02392578125
2022-03-09,1369.9700927734375
2022-03-10,1376.136474609375
2022-03-11,1398.79541015625
2022-03-14,1414.11376953125
2022-03-15,1401.144775390625
2022-03-16,1434.178955078125
2022-03-17,1451.4547119140625
2022-03-21,1415.04345703125
2022-03-22,1404.8641357421875
2022-03-23,1406.6258544921875
2022-03-24,1423.1676025390625
2022-03-25,1418.371337890625
2022-03-28,1386.70751953125
2022-03-29,1377.6046142578125
2022-03-30,1424.6357421875
2022-03-31,1457.9637451171875
2022-04-01,1468.92626953125
2022-04-04,1491.19384765625
2022-04-05,1526.2835693359375
2022-04-06,1521.78125
2022-04-07,1538.861083984375
2022-04-08,1557.0667724609375
2022-04-11,1541.3570556640625
2022-04-12,1509.4971923828125
2022-04-13,1494.13037109375
2022-04-18,1476.56103515625
2022-04-19,1430.4107666015625
2022-04-20,1450.3780517578125
2022-04-21,1452.139892578125
2022-04-22,1512.8251953125
2022-04-25,1498.92626953125
2022-04-26,1500.0029296875
2022-04-27,1474.4564208984375
2022-04-28,1536.8055419921875
2022-04-29,1552.2706298828125
2022-05-02,1520.459716796875
2022-05-04,1467.7027587890625
2022-05-05,1452.3358154296875
2022-05-06,1450.231201171875
2022-05-09,1435.647216796875
2022-05-10,1427.082763671875
2022-05-11,1433.004638671875
2022-05-12,1425.4188232421875
2022-05-13,1397.3763427734375
2022-05-16,1405.0108642578125
2022-05-17,1464.66845703125
2022-05-18,1467.3602294921875
2022-05-19,1427.669921875
2022-05-20,1445.4351806640625
2022-05-23,1432.6617431640625
2022-05-24,1430.6553955078125
2022-05-25,1399.7742919921875
2022-05-26,1444.015869140625
2022-05-27,1446.0224609375
2022-05-30,1506.5609130859375
2022-05-31,1509.6929931640625
2022-06-01,1501.373291015625
2022-06-02,1507.00146484375
2022-06-03,1486.8870849609375
2022-06-06,1487.9637451171875
2022-06-07,1461.3895263671875
2022-06-08,1450.76953125
2022-06-09,1467.311279296875
2022-06-10,1467.751708984375
2022-06-13,1461.3895263671875
2022-06-14,1428.4041748046875
2022-06-15,1429.08935546875
2022-06-16,1415.6798095703125
2022-06-17,1414.11376953125
2022-06-20,1417.7841796875
2022-06-21,1453.4122314453125
2022-06-22,1445.2393798828125
2022-06-23,1458.8447265625
2022-06-24,1462.661865234375
2022-06-27,1463.1512451171875
2022-06-28,1430.4595947265625
2022-06-29,1403.983154296875
2022-06-30,1421.9931640625
2022-07-01,1463.7874755859375
2022-07-04,1512.7763671875
2022-07-05,1535.239501953125
2022-07-06,1582.7110595703125
2022-07-07,1590.1500244140625
2022-07-08,1584.424072265625
2022-07-11,1581.7813720703125
2022-07-12,1585.8922119140625
2022-07-13,1580.166259765625
2022-07-14,1614.08154296875
2022-07-15,1618.045654296875
2022-07-18,1610.606689453125
2022-07-19,1613.0538330078125
2022-07-20,1620.6395263671875
2022-07-21,1634.0
2022-07-22,1650.1011962890625
2022-07-25,1640.5089111328125
2022-07-26,1633.021240234375
2022-07-27,1603.6082763671875
2022-07-28,1584.0814208984375
2022-07-29,1588.0455322265625
2022-08-01,1583.2005615234375
2022-08-02,1583.9886474609375
2022-08-03,1554.531494140625
2022-08-04,1588.224853515625
2022-08-05,1593.2987060546875
2022-08-08,1582.855712890625
2022-08-10,1615.366943359375
2022-08-11,1610.835205078125
2022-08-12,1619.9481201171875
2022-08-16,1636.3515625
2022-08-17,1623.494873046875
2022-08-18,1677.089111328125
2022-08-19,1643.9866943359375
2022-08-22,1619.01220703125
2022-08-23,1598.66796875
2022-08-24,1594.3331298828125
2022-08-25,1588.81591796875
2022-08-26,1591.5745849609375
2022-08-29,1584.1856689453125
2022-08-30,1617.33740234375
2022-09-01,1638.3218994140625
2022-09-02,1679.89697265625
2022-09-05,1671.4735107421875
2022-09-06,1665.710205078125
2022-09-07,1657.385498046875
2022-09-08,1664.5279541015625
2022-09-09,1651.0308837890625
2022-09-12,1651.0308837890625
2022-09-13,1670.5869140625
2022-09-14,1656.0552978515625
2022-09-15,1665.2176513671875
2022-09-16,1611.376953125
2022-09-19,1618.9630126953125
2022-09-20,1637.878662109375
2022-09-21,1639.6519775390625
2022-09-22,1615.169921875
2022-09-23,1620.3421630859375
2022-09-26,1621.8692626953125
2022-09-27,1627.92822265625
2022-09-28,1662.2127685546875
2022-09-29,1674.527587890625
2022-09-30,1681.62109375
2022-10-03,1645.8094482421875
2022-10-04,1670.6854248046875
2022-10-06,1712.211181640625
2022-10-07,1701.2264404296875
2022-10-10,1684.3795166015625
2022-10-11,1626.49951171875
2022-10-12,1644.676513671875
2022-10-13,1630.39111328125
2022-10-14,1637.1396484375
2022-10-17,1644.1346435546875
2022-10-18,1659.50341796875
2022-10-19,1644.5780029296875
2022-10-20,1635.021484375
2022-10-21,1617.928466796875
2022-10-24,1617.928466796875
2022-10-25,1591.8702392578125
2022-10-27,1621.0809326171875
2022-10-28,1628.9625244140625
2022-10-31,1628.3714599609375
2022-11-01,1665.1683349609375
2022-11-02,1646.646728515625
2022-11-03,1633.1988525390625
2022-11-04,1633.69140625
2022-11-07,1627.0906982421875
2022-11-09,1652.065185546875
2022-11-10,1627.92822265625
2022-11-11,1654.3311767578125
2022-11-14,1665.06982421875
2022-11-15,1650.4891357421875
2022-11-16,1655.5135498046875
2022-11-17,1660.2916259765625
2022-11-18,1637.7801513671875
2022-11-21,1629.1103515625
2022-11-22,1638.7652587890625
2022-11-23,1641.1297607421875
2022-11-24,1639.7503662109375
2022-11-25,1631.5733642578125
2022-11-28,1653.345947265625
2022-11-29,1655.26708984375
2022-11-30,1661.1290283203125
2022-12-01,1673.690185546875
2022-12-02,1710.093017578125
2022-12-05,1722.50634765625
2022-12-06,1706.5955810546875
2022-12-07,1720.0926513671875
2022-12-08,1739.6488037109375
2022-12-09,1749.9932861328125
2022-12-12,1755.3131103515625
2022-12-13,1757.086669921875
2022-12-14,1757.135986328125
2022-12-15,1747.03759765625
2022-12-16,1719.403076171875
2022-12-19,1728.5159912109375
2022-12-20,1705.0684814453125
2022-12-21,1685.167724609375
2022-12-22,1693.541748046875
2022-12-23,1674.2320556640625
2022-12-26,1678.1728515625
2022-12-27,1678.0743408203125
2022-12-28,1677.3846435546875
2022-12-29,1668.96142578125
2022-12-30,1674.626220703125
2023-01-02,1661.7200927734375
2023-01-03,1645.070556640625
2023-01-04,1654.6761474609375
2023-01-05,1655.8582763671875
2023-01-06,1633.001953125
2023-01-09,1637.1396484375
2023-01-10,1644.8734130859375
2023-01-11,1649.4052734375
2023-01-12,1619.80029296875
2023-01-13,1596.0079345703125
2023-01-16,1594.283935546875
2023-01-17,1584.3826904296875
2023-01-18,1589.7520751953125
2023-01-19,1571.3782958984375
2023-01-20,1545.4676513671875
2023-01-23,1557.5362548828125
2023-01-24,1552.807373046875
2023-01-25,1548.8668212890625
2023-01-27,1519.852783203125
2023-01-30,1551.4281005859375
2023-01-31,1568.570556640625
2023-02-01,1552.462646484375
2023-02-02,1565.910400390625
2023-02-03,1560.34423828125
2023-02-06,1563.398193359375
2023-02-07,1564.580322265625
2023-02-08,1558.57080078125
2023-02-09,1526.79833984375
2023-02-10,1458.8203125
2023-02-13,1438.1312255859375
2023-02-14,1438.525390625
2023-02-15,1447.195068359375
2023-02-16,1440.2001953125
2023-02-17,1454.0914306640625
2023-02-20,1437.490966796875
2023-02-21,1442.6630859375
2023-02-22,1424.43701171875
2023-02-23,1425.76708984375
2023-02-24,1410.15185546875
2023-02-27,1413.5015869140625
2023-02-28,1425.4715576171875
2023-03-01,1442.5152587890625
2023-03-02,1436.111572265625
2023-03-03,1443.1556396484375
2023-03-06,1440.889892578125
2023-03-08,1433.254638671875
2023-03-09,1418.6737060546875
2023-03-10,1419.85595703125
2023-03-13,1412.9595947265625
2023-03-14,1423.895263671875
2023-03-15,1421.0382080078125
2023-03-16,1432.4171142578125
2023-03-17,1424.97900390625
2023-03-20,1426.949462890625
2023-03-21,1416.6048583984375
2023-03-22,1419.2156982421875
2023-03-23,1415.1763916015625
2023-03-24,1415.471923828125
2023-03-27,1392.9603271484375
2023-03-28,1385.866943359375
2023-03-29,1385.866943359375
2023-03-31,1403.35400390625
2023-04-03,1411.8267822265625
2023-04-05,1401.2359619140625
2023-04-06,1386.2117919921875
2023-04-10,1377.2957763671875
2023-04-11,1349.2672119140625
2023-04-12,1363.2569580078125
2023-04-13,1367.197509765625
2023-04-17,1390.8421630859375
2023-04-18,1379.512451171875
2023-04-19,1389.758544921875
2023-04-20,1417.097412109375
2023-04-21,1422.91015625
2023-04-24,1422.4666748046875
2023-04-25,1431.67822265625
2023-04-26,1426.1612548828125
2023-04-27,1433.156005859375
2023-04-28,1457.5887451171875
2023-05-02,1424.3385009765625
2023-05-03,1413.4522705078125
2023-05-04,1408.9697265625
2023-05-05,1377.9361572265625
2023-05-08,1375.2269287109375
2023-05-09,1365.375
2023-05-10,1364.340576171875
2023-05-11,1404.339111328125
2023-05-12,1391.1376953125
2023-05-15,1401.5313720703125
2023-05-16,1427.4912109375
2023-05-17,1408.8218994140625
2023-05-18,1403.35400390625
2023-05-19,1394.19189453125
2023-05-22,1380.0050048828125
2023-05-23,1389.758544921875
2023-05-24,1401.088134765625
2023-05-25,1420.6934814453125
2023-05-26,1438.1805419921875
2023-05-29,1436.2593994140625
2023-05-30,1428.5750732421875
2023-05-31,1433.156005859375
2023-06-01,1441.431640625
2023-06-02,1427.343505859375
2023-06-05,1427.244873046875
2023-06-06,1420.0531005859375
2023-06-07,1479.361572265625
2023-06-08,1458.6724853515625
2023-06-09,1455.42138671875
2023-06-12,1460.4459228515625
2023-06-13,1444.1409912109375
2023-06-14,1461.923583984375
2023-06-15,1467.1943359375
2023-06-16,1489.804443359375
2023-06-19,1468.278076171875
2023-06-20,1473.0562744140625
2023-06-21,1465.1256103515625
2023-06-22,1485.76513671875
2023-06-23,1468.0810546875
2023-06-26,1474.090576171875
2023-06-27,1476.5537109375
2023-06-28,1482.8590087890625
2023-06-30,1489.5582275390625
2023-07-03,1487.735595703125
2023-07-04,1492.809326171875
2023-07-05,1499.114501953125
2023-07-06,1520.7886962890625
2023-07-07,1482.1199951171875
2023-07-10,1461.283203125
2023-07-11,1462.46533203125
2023-07-12,1463.6968994140625
2023-07-13,1479.0167236328125
2023-07-14,1487.9818115234375
2023-07-17,1493.203369140625
2023-07-18,1480.543701171875
2023-07-19,1481.824462890625
2023-07-20,1481.578125
2023-07-21,1499.1636962890625
2023-07-24,1474.4354248046875
2023-07-25,1458.6724853515625
2023-07-26,1478.080810546875
2023-07-27,1528.3255615234375
2023-07-28,1547.142578125
2023-07-31,1517.4390869140625
2023-08-01,1567.7822265625
2023-08-02,1536.6995849609375
2023-08-03,1539.9168701171875
2023-08-04,1564.1212158203125
2023-08-07,1567.3880615234375
2023-08-08,1543.5301513671875
2023-08-09,1533.6307373046875
2023-08-10,1521.7017822265625
2023-08-11,1518.385498046875
2023-08-14,1523.6322021484375
2023-08-16,1531.601318359375
2023-08-17,1531.15576171875
2023-08-18,1504.03125
2023-08-21,1516.4056396484375
2023-08-22,1516.7520751953125
2023-08-23,1515.91064453125
2023-08-24,1516.9500732421875
2023-08-25,1499.675537109375
2023-08-28,1503.5362548828125
2023-08-29,1511.3072509765625
2023-08-30,1518.1875
2023-08-31,1501.3582763671875
2023-09-01,1530.9083251953125
2023-09-04,1543.5797119140625
2023-09-05,1559.468505859375
2023-09-06,1565.6556396484375
2023-09-07,1645.6435546875
2023-09-08,1663.165771484375
2023-09-11,1643.2181396484375
2023-09-12,1593.17626953125
2023-09-13,1585.0091552734375
2023-09-14,1607.728515625
2023-09-15,1594.8095703125
2023-09-18,1596.888427734375
2023-09-20,1583.8211669921875
2023-09-21,1555.607666015625
2023-09-22,1547.1929931640625
2023-09-25,1562.9332275390625
2023-09-26,1562.586669921875
2023-09-27,1562.141357421875
2023-09-28,1524.7210693359375
2023-09-29,1541.352294921875
2023-10-03,1542.292724609375
2023-10-04,1533.8287353515625
2023-10-05,1537.5904541015625
2023-10-06,1545.064697265625
2023-10-09,1548.2818603515625
2023-10-10,1566.051513671875
2023-10-11,1564.1212158203125
2023-10-12,1583.4747314453125
2023-10-13,1566.7445068359375
2023-10-16,1549.4698486328125
2023-10-17,1556.548095703125
2023-10-18,1551.7962646484375
2023-10-19,1550.4598388671875
2023-10-20,1594.463134765625
2023-10-23,1612.6783447265625
2023-10-25,1578.2774658203125
2023-10-26,1554.964111328125
2023-10-27,1595.3541259765625
2023-10-30,1592.978271484375
2023-10-31,1598.91796875
2023-11-01,1590.3548583984375
2023-11-02,1595.75
2023-11-03,1596.93798828125
2023-11-06,1573.2286376953125
2023-11-07,1581.3463134765625
2023-11-08,1577.8319091796875
2023-11-09,1570.1104736328125
2023-11-10,1559.4189453125
2023-11-13,1557.5379638671875
2023-11-15,1540.2633056640625
2023-11-16,1547.4405517578125
2023-11-17,1567.239501953125
2023-11-20,1557.5875244140625
2023-11-21,1566.150634765625
2023-11-22,1581.5443115234375
2023-11-23,1589.1669921875
2023-11-24,1568.179931640625
2023-11-28,1596.1461181640625
2023-11-29,1630.8931884765625
2023-11-30,1630.2498779296875
2023-12-01,1655.196533203125
2023-12-04,1684.89501953125
2023-12-05,1686.2314453125
2023-12-06,1696.4774169921875
2023-12-07,1707.6639404296875
2023-12-08,1707.3173828125
2023-12-11,1732.2147216796875
2023-12-12,1699.100830078125
2023-12-13,1692.814697265625
2023-12-14,1698.3583984375
2023-12-15,1700.833251953125
2023-12-18,1687.41943359375
2023-12-19,1679.895751953125
2023-12-20,1666.630615234375
2023-12-21,1685.885009765625
2023-12-22,1667.669921875
2023-12-26,1691.775146484375
2023-12-27,1690.2901611328125
2023-12-28,1733.650146484375
2023-12-29,1767.2093505859375
2024-01-01,1774.6834716796875
2024-01-02,1794.383544921875
2024-01-03,1806.609375
2024-01-04,1873.381591796875
2024-01-05,1869.273193359375
2024-01-08,1844.0791015625
2024-01-09,1796.6109619140625
2024-01-10,1794.72998046875
2024-01-11,1779.8807373046875
2024-01-12,1777.306884765625
2024-01-15,1807.203369140625
2024-01-16,1815.419921875
2024-01-17,1808.73779296875
2024-01-18,1825.072021484375
2024-01-19,1826.260009765625
2024-01-23,1822.9931640625
2024-01-24,1857.8392333984373
2024-01-25,1823.7354736328125
2024-01-29,1783.5931396484375
2024-01-30,1777.2574462890625
2024-01-31,1789.9287109375
2024-02-01,1785.028564453125
2024-02-02,1827.992431640625
2024-02-05,1758.84423828125
2024-02-06,1779.8807373046875
2024-02-07,1773.6441650390625
2024-02-08,1738.5008544921875
2024-02-09,1758.893798828125
2024-02-12,1709.544921875
2024-02-13,1720.2857666015625
2024-02-14,1714.0986328125
2024-02-15,1746.222412109375
2024-02-16,1716.4744873046875
2024-02-19,1748.2022705078125
2024-02-20,1712.5147705078125
2024-02-21,1702.8131103515625
2024-02-22,1715.3856201171875
2024-02-23,1697.66552734375
2024-02-26,1689.6962890625
2024-02-27,1671.53076171875
2024-02-28,1644.505126953125
2024-02-29,1680.143310546875
2024-03-01,1681.826171875
2024-03-04,1695.9329833984375
2024-03-05,1686.0830078125
2024-03-06,1696.823974609375
2024-03-07,1682.2716064453125
2024-03-11,1682.1727294921875
2024-03-12,1700.9818115234375
2024-03-13,1670.88720703125
2024-03-14,1705.238525390625
2024-03-15,1721.0283203125
2024-03-18,1713.801513671875
2024-03-19,1670.293212890625
2024-03-20,1695.9329833984375
2024-03-21,1703.4071044921875
2024-03-22,1713.158203125
2024-03-26,1695.685546875
2024-03-27,1680.4898681640625
2024-03-28,1718.5037841796875
2024-04-01,1761.665771484375
2024-04-02,1786.6124267578125
2024-04-03,1783.6427001953125
2024-04-04,1763.1011962890625
2024-04-05,1788.6912841796875
2024-04-08,1818.290771484375
2024-04-09,1806.3619384765625
2024-04-10,1822.349609375
2024-04-12,1831.8037109375
2024-04-15,1829.774169921875
2024-04-16,1834.9219970703125
2024-04-18,1822.2506103515625
2024-04-19,1815.5684814453125
2024-04-22,1835.2188720703125
2024-04-23,1841.505126953125
2024-04-24,2010.5391845703125
2024-04-25,2002.025634765625
2024-04-26,2024.992431640625
2024-04-29,2017.7657470703125
2024-04-30,2017.4193115234373
2024-05-02,2033.060546875
2024-05-03,2018.6072998046875
2024-05-06,1964.75390625
2024-05-07,1985.0975341796875
2024-05-08,1995.491943359375
2024-05-09,1891.4976806640625
2024-05-10,1900.0113525390625
2024-05-13,1926.789306640625
2024-05-14,1895.952392578125
2024-05-15,1868.2337646484373
2024-05-16,1880.7071533203125
2024-05-17,1908.6732177734373
2024-05-21,1874.5201416015625
2024-05-22,1860.5616455078125
2024-05-23,1860.908203125
2024-05-24,1855.7603759765625
2024-05-27,1848.5833740234373
2024-05-28,1848.533935546875
2024-05-29,1858.8787841796875
2024-05-30,1822.349609375
2024-05-31,1841.703125
2024-06-03,1857.4434814453125
2024-06-04,1906.3963623046875
2024-06-05,1996.3829345703125
2024-06-06,2015.1424560546875
2024-06-07,2050.285888671875
2024-06-10,2124.72998046875
2024-06-11,2118.443603515625
2024-06-12,2108.098876953125
2024-06-13,2097.011474609375
2024-06-14,2087.90380859375
2024-06-18,2071.916015625
2024-06-19,2074.8857421875
2024-06-20,2069.3916015625
2024-06-21,2046.1278076171875
2024-06-24,2061.373291015625
2024-06-25,1975.9404296875
2024-06-26,1944.3609619140625
2024-06-27,1970.693603515625
2024-06-28,1966.0904541015625
2024-07-01,1989.4036865234373
2024-07-02,2011.0836181640625
2024-07-03,2015.3404541015625
2024-07-04,1991.779541015625
2024-07-05,2051.770751953125
2024-07-08,2089.735107421875
2024-07-09,2080.924560546875
2024-07-10,2069.44091796875
2024-07-11,2058.45263671875
2024-07-12,2044.34619140625
2024-07-15,2047.5137939453125
2024-07-16,2061.967041015625
2024-07-18,2070.87646484375
2024-07-19,2020.339599609375
2024-07-22,1994.501953125
2024-07-23,2003.0155029296875
2024-07-24,1999.6002197265625
2024-07-25,2098.441162109375
2024-07-26,2026.5614013671875
2024-07-29,1986.0699462890625
2024-07-30,2005.519775390625
2024-07-31,2004.674072265625
2024-08-01,1991.143798828125
2024-08-02,1987.4130859375
2024-08-05,1942.892333984375
2024-08-06,1973.634033203125
2024-08-07,1955.328369140625
2024-08-08,1935.3809814453125
2024-08-09,1935.48046875
2024-08-12,1912.2501220703125
2024-08-13,1894.9891357421875
2024-08-14,1881.8070068359373
2024-08-16,1961.645751953125
2024-08-19,1978.3099365234373
2024-08-20,1927.7701416015625
2024-08-21,1999.998291015625
2024-08-22,2014.1751708984373
2024-08-23,1994.5264892578125
2024-08-26,1997.759765625
2024-08-27,2021.2884521484373
2024-08-28,2019.796142578125
2024-08-29,2024.1240234375
2024-08-30,2039.9423828125
2024-09-02,2020.0947265625
2024-09-03,2005.27099609375
2024-09-04,2016.4136962890625
2024-09-05,2019.796142578125
2024-09-06,1999.5008544921875
2024-09-09,2056.109130859375
2024-09-10,2068.495361328125
2024-09-11,2070.3857421875
2024-09-12,2072.42529296875
2024-09-13,2069.490234375
2024-09-16,2104.16162109375
2024-09-17,2075.50927734375
2024-09-18,2038.6988525390625
2024-09-19,2119.582275390625
2024-09-20,2079.041015625
2024-09-23,2133.062744140625
2024-09-24,2143.7080078125
2024-09-25,2119.23388671875
2024-09-26,2145.74755859375
2024-09-27,2169.723876953125
2024-09-30,2164.3017578125
2024-10-01,2152.263916015625
2024-10-03,2136.345947265625
2024-10-04,2094.3125
2024-10-07,2057.502197265625
2024-10-08,2106.300537109375
2024-10-09,2088.6416015625
2024-10-10,2074.166259765625
2024-10-11,2075.260498046875
2024-10-14,2072.922607421875
2024-10-15,2058.74560546875
2024-10-16,2018.254150390625
2024-10-17,1972.4400634765625
2024-10-18,1966.421142578125
2024-10-21,1957.268310546875
2024-10-22,1928.1185302734373
2024-10-23,1980.49853515625
2024-10-24,1968.3114013671875
2024-10-25,1973.43505859375
2024-10-28,1919.5625
2024-10-29,1921.1544189453125
2024-10-30,1919.413330078125
2024-10-31,1911.7030029296875
2024-11-01,1926.37744140625
2024-11-04,1911.15576171875
2024-11-05,1941.0020751953125
2024-11-06,1965.1278076171875
2024-11-07,1925.0841064453125
2024-11-08,1915.6328125
2024-11-11,1902.0030517578125
2024-11-12,1872.8033447265625
2024-11-13,1846.8868408203125
2024-11-14,1873.8978271484373
2024-11-18,1873.947509765625
2024-11-19,1844.30029296875
2024-11-21,1818.5826416015625
2024-11-22,1850.3192138671875
2024-11-25,1887.4281005859373
2024-11-26,1893.496826171875
2024-11-27,1916.2296142578125
2024-11-28,1923.4425048828125
2024-11-29,1940.504638671875
2024-12-02,1950.6026611328125
2024-12-03,1945.8271484375
2024-12-04,1943.09130859375
2024-12-05,1955.726318359375
2024-12-06,1958.462158203125
2024-12-09,1948.314453125
2024-12-10,1984.3289794921875
2024-12-11,1975.2755126953125
2024-12-12,1960.1534423828125
2024-12-13,1982.18994140625
2024-12-16,1988.756103515625
2024-12-17,2004.0772705078125
2024-12-18,2006.1165771484373
2024-12-19,2009.7479248046875
2024-12-20,2014.9710693359373
2024-12-23,1989.104248046875
2024-12-24,2042.230712890625
2024-12-26,2004.7735595703125
2024-12-27,2019.7464599609373
2024-12-30,2024.9696044921875
2024-12-31,2026.5614013671875
2025-01-01,2081.677490234375
2025-01-02,2125.70068359375
2025-01-03,2117.194580078125
2025-01-06,2065.11279296875
2025-01-07,2064.71484375
2025-01-08,1990.546875
2025-01-09,2013.080810546875
2025-01-10,2019.099853515625
2025-01-13,1934.485595703125
2025-01-14,1955.2288818359373
2025-01-15,1938.31591796875
2025-01-16,1919.8111572265625
2025-01-17,1941.300537109375
2025-01-20,2048.846435546875
2025-01-21,2053.92041015625
2025-01-22,2053.423095703125
2025-01-23,2063.123046875
2025-01-24,2054.268798828125
2025-01-27,2014.0260009765625
2025-01-28,2020.044921875
2025-01-29,2062.575927734375
2025-01-30,2113.513427734375
2025-01-31,2135.002685546875
2025-02-01,2224.3427734375
2025-02-03,2181.46337890625
2025-02-04,2119.084716796875
2025-02-05,2047.9013671875
2025-02-06,2062.376953125
2025-02-07,2038.151611328125
2025-02-10,2044.916748046875
2025-02-11,2012.931640625
2025-02-12,2046.7574462890625
2025-02-13,2019.845947265625
2025-02-14,2030.1429443359373
2025-02-17,2017.7567138671875
2025-02-18,2012.4342041015625
2025-02-19,2016.8115234375
2025-02-20,2017.806396484375
2025-02-21,2009.0516357421875
2025-02-24,2024.671142578125
2025-02-25,2028.103515625
2025-02-27,1996.5657958984373
2025-02-28,1936.177001953125
2025-03-03,1903.047607421875
2025-03-04,1902.9979248046875
2025-03-05,1881.259765625
2025-03-06,1889.915283203125
2025-03-07,1912.44921875
2025-03-10,1890.8106689453125
2025-03-11,1868.6746826171875
2025-03-12,1895.18798828125
2025-03-13,1901.853759765625
2025-03-17,1875.091552734375
2025-03-18,1875.091552734375
2025-03-19,1895.7850341796875
2025-03-20,1957.1190185546875
2025-03-21,1923.5419921875
2025-03-24,1952.2939453125
2025-03-25,1914.9364013671875
2025-03-26,1921.2537841796875
2025-03-27,1965.82421875
2025-03-28,1989.0048828125
2025-04-01,1941.698486328125
2025-04-02,1960.302734375
2025-04-03,1972.887939453125
2025-04-04,1979.155517578125
2025-04-07,1935.6297607421875
2025-04-08,1986.2689208984373
2025-04-09,1991.4920654296875
2025-04-11,2009.1510009765625
2025-04-15,2077.399658203125
2025-04-16,2098.59033203125
2025-04-17,2136.3955078125
2025-04-21,2206.6337890625
2025-04-22,2219.368408203125
2025-04-23,2227.4267578125
2025-04-24,2165.446044921875
2025-04-25,2113.314453125
2025-04-28,2147.936279296875
2025-04-29,2156.29296875
2025-04-30,2148.93115234375
2025-05-02,2149.1298828125
2025-05-05,2120.17919921875
2025-05-06,2125.85009765625
2025-05-07,2170.619384765625
2025-05-08,2157.785400390625
2025-05-09,2163.15771484375
2025-05-12,2108.93701171875
2025-05-13,2025.1685791015625
2025-05-14,2063.76953125
2025-05-15,2056.009765625
2025-05-16,2040.091796875
2025-05-19,2042.2803955078125
2025-05-20,2010.1458740234373
2025-05-21,2020.791015625
2025-05-22,1984.8760986328125
2025-05-23,2014.224853515625
2025-05-26,2035.813720703125
2025-05-27,2021.089599609375
2025-05-28,2049.443603515625
2025-05-29,1994.12841796875
2025-05-30,1966.669921875
2025-06-02,2003.67919921875
2025-06-03,2012.1356201171875
2025-06-04,2019.2987060546875
2025-06-05,2014.224853515625
2025-06-06,2058.596435546875
2025-06-09,2076.40478515625
2025-06-10,2056.6064453125
2025-06-11,2053.82080078125
2025-06-12,2054.71630859375
2025-06-13,2036.1121826171875
2025-06-16,2020.9901123046875
2025-06-17,2004.7735595703125
2025-06-18,1970.3509521484373
2025-06-19,1943.3897705078125
2025-06-20,1933.739501953125
2025-06-23,1930.25732421875
2025-06-24,1918.8162841796875
2025-06-25,1927.4718017578125
2025-06-26,1954.33349609375
2025-06-27,1948.9610595703125
2025-06-30,1941.1015625
2025-07-01,1940.3056640625
2025-07-02,1929.6605224609373
2025-07-03,1972.3406982421875
2025-07-04,1968.1622314453125
2025-07-07,1979.9017333984373
2025-07-08,1970.1519775390625
2025-07-09,1958.9097900390625
2025-07-10,1959.8052978515625
2025-07-11,1950.055419921875
2025-07-14,1946.1754150390625
2025-07-15,1961.1981201171875
2025-07-16,1999.3017578125
2025-07-17,2013.3294677734373
2025-07-18,1992.4371337890625
2025-07-21,2010.5439453125
2025-07-22,2025.3675537109373
2025-07-23,2006.564453125
2025-07-24,2009.549072265625
2025-07-25,2023.079345703125
2025-07-28,1988.955078125
2025-07-29,1965.4759521484373
2025-07-30,1941.4000244140625
2025-07-31,1945.5999755859373
2025-08-01,1924.9000244140625
2025-08-04,1939.4000244140625
2025-08-05,1927.199951171875
2025-08-06,1929.5999755859373
2025-08-07,1933.4000244140625
2025-08-08,1920.0999755859373
2025-08-11,1919.0
2025-08-12,1920.0
2025-08-13,1919.9000244140625
2025-08-14,1925.199951171875
2025-08-18,1902.5999755859373
2025-08-19,1926.300048828125
2025-08-20,1925.5
2025-08-21,1892.9000244140625
2025-08-22,1875.0999755859373
2025-08-25,1855.0999755859373
2025-08-26,1853.800048828125
2025-08-28,1855.5999755859373
2025-08-29,1850.0999755859373
2025-09-01,1795.800048828125
2025-09-02,1840.4000244140625
2025-09-03,1829.199951171875
2025-09-04,1836.800048828125
2025-09-05,1825.199951171875
2025-09-08,1802.9000244140625
2025-09-09,1804.5999755859373
2025-09-10,1798.5
2025-09-11,1794.0
2025-09-12,1796.5999755859375
2025-09-15,1797.800048828125
2025-09-16,1824.0
2025-09-17,1799.4000244140625
2025-09-18,1799.4000244140625
2025-09-19,1796.0
2025-09-22,1774.9000244140625
2025-09-23,1795.5999755859375
2025-09-24,1796.5999755859375
2025-09-25,1783.4000244140625
2025-09-26,1777.199951171875
2025-09-29,1794.800048828125
2025-09-30,1800.800048828125
2025-10-01,1798.800048828125
2025-10-03,1799.4000244140625
2025-10-06,1792.199951171875
2025-10-07,1790.0
2025-10-08,1745.800048828125
2025-10-09,1759.5999755859375
2025-10-10,1780.9000244140625
2025-10-13,1761.800048828125
2025-10-14,1760.0999755859375
2025-10-15,1756.0
2025-10-16,1774.199951171875
2025-10-17,1786.0
2025-10-20,1791.0999755859375
2025-10-21,1797.9000244140625
2025-10-23,1828.800048828125
2025-10-24,1829.0999755859373
2025-10-27,1822.300048828125
2025-10-28,1834.5
2025-10-29,1840.300048828125
2025-10-30,1789.199951171875
2025-10-31,1797.4000244140625
2025-11-03,1810.300048828125
2025-11-04,1814.800048828125
2025-11-06,1805.5
2025-11-07,1784.5999755859375
2025-11-10,1780.0
2025-11-11,1785.5
2025-11-12,1794.9000244140625
2025-11-13,1810.300048828125
2025-11-14,1810.199951171875
2025-11-17,1786.800048828125
2025-11-18,1766.199951171875
2025-11-19,1748.0
2025-11-20,1740.199951171875
2025-11-21,1726.9000244140625
2025-11-24,1704.9000244140625
2025-11-25,1699.199951171875
2025-11-26,1700.0999755859375
2025-11-27,1695.699951171875
2025-11-28,1690.5999755859375
2025-12-01,1671.0
2025-12-02,1721.0
2025-12-03,1701.199951171875
2025-12-04,1693.300048828125
2025-12-05,1683.300048828125
2025-12-08,1676.4000244140625
2025-12-09,1659.4000244140625
2025-12-10,1660.5999755859375
2025-12-11,1647.0
2025-12-12,1648.199951171875
2025-12-15,1629.4000244140625
2025-12-16,1624.5
2025-12-17,1611.699951171875
2025-12-18,1588.199951171875
2025-12-19,1601.199951171875
2025-12-22,1618.699951171875
2025-12-23,1620.5
2025-12-24,1620.4000244140625
2025-12-26,1623.9000244140625
2025-12-29,1620.0999755859375
2025-12-30,1606.5999755859375
2025-12-31,1621.699951171875
2026-01-01,1608.0999755859375
2026-01-02,1596.4000244140625
2026-01-05,1587.699951171875
2026-01-06,1590.300048828125
2026-01-07,1575.300048828125
2026-01-08,1560.800048828125
2026-01-09,1546.800048828125
2026-01-12,1517.199951171875
2026-01-13,1533.800048828125
2026-01-14,1519.5999755859375
2026-01-15,1519.5999755859375
2026-01-16,1520.300048828125
2026-01-19,1506.0999755859375
2026-01-20,1454.5999755859375
2026-01-21,1450.0999755859375
2026-01-22,1443.5999755859375
2026-01-23,1441.5
2026-01-27,1423.5999755859375
2026-01-28,1427.5
2026-01-29,1427.699951171875
2026-01-30,1468.5
2026-02-02,1464.300048828125
2026-02-03,1509.4000244140625
2026-02-04,1514.9000244140625
2026-02-05,1483.800048828125
2026-02-06,1524.800048828125
2026-02-09,1533.5999755859375
2026-02-10,1619.699951171875
2026-02-11,1627.4000244140625
2026-02-12,1621.199951171875
2026-02-13,1628.800048828125
2026-02-16,1612.0999755859375
2026-02-17,1598.800048828125
2026-02-18,1614.5999755859375
2026-02-19,1607.5999755859375
2026-02-20,1602.5999755859375
2026-02-23,1633.4000244140625
2026-02-24,1599.4000244140625
2026-02-25,1587.4000244140625
2026-02-26,1594.199951171875
2026-02-27,1605.0
2026-03-02,1589.9000244140625
2026-03-04,1629.800048828125
2026-03-05,1650.0999755859375
2026-03-06,1758.199951171875
2026-03-09,1721.5
2026-03-10,1697.5999755859375
2026-03-11,1653.300048828125
2026-03-12,1645.5
2026-03-13,1642.699951171875
2026-03-16,1616.699951171875
2026-03-17,1617.4000244140625
2026-03-18,1618.0
2026-03-19,1569.199951171875
2026-03-20,1568.9000244140625
2026-03-23,1557.9000244140625
2026-03-24,1583.9000244140625
2026-03-25,1606.4000244140625
2026-03-27,1559.0
2026-03-30,1540.0
2026-04-01,1584.199951171875
2026-04-02,1485.0999755859375
2026-04-06,1481.699951171875
2026-04-07,1467.0999755859375
2026-04-08,1496.5
2026-04-09,1467.199951171875
2026-04-10,1454.199951171875
2026-04-13,1461.699951171875
2026-04-15,1470.699951171875
2026-04-16,1459.199951171875
2026-04-17,1493.5999755859375
2026-04-20,1522.300048828125
2026-04-21,1498.4000244140625
2026-04-22,1500.0
2026-04-23,1483.199951171875
2026-04-24,1477.0999755859375
2026-04-27,1479.199951171875
2026-04-28,1477.199951171875
2026-04-29,1469.5999755859375
2026-04-30,1458.5999755859375
2026-05-01,1458.5999755859375
2026-05-04,1463.0999755859375
2026-05-05,1453.800048828125
2026-05-06,1412.800048828125
2026-05-07,1428.199951171875
2026-05-08,1419.800048828125
2026-05-11,1412.199951171875
2026-05-12,1410.5
2026-05-13,1381.199951171875
2026-05-14,1389.199951171875
2026-05-15,1367.800048828125
2026-05-18,1354.5
2026-05-19,1348.300048828125
2026-05-20,1348.800048828125
2026-05-21,1331.0
2026-05-22,1315.199951171875
2026-05-25,1323.5
2026-05-26,1343.699951171875
2026-05-27,1339.800048828125
2026-05-28,1339.800048828125
2026-05-29,1320.0
2026-06-01,1286.0
2026-06-02,1318.800048828125
2026-06-03,1340.0
2026-06-04,1350.699951171875
2026-06-05,1324.0
2026-06-08,1314.300048828125
2026-06-09,1329.0
2026-06-10,1327.300048828125
2026-06-11,1320.699951171875
2026-06-12,1353.300048828125
2026-06-15,1349.4000244140625
2026-06-16,1335.699951171875
2026-06-17,1335.0
2026-06-18,1341.300048828125
2026-06-19,1341.9000244140625
2026-06-22,1339.699951171875
2026-06-23,1344.0999755859375
2026-06-24,1336.5
2026-06-25,1328.800048828125
2026-06-26,1328.800048828125
2026-06-29,1322.800048828125
2026-06-30,1337.0
2026-07-01,1359.300048828125
2026-07-02,1357.199951171875
2026-07-03,1345.0
2026-07-06,1369.199951171875
2026-07-07,1358.5999755859375
2026-07-08,1325.199951171875
2026-07-09,1328.199951171875
2026-07-10,1329.300048828125
2026-07-13,1334.4000244140625
2026-07-14,1348.699951171875
2026-07-15,1357.300048828125
2026-07-16,1348.800048828125
2026-07-17,1339.699951171875
