,close
2005-01-03,11.219427108764648
2005-01-04,11.11331272125244
2005-01-05,10.672536849975586
2005-01-06,10.627640724182127
2005-01-07,10.672536849975586
2005-01-10,10.725593566894531
2005-01-11,10.594990730285645
2005-01-12,10.21135139465332
2005-01-13,10.48887825012207
2005-01-14,10.248082160949709
2005-01-17,10.292975425720217
2005-01-18,10.207270622253418
2005-01-19,10.141972541809082
2005-01-20,10.088912963867188
2005-01-24,10.235840797424316
2005-01-25,10.182782173156738
2005-01-27,10.317466735839844
2005-01-28,10.182782173156738
2005-01-31,10.235840797424316
2005-02-01,10.068507194519045
2005-02-02,9.90117645263672
2005-02-03,10.068507194519045
2005-02-04,10.411334037780762
2005-02-07,10.50520133972168
2005-02-08,10.264406204223633
2005-02-09,10.313384056091309
2005-02-10,10.32970905303955
2005-02-11,10.362360000610352
2005-02-14,10.55417823791504
2005-02-15,10.827624320983888
2005-02-16,10.978631019592283
2005-02-17,10.778648376464844
2005-02-18,10.827624320983888
2005-02-21,10.66029167175293
2005-02-22,10.603155136108398
2005-02-23,10.705184936523438
2005-02-24,10.599074363708496
2005-02-25,10.754162788391112
2005-02-28,10.852112770080566
2005-03-01,10.672536849975586
2005-03-02,10.607234954833984
2005-03-03,10.452146530151367
2005-03-04,10.423579216003418
2005-03-07,10.517447471618652
2005-03-08,10.439903259277344
2005-03-09,10.37868309020996
2005-03-10,10.244000434875488
2005-03-11,10.370522499084473
2005-03-14,10.333789825439451
2005-03-15,10.195027351379396
2005-03-16,10.305221557617188
2005-03-17,10.15829372406006
2005-03-18,10.01953125
2005-03-21,10.178701400756836
2005-03-22,9.950149536132812
2005-03-23,9.79506015777588
2005-03-24,9.729762077331545
2005-03-28,9.721599578857422
2005-03-29,9.623647689819336
2005-03-30,9.737924575805664
2005-03-31,10.060344696044922
2005-04-01,10.199108123779297
2005-04-04,10.207270622253418
2005-04-05,10.17462158203125
2005-04-06,10.088912963867188
2005-04-07,9.803223609924316
2005-04-08,9.786897659301758
2005-04-11,9.758328437805176
2005-04-12,9.860363006591797
2005-04-13,9.860363006591797
2005-04-15,9.586915969848633
2005-04-18,9.378771781921388
2005-04-19,9.456315994262695
2005-04-20,9.542022705078123
2005-04-21,9.590999603271484
2005-04-22,9.758328437805176
2005-04-25,9.668543815612791
2005-04-26,9.742005348205566
2005-04-27,9.684866905212402
2005-04-28,9.70527458190918
2005-04-29,9.439988136291504
2005-05-02,9.382852554321287
2005-05-03,9.358362197875977
2005-05-04,9.382852554321287
2005-05-05,9.460394859313965
2005-05-06,9.550185203552246
2005-05-09,9.595077514648438
2005-05-10,9.423665046691896
2005-05-11,9.33387851715088
2005-05-12,9.542022705078123
2005-05-13,9.582836151123049
2005-05-16,9.648136138916016
2005-05-17,9.476720809936523
2005-05-18,9.419584274291992
2005-05-19,9.533859252929688
2005-05-20,9.337957382202148
2005-05-23,9.45223331451416
2005-05-24,9.36652660369873
2005-05-25,9.288983345031738
2005-05-26,9.215519905090332
2005-05-27,9.211438179016112
2005-05-30,9.125730514526367
2005-05-31,9.18287181854248
2005-06-01,9.113490104675291
2005-06-02,9.25633430480957
2005-06-03,9.395098686218262
2005-06-06,9.403260231018066
2005-06-07,9.248169898986816
2005-06-08,9.297146797180176
2005-06-09,9.391014099121094
2005-06-10,9.284900665283203
2005-06-13,9.32571506500244
2005-06-14,9.468561172485352
2005-06-15,9.70527458190918
2005-06-16,9.468561172485352
2005-06-17,9.244088172912598
2005-06-20,9.068593978881836
2005-06-21,9.080839157104492
2005-06-22,9.05226993560791
2005-06-23,9.05226993560791
2005-06-24,9.382852554321287
2005-06-27,9.10532569885254
2005-06-28,8.848204612731934
2005-06-29,8.991050720214844
2005-06-30,8.978806495666504
2005-07-01,8.999212265014648
2005-07-04,8.942075729370117
2005-07-05,8.950238227844238
2005-07-06,8.937994003295898
2005-07-07,8.909424781799316
2005-07-08,8.89717960357666
2005-07-11,9.072676658630373
2005-07-12,8.974723815917969
2005-07-13,9.166543960571287
2005-07-14,9.023701667785645
2005-07-15,8.974723815917969
2005-07-18,9.178788185119627
2005-07-19,9.068593978881836
2005-07-20,9.17470645904541
2005-07-21,9.011456489562988
2005-07-22,9.01961898803711
2005-07-25,8.978806495666504
2005-07-26,9.10940647125244
2005-07-27,9.04002571105957
2005-07-28,9.166543960571287
2005-07-29,8.856369018554688
2005-08-01,9.01961898803711
2005-08-02,8.913506507873535
2005-08-03,8.868611335754395
2005-08-04,8.831880569458008
2005-08-05,9.664462089538574
2005-08-08,9.709356307983398
2005-08-09,9.578754425048828
2005-08-10,9.746086120605469
2005-08-11,9.537943840026855
2005-08-12,9.431829452514648
2005-08-16,9.664462089538574
2005-08-17,9.550185203552246
2005-08-18,9.346120834350586
2005-08-19,9.407340049743652
2005-08-22,9.354284286499023
2005-08-23,9.297146797180176
2005-08-24,9.023701667785645
2005-08-25,9.10532569885254
2005-08-26,9.337957382202148
2005-08-29,9.586915969848633
2005-08-30,10.86435604095459
2005-08-31,10.848031044006348
2005-09-01,10.937819480895996
2005-09-02,10.7296724319458
2005-09-05,11.145963668823242
2005-09-06,10.917412757873535
2005-09-08,10.737833976745604
2005-09-09,10.607234954833984
2005-09-12,10.86435604095459
2005-09-13,11.45613956451416
2005-09-14,11.243911743164062
2005-09-15,11.325539588928224
2005-09-16,11.174530029296877
2005-09-19,11.199018478393556
2005-09-20,11.092906951904297
2005-09-21,11.252074241638184
2005-09-22,10.235840797424316
2005-09-23,10.264406204223633
2005-09-26,10.745999336242676
2005-09-27,10.566420555114746
2005-09-28,10.86435604095459
2005-09-29,10.472551345825195
2005-09-30,10.272570610046388
2005-10-03,10.66029167175293
2005-10-04,10.705184936523438
2005-10-05,10.541934967041016
2005-10-06,10.268489837646484
2005-10-07,10.815380096435549
2005-10-10,10.750080108642578
2005-10-11,10.599074363708496
2005-10-13,10.876599311828612
2005-10-14,10.354196548461914
2005-10-17,10.272570610046388
2005-10-18,10.146052360534668
2005-10-19,9.639972686767578
2005-10-20,9.811387062072754
2005-10-21,9.468561172485352
2005-10-24,9.701191902160645
2005-10-25,9.480802536010742
2005-10-26,9.546103477478027
2005-10-27,9.227763175964355
2005-10-28,8.921669960021973
2005-10-31,9.142056465148926
2005-11-02,9.284900665283203
2005-11-04,9.284900665283203
2005-11-07,9.403260231018066
2005-11-08,9.309391021728516
2005-11-09,9.497129440307615
2005-11-10,9.717514991760254
2005-11-11,9.546103477478027
2005-11-14,9.329795837402344
2005-11-16,9.374691009521484
2005-11-17,9.36652660369873
2005-11-18,9.354284286499023
2005-11-21,9.235928535461426
2005-11-22,9.137975692749023
2005-11-23,9.113490104675291
2005-11-24,9.244088172912598
2005-11-25,9.313472747802734
2005-11-28,9.297146797180176
2005-11-29,9.386933326721191
2005-11-30,9.309391021728516
2005-12-01,9.32571506500244
2005-12-02,9.284900665283203
2005-12-05,9.305307388305664
2005-12-06,9.22368335723877
2005-12-07,9.15021800994873
2005-12-08,9.284900665283203
2005-12-09,9.36652660369873
2005-12-12,9.309391021728516
2005-12-13,9.154301643371582
2005-12-14,9.117570877075195
2005-12-15,9.044106483459473
2005-12-16,9.15021800994873
2005-12-19,9.231844902038574
2005-12-20,9.329795837402344
2005-12-21,9.18287181854248
2005-12-22,9.288983345031738
2005-12-23,9.170624732971191
2005-12-26,8.978806495666504
2005-12-27,8.925748825073242
2005-12-28,8.840044021606445
2005-12-29,8.795149803161621
2005-12-30,8.856369018554688
2006-01-02,8.925748825073242
2006-01-03,8.982887268066406
2006-01-04,8.823716163635254
2006-01-05,9.476720809936523
2006-01-06,9.403260231018066
2006-01-09,9.476720809936523
2006-01-10,9.472640991210938
2006-01-12,9.444069862365724
2006-01-13,9.346120834350586
2006-01-16,9.162464141845703
2006-01-17,8.999212265014648
2006-01-18,8.966561317443848
2006-01-19,8.974723815917969
2006-01-20,8.913506507873535
2006-01-23,8.91758918762207
2006-01-24,8.95840072631836
2006-01-25,8.909424781799316
2006-01-27,8.778824806213379
2006-01-30,8.623734474182129
2006-01-31,8.4155912399292
2006-02-01,8.162551879882812
2006-02-02,8.358453750610352
2006-02-03,8.166633605957031
2006-02-06,8.272745132446289
2006-02-07,8.289071083068848
2006-02-08,8.440077781677246
2006-02-10,8.435996055603027
2006-02-13,8.313558578491211
2006-02-14,8.607410430908203
2006-02-15,8.680872917175293
2006-02-16,8.505379676818848
2006-02-17,8.280909538269043
2006-02-20,8.431915283203125
2006-02-21,8.39926528930664
2006-02-22,8.497214317321777
2006-02-23,8.407428741455078
2006-02-24,8.305397033691406
2006-02-27,8.603328704833984
2006-02-28,8.362533569335938
2006-03-01,8.497214317321777
2006-03-02,8.525785446166992
2006-03-03,8.513540267944336
2006-03-06,8.770661354064941
2006-03-07,8.529865264892578
2006-03-08,8.57475757598877
2006-03-09,8.542108535766602
2006-03-10,8.440077781677246
2006-03-13,8.529865264892578
2006-03-14,8.811474800109863
2006-03-16,9.056349754333496
2006-03-17,8.978806495666504
2006-03-20,9.227763175964355
2006-03-21,9.525696754455566
2006-03-22,9.831790924072266
2006-03-23,9.411421775817873
2006-03-24,9.329795837402344
2006-03-27,9.509374618530272
2006-03-28,9.472640991210938
2006-03-29,9.29306411743164
2006-03-30,9.158382415771484
2006-03-31,9.680785179138184
2006-04-03,9.85219669342041
2006-04-04,9.79914379119873
2006-04-05,10.16237735748291
2006-04-07,9.974637985229492
2006-04-10,10.309300422668455
2006-04-12,9.864442825317385
2006-04-13,9.578754425048828
2006-04-17,9.395098686218262
2006-04-18,9.32163143157959
2006-04-19,9.31755256652832
2006-04-20,9.488966941833496
2006-04-21,9.721599578857422
2006-04-24,9.550185203552246
2006-04-25,9.25633430480957
2006-04-26,9.337957382202148
2006-04-27,9.288983345031738
2006-04-28,9.37060832977295
2006-05-02,9.337957382202148
2006-05-03,9.03186321258545
2006-05-04,8.94615650177002
2006-05-05,8.89717960357666
2006-05-08,8.95840072631836
2006-05-09,8.978806495666504
2006-05-10,9.305307388305664
2006-05-11,9.235928535461426
2006-05-12,9.129815101623535
2006-05-15,9.142056465148926
2006-05-16,9.007375717163086
2006-05-17,9.244088172912598
2006-05-18,9.15021800994873
2006-05-19,8.489051818847656
2006-05-22,7.497303962707519
2006-05-23,7.648309230804443
2006-05-24,7.864619731903076
2006-05-25,8.203364372253418
2006-05-26,8.256420135498047
2006-05-29,8.150306701660156
2006-05-30,7.987056732177734
2006-05-31,7.615660190582275
2006-06-01,7.860535621643066
2006-06-02,8.027868270874023
2006-06-05,7.595254898071289
2006-06-06,7.264670372009277
2006-06-07,6.595341682434082
2006-06-08,5.966824531555176
2006-06-09,6.558609485626221
2006-06-12,6.366790294647217
2006-06-13,5.750516414642334
2006-06-14,5.407690048217773
2006-06-15,5.717867851257324
2006-06-16,5.39544677734375
2006-06-19,5.685216903686523
2006-06-20,5.5872650146484375
2006-06-21,5.689298629760742
2006-06-22,5.840305328369141
2006-06-23,5.840305328369141
2006-06-26,6.125994682312012
2006-06-27,6.1464009284973145
2006-06-28,6.093343734741211
2006-06-29,6.081100940704346
2006-06-30,6.40352201461792
2006-07-03,7.170800685882568
2006-07-04,7.456490516662598
2006-07-05,7.236103057861328
2006-07-06,7.093255996704102
2006-07-07,7.003468990325928
2006-07-10,6.7708353996276855
2006-07-11,6.966736793518066
2006-07-12,6.823893070220947
2006-07-13,6.791241645812988
2006-07-14,6.799405574798584
2006-07-17,6.672886848449707
2006-07-18,6.497391223907471
2006-07-19,6.166807174682617
2006-07-20,6.081100940704346
2006-07-21,6.02396297454834
2006-07-24,5.783166885375977
2006-07-25,5.791330337524414
2006-07-26,5.836224555969238
2006-07-27,5.811737060546875
2006-07-28,5.758679389953613
2006-07-31,5.8035736083984375
2006-08-01,6.117832183837891
2006-08-02,6.081100940704346
2006-08-03,6.019881725311279
2006-08-04,6.011718273162842
2006-08-07,5.983150005340576
2006-08-08,6.072937965393066
2006-08-09,6.183131694793701
2006-08-10,6.346384048461914
2006-08-11,6.672886848449707
2006-08-14,7.509546756744385
2006-08-16,7.6687164306640625
2006-08-17,7.415678977966309
2006-08-18,7.276915073394775
2006-08-21,7.211613655090332
2006-08-22,7.36262035369873
2006-08-23,7.219777584075928
2006-08-24,7.485060214996338
2006-08-25,7.268752574920654
2006-08-28,7.358540058135986
2006-08-29,7.215696334838867
2006-08-30,7.236103057861328
2006-08-31,7.166719436645508
2006-09-01,7.060606956481934
2006-09-04,7.146313667297363
2006-09-05,7.15855884552002
2006-09-06,7.15855884552002
2006-09-07,7.391190052032471
2006-09-08,7.648309230804443
2006-09-11,7.746260643005371
2006-09-12,7.672798156738281
2006-09-13,7.709527969360352
2006-09-14,7.6564741134643555
2006-09-15,7.676880836486816
2006-09-18,7.721771240234375
2006-09-19,7.697286128997803
2006-09-20,7.583010196685791
2006-09-21,7.3258891105651855
2006-09-22,7.542196273803711
2006-09-25,7.607496738433838
2006-09-26,7.452408313751221
2006-09-27,7.6564741134643555
2006-09-28,8.056437492370605
2006-09-29,7.864619731903076
2006-10-03,7.685041427612305
2006-10-04,7.750342845916748
2006-10-05,7.7625861167907715
2006-10-06,7.811561584472656
2006-10-09,7.946244239807129
2006-10-10,7.897269248962402
2006-10-11,7.766668319702148
2006-10-12,7.7421793937683105
2006-10-13,7.685041427612305
2006-10-16,7.538116455078125
2006-10-17,7.440164089202881
2006-10-18,7.497303962707519
2006-10-19,7.517710208892822
2006-10-20,7.452408313751221
2006-10-23,7.754424095153809
2006-10-26,7.554440975189209
2006-10-27,7.631986141204834
2006-10-30,7.497303962707519
2006-10-31,7.4197587966918945
2006-11-01,7.244263172149658
2006-11-02,7.203451633453369
2006-11-03,7.309564590454102
2006-11-06,7.440164089202881
2006-11-07,7.321808338165283
2006-11-08,7.138149738311768
2006-11-09,7.415678977966309
2006-11-10,7.338133811950684
2006-11-13,7.391190052032471
2006-11-14,7.370783805847168
2006-11-15,7.5748467445373535
2006-11-16,7.529953002929687
2006-11-17,7.342215061187744
2006-11-20,7.1136627197265625
2006-11-21,7.329970836639404
2006-11-22,7.3258891105651855
2006-11-23,7.248346328735352
2006-11-24,8.05235767364502
2006-11-27,7.7421793937683105
2006-11-28,7.603413581848144
2006-11-29,7.542196273803711
2006-11-30,7.55035924911499
2006-12-01,7.554440975189209
2006-12-04,7.685041427612305
2006-12-05,7.497303962707519
2006-12-06,7.448326587677002
2006-12-07,7.4197587966918945
2006-12-08,7.338133811950684
2006-12-11,7.146313667297363
2006-12-12,6.942248821258545
2006-12-13,7.174881935119629
2006-12-14,7.346295356750488
2006-12-15,7.1789631843566895
2006-12-18,7.146313667297363
2006-12-19,6.983061790466309
2006-12-20,6.987144470214844
2006-12-21,7.07285213470459
2006-12-22,7.019794464111328
2006-12-26,7.093255996704102
2006-12-27,7.203451633453369
2006-12-28,7.003468990325928
2006-12-29,7.019794464111328
2007-01-02,7.305482387542725
2007-01-03,7.448326587677002
2007-01-04,7.7421793937683105
2007-01-05,7.819725036621094
2007-01-08,7.770749568939209
2007-01-09,7.619740009307861
2007-01-10,7.329970836639404
2007-01-11,7.4768967628479
2007-01-12,7.58709192276001
2007-01-15,7.611579418182373
2007-01-16,7.562603950500488
2007-01-17,7.4687347412109375
2007-01-18,7.627904415130615
2007-01-19,7.685041427612305
2007-01-22,7.721771240234375
2007-01-23,7.591174602508545
2007-01-24,7.55035924911499
2007-01-25,7.558521747589111
2007-01-29,7.562603950500488
2007-01-31,7.346295356750488
2007-02-01,7.546277046203613
2007-02-02,7.317728996276855
2007-02-05,7.803397655487059
2007-02-06,8.113574981689453
2007-02-07,7.872781276702881
2007-02-08,7.603413581848144
2007-02-09,7.317728996276855
2007-02-12,7.121827602386475
2007-02-13,7.150394916534424
2007-02-14,7.138149738311768
2007-02-15,7.415678977966309
2007-02-19,7.305482387542725
2007-02-20,7.240182399749756
2007-02-21,7.195289134979248
2007-02-22,7.056525707244873
2007-02-23,6.909599781036377
2007-02-26,6.619828701019287
2007-02-27,6.713698863983154
2007-02-28,6.407602787017822
2007-03-01,6.285163879394531
2007-03-02,6.219863414764404
2007-03-05,6.101506233215332
2007-03-06,6.056612968444824
2007-03-07,6.093343734741211
2007-03-08,6.093343734741211
2007-03-09,6.04028844833374
2007-03-12,5.999475479125977
2007-03-13,6.1912946701049805
2007-03-14,5.950499534606934
2007-03-15,6.011718273162842
2007-03-16,5.795412063598633
2007-03-19,5.550534725189209
2007-03-20,5.607672214508057
2007-03-21,5.775005340576172
2007-03-22,5.856631278991699
2007-03-23,5.856631278991699
2007-03-26,5.856631278991699
2007-03-28,5.734192848205566
2007-03-29,5.770925045013428
2007-03-30,5.811737060546875
2007-04-02,5.76276159286499
2007-04-03,5.877037048339844
2007-04-04,5.8974432945251465
2007-04-05,6.019881725311279
2007-04-09,5.974987506866455
2007-04-10,5.974987506866455
2007-04-11,6.02396297454834
2007-04-12,6.032124996185303
2007-04-13,6.085181713104248
2007-04-16,6.166807174682617
2007-04-17,6.660641193389893
2007-04-18,6.452497005462647
2007-04-19,6.411683559417725
2007-04-20,6.3545451164245605
2007-04-23,6.395359039306641
2007-04-24,6.321896076202393
2007-04-25,6.272919654846191
2007-04-26,6.0525312423706055
2007-04-27,6.044370174407959
2007-04-30,5.987231731414795
2007-05-03,6.019881725311279
2007-05-04,6.105588436126709
2007-05-07,6.04028844833374
2007-05-08,5.579102993011475
2007-05-09,5.713785171508789
2007-05-10,5.615835189819336
2007-05-11,5.468909740447998
2007-05-14,5.623997688293457
2007-05-15,5.583185195922852
2007-05-16,5.636241912841797
2007-05-17,5.775005340576172
2007-05-18,5.881117820739746
2007-05-21,5.934174537658691
2007-05-22,5.811737060546875
2007-05-23,5.856631278991699
2007-05-24,5.652566432952881
2007-05-25,5.652566432952881
2007-05-28,5.726030349731445
2007-05-29,5.770925045013428
2007-05-30,5.750516414642334
2007-05-31,5.664811134338379
2007-06-01,5.517884731292725
2007-06-04,5.546453475952148
2007-06-05,5.489315509796143
2007-06-06,5.505640983581543
2007-06-07,5.444421291351318
2007-06-08,5.448503017425537
2007-06-11,5.3260650634765625
2007-06-12,5.289333343505859
2007-06-13,5.232194423675537
2007-06-14,5.268926620483398
2007-06-15,5.20362663269043
2007-06-18,5.211789608001709
2007-06-19,5.281169891357422
2007-06-20,5.27708911895752
2007-06-21,5.236275672912598
2007-06-22,5.289333343505859
2007-06-25,5.268926620483398
2007-06-26,5.170976161956787
2007-06-27,5.19138240814209
2007-06-28,5.122000217437744
2007-06-29,5.30565881729126
2007-07-02,5.281169891357422
2007-07-03,5.27708911895752
2007-07-04,5.293415069580078
2007-07-05,5.285251617431641
2007-07-06,5.240357398986816
2007-07-09,5.285251617431641
2007-07-10,5.30974006652832
2007-07-11,5.297495365142822
2007-07-12,5.211789608001709
2007-07-13,5.232194423675537
2007-07-16,5.166894912719727
2007-07-17,5.1383256912231445
2007-07-18,5.113838195800781
2007-07-19,5.0648627281188965
2007-07-20,4.991400241851807
2007-07-23,5.036294460296631
2007-07-24,4.995480060577393
2007-07-25,5.048537731170654
2007-07-26,4.954668521881104
2007-07-27,4.938343524932861
2007-07-30,5.060781478881836
2007-07-31,5.0648627281188965
2007-08-01,4.995480060577393
2007-08-02,4.913856029510498
2007-08-03,5.044456481933594
2007-08-06,4.966913223266602
2007-08-07,5.093431949615479
2007-08-08,5.211789608001709
2007-08-09,5.0648627281188965
2007-08-10,5.011806011199951
2007-08-13,5.130163669586182
2007-08-14,5.1383256912231445
2007-08-16,4.954668521881104
2007-08-17,4.615922451019287
2007-08-20,4.795499801635742
2007-08-21,4.534296989440918
2007-08-22,4.571028232574463
2007-08-23,4.460834980010986
2007-08-24,4.501646518707275
2007-08-27,4.550622463226318
2007-08-28,4.571028232574463
2007-08-29,4.5465407371521
2007-08-30,4.652653694152832
2007-08-31,4.803662300109863
2007-09-03,4.889367580413818
2007-09-04,4.893448829650879
2007-09-05,4.632247924804688
2007-09-06,4.9179368019104
2007-09-07,4.97915506362915
2007-09-10,4.995480060577393
2007-09-11,4.962831020355225
2007-09-12,5.007725238800049
2007-09-13,5.264845848083496
2007-09-14,5.1750569343566895
2007-09-17,5.485233783721924
2007-09-18,5.4648284912109375
2007-09-19,5.460747718811035
2007-09-20,5.468909740447998
2007-09-21,5.232194423675537
2007-09-24,5.093431949615479
2007-09-25,5.113838195800781
2007-09-26,5.501559257507324
2007-09-27,5.550534725189209
2007-09-28,5.481152534484863
2007-10-01,5.63215970993042
2007-10-03,5.775005340576172
2007-10-04,5.636241912841797
2007-10-05,5.579102993011475
2007-10-08,5.3260650634765625
2007-10-09,5.4648284912109375
2007-10-10,5.4729905128479
2007-10-11,5.30974006652832
2007-10-12,5.489315509796143
2007-10-15,5.628079414367676
2007-10-16,5.30565881729126
2007-10-17,5.264845848083496
2007-10-18,5.003643989562988
2007-10-19,5.081188678741455
2007-10-22,5.228114128112793
2007-10-23,5.297495365142822
2007-10-24,5.285251617431641
2007-10-25,5.25260066986084
2007-10-26,5.375040054321289
2007-10-29,5.321982383728027
2007-10-30,5.232194423675537
2007-10-31,5.424015522003174
2007-11-01,5.432178020477295
2007-11-02,5.264845848083496
2007-11-05,5.19546365737915
2007-11-06,5.807654857635498
2007-11-07,5.407690048217773
2007-11-08,5.489315509796143
2007-11-12,5.199544906616211
2007-11-13,5.375040054321289
2007-11-14,5.4403395652771
2007-11-15,5.550534725189209
2007-11-16,5.489315509796143
2007-11-19,5.701541900634766
2007-11-20,6.750430583953857
2007-11-21,6.383115291595459
2007-11-22,6.934088230133057
2007-11-23,8.321720123291016
2007-11-26,7.982975006103516
2007-11-27,7.648309230804443
2007-11-28,7.5136284828186035
2007-11-29,7.15855884552002
2007-11-30,7.342215061187744
2007-12-03,8.076844215393066
2007-12-04,7.827888011932373
2007-12-05,8.174796104431152
2007-12-06,8.023787498474121
2007-12-07,7.962569236755371
2007-12-10,8.215606689453125
2007-12-11,8.444160461425781
2007-12-12,9.129815101623535
2007-12-13,8.937994003295898
2007-12-14,8.94615650177002
2007-12-17,8.3870210647583
2007-12-18,8.227852821350098
2007-12-19,8.080924987792969
2007-12-20,8.362533569335938
2007-12-24,8.840044021606445
2007-12-26,8.623734474182129
2007-12-27,8.403347969055176
2007-12-28,8.338045120239258
2007-12-31,8.448241233825684
2008-01-01,8.407428741455078
2008-01-02,8.713523864746094
2008-01-03,8.468646049499512
2008-01-04,8.452319145202637
2008-01-07,8.317639350891113
2008-01-08,8.023787498474121
2008-01-09,7.864619731903076
2008-01-10,7.195289134979248
2008-01-11,6.987144470214844
2008-01-14,7.191208839416504
2008-01-15,7.1626386642456055
2008-01-16,6.734104633331299
2008-01-17,6.778998851776123
2008-01-18,6.215782642364502
2008-01-21,4.975074768066406
2008-01-22,4.950588226318359
2008-01-23,5.905605792999268
2008-01-24,5.330145835876465
2008-01-25,5.4403395652771
2008-01-28,5.281169891357422
2008-01-29,5.407690048217773
2008-01-30,5.30565881729126
2008-01-31,5.403608322143555
2008-02-01,5.538290977478027
2008-02-04,5.301577568054199
2008-02-05,5.358714580535889
2008-02-06,5.27708911895752
2008-02-07,5.211789608001709
2008-02-08,4.987318992614746
2008-02-11,5.024050235748291
2008-02-12,4.868962287902832
2008-02-13,4.901611804962158
2008-02-14,5.019969463348389
2008-02-15,5.073026180267334
2008-02-18,4.930181503295898
2008-02-19,5.63215970993042
2008-02-20,5.379121780395508
2008-02-21,5.505640983581543
2008-02-22,5.63215970993042
2008-02-25,5.562778472900391
2008-02-26,5.30974006652832
2008-02-27,5.183219909667969
2008-02-28,5.256683349609375
2008-02-29,5.097513675689697
2008-03-03,4.889367580413818
2008-03-04,4.762848377227783
2008-03-05,4.38737154006958
2008-03-07,4.297582149505615
2008-03-10,4.232282638549805
2008-03-11,4.338397026062012
2008-03-12,4.342477321624756
2008-03-13,4.203714370727539
2008-03-14,4.1710638999938965
2008-03-17,3.893536806106568
2008-03-18,3.673147678375244
2008-03-19,3.550710678100586
2008-03-24,3.326239109039306
2008-03-25,3.509897232055664
2008-03-26,3.5139784812927246
2008-03-27,3.4241905212402344
2008-03-28,3.6527411937713614
2008-03-31,3.6527411937713614
2008-04-01,3.64866042137146
2008-04-02,3.611928939819336
2008-04-03,3.664985418319702
2008-04-04,3.848643064498901
2008-04-07,4.232282638549805
2008-04-08,4.158819675445557
2008-04-09,4.09351921081543
2008-04-10,4.1424946784973145
2008-04-11,4.375127792358398
2008-04-15,4.21187686920166
2008-04-16,4.44858980178833
2008-04-17,4.3628830909729
2008-04-21,4.4649152755737305
2008-04-22,4.485321998596191
2008-04-23,4.566946983337402
2008-04-24,4.493484020233154
2008-04-25,4.420022010803223
2008-04-28,4.366964340209961
2008-04-29,4.411858081817627
2008-04-30,4.326151847839356
2008-05-02,4.244525909423828
2008-05-05,4.346558094024658
2008-05-06,4.334313869476318
2008-05-07,4.350639820098877
2008-05-08,4.330233097076416
2008-05-09,4.19963264465332
2008-05-12,4.077193737030029
2008-05-13,4.081275939941406
2008-05-14,4.734280586242676
2008-05-15,4.942424297332764
2008-05-16,4.681222438812256
2008-05-20,4.526134967803955
2008-05-21,4.485321998596191
2008-05-22,4.497565746307373
2008-05-23,4.330233097076416
2008-05-26,4.2159576416015625
2008-05-27,4.122089385986328
2008-05-28,4.056787490844727
2008-05-29,4.085357189178467
2008-05-30,4.089438438415527
2008-06-02,3.922105550765991
2008-06-03,3.893536806106568
2008-06-04,3.7670164108276367
2008-06-05,3.8363990783691406
2008-06-06,3.713961362838745
2008-06-09,3.550710678100586
2008-06-10,3.4527595043182373
2008-06-11,3.718041896820069
2008-06-12,3.73844838142395
2008-06-13,3.779260873794556
2008-06-16,3.7833428382873535
2008-06-17,3.7670164108276367
2008-06-18,3.754773378372192
2008-06-19,3.624173164367676
2008-06-20,3.5792794227600098
2008-06-23,3.265020608901977
2008-06-24,3.1548259258270264
2008-06-25,3.187476396560669
2008-06-26,3.265020608901977
2008-06-27,3.1793134212493896
2008-06-30,2.8977060317993164
2008-07-01,3.003819227218628
2008-07-02,2.991575002670288
2008-07-03,3.036468982696533
2008-07-04,2.954843521118164
2008-07-07,3.167069911956787
2008-07-08,3.028306484222412
2008-07-09,3.1548259258270264
2008-07-10,3.028306484222412
2008-07-11,2.9589242935180664
2008-07-14,3.003819227218628
2008-07-15,2.930356025695801
2008-07-16,2.8977060317993164
2008-07-17,2.8609745502471924
2008-07-18,2.918112277984619
2008-07-21,2.865055799484253
2008-07-22,2.9711689949035645
2008-07-23,3.1180944442749023
2008-07-24,3.089524984359741
2008-07-25,3.08544397354126
2008-07-28,3.1793134212493896
2008-07-29,3.09360671043396
2008-07-30,3.1956381797790527
2008-07-31,3.1956381797790527
2008-08-01,3.1833951473236084
2008-08-04,3.2935895919799805
2008-08-05,3.158907413482666
2008-08-06,3.02014422416687
2008-08-07,3.056875467300415
2008-08-08,3.10176944732666
2008-08-11,3.097688674926758
2008-08-12,3.167069911956787
2008-08-13,3.2527763843536377
2008-08-14,3.150744676589966
2008-08-18,3.1344194412231445
2008-08-19,3.1180944442749023
2008-08-20,3.1793134212493896
2008-08-21,3.167069911956787
2008-08-22,3.109931707382202
2008-08-25,3.1629891395568848
2008-08-26,3.203801393508911
2008-08-27,3.17523193359375
2008-08-28,3.1425819396972656
2008-08-29,3.1997199058532715
2008-09-01,3.1180944442749023
2008-09-02,3.2527763843536377
2008-09-04,3.387458562850952
2008-09-05,3.3303205966949463
2008-09-08,3.3752152919769287
2008-09-09,3.4854094982147217
2008-09-10,3.47316575050354
2008-09-11,3.526221752166748
2008-09-12,3.4241905212402344
2008-09-15,3.1833951473236084
2008-09-16,3.2935895919799805
2008-09-17,3.477246761322021
2008-09-18,3.1833951473236084
2008-09-19,3.269101858139038
2008-09-22,3.232370138168335
2008-09-23,3.1997199058532715
2008-09-24,3.20788311958313
2008-09-25,3.1262569427490234
2008-09-26,3.02014422416687
2008-09-29,2.9425997734069824
2008-09-30,2.983412265777588
2008-10-01,3.048712968826294
2008-10-03,2.905868530273437
2008-10-06,2.705885410308838
2008-10-07,2.616097211837769
2008-10-08,2.4732532501220703
2008-10-10,2.1630759239196777
2008-10-13,2.150832176208496
2008-10-14,2.224294900894165
2008-10-15,2.118181705474853
2008-10-16,1.995743751525879
2008-10-17,1.8733055591583248
2008-10-20,1.7018921375274658
2008-10-21,1.746786117553711
2008-10-22,1.791679859161377
2008-10-23,1.718216896057129
2008-10-24,1.6733230352401731
2008-10-27,1.6284291744232178
2008-10-29,1.746786117553711
2008-10-31,1.938606023788452
2008-11-03,2.003906011581421
2008-11-04,2.0528817176818848
2008-11-05,2.134507179260254
2008-11-06,2.069206476211548
2008-11-07,1.9426873922348025
2008-11-10,2.044719219207764
2008-11-11,1.938606023788452
2008-11-12,1.9059556722640991
2008-11-14,1.844736695289612
2008-11-17,1.718216896057129
2008-11-18,1.6406726837158203
2008-11-19,1.5998599529266355
2008-11-20,1.477421760559082
2008-11-21,1.371308445930481
2008-11-24,1.4447717666625977
2008-11-25,1.4447717666625977
2008-11-26,1.4325278997421265
2008-11-27,1.4325278997421265
2008-11-28,1.469259262084961
2008-12-01,1.4937468767166138
2008-12-02,1.510072112083435
2008-12-03,1.481502890586853
2008-12-04,1.514153242111206
2008-12-05,1.5223158597946167
2008-12-08,1.575372338294983
2008-12-10,1.6202664375305176
2008-12-11,1.5916975736618042
2008-12-12,1.8528989553451536
2008-12-15,1.963093519210816
2008-12-16,1.995743751525879
2008-12-17,1.812086582183838
2008-12-18,1.9222807884216309
2008-12-19,1.946768403053284
2008-12-22,1.9304428100585933
2008-12-23,1.8406550884246824
2008-12-24,1.750867247581482
2008-12-26,1.6569979190826416
2008-12-29,1.636591553688049
2008-12-30,1.6529169082641602
2008-12-31,1.6529169082641602
2009-01-02,1.90187418460846
2009-01-05,1.81616759300232
2009-01-06,1.734541893005371
2009-01-07,1.6080225706100464
2009-01-09,1.4896655082702637
2009-01-12,1.505990743637085
2009-01-13,1.5182344913482666
2009-01-14,1.4529342651367188
2009-01-15,1.4651780128479004
2009-01-16,1.4284462928771973
2009-01-19,1.395796298980713
2009-01-20,1.4121214151382446
2009-01-21,1.3998773097991943
2009-01-22,1.3998773097991943
2009-01-23,1.326414704322815
2009-01-27,1.3468209505081177
2009-01-28,1.2815207242965698
2009-01-29,1.301926851272583
2009-01-30,1.310089349746704
2009-02-02,1.2774391174316406
2009-02-03,1.3631460666656494
2009-02-04,1.301926851272583
2009-02-05,1.301926851272583
2009-02-06,1.301926851272583
2009-02-09,1.301926851272583
2009-02-10,1.2937642335891724
2009-02-11,1.28560209274292
2009-02-12,1.2325453758239746
2009-02-13,1.2121386528015137
2009-02-16,1.1386758089065552
2009-02-17,1.110107183456421
2009-02-18,1.085619330406189
2009-02-19,1.1060255765914917
2009-02-20,1.0733754634857178
2009-02-24,1.085619330406189
2009-02-25,1.1019443273544312
2009-02-26,1.0692940950393677
2009-02-27,1.1509196758270264
2009-03-02,1.130513310432434
2009-03-03,1.1182695627212524
2009-03-04,1.1509196758270264
2009-03-05,1.1386758089065552
2009-03-06,1.130513310432434
2009-03-09,1.1509196758270264
2009-03-12,1.383552312850952
2009-03-13,1.3672274351119995
2009-03-16,1.4121214151382446
2009-03-17,1.6692417860031128
2009-03-18,1.5835349559783936
2009-03-19,1.718216896057129
2009-03-20,1.7427047491073608
2009-03-23,1.7427047491073608
2009-03-24,1.7427047491073608
2009-03-25,1.877386689186096
2009-03-26,2.040637969970703
2009-03-27,1.7427047491073608
2009-03-30,1.7427047491073608
2009-03-31,1.7427047491073608
2009-04-01,1.7427047491073608
2009-04-02,1.7427047491073608
2009-04-06,1.7427047491073608
2009-04-08,1.7427047491073608
2009-04-09,1.7427047491073608
2009-04-13,1.885549068450928
2009-04-15,1.9549312591552728
2009-04-16,2.048800468444824
2009-04-17,1.9712557792663568
2009-04-20,1.8733055591583248
2009-04-21,1.8937116861343384
2009-04-22,1.9794187545776367
2009-04-23,1.9671745300292969
2009-04-24,2.0936949253082275
2009-04-27,2.19980788230896
2009-04-28,2.122262954711914
2009-04-29,2.134507179260254
2009-04-30,1.7427047491073608
2009-05-04,2.1630759239196777
2009-05-05,2.244701623916626
2009-05-06,2.122262954711914
2009-05-07,2.228376626968384
2009-05-08,2.2773516178131104
2009-05-11,2.142669677734375
2009-05-12,2.122262954711914
2009-05-13,2.122262954711914
2009-05-14,2.0936949253082275
2009-05-15,2.1834821701049805
2009-05-18,2.1834821701049805
2009-05-19,2.2936766147613525
2009-05-20,2.399790048599243
2009-05-21,2.514065980911255
2009-05-22,2.595691204071045
2009-05-25,2.726292133331299
2009-05-26,2.5916099548339844
2009-05-27,2.742616891860962
2009-05-28,2.865055799484253
2009-05-29,2.954843521118164
2009-06-01,3.097688674926758
2009-06-02,3.2527763843536377
2009-06-03,3.416027784347534
2009-06-04,3.5874409675598145
2009-06-05,3.628254175186157
2009-06-08,3.313995838165283
2009-06-09,3.4119465351104736
2009-06-10,3.387458562850952
2009-06-11,3.509897232055664
2009-06-12,3.354808568954468
2009-06-15,3.4282705783843994
2009-06-16,3.309914350509644
2009-06-17,3.5711164474487305
2009-06-18,3.5221407413482666
2009-06-19,3.232370138168335
2009-06-22,3.1180944442749023
2009-06-23,2.963005781173706
2009-06-24,2.81607985496521
2009-06-25,2.9099490642547607
2009-06-26,2.791592597961426
2009-06-29,2.705885410308838
2009-06-30,2.7589423656463623
2009-07-01,2.7385365962982178
2009-07-02,2.742616891860962
2009-07-03,2.7752673625946045
2009-07-06,2.938518524169922
2009-07-07,2.7834300994873047
2009-07-08,2.648747682571411
2009-07-09,2.5181472301483154
2009-07-10,2.4487650394439697
2009-07-13,2.326326847076416
2009-07-14,2.236539125442505
2009-07-15,2.399790048599243
2009-07-16,2.4610095024108887
2009-07-17,2.4814155101776123
2009-07-20,2.4977400302886963
2009-07-21,2.4691717624664307
2009-07-22,2.485496997833252
2009-07-23,2.444683790206909
2009-07-24,2.57120418548584
2009-07-27,2.7018041610717773
2009-07-28,2.8405678272247314
2009-07-29,2.930356025695801
2009-07-30,3.077282190322876
2009-07-31,3.2160451412200928
2009-08-03,3.379296064376831
2009-08-04,3.550710678100586
2009-08-05,3.730286121368408
2009-08-06,3.91802430152893
2009-08-07,4.069031715393066
2009-08-10,3.91802430152893
2009-08-11,3.938429355621338
2009-08-12,3.91802430152893
2009-08-13,4.081275939941406
2009-08-14,3.999650239944458
2009-08-17,3.9139440059661865
2009-08-18,3.9139440059661865
2009-08-19,3.91802430152893
2009-08-20,3.885374784469605
2009-08-21,3.922105550765991
2009-08-24,4.1057634353637695
2009-08-25,4.203714370727539
2009-08-26,4.138412952423096
2009-08-27,4.346558094024658
2009-08-28,4.509809494018555
2009-08-31,4.538378715515137
2009-09-01,4.317989826202393
2009-09-02,4.101682186126709
2009-09-03,3.987405776977539
2009-09-04,4.187389850616455
2009-09-07,4.587353229522705
2009-09-08,4.432265281677246
2009-09-09,4.407777309417725
2009-09-10,4.444509029388428
2009-09-11,4.713873386383057
2009-09-14,4.889367580413818
2009-09-15,4.771011352539063
2009-09-16,4.697549343109131
2009-09-17,4.950588226318359
2009-09-18,4.868962287902832
2009-09-22,4.89753007888794
2009-09-23,4.685304164886475
2009-09-24,4.648573398590088
2009-09-25,4.701630115509033
2009-09-29,4.987318992614746
2009-09-30,4.934261322021484
2009-10-01,4.815906524658203
2009-10-05,4.799580097198486
2009-10-06,4.762848377227783
2009-10-07,4.59143590927124
2009-10-08,4.615922451019287
2009-10-09,4.513891696929932
2009-10-12,4.534296989440918
2009-10-13,4.562865257263184
2009-10-14,4.615922451019287
2009-10-15,4.620004177093506
2009-10-16,4.9832377433776855
2009-10-20,6.036206245422363
2009-10-21,6.338221073150635
2009-10-22,6.1749701499938965
2009-10-23,6.485146999359131
2009-10-26,6.811647891998291
2009-10-27,7.154476642608643
2009-10-28,7.011631011962891
2009-10-29,6.938167572021484
2009-10-30,6.819811820983887
2009-11-03,6.48106575012207
2009-11-04,6.17088794708252
2009-11-05,6.370871543884277
2009-11-06,6.4239277839660645
2009-11-09,6.746348857879639
2009-11-10,6.795324325561523
2009-11-11,6.958575248718262
2009-11-12,6.734104633331299
2009-11-13,6.7708353996276855
2009-11-16,7.109581470489502
2009-11-17,7.027956962585449
2009-11-18,7.040200233459473
2009-11-19,6.889192581176758
2009-11-20,6.909599781036377
2009-11-23,7.011631011962891
2009-11-24,6.970818996429443
2009-11-25,7.0361199378967285
2009-11-26,6.8647050857543945
2009-11-27,6.546366214752197
2009-11-30,6.876948356628418
2009-12-01,7.223857879638672
2009-12-02,7.58709192276001
2009-12-03,7.697286128997803
2009-12-04,7.583010196685791
2009-12-07,7.403433799743652
2009-12-08,7.774828910827637
2009-12-09,7.676880836486816
2009-12-10,7.631986141204834
2009-12-11,7.456490516662598
2009-12-14,7.4197587966918945
2009-12-15,7.1136627197265625
2009-12-16,7.15855884552002
2009-12-17,7.293239593505859
2009-12-18,7.293239593505859
2009-12-21,7.350377082824707
2009-12-22,7.558521747589111
2009-12-23,7.501384735107422
2009-12-24,7.636064529418945
2009-12-29,7.607496738433838
2009-12-30,7.619740009307861
2009-12-31,7.648309230804443
2010-01-04,7.774828910827637
2010-01-05,7.591174602508545
2010-01-06,7.721771240234375
2010-01-07,7.603413581848144
2010-01-08,7.6687164306640625
2010-01-11,7.595254898071289
2010-01-12,7.558521747589111
2010-01-13,7.648309230804443
2010-01-14,7.942162036895752
2010-01-15,8.072763442993164
2010-01-18,8.06052017211914
2010-01-19,7.795236110687256
2010-01-20,7.627904415130615
2010-01-21,7.411595821380615
2010-01-22,6.950412273406982
2010-01-25,6.734104633331299
2010-01-27,6.37903356552124
2010-01-28,6.407602787017822
2010-01-29,6.3259782791137695
2010-02-01,6.297408103942871
2010-02-02,6.41576623916626
2010-02-03,6.525959491729736
2010-02-04,6.317814826965332
2010-02-05,6.011718273162842
2010-02-08,6.081100940704346
2010-02-09,6.121912479400635
2010-02-10,6.138238430023193
2010-02-11,6.207620620727539
2010-02-15,6.317814826965332
2010-02-16,6.256595611572266
2010-02-17,6.338221073150635
2010-02-18,6.305570602416992
2010-02-19,6.301489353179932
2010-02-22,6.285163879394531
2010-02-23,6.4484148025512695
2010-02-24,6.542284965515137
2010-02-25,6.37903356552124
2010-02-26,6.387196063995361
2010-03-02,6.546366214752197
2010-03-03,7.0361199378967285
2010-03-04,7.383028507232666
2010-03-05,7.497303962707519
2010-03-08,7.844211101531982
2010-03-09,7.5748467445373535
2010-03-10,7.423840999603271
2010-03-11,7.248346328735352
2010-03-12,7.309564590454102
2010-03-15,7.0361199378967285
2010-03-16,6.991225242614746
2010-03-17,7.134069442749023
2010-03-18,7.191208839416504
2010-03-19,7.29732084274292
2010-03-22,7.089175224304199
2010-03-23,7.448326587677002
2010-03-25,7.578927516937256
2010-03-26,7.595254898071289
2010-03-29,7.509546756744385
2010-03-30,7.42792272567749
2010-03-31,7.4687347412109375
2010-04-01,7.591174602508545
2010-04-05,7.848292827606201
2010-04-06,8.252339363098145
2010-04-07,8.672710418701172
2010-04-08,8.693116188049316
2010-04-09,8.937994003295898
2010-04-12,9.32571506500244
2010-04-13,8.827799797058105
2010-04-15,8.023787498474121
2010-04-16,8.06052017211914
2010-04-19,7.766668319702148
2010-04-20,7.872781276702881
2010-04-21,7.876858711242676
2010-04-22,7.823806285858154
2010-04-23,7.811561584472656
2010-04-26,7.58709192276001
2010-04-27,7.525872230529785
2010-04-28,7.093255996704102
2010-04-29,7.121827602386475
2010-04-30,7.236103057861328
2010-05-03,7.1789631843566895
2010-05-04,7.056525707244873
2010-05-05,6.90143632888794
2010-05-06,6.889192581176758
2010-05-07,6.689209938049316
2010-05-10,7.146313667297363
2010-05-11,7.117744445800781
2010-05-12,7.154476642608643
2010-05-13,7.432004451751709
2010-05-14,7.578927516937256
2010-05-17,7.227938175201416
2010-05-18,7.121827602386475
2010-05-19,6.966736793518066
2010-05-20,6.909599781036377
2010-05-21,6.701453685760498
2010-05-24,6.721860885620117
2010-05-25,6.640235900878906
2010-05-26,6.697372913360596
2010-05-27,6.7626729011535645
2010-05-28,6.685129165649414
2010-05-31,6.603503704071045
2010-06-01,6.652478218078613
2010-06-02,6.3627095222473145
2010-06-03,6.440252304077148
2010-06-04,6.730023384094238
2010-06-07,6.456577777862549
2010-06-08,6.317814826965332
2010-06-09,6.260676383972168
2010-06-10,6.260676383972168
2010-06-11,6.321896076202393
2010-06-14,6.419846534729004
2010-06-15,6.538203716278076
2010-06-16,6.4484148025512695
2010-06-17,6.358626842498779
2010-06-18,6.366790294647217
2010-06-21,6.374952793121338
2010-06-22,6.358626842498779
2010-06-23,6.485146999359131
2010-06-24,6.286748886108398
2010-06-25,6.16688346862793
2010-06-28,6.530612945556641
2010-06-29,6.274349212646484
2010-06-30,6.199948310852051
2010-07-01,6.373548030853272
2010-07-02,6.30741548538208
2010-07-05,6.282615184783936
2010-07-06,6.543014049530029
2010-07-07,6.613278865814209
2010-07-08,6.633944988250732
2010-07-09,6.61741304397583
2010-07-12,6.671144962310791
2010-07-13,6.66287899017334
2010-07-14,6.600879192352295
2010-07-15,6.555413246154785
2010-07-16,6.53887939453125
2010-07-19,6.571945190429688
2010-07-20,6.547146320343018
2010-07-21,6.543014049530029
2010-07-22,6.50167989730835
2010-07-23,6.476881504058838
2010-07-26,6.394214153289795
2010-07-27,6.555413246154785
2010-07-28,6.406614780426025
2010-07-29,6.406614780426025
2010-07-30,6.423147678375244
2010-08-02,6.344615459442139
2010-08-03,6.476881504058838
2010-08-04,6.150349140167236
2010-08-05,6.133816242218018
2010-08-06,6.129682540893555
2010-08-09,6.08008337020874
2010-08-10,6.084217548370361
2010-08-11,6.08008337020874
2010-08-12,6.030483722686768
2010-08-13,6.117283821105957
2010-08-16,6.129682540893555
2010-08-17,6.257815361022949
2010-08-18,6.303281784057617
2010-08-19,6.224748134613037
2010-08-20,6.233016490936279
2010-08-23,6.162749290466309
2010-08-24,6.075950622558594
2010-08-25,6.005685329437256
2010-08-26,5.947819232940674
2010-08-27,5.918884754180908
2010-08-30,5.815552234649658
2010-08-31,5.600620269775391
2010-09-01,5.786619186401367
2010-09-02,5.8403520584106445
2010-09-03,5.687419891357422
2010-09-06,5.691554069519043
2010-09-07,5.687419891357422
2010-09-08,5.6791534423828125
2010-09-09,5.687419891357422
2010-09-13,5.621288299560547
2010-09-14,5.460089206695557
2010-09-15,5.232758045196533
2010-09-16,5.2368903160095215
2010-09-17,5.290624141693115
2010-09-20,5.360889434814453
2010-09-21,5.265823841094971
2010-09-22,5.117025852203369
2010-09-23,5.11289119720459
2010-09-24,5.336089611053467
2010-09-27,5.410489082336426
2010-09-28,5.282356262207031
2010-09-29,5.24102258682251
2010-09-30,5.207957744598389
2010-10-01,5.257556915283203
2010-10-04,5.195557594299316
2010-10-05,5.274090766906738
2010-10-06,5.286489963531494
2010-10-07,5.257556915283203
2010-10-08,5.170757293701172
2010-10-11,5.174890518188477
2010-10-12,5.125290870666504
2010-10-13,4.939291477203369
2010-10-14,5.11289119720459
2010-10-15,5.141823768615723
2010-10-18,5.212090492248535
2010-10-19,5.088091850280762
2010-10-20,5.104623794555664
2010-10-21,5.092225074768066
2010-10-22,5.129424571990967
2010-10-25,5.269956111907959
2010-10-26,5.83621883392334
2010-10-27,5.728754043579102
2010-10-28,5.877552032470703
2010-10-29,5.5179548263549805
2010-11-01,5.5758209228515625
2010-11-02,5.534487247467041
2010-11-03,5.83621883392334
2010-11-04,5.803153038024902
2010-11-08,6.022217273712158
2010-11-09,6.005685329437256
2010-11-10,6.336347579956055
2010-11-11,6.199948310852051
2010-11-12,5.972616672515869
2010-11-15,5.898219108581543
2010-11-16,5.509687900543213
2010-11-18,5.439421653747559
2010-11-19,5.365022659301758
2010-11-22,5.439421653747559
2010-11-23,5.365022659301758
2010-11-24,5.290624141693115
2010-11-25,5.059157848358154
2010-11-26,4.703694820404053
2010-11-29,4.864894390106201
2010-11-30,5.009559154510498
2010-12-01,5.389821529388428
2010-12-02,5.269956111907959
2010-12-03,4.943426132202148
2010-12-06,5.026092529296875
2010-12-07,4.827693939208984
2010-12-08,4.716094493865967
2010-12-09,4.6003618240356445
2010-12-10,4.6623616218566895
2010-12-13,4.64169454574585
2010-12-14,4.695427894592285
2010-12-15,4.554896354675293
2010-12-16,4.5879621505737305
2010-12-20,4.63756275177002
2010-12-21,4.6003618240356445
2010-12-22,4.7491607666015625
2010-12-23,4.616896629333496
2010-12-24,4.567296028137207
2010-12-27,4.596230030059815
2010-12-28,4.716094493865967
2010-12-29,4.753294467926025
2010-12-30,4.794627666473389
2010-12-31,4.951692581176758
2011-01-03,4.993026256561279
2011-01-04,5.005424976348877
2011-01-05,5.145958423614502
2011-01-06,4.988892078399658
2011-01-07,4.802892684936523
2011-01-10,4.509428977966309
2011-01-11,4.265565872192383
2011-01-12,4.497030258178711
2011-01-13,4.311030864715576
2011-01-14,4.269698619842529
2011-01-17,4.11263370513916
2011-01-18,4.009300708770752
2011-01-19,4.05476713180542
2011-01-20,3.992767333984375
2011-01-21,4.07956600189209
2011-01-24,3.9845006465911865
2011-01-25,4.009300708770752
2011-01-27,3.9307689666748047
2011-01-28,3.715836524963379
2011-01-31,3.8357009887695312
2011-02-01,3.7241039276123047
2011-02-02,3.641437292098999
2011-02-03,3.666236400604248
2011-02-04,3.761303424835205
2011-02-07,3.6869029998779297
2011-02-08,3.5546374320983887
2011-02-09,3.4182393550872803
2011-02-10,3.2487735748291016
2011-02-11,3.2983734607696533
2011-02-14,3.567037343978882
2011-02-15,3.4554383754730225
2011-02-16,3.567037343978882
2011-02-17,3.608370065689087
2011-02-18,3.4265060424804688
2011-02-21,3.360372543334961
2011-02-22,3.3231725692749023
2011-02-23,3.2653064727783203
2011-02-24,3.182640552520752
2011-02-25,3.1123740673065186
2011-02-28,3.1123740673065186
2011-03-01,3.2239737510681152
2011-03-03,3.269439697265625
2011-03-04,3.236372709274292
2011-03-07,3.199173927307129
2011-03-08,3.199173927307129
2011-03-09,3.244640588760376
2011-03-10,3.199173927307129
2011-03-11,3.145441055297852
2011-03-14,3.149574279785156
2011-03-15,3.083441734313965
2011-03-16,3.1041083335876465
2011-03-17,3.0999741554260254
2011-03-18,3.079308032989502
2011-03-21,3.062774658203125
2011-03-22,3.6538374423980713
2011-03-23,3.492637634277344
2011-03-24,3.4182393550872803
2011-03-25,3.4430384635925293
2011-03-28,3.422371625900269
2011-03-29,3.3273065090179443
2011-03-30,3.5711708068847656
2011-03-31,3.529837846755981
2011-04-01,3.5711708068847656
2011-04-04,3.6621036529541016
2011-04-05,3.87290096282959
2011-04-06,4.335831165313721
2011-04-07,4.240765571594238
2011-04-08,4.298630714416504
2011-04-11,4.228364944458008
2011-04-13,4.187032222747803
2011-04-15,4.249032020568848
2011-04-18,4.277965068817139
2011-04-19,4.182898998260498
2011-04-20,4.575562000274658
2011-04-21,4.782227039337158
2011-04-25,5.31955623626709
2011-04-26,5.137691974639893
2011-04-27,4.968225955963135
2011-04-28,4.893826961517334
2011-04-29,4.786360740661621
2011-05-02,4.724361419677734
2011-05-03,4.468095779418945
2011-05-04,4.459830284118652
2011-05-05,4.571430206298828
2011-05-06,4.335831165313721
2011-05-09,4.360631465911865
2011-05-10,4.389563083648682
2011-05-11,4.36476469039917
2011-05-12,4.228364944458008
2011-05-13,4.249032020568848
2011-05-16,4.1498332023620605
2011-05-17,3.972100257873535
2011-05-18,3.9183669090271
2011-05-19,3.976234674453736
2011-05-20,3.996901512145996
2011-05-23,3.839835405349731
2011-05-24,3.790235757827759
2011-05-25,3.996901512145996
2011-05-26,4.096100330352783
2011-05-27,4.025833606719971
2011-05-30,3.93903398513794
2011-05-31,3.934901237487793
2011-06-01,4.063033103942871
2011-06-02,3.926635265350342
2011-06-03,3.9514336585998535
2011-06-06,3.856368780136109
2011-06-07,3.815035343170166
2011-06-08,3.852234363555908
2011-06-09,3.819168090820313
2011-06-10,3.765435695648194
2011-06-13,3.87290096282959
2011-06-14,3.7489030361175537
2011-06-15,3.6869029998779297
2011-06-16,3.678635835647583
2011-06-17,3.5463707447052
2011-06-20,3.33143949508667
2011-06-21,3.302506446838379
2011-06-22,3.314905881881714
2011-06-23,3.302506446838379
2011-06-24,3.3355724811553955
2011-06-27,3.294239044189453
2011-06-28,3.476105213165283
2011-06-29,3.59597110748291
2011-06-30,3.4554383754730225
2011-07-01,3.624904155731201
2011-07-04,3.579437017440796
2011-07-05,3.591836929321289
2011-07-06,3.5629048347473145
2011-07-07,3.5711708068847656
2011-07-08,3.5422372817993164
2011-07-11,3.5133042335510254
2011-07-12,3.476105213165283
2011-07-13,3.488504409790039
2011-07-14,3.480238199234009
2011-07-15,3.4058384895324707
2011-07-18,3.401705265045166
2011-07-19,3.393438577651977
2011-07-20,3.3686389923095703
2011-07-21,3.4389047622680664
2011-07-22,3.48437237739563
2011-07-25,3.538105010986328
2011-07-26,3.558771133422852
2011-07-27,3.591836929321289
2011-07-28,3.5463707447052
2011-07-29,3.38930606842041
2011-08-01,3.314905881881714
2011-08-02,3.2487735748291016
2011-08-03,3.1123740673065186
2011-08-04,3.228106737136841
2011-08-05,3.087574481964112
2011-08-08,2.9553091526031494
2011-08-09,2.909842729568481
2011-08-10,2.91810941696167
2011-08-11,2.827176809310913
2011-08-12,2.6618447303771973
2011-08-16,2.6287784576416016
2011-08-17,2.479979991912842
2011-08-18,2.236114978790283
2011-08-19,2.1410486698150635
2011-08-22,2.145182609558105
2011-08-23,2.1575827598571777
2011-08-24,2.182382345199585
2011-08-25,2.062516450881958
2011-08-26,1.9922503232955933
2011-08-29,2.0501163005828857
2011-08-30,2.1286492347717285
2011-09-02,2.211315155029297
2011-09-05,2.223715305328369
2011-09-06,2.521312713623047
2011-09-07,2.6329119205474854
2011-09-08,2.723844528198242
2011-09-09,2.60811185836792
2011-09-12,2.479979991912842
2011-09-13,2.49651312828064
2011-09-14,2.513046264648437
2011-09-15,2.504779577255249
2011-09-16,2.4841129779815674
2011-09-19,2.479979991912842
2011-09-20,2.471713066101074
2011-09-21,2.459312915802002
2011-09-22,2.405580520629883
2011-09-23,2.389047384262085
2011-09-26,2.3807806968688965
2011-09-27,2.372514009475708
2011-09-28,2.3353140354156494
2011-09-29,2.314647436141968
2011-09-30,2.2650482654571533
2011-10-03,2.2485151290893555
2011-10-04,2.198915719985962
2011-10-05,2.178248643875122
2011-10-07,2.2485151290893555
2011-10-10,2.207181930541992
2011-10-11,2.227848529815674
2011-10-12,2.3022472858428955
2011-10-13,2.273314952850342
2011-10-14,2.244381189346313
2011-10-17,2.360113382339477
2011-10-18,2.355980634689331
2011-10-19,2.4262468814849854
2011-10-20,2.53371262550354
2011-10-21,2.6329119205474854
2011-10-24,2.6163790225982666
2011-10-25,2.5874452590942383
2011-10-28,2.6701109409332275
2011-10-31,2.6907780170440674
2011-11-01,2.6453120708465576
2011-11-02,2.5709118843078613
2011-11-03,2.5254461765289307
2011-11-04,2.513046264648437
2011-11-08,2.53371262550354
2011-11-09,2.517179489135742
2011-11-11,2.475846290588379
2011-11-14,2.360113382339477
2011-11-15,2.2650482654571533
2011-11-16,2.211315155029297
2011-11-17,2.145182609558105
2011-11-18,2.1575827598571777
2011-11-21,2.087316036224365
2011-11-22,2.1906487941741943
2011-11-23,2.1906487941741943
2011-11-24,2.149315357208252
2011-11-25,2.25264835357666
2011-11-28,2.2319817543029785
2011-11-29,2.2319817543029785
2011-11-30,2.223715305328369
2011-12-01,2.198915719985962
2011-12-02,2.223715305328369
2011-12-05,2.1865153312683105
2011-12-07,2.207181930541992
2011-12-08,2.145182609558105
2011-12-09,2.145182609558105
2011-12-12,2.0583832263946533
2011-12-13,2.1327829360961914
2011-12-14,2.0294501781463623
2011-12-15,1.9302510023117063
2011-12-16,1.9302510023117063
2011-12-19,1.855851531028748
2011-12-20,1.9054510593414309
2011-12-21,1.8806517124176023
2011-12-22,1.955050349235535
2011-12-23,2.0129168033599854
2011-12-26,2.107982397079468
2011-12-27,2.079049587249756
2011-12-28,2.066649913787842
2011-12-29,2.066649913787842
2011-12-30,2.041849374771118
2012-01-02,2.062516450881958
2012-01-03,2.1327829360961914
2012-01-04,2.198915719985962
2012-01-05,2.306381225585937
2012-01-06,2.4841129779815674
2012-01-09,2.517179489135742
2012-01-10,2.6329119205474854
2012-01-11,2.79824447631836
2012-01-12,2.951176166534424
2012-01-13,3.145441055297852
2012-01-16,3.0710415840148926
2012-01-17,3.0586419105529785
2012-01-18,2.893309593200684
2012-01-19,2.8065102100372314
2012-01-20,2.934643030166626
2012-01-23,3.079308032989502
2012-01-24,3.2322402000427246
2012-01-25,3.385172128677368
2012-01-27,3.550504446029663
2012-01-30,3.45130467414856
2012-01-31,3.476105213165283
2012-02-01,3.476105213165283
2012-02-02,3.4430384635925293
2012-02-03,3.612503290176392
2012-02-06,3.583570718765259
2012-02-07,3.5546374320983887
2012-02-08,3.447172164916992
2012-02-09,3.612503290176392
2012-02-10,3.6373038291931152
2012-02-13,3.5463707447052
2012-02-14,3.45130467414856
2012-02-15,3.3686389923095703
2012-02-16,3.3231725692749023
2012-02-17,3.1909072399139404
2012-02-21,3.215707302093506
2012-02-22,3.137174606323242
2012-02-23,3.066908121109009
2012-02-24,3.0999741554260254
2012-02-27,2.951176166534424
2012-02-28,3.0958411693573
2012-02-29,3.04624080657959
2012-03-01,3.004908561706543
2012-03-02,3.0586419105529785
2012-03-05,3.1041083335876465
2012-03-06,3.091708183288574
2012-03-07,2.971842288970948
2012-03-09,2.980108976364136
2012-03-12,2.980108976364136
2012-03-13,2.988375663757324
2012-03-14,3.037975311279297
2012-03-15,3.244640588760376
2012-03-16,3.471971035003662
2012-03-19,3.819168090820313
2012-03-20,3.8439688682556152
2012-03-21,3.9679667949676514
2012-03-22,3.769569396972656
2012-03-23,3.753035068511963
2012-03-26,3.6455698013305664
2012-03-27,3.5463707447052
2012-03-28,3.591836929321289
2012-03-29,3.604237079620361
2012-03-30,3.7489030361175537
2012-04-02,3.794369697570801
2012-04-03,3.757169246673584
2012-04-04,3.649702787399292
2012-04-09,3.567037343978882
2012-04-10,3.612503290176392
2012-04-11,3.6373038291931152
2012-04-12,3.59597110748291
2012-04-13,3.5546374320983887
2012-04-16,3.533971071243286
2012-04-17,3.393438577651977
2012-04-18,3.261173248291016
2012-04-19,3.211573839187622
2012-04-20,3.3066394329071045
2012-04-23,3.4099721908569336
2012-04-24,3.567037343978882
2012-04-25,3.711703062057495
2012-04-26,3.823302984237671
2012-04-27,3.9307689666748047
2012-04-30,3.74476957321167
2012-05-02,3.641437292098999
2012-05-03,3.604237079620361
2012-05-04,3.5422372817993164
2012-05-07,3.46370530128479
2012-05-08,3.633169889450073
2012-05-09,3.732369899749756
2012-05-10,3.860502004623413
2012-05-11,3.910100698471069
2012-05-14,3.9597010612487793
2012-05-15,3.972100257873535
2012-05-16,4.14569902420044
2012-05-17,4.215964794158936
2012-05-18,4.120899200439453
2012-05-21,4.001034736633301
2012-05-22,3.823302984237671
2012-05-23,3.885301351547241
2012-05-24,4.07956600189209
2012-05-25,4.282097339630127
2012-05-28,4.298630714416504
2012-05-29,4.348231315612793
2012-05-30,4.1746320724487305
2012-05-31,4.339964866638184
2012-06-01,4.327563762664795
2012-06-04,4.323431491851807
2012-06-05,4.207700252532959
2012-06-06,4.228364944458008
2012-06-07,4.240765571594238
2012-06-08,4.344098091125488
2012-06-11,4.298630714416504
2012-06-12,4.339964866638184
2012-06-13,4.298630714416504
2012-06-14,4.339964866638184
2012-06-15,4.315165519714356
2012-06-18,4.298630714416504
2012-06-19,4.339964866638184
2012-06-20,4.315165519714356
2012-06-21,4.319298267364502
2012-06-22,4.335831165313721
2012-06-25,4.360631465911865
2012-06-26,4.339964866638184
2012-06-27,4.327563762664795
2012-06-28,4.323431491851807
2012-06-29,4.257298469543457
2012-07-02,4.257298469543457
2012-07-03,4.344098091125488
2012-07-04,4.335831165313721
2012-07-05,4.311030864715576
2012-07-06,4.352363109588623
2012-07-09,4.352363109588623
2012-07-10,4.26143217086792
2012-07-11,4.335831165313721
2012-07-12,4.393697261810303
2012-07-13,4.430896759033203
2012-07-16,4.36476469039917
2012-07-17,4.360631465911865
2012-07-18,4.389563083648682
2012-07-19,4.418497085571289
2012-07-20,4.414363861083984
2012-07-23,4.389563083648682
2012-07-24,4.4102301597595215
2012-07-25,4.393697261810303
2012-07-26,4.397831439971924
2012-07-27,4.401963710784912
2012-07-30,4.397831439971924
2012-07-31,4.401963710784912
2012-08-01,4.397831439971924
2012-08-02,4.236631870269775
2012-08-03,4.422630310058594
2012-08-06,4.435030460357666
2012-08-07,4.435030460357666
2012-08-08,4.480495929718018
2012-08-09,4.476364612579346
2012-08-10,4.629294872283936
2012-08-13,4.856626987457275
2012-08-14,4.67476224899292
2012-08-16,4.695427894592285
2012-08-17,4.612762451171875
2012-08-21,4.513563632965088
2012-08-22,4.406096935272217
2012-08-23,4.559028625488281
2012-08-24,4.521829128265381
2012-08-27,4.550763130187988
2012-08-28,4.393697261810303
2012-08-29,4.468095779418945
2012-08-30,4.344098091125488
2012-08-31,4.286231994628906
2012-09-03,4.476364612579346
2012-09-04,4.455697059631348
2012-09-05,4.36476469039917
2012-09-06,4.335831165313721
2012-09-07,4.294497966766357
2012-09-10,4.265565872192383
2012-09-11,4.306899070739746
2012-09-12,4.240765571594238
2012-09-13,4.228364944458008
2012-09-14,4.133299827575684
2012-09-17,4.335831165313721
2012-09-18,4.559028625488281
2012-09-20,4.497030258178711
2012-09-21,4.463963508605957
2012-09-24,4.426764011383057
2012-09-25,4.435030460357666
2012-09-26,4.406096935272217
2012-09-27,4.348231315612793
2012-09-28,4.286231994628906
2012-10-01,4.509428977966309
2012-10-03,4.468095779418945
2012-10-04,4.616896629333496
2012-10-05,4.459830284118652
2012-10-08,4.472229957580566
2012-10-09,4.468095779418945
2012-10-10,4.443296909332275
2012-10-11,4.406096935272217
2012-10-12,4.385430812835693
2012-10-15,4.393697261810303
2012-10-16,4.4391632080078125
2012-10-17,4.509428977966309
2012-10-18,4.463963508605957
2012-10-19,4.393697261810303
2012-10-22,4.463963508605957
2012-10-23,4.513563632965088
2012-10-25,4.468095779418945
2012-10-29,4.319298267364502
2012-10-30,4.273831367492676
2012-10-31,4.273831367492676
2012-11-01,4.360631465911865
2012-11-02,4.339964866638184
2012-11-05,4.286231994628906
2012-11-06,4.352363109588623
2012-11-07,4.344098091125488
2012-11-08,4.4391632080078125
2012-11-09,4.773960113525391
2012-11-12,4.881425857543945
2012-11-15,5.340221881866455
2012-11-16,5.265823841094971
2012-11-19,5.608887195587158
2012-11-20,5.476621627807617
2012-11-21,5.439421653747559
2012-11-22,5.695193290710449
2012-11-23,5.733560562133789
2012-11-26,5.750611782073975
2012-11-27,5.754873752593994
2012-11-29,5.703721046447754
2012-11-30,5.626988410949707
2012-12-03,5.511890888214111
2012-12-04,5.31153678894043
2012-12-05,5.384004592895508
2012-12-06,5.516154766082764
2012-12-07,5.499102592468262
2012-12-10,5.38826847076416
2012-12-11,5.204965114593506
2012-12-12,5.213489532470703
2012-12-13,5.106917858123779
2012-12-14,5.094128131866455
2012-12-17,5.034449100494385
2012-12-18,5.213489532470703
2012-12-19,5.170861721038818
2012-12-20,5.264643669128418
2012-12-21,5.132495880126953
2012-12-24,5.0131354331970215
2012-12-26,4.961980819702148
2012-12-27,4.961980819702148
2012-12-28,5.332850456237793
2012-12-31,5.260381698608398
2013-01-01,5.281696796417236
2013-01-02,5.226279258728027
2013-01-03,5.243330478668213
2013-01-04,5.324325084686279
2013-01-07,5.443685531616211
2013-01-08,5.464999198913574
2013-01-09,5.67814302444458
2013-01-10,5.673880100250244
2013-01-11,5.673880100250244
2013-01-14,5.695193290710449
2013-01-15,5.67814302444458
2013-01-16,5.79750394821167
2013-01-17,5.801766395568848
2013-01-18,5.79750394821167
2013-01-21,5.865708827972412
2013-01-22,5.989332675933838
2013-01-23,6.530716419219971
2013-01-24,6.488088130950928
2013-01-25,6.709757328033447
2013-01-28,6.910111427307129
2013-01-29,6.974056720733643
2013-01-30,6.667129039764404
2013-01-31,6.833381652832031
2013-02-01,6.667129039764404
2013-02-04,6.598923683166504
2013-02-05,6.338887691497803
2013-02-06,6.5605573654174805
2013-02-07,6.5648193359375
2013-02-08,6.3559393882751465
2013-02-11,6.479563236236572
2013-02-12,6.534979343414307
2013-02-13,6.381515979766846
2013-02-14,6.372990608215332
2013-02-15,6.586134433746338
2013-02-18,6.4966139793396
2013-02-19,6.692706108093262
2013-02-20,6.731072425842285
2013-02-21,6.55629301071167
2013-02-22,6.581871509552002
2013-02-25,6.645815372467041
2013-02-26,6.232315540313721
2013-02-27,6.202475547790527
2013-02-28,6.121480464935303
2013-03-01,5.942440986633301
2013-03-04,5.707982540130615
2013-03-05,6.07459020614624
2013-03-06,6.070326805114746
2013-03-07,6.014909267425537
2013-03-08,5.980806350708008
2013-03-11,5.801766395568848
2013-03-12,5.793240547180176
2013-03-13,5.618463039398193
2013-03-14,5.635514736175537
2013-03-15,5.793240547180176
2013-03-18,5.69093132019043
2013-03-19,5.443685531616211
2013-03-20,5.149547576904297
2013-03-21,4.821306228637695
2013-03-22,5.119706630706787
2013-03-25,5.375478744506836
2013-03-26,5.575833797454834
2013-03-28,5.801766395568848
2013-04-01,5.644040107727051
2013-04-02,5.78045129776001
2013-04-03,5.588622093200684
2013-04-04,5.379741668701172
2013-04-05,5.379741668701172
2013-04-08,5.328588008880615
2013-04-09,5.39253044128418
2013-04-10,5.341375350952148
2013-04-11,5.426632881164551
2013-04-12,5.494839668273926
2013-04-15,5.597148895263672
2013-04-16,5.575833797454834
2013-04-17,5.703721046447754
2013-04-18,5.88702392578125
2013-04-22,5.823081016540527
2013-04-23,5.712246417999268
2013-04-25,5.665354251861572
2013-04-26,5.580097198486328
2013-04-29,5.35842752456665
2013-04-30,5.366953372955322
2013-05-02,5.315799713134766
2013-05-03,5.366953372955322
2013-05-06,5.337112903594971
2013-05-07,5.341375350952148
2013-05-08,5.285958766937256
2013-05-09,5.40105676651001
2013-05-10,5.567307949066162
2013-05-13,5.447947502136231
2013-05-14,5.4607367515563965
2013-05-15,5.806029319763184
2013-05-16,5.712246417999268
2013-05-17,5.622725963592529
2013-05-20,5.494839668273926
2013-05-21,5.409581661224365
2013-05-22,5.345639705657959
2013-05-23,5.328588008880615
2013-05-24,5.341375350952148
2013-05-27,5.320061206817627
2013-05-28,5.230542182922363
2013-05-29,5.021660327911377
2013-05-30,4.927878379821777
2013-05-31,4.8255696296691895
2013-06-03,5.10265588760376
2013-06-04,5.35842752456665
2013-06-05,5.575833797454834
2013-06-06,5.354165077209473
2013-06-07,5.39253044128418
2013-06-10,5.375478744506836
2013-06-11,5.362690448760986
2013-06-12,5.345639705657959
2013-06-13,5.285958766937256
2013-06-14,5.290221691131592
2013-06-17,5.307273387908936
2013-06-18,5.31153678894043
2013-06-19,5.307273387908936
2013-06-20,5.2944841384887695
2013-06-21,5.371216773986816
2013-06-24,5.298748016357422
2013-06-25,5.2007012367248535
2013-06-26,5.247593402862549
2013-06-27,5.077077865600586
2013-06-28,5.328588008880615
2013-07-01,5.256118297576904
2013-07-02,5.068553924560547
2013-07-03,4.970506191253662
2013-07-04,5.0131354331970215
2013-07-05,4.95345401763916
2013-07-08,4.923614501953125
2013-07-09,4.880985736846924
2013-07-10,4.817042827606201
2013-07-11,4.885249614715576
2013-07-12,4.8895111083984375
2013-07-15,4.787202835083008
2013-07-16,4.761626720428467
2013-07-17,4.689157485961914
2013-07-18,4.718996524810791
2013-07-19,4.757363319396973
2013-07-22,4.731785297393799
2013-07-23,4.740312099456787
2013-07-24,4.67210578918457
2013-07-25,4.706208229064941
2013-07-26,4.599637031555176
2013-07-29,4.301236152648926
2013-07-30,4.318286895751953
2013-07-31,4.130720615386963
2013-08-01,4.352390289306641
2013-08-02,4.28418493270874
2013-08-05,4.1690874099731445
2013-08-06,4.177611827850342
2013-08-07,4.416332721710205
2013-08-08,4.89377498626709
2013-08-12,4.983294486999512
2013-08-13,4.778677463531494
2013-08-14,4.706208229064941
2013-08-16,4.548481464385986
2013-08-19,4.467487335205078
2013-08-20,4.612425327301025
2013-08-21,4.57832145690918
2013-08-22,4.642265796661377
2013-08-23,4.655054569244385
2013-08-26,4.821306228637695
2013-08-27,4.59537410736084
2013-08-28,4.612425327301025
2013-08-29,4.591111183166504
2013-08-30,5.072814464569092
2013-09-02,4.915089130401611
2013-09-03,4.78294038772583
2013-09-04,4.821306228637695
2013-09-05,4.8895111083984375
2013-09-06,4.842619895935059
2013-09-10,4.855410099029541
2013-09-11,4.821306228637695
2013-09-12,4.791466236114502
2013-09-13,4.940666675567627
2013-09-16,5.2944841384887695
2013-09-17,5.098392486572266
2013-09-18,5.158072471618652
2013-09-19,5.523987293243408
2013-09-20,5.62097692489624
2013-09-23,5.4622673988342285
2013-09-24,5.449041366577148
2013-09-25,5.3740949630737305
2013-09-26,5.330008506774902
2013-09-27,5.210975170135498
2013-09-30,5.413771629333496
2013-10-01,5.316784381866455
2013-10-03,5.290331840515137
2013-10-04,5.184525012969971
2013-10-07,5.259471893310547
2013-10-08,5.158071994781494
2013-10-09,5.1889328956604
2013-10-10,5.136030197143555
2013-10-11,5.219793319702148
2013-10-14,5.290331840515137
2013-10-15,5.330008506774902
2013-10-17,5.457859039306641
2013-10-18,5.409363269805908
2013-10-21,5.453449249267578
2013-10-22,5.629794597625732
2013-10-23,5.801729679107666
2013-10-24,5.665063381195068
2013-10-25,5.643020153045654
2013-10-28,5.744418621063232
2013-10-29,5.647428512573242
2013-10-30,5.585708141326904
2013-10-31,5.98248291015625
2013-11-01,5.806138515472412
2013-11-05,6.088289260864258
2013-11-06,6.053020477294922
2013-11-07,5.819364070892334
2013-11-08,5.85022497177124
2013-11-11,5.83699893951416
2013-11-12,5.797321319580078
2013-11-13,5.841407299041748
2013-11-14,5.98248291015625
2013-11-18,5.986891269683838
2013-11-19,6.039794921875
2013-11-20,6.269042491912842
2013-11-21,6.304311752319336
2013-11-22,6.432160377502441
2013-11-25,6.401301383972168
2013-11-26,6.291085243225098
2013-11-27,6.105923652648926
2013-11-28,6.132375717163086
2013-11-29,6.048611164093018
2013-12-02,6.163235187530518
2013-12-03,6.19850492477417
2013-12-04,6.277859210968018
2013-12-05,6.141192436218262
2013-12-06,6.053020477294922
2013-12-09,6.053020477294922
2013-12-10,6.053020477294922
2013-12-11,6.022160053253174
2013-12-12,5.942805290222168
2013-12-13,5.95162296295166
2013-12-16,5.903127670288086
2013-12-17,5.863450527191162
2013-12-18,6.05742883682251
2013-12-19,6.163235187530518
2013-12-20,6.141192436218262
2013-12-23,6.044203281402588
2013-12-24,6.167644023895264
2013-12-26,6.291085243225098
2013-12-27,6.308720111846924
2013-12-30,6.44538688659668
2013-12-31,6.612912654876709
2014-01-01,6.965602874755859
2014-01-02,7.124312400817871
2014-01-03,7.362376689910889
2014-01-06,7.507860660552978
2014-01-07,7.181625843048096
2014-01-08,7.141948223114014
2014-01-09,7.150763988494873
2014-01-10,7.521088600158691
2014-01-13,7.873776912689209
2014-01-14,7.7767863273620605
2014-01-15,7.759151458740234
2014-01-16,8.151517868041992
2014-01-17,8.050119400024414
2014-01-20,8.063347816467285
2014-01-21,8.045711517333984
2014-01-22,8.063347816467285
2014-01-23,8.023670196533203
2014-01-24,8.107433319091797
2014-01-27,7.922270774841309
2014-01-28,8.006032943725586
2014-01-29,7.9839911460876465
2014-01-30,7.715065002441406
2014-01-31,7.745925903320312
2014-02-03,7.935494899749756
2014-02-04,8.050119400024414
2014-02-05,8.006032943725586
2014-02-06,7.922270774841309
2014-02-07,7.935494899749756
2014-02-10,7.935494899749756
2014-02-11,8.067755699157715
2014-02-12,8.195605278015137
2014-02-13,8.164745330810547
2014-02-14,8.363130569458008
2014-02-17,8.420443534851074
2014-02-18,8.455714225769043
2014-02-19,8.499798774719238
2014-02-20,8.557111740112305
2014-02-21,8.764314651489258
2014-02-24,8.826034545898438
2014-02-25,8.68055248260498
2014-02-26,8.839262008666992
2014-02-28,9.06850814819336
2014-03-03,9.143454551696776
2014-03-04,9.236038208007812
2014-03-05,9.187541961669922
2014-03-06,9.042057037353516
2014-03-07,8.693778038024902
2014-03-10,8.768723487854004
2014-03-11,8.874530792236328
2014-03-12,8.729044914245605
2014-03-13,8.59678840637207
2014-03-14,8.6011962890625
2014-03-18,8.59678840637207
2014-03-19,8.59678840637207
2014-03-20,8.36754035949707
2014-03-21,8.548293113708496
2014-03-24,8.557111740112305
2014-03-25,8.526251792907715
2014-03-26,8.486572265625
2014-03-27,8.393991470336914
2014-03-28,8.777542114257812
2014-03-31,8.87894058227539
2014-04-01,9.152273178100586
2014-04-02,9.064101219177246
2014-04-03,9.006790161132812
2014-04-04,8.989154815673828
2014-04-07,8.949475288391113
2014-04-09,9.077326774597168
2014-04-10,9.081735610961914
2014-04-11,8.980337142944336
2014-04-15,9.112594604492188
2014-04-16,8.971521377563477
2014-04-17,9.055283546447754
2014-04-21,9.099369049072266
2014-04-22,9.513778686523438
2014-04-23,10.117759704589844
2014-04-24,10.117759704589844
2014-04-25,10.02517795562744
2014-04-28,10.699695587158203
2014-04-29,11.50647258758545
2014-04-30,11.387436866760254
2014-05-02,10.74818992614746
2014-05-05,10.510124206542969
2014-05-06,10.84076976776123
2014-05-07,10.598295211791992
2014-05-08,10.404319763183594
2014-05-09,10.488081932067873
2014-05-12,10.933351516723633
2014-05-13,10.89367389678955
2014-05-14,11.360984802246094
2014-05-15,10.7614164352417
2014-05-16,10.955395698547363
2014-05-19,11.70485782623291
2014-05-20,12.128084182739258
2014-05-21,12.035503387451172
2014-05-22,11.837116241455078
2014-05-23,11.74453353881836
2014-05-26,11.396255493164062
2014-05-27,11.713674545288086
2014-05-28,11.581417083740234
2014-05-29,11.184640884399414
2014-05-30,11.05238437652588
2014-06-02,11.837116241455078
2014-06-03,11.74453353881836
2014-06-04,11.987009048461914
2014-06-05,12.066363334655762
2014-06-06,12.555718421936035
2014-06-09,13.582924842834473
2014-06-10,14.715936660766602
2014-06-11,15.015721321105955
2014-06-12,15.200886726379396
2014-06-13,14.883463859558104
2014-06-16,15.64174461364746
2014-06-17,15.89744472503662
2014-06-18,15.928304672241213
2014-06-19,16.026931762695312
2014-06-20,15.291707992553713
2014-06-23,16.071762084960938
2014-06-24,16.197288513183594
2014-06-25,16.14797592163086
2014-06-26,15.29619598388672
2014-06-27,14.955482482910156
2014-06-30,15.69966983795166
2014-07-01,16.48420524597168
2014-07-02,17.30459976196289
2014-07-03,17.649797439575195
2014-07-04,18.528478622436523
2014-07-07,19.451993942260746
2014-07-08,19.88236618041992
2014-07-09,19.34887886047364
2014-07-10,18.976783752441406
2014-07-11,18.255016326904297
2014-07-14,18.57779312133789
2014-07-15,18.76608085632324
2014-07-16,18.34019088745117
2014-07-17,18.57331275939941
2014-07-18,18.40743827819824
2014-07-21,19.32646369934082
2014-07-22,19.85546493530273
2014-07-23,19.788217544555664
2014-07-24,20.77448844909668
2014-07-25,21.030027389526367
2014-07-28,20.828289031982425
2014-07-30,21.49626541137696
2014-07-31,21.388669967651367
2014-08-01,20.967262268066406
2014-08-04,20.63999938964844
2014-08-05,20.57723617553711
2014-08-06,20.23652648925781
2014-08-07,19.931678771972656
2014-08-08,19.57303047180176
2014-08-11,19.55958366394043
2014-08-12,19.774768829345703
2014-08-13,19.44302558898925
2014-08-14,19.60441398620605
2014-08-18,19.582000732421875
2014-08-19,20.42929649353028
2014-08-20,20.635517120361328
2014-08-21,20.241010665893555
2014-08-22,20.030303955078125
2014-08-25,19.95857620239257
2014-08-26,19.72993850708008
2014-08-27,19.617860794067383
2014-08-28,19.528200149536133
2014-09-01,19.64027404785156
2014-09-02,19.532678604125977
2014-09-03,19.80615234375
2014-09-04,19.80615234375
2014-09-05,22.549779891967773
2014-09-08,23.540536880493164
2014-09-09,23.50019073486328
2014-09-10,23.30293655395508
2014-09-11,23.8184871673584
2014-09-12,23.7512435913086
2014-09-15,23.800556182861328
2014-09-16,23.25362014770508
2014-09-17,23.61226463317871
2014-09-18,23.827455520629883
2014-09-19,25.10064125061035
2014-09-22,26.88041877746582
2014-09-23,26.46797561645508
2014-09-24,25.74620246887207
2014-09-25,25.47721672058105
2014-09-26,25.34272766113281
2014-09-29,25.66102409362793
2014-09-30,26.916278839111328
2014-10-01,27.54839515686035
2014-10-07,26.481422424316406
2014-10-08,26.9655990600586
2014-10-09,27.66046714782715
2014-10-10,27.2256088256836
2014-10-13,26.647293090820312
2014-10-14,26.947662353515625
2014-10-15,26.947662353515625
2014-10-16,25.51308250427246
2014-10-17,25.45480155944824
2014-10-20,25.8089656829834
2014-10-21,25.974838256835938
2014-10-22,25.32927322387696
2014-10-27,25.01994705200196
2014-10-28,25.037878036499023
2014-10-29,26.47245979309082
2014-10-30,26.898344039916992
2014-10-31,26.79523658752441
2014-11-03,27.48562812805176
2014-11-05,30.220291137695312
2014-11-07,30.511693954467773
2014-11-10,31.38140296936035
2014-11-11,32.071800231933594
2014-11-12,32.582862854003906
2014-11-13,35.05751419067383
2014-11-14,35.10234451293945
2014-11-17,33.900638580322266
2014-11-18,33.95485305786133
2014-11-19,33.18233108520508
2014-11-20,33.34496307373047
2014-11-21,33.751564025878906
2014-11-24,35.66253662109375
2014-11-25,35.143001556396484
2014-11-26,35.07524490356445
2014-11-27,34.31626892089844
2014-11-28,33.67475891113281
2014-12-01,33.887088775634766
2014-12-02,33.55278015136719
2014-12-03,33.49405288696289
2014-12-04,33.67927932739258
2014-12-05,32.947410583496094
2014-12-08,32.8525390625
2014-12-09,32.12970733642578
2014-12-10,32.7802619934082
2014-12-11,32.319454193115234
2014-12-12,30.56207847595215
2014-12-15,30.33167839050293
2014-12-16,28.99896240234375
2014-12-17,29.16611862182617
2014-12-18,30.575639724731445
2014-12-19,30.56207847595215
2014-12-22,29.925085067749023
2014-12-23,28.976377487182617
2014-12-24,29.319721221923828
2014-12-26,29.2158145904541
2014-12-29,28.922163009643555
2014-12-30,28.94927024841309
2014-12-31,29.78052520751953
2015-01-01,29.857316970825195
2015-01-02,30.20970344543457
2015-01-05,29.42362403869629
2015-01-06,28.221923828125
2015-01-07,28.904090881347656
2015-01-08,29.74889373779297
2015-01-09,29.916053771972656
2015-01-12,29.8166618347168
2015-01-13,29.803110122680664
2015-01-14,30.59370422363281
2015-01-15,30.8195858001709
2015-01-16,30.937047958374023
2015-01-19,30.92349433898925
2015-01-20,31.53789710998535
2015-01-21,30.7473087310791
2015-01-22,30.7744083404541
2015-01-23,30.90090560913086
2015-01-27,31.045467376708984
2015-01-28,31.73667907714844
2015-01-29,32.418846130371094
2015-01-30,34.62799072265625
2015-02-02,35.21980285644531
2015-02-03,33.62958908081055
2015-02-04,33.304317474365234
2015-02-05,34.248504638671875
2015-02-06,34.12200927734375
2015-02-09,33.475975036621094
2015-02-10,33.3901481628418
2015-02-11,33.367557525634766
2015-02-12,33.33592987060547
2015-02-13,32.563411712646484
2015-02-16,32.197471618652344
2015-02-18,32.63117980957031
2015-02-19,32.02580642700195
2015-02-20,32.057430267333984
2015-02-23,32.12970733642578
2015-02-24,31.515310287475582
2015-02-25,32.08905792236328
2015-02-26,31.682462692260746
2015-02-27,32.423362731933594
2015-03-02,31.596630096435547
2015-03-03,31.18551445007324
2015-03-04,31.02288627624512
2015-03-05,31.2894344329834
2015-03-09,30.724721908569336
2015-03-10,30.806039810180664
2015-03-11,30.340721130371094
2015-03-12,30.55756568908692
2015-03-13,29.577224731445312
2015-03-16,29.96574592590332
2015-03-17,29.455245971679688
2015-03-18,30.65695571899414
2015-03-19,30.58918190002441
2015-03-20,30.191635131835938
2015-03-23,29.91153907775879
2015-03-24,29.52301025390625
2015-03-25,29.785043716430664
2015-03-26,29.60884666442871
2015-03-27,29.7263126373291
2015-03-30,30.87831687927246
2015-03-31,32.14326477050781
2015-04-01,34.230430603027344
2015-04-06,33.88257598876953
2015-04-07,33.087459564208984
2015-04-08,34.70026779174805
2015-04-09,34.402103424072266
2015-04-10,35.938114166259766
2015-04-13,38.69841384887695
2015-04-15,39.10048675537109
2015-04-16,38.14725875854492
2015-04-17,37.108192443847656
2015-04-20,36.773887634277344
2015-04-21,38.17887878417969
2015-04-22,38.37314224243164
2015-04-23,39.19987869262695
2015-04-24,35.19721603393555
2015-04-27,34.3388557434082
2015-04-28,37.41087341308594
2015-04-29,40.5145149230957
2015-04-30,42.81401824951172
2015-05-04,44.86503601074219
2015-05-05,43.79887008666992
2015-05-06,42.39838790893555
2015-05-07,45.045745849609375
2015-05-08,45.05479049682617
2015-05-11,45.755027770996094
2015-05-12,45.804718017578125
2015-05-13,47.87833023071289
2015-05-14,49.74864959716797
2015-05-15,48.47918319702149
2015-05-18,48.83156204223633
2015-05-19,51.18527221679688
2015-05-20,49.50469207763672
2015-05-21,49.05293273925781
2015-05-22,50.2275276184082
2015-05-25,50.40822982788086
2015-05-26,51.42019271850586
2015-05-27,51.04973602294922
2015-05-28,49.89773178100586
2015-05-29,51.10395431518555
2015-06-01,51.66866683959961
2015-06-02,50.29980850219727
2015-06-03,48.84059524536133
2015-06-04,49.31495666503906
2015-06-05,48.94902038574219
2015-06-08,48.420448303222656
2015-06-09,47.19164276123047
2015-06-10,47.87833023071289
2015-06-11,46.51851272583008
2015-06-12,46.64500427246094
2015-06-15,46.92509460449219
2015-06-16,48.60568237304688
2015-06-17,49.42789840698242
2015-06-18,51.154727935791016
2015-06-19,52.574684143066406
2015-06-22,57.03606796264648
2015-06-23,55.973388671875
2015-06-24,55.327545166015625
2015-06-25,55.64817810058594
2015-06-26,57.99796295166016
2015-06-29,57.29256820678711
2015-06-30,58.89115905761719
2015-07-01,58.2498893737793
2015-07-02,60.705020904541016
2015-07-03,59.2988166809082
2015-07-06,64.76789855957031
2015-07-07,64.1220474243164
2015-07-08,63.902191162109375
2015-07-09,64.02587127685547
2015-07-10,65.31756591796875
2015-07-13,67.37877655029297
2015-07-14,67.28257751464844
2015-07-15,67.7223129272461
2015-07-16,69.27967834472656
2015-07-17,71.06149291992188
2015-07-20,70.86910247802734
2015-07-21,67.05813598632812
2015-07-22,71.48745727539062
2015-07-23,72.27529907226562
2015-07-24,73.68150329589844
2015-07-27,72.84785461425781
2015-07-28,77.14891815185547
2015-07-29,79.39794921875
2015-07-30,82.27447509765625
2015-07-31,82.18287658691406
2015-08-03,86.47935485839844
2015-08-04,84.7845687866211
2015-08-05,85.55409240722656
2015-08-06,80.396484375
2015-08-07,80.79956817626953
2015-08-10,79.5628433227539
2015-08-11,77.68024444580078
2015-08-12,74.31818389892578
2015-08-13,71.96383666992188
2015-08-14,73.91053009033203
2015-08-17,73.7181396484375
2015-08-18,76.8145523071289
2015-08-19,80.29571533203125
2015-08-20,77.53369140625
2015-08-21,77.63444519042969
2015-08-24,66.72835540771484
2015-08-25,67.42918395996094
2015-08-26,66.91156768798828
2015-08-27,69.45830535888672
2015-08-28,70.5988540649414
2015-08-31,70.70877075195312
2015-09-01,69.43999481201172
2015-09-02,69.92092895507812
2015-09-03,70.0491943359375
2015-09-04,65.17098999023438
2015-09-07,65.6107177734375
2015-09-08,66.85201263427734
2015-09-09,73.4570541381836
2015-09-10,75.4220962524414
2015-09-11,79.2147216796875
2015-09-14,78.83454132080078
2015-09-15,78.50931549072266
2015-09-16,78.02838134765625
2015-09-18,80.414794921875
2015-09-21,77.08021545410156
2015-09-22,76.02214050292969
2015-09-23,75.11061096191406
2015-09-24,77.85431671142578
2015-09-28,76.24658203125
2015-09-29,77.57948303222656
2015-09-30,77.42374420166016
2015-10-01,77.72606658935547
2015-10-05,81.80269622802734
2015-10-06,83.2501220703125
2015-10-07,78.97651672363281
2015-10-08,75.765625
2015-10-09,70.058349609375
2015-10-12,73.40209197998047
2015-10-13,71.28133392333984
2015-10-14,72.8753433227539
2015-10-15,70.08125305175781
2015-10-16,67.12226104736328
2015-10-19,70.04459381103516
2015-10-20,69.60946655273438
2015-10-21,69.0231704711914
2015-10-23,67.1863784790039
2015-10-26,69.17431640625
2015-10-27,67.59407043457031
2015-10-28,69.91178131103516
2015-10-29,70.70877075195312
2015-10-30,66.39427947998047
2015-11-02,67.5583724975586
2015-11-03,66.55595397949219
2015-11-04,65.90462493896484
2015-11-05,64.92070007324219
2015-11-06,66.44970703125
2015-11-09,67.4474868774414
2015-11-10,68.16351318359375
2015-11-13,68.440673828125
2015-11-16,68.97651672363281
2015-11-17,69.7202377319336
2015-11-18,70.4778060913086
2015-11-19,71.28158569335938
2015-11-20,74.87545013427734
2015-11-23,74.9308853149414
2015-11-24,76.88025665283203
2015-11-26,76.77401733398438
2015-11-27,76.3628921508789
2015-11-30,81.30101013183594
2015-12-01,79.99834442138672
2015-12-02,80.24317169189453
2015-12-03,81.35643768310547
2015-12-04,80.53880310058594
2015-12-07,79.1576156616211
2015-12-08,78.5432357788086
2015-12-09,73.99777221679688
2015-12-10,74.108642578125
2015-12-11,73.37415313720703
2015-12-14,73.39263916015625
2015-12-15,73.72985076904297
2015-12-16,73.00923156738281
2015-12-17,78.34461975097656
2015-12-18,77.88729095458984
2015-12-21,79.38858795166016
2015-12-22,80.6589126586914
2015-12-23,82.32189178466797
2015-12-24,81.55044555664062
2015-12-28,81.73060607910156
2015-12-29,81.93385314941406
2015-12-30,84.67777252197266
2015-12-31,84.3359375
2016-01-01,84.160400390625
2016-01-04,81.51811981201172
2016-01-05,81.1993637084961
2016-01-06,78.80191802978516
2016-01-07,78.84810638427734
2016-01-08,80.59886169433594
2016-01-11,80.73281860351562
2016-01-12,81.3610610961914
2016-01-13,79.31005096435547
2016-01-14,78.54785919189453
2016-01-15,76.5107192993164
2016-01-18,71.07833099365234
2016-01-19,69.70175170898438
2016-01-20,71.45712280273438
2016-01-21,76.25202941894531
2016-01-22,75.40668487548828
2016-01-25,76.78787231445312
2016-01-27,77.74869537353516
2016-01-28,77.0927505493164
2016-01-29,76.75091552734375
2016-02-01,77.99815368652344
2016-02-02,79.70731353759766
2016-02-03,81.7952880859375
2016-02-04,81.55044555664062
2016-02-05,83.46749877929688
2016-02-08,82.80229949951172
2016-02-09,83.5367660522461
2016-02-10,83.16260528564453
2016-02-11,79.35162353515625
2016-02-12,78.1182632446289
2016-02-15,79.48096466064453
2016-02-16,80.23393249511719
2016-02-17,80.3263168334961
2016-02-18,80.37712097167969
2016-02-19,80.13230895996094
2016-02-22,80.48336791992188
2016-02-23,80.53880310058594
2016-02-24,80.6219711303711
2016-02-25,77.50387573242188
2016-02-26,77.03270721435547
2016-02-29,75.00479125976562
2016-03-01,78.5155258178711
2016-03-02,79.46710205078125
2016-03-03,78.07206726074219
2016-03-04,78.4831771850586
2016-03-08,78.59404754638672
2016-03-09,81.23633575439453
2016-03-10,83.08406829833984
2016-03-11,89.92998504638672
2016-03-14,91.81470489501952
2016-03-15,88.78901672363281
2016-03-16,86.7611083984375
2016-03-17,86.64099884033203
2016-03-18,86.81654357910156
2016-03-21,90.27404022216795
2016-03-22,90.2278060913086
2016-03-23,100.0271453857422
2016-03-28,92.72386932373048
2016-03-29,87.8241958618164
2016-03-30,92.49276733398438
2016-03-31,91.47584533691406
2016-04-01,91.19850158691406
2016-04-04,88.79489135742188
2016-04-05,86.16017150878906
2016-04-06,83.10944366455078
2016-04-07,82.83209991455078
2016-04-08,85.28192138671875
2016-04-11,84.26502227783203
2016-04-12,81.39916229248047
2016-04-13,83.94145202636719
2016-04-18,88.14777374267578
2016-04-20,91.38339233398438
2016-04-21,92.07674407958984
2016-04-22,91.84562683105467
2016-04-25,91.6607437133789
2016-04-26,92.446533203125
2016-04-27,92.6776351928711
2016-04-28,91.24472045898438
2016-04-29,92.40030670166016
2016-05-02,92.03052520751952
2016-05-03,91.42961120605467
2016-05-04,87.9166488647461
2016-05-05,85.65172576904297
2016-05-06,85.18948364257812
2016-05-09,86.48372650146484
2016-05-10,86.52995300292969
2016-05-11,88.79489135742188
2016-05-12,90.92115783691406
2016-05-13,89.48824310302734
2016-05-16,87.9166488647461
2016-05-17,90.6438217163086
2016-05-18,92.8163070678711
2016-05-19,92.49276733398438
2016-05-20,92.30786895751952
2016-05-23,92.40030670166016
2016-05-24,92.72386932373048
2016-05-25,93.69454956054688
2016-05-26,92.9549789428711
2016-05-27,92.49276733398438
2016-05-30,92.58519744873048
2016-05-31,96.37550354003906
2016-06-01,97.85464477539062
2016-06-02,98.91779327392578
2016-06-03,99.84225463867188
2016-06-06,99.1489028930664
2016-06-07,99.84225463867188
2016-06-08,97.66975402832033
2016-06-09,99.33379364013672
2016-06-10,103.90989685058594
2016-06-13,105.0654754638672
2016-06-14,108.62466430664062
2016-06-15,104.64947509765624
2016-06-16,100.16580200195312
2016-06-17,101.5063018798828
2016-06-20,98.5479965209961
2016-06-21,100.72048950195312
2016-06-22,98.17822265625
2016-06-23,97.85450744628906
2016-06-24,96.3284149169922
2016-06-27,96.60588073730467
2016-06-28,94.84857940673828
2016-06-29,97.11458587646484
2016-06-30,100.72169494628906
2016-07-01,99.14935302734376
2016-07-04,99.51932525634766
2016-07-05,97.62328338623048
2016-07-07,101.04541015625
2016-07-08,101.13788604736328
2016-07-11,101.04541015625
2016-07-12,102.43275451660156
2016-07-13,101.13788604736328
2016-07-14,98.31695556640624
2016-07-15,103.5888900756836
2016-07-18,97.48454284667967
2016-07-19,99.42681884765624
2016-07-20,100.0280303955078
2016-07-21,98.8256378173828
2016-07-22,98.8256378173828
2016-07-25,99.93553161621094
2016-07-26,92.5825653076172
2016-07-27,95.21853637695312
2016-07-28,97.34580993652344
2016-07-29,94.6635971069336
2016-08-01,98.31695556640624
2016-08-02,97.0220947265625
2016-08-03,94.5710906982422
2016-08-04,95.49600982666016
2016-08-05,95.35726165771484
2016-08-08,94.24739074707033
2016-08-09,94.7098388671875
2016-08-10,94.98729705810548
2016-08-11,97.0220947265625
2016-08-12,98.87188720703124
2016-08-16,97.11458587646484
2016-08-17,95.95846557617188
2016-08-18,94.33987426757812
2016-08-19,95.44976043701172
2016-08-22,76.39681243896484
2016-08-23,61.13593673706055
2016-08-24,55.03159713745117
2016-08-25,49.99088287353516
2016-08-26,45.69010162353516
2016-08-29,44.81144332885742
2016-08-30,43.14662170410156
2016-08-31,45.042667388916016
2016-09-01,47.26243209838867
2016-09-02,49.62092590332031
2016-09-06,52.07191467285156
2016-09-07,54.4304084777832
2016-09-08,54.80036926269531
2016-09-09,52.53436279296875
2016-09-12,52.25688934326172
2016-09-14,53.50550842285156
2016-09-15,52.34938430786133
2016-09-16,54.476661682128906
2016-09-19,52.76559066772461
2016-09-20,51.5632209777832
2016-09-21,51.14701461791992
2016-09-22,50.86954879760742
2016-09-23,51.331993103027344
2016-09-26,51.7944450378418
2016-09-27,51.516971588134766
2016-09-28,51.05451583862305
2016-09-29,48.51104736328125
2016-09-30,48.55729293823242
2016-10-03,50.73080825805664
2016-10-04,51.70195388793945
2016-10-05,51.84069061279297
2016-10-06,53.13555145263672
2016-10-07,52.34938430786133
2016-10-10,52.21064758300781
2016-10-13,50.86954879760742
2016-10-14,50.82329940795898
2016-10-17,50.86954879760742
2016-10-18,52.34938430786133
2016-10-19,52.25688934326172
2016-10-20,53.2280387878418
2016-10-21,53.92171096801758
2016-10-24,53.50550842285156
2016-10-25,52.85808181762695
2016-10-26,52.25688934326172
2016-10-27,52.34938430786133
2016-10-28,52.53436279296875
2016-11-01,58.4537239074707
2016-11-02,60.627254486083984
2016-11-03,59.3323860168457
2016-11-04,58.82368469238281
2016-11-07,58.638710021972656
2016-11-08,61.45965194702149
2016-11-09,59.19365310668945
2016-11-10,61.78337478637695
2016-11-11,60.02605819702149
2016-11-15,57.34384536743164
2016-11-16,56.37269592285156
2016-11-17,54.19917678833008
2016-11-18,56.74266052246094
2016-11-21,56.37269592285156
2016-11-22,58.86993789672852
2016-11-23,58.268741607666016
2016-11-24,57.62132263183594
2016-11-25,56.88139724731445
2016-11-28,59.93357467651367
2016-11-29,60.02605819702149
2016-11-30,64.41934967041016
2016-12-01,65.29798889160156
2016-12-02,64.65057373046875
2016-12-05,64.04938507080078
2016-12-06,62.89324951171875
2016-12-07,63.72566223144531
2016-12-08,63.5869255065918
2016-12-09,63.30945587158203
2016-12-12,62.33831024169922
2016-12-13,62.61577987670898
2016-12-14,64.37309265136719
2016-12-15,64.09562683105469
2016-12-16,63.30945587158203
2016-12-19,62.7545166015625
2016-12-20,60.997196197509766
2016-12-21,61.82961654663086
2016-12-22,60.90470886230469
2016-12-23,58.91618347167969
2016-12-26,57.02013397216797
2016-12-27,60.997196197509766
2016-12-28,61.36716079711914
2016-12-29,61.45965194702149
2016-12-30,61.82961654663086
2017-01-02,61.690879821777344
2017-01-03,64.23435974121094
2017-01-04,65.80668640136719
2017-01-05,65.85293579101562
2017-01-06,64.88179779052734
2017-01-09,63.448184967041016
2017-01-10,63.124473571777344
2017-01-11,65.11300659179688
2017-01-12,66.17665100097656
2017-01-13,65.48298645019531
2017-01-16,64.97428894042969
2017-01-17,64.65057373046875
2017-01-18,70.66242218017578
2017-01-19,72.41972351074219
2017-01-20,70.1999740600586
2017-01-23,71.63356018066406
2017-01-24,72.60470581054688
2017-01-25,72.09600067138672
2017-01-27,70.80116271972656
2017-01-30,70.0149917602539
2017-01-31,70.47743225097656
2017-02-01,69.1363296508789
2017-02-02,71.49483489990234
2017-02-03,72.37347412109375
2017-02-06,73.89957427978516
2017-02-07,75.4719009399414
2017-02-08,81.16004180908203
2017-02-09,87.35687255859375
2017-02-10,87.49560546875
2017-02-13,85.09088134765625
2017-02-14,82.77861785888672
2017-02-15,83.05608367919922
2017-02-16,84.53592681884766
2017-02-17,82.87110900878906
2017-02-20,84.72091674804688
2017-02-21,83.70352172851562
2017-02-22,83.10234069824219
2017-02-23,83.84225463867188
2017-02-27,82.82486724853516
2017-02-28,82.45489501953125
2017-03-01,83.1485824584961
2017-03-02,80.00391387939453
2017-03-03,80.05016326904297
2017-03-06,80.23514556884766
2017-03-07,80.23514556884766
2017-03-08,78.66280364990234
2017-03-09,79.1252670288086
2017-03-10,79.17150115966797
2017-03-14,78.29286193847656
2017-03-15,78.8015365600586
2017-03-16,78.66280364990234
2017-03-17,76.3505630493164
2017-03-20,76.3043212890625
2017-03-21,76.3043212890625
2017-03-22,75.14817810058594
2017-03-23,74.45452117919922
2017-03-24,80.09640502929688
2017-03-27,82.36241912841797
2017-03-28,81.66873168945312
2017-03-29,81.39126586914062
2017-03-30,82.22367095947266
2017-03-31,81.16004180908203
2017-04-03,80.55885314941406
2017-04-05,79.26399993896484
2017-04-06,78.94027709960938
2017-04-07,78.10785675048828
2017-04-10,80.46637725830078
2017-04-11,81.48374938964844
2017-04-12,81.16004180908203
2017-04-13,81.62248992919922
2017-04-17,83.28731536865234
2017-04-18,86.66319274902344
2017-04-19,86.98692321777344
2017-04-20,88.14305114746094
2017-04-21,87.26438903808594
2017-04-24,87.58809661865234
2017-04-25,87.03316497802734
2017-04-26,87.35687255859375
2017-04-27,86.61695861816406
2017-04-28,88.18928527832031
2017-05-02,90.64027404785156
2017-05-03,89.99283599853516
2017-05-04,89.66912841796875
2017-05-05,88.14305114746094
2017-05-08,87.44937133789062
2017-05-09,86.20075988769531
2017-05-10,84.073486328125
2017-05-11,83.28731536865234
2017-05-12,82.6861343383789
2017-05-15,83.4722900390625
2017-05-16,83.84225463867188
2017-05-17,82.17743682861328
2017-05-18,80.3738784790039
2017-05-19,78.66280364990234
2017-05-22,77.41419219970703
2017-05-23,78.38533020019531
2017-05-24,76.58180236816406
2017-05-25,76.72051239013672
2017-05-26,77.7841567993164
2017-05-29,75.9343490600586
2017-05-30,76.39681243896484
2017-05-31,75.4719009399414
2017-06-01,77.7379150390625
2017-06-02,77.5066909790039
2017-06-05,78.66280364990234
2017-06-06,77.32169342041016
2017-06-07,77.04422760009766
2017-06-08,77.13671875
2017-06-09,76.48929595947266
2017-06-12,76.58180236816406
2017-06-13,76.3505630493164
2017-06-14,75.05569458007812
2017-06-15,72.97467803955078
2017-06-16,73.15965270996094
2017-06-19,74.63948822021484
2017-06-20,74.63948822021484
2017-06-21,75.56438446044922
2017-06-22,76.26362609863281
2017-06-23,76.40347290039062
2017-06-27,76.96287536621094
2017-06-28,77.42903900146484
2017-06-29,77.38240814208984
2017-06-30,77.10271453857422
2017-07-03,76.0771713256836
2017-07-04,75.23806762695312
2017-07-05,75.09822082519531
2017-07-06,75.05162048339844
2017-07-07,78.54780578613281
2017-07-10,81.90414428710938
2017-07-11,80.27259826660156
2017-07-12,79.75982666015625
2017-07-13,82.09062194824219
2017-07-14,84.09510803222656
2017-07-17,83.02294921875
2017-07-18,82.37030792236328
2017-07-19,82.60340118408203
2017-07-20,84.28156280517578
2017-07-21,84.0484848022461
2017-07-24,83.76879119873047
2017-07-25,82.37030792236328
2017-07-26,80.87859344482422
2017-07-27,79.4801254272461
2017-07-28,78.96735382080078
2017-07-31,76.63656616210938
2017-08-01,76.68318176269531
2017-08-02,77.10271453857422
2017-08-03,78.22149658203125
2017-08-04,76.4967041015625
2017-08-07,74.86515808105469
2017-08-08,75.14484405517578
2017-08-09,73.14036560058594
2017-08-10,68.01261138916016
2017-08-11,64.3299560546875
2017-08-14,68.1990737915039
2017-08-16,72.11481475830078
2017-08-17,72.16143035888672
2017-08-18,70.39002227783203
2017-08-21,68.38554382324219
2017-08-22,67.54644775390625
2017-08-23,66.19459533691406
2017-08-24,67.3133773803711
2017-08-28,72.86065673828125
2017-08-29,70.66971588134766
2017-08-30,72.48774719238281
2017-08-31,72.30128479003906
2017-09-01,71.8817367553711
2017-09-04,71.60203552246094
2017-09-05,72.44112396240234
2017-09-06,73.04713439941406
2017-09-07,73.4666748046875
2017-09-08,72.20804595947266
2017-09-11,71.41557312011719
2017-09-12,71.27572631835938
2017-09-13,70.57648468017578
2017-09-14,70.11032104492188
2017-09-15,72.30128479003906
2017-09-18,71.04264831542969
2017-09-19,69.73741149902344
2017-09-20,68.66524505615234
2017-09-21,68.4321517944336
2017-09-22,66.10136413574219
2017-09-25,63.02471923828125
2017-09-26,61.67285919189453
2017-09-27,62.139007568359375
2017-09-28,63.77056884765625
2017-09-29,63.72394561767578
2017-10-03,62.60517501831055
2017-10-04,61.71945571899414
2017-10-05,61.43977355957031
2017-10-06,65.35549926757812
2017-10-09,65.7284164428711
2017-10-10,63.39763641357422
2017-10-11,63.11793518066406
2017-10-12,62.74501800537109
2017-10-13,61.06684494018555
2017-10-16,59.2954330444336
2017-10-17,57.104488372802734
2017-10-18,59.2954330444336
2017-10-19,62.65177536010742
2017-10-23,62.418704986572266
2017-10-24,62.09238815307617
2017-10-25,60.973609924316406
2017-10-26,61.579620361328125
2017-10-27,60.740535736083984
2017-10-30,62.32546615600586
2017-10-31,62.46532440185547
2017-11-01,64.65626525878906
2017-11-02,67.3133773803711
2017-11-03,67.82614135742188
2017-11-06,66.52090454101562
2017-11-07,65.63520812988281
2017-11-08,62.93148422241211
2017-11-09,65.0291976928711
2017-11-10,63.30440521240234
2017-11-13,62.09238815307617
2017-11-14,61.11346054077149
2017-11-15,59.714988708496094
2017-11-16,60.740535736083984
2017-11-17,64.70287322998047
2017-11-20,66.66075897216797
2017-11-21,68.47877502441406
2017-11-22,69.69078826904297
2017-11-23,70.85619354248047
2017-11-24,68.47877502441406
2017-11-27,69.6441650390625
2017-11-28,67.96598815917969
2017-11-29,67.77953338623047
2017-11-30,66.84720611572266
2017-12-01,63.8637924194336
2017-12-04,63.21117401123047
2017-12-05,62.37208557128906
2017-12-06,61.90593719482422
2017-12-07,62.74501800537109
2017-12-08,63.16456604003906
2017-12-11,66.00813293457031
2017-12-12,65.26227569580078
2017-12-13,64.09687805175781
2017-12-14,63.77056884765625
2017-12-15,64.3299560546875
2017-12-18,65.0291976928711
2017-12-19,66.52090454101562
2017-12-20,66.47428131103516
2017-12-21,68.1058349609375
2017-12-22,70.94940948486328
2017-12-26,70.66971588134766
2017-12-27,68.1058349609375
2017-12-28,67.49984741210938
2017-12-29,66.56752014160156
2018-01-01,67.63968658447266
2018-01-02,66.84720611572266
2018-01-03,66.56752014160156
2018-01-04,66.1479721069336
2018-01-05,66.33443450927734
2018-01-08,66.94044494628906
2018-01-09,68.4321517944336
2018-01-10,71.32234191894531
2018-01-11,72.48774719238281
2018-01-12,73.5599136352539
2018-01-15,73.5599136352539
2018-01-16,69.3178482055664
2018-01-17,70.25016784667969
2018-01-18,67.68629455566406
2018-01-19,68.24569702148438
2018-01-22,67.87277221679688
2018-01-23,66.80060577392578
2018-01-24,66.33443450927734
2018-01-25,66.00813293457031
2018-01-29,67.40660858154297
2018-01-30,65.12242126464844
2018-01-31,64.3765869140625
2018-02-01,63.72394561767578
2018-02-02,59.2954330444336
2018-02-05,58.50296401977539
2018-02-06,56.87141418457031
2018-02-07,61.43977355957031
2018-02-08,63.071327209472656
2018-02-09,63.071327209472656
2018-02-12,66.987060546875
2018-02-14,63.39763641357422
2018-02-15,61.48637390136719
2018-02-16,60.46083068847656
2018-02-19,60.04129409790039
2018-02-20,60.507450103759766
2018-02-21,60.600677490234375
2018-02-22,59.85482025146485
2018-02-23,59.10897445678711
2018-02-26,58.59619522094727
2018-02-27,59.62174606323242
2018-02-28,60.134525299072266
2018-03-01,59.575138092041016
2018-03-05,59.7615966796875
2018-03-06,59.10897445678711
2018-03-07,56.54510116577149
2018-03-08,56.49848175048828
2018-03-09,56.91802978515625
2018-03-12,56.63833236694336
2018-03-13,57.99018859863281
2018-03-14,57.24433517456055
2018-03-15,57.33757019042969
2018-03-16,56.31201934814453
2018-03-19,54.820308685302734
2018-03-20,54.58722686767578
2018-03-21,55.939090728759766
2018-03-22,55.98570251464844
2018-03-23,55.33308410644531
2018-03-26,55.1932373046875
2018-03-27,55.51955032348633
2018-03-28,54.12107467651367
2018-04-02,53.79476547241211
2018-04-03,54.0744514465332
2018-04-04,53.88799285888672
2018-04-05,54.68046188354492
2018-04-06,54.820308685302734
2018-04-09,54.96015548706055
2018-04-10,54.12107467651367
2018-04-11,53.93460464477539
2018-04-12,53.7015266418457
2018-04-13,53.28199005126953
2018-04-16,51.46396255493164
2018-04-17,48.94670104980469
2018-04-18,48.247467041015625
2018-04-19,48.527156829833984
2018-04-20,54.12107467651367
2018-04-23,56.12556076049805
2018-04-24,56.07894515991211
2018-04-25,54.354148864746094
2018-04-26,52.815826416015625
2018-04-27,53.2353744506836
2018-04-30,53.375221252441406
2018-05-02,55.98570251464844
2018-05-03,56.21878433227539
2018-05-04,55.566165924072266
2018-05-07,55.10000228881836
2018-05-08,54.58722686767578
2018-05-09,53.42183303833008
2018-05-10,56.7315559387207
2018-05-11,61.43977355957031
2018-05-14,61.90593719482422
2018-05-15,60.41422653198242
2018-05-16,60.55407333374024
2018-05-17,60.69392013549805
2018-05-18,58.59619522094727
2018-05-21,58.13003921508789
2018-05-22,59.714988708496094
2018-05-23,57.80372619628906
2018-05-24,57.384185791015625
2018-05-25,57.43080139160156
2018-05-28,58.17665481567383
2018-05-29,57.290958404541016
2018-05-30,57.943580627441406
2018-05-31,58.456356048583984
2018-06-01,57.570648193359375
2018-06-04,54.68046188354492
2018-06-05,52.815826416015625
2018-06-06,52.536128997802734
2018-06-07,51.55719375610352
2018-06-08,52.34967041015625
2018-06-11,53.002288818359375
2018-06-12,53.002288818359375
2018-06-13,53.981231689453125
2018-06-14,54.91354370117188
2018-06-15,54.68046188354492
2018-06-18,54.4007682800293
2018-06-19,53.46844482421875
2018-06-20,54.49400329589844
2018-06-21,53.93460464477539
2018-06-22,53.79476547241211
2018-06-25,53.559024810791016
2018-06-26,52.09746170043945
2018-06-27,50.91878890991211
2018-06-28,49.5043830871582
2018-06-29,51.06023406982422
2018-07-02,49.55152893066406
2018-07-03,49.268646240234375
2018-07-04,48.37285614013672
2018-07-05,48.18426513671875
2018-07-06,48.93861770629883
2018-07-09,48.8914680480957
2018-07-10,48.137115478515625
2018-07-11,49.78726196289063
2018-07-12,50.49446868896485
2018-07-13,49.41008758544922
2018-07-16,48.46714782714844
2018-07-17,48.93861770629883
2018-07-18,47.19417572021485
2018-07-19,47.19417572021485
2018-07-20,47.38276672363281
2018-07-23,47.052734375
2018-07-24,48.51429748535156
2018-07-25,48.702880859375
2018-07-26,49.22150421142578
2018-07-27,53.2289924621582
2018-07-30,52.94610977172852
2018-07-31,53.65332412719727
2018-08-01,53.46472930908203
2018-08-02,54.54911422729492
2018-08-03,56.90646362304688
2018-08-06,60.8668212890625
2018-08-07,59.73528289794922
2018-08-08,60.0653190612793
2018-08-09,60.96110916137695
2018-08-10,62.328372955322266
2018-08-13,60.72537612915039
2018-08-14,59.45240020751953
2018-08-16,58.36801910400391
2018-08-17,60.44248580932617
2018-08-20,60.25390625
2018-08-21,61.33827972412109
2018-08-23,62.70555114746094
2018-08-24,62.84698486328125
2018-08-27,61.62116241455078
2018-08-28,64.40283966064453
2018-08-29,62.89413833618164
2018-08-30,65.2514877319336
2018-08-31,70.95628356933594
2018-09-03,70.24907684326172
2018-09-04,71.42774963378906
2018-09-05,70.67339324951172
2018-09-06,70.06049346923828
2018-09-07,71.66348266601562
2018-09-10,70.48480987548828
2018-09-11,68.92894744873047
2018-09-12,66.0530014038086
2018-09-14,67.18451690673828
2018-09-17,67.0902099609375
2018-09-18,65.06289672851562
2018-09-19,64.40283966064453
2018-09-21,60.30104446411133
2018-09-24,58.08513641357422
2018-09-25,59.92387390136719
2018-09-26,59.35810852050781
2018-09-27,58.7923469543457
2018-09-28,55.209171295166016
2018-10-01,55.44490814208984
2018-10-03,55.633487701416016
2018-10-04,53.88905715942383
2018-10-05,52.38034439086914
2018-10-08,52.23891067504883
2018-10-09,53.79476165771485
2018-10-10,57.70796203613281
2018-10-11,58.13228988647461
2018-10-12,59.499549865722656
2018-10-15,64.26140594482422
2018-10-16,64.5914306640625
2018-10-17,59.54669952392578
2018-10-19,59.68813705444336
2018-10-22,56.5292854309082
2018-10-23,54.266231536865234
2018-10-24,55.633487701416016
2018-10-25,54.266231536865234
2018-10-26,55.53919982910156
2018-10-29,55.633487701416016
2018-10-30,55.82208633422852
2018-10-31,55.58634948730469
2018-11-01,56.01066589355469
2018-11-02,57.377925872802734
2018-11-05,56.24640274047852
2018-11-06,56.38784790039063
2018-11-07,57.42508316040039
2018-11-09,57.70796203613281
2018-11-12,57.519378662109375
2018-11-13,57.61366653442383
2018-11-14,59.35810852050781
2018-11-15,59.16952133178711
2018-11-16,58.980934143066406
2018-11-19,59.16952133178711
2018-11-20,58.980934143066406
2018-11-21,58.980934143066406
2018-11-22,58.93378448486328
2018-11-26,56.95361709594727
2018-11-27,56.48214340209961
2018-11-28,56.62358093261719
2018-11-29,56.67072677612305
2018-11-30,57.377925872802734
2018-12-03,56.95361709594727
2018-12-04,56.81217193603516
2018-12-05,56.81217193603516
2018-12-06,56.71788024902344
2018-12-07,56.62358093261719
2018-12-10,56.5292854309082
2018-12-11,56.7650260925293
2018-12-12,59.122371673583984
2018-12-13,59.35810852050781
2018-12-14,59.16952133178711
2018-12-17,58.17943572998047
2018-12-18,59.26380920410156
2018-12-19,58.32087326049805
2018-12-20,56.85931396484375
2018-12-21,56.05781555175781
2018-12-24,56.3406982421875
2018-12-26,55.4920539855957
2018-12-27,56.293556213378906
2018-12-28,56.199256896972656
2018-12-31,56.38784790039063
2019-01-01,57.04790496826172
2019-01-02,57.849403381347656
2019-01-03,57.70796203613281
2019-01-04,57.377925872802734
2019-01-07,57.80226135253906
2019-01-08,57.75511169433594
2019-01-09,57.75511169433594
2019-01-10,58.037994384765625
2019-01-11,58.60375595092773
2019-01-14,57.9908447265625
2019-01-15,59.02808380126953
2019-01-16,57.9908447265625
2019-01-17,57.56652069091797
2019-01-18,56.95361709594727
2019-01-21,56.67072677612305
2019-01-22,55.58634948730469
2019-01-23,55.963523864746094
2019-01-24,55.774940490722656
2019-01-25,54.030494689941406
2019-01-28,55.25631713867188
2019-01-29,55.53919982910156
2019-01-30,56.38784790039063
2019-01-31,56.7650260925293
2019-02-01,56.01066589355469
2019-02-04,55.02058029174805
2019-02-05,52.28605651855469
2019-02-06,51.15452575683594
2019-02-07,50.30587768554688
2019-02-08,49.41008758544922
2019-02-11,48.702880859375
2019-02-12,48.0899658203125
2019-02-14,46.48696899414063
2019-02-15,45.73261642456055
2019-02-18,44.45965194702149
2019-02-19,44.45965194702149
2019-02-20,45.496883392333984
2019-02-21,49.12720489501953
2019-02-22,48.8914680480957
2019-02-25,48.702880859375
2019-02-26,47.75994110107422
2019-02-27,49.22150421142578
2019-02-28,48.60858917236328
2019-03-01,51.01308059692383
2019-03-05,54.45481872558594
2019-03-06,53.37044143676758
2019-03-07,56.5292854309082
2019-03-08,55.209171295166016
2019-03-11,58.980934143066406
2019-03-12,61.38543701171875
2019-03-13,60.81966781616211
2019-03-14,60.01817321777344
2019-03-15,57.89655303955078
2019-03-18,57.04790496826172
2019-03-19,56.62358093261719
2019-03-20,56.95361709594727
2019-03-22,57.09504699707031
2019-03-25,55.774940490722656
2019-03-26,55.39775466918945
2019-03-27,56.7650260925293
2019-03-28,56.1049690246582
2019-04-01,57.66082000732422
2019-04-02,56.7650260925293
2019-04-03,55.35061264038086
2019-04-04,54.17193603515625
2019-04-05,53.74761199951172
2019-04-08,54.6905517578125
2019-04-09,54.21908187866211
2019-04-10,53.88905715942383
2019-04-11,55.16202163696289
2019-04-12,54.87914657592773
2019-04-15,54.45481872558594
2019-04-16,55.25631713867188
2019-04-18,53.13469696044922
2019-04-22,53.08755493164063
2019-04-23,52.568939208984375
2019-04-24,51.2016716003418
2019-04-25,50.68305969238281
2019-04-26,50.73020553588867
2019-04-30,50.21158981323242
2019-05-02,49.88155746459961
2019-05-03,50.44732284545898
2019-05-06,50.07014083862305
2019-05-07,49.97584915161133
2019-05-08,49.45722961425781
2019-05-09,48.56143951416016
2019-05-10,49.59867858886719
2019-05-13,48.56143951416016
2019-05-14,49.268646240234375
2019-05-15,50.63591003417969
2019-05-16,48.93861770629883
2019-05-17,48.702880859375
2019-05-20,50.87163925170898
2019-05-21,49.740116119384766
2019-05-22,51.15452575683594
2019-05-23,51.86172866821289
2019-05-24,54.6905517578125
2019-05-27,53.18185424804688
2019-05-28,53.93619918823242
2019-05-29,53.98334884643555
2019-05-30,53.60616683959961
2019-05-31,51.95602416992188
2019-06-03,52.003173828125
2019-06-04,52.61608505249024
2019-06-06,51.86172866821289
2019-06-07,51.72029113769531
2019-06-10,52.003173828125
2019-06-11,51.95602416992188
2019-06-12,52.8046760559082
2019-06-13,53.46472930908203
2019-06-14,52.568939208984375
2019-06-17,51.86172866821289
2019-06-18,52.75753021240234
2019-06-19,53.2289924621582
2019-06-20,53.08755493164063
2019-06-21,53.27614212036133
2019-06-24,52.94610977172852
2019-06-25,53.2289924621582
2019-06-26,53.27614212036133
2019-06-27,54.50196075439453
2019-06-28,54.12479019165039
2019-07-01,54.87914657592773
2019-07-02,54.59626007080078
2019-07-03,54.78484344482422
2019-07-04,54.59626007080078
2019-07-05,53.8419075012207
2019-07-08,51.90887451171875
2019-07-09,51.90887451171875
2019-07-10,52.8046760559082
2019-07-11,53.420875549316406
2019-07-12,53.136474609375
2019-07-15,53.136474609375
2019-07-16,52.99428176879883
2019-07-17,53.56309127807617
2019-07-18,54.08449935913086
2019-07-19,54.08449935913086
2019-07-22,51.66704559326172
2019-07-23,51.05083847045898
2019-07-24,51.24044418334961
2019-07-25,50.908634185791016
2019-07-26,51.19303894042969
2019-07-29,50.19762420654297
2019-07-30,49.24959945678711
2019-07-31,47.40096282958984
2019-08-01,47.9223747253418
2019-08-02,47.78017425537109
2019-08-05,46.40554428100586
2019-08-06,47.96977233886719
2019-08-07,44.98351287841797
2019-08-08,45.50492477416992
2019-08-09,46.87955474853516
2019-08-13,45.50492477416992
2019-08-14,44.98351287841797
2019-08-16,44.65171051025391
2019-08-19,45.64712524414063
2019-08-20,45.26792144775391
2019-08-21,44.74651336669922
2019-08-22,45.17311477661133
2019-08-23,45.69453048706055
2019-08-26,46.40554428100586
2019-08-27,47.30615997314453
2019-08-28,46.78474807739258
2019-08-29,46.50034332275391
2019-08-30,47.637969970703125
2019-09-03,47.16395950317383
2019-09-04,47.25875854492188
2019-09-05,48.44378280639648
2019-09-06,48.58599090576172
2019-09-09,49.676212310791016
2019-09-11,49.48660659790039
2019-09-12,48.34897613525391
2019-09-13,48.491188049316406
2019-09-16,50.24502182006836
2019-09-17,48.870391845703125
2019-09-18,49.20219802856445
2019-09-19,47.78017425537109
2019-09-20,49.34440231323242
2019-09-23,53.98969650268555
2019-09-24,54.32150268554688
2019-09-25,51.76184844970703
2019-09-26,51.28783798217773
2019-09-27,50.10281753540039
2019-09-30,49.91321563720703
2019-10-01,49.34440231323242
2019-10-03,48.82299041748047
2019-10-04,49.58140182495117
2019-10-07,48.017181396484375
2019-10-09,47.40096282958984
2019-10-10,47.06916427612305
2019-10-11,47.25875854492188
2019-10-14,47.4483642578125
2019-10-15,47.30615997314453
2019-10-16,47.06916427612305
2019-10-17,47.4483642578125
2019-10-18,49.24959945678711
2019-10-22,54.08449935913086
2019-10-23,50.339820861816406
2019-10-24,50.24502182006836
2019-10-25,50.24502182006836
2019-10-27,50.908634185791016
2019-10-29,52.75727462768555
2019-10-30,52.8046760559082
2019-10-31,52.94687271118164
2019-11-01,52.70987319946289
2019-11-04,52.04625701904297
2019-11-05,52.61506652832031
2019-11-06,53.94229888916016
2019-11-07,54.5111083984375
2019-11-08,54.0370979309082
2019-11-11,53.51568984985352
2019-11-13,51.38264465332031
2019-11-14,51.05083847045898
2019-11-15,50.19762420654297
2019-11-18,49.10739135742188
2019-11-19,50.00801467895508
2019-11-20,50.71902847290039
2019-11-21,51.1456413269043
2019-11-22,51.714447021484375
2019-11-25,51.335243225097656
2019-11-26,51.00343704223633
2019-11-27,50.956031799316406
2019-11-28,50.15021514892578
2019-11-29,50.05541229248047
2019-12-02,49.58140182495117
2019-12-03,48.254180908203125
2019-12-04,48.82299041748047
2019-12-05,47.96977233886719
2019-12-06,46.78474807739258
2019-12-09,46.73734664916992
2019-12-10,46.59514617919922
2019-12-11,46.02633666992188
2019-12-12,47.16395950317383
2019-12-13,47.4483642578125
2019-12-16,46.78474807739258
2019-12-17,46.87955474853516
2019-12-18,46.50034332275391
2019-12-19,45.836727142333984
2019-12-20,45.41012573242188
2019-12-23,45.36272048950195
2019-12-24,45.50492477416992
2019-12-26,45.26792144775391
2019-12-27,45.12571334838867
2019-12-30,45.69453048706055
2019-12-31,45.50492477416992
2020-01-01,46.64254760742188
2020-01-02,46.78474807739258
2020-01-03,47.40096282958984
2020-01-06,45.74192428588867
2020-01-07,46.40554428100586
2020-01-08,46.26333999633789
2020-01-09,47.25875854492188
2020-01-10,46.21593475341797
2020-01-13,46.31073760986328
2020-01-14,46.97435760498047
2020-01-15,46.50034332275391
2020-01-16,47.40096282958984
2020-01-17,49.439208984375
2020-01-20,47.49576187133789
2020-01-21,47.25875854492188
2020-01-22,47.16395950317383
2020-01-23,46.78474807739258
2020-01-24,45.45752334594727
2020-01-27,44.93611145019531
2020-01-28,43.60888671875
2020-01-29,42.992671966552734
2020-01-30,41.23883819580078
2020-01-31,40.812232971191406
2020-02-03,39.57980728149414
2020-02-04,40.19601440429688
2020-02-05,40.90703201293945
2020-02-06,40.85962677001953
2020-02-07,42.56606674194336
2020-02-10,41.71284866333008
2020-02-11,42.66086959838867
2020-02-12,41.52324295043945
2020-02-13,44.93611145019531
2020-02-14,44.13029098510742
2020-02-17,43.08747482299805
2020-02-18,42.044654846191406
2020-02-19,43.08747482299805
2020-02-20,42.945274353027344
2020-02-24,42.044654846191406
2020-02-25,41.144039154052734
2020-02-26,40.95443344116211
2020-02-27,41.85505294799805
2020-02-28,39.15319061279297
2020-03-02,39.24799728393555
2020-03-03,37.39936065673828
2020-03-04,37.162353515625
2020-03-05,36.49874114990234
2020-03-06,34.98191452026367
2020-03-09,32.517059326171875
2020-03-11,32.80146789550781
2020-03-12,26.54454231262207
2020-03-13,31.28463363647461
2020-03-16,26.78154563903809
2020-03-17,30.565359115600582
2020-03-18,26.634122848510746
2020-03-19,25.99529838562012
2020-03-20,25.11076736450196
2020-03-23,20.09844398498535
2020-03-24,20.04930305480957
2020-03-25,21.277814865112305
2020-03-26,20.344146728515625
2020-03-27,19.36133575439453
2020-03-30,20.982973098754883
2020-03-31,21.22867584228516
2020-04-01,20.29500389099121
2020-04-03,20.63898658752441
2020-04-07,21.621797561645508
2020-04-08,23.194292068481445
2020-04-09,23.587417602539062
2020-04-13,22.50632667541504
2020-04-15,22.94858932495117
2020-04-16,25.20905113220215
2020-04-17,27.71521377563477
2020-04-20,30.467079162597656
2020-04-21,28.9437255859375
2020-04-22,27.51865005493164
2020-04-23,26.142719268798828
2020-04-24,24.865066528320312
2020-04-27,26.09357643127441
2020-04-28,26.044437408447266
2020-04-29,25.946155548095703
2020-04-30,25.847875595092773
2020-05-04,24.57022476196289
2020-05-05,23.587417602539062
2020-05-06,23.587417602539062
2020-05-07,23.29257202148437
2020-05-08,23.685697555541992
2020-05-11,23.587417602539062
2020-05-12,24.177101135253903
2020-05-13,25.35647201538086
2020-05-14,25.65131378173828
2020-05-15,26.928964614868164
2020-05-18,25.700454711914062
2020-05-19,26.09357643127441
2020-05-20,26.634122848510746
2020-05-21,26.732402801513672
2020-05-22,26.97810745239257
2020-05-26,27.02724838256836
2020-05-27,27.86263656616211
2020-05-28,29.18942642211914
2020-05-29,30.614500045776367
2020-06-01,32.13785552978516
2020-06-02,33.71034622192383
2020-06-03,35.38112258911133
2020-06-04,33.61206817626953
2020-06-05,34.54574203491211
2020-06-08,33.317222595214844
2020-06-09,31.69558906555176
2020-06-10,32.23612976074219
2020-06-11,32.97323989868164
2020-06-12,32.7275390625
2020-06-15,33.66120529174805
2020-06-16,33.66120529174805
2020-06-17,33.61206817626953
2020-06-18,33.21894454956055
2020-06-19,32.67839813232422
2020-06-22,34.30003356933594
2020-06-23,35.97080993652344
2020-06-24,35.282840728759766
2020-06-25,34.398311614990234
2020-06-26,35.528541564941406
2020-06-29,37.24845886230469
2020-06-30,36.46220779418945
2020-07-01,35.086280822753906
2020-07-02,34.9388542175293
2020-07-03,34.9388542175293
2020-07-06,35.1845588684082
2020-07-07,34.9388542175293
2020-07-08,34.15261459350586
2020-07-09,33.366363525390625
2020-07-10,31.941295623779297
2020-07-13,31.10590171813965
2020-07-14,30.66364097595215
2020-07-15,32.18699264526367
2020-07-16,31.597309112548828
2020-07-17,31.25332260131836
2020-07-20,30.95848274230957
2020-07-21,30.90934181213379
2020-07-22,32.18699264526367
2020-07-23,33.759483337402344
2020-07-24,35.43026351928711
2020-07-27,37.00275802612305
2020-07-28,37.8381462097168
2020-07-29,37.93642044067383
2020-07-30,36.70791244506836
2020-07-31,38.5261116027832
2020-08-03,40.44259262084961
2020-08-04,42.45735168457031
2020-08-05,42.9487533569336
2020-08-06,43.14531707763672
2020-08-07,42.01508331298828
2020-08-10,44.078983306884766
2020-08-11,46.24116516113281
2020-08-12,48.55076599121094
2020-08-13,48.3050651550293
2020-08-14,45.89717864990234
2020-08-17,46.48686218261719
2020-08-18,48.79646682739258
2020-08-19,48.99302673339844
2020-08-20,48.50162124633789
2020-08-21,48.25592422485352
2020-08-24,47.5188102722168
2020-08-25,48.69818115234375
2020-08-26,51.1060676574707
2020-08-27,53.66136932373047
2020-08-28,56.3149528503418
2020-08-31,53.51395034790039
2020-09-01,52.08887481689453
2020-09-02,54.693321228027344
2020-09-03,57.346900939941406
2020-09-04,55.57784271240234
2020-09-07,56.95378112792969
2020-09-08,57.0029182434082
2020-09-09,55.33214569091797
2020-09-10,56.26581573486328
2020-09-11,56.16753387451172
2020-09-14,58.37885284423828
2020-09-15,60.98329544067383
2020-09-16,59.55821990966797
2020-09-17,58.77198028564453
2020-09-18,59.55821990966797
2020-09-21,56.70808029174805
2020-09-22,55.38127899169922
2020-09-23,57.641746520996094
2020-09-24,58.37885284423828
2020-09-25,61.278133392333984
2020-09-28,64.32484436035156
2020-09-29,62.752349853515625
2020-09-30,65.84820556640625
2020-10-01,69.09148406982422
2020-10-05,72.53131103515625
2020-10-06,71.64677429199219
2020-10-07,68.30522918701172
2020-10-08,68.60006713867188
2020-10-09,68.55093383789062
2020-10-12,66.97843933105469
2020-10-13,66.19217681884766
2020-10-14,66.4378890991211
2020-10-15,67.66639709472656
2020-10-16,68.50177764892578
2020-10-19,67.71553802490234
2020-10-20,67.3224105834961
2020-10-21,70.66397094726562
2020-10-22,73.85810089111328
2020-10-23,74.98832702636719
2020-10-26,73.36669158935547
2020-10-27,73.66152954101562
2020-10-28,73.02271270751953
2020-10-29,72.23646545410156
2020-10-30,68.64920043945312
2020-11-02,65.35679626464844
2020-11-03,66.24131774902344
2020-11-04,66.7818603515625
2020-11-05,67.17498779296875
2020-11-06,63.882591247558594
2020-11-09,61.62212371826172
2020-11-10,63.587738037109375
2020-11-11,62.35922622680664
2020-11-12,64.42313385009766
2020-11-13,66.53617095947266
2020-11-14,66.58531188964844
2020-11-17,67.91209411621094
2020-11-18,66.83100891113281
2020-11-19,64.81624603271484
2020-11-20,66.04476165771484
2020-11-23,64.81624603271484
2020-11-24,64.71797180175781
2020-11-25,63.4403190612793
2020-11-26,66.58531188964844
2020-11-27,67.46984100341797
2020-12-01,66.04476165771484
2020-12-02,65.6516342163086
2020-12-03,65.55335235595703
2020-12-04,64.96367645263672
2020-12-07,67.12586212158203
2020-12-08,66.68359375
2020-12-09,66.04476165771484
2020-12-10,66.04476165771484
2020-12-11,69.33716583251953
2020-12-14,72.77700805664062
2020-12-15,73.61239624023438
2020-12-16,72.23646545410156
2020-12-17,75.03746032714844
2020-12-18,72.13817596435547
2020-12-21,68.55093383789062
2020-12-22,67.42069244384766
2020-12-23,68.64920043945312
2020-12-24,67.96124267578125
2020-12-28,68.55093383789062
2020-12-29,67.12586212158203
2020-12-30,65.50421905517578
2020-12-31,66.73272705078125
2021-01-01,67.27326965332031
2021-01-04,70.61483001708984
2021-01-05,71.25365447998047
2021-01-06,69.38632202148438
2021-01-07,72.62958526611328
2021-01-08,71.79419708251953
2021-01-11,70.27084350585938
2021-01-12,69.38632202148438
2021-01-13,67.91209411621094
2021-01-14,67.568115234375
2021-01-15,65.9956283569336
2021-01-18,64.0300064086914
2021-01-19,66.29045867919922
2021-01-20,65.6516342163086
2021-01-21,67.568115234375
2021-01-22,66.48703002929688
2021-01-25,65.455078125
2021-01-27,67.07671356201172
2021-01-28,66.14305114746094
2021-01-29,64.96367645263672
2021-02-01,66.4378890991211
2021-02-02,67.66639709472656
2021-02-03,71.00794982910156
2021-02-04,71.45021057128906
2021-02-05,67.71553802490234
2021-02-08,66.0938949584961
2021-02-09,65.06195068359375
2021-02-10,66.63444519042969
2021-02-11,67.22413635253906
2021-02-12,66.14305114746094
2021-02-15,66.339599609375
2021-02-16,65.6516342163086
2021-02-17,65.60250091552734
2021-02-18,69.28803253173828
2021-02-19,68.01038360595703
2021-02-22,66.63444519042969
2021-02-23,66.24131774902344
2021-02-24,66.58531188964844
2021-02-25,70.61483001708984
2021-02-26,68.01038360595703
2021-03-01,67.71553802490234
2021-03-02,66.7818603515625
2021-03-03,69.43545532226562
2021-03-04,74.05464935302734
2021-03-05,72.18731689453125
2021-03-08,72.58043670654297
2021-03-09,71.20450592041016
2021-03-10,73.36669158935547
2021-03-12,79.11611938476562
2021-03-15,82.31024932861328
2021-03-16,82.16282653808594
2021-03-17,78.18245697021484
2021-03-18,75.77456665039062
2021-03-19,79.31267547607422
2021-03-22,80.44290924072266
2021-03-23,79.41096496582031
2021-03-24,77.59276580810547
2021-03-25,75.6762924194336
2021-03-26,82.16282653808594
2021-03-30,82.16282653808594
2021-03-31,79.46009826660156
2021-04-01,83.2930679321289
2021-04-05,81.72056579589844
2021-04-06,79.95150756835938
2021-04-07,78.77214050292969
2021-04-08,83.4896240234375
2021-04-09,82.85079956054688
2021-04-12,76.41339111328125
2021-04-13,76.21684265136719
2021-04-15,76.31511688232422
2021-04-16,79.80409240722656
2021-04-19,75.77456665039062
2021-04-20,75.57801055908203
2021-04-22,77.44534301757812
2021-04-23,77.15049743652344
2021-04-26,77.98589324951172
2021-04-27,78.37901306152344
2021-04-28,80.93431854248047
2021-04-29,80.54119110107422
2021-04-30,78.13331604003906
2021-05-03,80.54119110107422
2021-05-04,80.93431854248047
2021-05-05,81.52400207519531
2021-05-06,82.75252532958984
2021-05-07,91.94178771972656
2021-05-10,94.79191589355467
2021-05-11,91.99091339111328
2021-05-12,89.68131256103516
2021-05-14,99.6076889038086
2021-05-17,96.36441802978516
2021-05-18,95.5781707763672
2021-05-19,94.15310668945312
2021-05-20,94.34967041015624
2021-05-21,96.9541015625
2021-05-24,95.08392333984376
2021-05-25,90.90062713623048
2021-05-26,91.5896453857422
2021-05-27,89.17808532714844
2021-05-28,88.83358764648438
2021-05-31,87.5539779663086
2021-06-01,85.92987823486328
2021-06-02,92.82001495361328
2021-06-03,92.62316131591795
2021-06-04,90.90062713623048
2021-06-07,91.14669799804688
2021-06-08,90.94984436035156
2021-06-09,90.60533142089844
2021-06-10,93.41060638427734
2021-06-11,94.099609375
2021-06-14,94.5917739868164
2021-06-15,93.90275573730467
2021-06-16,91.5404281616211
2021-06-17,91.09748840332033
2021-06-18,91.34356689453124
2021-06-21,91.04827117919922
2021-06-22,91.9833526611328
2021-06-23,92.32787322998048
2021-06-24,91.63885498046876
2021-06-25,92.27864837646484
2021-06-28,92.47550964355467
2021-06-29,92.18022918701172
2021-06-30,94.8870620727539
2021-07-01,95.37921142578124
2021-07-02,101.1866226196289
2021-07-05,103.9918975830078
2021-07-06,105.32070922851562
2021-07-07,102.9091567993164
2021-07-08,103.45052337646484
2021-07-09,104.6316909790039
2021-07-12,112.26006317138672
2021-07-13,115.55747985839844
2021-07-14,120.5774383544922
2021-07-15,123.2350616455078
2021-07-16,123.33349609375
2021-07-19,130.814208984375
2021-07-20,123.8748550415039
2021-07-22,125.79425811767578
2021-07-23,125.30210876464844
2021-07-26,123.53035736083984
2021-07-27,132.24147033691406
2021-07-28,139.32846069335938
2021-07-29,135.7849578857422
2021-07-30,131.3555908203125
2021-08-02,135.4896697998047
2021-08-03,138.29493713378906
2021-08-04,133.37342834472656
2021-08-05,130.46971130371094
2021-08-06,133.07810974121094
2021-08-09,131.5032196044922
2021-08-10,121.1680145263672
2021-08-11,125.15445709228516
2021-08-12,130.86341857910156
2021-08-13,129.97755432128906
2021-08-16,126.92621612548828
2021-08-17,122.98898315429688
2021-08-18,123.2350616455078
2021-08-20,116.64022064208984
2021-08-23,124.51466369628906
2021-08-24,125.64662170410156
2021-08-25,125.59739685058594
2021-08-26,125.0068130493164
2021-08-27,123.4319305419922
2021-08-30,124.7607421875
2021-08-31,124.90837860107422
2021-09-01,125.64662170410156
2021-09-02,125.1052474975586
2021-09-03,124.12094116210938
2021-09-06,135.095947265625
2021-09-07,137.6551513671875
2021-09-08,135.2435760498047
2021-09-09,131.06027221679688
2021-09-13,131.5524444580078
2021-09-14,131.5032196044922
2021-09-15,132.38909912109375
2021-09-16,131.84774780273438
2021-09-17,129.48541259765625
2021-09-20,127.07386016845705
2021-09-21,133.12733459472656
2021-09-22,137.0153350830078
2021-09-23,155.32342529296875
2021-09-24,153.2563934326172
2021-09-27,155.12655639648438
2021-09-28,161.3276824951172
2021-09-29,162.80413818359375
2021-09-30,166.6429443359375
2021-10-01,160.4418182373047
2021-10-04,159.80203247070312
2021-10-05,161.22926330566406
2021-10-06,161.47532653808594
2021-10-07,163.39471435546875
2021-10-08,160.9832000732422
2021-10-11,163.64080810546875
2021-10-12,162.65650939941406
2021-10-13,159.06378173828125
2021-10-14,158.37478637695312
2021-10-18,157.4888916015625
2021-10-19,149.71287536621094
2021-10-20,144.05313110351562
2021-10-21,149.36837768554688
2021-10-22,143.8070526123047
2021-10-25,139.8206329345703
2021-10-26,142.7243194580078
2021-10-27,143.1180419921875
2021-10-28,138.73788452148438
2021-10-29,135.53887939453125
2021-11-01,140.55885314941406
2021-11-02,141.34628295898438
2021-11-03,141.34628295898438
2021-11-04,143.26568603515625
2021-11-08,141.00180053710938
2021-11-09,138.3441619873047
2021-11-10,137.6551513671875
2021-11-11,137.8520050048828
2021-11-12,137.90122985839844
2021-11-15,136.7200469970703
2021-11-16,136.91690063476562
2021-11-17,137.55670166015625
2021-11-18,133.668701171875
2021-11-22,126.33562469482422
2021-11-23,130.66656494140625
2021-11-24,131.01109313964844
2021-11-25,131.5032196044922
2021-11-26,136.8184814453125
2021-11-29,136.32632446289062
2021-11-30,135.73573303222656
2021-12-01,138.0980682373047
2021-12-02,139.47610473632812
2021-12-03,140.06668090820312
2021-12-06,136.277099609375
2021-12-07,139.72216796875
2021-12-08,140.55885314941406
2021-12-09,142.23216247558594
2021-12-10,143.01962280273438
2021-12-13,141.64158630371094
2021-12-14,142.23216247558594
2021-12-15,140.75570678710938
2021-12-16,140.75570678710938
2021-12-17,139.08238220214844
2021-12-20,134.45616149902344
2021-12-21,136.03103637695312
2021-12-22,137.8520050048828
2021-12-23,140.41119384765625
2021-12-24,139.8206329345703
2021-12-27,139.91905212402344
2021-12-28,146.61231994628906
2021-12-29,145.43115234375
2021-12-30,145.33273315429688
2021-12-31,143.21646118164062
2022-01-03,144.93898010253906
2022-01-04,154.48675537109375
2022-01-05,152.96109008789062
2022-01-06,151.8291473388672
2022-01-07,153.10873413085938
2022-01-10,150.45111083984375
2022-01-11,146.75997924804688
2022-01-12,147.84271240234375
2022-01-13,151.43540954589844
2022-01-14,148.82701110839844
2022-01-17,145.8248748779297
2022-01-18,146.21861267089844
2022-01-19,147.0552520751953
2022-01-20,148.82701110839844
2022-01-21,144.20077514648438
2022-01-24,134.70223999023438
2022-01-25,135.19436645507812
2022-01-27,139.4268798828125
2022-01-28,140.50962829589844
2022-01-31,139.72216796875
2022-02-01,140.85414123535156
2022-02-02,140.75570678710938
2022-02-03,135.63731384277344
2022-02-04,127.22150421142578
2022-02-07,121.46331024169922
2022-02-08,115.45904541015624
2022-02-09,118.26432800292967
2022-02-10,119.9376449584961
2022-02-11,116.00041198730467
2022-02-14,114.42552947998048
2022-02-15,114.37631225585938
2022-02-16,115.01611328125
2022-02-17,114.3271026611328
2022-02-18,113.8841552734375
2022-02-21,108.32283782958984
2022-02-22,104.87776947021484
2022-02-23,110.53752899169922
2022-02-24,100.59603118896484
2022-02-25,104.92697143554688
2022-02-28,103.253662109375
2022-03-02,103.7950210571289
2022-03-03,103.74581146240234
2022-03-04,100.1530990600586
2022-03-07,96.75724792480467
2022-03-08,95.87137603759766
2022-03-09,100.74368286132812
2022-03-10,109.55322265625
2022-03-11,105.86207580566406
2022-03-14,101.48190307617188
2022-03-15,99.9070281982422
2022-03-16,99.7101593017578
2022-03-17,100.69447326660156
2022-03-21,99.0703582763672
2022-03-22,98.3321304321289
2022-03-23,97.6431121826172
2022-03-24,94.2964859008789
2022-03-25,95.13314056396484
2022-03-28,93.11531066894533
2022-03-29,90.85140991210938
2022-03-30,88.73516082763672
2022-03-31,89.42416381835938
2022-04-01,93.6074676513672
2022-04-04,93.5582504272461
2022-04-05,95.52685546875
2022-04-06,96.26508331298828
2022-04-07,95.96979522705078
2022-04-08,94.78863525390624
2022-04-11,94.34569549560548
2022-04-12,92.72158813476562
2022-04-13,94.5917739868164
2022-04-18,92.82001495361328
2022-04-19,89.22730255126953
2022-04-20,87.7508544921875
2022-04-21,87.94770050048828
2022-04-22,88.53828430175781
2022-04-25,87.40634155273438
2022-04-26,86.22517395019531
2022-04-27,84.74871826171875
2022-04-28,86.47124481201172
2022-04-29,81.7957992553711
2022-05-02,81.54972076416016
2022-05-04,81.35286712646484
2022-05-05,79.23660278320312
2022-05-06,78.69522857666016
2022-05-09,77.31720733642578
2022-05-10,76.08683013916016
2022-05-11,62.70027160644531
2022-05-12,65.01338958740234
2022-05-13,66.34219360351562
2022-05-16,63.832218170166016
2022-05-17,66.93278503417969
2022-05-18,67.129638671875
2022-05-19,63.63536071777344
2022-05-20,72.29724884033203
2022-05-23,71.11608123779297
2022-05-24,66.68671417236328
2022-05-25,64.12751007080078
2022-05-26,65.80082702636719
2022-05-27,64.521240234375
2022-05-30,66.14533996582031
2022-05-31,64.3243637084961
2022-06-01,66.04690551757812
2022-06-02,69.09825134277344
2022-06-03,71.01765441894531
2022-06-06,71.26373291015625
2022-06-07,69.14746856689453
2022-06-08,71.31293487548828
2022-06-09,72.8878402709961
2022-06-10,74.36429595947266
2022-06-13,68.9013900756836
2022-06-14,66.8343505859375
2022-06-15,67.67101287841797
2022-06-16,69.3935546875
2022-06-17,70.03334045410156
2022-06-20,68.45845031738281
2022-06-21,67.42493438720703
2022-06-22,69.19669342041016
2022-06-23,71.12018585205078
2022-06-24,73.142333984375
2022-06-27,75.8056411743164
2022-06-28,71.07086944580078
2022-06-29,69.29532623291016
2022-06-30,68.50619506835938
2022-07-01,68.65416717529297
2022-07-04,71.02153778076172
2022-07-05,70.33106231689453
2022-07-06,71.07086944580078
2022-07-07,70.72561645507812
2022-07-08,68.99939727783203
2022-07-11,69.83786010742188
2022-07-12,68.50619506835938
2022-07-13,68.99939727783203
2022-07-14,68.75279998779297
2022-07-15,68.5555191040039
2022-07-18,72.10659790039062
2022-07-19,73.09300994873047
2022-07-20,71.81067657470703
2022-07-21,72.10659790039062
2022-07-22,72.89572143554688
2022-07-25,72.40251922607422
2022-07-26,71.12018585205078
2022-07-27,70.5283432006836
2022-07-28,68.45687866210938
2022-07-29,68.85144805908203
2022-08-01,71.95863342285156
2022-08-02,72.59980010986328
2022-08-03,72.20523834228516
2022-08-04,72.89572143554688
2022-08-05,72.99436950683594
2022-08-08,72.50116729736328
2022-08-10,72.45183563232422
2022-08-11,74.4739761352539
2022-08-12,74.57261657714844
2022-08-16,77.92642211914062
2022-08-17,77.72913360595703
2022-08-18,78.07437896728516
2022-08-19,76.98932647705078
2022-08-22,75.9042739868164
2022-08-23,76.84136962890625
2022-08-24,77.28524780273438
2022-08-25,77.92642211914062
2022-08-26,76.94001007080078
2022-08-29,74.9178695678711
2022-08-30,75.95359802246094
2022-09-01,74.72058868408203
2022-09-02,73.29029083251953
2022-09-05,73.38893127441406
2022-09-06,73.24097442626953
2022-09-07,73.24097442626953
2022-09-08,76.20020294189453
2022-09-09,75.26311492919922
2022-09-12,81.08293151855469
2022-09-13,83.35167694091797
2022-09-14,83.69691467285156
2022-09-15,83.40099334716797
2022-09-16,79.60330963134766
2022-09-19,78.96215057373047
2022-09-20,80.39244079589844
2022-09-21,78.32098388671875
2022-09-22,77.23593139648438
2022-09-23,76.1015625
2022-09-26,71.81067657470703
2022-09-27,72.89572143554688
2022-09-28,72.9450454711914
2022-09-29,72.20523834228516
2022-09-30,72.64912414550781
2022-10-03,71.90930938720703
2022-10-04,74.86854553222656
2022-10-06,75.26311492919922
2022-10-07,77.28524780273438
2022-10-10,77.18660736083984
2022-10-11,76.00292205810547
2022-10-12,74.81922912597656
2022-10-13,75.8549575805664
2022-10-14,75.26311492919922
2022-10-17,73.53689575195312
2022-10-18,75.36175537109375
2022-10-19,75.70699310302734
2022-10-20,75.8056411743164
2022-10-21,77.13728332519531
2022-10-24,77.92642211914062
2022-10-25,76.94001007080078
2022-10-27,77.43321228027344
2022-10-28,77.38389587402344
2022-10-31,77.28524780273438
2022-11-01,76.84136962890625
2022-11-02,77.5811767578125
2022-11-03,76.98932647705078
2022-11-04,77.38389587402344
2022-11-07,79.01145935058594
2022-11-09,76.34815979003906
2022-11-10,76.54544830322266
2022-11-11,77.03864288330078
2022-11-14,76.79204559326172
2022-11-15,77.13728332519531
2022-11-16,77.97573852539062
2022-11-17,77.38389587402344
2022-11-18,76.24951934814453
2022-11-21,75.16446685791016
2022-11-22,75.55903625488281
2022-11-23,75.50971221923828
2022-11-24,79.25807189941406
2022-11-25,79.80059814453125
2022-11-28,79.3567123413086
2022-11-29,81.23089599609375
2022-11-30,80.8363265991211
2022-12-01,79.94857025146484
2022-12-02,79.70195770263672
2022-12-05,78.37030029296875
2022-12-06,77.23593139648438
2022-12-07,77.97573852539062
2022-12-08,78.41962432861328
2022-12-09,77.5811767578125
2022-12-12,78.56758880615234
2022-12-13,80.39244079589844
2022-12-14,80.73767852783203
2022-12-15,78.46894836425781
2022-12-16,78.02505493164062
2022-12-19,74.4739761352539
2022-12-20,73.93145751953125
2022-12-21,73.142333984375
2022-12-22,71.76134490966797
2022-12-23,67.51978302001953
2022-12-26,71.12018585205078
2022-12-27,74.17805480957031
2022-12-28,75.21379089355469
2022-12-29,75.06582641601562
2022-12-30,76.05223083496094
2023-01-02,75.75631713867188
2023-01-03,75.50971221923828
2023-01-04,74.22737884521484
2023-01-05,72.99436950683594
2023-01-06,71.16950225830078
2023-01-09,71.61338806152344
2023-01-10,72.10659790039062
2023-01-11,72.10659790039062
2023-01-12,72.45183563232422
2023-01-13,72.30387878417969
2023-01-16,71.76134490966797
2023-01-17,70.77494812011719
2023-01-18,71.85999298095703
2023-01-19,71.76134490966797
2023-01-20,71.31747436523438
2023-01-23,70.67630767822266
2023-01-24,69.83786010742188
2023-01-25,69.1473617553711
2023-01-27,67.47046661376953
2023-01-30,66.33609008789062
2023-01-31,66.28677368164062
2023-02-01,63.47550582885742
2023-02-02,69.04872131347656
2023-02-03,68.40755462646484
2023-02-06,69.78853607177734
2023-02-07,68.8021240234375
2023-02-08,66.97726440429688
2023-02-09,66.1881332397461
2023-02-10,67.0759048461914
2023-02-13,69.78853607177734
2023-02-14,68.99939727783203
2023-02-15,69.64057159423828
2023-02-16,68.99939727783203
2023-02-17,70.18309020996094
2023-02-20,69.68989562988281
2023-02-21,69.78853607177734
2023-02-22,67.47046661376953
2023-02-23,67.61842346191406
2023-02-24,67.56910705566406
2023-02-27,66.1388168334961
2023-02-28,65.54696655273438
2023-03-01,67.56910705566406
2023-03-02,66.48405456542969
2023-03-03,67.0759048461914
2023-03-06,68.16094970703125
2023-03-08,69.04872131347656
2023-03-09,67.421142578125
2023-03-10,68.16094970703125
2023-03-13,66.73065948486328
2023-03-14,65.99085998535156
2023-03-15,65.9415283203125
2023-03-16,63.87006759643555
2023-03-17,64.41259765625
2023-03-20,63.08094024658203
2023-03-21,66.73065948486328
2023-03-22,65.99085998535156
2023-03-23,65.15241241455078
2023-03-24,64.4619140625
2023-03-27,63.82074737548828
2023-03-28,61.94656753540039
2023-03-29,62.68637847900391
2023-03-31,62.78501892089844
2023-04-03,66.48405456542969
2023-04-05,70.0351333618164
2023-04-06,72.20523834228516
2023-04-10,73.5862045288086
2023-04-11,74.42465209960938
2023-04-12,75.06582641601562
2023-04-13,80.04720306396484
2023-04-17,80.7870101928711
2023-04-18,80.73767852783203
2023-04-19,81.28021240234375
2023-04-20,80.63904571533203
2023-04-21,82.31593322753906
2023-04-24,81.87206268310547
2023-04-25,84.28876495361328
2023-04-26,84.88060760498047
2023-04-27,85.86701965332031
2023-04-28,86.4095458984375
2023-05-02,99.67676544189452
2023-05-03,98.44375610351562
2023-05-04,98.04918670654295
2023-05-05,92.91985321044922
2023-05-08,94.59674835205078
2023-05-09,94.3008270263672
2023-05-10,88.28372192382812
2023-05-11,91.0456771850586
2023-05-12,92.5746078491211
2023-05-15,92.0320816040039
2023-05-16,91.0456771850586
2023-05-17,91.48956298828124
2023-05-18,91.1936264038086
2023-05-19,90.848388671875
2023-05-22,92.77189636230467
2023-05-23,91.2922821044922
2023-05-24,90.60179138183594
2023-05-25,94.44879150390624
2023-05-26,91.44023895263672
2023-05-29,89.41809844970703
2023-05-30,86.80410766601562
2023-05-31,90.89771270751952
2023-06-01,94.99131774902344
2023-06-02,95.13927459716795
2023-06-05,97.0134506225586
2023-06-06,97.30937957763672
2023-06-07,96.47093200683594
2023-06-08,95.48452758789062
2023-06-09,94.59674835205078
2023-06-12,94.35015106201172
2023-06-13,94.15286254882812
2023-06-14,92.08140563964844
2023-06-15,91.9827651977539
2023-06-16,93.01849365234376
2023-06-19,91.0949935913086
2023-06-20,92.2293701171875
2023-06-21,91.63752746582033
2023-06-22,90.99635314941406
2023-06-23,90.70043182373048
2023-06-26,91.93344116210938
2023-06-27,91.43971252441406
2023-06-28,92.0815658569336
2023-06-30,91.29158020019533
2023-07-03,92.97028350830078
2023-07-04,93.21715545654295
2023-07-05,95.78457641601562
2023-07-06,93.8590087890625
2023-07-07,93.95775604248048
2023-07-10,95.29084014892578
2023-07-11,94.05650329589844
2023-07-12,97.3151626586914
2023-07-13,94.45149230957033
2023-07-14,101.85751342773438
2023-07-17,101.11691284179688
2023-07-18,98.89511108398438
2023-07-19,97.85826110839844
2023-07-20,98.4013671875
2023-07-21,98.74698638916016
2023-07-24,99.5369644165039
2023-07-25,98.8457260131836
2023-07-26,99.33946990966795
2023-07-27,99.63571166992188
2023-07-28,99.04322814941406
2023-07-31,108.27606964111328
2023-08-01,113.1640396118164
2023-08-02,108.17733001708984
2023-08-03,113.2134246826172
2023-08-04,114.10214233398438
2023-08-07,113.2134246826172
2023-08-08,112.57156372070312
2023-08-09,117.41016387939452
2023-08-10,116.768310546875
2023-08-11,116.52144622802734
2023-08-14,113.65777587890624
2023-08-16,114.94149017333984
2023-08-17,113.60841369628906
2023-08-18,113.0159149169922
2023-08-21,113.50965881347656
2023-08-22,120.91567993164062
2023-08-23,124.1249542236328
2023-08-24,121.21192932128906
2023-08-25,119.87883758544922
2023-08-28,121.16254425048828
2023-08-29,121.06380462646484
2023-08-30,120.91567993164062
2023-08-31,123.28560638427734
2023-09-01,121.90315246582033
2023-09-04,124.71744537353516
2023-09-05,122.29813385009766
2023-09-06,124.1249542236328
2023-09-07,123.38435363769533
2023-09-08,121.60691833496094
2023-09-11,123.23624420166016
2023-09-12,115.58334350585938
2023-09-13,119.23698425292967
2023-09-14,120.71818542480467
2023-09-15,121.90315246582033
2023-09-18,120.570068359375
2023-09-20,121.90315246582033
2023-09-21,120.07633209228516
2023-09-22,119.4344711303711
2023-09-25,120.8663101196289
2023-09-26,122.39688110351562
2023-09-27,121.95252990722656
2023-09-28,119.5332260131836
2023-09-29,119.92821502685548
2023-10-03,117.75578308105467
2023-10-04,117.16329956054688
2023-10-05,116.57081604003906
2023-10-06,118.24951171875
2023-10-09,115.68209075927734
2023-10-10,115.78084564208984
2023-10-11,122.79187774658205
2023-10-12,124.9149398803711
2023-10-13,126.0998992919922
2023-10-16,128.22296142578125
2023-10-17,131.13600158691406
2023-10-18,130.9878692626953
2023-10-19,136.81394958496094
2023-10-20,136.36959838867188
2023-10-23,126.24801635742188
2023-10-25,140.418212890625
2023-10-26,130.14852905273438
2023-10-27,143.87435913085938
2023-10-30,151.28038024902344
2023-10-31,148.5154571533203
2023-11-01,149.99667358398438
2023-11-02,147.1330108642578
2023-11-03,146.34303283691406
2023-11-06,146.19491577148438
2023-11-07,147.08363342285156
2023-11-08,146.6886444091797
2023-11-09,147.7255096435547
2023-11-10,146.98489379882812
2023-11-13,156.66209411621094
2023-11-15,166.68492126464844
2023-11-16,160.61196899414062
2023-11-17,161.30320739746094
2023-11-20,160.01950073242188
2023-11-21,163.22877502441406
2023-11-22,159.82200622558594
2023-11-23,159.57513427734375
2023-11-24,159.08139038085938
2023-11-28,155.5758819580078
2023-11-29,154.29217529296875
2023-11-30,154.98338317871094
2023-12-01,154.83526611328125
2023-12-04,154.29217529296875
2023-12-05,159.82200622558594
2023-12-06,155.82275390625
2023-12-07,153.84780883789062
2023-12-08,150.8360137939453
2023-12-11,151.7741241455078
2023-12-12,153.74905395507812
2023-12-13,156.9583282470703
2023-12-14,154.7365264892578
2023-12-15,152.86033630371094
2023-12-18,152.6134796142578
2023-12-19,153.45281982421875
2023-12-20,143.87435913085938
2023-12-21,142.83749389648438
2023-12-22,143.4793701171875
2023-12-26,142.44252014160156
2023-12-27,141.6525421142578
2023-12-28,140.2700958251953
2023-12-29,142.6400146484375
2024-01-01,143.82498168945312
2024-01-02,141.45506286621094
2024-01-03,145.5530548095703
2024-01-04,147.8736114501953
2024-01-05,149.10794067382812
2024-01-08,146.6392822265625
2024-01-09,147.1330108642578
2024-01-10,155.0327606201172
2024-01-11,153.5515594482422
2024-01-12,152.02098083496094
2024-01-15,152.02098083496094
2024-01-16,150.4904022216797
2024-01-17,147.0342559814453
2024-01-18,147.18238830566406
2024-01-19,148.8116912841797
2024-01-23,140.56634521484375
2024-01-24,134.24652099609375
2024-01-25,135.6783447265625
2024-01-29,148.07110595703125
2024-01-30,150.88540649414062
2024-01-31,161.74757385253906
2024-02-01,161.10569763183594
2024-02-02,154.29217529296875
2024-02-05,150.39166259765625
2024-02-06,150.53976440429688
2024-02-07,148.31797790527344
2024-02-08,146.04678344726562
2024-02-09,155.52650451660156
2024-02-12,151.13226318359375
2024-02-13,150.5891571044922
2024-02-14,148.5154571533203
2024-02-15,151.37911987304688
2024-02-16,151.37911987304688
2024-02-19,151.181640625
2024-02-20,155.1315155029297
2024-02-21,152.0703582763672
2024-02-22,153.10719299316406
2024-02-23,159.18014526367188
2024-02-26,156.26708984375
2024-02-27,157.15582275390625
2024-02-28,148.9598388671875
2024-02-29,152.8109588623047
2024-03-01,153.60093688964844
2024-03-04,151.9222412109375
2024-03-05,150.39166259765625
2024-03-06,144.31871032714844
2024-03-07,145.40492248535156
2024-03-11,151.6753692626953
2024-03-12,146.2936553955078
2024-03-13,133.85154724121094
2024-03-14,145.65179443359375
2024-03-15,147.2811279296875
2024-03-18,145.25682067871094
2024-03-19,142.24502563476562
2024-03-20,139.33200073242188
2024-03-21,139.57887268066406
2024-03-22,139.87509155273438
2024-03-26,138.78887939453125
2024-03-27,135.57960510253906
2024-03-28,135.8758544921875
2024-04-01,152.662841796875
2024-04-02,150.1941680908203
2024-04-03,153.5515594482422
2024-04-04,153.9959259033203
2024-04-05,153.05783081054688
2024-04-08,151.47787475585938
2024-04-09,152.31723022460938
2024-04-10,151.2310028076172
2024-04-12,149.55230712890625
2024-04-15,146.83676147460938
2024-04-16,144.56558227539062
2024-04-18,145.35556030273438
2024-04-19,144.02249145507812
2024-04-22,147.0342559814453
2024-04-23,159.08139038085938
2024-04-24,157.40267944335938
2024-04-25,153.6503143310547
2024-04-26,151.0828857421875
2024-04-29,149.79917907714844
2024-04-30,148.021728515625
2024-05-02,148.31797790527344
2024-05-03,146.73802185058594
2024-05-06,147.92298889160156
2024-05-07,140.81320190429688
2024-05-08,139.7763671875
2024-05-09,137.3570556640625
2024-05-10,138.3445281982422
2024-05-13,137.3570556640625
2024-05-14,137.55455017089844
2024-05-15,139.82574462890625
2024-05-16,144.4668426513672
2024-05-17,142.34378051757812
2024-05-21,141.45506286621094
2024-05-22,141.9981689453125
2024-05-23,142.09690856933594
2024-05-24,141.70193481445312
2024-05-27,142.04754638671875
2024-05-28,140.61570739746094
2024-05-29,138.49264526367188
2024-05-30,136.91268920898438
2024-05-31,134.6415252685547
2024-06-03,135.33274841308594
2024-06-04,126.3961410522461
2024-06-05,128.37107849121094
2024-06-06,133.01217651367188
2024-06-07,135.53024291992188
2024-06-10,137.55455017089844
2024-06-11,138.2260284423828
2024-06-12,136.75469970703125
2024-06-13,139.05551147460938
2024-06-14,142.3339080810547
2024-06-18,146.54051208496094
2024-06-19,142.63015747070312
2024-06-20,144.4372100830078
2024-06-21,142.67953491210938
2024-06-24,144.131103515625
2024-06-25,143.291748046875
2024-06-26,148.6870574951172
2024-06-27,149.9420166015625
2024-06-28,151.83926391601562
2024-07-01,153.0447998046875
2024-07-02,149.28982543945312
2024-07-03,151.54281616210938
2024-07-04,149.18113708496094
2024-07-05,149.6554412841797
2024-07-08,150.8313446044922
2024-07-09,158.71678161621094
2024-07-10,163.55873107910156
2024-07-11,172.19515991210938
2024-07-12,168.25244140625
2024-07-15,167.42239379882812
2024-07-16,172.20504760742188
2024-07-18,173.7860870361328
2024-07-19,169.96194458007812
2024-07-22,175.52523803710938
2024-07-23,171.5726318359375
2024-07-24,174.9619903564453
2024-07-25,177.05685424804688
2024-07-26,180.56480407714844
2024-07-29,187.175521850586
2024-07-30,183.3612670898437
2024-07-31,181.3553161621093
2024-08-01,184.58657836914065
2024-08-02,182.8770751953125
2024-08-05,172.2346954345703
2024-08-06,177.95608520507812
2024-08-07,182.0371551513672
2024-08-08,176.98770141601562
2024-08-09,175.20901489257812
2024-08-12,176.15765380859375
2024-08-13,173.94418334960938
2024-08-14,172.26434326171875
2024-08-16,173.47975158691406
2024-08-19,180.4857482910156
2024-08-20,183.5391387939453
2024-08-21,191.5826873779297
2024-08-22,193.0155029296875
2024-08-23,194.81393432617188
2024-08-26,197.6202850341797
2024-08-27,200.26852416992188
2024-08-28,204.8041381835937
2024-08-29,194.1716461181641
2024-08-30,190.70323181152344
2024-09-02,186.60240173339844
2024-09-03,185.1102905273437
2024-09-04,186.0589141845703
2024-09-05,187.26446533203125
2024-09-06,181.9580993652344
2024-09-09,181.57272338867188
2024-09-10,184.4976501464844
2024-09-11,176.4442138671875
2024-09-12,178.6477813720703
2024-09-13,181.6517639160156
2024-09-16,176.60232543945312
2024-09-17,175.8612060546875
2024-09-18,176.54302978515625
2024-09-19,175.1892547607422
2024-09-20,169.6852569580078
2024-09-23,171.5726318359375
2024-09-24,169.27024841308594
2024-09-25,166.5626983642578
2024-09-26,163.6674346923828
2024-09-27,163.54884338378906
2024-09-30,161.73065185546875
2024-10-01,172.936279296875
2024-10-03,167.24452209472656
2024-10-04,163.3907470703125
2024-10-07,155.6535186767578
2024-10-08,161.6318359375
2024-10-09,169.46786499023438
2024-10-10,166.43423461914062
2024-10-11,163.47967529296875
2024-10-14,161.8096923828125
2024-10-15,160.4559326171875
2024-10-16,164.7445068359375
2024-10-17,159.7444610595703
2024-10-18,165.6338348388672
2024-10-21,158.25234985351562
2024-10-22,152.1949920654297
2024-10-23,157.2740936279297
2024-10-24,151.82937622070312
2024-10-25,145.74237060546875
2024-10-28,148.70681762695312
2024-10-29,147.27398681640625
2024-10-30,150.11000061035156
2024-10-31,150.4064483642578
2024-11-01,153.4400634765625
2024-11-04,153.1831512451172
2024-11-05,152.7977752685547
2024-11-06,158.3808135986328
2024-11-07,160.7523651123047
2024-11-08,156.11795043945312
2024-11-11,155.1100311279297
2024-11-12,152.7977752685547
2024-11-13,146.96766662597656
2024-11-14,147.83724975585938
2024-11-18,145.7028350830078
2024-11-19,146.8985137939453
2024-11-21,145.69296264648438
2024-11-22,147.13565063476562
2024-11-25,148.89456176757812
2024-11-26,146.37478637695312
2024-11-27,151.0289764404297
2024-11-28,149.4084014892578
2024-11-29,150.69300842285156
2024-12-02,154.84323120117188
2024-12-03,158.1831817626953
2024-12-04,161.4342041015625
2024-12-05,163.41049194335938
2024-12-06,162.21484375
2024-12-09,171.6912078857422
2024-12-10,170.6536407470703
2024-12-11,170.45602416992188
2024-12-12,167.36309814453125
2024-12-13,173.53904724121094
2024-12-16,176.3256378173828
2024-12-17,170.04100036621094
2024-12-18,169.8828887939453
2024-12-19,168.73663330078125
2024-12-20,161.40455627441406
2024-12-23,159.05276489257812
2024-12-24,157.23455810546875
2024-12-26,155.2681427001953
2024-12-27,154.29974365234375
2024-12-30,153.45982360839844
2024-12-31,154.93215942382812
2025-01-01,159.46778869628906
2025-01-02,161.5527801513672
2025-01-03,161.5527801513672
2025-01-06,154.30963134765625
2025-01-07,157.88673400878906
2025-01-08,152.9558563232422
2025-01-09,148.58824157714844
2025-01-10,146.2957305908203
2025-01-13,142.17514038085938
2025-01-14,145.21865844726562
2025-01-15,149.20089721679688
2025-01-16,150.01116943359375
2025-01-17,151.9380645751953
2025-01-20,151.54281616210938
2025-01-21,149.64556884765625
2025-01-22,147.48150634765625
2025-01-23,146.65147399902344
2025-01-24,150.69300842285156
2025-01-27,142.39254760742188
2025-01-28,145.84117126464844
2025-01-29,147.5902099609375
2025-01-30,138.4893341064453
2025-01-31,136.07826232910156
2025-02-01,136.4142303466797
2025-02-03,130.42604064941406
2025-02-04,129.53668212890625
2025-02-05,130.27780151367188
2025-02-06,128.5485382080078
2025-02-07,127.04656219482422
2025-02-10,125.1690673828125
2025-02-11,122.11568450927734
2025-02-12,123.70660400390624
2025-02-13,120.54451751708984
2025-02-14,116.79942321777344
2025-02-17,119.09193420410156
2025-02-18,115.49506378173828
2025-02-19,120.86072540283205
2025-02-20,121.90817260742188
2025-02-21,117.60971069335938
2025-02-24,112.97528839111328
2025-02-25,114.17095184326172
2025-02-27,110.68277740478516
2025-02-28,105.65308380126952
2025-03-03,115.48519134521484
2025-03-04,111.7499771118164
2025-03-05,117.09587097167967
2025-03-06,119.6749496459961
2025-03-07,121.2065887451172
2025-03-10,118.90419006347656
2025-03-11,120.62357330322266
2025-03-12,119.6749496459961
2025-03-13,118.60774230957033
2025-03-17,115.2677993774414
2025-03-18,115.2677993774414
2025-03-19,129.29954528808594
2025-03-20,129.0821533203125
2025-03-21,135.8213348388672
2025-03-24,138.3608856201172
2025-03-25,137.79763793945312
2025-03-26,133.756103515625
2025-03-27,134.0229034423828
2025-03-28,133.51893615722656
2025-04-01,130.18887329101562
2025-04-02,129.6552734375
2025-04-03,132.4517364501953
2025-04-04,122.77774047851562
2025-04-07,116.88836669921876
2025-04-08,118.43975830078124
2025-04-09,112.12547302246094
2025-04-11,122.38247680664062
2025-04-15,128.20269775390625
2025-04-16,130.48532104492188
2025-04-17,130.16909790039062
2025-04-21,130.5050811767578
2025-04-22,130.95962524414062
2025-04-23,131.81932067871094
2025-04-24,129.23036193847656
2025-04-25,123.0544204711914
2025-04-28,126.7599868774414
2025-04-29,128.63746643066406
2025-04-30,125.7125473022461
2025-05-02,124.04257202148438
2025-05-05,123.51885223388672
2025-05-06,119.06229400634766
2025-05-07,133.38059997558594
2025-05-08,136.25611877441406
2025-05-09,145.1593475341797
2025-05-12,148.8352813720703
2025-05-13,142.6000518798828
2025-05-14,142.2443084716797
2025-05-15,144.02297973632812
2025-05-16,147.30364990234375
2025-05-19,144.5467071533203
2025-05-20,140.7423095703125
2025-05-21,147.7186737060547
2025-05-22,149.49732971191406
2025-05-23,150.25820922851562
2025-05-26,147.93606567382812
2025-05-27,146.16726684570312
2025-05-28,145.47557067871094
2025-05-29,145.07041931152344
2025-05-30,131.0880889892578
2025-06-02,131.26596069335938
2025-06-03,128.96356201171875
2025-06-04,132.3232879638672
2025-06-05,138.9438934326172
2025-06-06,135.59405517578125
2025-06-09,135.92015075683594
2025-06-10,138.14349365234375
2025-06-11,137.837158203125
2025-06-12,135.09010314941406
2025-06-13,132.20469665527344
2025-06-16,131.75015258789062
2025-06-17,131.1473846435547
2025-06-18,130.37661743164062
2025-06-19,128.65724182128906
2025-06-20,127.25406646728516
2025-06-23,125.8706512451172
2025-06-24,129.68492126464844
2025-06-25,138.1632537841797
2025-06-26,141.77000427246094
2025-06-27,144.16000366210938
2025-06-30,143.33999633789062
2025-07-01,139.8000030517578
2025-07-02,139.64999389648438
2025-07-03,141.6199951171875
2025-07-04,144.4600067138672
2025-07-07,143.3300018310547
2025-07-08,143.8800048828125
2025-07-09,142.60000610351562
2025-07-10,143.11000061035156
2025-07-11,140.41000366210938
2025-07-14,138.2899932861328
2025-07-15,138.75999450683594
2025-07-16,139.72000122070312
2025-07-17,139.19000244140625
2025-07-18,142.85000610351562
2025-07-21,142.39999389648438
2025-07-22,139.9499969482422
2025-07-23,137.55999755859375
2025-07-24,141.0
2025-07-25,136.89999389648438
2025-07-28,134.32000732421875
2025-07-29,136.25999450683594
2025-07-30,132.8300018310547
2025-07-31,126.08000183105467
2025-08-01,121.08999633789062
2025-08-04,126.73999786376952
2025-08-05,121.98999786376952
2025-08-06,115.86000061035156
2025-08-07,118.7699966430664
2025-08-08,117.54000091552734
2025-08-11,113.56999969482422
2025-08-12,113.7300033569336
2025-08-13,114.38999938964844
2025-08-14,113.9499969482422
2025-08-18,117.16000366210938
2025-08-19,121.95999908447266
2025-08-20,120.87000274658205
2025-08-21,119.41000366210938
2025-08-22,118.68000030517578
2025-08-25,116.63999938964844
2025-08-26,114.27999877929688
2025-08-28,112.9499969482422
2025-08-29,109.31999969482422
2025-09-01,111.13999938964844
2025-09-02,112.56999969482422
2025-09-03,114.44000244140624
2025-09-04,111.97000122070312
2025-09-05,114.0199966430664
2025-09-08,114.7699966430664
2025-09-09,114.25
2025-09-10,125.52999877929688
2025-09-11,123.0
2025-09-12,121.06999969482422
2025-09-15,120.51000213623048
2025-09-16,124.22000122070312
2025-09-17,128.05999755859375
2025-09-18,126.83000183105467
2025-09-19,124.41000366210938
2025-09-22,123.38999938964844
2025-09-23,121.97000122070312
2025-09-24,122.19000244140624
2025-09-25,119.80999755859376
2025-09-26,116.47000122070312
2025-09-29,114.66999816894533
2025-09-30,114.6999969482422
2025-10-01,116.86000061035156
2025-10-03,117.20999908447266
2025-10-06,114.5500030517578
2025-10-07,115.55999755859376
2025-10-08,116.16000366210938
2025-10-09,119.33999633789062
2025-10-10,122.7699966430664
2025-10-13,123.7699966430664
2025-10-14,122.94000244140624
2025-10-15,125.81999969482422
2025-10-16,127.08000183105467
2025-10-17,121.66999816894533
2025-10-20,121.93000030517578
2025-10-21,122.52999877929688
2025-10-23,127.91999816894533
2025-10-24,128.1999969482422
2025-10-27,129.64999389648438
2025-10-28,128.35000610351562
2025-10-29,132.97999572753906
2025-10-30,132.3699951171875
2025-10-31,129.64999389648438
2025-11-03,131.30999755859375
2025-11-04,129.1199951171875
2025-11-06,127.22000122070312
2025-11-07,129.47999572753906
2025-11-10,132.27000427246094
2025-11-11,134.8300018310547
2025-11-12,139.32000732421875
2025-11-13,136.5800018310547
2025-11-14,138.3300018310547
2025-11-17,138.17999267578125
2025-11-18,140.9199981689453
2025-11-19,136.6199951171875
2025-11-20,140.3800048828125
2025-11-21,136.3699951171875
2025-11-24,131.8699951171875
2025-11-25,130.27000427246094
2025-11-26,133.52999877929688
2025-11-27,132.5399932861328
2025-11-28,148.82000732421875
2025-12-01,142.0
2025-12-02,136.3800048828125
2025-12-03,140.38999938964844
2025-12-04,136.75
2025-12-05,134.6999969482422
2025-12-08,132.0399932861328
2025-12-09,131.83999633789062
2025-12-10,140.80999755859375
2025-12-11,137.57000732421875
2025-12-12,137.35000610351562
2025-12-15,135.77999877929688
2025-12-16,135.6300048828125
2025-12-17,133.75999450683594
2025-12-18,133.05999755859375
2025-12-19,135.75999450683594
2025-12-22,136.38999938964844
2025-12-23,136.9499969482422
2025-12-24,135.02000427246094
2025-12-26,132.57000732421875
2025-12-29,131.5800018310547
2025-12-30,132.9600067138672
2025-12-31,130.57000732421875
2026-01-01,132.0500030517578
2026-01-02,132.4199981689453
2026-01-05,131.72000122070312
2026-01-06,129.4600067138672
2026-01-07,129.55999755859375
2026-01-08,126.7300033569336
2026-01-09,123.66999816894533
2026-01-12,121.45999908447266
2026-01-13,121.37000274658205
2026-01-14,125.73999786376952
2026-01-15,125.73999786376952
2026-01-16,121.22000122070312
2026-01-19,118.98999786376952
2026-01-20,113.0
2026-01-21,117.26000213623048
2026-01-22,125.55999755859376
2026-01-23,120.77999877929688
2026-01-27,125.97000122070312
2026-01-28,126.4800033569336
2026-01-29,123.01000213623048
2026-01-30,123.93000030517578
2026-02-02,122.4499969482422
2026-02-03,146.61000061035156
2026-02-04,144.66000366210938
2026-02-05,142.0
2026-02-06,140.35000610351562
2026-02-09,145.11000061035156
2026-02-10,136.8300018310547
2026-02-11,140.22000122070312
2026-02-12,142.60000610351562
2026-02-13,141.16000366210938
2026-02-16,138.35000610351562
2026-02-17,139.25
2026-02-18,138.4600067138672
2026-02-19,137.75
2026-02-20,136.77999877929688
2026-02-23,139.33999633789062
2026-02-24,134.2100067138672
2026-02-25,127.08999633789062
2026-02-26,126.44000244140624
2026-02-27,125.33000183105467
2026-03-02,124.37000274658205
2026-03-04,119.45999908447266
2026-03-05,120.3000030517578
2026-03-06,120.36000061035156
2026-03-09,115.8000030517578
2026-03-10,116.97000122070312
2026-03-11,118.68000030517578
2026-03-12,115.86000061035156
2026-03-13,112.0999984741211
2026-03-16,109.44000244140624
2026-03-17,109.08999633789062
2026-03-18,115.20999908447266
2026-03-19,113.18000030517578
2026-03-20,114.56999969482422
2026-03-23,109.9499969482422
2026-03-24,113.08000183105467
2026-03-25,113.41000366210938
2026-03-27,116.45999908447266
2026-03-30,108.31999969482422
2026-04-01,115.70999908447266
2026-04-02,115.97000122070312
2026-04-06,117.76000213623048
2026-04-07,119.30999755859376
2026-04-08,123.26000213623048
2026-04-09,121.81999969482422
2026-04-10,123.06999969482422
2026-04-13,122.80999755859376
2026-04-15,124.76000213623048
2026-04-16,123.83000183105467
2026-04-17,125.41999816894533
2026-04-20,126.91000366210938
2026-04-21,132.57000732421875
2026-04-22,133.3699951171875
2026-04-23,133.5
2026-04-24,130.16000366210938
2026-04-27,132.74000549316406
2026-04-28,131.77999877929688
2026-04-29,130.2899932861328
2026-04-30,128.9600067138672
2026-05-01,128.9600067138672
2026-05-04,129.47999572753906
2026-05-05,130.19000244140625
2026-05-06,132.91000366210938
2026-05-07,132.24000549316406
2026-05-08,133.8000030517578
2026-05-11,136.0800018310547
2026-05-12,134.3699951171875
2026-05-13,133.8300018310547
2026-05-14,134.22999572753906
2026-05-15,141.02000427246094
2026-05-18,138.6699981689453
2026-05-19,140.38999938964844
2026-05-20,141.64999389648438
2026-05-21,145.5
2026-05-22,139.1999969482422
2026-05-25,138.6199951171875
2026-05-26,138.80999755859375
2026-05-27,139.4499969482422
2026-05-28,139.4499969482422
2026-05-29,137.97000122070312
2026-06-01,145.1300048828125
2026-06-02,143.64999389648438
2026-06-03,145.57000732421875
2026-06-04,144.27999877929688
2026-06-05,143.1300048828125
2026-06-08,142.38999938964844
2026-06-09,142.44000244140625
2026-06-10,140.2100067138672
2026-06-11,135.5500030517578
2026-06-12,138.5399932861328
2026-06-15,144.92999267578125
2026-06-16,145.77999877929688
2026-06-17,146.64999389648438
2026-06-18,163.0
2026-06-19,162.22999572753906
2026-06-22,161.75
2026-06-23,161.67999267578125
2026-06-24,169.83999633789062
2026-06-25,167.32000732421875
2026-06-26,167.32000732421875
2026-06-29,161.94268798828125
2026-06-30,158.74461364746094
2026-07-01,165.16075134277344
2026-07-02,166.7298126220703
2026-07-03,170.8273468017578
2026-07-06,169.54811096191406
2026-07-07,170.32765197753906
2026-07-08,162.8321533203125
2026-07-09,166.42999267578125
2026-07-10,166.1699981689453
2026-07-13,174.13999938964844
2026-07-14,164.5399932861328
2026-07-15,165.88999938964844
2026-07-16,164.8000030517578
2026-07-17,164.39999389648438
2026-07-20,163.3800048828125
2026-07-21,166.0399932861328
2026-07-22,164.99000549316406
2026-07-23,164.99000549316406
2026-07-24,162.0
2026-07-27,163.52999877929688
2026-07-28,160.22999572753906
2026-07-29,162.3000030517578
2026-07-30,160.13999938964844
2026-07-31,155.94000244140625
2026-08-03,154.6300048828125
2026-08-04,160.72999572753906
2026-08-05,160.77999877929688
2026-08-06,159.25
2026-08-07,164.08999633789062
2026-08-10,164.2899932861328
2026-08-11,159.66000366210938
2026-08-12,165.22999572753906
2026-08-13,159.8300018310547
2026-08-14,164.05999755859375
2026-08-17,168.14999389648438
2026-08-18,177.7899932861328
2026-08-19,181.2400054931641
2026-08-20,188.69000244140625
2026-08-21,189.22000122070312
2026-08-24,190.42999267578125
2026-08-25,190.3000030517578
2026-08-26,190.6300048828125
2026-08-27,192.2899932861328
2026-08-28,190.4600067138672
2026-08-31,196.2100067138672
2026-09-01,198.41000366210932
2026-09-02,200.00999450683597
2026-09-03,200.61000061035156
