date,close
2008-10-06,14.586986541748047
2008-10-07,13.065242767333984
2008-10-08,11.521761894226074
2008-10-10,10.086977005004883
2008-10-13,10.717413902282715
2008-10-14,9.630455017089844
2008-10-15,10.5869779586792
2008-10-16,11.521761894226074
2008-10-17,9.543498039245605
2008-10-20,9.456541061401367
2008-10-21,9.43480110168457
2008-10-22,8.826102256774902
2008-10-23,8.260886192321777
2008-10-24,7.173927307128906
2008-10-27,6.347838878631592
2008-10-29,7.217406272888184
2008-10-31,7.500014305114746
2008-11-03,7.500014305114746
2008-11-04,7.891321659088135
2008-11-05,7.86958122253418
2008-11-06,7.8261027336120605
2008-11-07,9.000019073486328
2008-11-10,8.652192115783691
2008-11-11,8.000015258789062
2008-11-12,8.02175521850586
2008-11-14,7.956536293029785
2008-11-17,7.717406272888184
2008-11-18,7.500014305114746
2008-11-19,7.239144325256348
2008-11-20,7.065231800079346
2008-11-21,6.9347968101501465
2008-11-24,7.195666313171387
2008-11-25,7.413059234619141
2008-11-26,7.304361343383789
2008-11-27,7.304361343383789
2008-11-28,7.217406272888184
2008-12-01,7.086970329284668
2008-12-02,6.8261003494262695
2008-12-03,6.91305685043335
2008-12-04,6.9347968101501465
2008-12-05,7.043492794036865
2008-12-08,7.108709335327148
2008-12-10,7.565232276916504
2008-12-11,7.978277683258057
2008-12-12,7.304361343383789
2008-12-15,7.413059234619141
2008-12-16,7.630450248718262
2008-12-17,7.347839832305908
2008-12-18,7.239144325256348
2008-12-19,7.108709335327148
2008-12-22,7.195666313171387
2008-12-23,7.065231800079346
2008-12-24,6.956535339355469
2008-12-26,6.804361820220947
2008-12-29,6.8261003494262695
2008-12-30,6.630448818206787
2008-12-31,6.804361820220947
2009-01-02,7.913059234619141
2009-01-05,7.934797763824463
2009-01-06,7.804362773895264
2009-01-07,6.956535339355469
2009-01-09,6.543491363525391
2009-01-12,6.391316890716553
2009-01-13,6.347838878631592
2009-01-14,6.543491363525391
2009-01-15,6.369577884674072
2009-01-16,6.347838878631592
2009-01-19,6.304360389709473
2009-01-20,6.4565348625183105
2009-01-21,6.369577884674072
2009-01-22,6.282620906829834
2009-01-23,6.195664405822754
2009-01-27,6.2608819007873535
2009-01-28,6.173925399780273
2009-01-29,6.347838878631592
2009-01-30,6.4565348625183105
2009-02-02,6.4565348625183105
2009-02-03,6.978274345397949
2009-02-04,6.782622337341309
2009-02-05,6.91305685043335
2009-02-06,6.8261003494262695
2009-02-09,7.239144325256348
2009-02-10,7.39132022857666
2009-02-11,7.717406272888184
2009-02-12,7.717406272888184
2009-02-13,7.565232276916504
2009-02-16,6.978274345397949
2009-02-17,7.195666313171387
2009-02-18,7.347839832305908
2009-02-19,7.217406272888184
2009-02-20,6.978274345397949
2009-02-24,6.58696985244751
2009-02-25,6.8913187980651855
2009-02-26,7.195666313171387
2009-02-27,7.021752834320068
2009-03-02,6.956535339355469
2009-03-03,6.76088285446167
2009-03-04,6.652186870574951
2009-03-05,6.543491363525391
2009-03-06,6.4565348625183105
2009-03-09,6.326099872589111
2009-03-12,6.304360389709473
2009-03-13,6.304360389709473
2009-03-16,6.521752834320068
2009-03-17,6.434795379638672
2009-03-18,6.782622337341309
2009-03-19,6.5000128746032715
2009-03-20,6.608708381652832
2009-03-23,6.67392635345459
2009-03-24,6.58696985244751
2009-03-25,6.5000128746032715
2009-03-26,6.5000128746032715
2009-03-27,6.4565348625183105
2009-03-30,6.521752834320068
2009-03-31,6.565230846405029
2009-04-01,6.58696985244751
2009-04-02,6.8261003494262695
2009-04-06,6.956535339355469
2009-04-08,7.043492794036865
2009-04-09,7.434798717498779
2009-04-13,8.152189254760742
2009-04-15,7.956536293029785
2009-04-16,7.652190685272217
2009-04-17,7.478275775909424
2009-04-20,7.586971759796143
2009-04-21,9.108716011047363
2009-04-22,10.021758079528809
2009-04-23,9.173932075500488
2009-04-24,9.543498039245605
2009-04-27,9.43480110168457
2009-04-28,10.93480396270752
2009-04-29,10.26089096069336
2009-04-30,10.26089096069336
2009-05-04,9.847846031188965
2009-05-05,9.760889053344727
2009-05-06,9.608715057373047
2009-05-07,9.652194023132324
2009-05-08,9.500019073486328
2009-05-11,8.89132308959961
2009-05-12,9.065235137939453
2009-05-13,8.847843170166016
2009-05-14,8.7174072265625
2009-05-15,8.695670127868652
2009-05-18,8.695670127868652
2009-05-19,9.152191162109375
2009-05-20,9.804367065429688
2009-05-21,10.000020980834961
2009-05-22,10.45654296875
2009-05-25,11.304372787475586
2009-05-26,11.0869779586792
2009-05-27,11.304372787475586
2009-05-28,11.021760940551758
2009-05-29,10.826109886169434
2009-06-01,11.369588851928711
2009-06-02,11.891328811645508
2009-06-03,12.50002384185791
2009-06-08,12.565241813659668
2009-06-09,11.934807777404785
2009-06-10,11.391326904296875
2009-06-11,11.434804916381836
2009-06-12,10.978282928466797
2009-06-15,10.543498039245605
2009-06-16,10.913065910339355
2009-06-17,10.5869779586792
2009-06-18,10.086977005004883
2009-06-19,10.26089096069336
2009-06-22,10.26089096069336
2009-06-23,10.043497085571289
2009-06-24,10.043497085571289
2009-06-25,10.195672988891602
2009-06-26,10.108716011047363
2009-06-29,10.217412948608398
2009-06-30,10.065237998962402
2009-07-01,10.369585037231445
2009-07-02,10.47828197479248
2009-07-03,10.543498039245605
2009-07-06,10.282629013061523
2009-07-07,10.217412948608398
2009-07-08,9.913064002990723
2009-07-09,9.760889053344727
2009-07-10,9.913064002990723
2009-07-13,9.369583129882812
2009-07-14,9.934802055358887
2009-07-15,9.934802055358887
2009-07-16,9.869585990905762
2009-07-17,9.978282928466797
2009-07-20,10.043497085571289
2009-07-21,10.130455017089844
2009-07-22,10.086977005004883
2009-07-23,10.304368019104004
2009-07-24,10.521759986877441
2009-07-27,11.50002384185791
2009-07-28,11.152196884155273
2009-07-29,10.956544876098633
2009-07-30,10.869585990905762
2009-07-31,11.152196884155273
2009-08-03,11.434804916381836
2009-08-04,11.891328811645508
2009-08-05,12.065241813659668
2009-08-06,11.543500900268555
2009-08-07,11.130456924438477
2009-08-10,10.78262996673584
2009-08-11,11.47828483581543
2009-08-12,11.47828483581543
2009-08-13,11.47828483581543
2009-08-14,11.413065910339355
2009-08-17,11.282631874084473
2009-08-18,11.826111793518066
2009-08-19,12.19567584991455
2009-08-20,11.956546783447266
2009-08-21,13.152199745178223
2009-08-24,13.71741771697998
2009-08-25,13.934809684753418
2009-08-26,13.71741771697998
2009-08-27,13.71741771697998
2009-08-28,13.652200698852539
2009-08-31,15.021769523620605
2009-09-01,15.73916244506836
2009-09-02,16.54351043701172
2009-09-03,17.369598388671875
2009-09-04,18.239166259765625
2009-09-07,19.15220832824707
2009-09-08,19.02177619934082
2009-09-09,18.086990356445312
2009-09-10,17.19568634033203
2009-09-11,16.565248489379883
2009-09-14,17.41307830810547
2009-09-15,18.282642364501953
2009-09-16,19.19569206237793
2009-09-17,19.19569206237793
2009-09-18,18.608732223510742
2009-09-22,18.739166259765625
2009-09-23,17.826120376586914
2009-09-24,18.717424392700195
2009-09-25,18.652212142944336
2009-09-29,18.56525421142578
2009-09-30,18.19568634033203
2009-10-01,17.80438232421875
2009-10-05,17.108732223510742
2009-10-06,16.80438232421875
2009-10-07,17.652204513549805
2009-10-08,17.41307830810547
2009-10-09,16.80438232421875
2009-10-12,17.15220832824707
2009-10-13,17.15220832824707
2009-10-14,16.847862243652344
2009-10-15,17.15220832824707
2009-10-16,16.586990356445312
2009-10-20,18.15221405029297
2009-10-21,17.739168167114258
2009-10-22,17.065248489379883
2009-10-23,17.130468368530273
2009-10-26,17.086992263793945
2009-10-27,16.347856521606445
2009-10-28,17.173946380615234
2009-10-29,17.021774291992188
2009-10-30,16.89133644104004
2009-11-03,16.347856521606445
2009-11-04,16.65220832824707
2009-11-05,16.391338348388672
2009-11-06,16.326120376586914
2009-11-09,16.586990356445312
2009-11-10,16.347856521606445
2009-11-11,17.15220832824707
2009-11-12,18.021774291992188
2009-11-13,18.543516159057617
2009-11-16,18.4130802154541
2009-11-17,18.130470275878906
2009-11-18,18.173948287963867
2009-11-19,18.32612419128418
2009-11-20,18.673952102661133
2009-11-23,18.282642364501953
2009-11-24,18.30438232421875
2009-11-25,18.32612419128418
2009-11-26,18.130470275878906
2009-11-27,18.173948287963867
2009-11-30,19.065256118774414
2009-12-01,20.93482208251953
2009-12-02,19.717430114746094
2009-12-03,19.717430114746094
2009-12-04,20.217432022094727
2009-12-07,19.84786605834961
2009-12-08,20.086994171142578
2009-12-09,20.130475997924805
2009-12-10,20.217432022094727
2009-12-11,20.000041961669922
2009-12-14,20.043516159057617
2009-12-15,19.65221405029297
2009-12-16,19.630470275878906
2009-12-17,20.021778106689453
2009-12-18,20.10873794555664
2009-12-21,20.000041961669922
2009-12-22,19.673954010009766
2009-12-23,20.086994171142578
2009-12-24,20.021778106689453
2009-12-29,20.19569206237793
2009-12-30,20.23917007446289
2009-12-31,20.021778106689453
2010-01-04,20.673952102661133
2010-01-05,20.34786605834961
2010-01-06,20.173954010009766
2010-01-07,20.173954010009766
2010-01-08,21.28265380859375
2010-01-11,22.02178382873535
2010-01-12,21.608736038208008
2010-01-13,21.108736038208008
2010-01-14,21.152217864990234
2010-01-15,21.45656394958496
2010-01-18,21.000041961669922
2010-01-19,20.891345977783203
2010-01-20,20.52178192138672
2010-01-21,19.84786605834961
2010-01-22,19.673954010009766
2010-01-25,19.78264617919922
2010-01-27,19.760910034179688
2010-01-28,19.413082122802734
2010-01-29,23.304391860961914
2010-02-01,21.913089752197266
2010-02-02,21.56525993347168
2010-02-03,21.239173889160156
2010-02-04,20.326129913330078
2010-02-05,19.369604110717773
2010-02-08,19.478300094604492
2010-02-09,19.43482208251953
2010-02-10,19.173952102661133
2010-02-11,19.043516159057617
2010-02-15,18.260906219482422
2010-02-16,18.347864151000977
2010-02-17,18.391338348388672
2010-02-18,18.913082122802734
2010-02-19,18.56525421142578
2010-02-22,17.978294372558594
2010-02-23,17.217424392700195
2010-02-24,17.130468368530273
2010-02-25,16.82612419128418
2010-02-26,17.630470275878906
2010-03-02,17.41307830810547
2010-03-03,18.108732223510742
2010-03-04,17.978294372558594
2010-03-05,18.108732223510742
2010-03-08,18.80438804626465
2010-03-09,18.4130802154541
2010-03-10,18.065256118774414
2010-03-11,16.78264045715332
2010-03-12,16.913076400756836
2010-03-15,19.217430114746094
2010-03-16,18.760906219482422
2010-03-17,18.32612419128418
2010-03-18,18.173948287963867
2010-03-19,17.891340255737305
2010-03-22,18.217432022094727
2010-03-23,17.652204513549805
2010-03-25,17.434814453125
2010-03-26,17.369598388671875
2010-03-29,17.260902404785156
2010-03-30,17.000032424926758
2010-03-31,16.978294372558594
2010-04-01,17.71742820739746
2010-04-05,18.130470275878906
2010-04-06,18.239166259765625
2010-04-07,17.739168167114258
2010-04-08,17.80438232421875
2010-04-09,17.78264617919922
2010-04-12,17.80438232421875
2010-04-13,17.760906219482422
2010-04-15,17.630470275878906
2010-04-16,17.826120376586914
2010-04-19,17.41307830810547
2010-04-20,17.80438232421875
2010-04-21,18.239166259765625
2010-04-22,18.021774291992188
2010-04-23,18.130470275878906
2010-04-26,18.086990356445312
2010-04-27,18.260906219482422
2010-04-28,17.71742820739746
2010-04-29,17.739168167114258
2010-04-30,17.847862243652344
2010-05-03,17.673948287963867
2010-05-04,18.086990356445312
2010-05-05,18.065256118774414
2010-05-06,17.9130802154541
2010-05-07,16.869596481323242
2010-05-10,17.521774291992188
2010-05-11,17.32611846923828
2010-05-12,17.239168167114258
2010-05-13,17.173946380615234
2010-05-14,16.89133644104004
2010-05-17,16.6739444732666
2010-05-18,16.78264045715332
2010-05-19,16.347856521606445
2010-05-20,16.41307830810547
2010-05-21,16.6956844329834
2010-05-24,17.304384231567383
2010-05-25,16.6739444732666
2010-05-26,16.717426300048828
2010-05-27,17.304384231567383
2010-05-28,17.521774291992188
2010-05-31,18.021774291992188
2010-06-01,18.347864151000977
2010-06-02,18.173948287963867
2010-06-03,18.130470275878906
2010-06-04,18.260906219482422
2010-06-07,17.847862243652344
2010-06-08,17.80438232421875
2010-06-09,17.630470275878906
2010-06-10,17.78264617919922
2010-06-11,17.934816360473633
2010-06-14,17.71742820739746
2010-06-15,17.847862243652344
2010-06-16,18.239166259765625
2010-06-17,17.847862243652344
2010-06-18,17.739168167114258
2010-06-21,17.586994171142578
2010-06-22,17.56525421142578
2010-06-23,17.956558227539062
2010-06-24,17.956558227539062
2010-06-25,17.673948287963867
2010-06-28,18.000038146972656
2010-06-29,17.673948287963867
2010-06-30,17.86960220336914
2010-07-01,17.739168167114258
2010-07-02,17.826120376586914
2010-07-05,17.86960220336914
2010-07-06,17.9130802154541
2010-07-07,17.86960220336914
2010-07-08,18.9348201751709
2010-07-09,19.08699607849121
2010-07-12,19.54351806640625
2010-07-13,19.239168167114258
2010-07-14,19.58699607849121
2010-07-15,23.521787643432617
2010-07-16,23.13047981262207
2010-07-19,25.36961555480957
2010-07-20,24.934833526611328
2010-07-21,24.195703506469727
2010-07-22,23.673959732055664
2010-07-23,22.869609832763672
2010-07-26,22.67395782470703
2010-07-27,22.195695877075195
2010-07-28,21.478303909301758
2010-07-29,21.347869873046875
2010-07-30,22.195695877075195
2010-08-02,22.652217864990234
2010-08-03,22.434823989868164
2010-08-04,22.695697784423828
2010-08-05,22.587003707885742
2010-08-06,22.478307723999023
2010-08-09,22.89134979248047
2010-08-10,23.565261840820312
2010-08-11,23.260913848876953
2010-08-12,23.393836975097656
2010-08-13,22.928617477416992
2010-08-16,22.817852020263672
2010-08-17,23.017230987548828
2010-08-18,23.283069610595703
2010-08-19,22.84000587463379
2010-08-20,23.460296630859375
2010-08-23,22.928617477416992
2010-08-24,22.950769424438477
2010-08-25,22.950769424438477
2010-08-26,23.90336036682129
2010-08-27,23.460296630859375
2010-08-30,23.79259490966797
2010-08-31,24.058435440063477
2010-09-01,24.32427406311035
2010-09-02,24.67872428894043
2010-09-03,25.299015045166016
2010-09-06,26.960508346557617
2010-09-07,26.871898651123047
2010-09-08,26.47313690185547
2010-09-09,26.47313690185547
2010-09-13,26.561750411987305
2010-09-14,25.808542251586914
2010-09-15,26.34021759033203
2010-09-16,26.273759841918945
2010-09-17,26.096534729003906
2010-09-20,26.982662200927734
2010-09-21,26.4288330078125
2010-09-22,26.251605987548828
2010-09-23,24.922409057617188
2010-09-24,25.321170806884766
2010-09-27,25.742080688476562
2010-09-28,25.476242065429688
2010-09-29,25.166093826293945
2010-09-30,25.43193244934082
2010-10-01,25.210403442382812
2010-10-04,25.941457748413086
2010-10-05,25.299015045166016
2010-10-06,25.454090118408203
2010-10-07,25.254711151123047
2010-10-08,25.27686309814453
2010-10-11,25.321170806884766
2010-10-12,25.033174514770508
2010-10-13,25.254711151123047
2010-10-14,24.944562911987305
2010-10-15,24.90025520324707
2010-10-18,24.90025520324707
2010-10-19,24.8559513092041
2010-10-20,24.811643600463867
2010-10-21,24.72303009033203
2010-10-22,24.700878143310547
2010-10-25,24.523653030395508
2010-10-26,24.590110778808594
2010-10-27,24.7673397064209
2010-10-28,24.72303009033203
2010-10-29,24.080585479736328
2010-11-01,24.124893188476562
2010-11-02,23.925512313842773
2010-11-03,23.969820022583008
2010-11-04,24.72303009033203
2010-11-08,24.96671485900879
2010-11-09,26.71682357788086
2010-11-10,26.650365829467773
2010-11-11,24.96671485900879
2010-11-12,24.8559513092041
2010-11-15,24.90025520324707
2010-11-16,24.191349029541016
2010-11-18,24.87810707092285
2010-11-19,24.2578125
2010-11-22,24.590110778808594
2010-11-23,24.3021183013916
2010-11-24,24.014127731323242
2010-11-25,23.65967559814453
2010-11-26,23.63752555847168
2010-11-29,25.055330276489258
2010-11-30,24.72303009033203
2010-12-01,24.811643600463867
2010-12-02,24.811643600463867
2010-12-03,24.3021183013916
2010-12-06,19.450557708740234
2010-12-07,19.18471908569336
2010-12-08,17.944135665893555
2010-12-09,16.32694435119629
2010-12-10,17.789064407348633
2010-12-13,18.719499588012695
2010-12-14,18.8524169921875
2010-12-15,19.140411376953125
2010-12-16,18.896726608276367
2010-12-20,19.206871032714844
2010-12-21,19.27332878112793
2010-12-22,19.073949813842773
2010-12-23,19.849315643310547
2010-12-24,19.694242477416992
2010-12-27,20.336692810058594
2010-12-28,20.38099479675293
2010-12-29,19.53917121887207
2010-12-30,19.53917121887207
2010-12-31,20.00438690185547
2011-01-03,20.668987274169922
2011-01-04,20.403148651123047
2011-01-05,21.15635871887207
2011-01-06,21.08989715576172
2011-01-07,20.403148651123047
2011-01-10,19.760700225830078
2011-01-11,19.672088623046875
2011-01-12,19.42840576171875
2011-01-13,19.82716178894043
2011-01-14,19.3619441986084
2011-01-17,19.096105575561523
2011-01-18,18.8524169921875
2011-01-19,18.83026885986328
2011-01-20,18.91887664794922
2011-01-21,18.653038024902344
2011-01-24,18.675193786621094
2011-01-25,18.83026885986328
2011-01-27,18.2985897064209
2011-01-28,18.40935516357422
2011-01-31,18.83026885986328
2011-02-01,18.608734130859375
2011-02-02,18.40935516357422
2011-02-03,18.83026885986328
2011-02-04,18.586578369140625
2011-02-07,18.475812911987305
2011-02-08,17.67829704284668
2011-02-09,16.57063102722168
2011-02-10,16.902929306030273
2011-02-11,19.05179786682129
2011-02-14,19.915775299072266
2011-02-15,19.49486541748047
2011-02-16,19.3619441986084
2011-02-17,19.64993667602539
2011-02-18,18.675193786621094
2011-02-21,18.475812911987305
2011-02-22,17.899831771850586
2011-02-23,17.899831771850586
2011-02-24,18.143512725830078
2011-02-25,17.523225784301758
2011-02-28,17.523225784301758
2011-03-01,17.766910552978516
2011-03-03,17.54537582397461
2011-03-04,17.54537582397461
2011-03-07,17.36815071105957
2011-03-08,17.279539108276367
2011-03-09,16.991546630859375
2011-03-10,17.146617889404297
2011-03-11,16.902929306030273
2011-03-14,16.65924644470215
2011-03-15,16.37125587463379
2011-03-16,16.21617889404297
2011-03-17,16.1275691986084
2011-03-18,16.016801834106445
2011-03-21,15.906036376953125
2011-03-22,15.928193092346191
2011-03-23,15.883880615234375
2011-03-24,16.30479621887207
2011-03-25,16.37125587463379
2011-03-28,16.393407821655273
2011-03-29,17.146617889404297
2011-03-30,17.168773651123047
2011-03-31,16.459869384765625
2011-04-01,16.59278678894043
2011-04-04,17.412458419799805
2011-04-05,17.633987426757812
2011-04-06,18.054901123046875
2011-04-07,18.187822341918945
2011-04-08,17.72260284423828
2011-04-11,17.279539108276367
2011-04-13,17.611835479736328
2011-04-15,18.187822341918945
2011-04-18,18.365047454833984
2011-04-19,17.877674102783203
2011-04-20,18.27643394470215
2011-04-21,17.944135665893555
2011-04-25,18.165668487548828
2011-04-26,18.254281997680664
2011-04-27,18.232128143310547
2011-04-28,18.45366096496582
2011-04-29,18.143512725830078
2011-05-02,20.691137313842773
2011-05-03,19.339792251586914
2011-05-04,18.8524169921875
2011-05-05,18.2985897064209
2011-05-06,19.27332878112793
2011-05-09,18.74165153503418
2011-05-10,18.187822341918945
2011-05-11,18.32073974609375
2011-05-12,18.121362686157227
2011-05-13,17.789064407348633
2011-05-16,18.365047454833984
2011-05-17,17.877674102783203
2011-05-18,18.03274917602539
2011-05-19,19.672088623046875
2011-05-20,19.29548454284668
2011-05-23,19.00749397277832
2011-05-24,18.8524169921875
2011-05-25,18.83026885986328
2011-05-26,19.118257522583008
2011-05-27,20.13730812072754
2011-05-30,21.355737686157227
2011-05-31,22.640623092651367
2011-06-01,21.222816467285156
2011-06-02,21.15635871887207
2011-06-03,21.55512046813965
2011-06-06,21.665882110595703
2011-06-07,21.643728256225586
2011-06-08,21.267126083374023
2011-06-09,21.400041580200195
2011-06-10,21.267126083374023
2011-06-13,21.311429977416992
2011-06-14,21.311429977416992
2011-06-15,21.001283645629883
2011-06-16,21.732341766357422
2011-06-17,22.374786376953125
2011-06-20,21.023439407348633
2011-06-21,20.824058532714844
2011-06-22,20.668987274169922
2011-06-23,20.403148651123047
2011-06-24,20.60252571105957
2011-06-27,20.38099479675293
2011-06-28,21.08989715576172
2011-06-29,20.691137313842773
2011-06-30,20.713293075561523
2011-07-01,21.001283645629883
2011-07-04,21.222816467285156
2011-07-05,21.267126083374023
2011-07-06,20.95697593688965
2011-07-07,21.289276123046875
2011-07-08,21.422195434570312
2011-07-11,21.023439407348633
2011-07-12,20.735445022583008
2011-07-13,21.44434928894043
2011-07-14,21.51080894470215
2011-07-15,22.419092178344727
2011-07-18,21.48865509033203
2011-07-19,21.688037872314453
2011-07-20,21.754493713378906
2011-07-21,22.35263442993164
2011-07-22,22.55201530456543
2011-07-25,22.463396072387695
2011-07-26,22.950769424438477
2011-07-27,22.906463623046875
2011-07-28,22.485553741455078
2011-07-29,23.814748764038086
2011-08-01,23.061534881591797
2011-08-02,23.41598892211914
2011-08-03,24.03628158569336
2011-08-04,23.671749114990234
2011-08-05,23.375566482543945
2011-08-08,23.05660057067871
2011-08-09,22.965471267700195
2011-08-10,23.53504753112793
2011-08-11,24.44637680053711
2011-08-12,23.580615997314453
2011-08-16,23.329999923706055
2011-08-17,22.578155517578125
2011-08-18,22.578155517578125
2011-08-19,21.41621208190918
2011-08-22,21.233945846557617
2011-08-23,22.760421752929688
2011-08-24,22.805988311767578
2011-08-25,21.530126571655273
2011-08-26,23.39834976196289
2011-08-29,24.924827575683594
2011-08-30,24.765342712402344
2011-09-02,25.90450096130371
2011-09-05,26.06398582458496
2011-09-06,27.043663024902344
2011-09-07,26.496868133544922
2011-09-08,26.177902221679688
2011-09-09,26.04120445251465
2011-09-12,26.04120445251465
2011-09-13,25.745019912719727
2011-09-14,25.836153030395508
2011-09-15,26.018417358398438
2011-09-16,25.813369750976562
2011-09-19,25.631105422973633
2011-09-20,25.90450096130371
2011-09-21,25.836153030395508
2011-09-22,25.722238540649414
2011-09-23,24.514724731445312
2011-09-26,24.58307647705078
2011-09-27,25.289358139038086
2011-09-28,24.537513732910156
2011-09-29,23.626182556152344
2011-09-30,24.423593521118164
2011-10-03,23.899581909179688
2011-10-04,23.694534301757812
2011-10-05,24.26411247253418
2011-10-07,24.241331100463867
2011-10-10,25.722238540649414
2011-10-11,25.950071334838867
2011-10-12,25.3121395111084
2011-10-13,25.653886795043945
2011-10-14,25.90450096130371
2011-10-17,25.995634078979492
2011-10-18,25.881717681884766
2011-10-19,25.950071334838867
2011-10-20,25.927284240722656
2011-10-21,25.950071334838867
2011-10-24,28.00055694580078
2011-10-25,30.529497146606445
2011-10-28,30.734542846679688
2011-10-31,31.076290130615234
2011-11-01,30.301658630371094
2011-11-02,30.347227096557617
2011-11-03,30.187744140625
2011-11-04,30.506704330444336
2011-11-08,30.07382583618164
2011-11-09,29.66373062133789
2011-11-11,29.6181640625
2011-11-14,29.39033317565918
2011-11-15,28.77518653869629
2011-11-16,28.684053421020508
2011-11-17,28.342304229736328
2011-11-18,27.24871063232422
2011-11-21,25.79058837890625
2011-11-22,25.836153030395508
2011-11-23,25.90450096130371
2011-11-24,25.653886795043945
2011-11-25,25.85893440246582
2011-11-28,25.79058837890625
2011-11-29,25.653886795043945
2011-11-30,25.585538864135742
2011-12-01,26.679134368896484
2011-12-02,27.066448211669922
2011-12-05,26.975311279296875
2011-12-07,26.747480392456055
2011-12-08,26.519649505615234
2011-12-09,26.337383270263672
2011-12-12,26.474084854125977
2011-12-13,26.747480392456055
2011-12-14,26.793045043945312
2011-12-15,26.200681686401367
2011-12-16,26.496868133544922
2011-12-19,26.155120849609375
2011-12-20,25.767803192138672
2011-12-21,27.180360794067383
2011-12-22,26.83861541748047
2011-12-23,27.134796142578125
2011-12-26,28.980236053466797
2011-12-27,28.59292221069336
2011-12-28,28.251171112060547
2011-12-29,28.00055694580078
2011-12-30,28.365089416503906
2012-01-02,28.47900390625
2012-01-03,28.29673957824707
2012-01-04,28.11447525024414
2012-01-05,28.365089416503906
2012-01-06,28.251171112060547
2012-01-09,28.251171112060547
2012-01-10,28.684053421020508
2012-01-11,28.59292221069336
2012-01-12,28.342304229736328
2012-01-13,28.615705490112305
2012-01-16,28.160037994384766
2012-01-17,28.365089416503906
2012-01-18,28.342304229736328
2012-01-19,29.39033317565918
2012-01-20,28.684053421020508
2012-01-23,30.07382583618164
2012-01-24,29.868778228759766
2012-01-25,29.116933822631836
2012-01-27,28.820755004882812
2012-01-30,29.253631591796875
2012-01-31,29.208066940307617
2012-02-01,29.025802612304688
2012-02-02,29.458683013916016
2012-02-03,33.90141296386719
2012-02-06,34.379852294921875
2012-02-07,34.15201950073242
2012-02-08,33.810272216796875
2012-02-09,35.04056930541992
2012-02-10,34.379852294921875
2012-02-13,34.42542266845703
2012-02-14,35.08613204956055
2012-02-15,34.78995132446289
2012-02-16,34.721595764160156
2012-02-17,35.222835540771484
2012-02-21,34.653255462646484
2012-02-22,34.97221755981445
2012-02-23,34.97221755981445
2012-02-24,35.313961029052734
2012-02-27,35.04056930541992
2012-02-28,35.08613204956055
2012-02-29,35.33674621582031
2012-03-01,36.02024841308594
2012-03-02,38.70866394042969
2012-03-05,38.77701187133789
2012-03-06,37.478370666503906
2012-03-07,38.4808349609375
2012-03-09,37.797332763671875
2012-03-12,37.20497131347656
2012-03-13,37.25053787231445
2012-03-14,36.97713851928711
2012-03-15,36.84043884277344
2012-03-16,37.022705078125
2012-03-19,37.25053787231445
2012-03-20,37.75177001953125
2012-03-21,37.797332763671875
2012-03-22,37.06827163696289
2012-03-23,37.18218231201172
2012-03-26,37.0910530090332
2012-03-27,36.84043884277344
2012-03-28,36.567047119140625
2012-03-29,36.49869155883789
2012-03-30,36.58982849121094
2012-04-02,38.20743179321289
2012-04-03,38.161865234375
2012-04-04,37.25053787231445
2012-04-09,37.15940475463867
2012-04-10,37.84290313720703
2012-04-11,37.25053787231445
2012-04-12,37.18218231201172
2012-04-13,37.29610824584961
2012-04-16,36.772090911865234
2012-04-17,37.45558547973633
2012-04-18,37.75177001953125
2012-04-19,37.82011413574219
2012-04-20,37.38723373413086
2012-04-23,36.612613677978516
2012-04-24,41.14646530151367
2012-04-25,40.144004821777344
2012-04-26,40.599666595458984
2012-04-27,41.69326400756836
2012-04-30,40.9414176940918
2012-05-02,40.23514175415039
2012-05-03,40.78193283081055
2012-05-04,39.89339065551758
2012-05-07,39.48329162597656
2012-05-08,39.050418853759766
2012-05-09,38.640316009521484
2012-05-10,40.280704498291016
2012-05-11,40.69080352783203
2012-05-14,39.75668716430664
2012-05-15,39.82503890991211
2012-05-16,38.845359802246094
2012-05-17,38.845359802246094
2012-05-18,38.435264587402344
2012-05-21,38.50361633300781
2012-05-22,38.526397705078125
2012-05-23,40.09843826293945
2012-05-24,42.01222610473633
2012-05-25,41.670475006103516
2012-05-28,42.42231750488281
2012-05-29,41.92109298706055
2012-05-30,41.12368392944336
2012-05-31,41.14646530151367
2012-06-01,40.8275032043457
2012-06-04,40.9414176940918
2012-06-05,40.599666595458984
2012-06-06,40.71358871459961
2012-06-07,39.77947998046875
2012-06-08,40.98698043823242
2012-06-11,40.895851135253906
2012-06-12,40.46297073364258
2012-06-13,40.07565689086914
2012-06-14,40.00730514526367
2012-06-15,39.597206115722656
2012-06-18,39.73390197753906
2012-06-19,38.75423812866211
2012-06-20,38.59475326538086
2012-06-21,39.34659194946289
2012-06-22,38.82258224487305
2012-06-25,39.46051025390625
2012-06-26,39.301021575927734
2012-06-27,39.09598159790039
2012-06-28,39.050418853759766
2012-06-29,39.09598159790039
2012-07-02,39.301021575927734
2012-07-03,39.665557861328125
2012-07-04,39.96173858642578
2012-07-05,40.07565689086914
2012-07-06,39.3693733215332
2012-07-09,39.551639556884766
2012-07-10,38.4808349609375
2012-07-11,43.06025314331055
2012-07-12,42.080570220947266
2012-07-13,41.829959869384766
2012-07-16,41.53377914428711
2012-07-17,41.898311614990234
2012-07-18,43.242523193359375
2012-07-19,43.90323257446289
2012-07-20,43.51592254638672
2012-07-23,44.062713623046875
2012-07-24,43.994361877441406
2012-07-25,44.17662811279297
2012-07-26,44.64091491699219
2012-07-27,44.66413116455078
2012-07-30,45.36055374145508
2012-07-31,45.05876922607422
2012-08-01,45.0123405456543
2012-08-02,44.965911865234375
2012-08-03,46.196266174316406
2012-08-06,53.43910217285156
2012-08-07,52.64981460571289
2012-08-08,52.881961822509766
2012-08-09,54.04267120361328
2012-08-10,52.719459533691406
2012-08-13,55.20337677001953
2012-08-14,54.83195114135742
2012-08-16,54.13552474975586
2012-08-17,53.94981384277344
2012-08-21,54.715877532958984
2012-08-22,54.01945877075195
2012-08-23,53.903377532958984
2012-08-24,53.97303009033203
2012-08-27,54.97123336791992
2012-08-28,55.737300872802734
2012-08-29,56.10873031616211
2012-08-30,55.96944808959961
2012-08-31,54.99444580078125
2012-09-03,53.926597595214844
2012-09-04,55.11051940917969
2012-09-05,55.13373947143555
2012-09-06,55.13373947143555
2012-09-07,55.31944274902344
2012-09-10,55.505165100097656
2012-09-11,55.667659759521484
2012-09-12,56.10873031616211
2012-09-13,55.92301559448242
2012-09-14,58.26765441894531
2012-09-17,64.88369750976562
2012-09-18,66.2069091796875
2012-09-20,64.1640625
2012-09-21,63.374778747558594
2012-09-24,61.19264602661133
2012-09-25,57.13015365600586
2012-09-26,50.53731918334961
2012-09-27,49.794471740722656
2012-09-28,51.721248626708984
2012-10-01,55.598018646240234
2012-10-03,57.13015365600586
2012-10-04,56.6890869140625
2012-10-05,55.15695571899414
2012-10-08,56.80516052246094
2012-10-09,54.623023986816406
2012-10-10,55.85337829589844
2012-10-11,54.66945266723633
2012-10-12,54.41409683227539
2012-10-15,53.46231460571289
2012-10-16,53.16053009033203
2012-10-17,52.30160140991211
2012-10-18,51.930179595947266
2012-10-19,51.67481994628906
2012-10-22,51.187320709228516
2012-10-23,51.39624786376953
2012-10-25,51.024818420410156
2012-10-29,51.187320709228516
2012-10-30,52.60338592529297
2012-10-31,53.13731384277344
2012-11-01,58.314083099365234
2012-11-02,68.73725891113281
2012-11-05,76.09615325927734
2012-11-06,74.14617156982422
2012-11-07,70.13011932373047
2012-11-08,74.1229476928711
2012-11-09,75.70153045654297
2012-11-12,72.08010864257812
2012-11-15,66.97298431396484
2012-11-16,63.8854866027832
2012-11-19,70.24618530273438
2012-11-20,68.20333862304688
2012-11-21,62.5158576965332
2012-11-22,60.51944351196289
2012-11-23,59.915863037109375
2012-11-26,65.71940612792969
2012-11-27,65.48727416992188
2012-11-29,63.74620819091797
2012-11-30,63.76942443847656
2012-12-03,63.72299575805664
2012-12-04,65.04621124267578
2012-12-05,64.58192443847656
2012-12-06,63.374778747558594
2012-12-07,63.00334548950195
2012-12-10,63.21227264404297
2012-12-11,63.46762466430664
2012-12-12,64.58192443847656
2012-12-13,64.04798889160156
2012-12-14,65.48727416992188
2012-12-17,69.2247543334961
2012-12-18,71.31403350830078
2012-12-19,70.24618530273438
2012-12-20,70.2926025390625
2012-12-21,69.08547973632812
2012-12-24,69.8515396118164
2012-12-26,67.59976196289062
2012-12-27,66.94976806640625
2012-12-28,66.25333404541016
2012-12-31,72.86936950683594
2013-01-01,74.6568832397461
2013-01-02,72.24260711669922
2013-01-03,70.94261169433594
2013-01-04,70.40868377685547
2013-01-07,69.54975891113281
2013-01-08,69.8979721069336
2013-01-09,69.38726043701172
2013-01-10,69.01581573486328
2013-01-11,68.71405029296875
2013-01-14,67.85511779785156
2013-01-15,70.61760711669922
2013-01-16,69.80511474609375
2013-01-17,69.82832336425781
2013-01-18,70.64081573486328
2013-01-21,70.15332794189453
2013-01-22,69.80511474609375
2013-01-23,72.52117919921875
2013-01-24,68.9461898803711
2013-01-25,63.30513381958008
2013-01-28,66.624755859375
2013-01-29,63.931922912597656
2013-01-30,63.23548889160156
2013-01-31,63.8854866027832
2013-02-01,63.74620819091797
2013-02-04,63.60691833496094
2013-02-05,62.492637634277344
2013-02-06,63.51407241821289
2013-02-07,50.83910369873047
2013-02-08,40.671287536621094
2013-02-11,36.632015228271484
2013-04-16,28.414186477661133
2013-04-17,28.971328735351562
2013-04-18,28.785612106323242
2013-04-22,28.599897384643555
2013-04-23,28.785612106323242
2013-04-25,28.599897384643555
2013-04-26,28.6927547454834
2013-04-29,28.599897384643555
2013-04-30,28.460613250732422
2013-05-02,28.507041931152344
2013-05-03,28.460613250732422
2013-05-06,28.507041931152344
2013-05-07,28.599897384643555
2013-05-08,28.507041931152344
2013-05-09,28.460613250732422
2013-05-10,28.460613250732422
2013-05-13,28.367759704589844
2013-05-14,28.507041931152344
2013-05-15,28.414186477661133
2013-05-16,29.24989891052246
2013-05-17,29.110612869262695
2013-05-20,28.832040786743164
2013-05-21,28.6927547454834
2013-05-22,28.414186477661133
2013-05-23,28.414186477661133
2013-05-24,28.228469848632812
2013-05-27,28.460613250732422
2013-05-28,28.460613250732422
2013-05-29,28.414186477661133
2013-05-30,28.414186477661133
2013-05-31,28.27490234375
2013-06-03,28.1356143951416
2013-06-04,28.228469848632812
2013-06-05,28.228469848632812
2013-06-06,28.27490234375
2013-06-07,28.228469848632812
2013-06-10,28.228469848632812
2013-06-11,28.228469848632812
2013-06-12,28.27490234375
2013-06-13,28.321331024169922
2013-06-14,28.553468704223633
2013-06-17,28.228469848632812
2013-06-18,28.182043075561523
2013-06-19,28.182043075561523
2013-06-20,28.182043075561523
2013-06-21,28.1356143951416
2013-06-24,28.042760848999023
2013-06-25,28.089187622070312
2013-06-26,28.089187622070312
2013-06-27,28.1356143951416
2013-06-28,28.042760848999023
2013-07-01,28.042760848999023
2013-07-02,28.042760848999023
2013-07-03,28.089187622070312
2013-07-04,28.182043075561523
2013-07-05,28.414186477661133
2013-07-08,28.089187622070312
2013-07-09,28.182043075561523
2013-07-10,28.1356143951416
2013-07-11,28.1356143951416
2013-07-12,28.27490234375
2013-07-15,28.042760848999023
2013-07-16,28.042760848999023
2013-07-17,28.089187622070312
2013-07-18,28.089187622070312
2013-07-19,28.228469848632812
2013-07-22,28.321331024169922
2013-07-23,28.739185333251953
2013-07-24,28.27490234375
2013-07-25,28.321331024169922
2013-07-26,28.507041931152344
2013-07-29,28.27490234375
2013-07-30,28.042760848999023
2013-07-31,28.042760848999023
2013-08-01,28.321331024169922
2013-08-02,28.182043075561523
2013-08-05,28.321331024169922
2013-08-06,28.042760848999023
2013-08-07,28.1356143951416
2013-08-08,28.089187622070312
2013-08-12,28.321331024169922
2013-08-13,28.27490234375
2013-08-14,28.1356143951416
2013-08-16,27.99633026123047
2013-08-19,28.089187622070312
2013-08-20,28.042760848999023
2013-08-21,27.99633026123047
2013-08-22,28.321331024169922
2013-08-23,28.042760848999023
2013-08-26,28.1356143951416
2013-08-27,28.1356143951416
2013-08-28,28.089187622070312
2013-08-29,28.785612106323242
2013-08-30,28.089187622070312
2013-09-02,28.27490234375
2013-09-03,28.042760848999023
2013-09-04,28.228469848632812
2013-09-05,28.182043075561523
2013-09-06,28.182043075561523
2013-09-10,28.1356143951416
2013-09-11,28.1356143951416
2013-09-12,28.507041931152344
2013-09-13,29.110612869262695
2013-09-16,28.460613250732422
2013-09-17,28.553468704223633
2013-09-18,28.646329879760742
2013-09-19,28.929487228393555
2013-09-20,28.7407169342041
2013-09-23,28.882295608520508
2013-09-24,28.64632797241211
2013-09-25,28.693519592285156
2013-09-26,28.59913444519043
2013-09-27,28.882295608520508
2013-09-30,28.59913444519043
2013-10-01,28.693519592285156
2013-10-03,28.78791046142578
2013-10-04,28.78791046142578
2013-10-07,28.693519592285156
2013-10-08,28.7407169342041
2013-10-09,28.83510398864746
2013-10-10,28.693519592285156
2013-10-11,28.693519592285156
2013-10-14,28.929487228393555
2013-10-15,28.64632797241211
2013-10-17,28.78791046142578
2013-10-18,28.83510398864746
2013-10-21,29.02387237548828
2013-10-22,30.34528923034668
2013-10-23,35.06462097167969
2013-10-24,33.12968826293945
2013-10-25,31.572315216064453
2013-10-28,31.90266227722168
2013-10-29,32.18582534790039
2013-10-30,32.374603271484375
2013-10-31,31.761085510253906
2013-11-01,31.619508743286133
2013-11-05,32.2330207824707
2013-11-06,33.22407531738281
2013-11-07,32.280216217041016
2013-11-08,31.289154052734375
2013-11-11,30.675640106201172
2013-11-12,30.7700252532959
2013-11-13,29.543001174926758
2013-11-14,29.40142059326172
2013-11-18,29.590194702148438
2013-11-19,29.778966903686523
2013-11-20,29.731775283813477
2013-11-21,29.920549392700195
2013-11-22,29.590194702148438
2013-11-25,31.761085510253906
2013-11-26,32.280216217041016
2013-11-27,30.86441421508789
2013-11-28,29.44861602783203
2013-11-29,29.920549392700195
2013-12-02,29.212648391723633
2013-12-03,29.543001174926758
2013-12-04,29.07106590270996
2013-12-05,29.30703353881836
2013-12-06,29.44861602783203
2013-12-09,29.44861602783203
2013-12-10,29.30703353881836
2013-12-11,29.40142059326172
2013-12-12,29.16545295715332
2013-12-13,28.929487228393555
2013-12-16,28.882295608520508
2013-12-17,29.07106590270996
2013-12-18,29.07106590270996
2013-12-19,29.07106590270996
2013-12-20,29.44861602783203
2013-12-23,29.118263244628906
2013-12-24,29.16545295715332
2013-12-26,30.72283172607422
2013-12-27,30.7700252532959
2013-12-30,30.156513214111328
2013-12-31,29.35422706604004
2014-01-01,29.967741012573242
2014-01-02,29.44861602783203
2014-01-03,29.212648391723633
2014-01-06,29.44861602783203
2014-01-07,29.212648391723633
2014-01-08,29.212648391723633
2014-01-09,29.07106590270996
2014-01-10,29.07106590270996
2014-01-13,28.976680755615234
2014-01-14,29.07106590270996
2014-01-15,29.118263244628906
2014-01-16,28.929487228393555
2014-01-17,28.929487228393555
2014-01-20,28.929487228393555
2014-01-21,28.976680755615234
2014-01-22,29.16545295715332
2014-01-23,28.929487228393555
2014-01-24,29.07106590270996
2014-01-27,28.976680755615234
2014-01-28,29.02387237548828
2014-01-29,29.25984001159668
2014-01-30,29.07106590270996
2014-01-31,29.25984001159668
2014-02-03,29.02387237548828
2014-02-04,29.44861602783203
2014-02-05,29.35422706604004
2014-02-06,29.826162338256836
2014-02-07,30.72283172607422
2014-02-10,30.0621280670166
2014-02-11,30.250900268554688
2014-02-12,29.35422706604004
2014-02-13,28.78791046142578
2014-02-14,28.7407169342041
2014-02-17,28.78791046142578
2014-02-18,28.59913444519043
2014-02-19,28.64632797241211
2014-02-20,28.551942825317383
2014-02-21,28.64632797241211
2014-02-24,28.64632797241211
2014-02-25,28.7407169342041
2014-02-26,28.59913444519043
2014-02-28,28.64632797241211
2014-03-03,28.59913444519043
2014-03-04,28.59913444519043
2014-03-05,28.504751205444336
2014-03-06,28.929487228393555
2014-03-07,28.7407169342041
2014-03-10,28.976680755615234
2014-03-11,29.495807647705078
2014-03-12,29.212648391723633
2014-03-13,28.882295608520508
2014-03-14,28.59913444519043
2014-03-18,28.59913444519043
2014-03-19,28.59913444519043
2014-03-20,28.551942825317383
2014-03-21,28.83510398864746
2014-03-24,28.504751205444336
2014-03-25,28.504751205444336
2014-03-26,28.504751205444336
2014-03-27,28.457555770874023
2014-03-28,28.78791046142578
2014-03-31,29.40142059326172
2014-04-01,29.118263244628906
2014-04-02,29.684581756591797
2014-04-03,29.826162338256836
2014-04-04,29.590194702148438
2014-04-07,29.44861602783203
2014-04-09,29.873353958129883
2014-04-10,30.014934539794922
2014-04-11,29.40142059326172
2014-04-15,29.02387237548828
2014-04-16,28.78791046142578
2014-04-17,29.684581756591797
2014-04-21,30.0621280670166
2014-04-22,30.0621280670166
2014-04-23,31.761085510253906
2014-04-24,31.761085510253906
2014-04-25,34.026363372802734
2014-04-28,34.40391159057617
2014-04-29,32.940921783447266
2014-04-30,31.713891983032227
2014-05-02,31.383535385131836
2014-05-05,30.958799362182617
2014-05-06,31.14756965637207
2014-05-07,31.005992889404297
2014-05-08,31.005992889404297
2014-05-09,31.053190231323242
2014-05-12,30.958799362182617
2014-05-13,31.005992889404297
2014-05-14,32.374595642089844
2014-05-15,31.005992889404297
2014-05-16,31.053190231323242
2014-05-19,32.374603271484375
2014-05-20,32.98810958862305
2014-05-21,33.743202209472656
2014-05-22,34.8758430480957
2014-05-23,35.253387451171875
2014-05-26,32.98810958862305
2014-05-27,31.80827522277832
2014-05-28,32.56336975097656
2014-05-29,32.18582534790039
2014-05-30,32.044246673583984
2014-06-02,31.8554744720459
2014-06-03,34.2623291015625
2014-06-04,34.35671615600586
2014-06-05,35.442161560058594
2014-06-06,35.111812591552734
2014-06-09,35.3477783203125
2014-06-10,34.68707275390625
2014-06-11,33.88478469848633
2014-06-12,34.07355499267578
2014-06-13,32.56336975097656
2014-06-16,32.89372253417969
2014-06-17,33.035301208496094
2014-06-18,32.704959869384766
2014-06-19,32.846534729003906
2014-06-20,32.89372253417969
2014-06-23,32.56336975097656
2014-06-24,32.2330207824707
2014-06-25,33.22407531738281
2014-06-26,34.026363372802734
2014-06-27,34.828651428222656
2014-06-30,34.2623291015625
2014-07-01,33.93198013305664
2014-07-02,34.40391159057617
2014-07-03,33.36565399169922
2014-07-04,33.22407531738281
2014-07-07,32.610565185546875
2014-07-08,32.13862991333008
2014-07-09,31.761085510253906
2014-07-10,31.66670036315918
2014-07-11,31.289154052734375
2014-07-14,31.005992889404297
2014-07-15,31.14756965637207
2014-07-16,31.289154052734375
2014-07-17,31.24195671081543
2014-07-18,31.194766998291016
2014-07-21,31.10038185119629
2014-07-22,33.12968826293945
2014-07-23,31.761085510253906
2014-07-24,31.194766998291016
2014-07-25,30.91160774230957
2014-07-28,30.628446578979492
2014-07-30,29.590194702148438
2014-07-31,29.778966903686523
2014-08-01,29.495807647705078
2014-08-04,29.731775283813477
2014-08-05,29.731775283813477
2014-08-06,29.40142059326172
2014-08-07,29.35422706604004
2014-08-08,29.35422706604004
2014-08-11,29.684581756591797
2014-08-12,29.684581756591797
2014-08-13,29.40142059326172
2014-08-14,29.495807647705078
2014-08-18,29.44861602783203
2014-08-19,29.637388229370117
2014-08-20,29.495807647705078
2014-08-21,29.684581756591797
2014-08-22,29.35422706604004
2014-08-25,29.30703353881836
2014-08-26,29.212648391723633
2014-08-27,29.212648391723633
2014-08-28,32.044246673583984
2014-09-01,32.56336975097656
2014-09-02,31.80827522277832
2014-09-03,31.005992889404297
2014-09-04,30.156513214111328
2014-09-05,30.156513214111328
2014-09-08,31.053190231323242
2014-09-09,29.967741012573242
2014-09-10,30.10931968688965
2014-09-11,30.958799362182617
2014-09-12,32.3274040222168
2014-09-15,31.66670036315918
2014-09-16,30.203706741333008
2014-09-17,29.873353958129883
2014-09-18,30.298091888427734
2014-09-19,30.10931968688965
2014-09-22,30.156513214111328
2014-09-23,29.731775283813477
2014-09-24,29.25984001159668
2014-09-25,29.07106590270996
2014-09-26,28.78791046142578
2014-09-29,28.7407169342041
2014-09-30,28.693519592285156
2014-10-01,28.7407169342041
2014-10-07,28.78791046142578
2014-10-08,28.7407169342041
2014-10-09,28.693519592285156
2014-10-10,28.59913444519043
2014-10-13,28.64632797241211
2014-10-14,28.59913444519043
2014-10-15,28.59913444519043
2014-10-16,28.7407169342041
2014-10-17,28.59913444519043
2014-10-20,28.59913444519043
2014-10-21,30.156513214111328
2014-10-22,29.684581756591797
2014-10-27,29.684581756591797
2014-10-28,29.35422706604004
2014-10-29,29.118263244628906
2014-10-30,29.02387237548828
2014-10-31,29.40142059326172
2014-11-03,29.118263244628906
2014-11-05,29.118263244628906
2014-11-07,28.929487228393555
2014-11-10,29.118263244628906
2014-11-11,28.976680755615234
2014-11-12,28.976680755615234
2014-11-13,29.02387237548828
2014-11-14,28.929487228393555
2014-11-17,28.83510398864746
2014-11-18,28.882295608520508
2014-11-19,28.83510398864746
2014-11-20,28.7407169342041
2014-11-21,28.78791046142578
2014-11-24,29.02387237548828
2014-11-25,29.35422706604004
2014-11-26,29.118263244628906
2014-11-27,28.976680755615234
2014-11-28,28.83510398864746
2014-12-01,28.78791046142578
2014-12-02,28.693519592285156
2014-12-03,28.64632797241211
2014-12-04,28.64632797241211
2014-12-05,28.59913444519043
2014-12-08,28.551942825317383
2014-12-09,28.504751205444336
2014-12-10,28.457555770874023
2014-12-11,28.457555770874023
2014-12-12,28.551942825317383
2014-12-15,28.504751205444336
2014-12-16,28.410362243652344
2014-12-17,28.551942825317383
2014-12-18,28.59913444519043
2014-12-19,28.504751205444336
2014-12-22,28.457555770874023
2014-12-23,28.59913444519043
2014-12-24,28.551942825317383
2014-12-26,28.504751205444336
2014-12-29,28.504751205444336
2014-12-30,29.16545295715332
2014-12-31,28.882295608520508
2015-01-01,28.693519592285156
2015-01-02,29.02387237548828
2015-01-05,29.118263244628906
2015-01-06,28.551942825317383
2015-01-07,28.64632797241211
2015-01-08,29.16545295715332
2015-01-09,28.882295608520508
2015-01-12,34.63987731933594
2015-01-13,41.38851547241211
2015-01-14,43.134674072265625
2015-01-15,43.08747482299805
2015-01-16,41.86044692993164
2015-01-19,39.9255256652832
2015-01-20,41.15254592895508
2015-01-21,40.68061447143555
2015-01-22,40.11430358886719
2015-01-23,38.981658935546875
2015-01-27,38.27375793457031
2015-01-28,38.84008026123047
2015-01-29,37.9906005859375
2015-01-30,36.9051513671875
2015-02-02,36.952354431152344
2015-02-03,36.33883285522461
2015-02-04,37.093929290771484
2015-02-05,36.33883285522461
2015-02-06,36.386024475097656
2015-02-09,36.102867126464844
2015-02-10,36.15005874633789
2015-02-11,36.24444580078125
2015-02-12,35.583740234375
2015-02-13,34.923038482666016
2015-02-16,35.39496994018555
2015-02-18,34.498294830322266
2015-02-19,34.45110321044922
2015-02-20,34.07355499267578
2015-02-23,34.2623291015625
2015-02-24,34.2623291015625
2015-02-25,33.6488151550293
2015-02-26,33.271270751953125
2015-02-27,33.837589263916016
2015-03-02,33.36565399169922
2015-03-03,33.6488151550293
2015-03-04,33.6488151550293
2015-03-05,33.60162353515625
2015-03-09,33.60162353515625
2015-03-10,33.36565399169922
2015-03-11,33.12968826293945
2015-03-12,33.507240295410156
2015-03-13,33.36565399169922
2015-03-16,33.31846237182617
2015-03-17,33.31846237182617
2015-03-18,33.12968826293945
2015-03-19,33.22407531738281
2015-03-20,33.12968826293945
2015-03-23,32.56336975097656
2015-03-24,32.75214767456055
2015-03-25,32.18582534790039
2015-03-26,31.997053146362305
2015-03-27,32.044246673583984
2015-03-30,32.610565185546875
2015-03-31,33.60162353515625
2015-04-01,35.253387451171875
2015-04-06,35.772518157958984
2015-04-07,34.923038482666016
2015-04-08,35.159000396728516
2015-04-09,37.94340896606445
2015-04-10,38.41533660888672
2015-04-13,35.442161560058594
2015-04-15,34.45110321044922
2015-04-16,33.88478469848633
2015-04-17,33.60162353515625
2015-04-20,32.75214767456055
2015-04-21,32.75214767456055
2015-04-22,32.75214767456055
2015-04-23,33.46004867553711
2015-04-24,32.704959869384766
2015-04-27,32.3274040222168
2015-04-28,32.13862991333008
2015-04-29,32.280216217041016
2015-04-30,31.997053146362305
2015-05-04,31.949857711791992
2015-05-05,36.00848388671875
2015-05-06,33.271270751953125
2015-05-07,32.13862991333008
2015-05-08,31.949857711791992
2015-05-11,31.949857711791992
2015-05-12,31.8554744720459
2015-05-13,31.761085510253906
2015-05-14,31.66670036315918
2015-05-15,31.383535385131836
2015-05-18,31.43073272705078
2015-05-19,31.66670036315918
2015-05-20,31.761085510253906
2015-05-21,31.761085510253906
2015-05-22,31.90266227722168
2015-05-25,31.997053146362305
2015-05-26,32.3274040222168
2015-05-27,32.044246673583984
2015-05-28,31.005992889404297
2015-05-29,31.477924346923828
2015-06-01,30.439674377441406
2015-06-02,30.34528923034668
2015-06-03,30.581253051757812
2015-06-04,30.486865997314453
2015-06-05,30.534055709838867
2015-06-08,31.477924346923828
2015-06-09,31.14756965637207
2015-06-10,31.14756965637207
2015-06-11,31.572315216064453
2015-06-12,32.044246673583984
2015-06-15,30.534055709838867
2015-06-16,30.581253051757812
2015-06-17,30.486865997314453
2015-06-18,30.392480850219727
2015-06-19,31.053190231323242
2015-06-22,30.156513214111328
2015-06-23,30.0621280670166
2015-06-24,30.439674377441406
2015-06-25,30.156513214111328
2015-06-26,29.826162338256836
2015-06-29,29.826162338256836
2015-06-30,31.005992889404297
2015-07-01,30.156513214111328
2015-07-02,30.10931968688965
2015-07-03,30.34528923034668
2015-07-06,30.0621280670166
2015-07-07,30.203706741333008
2015-07-08,29.873353958129883
2015-07-09,29.778966903686523
2015-07-10,28.929487228393555
2015-07-13,28.976680755615234
2015-07-14,29.02387237548828
2015-07-15,29.02387237548828
2015-07-16,28.882295608520508
2015-07-17,28.7407169342041
2015-07-20,28.693519592285156
2015-07-21,28.363168716430664
2015-07-22,28.315975189208984
2015-07-23,28.693519592285156
2015-07-24,28.221588134765625
2015-07-27,27.98562240600586
2015-07-28,28.032817840576172
2015-07-29,27.749652862548828
2015-07-30,27.46649742126465
2015-07-31,27.183334350585938
2015-08-03,27.183334350585938
2015-08-04,27.560884475708008
2015-08-05,27.938426971435547
2015-08-06,26.522628784179688
2015-08-07,30.0621280670166
2015-08-10,27.183334350585938
2015-08-11,26.805788040161133
2015-08-12,26.61701774597168
2015-08-13,26.050697326660156
2015-08-14,26.192277908325195
2015-08-17,26.239469528198242
2015-08-18,25.861923217773438
2015-08-19,25.76753807067871
2015-08-20,25.484378814697266
2015-08-21,25.15402603149414
2015-08-24,24.068578720092773
2015-08-25,23.974193572998047
2015-08-26,24.35173797607422
2015-08-27,24.162965774536133
2015-08-28,24.634897232055664
2015-08-31,24.776477813720703
2015-09-01,23.879804611206055
2015-09-02,24.35173797607422
2015-09-03,24.304546356201172
2015-09-04,24.11577033996582
2015-09-07,23.6910343170166
2015-09-08,24.021385192871094
2015-09-09,24.35173797607422
2015-09-10,24.068578720092773
2015-09-11,23.927001953125
2015-09-14,24.304546356201172
2015-09-15,23.879804611206055
2015-09-16,23.974193572998047
2015-09-18,24.068578720092773
2015-09-21,23.974193572998047
2015-09-22,23.78542137145996
2015-09-23,23.64383888244629
2015-09-24,23.596647262573242
2015-09-28,23.64383888244629
2015-09-29,23.6910343170166
2015-09-30,23.6910343170166
2015-10-01,23.596647262573242
2015-10-05,24.021385192871094
2015-10-06,24.11577033996582
2015-10-07,24.304546356201172
2015-10-08,24.162965774536133
2015-10-09,24.21015739440918
2015-10-12,24.3989315032959
2015-10-13,27.796850204467773
2015-10-14,28.268781661987305
2015-10-15,28.693519592285156
2015-10-16,28.882295608520508
2015-10-19,30.203706741333008
2015-10-20,29.826162338256836
2015-10-21,29.590194702148438
2015-10-23,29.543001174926758
2015-10-26,29.16545295715332
2015-10-27,29.590194702148438
2015-10-28,28.83510398864746
2015-10-29,26.664209365844727
2015-10-30,28.504751205444336
2015-11-02,28.59913444519043
2015-11-03,28.315975189208984
2015-11-04,28.504751205444336
2015-11-05,28.17439842224121
2015-11-06,27.8912353515625
2015-11-09,28.315975189208984
2015-11-10,28.221588134765625
2015-11-13,27.655269622802734
2015-11-16,26.947368621826172
2015-11-17,26.381052017211914
2015-11-18,26.192277908325195
2015-11-19,26.42824363708496
2015-11-20,26.475433349609375
2015-11-23,25.90911865234375
2015-11-24,25.76753807067871
2015-11-26,25.95631217956543
2015-11-27,25.90911865234375
2015-11-30,25.861923217773438
2015-12-01,25.95631217956543
2015-12-02,27.46649742126465
2015-12-03,27.37211036682129
2015-12-04,27.136140823364258
2015-12-07,26.71140480041504
2015-12-08,26.61701774597168
2015-12-09,25.90911865234375
2015-12-10,25.814733505249023
2015-12-11,25.7203426361084
2015-12-14,25.7203426361084
2015-12-15,26.475433349609375
2015-12-16,26.239469528198242
2015-12-17,26.61701774597168
2015-12-18,26.381052017211914
2015-12-21,26.333858489990234
2015-12-22,26.475433349609375
2015-12-23,27.41930389404297
2015-12-24,30.0621280670166
2015-12-28,31.24195671081543
2015-12-29,31.14756965637207
2015-12-30,34.498294830322266
2015-12-31,34.45110321044922
2016-01-01,33.22407531738281
2016-01-04,33.88478469848633
2016-01-05,33.55442428588867
2016-01-06,33.743202209472656
2016-01-07,32.18582534790039
2016-01-08,33.08250045776367
2016-01-11,34.498294830322266
2016-01-12,34.167945861816406
2016-01-13,31.619508743286133
2016-01-14,30.91160774230957
2016-01-15,29.25984001159668
2016-01-18,26.522628784179688
2016-01-19,27.560884475708008
2016-01-20,26.522628784179688
2016-01-21,24.870868682861328
2016-01-22,25.248411178588867
2016-01-25,26.003503799438477
2016-01-27,25.76753807067871
2016-01-28,25.389989852905273
2016-01-29,25.76753807067871
2016-02-01,26.192277908325195
2016-02-02,26.003503799438477
2016-02-03,25.01244354248047
2016-02-04,24.634897232055664
2016-02-05,25.01244354248047
2016-02-08,24.918060302734375
2016-02-09,25.10683250427246
2016-02-10,26.050697326660156
2016-02-11,25.05963706970215
2016-02-12,24.918060302734375
2016-02-15,26.569822311401367
2016-02-16,25.7203426361084
2016-02-17,25.05963706970215
2016-02-18,25.15402603149414
2016-02-19,25.389989852905273
2016-02-22,25.15402603149414
2016-02-23,25.05963706970215
2016-02-24,24.729286193847656
2016-02-25,24.021385192871094
2016-02-26,24.918060302734375
2016-02-29,24.634897232055664
2016-03-01,25.484378814697266
2016-03-02,25.625957489013672
2016-03-03,25.76753807067871
2016-03-04,25.7203426361084
2016-03-08,25.67315101623535
2016-03-09,25.342796325683594
2016-03-10,25.248411178588867
2016-03-11,24.965251922607422
2016-03-14,26.050697326660156
2016-03-15,26.050697326660156
2016-03-16,27.04175567626953
2016-03-17,27.230531692504883
2016-03-18,26.852981567382812
2016-03-21,26.994564056396484
2016-03-22,26.852981567382812
2016-03-23,26.852981567382812
2016-03-28,26.003503799438477
2016-03-29,25.76753807067871
2016-03-30,25.95631217956543
2016-03-31,26.569822311401367
2016-04-01,26.900177001953125
2016-04-04,26.852981567382812
2016-04-05,27.27772331237793
2016-04-06,28.268781661987305
2016-04-07,30.91160774230957
2016-04-08,30.581253051757812
2016-04-11,29.873353958129883
2016-04-12,29.495807647705078
2016-04-13,33.035301208496094
2016-04-18,32.280216217041016
2016-04-20,31.8554744720459
2016-04-21,31.14756965637207
2016-04-22,30.581253051757812
2016-04-25,30.439674377441406
2016-04-26,30.250900268554688
2016-04-27,30.581253051757812
2016-04-28,30.156513214111328
2016-04-29,29.920549392700195
2016-05-02,30.203706741333008
2016-05-03,30.7700252532959
2016-05-04,30.203706741333008
2016-05-05,30.203706741333008
2016-05-06,30.392480850219727
2016-05-09,29.967741012573242
2016-05-10,31.053190231323242
2016-05-11,29.920549392700195
2016-05-12,30.486865997314453
2016-05-13,30.86441421508789
2016-05-16,31.289154052734375
2016-05-17,30.675640106201172
2016-05-18,30.91160774230957
2016-05-19,30.7700252532959
2016-05-20,30.014934539794922
2016-05-23,29.16545295715332
2016-05-24,27.608078002929688
2016-05-25,27.513689041137695
2016-05-26,26.664209365844727
2016-05-27,26.664209365844727
2016-05-30,26.71140480041504
2016-05-31,26.947368621826172
2016-06-01,26.900177001953125
2016-06-02,26.994564056396484
2016-06-03,26.805788040161133
2016-06-06,26.758596420288086
2016-06-07,26.475433349609375
2016-06-08,26.71140480041504
2016-06-09,26.333858489990234
2016-06-10,26.805788040161133
2016-06-13,27.088953018188477
2016-06-14,27.04175567626953
2016-06-15,28.080007553100586
2016-06-16,28.221588134765625
2016-06-17,27.655269622802734
2016-06-20,27.8912353515625
2016-06-21,27.655269622802734
2016-06-22,27.183334350585938
2016-06-23,27.749652862548828
2016-06-24,27.04175567626953
2016-06-27,27.04175567626953
2016-06-28,27.088953018188477
2016-06-29,27.938426971435547
2016-06-30,28.032817840576172
2016-07-01,28.363168716430664
2016-07-04,28.127201080322266
2016-07-05,28.64632797241211
2016-07-07,28.127201080322266
2016-07-08,28.221588134765625
2016-07-11,28.315975189208984
2016-07-12,27.938426971435547
2016-07-13,27.749652862548828
2016-07-14,27.41930389404297
2016-07-15,27.608078002929688
2016-07-18,27.04175567626953
2016-07-19,26.900177001953125
2016-07-20,26.994564056396484
2016-07-21,26.852981567382812
2016-07-22,26.947368621826172
2016-07-25,27.324918746948242
2016-07-26,27.230531692504883
2016-07-27,28.127201080322266
2016-07-28,28.457555770874023
2016-07-29,27.655269622802734
2016-08-01,27.230531692504883
2016-08-02,27.702463150024414
2016-08-03,28.127201080322266
2016-08-04,28.221588134765625
2016-08-05,28.17439842224121
2016-08-08,33.696006774902344
2016-08-09,36.810768127441406
2016-08-10,37.23550796508789
2016-08-11,37.3770866394043
2016-08-12,37.61305236816406
2016-08-16,36.999542236328125
2016-08-17,36.433223724365234
2016-08-18,37.23550796508789
2016-08-19,37.04673385620117
2016-08-22,36.999542236328125
2016-08-23,36.71638107299805
2016-08-24,37.14112091064453
2016-08-25,36.433223724365234
2016-08-26,36.527610778808594
2016-08-29,35.583740234375
2016-08-30,35.914093017578125
2016-08-31,36.0556755065918
2016-09-01,34.2623291015625
2016-09-02,35.3477783203125
2016-09-06,34.8758430480957
2016-09-07,35.3477783203125
2016-09-08,35.442161560058594
2016-09-09,35.442161560058594
2016-09-12,34.59268569946289
2016-09-14,34.63987731933594
2016-09-15,34.59268569946289
2016-09-16,35.3477783203125
2016-09-19,34.78145217895508
2016-09-20,34.923038482666016
2016-09-21,34.68707275390625
2016-09-22,36.76357650756836
2016-09-23,36.15005874633789
2016-09-26,36.00848388671875
2016-09-27,36.15005874633789
2016-09-28,36.102867126464844
2016-09-29,33.17688751220703
2016-09-30,34.40391159057617
2016-10-03,34.63987731933594
2016-10-04,34.167945861816406
2016-10-05,34.35671615600586
2016-10-06,34.45110321044922
2016-10-07,34.35671615600586
2016-10-10,33.696006774902344
2016-10-13,33.22407531738281
2016-10-14,35.67812728881836
2016-10-17,35.914093017578125
2016-10-18,36.386024475097656
2016-10-19,36.810768127441406
2016-10-20,36.810768127441406
2016-10-21,37.23550796508789
2016-10-24,37.66025161743164
2016-10-25,37.3770866394043
2016-10-26,37.42428207397461
2016-10-27,36.33883285522461
2016-10-28,37.70744323730469
2016-11-01,39.40639877319336
2016-11-02,37.754638671875
2016-11-03,40.16149139404297
2016-11-04,38.69850158691406
2016-11-07,40.727813720703125
2016-11-08,39.78395080566406
2016-11-09,38.50971984863281
2016-11-10,38.6041145324707
2016-11-11,36.85796356201172
2016-11-15,34.12075424194336
2016-11-16,34.12075424194336
2016-11-17,32.09143829345703
2016-11-18,32.610565185546875
2016-11-21,30.534055709838867
2016-11-22,30.7700252532959
2016-11-23,32.421791076660156
2016-11-24,32.75214767456055
2016-11-25,33.46004867553711
2016-11-28,33.743202209472656
2016-11-29,33.6488151550293
2016-11-30,33.696006774902344
2016-12-01,33.41284942626953
2016-12-02,32.3274040222168
2016-12-05,32.280216217041016
2016-12-06,33.22407531738281
2016-12-07,32.846534729003906
2016-12-08,34.2623291015625
2016-12-09,34.545494079589844
2016-12-12,33.743202209472656
2016-12-13,33.696006774902344
2016-12-14,32.09143829345703
2016-12-15,33.035301208496094
2016-12-16,33.035301208496094
2016-12-19,32.65775680541992
2016-12-20,32.65775680541992
2016-12-21,32.13862991333008
2016-12-22,32.280216217041016
2016-12-23,31.80827522277832
2016-12-26,30.0621280670166
2016-12-27,30.34528923034668
2016-12-28,30.534055709838867
2016-12-29,30.486865997314453
2016-12-30,31.10038185119629
2017-01-02,31.949857711791992
2017-01-03,32.044246673583984
2017-01-04,32.75214767456055
2017-01-05,33.55442428588867
2017-01-06,32.51618194580078
2017-01-09,31.80827522277832
2017-01-10,32.374603271484375
2017-01-11,35.159000396728516
2017-01-12,34.12075424194336
2017-01-13,34.21513366699219
2017-01-16,37.94340896606445
2017-01-17,39.12324142456055
2017-01-18,38.36814498901367
2017-01-19,39.12324142456055
2017-01-20,38.03779602050781
2017-01-23,39.21762466430664
2017-01-24,38.74569320678711
2017-01-25,37.9906005859375
2017-01-27,37.94340896606445
2017-01-30,36.71638107299805
2017-01-31,36.574798583984375
2017-02-01,37.47146987915039
2017-02-02,38.08498764038086
2017-02-03,38.226566314697266
2017-02-06,39.076045989990234
2017-02-07,38.65130615234375
2017-02-08,39.35920715332031
2017-02-09,37.04673385620117
2017-02-10,35.866905212402344
2017-02-13,34.545494079589844
2017-02-14,35.253387451171875
2017-02-15,34.026363372802734
2017-02-16,34.545494079589844
2017-02-17,34.68707275390625
2017-02-20,34.59268569946289
2017-02-21,34.59268569946289
2017-02-22,34.498294830322266
2017-02-23,33.88478469848633
2017-02-27,33.6488151550293
2017-02-28,34.026363372802734
2017-03-01,35.772518157958984
2017-03-02,34.63987731933594
2017-03-03,33.97916793823242
2017-03-06,34.40391159057617
2017-03-07,34.45110321044922
2017-03-08,34.40391159057617
2017-03-09,34.026363372802734
2017-03-10,33.743202209472656
2017-03-14,33.743202209472656
2017-03-15,33.6488151550293
2017-03-16,33.88478469848633
2017-03-17,33.41284942626953
2017-03-20,32.940921783447266
2017-03-21,32.704959869384766
2017-03-22,32.2330207824707
2017-03-23,32.4689826965332
2017-03-24,33.17688751220703
2017-03-27,33.17688751220703
2017-03-28,33.12968826293945
2017-03-29,32.846534729003906
2017-03-30,32.846534729003906
2017-03-31,33.035301208496094
2017-04-03,35.53655242919922
2017-04-05,36.810768127441406
2017-04-06,37.9906005859375
2017-04-07,38.17937469482422
2017-04-10,37.28269958496094
2017-04-11,37.896217346191406
2017-04-12,37.3770866394043
2017-04-13,44.83362579345703
2017-04-17,42.143611907958984
2017-04-18,40.86939239501953
2017-04-19,40.53904342651367
2017-04-20,40.82219314575195
2017-04-21,41.34132385253906
2017-04-24,44.361698150634766
2017-04-25,43.60660171508789
2017-04-26,42.99308776855469
2017-04-27,42.28519058227539
2017-04-28,41.43571090698242
2017-05-02,40.82219314575195
2017-05-03,40.58623123168945
2017-05-04,41.2469367980957
2017-05-05,39.831138610839844
2017-05-08,40.11430358886719
2017-05-09,40.44465637207031
2017-05-10,40.58623123168945
2017-05-11,40.25587844848633
2017-05-12,38.88727569580078
2017-05-15,39.35920715332031
2017-05-16,39.35920715332031
2017-05-17,38.132179260253906
2017-05-18,38.27375793457031
2017-05-19,37.849021911621094
2017-05-22,37.80182647705078
2017-05-23,37.47146987915039
2017-05-24,36.29164505004883
2017-05-25,37.04673385620117
2017-05-26,36.15005874633789
2017-05-29,35.206199645996094
2017-05-30,34.40391159057617
2017-05-31,35.159000396728516
2017-06-01,36.00848388671875
2017-06-02,36.24444580078125
2017-06-05,36.0556755065918
2017-06-06,36.24444580078125
2017-06-07,36.1972541809082
2017-06-08,36.574798583984375
2017-06-09,36.71638107299805
2017-06-12,38.93446350097656
2017-06-13,37.9906005859375
2017-06-14,37.518672943115234
2017-06-15,37.754638671875
2017-06-16,36.952354431152344
2017-06-19,36.9051513671875
2017-06-20,36.76357650756836
2017-06-21,37.04673385620117
2017-06-22,36.810768127441406
2017-06-23,36.1972541809082
2017-06-27,34.97023010253906
2017-06-28,34.78145217895508
2017-06-29,35.914093017578125
2017-06-30,35.725318908691406
2017-07-03,35.866905212402344
2017-07-04,36.33883285522461
2017-07-05,36.810768127441406
2017-07-06,36.810768127441406
2017-07-07,36.85796356201172
2017-07-10,38.46253204345703
2017-07-11,39.972721099853516
2017-07-12,39.45359420776367
2017-07-13,38.792884826660156
2017-07-14,37.518672943115234
2017-07-17,37.47146987915039
2017-07-18,37.61305236816406
2017-07-19,37.754638671875
2017-07-20,37.565860748291016
2017-07-21,37.47146987915039
2017-07-24,36.9051513671875
2017-07-25,36.810768127441406
2017-07-26,37.61305236816406
2017-07-27,36.48041534423828
2017-07-28,36.71638107299805
2017-07-31,36.386024475097656
2017-08-01,36.33883285522461
2017-08-02,35.53655242919922
2017-08-03,35.01742172241211
2017-08-04,34.63987731933594
2017-08-07,34.68707275390625
2017-08-08,33.79039764404297
2017-08-09,33.97916793823242
2017-08-10,32.98810958862305
2017-08-11,31.949857711791992
2017-08-14,32.65775680541992
2017-08-16,32.56336975097656
2017-08-17,32.610565185546875
2017-08-18,32.374603271484375
2017-08-21,31.997053146362305
2017-08-22,31.8554744720459
2017-08-23,31.80827522277832
2017-08-24,32.09143829345703
2017-08-28,32.3274040222168
2017-08-29,33.6488151550293
2017-08-30,34.7342643737793
2017-08-31,35.3477783203125
2017-09-01,36.952354431152344
2017-09-04,37.518672943115234
2017-09-05,36.574798583984375
2017-09-06,36.33883285522461
2017-09-07,36.102867126464844
2017-09-08,35.63093948364258
2017-09-11,35.914093017578125
2017-09-12,36.33883285522461
2017-09-13,35.442161560058594
2017-09-14,35.206199645996094
2017-09-15,36.48041534423828
2017-09-18,37.66025161743164
2017-09-19,39.17042922973633
2017-09-20,39.45359420776367
2017-09-21,40.39745330810547
2017-09-22,37.849021911621094
2017-09-25,36.574798583984375
2017-09-26,36.574798583984375
2017-09-27,35.159000396728516
2017-09-28,35.3477783203125
2017-09-29,39.35920715332031
2017-10-03,41.530094146728516
2017-10-04,39.78395080566406
2017-10-05,40.86939239501953
2017-10-06,41.34132385253906
2017-10-09,40.25587844848633
2017-10-10,40.53904342651367
2017-10-11,38.55691909790039
2017-10-12,38.93446350097656
2017-10-13,38.50971984863281
2017-10-16,38.226566314697266
2017-10-17,37.565860748291016
2017-10-18,38.69850158691406
2017-10-19,39.02885055541992
2017-10-23,39.45359420776367
2017-10-24,41.7188720703125
2017-10-25,43.32344055175781
2017-10-26,49.60015106201172
2017-10-27,47.948387145996094
2017-10-30,49.741737365722656
2017-10-31,48.51470184326172
2017-11-01,48.46751022338867
2017-11-02,47.33487319946289
2017-11-03,45.87187576293945
2017-11-06,46.24942398071289
2017-11-07,44.692047119140625
2017-11-08,43.2762451171875
2017-11-09,44.031341552734375
2017-11-10,45.35275650024414
2017-11-13,46.43819808959961
2017-11-14,47.66522216796875
2017-11-15,46.34381103515625
2017-11-16,47.098907470703125
2017-11-17,46.7685546875
2017-11-20,47.99557876586914
2017-11-21,49.26979446411133
2017-11-22,49.17540740966797
2017-11-23,49.12821578979492
2017-11-24,48.98664093017578
2017-11-27,49.83612060546875
2017-11-28,56.065635681152344
2017-11-29,56.25440216064453
2017-11-30,55.02737808227539
2017-12-01,54.461063385009766
2017-12-04,52.66771697998047
2017-12-05,51.85963821411133
2017-12-06,50.956485748291016
2017-12-07,53.1430549621582
2017-12-08,51.954708099365234
2017-12-11,52.19237518310547
2017-12-12,51.431827545166016
2017-12-13,52.9053840637207
2017-12-14,51.76457214355469
2017-12-15,53.71346664428711
2017-12-18,52.9053840637207
2017-12-19,53.9986686706543
2017-12-20,55.94756317138672
2017-12-21,56.99331283569336
2017-12-22,56.18523406982422
2017-12-26,59.60768508911133
2017-12-27,56.80318069458008
2017-12-28,56.66057205200195
2017-12-29,55.42469024658203
2018-01-01,55.85249328613281
2018-01-02,55.187015533447266
2018-01-03,56.28030014038086
2018-01-04,59.51261901855469
2018-01-05,60.463294982910156
2018-01-08,58.609474182128906
2018-01-09,59.41754913330078
2018-01-10,57.943992614746094
2018-01-11,58.08659362792969
2018-01-12,56.8507080078125
2018-01-15,56.755645751953125
2018-01-16,54.85428237915039
2018-01-17,54.33140563964844
2018-01-18,52.95292282104492
2018-01-19,52.287445068359375
2018-01-22,53.09552001953125
2018-01-23,57.563716888427734
2018-01-24,54.80674743652344
2018-01-25,53.6183967590332
2018-01-29,51.14662170410156
2018-01-30,49.673072814941406
2018-01-31,50.14841079711914
2018-02-01,49.57801055908203
2018-02-02,46.15555191040039
2018-02-05,45.63267517089844
2018-02-06,42.970767974853516
2018-02-07,46.72595977783203
2018-02-08,49.435401916503906
2018-02-09,51.33676528930664
2018-02-12,51.669498443603516
2018-02-14,52.382511138916016
2018-02-15,51.28923416137695
2018-02-16,49.57801055908203
2018-02-19,47.771705627441406
2018-02-20,48.484718322753906
2018-02-21,47.86677169799805
2018-02-22,47.771705627441406
2018-02-23,49.29279327392578
2018-02-26,48.34212112426758
2018-02-27,48.10444641113281
2018-02-28,48.00938034057617
2018-03-01,47.67664337158203
2018-03-05,46.29815673828125
2018-03-06,44.87213134765625
2018-03-07,42.92323684692383
2018-03-08,42.54296112060547
2018-03-09,40.45146560668945
2018-03-12,44.53939437866211
2018-03-13,48.960060119628906
2018-03-14,48.67485809326172
2018-03-15,49.435401916503906
2018-03-16,48.151981353759766
2018-03-19,46.58335494995117
2018-03-20,46.29815673828125
2018-03-21,46.060482025146484
2018-03-22,44.634464263916016
2018-03-23,44.634464263916016
2018-03-26,46.20308303833008
2018-03-27,45.77528381347656
2018-03-28,46.67842102050781
2018-04-02,47.29636764526367
2018-04-03,47.43897247314453
2018-04-04,46.868560791015625
2018-04-05,47.48651123046875
2018-04-06,47.011165618896484
2018-04-09,46.535823822021484
2018-04-10,46.29815673828125
2018-04-11,46.2506217956543
2018-04-12,45.727745056152344
2018-04-13,51.57442855834961
2018-04-16,50.386077880859375
2018-04-17,49.29279327392578
2018-04-18,49.38786697387695
2018-04-19,48.484718322753906
2018-04-20,49.53046798706055
2018-04-23,49.00759506225586
2018-04-24,48.484718322753906
2018-04-25,47.62910461425781
2018-04-26,46.91609573364258
2018-04-27,46.72595977783203
2018-04-30,45.25240707397461
2018-05-02,44.064056396484375
2018-05-03,42.87569808959961
2018-05-04,44.82460021972656
2018-05-07,44.34925842285156
2018-05-08,43.493648529052734
2018-05-09,43.63624572753906
2018-05-10,43.73131561279297
2018-05-11,43.113372802734375
2018-05-14,42.16269302368164
2018-05-15,42.54296112060547
2018-05-16,42.11516189575195
2018-05-17,41.16447448730469
2018-05-18,40.45146560668945
2018-05-21,39.405723571777344
2018-05-22,39.2155876159668
2018-05-23,39.405723571777344
2018-05-24,42.73310089111328
2018-05-25,39.50078582763672
2018-05-28,40.11872482299805
2018-05-29,40.35639953613281
2018-05-30,39.59585189819336
2018-05-31,40.8792724609375
2018-06-01,39.26311111450195
2018-06-04,37.599422454833984
2018-06-05,36.03080368041992
2018-06-06,35.03258514404297
2018-06-07,36.83887481689453
2018-06-08,38.16983413696289
2018-06-11,38.12229537963867
2018-06-12,37.45682144165039
2018-06-13,37.17161560058594
2018-06-14,36.60121154785156
2018-06-15,36.506141662597656
2018-06-18,36.3635368347168
2018-06-19,36.41107177734375
2018-06-20,36.3635368347168
2018-06-21,36.79134750366211
2018-06-22,36.60121154785156
2018-06-25,36.83887481689453
2018-06-26,35.84066390991211
2018-06-27,33.98683547973633
2018-06-28,33.46396255493164
2018-06-29,33.844234466552734
2018-07-02,34.224510192871094
2018-07-03,34.03437042236328
2018-07-04,33.79669952392578
2018-07-05,33.368896484375
2018-07-06,33.749168395996094
2018-07-09,34.03437042236328
2018-07-10,34.74738311767578
2018-07-11,34.46217727661133
2018-07-12,35.08012008666992
2018-07-13,33.98683547973633
2018-07-16,33.368896484375
2018-07-17,33.749168395996094
2018-07-18,33.17876052856445
2018-07-19,32.893550872802734
2018-07-20,32.70341873168945
2018-07-23,33.65410232543945
2018-07-24,35.7455940246582
2018-07-25,37.12408447265625
2018-07-26,36.93394470214844
2018-07-27,37.93216323852539
2018-07-30,37.40928649902344
2018-07-31,39.64339065551758
2018-08-01,40.21379470825195
2018-08-02,40.11872482299805
2018-08-03,41.40214920043945
2018-08-06,43.44611358642578
2018-08-07,43.018306732177734
2018-08-08,46.868560791015625
2018-08-09,44.96719741821289
2018-08-10,44.729530334472656
2018-08-13,45.39500427246094
2018-08-14,44.11158752441406
2018-08-16,43.160911560058594
2018-08-17,43.44611358642578
2018-08-20,42.59049987792969
2018-08-21,41.92502212524414
2018-08-23,46.29815673828125
2018-08-24,44.064056396484375
2018-08-27,44.064056396484375
2018-08-28,44.82460021972656
2018-08-29,46.8210334777832
2018-08-30,46.773494720458984
2018-08-31,46.8210334777832
2018-09-03,45.727745056152344
2018-09-04,44.96719741821289
2018-09-05,45.014732360839844
2018-09-06,45.34747314453125
2018-09-07,45.8703498840332
2018-09-10,47.785606384277344
2018-09-11,47.019500732421875
2018-09-12,47.21102523803711
2018-09-14,48.31229782104492
2018-09-17,46.827972412109375
2018-09-18,46.54068374633789
2018-09-19,46.34916305541992
2018-09-21,44.67331314086914
2018-09-24,41.9919548034668
2018-09-25,42.32712936401367
2018-09-26,44.43391036987305
2018-09-27,42.949581146240234
2018-09-28,40.65127944946289
2018-10-01,40.07670211791992
2018-10-03,40.603397369384766
2018-10-04,40.02882385253906
2018-10-05,38.73602294921875
2018-10-08,38.30509567260742
2018-10-09,37.87416076660156
2018-10-10,40.31610870361328
2018-10-11,38.25720977783203
2018-10-12,39.78941345214844
2018-10-15,40.69915771484375
2018-10-16,41.9919548034668
2018-10-17,41.273738861083984
2018-10-19,40.268226623535156
2018-10-22,40.12458038330078
2018-10-23,38.0656852722168
2018-10-24,38.113563537597656
2018-10-25,37.4432258605957
2018-10-26,37.92203903198242
2018-10-29,38.87966537475586
2018-10-30,39.69365310668945
2018-10-31,40.9864501953125
2018-11-01,41.273738861083984
2018-11-02,41.5610237121582
2018-11-05,41.225852966308594
2018-11-06,41.03432846069336
2018-11-07,41.70466995239258
2018-11-09,41.03432846069336
2018-11-12,42.422889709472656
2018-11-13,43.476280212402344
2018-11-14,42.805938720703125
2018-11-15,42.710174560546875
2018-11-16,41.70466995239258
2018-11-19,44.52967071533203
2018-11-20,42.662296295166016
2018-11-21,44.33814239501953
2018-11-22,43.7156867980957
2018-11-26,41.9919548034668
2018-11-27,41.70466995239258
2018-11-28,41.46525955200195
2018-11-29,41.17797088623047
2018-11-30,40.9864501953125
2018-12-03,41.082210540771484
2018-12-04,40.55551528930664
2018-12-05,40.268226623535156
2018-12-06,40.842803955078125
2018-12-07,40.9864501953125
2018-12-10,40.02882385253906
2018-12-11,41.17797088623047
2018-12-12,41.70466995239258
2018-12-13,41.5610237121582
2018-12-14,41.13009262084961
2018-12-17,40.938568115234375
2018-12-18,41.13009262084961
2018-12-19,41.46525955200195
2018-12-20,41.369503021240234
2018-12-21,40.603397369384766
2018-12-24,39.83729553222656
2018-12-26,40.02882385253906
2018-12-27,40.12458038330078
2018-12-28,40.41187286376953
2018-12-31,40.41187286376953
2019-01-01,42.37500762939453
2019-01-02,42.1834831237793
2019-01-03,41.60890579223633
2019-01-04,40.459754943847656
2019-01-07,40.842803955078125
2019-01-08,40.69915771484375
2019-01-09,40.268226623535156
2019-01-10,40.17246627807617
2019-01-11,40.07670211791992
2019-01-14,40.07670211791992
2019-01-15,40.07670211791992
2019-01-16,39.98094177246094
2019-01-17,39.74153137207031
2019-01-18,39.93305587768555
2019-01-21,39.550010681152344
2019-01-22,38.97542953491211
2019-01-23,39.214839935302734
2019-01-24,38.0656852722168
2019-01-25,37.395347595214844
2019-01-28,35.336448669433594
2019-01-29,36.19831085205078
2019-01-30,36.389835357666016
2019-01-31,35.48008728027344
2019-02-01,36.389835357666016
2019-02-04,35.86314392089844
2019-02-05,35.71949768066406
2019-02-06,35.049156188964844
2019-02-07,35.52796936035156
2019-02-08,34.378822326660156
2019-02-11,31.984752655029297
2019-02-12,31.55381965637207
2019-02-14,32.36780548095703
2019-02-15,31.936866760253906
2019-02-18,32.128395080566406
2019-02-19,32.559326171875
2019-02-20,33.46907424926758
2019-02-21,33.08602523803711
2019-02-22,33.181785583496094
2019-02-25,34.378822326660156
2019-02-26,33.61271667480469
2019-02-27,33.37330627441406
2019-02-28,35.00127410888672
2019-03-01,36.19831085205078
2019-03-05,38.16144561767578
2019-03-06,38.831787109375
2019-03-07,37.77839660644531
2019-03-08,36.772891998291016
2019-03-11,37.68263244628906
2019-03-12,37.68263244628906
2019-03-13,37.395347595214844
2019-03-14,37.299583435058594
2019-03-15,37.10805892944336
2019-03-18,37.10805892944336
2019-03-19,38.01780319213867
2019-03-20,36.916526794433594
2019-03-22,36.916526794433594
2019-03-25,35.62373352050781
2019-03-26,37.10805892944336
2019-03-27,35.48008728027344
2019-03-28,36.868648529052734
2019-04-01,38.4487419128418
2019-04-02,37.82627868652344
2019-04-03,37.53899383544922
2019-04-04,36.868648529052734
2019-04-05,37.4432258605957
2019-04-08,36.916526794433594
2019-04-09,36.820770263671875
2019-04-10,36.389835357666016
2019-04-11,36.29407501220703
2019-04-12,36.485599517822266
2019-04-15,36.6771240234375
2019-04-16,37.10805892944336
2019-04-18,36.62924575805664
2019-04-22,35.81526184082031
2019-04-23,36.389835357666016
2019-04-24,36.389835357666016
2019-04-25,36.820770263671875
2019-04-26,36.29407501220703
2019-04-30,35.52796936035156
2019-05-02,36.6771240234375
2019-05-03,36.00678634643555
2019-05-06,35.71949768066406
2019-05-07,35.432212829589844
2019-05-08,33.99576950073242
2019-05-09,33.46907424926758
2019-05-10,33.22966766357422
2019-05-13,32.70297622680664
2019-05-14,32.607208251953125
2019-05-15,32.415679931640625
2019-05-16,30.93136215209961
2019-05-17,32.08051300048828
2019-05-20,34.80975341796875
2019-05-21,33.46907424926758
2019-05-22,34.761863708496094
2019-05-23,35.71949768066406
2019-05-24,38.01780319213867
2019-05-27,39.93305587768555
2019-05-28,39.262718200683594
2019-05-29,40.31610870361328
2019-05-30,40.41187286376953
2019-05-31,38.87966537475586
2019-06-03,37.96992492675781
2019-06-04,38.20933151245117
2019-06-06,36.6771240234375
2019-06-07,36.246192932128906
2019-06-10,36.19831085205078
2019-06-11,35.57585525512695
2019-06-12,35.14492416381836
2019-06-13,35.00127410888672
2019-06-14,34.570343017578125
2019-06-17,33.46907424926758
2019-06-18,34.378822326660156
2019-06-19,33.32543182373047
2019-06-20,34.04365158081055
2019-06-21,33.70848083496094
2019-06-24,34.330936431884766
2019-06-25,34.66611099243164
2019-06-26,35.336448669433594
2019-06-27,35.48008728027344
2019-06-28,35.48008728027344
2019-07-01,35.57585525512695
2019-07-02,35.19280242919922
2019-07-03,37.20381546020508
2019-07-04,37.060176849365234
2019-07-05,35.71949768066406
2019-07-08,34.570343017578125
2019-07-09,35.00127410888672
2019-07-10,34.42670440673828
2019-07-11,34.80975341796875
2019-07-12,35.14492416381836
2019-07-15,34.570343017578125
2019-07-16,34.42670440673828
2019-07-17,34.42670440673828
2019-07-18,34.474586486816406
2019-07-19,33.90000534057617
2019-07-22,33.37330627441406
2019-07-23,34.42670440673828
2019-07-24,34.42670440673828
2019-07-25,33.61271667480469
2019-07-26,33.66059875488281
2019-07-29,33.70848083496094
2019-07-30,32.65509033203125
2019-07-31,32.36780548095703
2019-08-01,31.936866760253906
2019-08-02,32.128395080566406
2019-08-05,30.883480072021484
2019-08-06,31.601699829101562
2019-08-07,31.793228149414062
2019-08-08,33.277549743652344
2019-08-09,34.61822509765625
2019-08-13,33.08602523803711
2019-08-14,32.84661865234375
2019-08-16,31.936866760253906
2019-08-19,33.37330627441406
2019-08-20,32.70297622680664
2019-08-21,31.55381965637207
2019-08-22,30.404666900634766
2019-08-23,30.117380142211914
2019-08-26,30.69195556640625
2019-08-27,31.601699829101562
2019-08-28,31.31441307067871
2019-08-29,32.607208251953125
2019-08-30,32.31991958618164
2019-09-03,31.745342254638672
2019-09-04,31.64958381652832
2019-09-05,31.984752655029297
2019-09-06,32.22416305541992
2019-09-09,32.84661865234375
2019-09-11,34.283050537109375
2019-09-12,34.13941192626953
2019-09-13,35.38433074951172
2019-09-16,35.097042083740234
2019-09-17,34.091529846191406
2019-09-18,34.283050537109375
2019-09-19,33.61271667480469
2019-09-20,35.86314392089844
2019-09-23,35.958900451660156
2019-09-24,35.958900451660156
2019-09-25,36.1025505065918
2019-09-26,38.30509567260742
2019-09-27,39.02330780029297
2019-09-30,38.35297393798828
2019-10-01,36.29407501220703
2019-10-03,36.05466842651367
2019-10-04,36.916526794433594
2019-10-07,36.581363677978516
2019-10-09,37.251705169677734
2019-10-10,36.485599517822266
2019-10-11,36.62924575805664
2019-10-14,36.437713623046875
2019-10-15,36.437713623046875
2019-10-16,36.246192932128906
2019-10-17,36.341957092285156
2019-10-18,36.533485412597656
2019-10-22,35.86314392089844
2019-10-23,35.48008728027344
2019-10-24,35.336448669433594
2019-10-25,34.61822509765625
2019-10-27,35.432212829589844
2019-10-29,35.19280242919922
2019-10-30,36.00678634643555
2019-10-31,36.725006103515625
2019-11-01,36.1025505065918
2019-11-04,35.76737976074219
2019-11-05,37.34746170043945
2019-11-06,36.820770263671875
2019-11-07,37.395347595214844
2019-11-08,35.52796936035156
2019-11-11,35.097042083740234
2019-11-13,34.857635498046875
2019-11-14,34.378822326660156
2019-11-15,34.13941192626953
2019-11-18,33.08602523803711
2019-11-19,32.607208251953125
2019-11-20,33.42119216918945
2019-11-21,32.559326171875
2019-11-22,31.697460174560547
2019-11-25,32.31991958618164
2019-11-26,32.36780548095703
2019-11-27,32.894493103027344
2019-11-28,32.65509033203125
2019-11-29,32.128395080566406
2019-12-02,32.08051300048828
2019-12-03,31.936866760253906
2019-12-04,31.505937576293945
2019-12-05,31.31441307067871
2019-12-06,31.17076873779297
2019-12-09,30.9792423248291
2019-12-10,30.73983383178711
2019-12-11,30.883480072021484
2019-12-12,30.73983383178711
2019-12-13,30.404666900634766
2019-12-16,30.644073486328125
2019-12-17,30.548311233520508
2019-12-18,30.548311233520508
2019-12-19,30.93136215209961
2019-12-20,31.410175323486328
2019-12-23,30.883480072021484
2019-12-24,30.883480072021484
2019-12-26,30.93136215209961
2019-12-27,31.07500648498535
2019-12-30,31.697460174560547
2019-12-31,33.70848083496094
2020-01-01,34.283050537109375
2020-01-02,34.04365158081055
2020-01-03,33.564842224121094
2020-01-06,31.410175323486328
2020-01-07,31.793228149414062
2020-01-08,31.31441307067871
2020-01-09,31.984752655029297
2020-01-10,32.84661865234375
2020-01-13,34.378822326660156
2020-01-14,34.5224609375
2020-01-15,34.5224609375
2020-01-16,34.04365158081055
2020-01-17,33.564842224121094
2020-01-20,32.894493103027344
2020-01-21,32.798736572265625
2020-01-22,32.08051300048828
2020-01-23,32.27204132080078
2020-01-24,34.953399658203125
2020-01-27,34.61822509765625
2020-01-28,34.474586486816406
2020-01-29,33.66059875488281
2020-01-30,33.22966766357422
2020-01-31,33.42119216918945
2020-02-03,32.99026107788086
2020-02-04,33.32543182373047
2020-02-05,33.42119216918945
2020-02-06,32.84661865234375
2020-02-07,32.70297622680664
2020-02-10,32.415679931640625
2020-02-11,32.607208251953125
2020-02-12,33.03813934326172
2020-02-13,33.85211944580078
2020-02-14,33.32543182373047
2020-02-17,32.08051300048828
2020-02-18,31.55381965637207
2020-02-19,31.505937576293945
2020-02-20,32.99026107788086
2020-02-24,32.415679931640625
2020-02-25,32.08051300048828
2020-02-26,32.08051300048828
2020-02-27,31.410175323486328
2020-02-28,29.877973556518555
2020-03-02,29.830089569091797
2020-03-03,29.782209396362305
2020-03-04,28.968225479125977
2020-03-05,29.49492073059082
2020-03-06,28.393646240234375
2020-03-09,26.526277542114258
2020-03-11,25.712291717529297
2020-03-12,21.690258026123047
2020-03-13,23.126699447631836
2020-03-16,21.977548599243164
2020-03-17,23.509750366210938
2020-03-18,22.073307037353516
2020-03-19,21.876665115356445
2020-03-20,22.220792770385742
2020-03-23,19.56609535217285
2020-03-24,19.811899185180664
2020-03-25,19.664417266845703
2020-03-26,21.385053634643555
2020-03-27,22.76156234741211
2020-03-30,23.89226722717285
2020-03-31,25.121294021606445
2020-04-01,24.138072967529297
2020-04-03,24.039752960205078
2020-04-07,27.03857421875
2020-04-08,25.760387420654297
2020-04-09,26.153675079345703
2020-04-13,25.760387420654297
2020-04-15,27.382701873779297
2020-04-16,26.35032081604004
2020-04-17,28.267601013183594
2020-04-20,32.593772888183594
2020-04-21,29.69327163696289
2020-04-22,29.15250015258789
2020-04-23,29.25082015991211
2020-04-24,27.726829528808594
2020-04-27,28.267601013183594
2020-04-28,28.56256675720215
2020-04-29,28.80837059020996
2020-04-30,28.56256675720215
2020-05-04,27.48102378845215
2020-05-05,26.989412307739258
2020-05-06,26.596126556396484
2020-05-07,26.94025230407715
2020-05-08,26.251996994018555
2020-05-11,26.35032081604004
2020-05-12,25.760387420654297
2020-05-13,25.760387420654297
2020-05-14,25.36709976196289
2020-05-15,25.662063598632812
2020-05-18,24.728004455566406
2020-05-19,24.43303871154785
2020-05-20,24.48219871520996
2020-05-21,25.121294021606445
2020-05-22,25.36709976196289
2020-05-26,25.022974014282227
2020-05-27,25.170454025268555
2020-05-28,25.662063598632812
2020-05-29,25.711225509643555
2020-06-01,26.44864273071289
2020-06-02,27.03857421875
2020-06-03,28.365922927856445
2020-06-04,27.825151443481445
2020-06-05,29.005016326904297
2020-06-08,31.21726417541504
2020-06-09,28.906694412231445
2020-06-10,28.660888671875
2020-06-11,27.628507614135742
2020-06-12,27.579345703125
2020-06-15,29.64410972595215
2020-06-16,31.020618438720703
2020-06-17,29.64410972595215
2020-06-18,29.939077377319336
2020-06-19,30.774812698364258
2020-06-22,32.495452880859375
2020-06-23,33.47867202758789
2020-06-24,31.708873748779297
2020-06-25,30.823974609375
2020-06-26,31.758033752441406
2020-06-29,33.8719596862793
2020-06-30,31.85635757446289
2020-07-01,31.954681396484375
2020-07-02,31.954681396484375
2020-07-03,31.708873748779297
2020-07-06,32.6429328918457
2020-07-07,31.659711837768555
2020-07-08,31.708873748779297
2020-07-09,31.463069915771484
2020-07-10,31.758033752441406
2020-07-13,32.88874053955078
2020-07-14,31.31558609008789
2020-07-15,31.26642417907715
2020-07-16,30.479846954345703
2020-07-17,30.823974609375
2020-07-20,31.31558609008789
2020-07-21,30.578168869018555
2020-07-22,30.037397384643555
2020-07-23,30.037397384643555
2020-07-24,30.72565269470215
2020-07-27,29.79159164428711
2020-07-28,29.840755462646484
2020-07-29,29.398303985595703
2020-07-30,28.660888671875
2020-07-31,28.1201171875
2020-08-03,28.51340675354004
2020-08-04,29.59494972229004
2020-08-05,30.332365036010742
2020-08-06,30.72565269470215
2020-08-07,30.430686950683594
2020-08-10,30.283203125
2020-08-11,32.003841400146484
2020-08-12,33.380348205566406
2020-08-13,32.2496452331543
2020-08-14,30.332365036010742
2020-08-17,30.774812698364258
2020-08-18,30.873136520385742
2020-08-19,31.36474609375
2020-08-20,31.21726417541504
2020-08-21,31.21726417541504
2020-08-24,31.020618438720703
2020-08-25,30.72565269470215
2020-08-26,32.347965240478516
2020-08-27,32.69209671020508
2020-08-28,32.1021614074707
2020-08-31,30.430686950683594
2020-09-01,29.840755462646484
2020-09-02,30.037397384643555
2020-09-03,30.529006958007812
2020-09-04,29.59494972229004
2020-09-07,29.10334014892578
2020-09-08,29.29998016357422
2020-09-09,28.857534408569336
2020-09-10,28.759212493896484
2020-09-11,28.80837059020996
2020-09-14,29.15250015258789
2020-09-15,28.80837059020996
2020-09-16,29.20166015625
2020-09-17,28.857534408569336
2020-09-18,28.61172866821289
2020-09-21,27.775991439819336
2020-09-22,26.841928482055664
2020-09-23,26.153675079345703
2020-09-24,25.760387420654297
2020-09-25,27.97263526916504
2020-09-28,28.61172866821289
2020-09-29,28.1201171875
2020-09-30,27.775991439819336
2020-10-01,28.02179527282715
2020-10-05,27.628507614135742
2020-10-06,27.628507614135742
2020-10-07,27.726829528808594
2020-10-08,27.48102378845215
2020-10-09,27.13689613342285
2020-10-12,26.94025230407715
2020-10-13,26.596126556396484
2020-10-14,26.94025230407715
2020-10-15,27.13689613342285
2020-10-16,27.628507614135742
2020-10-19,27.284379959106445
2020-10-20,27.382701873779297
2020-10-21,27.53018569946289
2020-10-22,27.382701873779297
2020-10-23,27.48102378845215
2020-10-26,27.186058044433594
2020-10-27,26.989412307739258
2020-10-28,26.645286560058594
2020-10-29,26.891090393066406
2020-10-30,27.923473358154297
2020-11-02,27.48102378845215
2020-11-03,27.235218048095703
2020-11-04,27.53018569946289
2020-11-05,28.070955276489258
2020-11-06,29.398303985595703
2020-11-09,29.496625900268555
2020-11-10,29.64410972595215
2020-11-11,30.72565269470215
2020-11-12,30.18488311767578
2020-11-13,30.332365036010742
2020-11-14,30.430686950683594
2020-11-17,30.72565269470215
2020-11-18,31.020618438720703
2020-11-19,32.053001403808594
2020-11-20,31.905517578125
2020-11-23,31.168102264404297
2020-11-24,31.21726417541504
2020-11-25,31.610551834106445
2020-11-26,31.561389923095703
2020-11-27,31.561389923095703
2020-12-01,32.39712905883789
2020-12-02,32.15132141113281
2020-12-03,32.2496452331543
2020-12-04,35.740074157714844
2020-12-07,34.46189498901367
2020-12-08,35.641761779785156
2020-12-09,35.39595413208008
2020-12-10,34.9535026550293
2020-12-11,35.34679412841797
2020-12-14,35.34679412841797
2020-12-15,34.609375
2020-12-16,36.182525634765625
2020-12-17,35.789241790771484
2020-12-18,38.984710693359375
2020-12-21,35.789241790771484
2020-12-22,39.23051834106445
2020-12-23,39.476322174072266
2020-12-24,37.16574478149414
2020-12-28,39.328834533691406
2020-12-29,38.5914192199707
2020-12-30,39.77128601074219
2020-12-31,39.52547836303711
2021-01-01,39.377994537353516
2021-01-04,39.1321907043457
2021-01-05,40.26289749145508
2021-01-06,40.21373748779297
2021-01-07,40.066253662109375
2021-01-08,40.951148986816406
2021-01-11,39.18135070800781
2021-01-12,39.23051834106445
2021-01-13,38.34561538696289
2021-01-14,39.18135070800781
2021-01-15,37.90316390991211
2021-01-18,36.280853271484375
2021-01-19,37.01826858520508
2021-01-20,37.75568389892578
2021-01-21,36.91994094848633
2021-01-22,36.91994094848633
2021-01-25,36.231685638427734
2021-01-27,36.772464752197266
2021-01-28,36.47749328613281
2021-01-29,36.0350456237793
2021-02-01,36.91994094848633
2021-02-02,36.870784759521484
2021-02-03,36.772464752197266
2021-02-04,37.214908599853516
2021-02-05,36.231685638427734
2021-02-08,36.08420944213867
2021-02-09,36.47749328613281
2021-02-10,36.57582092285156
2021-02-11,38.29645538330078
2021-02-12,37.60820007324219
2021-02-15,36.47749328613281
2021-02-16,36.330013275146484
2021-02-17,35.98588180541992
2021-02-18,36.0350456237793
2021-02-19,36.231685638427734
2021-02-22,35.59259796142578
2021-02-23,35.690914154052734
2021-02-24,35.88756561279297
2021-02-25,36.42832946777344
2021-02-26,35.838401794433594
2021-03-01,36.723297119140625
2021-03-02,36.330013275146484
2021-03-03,37.50988006591797
2021-03-04,37.60820007324219
2021-03-05,37.26407241821289
2021-03-08,36.870784759521484
2021-03-09,36.47749328613281
2021-03-10,37.90316390991211
2021-03-12,37.1165885925293
2021-03-15,36.870784759521484
2021-03-16,37.75568389892578
2021-03-17,37.26407241821289
2021-03-18,36.182525634765625
2021-03-19,35.00265884399414
2021-03-22,35.44511413574219
2021-03-23,35.54343795776367
2021-03-24,34.609375
2021-03-25,33.380348205566406
2021-03-26,33.92112350463867
2021-03-30,34.166927337646484
2021-03-31,34.56021499633789
2021-04-01,34.8060188293457
2021-04-05,34.9535026550293
2021-04-06,34.8060188293457
2021-04-07,36.231685638427734
2021-04-08,36.96910095214844
2021-04-09,36.674137115478516
2021-04-12,34.609375
2021-04-13,36.0350456237793
2021-04-15,35.44511413574219
2021-04-16,35.44511413574219
2021-04-19,34.56021499633789
2021-04-20,35.150150299072266
2021-04-22,35.39595413208008
2021-04-23,35.690914154052734
2021-04-26,35.49427032470703
2021-04-27,36.52665710449219
2021-04-28,36.96910095214844
2021-04-29,38.05065155029297
2021-04-30,37.55904006958008
2021-05-03,38.73890686035156
2021-05-04,37.16574478149414
2021-05-05,37.55904006958008
2021-05-06,39.033870697021484
2021-05-07,39.033870697021484
2021-05-10,46.06389617919922
2021-05-11,46.01473617553711
2021-05-12,46.11306381225586
2021-05-14,46.21138381958008
2021-05-17,48.079505920410156
2021-05-18,56.092750549316406
2021-05-19,53.68385696411133
2021-05-20,64.2043228149414
2021-05-21,61.746273040771484
2021-05-28,62.582008361816406
2021-05-31,63.02445983886719
2021-06-01,58.354156494140625
2021-06-02,59.68151092529297
2021-06-03,61.50046920776367
2021-06-04,60.86137390136719
2021-06-07,62.237884521484375
2021-06-08,64.892578125
2021-06-09,61.598793029785156
2021-06-10,64.00768280029297
2021-06-14,65.8266372680664
2021-06-15,66.12159729003906
2021-06-16,65.23670196533203
2021-06-17,63.122779846191406
2021-06-18,60.959693908691406
2021-06-21,62.48368835449219
2021-06-22,61.89375686645508
2021-06-23,61.00885772705078
2021-06-24,62.336204528808594
2021-06-25,61.4513053894043
2021-06-28,62.28704071044922
2021-06-29,59.38654327392578
2021-06-30,59.14073944091797
2021-07-01,58.452484130859375
2021-07-02,57.960872650146484
2021-07-05,58.845767974853516
2021-07-06,60.36976623535156
2021-07-07,60.713890075683594
2021-07-08,60.81221008300781
2021-07-09,60.27144241333008
2021-07-12,63.17194366455078
2021-07-13,64.69593048095703
2021-07-14,63.51606750488281
2021-07-15,63.46691131591797
2021-07-16,64.05684661865234
2021-07-19,66.46573638916016
2021-07-20,65.13838195800781
2021-07-22,65.53166961669922
2021-07-23,63.95852279663086
2021-07-26,62.876976013183594
2021-07-27,61.89375686645508
2021-07-28,61.795433044433594
2021-07-29,63.122779846191406
2021-07-30,65.38419342041016
2021-08-02,65.48251342773438
2021-08-03,66.31824493408203
2021-08-04,64.79425811767578
2021-08-05,62.68033218383789
2021-08-06,65.13838195800781
2021-08-09,62.827816009521484
2021-08-10,59.2882194519043
2021-08-11,57.56758117675781
2021-08-12,60.123958587646484
2021-08-13,58.89493179321289
2021-08-16,57.61674118041992
2021-08-17,56.141910552978516
2021-08-18,53.43805694580078
2021-08-20,52.01238250732422
2021-08-23,48.62027359008789
2021-08-24,52.061546325683594
2021-08-25,52.40567398071289
2021-08-26,51.86490249633789
2021-08-27,52.55315399169922
2021-08-30,52.50399398803711
2021-08-31,52.94644546508789
2021-09-01,53.04476547241211
2021-09-02,52.94644546508789
2021-09-03,52.70064163208008
2021-09-06,52.89728546142578
2021-09-07,52.2581901550293
2021-09-08,53.78218078613281
2021-09-09,53.634700775146484
2021-09-13,52.89728546142578
2021-09-14,53.093929290771484
2021-09-15,63.71271514892578
2021-09-16,59.2882194519043
2021-09-17,56.5843620300293
2021-09-20,55.65030288696289
2021-09-21,55.65030288696289
2021-09-22,56.879329681396484
2021-09-23,59.2882194519043
2021-09-24,58.30500030517578
2021-09-27,58.50164031982422
2021-09-28,56.928489685058594
2021-09-29,57.56758117675781
2021-09-30,60.173118591308594
2021-10-01,59.97647476196289
2021-10-04,59.77983093261719
2021-10-05,59.23905944824219
2021-10-06,60.27144241333008
2021-10-07,60.86137390136719
2021-10-08,60.51724624633789
2021-10-11,59.632347106933594
2021-10-12,61.89375686645508
2021-10-13,62.28704071044922
2021-10-14,61.3038215637207
2021-10-18,61.64794921875
2021-10-19,60.32059860229492
2021-10-20,61.746273040771484
2021-10-21,58.550804138183594
2021-10-22,57.420101165771484
2021-10-25,55.94527053833008
2021-10-26,56.879329681396484
2021-10-27,59.14073944091797
2021-10-28,58.354156494140625
2021-10-29,57.56758117675781
2021-11-01,57.1251335144043
2021-11-02,57.56758117675781
2021-11-03,57.420101165771484
2021-11-04,58.7474479675293
2021-11-08,59.042415618896484
2021-11-09,60.615570068359375
2021-11-10,61.697113037109375
2021-11-11,64.99090576171875
2021-11-12,63.36858367919922
2021-11-15,60.418922424316406
2021-11-16,60.959693908691406
2021-11-17,59.87815475463867
2021-11-18,59.23905944824219
2021-11-22,56.53520202636719
2021-11-23,59.14073944091797
2021-11-24,59.38654327392578
2021-11-25,60.173118591308594
2021-11-26,57.960872650146484
2021-11-29,56.5843620300293
2021-11-30,57.1251335144043
2021-12-01,57.469261169433594
2021-12-02,57.420101165771484
2021-12-03,57.764225006103516
2021-12-06,57.420101165771484
2021-12-07,61.205501556396484
2021-12-08,60.56640625
2021-12-09,60.713890075683594
2021-12-10,62.090396881103516
2021-12-13,62.13956069946289
2021-12-14,61.254661560058594
2021-12-15,61.40214538574219
2021-12-16,60.123958587646484
2021-12-17,57.960872650146484
2021-12-20,54.716243743896484
2021-12-21,55.99443054199219
2021-12-22,56.83016586303711
2021-12-23,56.928489685058594
2021-12-24,54.91288375854492
2021-12-27,56.141910552978516
2021-12-28,58.7474479675293
2021-12-29,58.59996032714844
2021-12-30,61.3038215637207
2021-12-31,62.3853645324707
2022-01-03,61.058013916015625
2022-01-04,59.632347106933594
2022-01-05,59.38654327392578
2022-01-06,61.058013916015625
2022-01-07,73.24996185302734
2022-01-10,87.89995574951172
2022-01-11,80.42747497558594
2022-01-12,81.656494140625
2022-01-13,89.81723022460938
2022-01-14,95.17578887939453
2022-01-17,100.82930755615234
2022-01-18,93.70095825195312
2022-01-19,98.8136978149414
2022-01-20,97.83047485351562
2022-01-21,93.75011444091797
2022-01-24,88.53904724121094
2022-01-25,93.11101531982422
2022-01-27,90.3580093383789
2022-01-28,95.71656036376953
2022-01-31,89.96471405029297
2022-02-01,90.40715789794922
2022-02-02,89.37478637695312
2022-02-03,89.0798110961914
2022-02-04,86.67092895507812
2022-02-07,83.57376861572266
2022-02-08,82.00062561035156
2022-02-09,84.11454772949219
2022-02-10,87.16253662109375
2022-02-11,83.81958770751953
2022-02-14,75.46220397949219
2022-02-15,77.7236099243164
2022-02-16,78.2643814086914
2022-02-17,76.59291076660156
2022-02-18,75.90464782714844
2022-02-21,72.85665893554688
2022-02-22,68.2846908569336
2022-02-23,73.83988189697266
2022-02-24,66.46573638916016
2022-02-25,69.12042999267578
2022-02-28,70.00531768798828
2022-03-02,70.64441680908203
2022-03-03,70.79190826416016
2022-03-04,70.39861297607422
2022-03-07,68.62882232666016
2022-03-08,70.3494644165039
2022-03-09,71.13603210449219
2022-03-10,72.21757507324219
2022-03-11,74.67562866210938
2022-03-14,72.21757507324219
2022-03-15,70.98854064941406
2022-03-16,71.57848358154297
2022-03-17,73.64324951171875
2022-03-21,76.39625549316406
2022-03-22,75.31471252441406
2022-03-23,75.21640014648438
2022-03-24,75.36387634277344
2022-03-25,77.42864227294922
2022-03-28,74.28234100341797
2022-03-29,71.67680358886719
2022-03-30,73.83988189697266
2022-03-31,72.6108627319336
2022-04-01,79.83753204345703
2022-04-04,83.22965240478516
2022-04-05,84.31118774414062
2022-04-06,86.03182220458984
2022-04-07,88.39156341552734
2022-04-08,87.064208984375
2022-04-11,91.68534851074219
2022-04-12,88.78485107421875
2022-04-13,87.9982681274414
2022-04-18,85.0486068725586
2022-04-19,88.145751953125
2022-04-20,84.26203155517578
2022-04-21,87.11337280273438
2022-04-22,87.26084899902344
2022-04-25,84.95028686523438
2022-04-26,85.68770599365234
2022-04-27,83.62294006347656
2022-04-28,81.60733795166016
2022-04-29,79.6408920288086
2022-05-02,81.656494140625
2022-05-04,78.5593490600586
2022-05-05,90.1613540649414
2022-05-06,89.57142639160156
2022-05-09,85.8351821899414
2022-05-10,82.14810943603516
2022-05-11,79.05095672607422
2022-05-12,76.78954315185547
2022-05-13,78.21521759033203
2022-05-16,80.27998352050781
2022-05-17,82.8855209350586
2022-05-18,83.86874389648438
2022-05-19,82.0497817993164
2022-05-20,82.68887329101562
2022-05-23,83.9670639038086
2022-05-24,81.70565032958984
2022-05-25,76.78954315185547
2022-05-26,75.80632781982422
2022-05-27,76.24878692626953
2022-05-30,78.06774139404297
2022-05-31,78.90348052978516
2022-06-01,78.411865234375
2022-06-02,78.75598907470703
2022-06-03,76.98619842529297
2022-06-06,77.77276611328125
2022-06-07,77.42864227294922
2022-06-08,77.52696990966797
2022-06-09,76.88787078857422
2022-06-10,75.7080078125
2022-06-13,72.36505126953125
2022-06-14,71.62763977050781
2022-06-15,71.82428741455078
2022-06-16,67.7439193725586
2022-06-17,67.49810791015625
2022-06-20,60.81221008300781
2022-06-21,63.46691131591797
2022-06-22,62.63117218017578
2022-06-23,64.25347900390625
2022-06-24,66.46573638916016
2022-06-27,67.3998031616211
2022-06-28,68.677978515625
2022-06-29,68.18636322021484
2022-06-30,67.44895935058594
2022-07-01,67.15398406982422
2022-07-04,66.85902404785156
2022-07-05,68.53048706054688
2022-07-06,69.80868530273438
2022-07-07,70.00531768798828
2022-07-08,70.00531768798828
2022-07-11,71.57848358154297
2022-07-12,70.93938446044922
2022-07-13,70.05448913574219
2022-07-14,69.80868530273438
2022-07-15,70.74274444580078
2022-07-18,71.43099212646484
2022-07-19,74.4789810180664
2022-07-20,73.15164184570312
2022-07-21,74.33148956298828
2022-07-22,80.47662353515625
2022-07-25,92.57024383544922
2022-07-26,89.47309875488281
2022-07-27,90.308837890625
2022-07-28,87.01504516601562
2022-07-29,88.58820343017578
2022-08-01,101.96000671386719
2022-08-02,97.92879486083984
2022-08-03,96.4048080444336
2022-08-04,96.06067657470703
2022-08-05,106.28617858886719
2022-08-08,109.28500366210938
2022-08-10,106.53197479248047
2022-08-11,103.87728881835938
2022-08-12,103.87728881835938
2022-08-16,106.43366241455078
2022-08-17,107.8101806640625
2022-08-18,103.23818969726562
2022-08-19,100.53433990478516
2022-08-22,105.5979232788086
2022-08-23,106.9252700805664
2022-08-24,113.1687240600586
2022-08-25,110.16990661621094
2022-08-26,104.81134796142578
2022-08-29,106.43366241455078
2022-08-30,107.8101806640625
2022-09-01,107.02359008789062
2022-09-02,104.36890411376953
2022-09-05,104.36890411376953
2022-09-06,103.38568115234375
2022-09-07,102.89407348632812
2022-09-08,103.68063354492188
2022-09-09,101.8125228881836
2022-09-12,108.30178833007812
2022-09-13,106.33534240722656
2022-09-14,108.69507598876953
2022-09-15,107.613525390625
2022-09-16,105.450439453125
2022-09-19,105.05714416503906
2022-09-20,105.84373474121094
2022-09-21,102.99239349365234
2022-09-22,105.49959564208984
2022-09-23,103.92645263671875
2022-09-26,94.88081359863281
2022-09-27,95.27410125732422
2022-09-28,92.81605529785156
2022-09-29,94.73333740234375
2022-09-30,96.10984802246094
2022-10-03,93.9467544555664
2022-10-04,96.10984802246094
2022-10-06,96.9455795288086
2022-10-07,98.71537017822266
2022-10-10,97.4863510131836
2022-10-11,96.01152038574219
2022-10-12,95.22494506835938
2022-10-13,94.34004211425781
2022-10-14,92.91437530517578
2022-10-17,92.52108001708984
2022-10-18,91.93115234375
2022-10-19,90.94792938232422
2022-10-20,89.71890258789062
2022-10-21,88.98149108886719
2022-10-24,90.01387786865234
2022-10-25,88.145751953125
2022-10-27,86.76924133300781
2022-10-28,86.72007751464844
2022-10-31,87.4574966430664
2022-11-01,89.0798110961914
2022-11-02,87.50666046142578
2022-11-03,86.91673278808594
2022-11-04,89.86639404296875
2022-11-07,90.89876556396484
2022-11-09,92.66857147216797
2022-11-10,90.55463409423828
2022-11-11,93.79927062988281
2022-11-14,91.14456939697266
2022-11-15,96.45396423339844
2022-11-16,93.30766296386719
2022-11-17,92.81605529785156
2022-11-18,91.48870849609375
2022-11-21,88.34239959716797
2022-11-22,89.76807403564453
2022-11-23,89.42393493652344
2022-11-24,90.75128936767578
2022-11-25,91.14456939697266
2022-11-28,91.68534851074219
2022-11-29,91.63618469238281
2022-11-30,91.68534851074219
2022-12-01,91.63618469238281
2022-12-02,93.30766296386719
2022-12-05,93.553466796875
2022-12-06,92.22612762451172
2022-12-07,97.19139099121094
2022-12-08,97.63384246826172
2022-12-09,95.0282974243164
2022-12-12,94.43836212158203
2022-12-13,96.60145568847656
2022-12-14,95.17578887939453
2022-12-15,94.29088592529297
2022-12-16,92.71773529052734
2022-12-19,91.88198852539062
2022-12-20,93.30766296386719
2022-12-21,88.58820343017578
2022-12-22,85.49105834960938
2022-12-23,80.32914733886719
2022-12-26,85.39273071289062
2022-12-27,86.76924133300781
2022-12-28,88.09659576416016
2022-12-29,89.57142639160156
2022-12-30,89.52226257324219
2023-01-02,91.34122467041016
2023-01-03,91.83283996582031
2023-01-04,89.91554260253906
2023-01-05,89.32561492919922
2023-01-06,88.53904724121094
2023-01-09,89.0798110961914
2023-01-10,89.66973876953125
2023-01-11,90.50548553466797
2023-01-12,87.89995574951172
2023-01-13,89.27645874023438
2023-01-16,88.44071197509766
2023-01-17,87.50666046142578
2023-01-18,88.34239959716797
2023-01-19,88.04743194580078
2023-01-20,88.39156341552734
2023-01-23,87.35917663574219
2023-01-24,87.31002044677734
2023-01-25,83.72126007080078
2023-01-27,77.47781372070312
2023-01-30,76.83871459960938
2023-01-31,79.14928436279297
2023-02-01,77.57613372802734
2023-02-02,78.4610366821289
2023-02-03,76.69123077392578
2023-02-06,76.54374694824219
2023-02-07,75.11808013916016
2023-02-08,75.65884399414062
2023-02-09,76.05213928222656
2023-02-10,75.26556396484375
2023-02-13,75.26556396484375
2023-02-14,73.98737335205078
2023-02-15,74.28234100341797
2023-02-16,72.41421508789062
2023-02-17,70.84107208251953
2023-02-20,68.8746337890625
2023-02-21,69.02210235595703
2023-02-22,67.3998031616211
2023-02-23,67.98971557617188
2023-02-24,67.15398406982422
2023-02-27,66.02328491210938
2023-02-28,66.17076873779297
2023-03-01,68.8746337890625
2023-03-02,68.77629852294922
2023-03-03,69.66120147705078
2023-03-06,70.79190826416016
2023-03-08,70.20197296142578
2023-03-09,71.5293197631836
2023-03-10,68.53048706054688
2023-03-13,67.15398406982422
2023-03-14,66.26908874511719
2023-03-15,65.8266372680664
2023-03-16,64.5484619140625
2023-03-17,65.8266372680664
2023-03-20,64.25347900390625
2023-03-21,65.0892105102539
2023-03-22,66.95734405517578
2023-03-23,67.64559936523438
2023-03-24,65.53166961669922
2023-03-27,63.122779846191406
2023-03-28,63.6143913269043
2023-03-29,64.7450942993164
2023-03-31,73.05331420898438
2023-04-03,77.28115844726562
2023-04-05,76.88787078857422
2023-04-06,78.31354522705078
2023-04-10,79.49341583251953
2023-04-11,82.49223327636719
2023-04-12,81.60733795166016
2023-04-13,81.45984649658203
2023-04-17,80.62411499023438
2023-04-18,81.11572265625
2023-04-19,80.86991882324219
2023-04-20,82.39391326904297
2023-04-21,82.39391326904297
2023-04-24,82.98384857177734
2023-04-25,82.29558563232422
2023-04-26,78.70683288574219
2023-04-27,81.36153411865234
2023-04-28,82.14810943603516
2023-05-02,83.03300476074219
2023-05-03,83.52461242675781
2023-05-04,83.77041625976562
2023-05-05,83.57376861572266
2023-05-08,82.93467712402344
2023-05-09,81.06655883789062
2023-05-10,81.36153411865234
2023-05-11,81.85314178466797
2023-05-12,84.11454772949219
2023-05-15,80.86991882324219
2023-05-16,80.82075500488281
2023-05-17,82.39391326904297
2023-05-18,81.60733795166016
2023-05-19,82.14810943603516
2023-05-22,82.5905532836914
2023-05-23,86.27763366699219
2023-05-24,90.308837890625
2023-05-25,96.20816802978516
2023-05-26,91.83283996582031
2023-05-29,91.98031616210938
2023-05-30,89.52226257324219
2023-05-31,90.7021255493164
2023-06-01,91.09541320800781
2023-06-02,88.93232727050781
2023-06-05,91.29206085205078
2023-06-06,96.89641571044922
2023-06-07,95.17578887939453
2023-06-08,93.11101531982422
2023-06-09,95.0282974243164
2023-06-12,94.635009765625
2023-06-13,95.27410125732422
2023-06-14,98.8136978149414
2023-06-15,96.60145568847656
2023-06-16,95.3232650756836
2023-06-19,95.22494506835938
2023-06-20,97.09306335449219
2023-06-21,99.55111694335938
2023-06-22,95.27410125732422
2023-06-23,91.48870849609375
2023-06-26,89.0798110961914
2023-06-27,92.02947235107422
2023-06-28,91.83283996582031
2023-06-30,92.71773529052734
2023-07-03,92.42276763916016
2023-07-04,91.63618469238281
2023-07-05,92.22612762451172
2023-07-06,91.88198852539062
2023-07-07,91.14456939697266
2023-07-10,91.88198852539062
2023-07-11,91.7836685180664
2023-07-12,92.12779235839844
2023-07-13,91.68534851074219
2023-07-14,94.7824935913086
2023-07-17,97.97796630859375
2023-07-18,97.68299865722656
2023-07-19,98.51873016357422
2023-07-20,99.60028839111328
2023-07-21,99.40363311767578
2023-07-24,104.36890411376953
2023-07-25,109.57996368408203
2023-07-26,115.0243148803711
2023-07-27,120.1222152709961
2023-07-28,117.74649810791016
2023-07-31,115.42027282714844
2023-08-01,113.1435546875
2023-08-02,110.91631317138672
2023-08-03,108.68907165527344
2023-08-04,106.51133728027344
2023-08-07,106.90728759765625
2023-08-08,109.03553009033203
2023-08-09,111.21327209472656
2023-08-10,113.39102172851562
2023-08-11,114.92533111572266
2023-08-14,114.82633972167969
2023-08-16,114.82633972167969
2023-08-17,113.4900131225586
2023-08-18,111.21327209472656
2023-08-21,108.98603820800781
2023-08-22,109.18401336669922
2023-08-23,109.18401336669922
2023-08-24,111.36175537109375
2023-08-25,113.5889892578125
2023-08-28,115.81623077392578
2023-08-29,115.37078094482422
2023-08-30,113.5889892578125
2023-08-31,114.38089752197266
2023-09-01,113.83645629882812
2023-09-04,119.52828216552734
2023-09-05,125.46757507324219
2023-09-06,131.70384216308594
2023-09-07,126.80392456054688
2023-09-08,122.9433822631836
2023-09-11,123.58680725097656
2023-09-12,117.9444808959961
2023-09-13,120.56766510009766
2023-09-14,124.4281997680664
2023-09-15,123.04237365722656
2023-09-18,124.08174133300781
2023-09-20,123.09186553955078
2023-09-21,124.4281997680664
2023-09-22,127.44733428955078
2023-09-25,131.25840759277344
2023-09-26,128.8331756591797
2023-09-27,128.23924255371094
2023-09-28,126.11100769042969
2023-09-29,132.09979248046875
2023-10-03,138.68251037597656
2023-10-04,145.6116943359375
2023-10-05,152.88731384277344
2023-10-06,156.05494689941406
2023-10-09,152.9368133544922
2023-10-10,149.91766357421875
2023-10-11,146.94802856445312
2023-10-12,144.1763458251953
2023-10-13,141.30569458007812
2023-10-16,138.48452758789062
2023-10-17,141.20669555664062
2023-10-18,138.3855438232422
2023-10-19,136.30679321289062
2023-10-20,133.58460998535156
2023-10-23,130.91192626953125
2023-10-25,130.6644744873047
2023-10-26,133.2381591796875
2023-10-27,135.86134338378906
2023-10-30,138.5340118408203
2023-10-31,141.25621032714844
2023-11-01,144.07737731933594
2023-11-02,146.94802856445312
2023-11-03,149.86817932128906
2023-11-06,152.83782958984375
2023-11-07,155.85696411132812
2023-11-08,157.24281311035156
2023-11-09,160.36093139648438
2023-11-10,162.3406982421875
2023-11-13,162.24169921875
2023-11-15,158.97509765625
2023-11-16,161.4003143310547
2023-11-17,169.4678497314453
2023-11-20,165.31033325195312
2023-11-21,167.09213256835938
2023-11-22,168.62646484375
2023-11-23,176.89195251464844
2023-11-24,180.6535186767578
2023-11-28,176.54551696777344
2023-11-29,181.94036865234375
2023-11-30,181.74240112304688
2023-12-01,174.66473388671875
2023-12-04,175.06068420410156
2023-12-05,169.8638153076172
2023-12-06,165.35984802246094
2023-12-07,177.23843383789062
2023-12-08,180.9504852294922
2023-12-11,187.5826873779297
2023-12-12,184.4150848388672
2023-12-13,181.14846801757812
2023-12-14,178.32730102539062
2023-12-15,177.0404510498047
2023-12-18,176.84246826171875
2023-12-19,177.535400390625
2023-12-20,163.1326141357422
2023-12-21,168.77493286132812
2023-12-22,187.533203125
2023-12-26,187.0382537841797
2023-12-27,184.1676025390625
2023-12-28,177.535400390625
2023-12-29,174.41725158691406
2024-01-01,174.71421813964844
2024-01-02,169.26986694335938
2024-01-03,177.4364013671875
2024-01-04,173.9223175048828
2024-01-05,173.47686767578125
2024-01-08,173.17990112304688
2024-01-09,173.42738342285156
2024-01-10,173.27890014648438
2024-01-11,175.9515838623047
2024-01-12,176.3475341796875
2024-01-15,174.86270141601562
2024-01-16,163.87501525878906
2024-01-17,167.98301696777344
2024-01-18,167.63658142089844
2024-01-19,169.1213836669922
2024-01-23,165.4588165283203
2024-01-24,165.2113494873047
2024-01-25,173.82334899902344
2024-01-29,167.4880828857422
2024-01-30,168.23049926757812
2024-01-31,167.29010009765625
2024-02-01,164.36996459960938
2024-02-02,161.84576416015625
2024-02-05,156.0054473876953
2024-02-06,153.67922973632812
2024-02-07,159.2720489501953
2024-02-08,158.38116455078125
2024-02-09,154.76809692382812
2024-02-12,148.1358642578125
2024-02-13,147.6409454345703
2024-02-14,153.7287139892578
2024-02-15,152.3923797607422
2024-02-16,152.83782958984375
2024-02-19,153.38226318359375
2024-02-20,156.50039672851562
2024-02-21,152.0954132080078
2024-02-22,147.7894287109375
2024-02-23,153.53074645996094
2024-02-26,148.1358642578125
2024-02-27,147.6409454345703
2024-02-28,143.87939453125
2024-02-29,147.98739624023438
2024-03-01,147.6409454345703
2024-03-04,142.93899536132812
2024-03-05,143.78041076660156
2024-03-06,155.85696411132812
2024-03-07,147.19549560546875
2024-03-11,143.2359619140625
2024-03-12,143.13697814941406
2024-03-13,135.71286010742188
2024-03-14,146.89852905273438
2024-03-15,149.57122802734375
2024-03-18,149.17526245117188
2024-03-19,143.13697814941406
2024-03-20,144.3248291015625
2024-03-21,143.2359619140625
2024-03-22,143.58242797851562
2024-03-26,141.5531768798828
2024-03-27,141.5531768798828
2024-03-28,142.24609375
2024-04-01,142.93899536132812
2024-04-02,151.10552978515625
2024-04-03,153.38226318359375
2024-04-04,152.6398468017578
2024-04-05,151.94692993164062
2024-04-08,151.8479461669922
2024-04-09,151.89743041992188
2024-04-10,153.77821350097656
2024-04-12,151.99642944335938
2024-04-15,151.2045135498047
2024-04-16,149.62069702148438
2024-04-18,150.3631134033203
2024-04-19,149.22474670410156
2024-04-22,153.1842803955078
2024-04-23,150.16514587402344
2024-04-24,158.97509765625
2024-04-25,155.36203002929688
2024-04-26,161.20233154296875
2024-04-29,170.90316772460938
2024-04-30,170.0122833251953
2024-05-02,167.53758239746094
2024-05-03,168.428466796875
2024-05-06,172.53648376464844
2024-05-07,169.02239990234375
2024-05-08,166.6961669921875
2024-05-09,159.71751403808594
2024-05-10,160.80636596679688
2024-05-13,161.20233154296875
2024-05-14,173.5263671875
2024-05-15,183.12823486328125
2024-05-16,186.1968536376953
2024-05-17,185.75140380859375
2024-05-21,180.35655212402344
2024-05-22,177.535400390625
2024-05-23,174.81321716308594
2024-05-24,171.54660034179688
2024-05-27,168.08201599121094
2024-05-28,163.528564453125
2024-05-29,169.4183349609375
2024-05-30,175.0111846923828
2024-05-31,172.3879852294922
2024-06-03,174.5657501220703
2024-06-04,157.24281311035156
2024-06-05,168.03253173828125
2024-06-06,171.39810180664062
2024-06-07,173.9223175048828
2024-06-10,179.90121459960938
2024-06-11,178.9608154296875
2024-06-12,178.52528381347656
2024-06-13,179.386474609375
2024-06-14,187.6222686767578
2024-06-18,188.3647003173828
2024-06-19,183.49447631835938
2024-06-20,185.89988708496094
2024-06-21,211.60714721679688
2024-06-24,218.14035034179688
2024-06-25,208.7760772705078
2024-06-26,220.1201171875
2024-06-27,220.89222717285156
2024-06-28,218.53631591796875
2024-07-01,218.17996215820312
2024-07-02,213.9234619140625
2024-07-03,225.4951934814453
2024-07-04,225.12892150878906
2024-07-05,222.44635009765625
2024-07-08,221.48617553710938
2024-07-09,226.70285034179688
2024-07-10,217.7740936279297
2024-07-11,219.11045837402344
2024-07-12,217.37826538085938
2024-07-15,215.62619018554688
2024-07-16,214.5609893798828
2024-07-18,208.11013793945312
2024-07-19,215.29766845703125
2024-07-22,209.7427520751953
2024-07-23,217.78643798828125
2024-07-24,221.6688995361328
2024-07-25,217.4180908203125
2024-07-26,256.4119873046875
2024-07-29,276.65057373046875
2024-07-30,276.18267822265625
2024-07-31,270.7969970703125
2024-08-01,263.85833740234375
2024-08-02,286.456298828125
2024-08-05,274.7093505859375
2024-08-06,263.1117248535156
2024-08-07,293.8230285644531
2024-08-08,299.74627685546875
2024-08-12,313.0362854003906
2024-08-13,294.56964111328125
2024-08-14,291.8818054199219
2024-08-16,295.1669616699219
2024-08-19,328.516357421875
2024-08-20,322.29443359375
2024-08-21,325.13165283203125
2024-08-22,333.7925109863281
2024-08-26,320.65185546875
2024-08-27,328.6656799316406
2024-08-28,322.5433349609375
2024-08-29,314.3304138183594
2024-08-30,315.0770568847656
2024-09-02,317.06805419921875
2024-09-03,313.78289794921875
2024-09-04,325.72894287109375
2024-09-05,320.5025634765625
2024-09-06,316.4209899902344
2024-09-09,313.5340270996094
2024-09-10,311.09503173828125
2024-09-11,306.0677490234375
2024-09-12,302.9816589355469
2024-09-13,307.2125549316406
2024-09-16,301.339111328125
2024-09-17,294.0718994140625
2024-09-18,290.189453125
2024-09-19,302.6830139160156
2024-09-20,300.2937927246094
2024-09-23,297.7054748535156
2024-09-24,299.34808349609375
2024-09-25,309.1537780761719
2024-09-26,301.4386291503906
2024-09-27,295.3162841796875
2024-09-30,298.40234375
2024-10-01,291.93157958984375
2024-10-03,283.46978759765625
2024-10-04,275.40618896484375
2024-10-07,264.2565612792969
2024-10-08,269.5824890136719
2024-10-09,272.86767578125
2024-10-10,267.8403625488281
2024-10-11,263.80859375
2024-10-14,265.3018493652344
2024-10-15,263.6094665527344
2024-10-16,276.7501220703125
2024-10-17,290.587646484375
2024-10-18,305.0722351074219
2024-10-21,311.3439025878906
2024-10-22,305.12200927734375
2024-10-23,299.0494079589844
2024-10-24,293.0763854980469
2024-10-25,287.252685546875
2024-10-28,281.5285339355469
2024-10-29,275.9039611816406
2024-10-30,270.37890625
2024-10-31,265.0032043457031
2024-11-01,261.9171447753906
2024-11-04,256.69073486328125
2024-11-05,251.56387329101562
2024-11-06,246.5365753173828
2024-11-07,241.6088409423828
2024-11-08,246.43704223632812
2024-11-11,241.50929260253906
2024-11-12,236.68109130859375
2024-11-13,231.95245361328125
2024-11-14,227.3233642578125
2024-11-18,222.7938232421875
2024-11-19,222.7938232421875
2024-11-21,218.36383056640625
2024-11-22,222.4951629638672
2024-11-25,226.92515563964844
2024-11-26,228.766845703125
2024-11-27,224.18751525878906
2024-11-28,227.97042846679688
2024-11-29,232.49998474121094
2024-12-02,244.1175079345703
2024-12-03,256.3223876953125
2024-12-04,269.134521484375
2024-12-05,256.00384521484375
2024-12-06,260.75238037109375
2024-12-09,250.6380615234375
2024-12-10,246.4270782470703
2024-12-11,243.55006408691406
2024-12-12,254.8689422607422
2024-12-13,253.36573791503906
2024-12-16,245.66055297851562
2024-12-17,243.78900146484375
2024-12-18,243.19168090820312
2024-12-19,239.05039978027344
2024-12-20,235.95437622070312
2024-12-23,228.74693298339844
2024-12-24,227.33331298828125
2024-12-26,226.93511962890625
2024-12-27,229.56324768066406
2024-12-30,234.50094604492188
2024-12-31,234.42129516601562
2025-01-01,235.7453155517578
2025-01-02,247.53208923339844
2025-01-03,259.8564147949219
2025-01-06,246.8551483154297
2025-01-07,249.0054473876953
2025-01-08,244.36639404296875
2025-01-09,239.48841857910156
2025-01-10,234.22219848632812
2025-01-13,223.34133911132812
2025-01-14,231.08636474609375
2025-01-15,228.51795959472656
2025-01-16,225.8002471923828
2025-01-17,224.8943328857422
2025-01-20,230.718017578125
2025-01-21,238.20420837402344
2025-01-22,228.2193145751953
2025-01-23,207.84133911132812
2025-01-24,200.6438446044922
2025-01-27,188.040771484375
2025-01-28,184.51669311523438
2025-01-29,192.81918334960938
2025-01-30,192.44088745117188
2025-01-31,202.87376403808594
2025-02-01,201.4402618408203
2025-02-03,196.612060546875
2025-02-04,195.87538146972656
2025-02-05,194.53146362304688
2025-02-06,189.3050537109375
2025-02-07,182.83428955078125
2025-02-10,176.14450073242188
2025-02-11,167.6627960205078
2025-02-12,170.37057495117188
2025-02-13,172.74981689453125
2025-02-14,169.6239471435547
2025-02-17,169.84295654296875
2025-02-18,166.91616821289062
2025-02-19,179.50930786132812
2025-02-20,182.6750030517578
2025-02-21,182.56549072265625
2025-02-24,178.8323516845703
2025-02-25,178.76268005371094
2025-02-27,171.04751586914062
2025-02-28,171.29640197753906
2025-03-03,171.51539611816406
2025-03-04,176.77166748046875
2025-03-05,183.80987548828125
2025-03-06,206.68655395507812
2025-03-07,203.41134643554688
2025-03-10,203.35162353515625
2025-03-11,194.6708221435547
2025-03-12,194.65090942382812
2025-03-13,192.78932189941406
2025-03-17,186.33843994140625
2025-03-18,186.33843994140625
2025-03-19,200.24563598632812
2025-03-20,200.20582580566406
2025-03-21,203.2620086669922
2025-03-24,203.2819366455078
2025-03-25,201.35064697265625
2025-03-26,194.28257751464844
2025-03-27,191.5548858642578
2025-03-28,190.18109130859375
2025-04-01,205.8802032470703
2025-04-02,206.38790893554688
2025-04-03,206.4177703857422
2025-04-04,197.37860107421875
2025-04-07,189.15573120117188
2025-04-08,190.2707061767578
2025-04-09,189.46434020996094
2025-04-11,194.27261352539062
2025-04-15,203.71995544433594
2025-04-16,205.31277465820312
2025-04-17,217.398193359375
2025-04-21,217.63710021972656
2025-04-22,228.04013061523438
2025-04-23,226.45726013183594
2025-04-24,229.76234436035156
2025-04-25,217.77647399902344
2025-04-28,218.73216247558594
2025-04-29,221.39015197753906
2025-04-30,209.57351684570312
2025-05-02,207.06484985351562
2025-05-05,216.62168884277344
2025-05-06,211.08668518066406
2025-05-07,214.14288330078125
2025-05-08,208.159912109375
2025-05-09,213.97364807128906
2025-05-12,225.83010864257812
2025-05-13,220.2751922607422
2025-05-14,219.67788696289062
2025-05-15,223.01283264160156
2025-05-16,221.09149169921875
2025-05-19,239.51829528808594
2025-05-20,235.07833862304688
2025-05-21,234.25205993652344
2025-05-22,241.16085815429688
2025-05-23,242.00704956054688
2025-05-26,235.69554138183594
2025-05-27,232.6891326904297
2025-05-28,229.67276000976562
2025-05-29,228.35867309570312
2025-05-30,224.8246307373047
2025-06-02,221.350341796875
2025-06-03,219.02084350585938
2025-06-04,216.5818634033203
2025-06-05,228.27903747558594
2025-06-06,226.31790161132812
2025-06-09,227.1441650390625
2025-06-10,223.04269409179688
2025-06-11,233.4158477783203
2025-06-12,227.1143035888672
2025-06-13,223.6798095703125
2025-06-16,237.6566925048828
2025-06-17,235.9245147705078
2025-06-18,231.9325408935547
2025-06-19,224.27711486816406
2025-06-20,222.992919921875
2025-06-23,221.90782165527344
2025-06-24,227.24371337890625
2025-06-25,230.56869506835938
2025-06-26,229.25462341308594
2025-06-27,228.3288116455078
2025-06-30,230.2401885986328
2025-07-01,230.897216796875
2025-07-02,227.04461669921875
2025-07-03,224.48617553710938
2025-07-04,227.59213256835938
2025-07-07,222.6245880126953
2025-07-08,222.16664123535156
2025-07-09,219.7575225830078
2025-07-10,226.58668518066406
2025-07-11,222.65444946289062
2025-07-14,222.41552734375
2025-07-15,223.91873168945312
2025-07-16,258.5821838378906
2025-07-17,253.86349487304688
2025-07-18,263.7986145019531
2025-07-21,257.3576965332031
2025-07-22,273.0468444824219
2025-07-23,276.7799987792969
2025-07-24,270.3299865722656
2025-07-25,268.55999755859375
2025-07-28,239.47000122070312
2025-07-29,253.3000030517578
2025-07-30,244.85000610351562
2025-07-31,234.47000122070312
2025-08-01,235.64999389648438
2025-08-04,244.3300018310547
2025-08-05,236.14999389648438
2025-08-06,232.72999572753906
2025-08-07,234.0399932861328
2025-08-08,231.85000610351562
2025-08-11,231.92999267578125
2025-08-12,230.77999877929688
2025-08-13,230.02000427246094
2025-08-14,228.64999389648438
2025-08-18,227.39999389648438
2025-08-19,240.8000030517578
2025-08-20,237.39999389648438
2025-08-21,232.3300018310547
2025-08-22,234.36000061035156
2025-08-25,233.55999755859375
2025-08-26,228.91000366210938
2025-08-28,230.57000732421875
2025-08-29,230.8699951171875
2025-09-01,231.97999572753906
2025-09-02,232.55999755859375
2025-09-03,232.50999450683594
2025-09-04,233.27000427246094
2025-09-05,231.41000366210938
2025-09-08,230.02000427246094
2025-09-09,227.02000427246094
2025-09-10,226.66000366210938
2025-09-11,227.3699951171875
2025-09-12,226.5800018310547
2025-09-15,225.27000427246094
2025-09-16,225.6699981689453
2025-09-17,227.3699951171875
2025-09-18,230.3300018310547
2025-09-19,230.50999450683594
2025-09-22,228.35000610351562
2025-09-23,226.24000549316406
2025-09-24,227.74000549316406
2025-09-25,225.33999633789062
2025-09-26,220.77999877929688
2025-09-29,210.44000244140625
2025-09-30,207.16000366210938
2025-10-01,213.99000549316406
2025-10-03,217.1699981689453
2025-10-06,212.66000366210938
2025-10-07,210.75999450683594
2025-10-08,212.85000610351562
2025-10-09,209.77999877929688
2025-10-10,212.3300018310547
2025-10-13,211.9600067138672
2025-10-14,214.5
2025-10-15,215.9600067138672
2025-10-16,216.83999633789062
2025-10-17,214.57000732421875
2025-10-20,208.86000061035156
2025-10-21,212.27999877929688
2025-10-23,212.27000427246094
2025-10-24,210.50999450683594
2025-10-27,210.25999450683594
2025-10-28,209.3699951171875
2025-10-29,208.13999938964844
2025-10-30,207.74000549316406
2025-10-31,206.8300018310547
2025-11-03,217.7100067138672
2025-11-04,216.0500030517578
2025-11-06,208.30999755859375
2025-11-07,213.2100067138672
2025-11-10,203.3300018310547
2025-11-11,197.6999969482422
2025-11-12,199.25
2025-11-13,197.9499969482422
2025-11-14,193.6300048828125
2025-11-17,195.08999633789062
2025-11-18,195.10000610351562
2025-11-19,194.6699981689453
2025-11-20,190.86000061035156
2025-11-21,190.3699951171875
2025-11-24,185.16000366210938
2025-11-25,187.97999572753906
2025-11-26,195.6199951171875
2025-11-27,193.99000549316406
2025-11-28,191.33999633789062
2025-12-01,191.55999755859375
2025-12-02,189.4199981689453
2025-12-03,190.60000610351562
2025-12-04,189.9199981689453
2025-12-05,188.66000366210938
2025-12-08,185.5800018310547
2025-12-09,189.11000061035156
2025-12-10,188.36000061035156
2025-12-11,188.10000610351562
2025-12-12,190.5
2025-12-15,192.61000061035156
2025-12-16,195.9199981689453
2025-12-17,191.2100067138672
2025-12-18,191.2100067138672
2025-12-19,192.3300018310547
2025-12-22,194.52999877929688
2025-12-23,198.6699981689453
2025-12-24,197.85000610351562
2025-12-26,217.7100067138672
2025-12-29,220.67999267578125
2025-12-30,217.1999969482422
2025-12-31,212.77000427246094
2026-01-01,212.0800018310547
2026-01-02,214.3000030517578
2026-01-05,209.16000366210938
2026-01-06,205.17999267578125
2026-01-07,207.5399932861328
2026-01-08,201.00999450683594
2026-01-09,195.72000122070312
2026-01-12,192.8800048828125
2026-01-13,190.63999938964844
2026-01-14,190.47000122070312
2026-01-15,190.47000122070312
2026-01-16,186.11000061035156
2026-01-19,185.42999267578125
2026-01-20,176.89999389648438
2026-01-21,174.6199951171875
2026-01-22,180.07000732421875
2026-01-23,179.00999450683594
2026-01-27,168.75
2026-01-28,178.24000549316406
2026-01-29,173.77000427246094
2026-01-30,175.27999877929688
2026-02-02,168.86000061035156
2026-02-03,172.8800048828125
2026-02-04,170.58999633789062
2026-02-05,168.33999633789062
2026-02-06,171.02000427246094
2026-02-09,183.8699951171875
2026-02-10,181.72999572753906
2026-02-11,188.07000732421875
2026-02-12,187.22999572753906
2026-02-13,181.07000732421875
2026-02-16,183.05999755859375
2026-02-17,184.77000427246094
2026-02-18,181.9499969482422
2026-02-19,180.86000061035156
2026-02-20,178.75999450683594
2026-02-23,178.86000061035156
2026-02-24,175.6999969482422
2026-02-25,174.9199981689453
2026-02-26,176.35000610351562
2026-02-27,174.69000244140625
2026-03-02,170.17999267578125
2026-03-04,168.8800048828125
2026-03-05,167.42999267578125
2026-03-06,166.8699951171875
2026-03-09,163.77999877929688
2026-03-10,166.9199981689453
2026-03-11,166.61000061035156
2026-03-12,163.08999633789062
2026-03-13,157.25
2026-03-16,151.30999755859375
2026-03-17,153.1699981689453
2026-03-18,156.02999877929688
2026-03-19,149.88999938964844
2026-03-20,151.02000427246094
2026-03-23,143.0399932861328
2026-03-24,147.19000244140625
2026-03-25,151.6699981689453
2026-03-27,140.72000122070312
2026-03-30,133.13999938964844
2026-04-01,147.47999572753906
2026-04-02,149.89999389648438
2026-04-06,154.1300048828125
2026-04-07,154.6199951171875
2026-04-08,161.47999572753906
2026-04-09,159.3800048828125
2026-04-10,162.3699951171875
2026-04-13,160.38999938964844
2026-04-15,168.63999938964844
2026-04-16,181.88999938964844
2026-04-17,184.08999633789062
2026-04-20,177.22000122070312
2026-04-21,177.42999267578125
2026-04-22,178.3800048828125
2026-04-23,180.77000427246094
2026-04-24,175.60000610351562
2026-04-27,178.4499969482422
2026-04-28,178.3699951171875
2026-04-29,179.35000610351562
2026-04-30,176.88999938964844
2026-05-04,179.2100067138672
2026-05-05,180.25
2026-05-06,182.32000732421875
2026-05-07,184.1999969482422
2026-05-08,181.80999755859375
2026-05-11,179.97000122070312
2026-05-12,174.64999389648438
